{
"type": "FeatureCollection",
"name": "shadows_11am",
"crs": { "type": "name", "properties": { "name": "urn:ogc:def:crs:OGC:1.3:CRS84" } },
"features": [
{ "type": "Feature", "properties": { }, "geometry": { "type": "Polygon", "coordinates": [ [ [ 77.427456955190337, 23.236877547381496 ], [ 77.427521855190335, 23.236832647394497 ], [ 77.427662955190328, 23.236944547362093 ], [ 77.427755055190318, 23.236867147384512 ], [ 77.427866555190334, 23.236942447362701 ], [ 77.428012255190325, 23.236805447402375 ], [ 77.428085055190337, 23.236860847386328 ], [ 77.428256855190327, 23.236697747433563 ], [ 77.428196555190326, 23.23664864744779 ], [ 77.428284155190326, 23.236564947472029 ], [ 77.428211355190328, 23.236506447488971 ], [ 77.428188555190331, 23.236515847486245 ], [ 77.428027055190327, 23.236393547521665 ], [ 77.428111255190316, 23.236315147544367 ], [ 77.428261355190315, 23.236382047524998 ], [ 77.428345555190333, 23.2363036475477 ], [ 77.428224955190316, 23.236175047584947 ], [ 77.42827505519034, 23.236118547601311 ], [ 77.428100955190317, 23.235982647640668 ], [ 77.428000855190319, 23.236068347615848 ], [ 77.427947355190327, 23.236043247623119 ], [ 77.427710755190319, 23.236259747560425 ], [ 77.427684555190339, 23.236240847565895 ], [ 77.427584455190342, 23.236321447542551 ], [ 77.427616255190316, 23.23634754753499 ], [ 77.427362555190328, 23.236591147464434 ], [ 77.427403555190324, 23.236624547454774 ], [ 77.427299955190321, 23.236722847426297 ], [ 77.427304555190332, 23.236742747420536 ], [ 77.427456955190337, 23.236877547381496 ] ], [ [ 77.427824455190333, 23.236314047544688 ], [ 77.427924655190338, 23.236228347569508 ], [ 77.42804975519033, 23.236293147550743 ], [ 77.42793485519033, 23.236380947525312 ], [ 77.427824455190333, 23.236314047544688 ] ], [ [ 77.42781875519033, 23.23658794746537 ], [ 77.427930355190341, 23.236463547501394 ], [ 77.428075955190337, 23.236564947472029 ], [ 77.427941655190324, 23.236687347436575 ], [ 77.42781875519033, 23.23658794746537 ] ] ] } },
{ "type": "Feature", "properties": { }, "geometry": { "type": "Polygon", "coordinates": [ [ [ 77.426205855190332, 23.239211546705501 ], [ 77.426204155190334, 23.239154346722067 ], [ 77.42627585519034, 23.23905574675063 ], [ 77.426199955190327, 23.239009146764129 ], [ 77.426272355190335, 23.238958946778663 ], [ 77.426195455190324, 23.238857046808182 ], [ 77.426193255190341, 23.238780646830303 ], [ 77.426126155190317, 23.238782346829815 ], [ 77.426012555190326, 23.238707346851541 ], [ 77.425951455190329, 23.238785646828855 ], [ 77.425898455190321, 23.238715446849195 ], [ 77.425780055190316, 23.238790846827357 ], [ 77.425774055190331, 23.238791046827295 ], [ 77.425772755190337, 23.238746646840159 ], [ 77.425835255190322, 23.238660646865064 ], [ 77.425769055190329, 23.238619846876883 ], [ 77.425768455190337, 23.238600546882477 ], [ 77.425838855190321, 23.238555746895443 ], [ 77.425764255190316, 23.238456846924091 ], [ 77.425762255190335, 23.238387746944102 ], [ 77.425662955190319, 23.238390246943382 ], [ 77.425566755190317, 23.238326746961771 ], [ 77.42551435519033, 23.238393846942341 ], [ 77.425503455190338, 23.238394146942255 ], [ 77.425452655190341, 23.238326746961771 ], [ 77.425340555190317, 23.238398146941098 ], [ 77.425268655190337, 23.238399946940572 ], [ 77.425270655190317, 23.238470546920119 ], [ 77.425198155190316, 23.238570246891243 ], [ 77.425257355190325, 23.238606646880708 ], [ 77.425188855190342, 23.23867424686112 ], [ 77.425278855190342, 23.238751346838797 ], [ 77.425284055190318, 23.238928046787617 ], [ 77.425205855190327, 23.238929946787064 ], [ 77.425210455190339, 23.239088046741273 ], [ 77.42522225519032, 23.239087746741355 ], [ 77.425290355190327, 23.239146046724478 ], [ 77.425293755190324, 23.239259746691541 ], [ 77.425217455190335, 23.239357346663272 ], [ 77.425286155190321, 23.239402646650149 ], [ 77.425220955190341, 23.239467046631503 ], [ 77.425301755190318, 23.239536146611481 ], [ 77.425304755190339, 23.239638046581966 ], [ 77.42539005519032, 23.239635946582574 ], [ 77.425493055190316, 23.239699246564246 ], [ 77.425541755190338, 23.23963224658365 ], [ 77.425553955190324, 23.239631946583732 ], [ 77.42560715519032, 23.239702446563314 ], [ 77.425724555190328, 23.239627746584954 ], [ 77.425798355190338, 23.239625946585477 ], [ 77.425795555190319, 23.23952964661337 ], [ 77.425852855190328, 23.239450846636192 ], [ 77.425792155190337, 23.239413646646963 ], [ 77.425791355190341, 23.23938414665551 ], [ 77.425851055190336, 23.239346046666544 ], [ 77.425787755190328, 23.239262046690875 ], [ 77.425786855190339, 23.239230846699908 ], [ 77.425910755190316, 23.239296046681023 ], [ 77.425934755190326, 23.239257546692183 ], [ 77.425990855190335, 23.239258146692002 ], [ 77.426023155190336, 23.239300846679637 ], [ 77.426161655190327, 23.23921264670518 ], [ 77.426205855190332, 23.239211546705501 ] ], [ [ 77.42567145519034, 23.238744246840852 ], [ 77.425358455190334, 23.238750946838909 ], [ 77.425351455190338, 23.238473546919259 ], [ 77.425664455190329, 23.238466846921199 ], [ 77.42567145519034, 23.238744246840852 ] ], [ [ 77.426115155190317, 23.239126646730092 ], [ 77.425804355190323, 23.239128346729597 ], [ 77.425802555190316, 23.238862246806672 ], [ 77.426113455190318, 23.238860546807171 ], [ 77.426115155190317, 23.239126646730092 ] ], [ [ 77.425686755190341, 23.239210946705676 ], [ 77.425376055190327, 23.239212246705303 ], [ 77.42537425519032, 23.238844546811801 ], [ 77.42568495519032, 23.238843246812181 ], [ 77.425750155190343, 23.238924446788658 ], [ 77.425750155190343, 23.239155646721695 ], [ 77.425686755190341, 23.239210946705676 ] ], [ [ 77.425690955190319, 23.239524846614756 ], [ 77.42538485519033, 23.239531546612813 ], [ 77.425377855190334, 23.239260646691282 ], [ 77.425683955190323, 23.239253946693221 ], [ 77.425690955190319, 23.239524846614756 ] ] ] } },
{ "type": "Feature", "properties": { }, "geometry": { "type": "Polygon", "coordinates": [ [ [ 77.430370855190333, 23.24078414624999 ], [ 77.430111555190322, 23.240240246407538 ], [ 77.42999755519034, 23.240286146394244 ], [ 77.43005995519033, 23.240416946356358 ], [ 77.430017155190342, 23.240434146351376 ], [ 77.430000655190341, 23.24039944636143 ], [ 77.429778955190315, 23.240488746335558 ], [ 77.42975325519032, 23.240558546315341 ], [ 77.429783655190334, 23.240622346296863 ], [ 77.429804155190325, 23.24061414629924 ], [ 77.429817855190336, 23.240643046290867 ], [ 77.42974885519034, 23.240670846282814 ], [ 77.429844255190318, 23.240871146224801 ], [ 77.429798455190337, 23.240889546219467 ], [ 77.429848455190339, 23.240994346189108 ], [ 77.430370855190333, 23.24078414624999 ] ], [ [ 77.429914255190326, 23.240623446296546 ], [ 77.430119755190319, 23.240541346320327 ], [ 77.43020405519033, 23.240719346268765 ], [ 77.429998555190338, 23.240801546244946 ], [ 77.429914255190326, 23.240623446296546 ] ] ] } },
{ "type": "Feature", "properties": { }, "geometry": { "type": "Polygon", "coordinates": [ [ [ 77.428356755190322, 23.240112946444413 ], [ 77.428577955190335, 23.239782346540171 ], [ 77.428210655190341, 23.239574846600277 ], [ 77.427989455190342, 23.239905446504519 ], [ 77.428356755190322, 23.240112946444413 ] ], [ [ 77.428230855190321, 23.239818146529803 ], [ 77.428360255190327, 23.239891246508627 ], [ 77.428313955190333, 23.239960446488588 ], [ 77.428184555190327, 23.239887346509754 ], [ 77.428230855190321, 23.239818146529803 ] ] ] } },
{ "type": "Feature", "properties": { }, "geometry": { "type": "Polygon", "coordinates": [ [ [ 77.429572555190333, 23.240457746344543 ], [ 77.429691955190336, 23.240131546439024 ], [ 77.429338155190322, 23.240022346470653 ], [ 77.429218755190334, 23.240348446376196 ], [ 77.429572555190333, 23.240457746344543 ] ], [ [ 77.429392455190325, 23.240239646407709 ], [ 77.429346955190326, 23.240229146410755 ], [ 77.429356355190336, 23.240194646420743 ], [ 77.429401955190329, 23.240205146417708 ], [ 77.429405055190315, 23.240193946420948 ], [ 77.429518955190318, 23.240220346413313 ], [ 77.429514355190321, 23.24023714640844 ], [ 77.429557255190332, 23.240247146405544 ], [ 77.429546855190338, 23.240285046394565 ], [ 77.429503955190341, 23.240275046397461 ], [ 77.429485055190341, 23.24034354637762 ], [ 77.429371155190339, 23.240317146385266 ], [ 77.429392455190325, 23.240239646407709 ] ] ] } },
{ "type": "Feature", "properties": { }, "geometry": { "type": "Polygon", "coordinates": [ [ [ 77.427836255190343, 23.237155647300952 ], [ 77.42781085519033, 23.237130847308133 ], [ 77.427739655190337, 23.237192347290321 ], [ 77.427765055190335, 23.237217147283136 ], [ 77.427758055190338, 23.237376447237004 ], [ 77.427730555190323, 23.237400247230106 ], [ 77.427925455190334, 23.237590747174941 ], [ 77.427958455190321, 23.237562147183223 ], [ 77.427995555190321, 23.237598447172712 ], [ 77.428058655190341, 23.23760154717181 ], [ 77.428110155190325, 23.237557047184694 ], [ 77.428146555190338, 23.237592547174415 ], [ 77.428051855190319, 23.237674347150719 ], [ 77.428085655190316, 23.23770744714114 ], [ 77.428262655190323, 23.237554647185394 ], [ 77.428203455190342, 23.237496847202131 ], [ 77.428258255190343, 23.237449447215859 ], [ 77.427900755190336, 23.237099947317088 ], [ 77.427836255190343, 23.237155647300952 ] ], [ [ 77.427881455190317, 23.237225347280766 ], [ 77.427964955190333, 23.237295847260349 ], [ 77.427944655190316, 23.237316247254437 ], [ 77.427963555190317, 23.237332147249834 ], [ 77.427926755190327, 23.23736894723918 ], [ 77.427865355190335, 23.237317047254212 ], [ 77.427881455190317, 23.237225347280766 ] ], [ [ 77.428021955190331, 23.237364247240542 ], [ 77.428117155190336, 23.237446647216675 ], [ 77.428098555190331, 23.23746474721143 ], [ 77.427955655190331, 23.23746184721227 ], [ 77.427906855190329, 23.237419647224492 ], [ 77.42797715519032, 23.23735104724436 ], [ 77.428008055190318, 23.237377747236632 ], [ 77.428021955190331, 23.237364247240542 ] ] ] } },
{ "type": "Feature", "properties": { }, "geometry": { "type": "Polygon", "coordinates": [ [ [ 77.429395155190321, 23.238448046926639 ], [ 77.429405255190318, 23.238397446941299 ], [ 77.429450555190328, 23.238405046939096 ], [ 77.429485055190341, 23.238231146989463 ], [ 77.429434255190316, 23.238222646991925 ], [ 77.429449055190332, 23.238148047013524 ], [ 77.429054555190319, 23.238082047032648 ], [ 77.429040455190332, 23.238153147012049 ], [ 77.429011855190339, 23.238148347013446 ], [ 77.428976955190322, 23.23832414696253 ], [ 77.429024455190316, 23.238332046960231 ], [ 77.429014155190316, 23.238384246945117 ], [ 77.429395155190321, 23.238448046926639 ] ], [ [ 77.42910925519034, 23.238185247002754 ], [ 77.429310055190342, 23.238218846993021 ], [ 77.429284855190332, 23.238346046956185 ], [ 77.42908405519033, 23.238312446965917 ], [ 77.42910925519034, 23.238185247002754 ] ] ] } },
{ "type": "Feature", "properties": { }, "geometry": { "type": "Polygon", "coordinates": [ [ [ 77.426604955190342, 23.238424346933506 ], [ 77.426714155190325, 23.238430646931679 ], [ 77.427219355190331, 23.237951747070387 ], [ 77.426889355190326, 23.237644447159386 ], [ 77.426912155190337, 23.237623547165441 ], [ 77.426570355190321, 23.237333047249571 ], [ 77.426502255190329, 23.237401947229618 ], [ 77.426473555190341, 23.237377647236659 ], [ 77.426430155190317, 23.237421447223973 ], [ 77.426410455190336, 23.237404747228812 ], [ 77.426379155190332, 23.237436347219653 ], [ 77.426413655190316, 23.237465147211317 ], [ 77.426356255190328, 23.237523247194485 ], [ 77.42632175519033, 23.237494447202831 ], [ 77.426259955190332, 23.237556947184732 ], [ 77.426286955190335, 23.23757994717807 ], [ 77.426221255190342, 23.237646347158837 ], [ 77.426243455190317, 23.237665147153397 ], [ 77.426075055190339, 23.237835547104041 ], [ 77.425970055190334, 23.237849347100042 ], [ 77.426604955190342, 23.238424346933506 ] ], [ [ 77.426428955190318, 23.237918947079883 ], [ 77.426615355190336, 23.237739047131985 ], [ 77.426838355190341, 23.237934147075482 ], [ 77.426651955190323, 23.238114047023377 ], [ 77.426428955190318, 23.237918947079883 ] ] ] } },
{ "type": "Feature", "properties": { }, "geometry": { "type": "Polygon", "coordinates": [ [ [ 77.427757055190341, 23.239041646754703 ], [ 77.427777755190334, 23.239013646762817 ], [ 77.427811355190343, 23.239034646756746 ], [ 77.427790555190342, 23.239062546748659 ], [ 77.427872055190335, 23.239113646733855 ], [ 77.427896155190339, 23.239081046743294 ], [ 77.427936155190324, 23.239106146736031 ], [ 77.427972955190327, 23.23905664675037 ], [ 77.427997655190339, 23.23907214674588 ], [ 77.428032455190333, 23.239025046759519 ], [ 77.428007755190336, 23.239009646763982 ], [ 77.428035455190326, 23.238972346774787 ], [ 77.42790565519033, 23.238891046798329 ], [ 77.427887455190316, 23.238915646791202 ], [ 77.427853955190329, 23.238894646797284 ], [ 77.427872155190343, 23.238870046804415 ], [ 77.427766455190337, 23.23880384682359 ], [ 77.427643055190316, 23.238970246775391 ], [ 77.427757055190341, 23.239041646754703 ] ], [ [ 77.427862855190341, 23.239011546763429 ], [ 77.427898555190325, 23.238963446777365 ], [ 77.427945655190342, 23.238992946768818 ], [ 77.42790995519033, 23.239041046754885 ], [ 77.427862855190341, 23.239011546763429 ] ] ] } },
{ "type": "Feature", "properties": { }, "geometry": { "type": "Polygon", "coordinates": [ [ [ 77.426515155190316, 23.240649246289074 ], [ 77.426527955190338, 23.240629546294777 ], [ 77.426659155190322, 23.240701546273922 ], [ 77.426693555190326, 23.240648646289245 ], [ 77.426802355190333, 23.240708446271924 ], [ 77.426861955190319, 23.240616746298485 ], [ 77.426933755190333, 23.240656146287073 ], [ 77.427052655190323, 23.240473346340025 ], [ 77.426998655190317, 23.240443746348596 ], [ 77.426987855190333, 23.240460346343788 ], [ 77.426910855190329, 23.24041814635601 ], [ 77.426921655190341, 23.240401446360845 ], [ 77.426850255190317, 23.240362246372204 ], [ 77.42675595519033, 23.240507146330231 ], [ 77.426593255190326, 23.240417846356095 ], [ 77.426461855190325, 23.240619946297553 ], [ 77.426515155190316, 23.240649246289074 ] ], [ [ 77.426829355190335, 23.240538646321109 ], [ 77.426872055190316, 23.240472846340165 ], [ 77.426941355190337, 23.240510846329162 ], [ 77.42689855519032, 23.2405766463101 ], [ 77.426829355190335, 23.240538646321109 ] ], [ [ 77.426558455190317, 23.240579246309345 ], [ 77.426603555190326, 23.240509946329421 ], [ 77.426673755190322, 23.240548446318268 ], [ 77.426628655190328, 23.240617846298168 ], [ 77.426558455190317, 23.240579246309345 ] ] ] } },
{ "type": "Feature", "properties": { }, "geometry": { "type": "Polygon", "coordinates": [ [ [ 77.43059015519033, 23.239912946502344 ], [ 77.430611455190316, 23.239906446504225 ], [ 77.430632055190316, 23.239963646487659 ], [ 77.430713455190329, 23.239938846494841 ], [ 77.430692755190336, 23.239881646511414 ], [ 77.430744855190341, 23.239865746516017 ], [ 77.430593255190331, 23.239445446637756 ], [ 77.430609155190339, 23.239383846655599 ], [ 77.430517555190335, 23.239363846661391 ], [ 77.430506455190326, 23.239406846648933 ], [ 77.430392255190327, 23.239381946656149 ], [ 77.430535955190322, 23.239271246688215 ], [ 77.430432555190322, 23.239226246701246 ], [ 77.429383155190337, 23.23899734676754 ], [ 77.429254955190316, 23.239500046621934 ], [ 77.430056655190342, 23.239674846571308 ], [ 77.430083455190342, 23.239571246601319 ], [ 77.430212655190331, 23.23959944659315 ], [ 77.430249155190324, 23.239458346634017 ], [ 77.430441255190317, 23.23950024662188 ], [ 77.43059015519033, 23.239912946502344 ] ], [ [ 77.42956885519034, 23.239219746703125 ], [ 77.42968685519034, 23.239244346696001 ], [ 77.429650255190325, 23.239392546653072 ], [ 77.429532255190338, 23.239367846660233 ], [ 77.42956885519034, 23.239219746703125 ] ], [ [ 77.430012755190333, 23.239416946646006 ], [ 77.430040755190333, 23.239326346672247 ], [ 77.430130555190331, 23.239349746665468 ], [ 77.430102655190325, 23.239440346639228 ], [ 77.430012755190333, 23.239416946646006 ] ] ] } },
{ "type": "Feature", "properties": { }, "geometry": { "type": "Polygon", "coordinates": [ [ [ 77.428449655190335, 23.23167224888887 ], [ 77.42845195519034, 23.231718348875518 ], [ 77.428501555190323, 23.231716348876102 ], [ 77.428504155190325, 23.231768948860864 ], [ 77.428645755190331, 23.231763048862575 ], [ 77.428638755190335, 23.23161924890422 ], [ 77.428761955190325, 23.231614148905695 ], [ 77.428754055190339, 23.231454248951987 ], [ 77.428623455190333, 23.231459648950427 ], [ 77.428621155190328, 23.231413948963656 ], [ 77.428472255190329, 23.231420148961863 ], [ 77.428473455190328, 23.231444348954856 ], [ 77.428415155190322, 23.231446748954163 ], [ 77.428418355190317, 23.231509848935897 ], [ 77.428366755190339, 23.231512048935251 ], [ 77.428374855190327, 23.231675348887968 ], [ 77.428449655190335, 23.23167224888887 ] ], [ [ 77.428509455190337, 23.231589048912962 ], [ 77.428621455190338, 23.231583548914557 ], [ 77.428626355190332, 23.231667448890253 ], [ 77.42851435519033, 23.231673048888634 ], [ 77.428509455190337, 23.231589048912962 ] ] ] } },
{ "type": "Feature", "properties": { }, "geometry": { "type": "Polygon", "coordinates": [ [ [ 77.429285555190319, 23.236094947608144 ], [ 77.429191855190339, 23.235757247705937 ], [ 77.428894255190343, 23.235826947685755 ], [ 77.428987955190337, 23.236164647587955 ], [ 77.429285555190319, 23.236094947608144 ] ], [ [ 77.429036955190341, 23.235923847657695 ], [ 77.429116655190342, 23.235905247663077 ], [ 77.429142755190327, 23.23599924763586 ], [ 77.429063055190326, 23.236017947630444 ], [ 77.429036955190341, 23.235923847657695 ] ] ] } },
{ "type": "Feature", "properties": { }, "geometry": { "type": "Polygon", "coordinates": [ [ [ 77.429206458650555, 23.233262914053341 ], [ 77.429427858650556, 23.232538514402947 ], [ 77.429595558650547, 23.232031614647571 ], [ 77.429606758650564, 23.232033914646472 ], [ 77.429674458650553, 23.231811214753936 ], [ 77.430126258650546, 23.231934014694676 ], [ 77.43014245865055, 23.23188571471799 ], [ 77.430243658650554, 23.231912514705055 ], [ 77.430236358650532, 23.231939714691929 ], [ 77.430373558650558, 23.231977914673489 ], [ 77.430337858650546, 23.232089814619485 ], [ 77.430367358650543, 23.232099914614608 ], [ 77.430353058650567, 23.23214281459391 ], [ 77.430647958650567, 23.232226014553756 ], [ 77.430624058650565, 23.232302714516745 ], [ 77.430707658650562, 23.232324714506124 ], [ 77.430676658650555, 23.232419214460521 ], [ 77.430592658650554, 23.23239571447186 ], [ 77.430503058650544, 23.232672014338522 ], [ 77.430349358650545, 23.232628714359411 ], [ 77.430327958650537, 23.232694414327707 ], [ 77.430314258650554, 23.232690114329777 ], [ 77.430264758650566, 23.232843514255745 ], [ 77.430278658650565, 23.232846714254205 ], [ 77.430257058650568, 23.232916214220662 ], [ 77.430217258650558, 23.232906514225345 ], [ 77.430209858650556, 23.232928914214536 ], [ 77.430218858650548, 23.232932014213034 ], [ 77.430202958650568, 23.232978414190647 ], [ 77.430197158650572, 23.232976614191514 ], [ 77.429875958650555, 23.233299314035772 ], [ 77.429756158650534, 23.233412213981286 ], [ 77.429776358650557, 23.233430813972301 ], [ 77.429714658650568, 23.233490113943684 ], [ 77.429696458650554, 23.233474613951174 ], [ 77.429626458650546, 23.2335427139183 ], [ 77.429347958650567, 23.233302414034277 ], [ 77.429206458650555, 23.233262914053341 ] ] ] } },
{ "type": "Feature", "properties": { }, "geometry": { "type": "Polygon", "coordinates": [ [ [ 77.430437455190315, 23.23165394889417 ], [ 77.430531955190332, 23.23121864902021 ], [ 77.431236755190341, 23.231345548983462 ], [ 77.431168455190317, 23.231615248905374 ], [ 77.43099405519034, 23.231579248915796 ], [ 77.431020255190319, 23.231463048949443 ], [ 77.430943155190334, 23.231452348952544 ], [ 77.430871955190341, 23.231747448867093 ], [ 77.430834155190325, 23.231742148868626 ], [ 77.430825755190341, 23.23179994885189 ], [ 77.430816755190321, 23.2318289488435 ], [ 77.430762955190332, 23.231820948845812 ], [ 77.430780455190316, 23.231738148869784 ], [ 77.430710655190339, 23.231715448876361 ], [ 77.430776055190321, 23.231410948964527 ], [ 77.430651055190324, 23.231392248969939 ], [ 77.430591555190318, 23.231691348883345 ], [ 77.430437455190315, 23.23165394889417 ] ] ] } },
{ "type": "Feature", "properties": { }, "geometry": { "type": "Polygon", "coordinates": [ [ [ 77.427877855190317, 23.231358248979785 ], [ 77.427870655190333, 23.231205949023888 ], [ 77.42844175519032, 23.231171249033931 ], [ 77.428453355190328, 23.231327548988677 ], [ 77.427877855190317, 23.231358248979785 ] ] ] } },
{ "type": "Feature", "properties": { }, "geometry": { "type": "Polygon", "coordinates": [ [ [ 77.429531355190335, 23.236579947467689 ], [ 77.429682355190337, 23.236543047478371 ], [ 77.429438855190327, 23.235702447721813 ], [ 77.429287855190324, 23.235739347711128 ], [ 77.429531355190335, 23.236579947467689 ] ] ] } },
{ "type": "Feature", "properties": { }, "geometry": { "type": "Polygon", "coordinates": [ [ [ 77.429167255190322, 23.23674304742045 ], [ 77.429450355190326, 23.236667147442422 ], [ 77.429291155190342, 23.236165347587754 ], [ 77.429007955190343, 23.236241247565776 ], [ 77.429167255190322, 23.23674304742045 ] ] ] } },
{ "type": "Feature", "properties": { }, "geometry": { "type": "Polygon", "coordinates": [ [ [ 77.435942455190329, 23.23022034930926 ], [ 77.435882055190319, 23.230200049315133 ], [ 77.435667455190327, 23.230492949230335 ], [ 77.435660255190342, 23.230527049220456 ], [ 77.435589755190321, 23.230656649182933 ], [ 77.435400055190328, 23.23064504918629 ], [ 77.435321455190333, 23.23069564917164 ], [ 77.435313455190339, 23.230739149159049 ], [ 77.43581245519033, 23.230781949146653 ], [ 77.435942455190329, 23.23022034930926 ] ] ] } },
{ "type": "Feature", "properties": { }, "geometry": { "type": "Polygon", "coordinates": [ [ [ 77.435469655190317, 23.231061149065813 ], [ 77.435500955190321, 23.230920649106498 ], [ 77.435281255190318, 23.23087934911846 ], [ 77.435249955190315, 23.231019749077802 ], [ 77.435469655190317, 23.231061149065813 ] ] ] } },
{ "type": "Feature", "properties": { }, "geometry": { "type": "Polygon", "coordinates": [ [ [ 77.426009855190316, 23.23840784693828 ], [ 77.426259155190337, 23.23863194687338 ], [ 77.426410155190339, 23.238490146914451 ], [ 77.426160855190318, 23.238266046979351 ], [ 77.426115255190339, 23.238308846966959 ], [ 77.426082655190328, 23.238279546975445 ], [ 77.426028955190333, 23.238330046960822 ], [ 77.426061555190316, 23.238359246952367 ], [ 77.426009855190316, 23.23840784693828 ] ] ] } },
{ "type": "Feature", "properties": { }, "geometry": { "type": "Polygon", "coordinates": [ [ [ 77.427334155190323, 23.232463948659621 ], [ 77.427495755190321, 23.232192148738324 ], [ 77.427480955190319, 23.232165948745916 ], [ 77.427479855190342, 23.23212204875863 ], [ 77.427536755190317, 23.232118948759528 ], [ 77.427548055190343, 23.232080248770725 ], [ 77.427575355190342, 23.232049948779501 ], [ 77.427589055190325, 23.232019548788308 ], [ 77.427642555190317, 23.232013348790101 ], [ 77.427685755190339, 23.232031048784975 ], [ 77.427708555190335, 23.232067648774379 ], [ 77.427740355190338, 23.232098048765579 ], [ 77.427772255190334, 23.232118948759528 ], [ 77.427773355190325, 23.232147148751366 ], [ 77.427762055190328, 23.232175348743194 ], [ 77.427736955190326, 23.232210948732881 ], [ 77.427853055190326, 23.232503748648099 ], [ 77.427837155190318, 23.232530848640252 ], [ 77.427809755190339, 23.232537148638432 ], [ 77.427700555190341, 23.232562248631158 ], [ 77.427673655190333, 23.232562048631216 ], [ 77.427581055190316, 23.232561248631448 ], [ 77.427498855190322, 23.232552448633996 ], [ 77.427492355190338, 23.232551848634177 ], [ 77.427397855190335, 23.232525648641754 ], [ 77.427365855190317, 23.232499048649462 ], [ 77.427350055190331, 23.232485948653256 ], [ 77.427334155190323, 23.232463948659621 ] ] ] } },
{ "type": "Feature", "properties": { }, "geometry": { "type": "Polygon", "coordinates": [ [ [ 77.429241255190334, 23.235036147914773 ], [ 77.429384655190319, 23.235149047882075 ], [ 77.429489955190334, 23.235036047914804 ], [ 77.429346655190329, 23.234923147947498 ], [ 77.429241255190334, 23.235036147914773 ] ] ] } },
{ "type": "Feature", "properties": { }, "geometry": { "type": "Polygon", "coordinates": [ [ [ 77.42837545519032, 23.23593174765541 ], [ 77.428482955190319, 23.236283147553642 ], [ 77.42865805519034, 23.236237847566759 ], [ 77.428550455190319, 23.235886447668527 ], [ 77.42837545519032, 23.23593174765541 ] ] ] } },
{ "type": "Feature", "properties": { }, "geometry": { "type": "Polygon", "coordinates": [ [ [ 77.431969855190331, 23.235830747684656 ], [ 77.432217755190337, 23.235849747679154 ], [ 77.432240455190325, 23.235598847751817 ], [ 77.431992655190342, 23.235579847757315 ], [ 77.431969855190331, 23.235830747684656 ] ] ] } },
{ "type": "Feature", "properties": { }, "geometry": { "type": "Polygon", "coordinates": [ [ [ 77.431988055190331, 23.236811547400606 ], [ 77.432056855190325, 23.237183147292985 ], [ 77.43286015519034, 23.237057747329306 ], [ 77.43279145519034, 23.236686047436951 ], [ 77.431988055190331, 23.236811547400606 ] ] ] } },
{ "type": "Feature", "properties": { }, "geometry": { "type": "Polygon", "coordinates": [ [ [ 77.431246155190323, 23.235550547765801 ], [ 77.431587555190319, 23.235376947816075 ], [ 77.431528055190327, 23.235278247844665 ], [ 77.431186655190317, 23.235451747794411 ], [ 77.431246155190323, 23.235550547765801 ] ] ] } },
{ "type": "Feature", "properties": { }, "geometry": { "type": "Polygon", "coordinates": [ [ [ 77.428464055190332, 23.233510148356682 ], [ 77.428460855190337, 23.233690548304441 ], [ 77.428523455190316, 23.233691448304178 ], [ 77.428526655190325, 23.233511048356419 ], [ 77.428464055190332, 23.233510148356682 ] ] ] } },
{ "type": "Feature", "properties": { }, "geometry": { "type": "Polygon", "coordinates": [ [ [ 77.429242855190338, 23.233455448372517 ], [ 77.429413455190328, 23.233686148305715 ], [ 77.429466955190335, 23.233652748315382 ], [ 77.429296355190317, 23.233422048382188 ], [ 77.429242855190338, 23.233455448372517 ] ] ] } },
{ "type": "Feature", "properties": { }, "geometry": { "type": "Polygon", "coordinates": [ [ [ 77.429081955190327, 23.234012848211105 ], [ 77.429097555190324, 23.234067348195328 ], [ 77.429274555190332, 23.234024448207755 ], [ 77.429258955190335, 23.233970048223501 ], [ 77.429081955190327, 23.234012848211105 ] ] ] } },
{ "type": "Feature", "properties": { }, "geometry": { "type": "Polygon", "coordinates": [ [ [ 77.428959655190326, 23.233529348351126 ], [ 77.42899565519032, 23.23357744833719 ], [ 77.429222555190321, 23.233434048378712 ], [ 77.429186555190327, 23.233385948392641 ], [ 77.428959655190326, 23.233529348351126 ] ] ] } },
{ "type": "Feature", "properties": { }, "geometry": { "type": "Polygon", "coordinates": [ [ [ 77.428916255190316, 23.234245048143865 ], [ 77.429104455190327, 23.234134148175983 ], [ 77.429050155190339, 23.234056248198542 ], [ 77.42886185519032, 23.234167148166428 ], [ 77.428916255190316, 23.234245048143865 ] ] ] } },
{ "type": "Feature", "properties": { }, "geometry": { "type": "Polygon", "coordinates": [ [ [ 77.428579855190335, 23.233207048444456 ], [ 77.428634655190322, 23.233399248388793 ], [ 77.428724255190318, 23.233377648395052 ], [ 77.428669455190331, 23.233185448450698 ], [ 77.428579855190335, 23.233207048444456 ] ] ] } },
{ "type": "Feature", "properties": { }, "geometry": { "type": "Polygon", "coordinates": [ [ [ 77.429295955190327, 23.233901948243222 ], [ 77.429349455190319, 23.233939748232277 ], [ 77.429499055190334, 23.233760848284078 ], [ 77.429445655190335, 23.233723048295026 ], [ 77.429295955190327, 23.233901948243222 ] ] ] } },
{ "type": "Feature", "properties": { }, "geometry": { "type": "Polygon", "coordinates": [ [ [ 77.428673255190333, 23.233683148306582 ], [ 77.428714255190343, 23.233736748291062 ], [ 77.428968455190315, 23.233572648338576 ], [ 77.428927455190333, 23.233519048354104 ], [ 77.428673255190333, 23.233683148306582 ] ] ] } },
{ "type": "Feature", "properties": { }, "geometry": { "type": "Polygon", "coordinates": [ [ [ 77.428444755190341, 23.2337245482946 ], [ 77.42842705519034, 23.233962648225646 ], [ 77.428545855190336, 23.233970048223501 ], [ 77.428563555190337, 23.233732048292421 ], [ 77.428444755190341, 23.2337245482946 ] ] ] } },
{ "type": "Feature", "properties": { }, "geometry": { "type": "Polygon", "coordinates": [ [ [ 77.428489755190327, 23.23406314819654 ], [ 77.42881005519034, 23.234255348140888 ], [ 77.428856155190331, 23.234190448159676 ], [ 77.428535955190341, 23.233998248215332 ], [ 77.428489755190327, 23.23406314819654 ] ] ] } },
{ "type": "Feature", "properties": { }, "geometry": { "type": "Polygon", "coordinates": [ [ [ 77.429001455190317, 23.233301648417051 ], [ 77.428906555190324, 23.233400748388359 ], [ 77.428972555190327, 23.233454148372893 ], [ 77.429067555190315, 23.233355048401588 ], [ 77.429001455190317, 23.233301648417051 ] ] ] } },
{ "type": "Feature", "properties": { }, "geometry": { "type": "Polygon", "coordinates": [ [ [ 77.428441555190318, 23.23332974840892 ], [ 77.428505855190323, 23.233445048375533 ], [ 77.428589155190323, 23.23340584838688 ], [ 77.428524755190324, 23.233290548420264 ], [ 77.428441555190318, 23.23332974840892 ] ] ] } },
{ "type": "Feature", "properties": { }, "geometry": { "type": "Polygon", "coordinates": [ [ [ 77.428808355190327, 23.233202548445757 ], [ 77.428777855190319, 23.23337114839693 ], [ 77.428862855190317, 23.233384148393164 ], [ 77.428893455190334, 23.23321554844199 ], [ 77.428808355190327, 23.233202548445757 ] ] ] } },
{ "type": "Feature", "properties": { }, "geometry": { "type": "Polygon", "coordinates": [ [ [ 77.43065095519033, 23.233579448336606 ], [ 77.430813655190335, 23.233700748301484 ], [ 77.430851755190318, 23.233657548314 ], [ 77.430689055190342, 23.233536248349118 ], [ 77.43065095519033, 23.233579448336606 ] ] ] } },
{ "type": "Feature", "properties": { }, "geometry": { "type": "Polygon", "coordinates": [ [ [ 77.431820055190329, 23.233169348455359 ], [ 77.43174685519034, 23.233265748427449 ], [ 77.431921555190328, 23.233377848394991 ], [ 77.431994755190331, 23.233281448422904 ], [ 77.431820055190329, 23.233169348455359 ] ] ] } },
{ "type": "Feature", "properties": { }, "geometry": { "type": "Polygon", "coordinates": [ [ [ 77.430538555190324, 23.233759948284337 ], [ 77.430612555190322, 23.233839448261321 ], [ 77.430668355190321, 23.233795548274035 ], [ 77.430594355190337, 23.23371614829702 ], [ 77.430538555190324, 23.233759948284337 ] ] ] } },
{ "type": "Feature", "properties": { }, "geometry": { "type": "Polygon", "coordinates": [ [ [ 77.431191155190319, 23.234548148056099 ], [ 77.431506855190321, 23.234478848076169 ], [ 77.431314155190336, 23.233736748291062 ], [ 77.431315455190315, 23.233737648290798 ], [ 77.431816155190333, 23.233089348478529 ], [ 77.431516655190322, 23.23289404853508 ], [ 77.431015955190318, 23.233542248347383 ], [ 77.430974955190322, 23.233715848297109 ], [ 77.431191155190319, 23.234548148056099 ] ] ] } },
{ "type": "Feature", "properties": { }, "geometry": { "type": "Polygon", "coordinates": [ [ [ 77.429020855190331, 23.232053348778521 ], [ 77.429044455190322, 23.231978348800236 ], [ 77.428816955190328, 23.231917648817813 ], [ 77.428792955190332, 23.231993748795777 ], [ 77.428644955190336, 23.231955048806984 ], [ 77.428630355190322, 23.231903048822041 ], [ 77.428304855190319, 23.231980448799629 ], [ 77.428421755190342, 23.232395448679465 ], [ 77.428568555190338, 23.232360548689567 ], [ 77.429042255190325, 23.23248444865369 ], [ 77.429164055190341, 23.232090748767689 ], [ 77.429020855190331, 23.232053348778521 ] ] ] } },
{ "type": "Feature", "properties": { }, "geometry": { "type": "Polygon", "coordinates": [ [ [ 77.431600455190335, 23.233458448371646 ], [ 77.431527155190324, 23.23355484834374 ], [ 77.431701855190326, 23.233666948311271 ], [ 77.431775155190323, 23.233570548339188 ], [ 77.431600455190335, 23.233458448371646 ] ] ] } },
{ "type": "Feature", "properties": { }, "geometry": { "type": "Polygon", "coordinates": [ [ [ 77.431673655190323, 23.23336204839956 ], [ 77.431600455190335, 23.233458448371646 ], [ 77.431775155190323, 23.233570548339188 ], [ 77.43184835519034, 23.233474148367105 ], [ 77.431673655190323, 23.23336204839956 ] ] ] } },
{ "type": "Feature", "properties": { }, "geometry": { "type": "Polygon", "coordinates": [ [ [ 77.431527155190324, 23.23355484834374 ], [ 77.431453955190321, 23.23365114831585 ], [ 77.431628655190337, 23.233763248283385 ], [ 77.431701855190326, 23.233666948311271 ], [ 77.431527155190324, 23.23355484834374 ] ] ] } },
{ "type": "Feature", "properties": { }, "geometry": { "type": "Polygon", "coordinates": [ [ [ 77.431453955190321, 23.23365114831585 ], [ 77.431380755190332, 23.233747548287937 ], [ 77.43155545519032, 23.233859648255471 ], [ 77.431628655190337, 23.233763248283385 ], [ 77.431453955190321, 23.23365114831585 ] ] ] } },
{ "type": "Feature", "properties": { }, "geometry": { "type": "Polygon", "coordinates": [ [ [ 77.43174685519034, 23.233265748427449 ], [ 77.431673655190323, 23.23336204839956 ], [ 77.43184835519034, 23.233474148367105 ], [ 77.431921555190328, 23.233377848394991 ], [ 77.43174685519034, 23.233265748427449 ] ] ] } },
{ "type": "Feature", "properties": { }, "geometry": { "type": "Polygon", "coordinates": [ [ [ 77.435744055190341, 23.227685850043056 ], [ 77.436085755190319, 23.22782745000206 ], [ 77.436216755190316, 23.227560350079383 ], [ 77.435874955190329, 23.227418850120355 ], [ 77.435744055190341, 23.227685850043056 ] ] ] } },
{ "type": "Feature", "properties": { }, "geometry": { "type": "Polygon", "coordinates": [ [ [ 77.443330955190333, 23.229373149554554 ], [ 77.44331785519033, 23.228968949671575 ], [ 77.443210755190336, 23.228971849670735 ], [ 77.443245455190322, 23.230045449359899 ], [ 77.44335885519034, 23.230042349360801 ], [ 77.443345355190331, 23.229626849481097 ], [ 77.443938755190317, 23.229610649485792 ], [ 77.443955155190338, 23.230117149339144 ], [ 77.44412085519032, 23.230112649340445 ], [ 77.444117955190322, 23.230021949366709 ], [ 77.444220555190341, 23.230019149367514 ], [ 77.444185755190333, 23.228945749678289 ], [ 77.444089055190318, 23.228948349677541 ], [ 77.444085855190323, 23.228851349705625 ], [ 77.443918055190338, 23.22885594970429 ], [ 77.443934255190328, 23.229356649559328 ], [ 77.443330955190333, 23.229373149554554 ] ] ] } },
{ "type": "Feature", "properties": { }, "geometry": { "type": "Polygon", "coordinates": [ [ [ 77.440173255190331, 23.225020350814692 ], [ 77.440170655190329, 23.225349650719362 ], [ 77.440021155190337, 23.225348650719656 ], [ 77.440018055190336, 23.225738550606788 ], [ 77.440213655190334, 23.225739950606382 ], [ 77.440213555190326, 23.225761050600269 ], [ 77.440561555190328, 23.225763450599576 ], [ 77.440565255190322, 23.225304650732394 ], [ 77.441146555190315, 23.225308550731267 ], [ 77.441147655190335, 23.225170250771303 ], [ 77.441081155190332, 23.225169750771443 ], [ 77.441082255190338, 23.225034950810471 ], [ 77.441341055190335, 23.225036650809976 ], [ 77.441342155190327, 23.224889450852583 ], [ 77.440594455190336, 23.224884350854058 ], [ 77.440593355190316, 23.225023150813879 ], [ 77.440173255190331, 23.225020350814692 ] ] ] } },
{ "type": "Feature", "properties": { }, "geometry": { "type": "Polygon", "coordinates": [ [ [ 77.440314255190316, 23.226042450518811 ], [ 77.440473955190342, 23.226041550519074 ], [ 77.440472455190331, 23.225802250588352 ], [ 77.440312755190334, 23.225803050588119 ], [ 77.440314255190316, 23.226042450518811 ] ] ] } },
{ "type": "Feature", "properties": { }, "geometry": { "type": "Polygon", "coordinates": [ [ [ 77.443516655190322, 23.241986245901778 ], [ 77.443761955190325, 23.242227545831881 ], [ 77.44395815519033, 23.242059145880667 ], [ 77.443712855190341, 23.241817845950564 ], [ 77.443516655190322, 23.241986245901778 ] ] ] } },
{ "type": "Feature", "properties": { }, "geometry": { "type": "Polygon", "coordinates": [ [ [ 77.44137585519033, 23.225797650589676 ], [ 77.44137585519033, 23.22598275053609 ], [ 77.441538655190328, 23.22598275053609 ], [ 77.441538655190328, 23.225797650589676 ], [ 77.44137585519033, 23.225797650589676 ] ] ] } },
{ "type": "Feature", "properties": { }, "geometry": { "type": "Polygon", "coordinates": [ [ [ 77.442282255190335, 23.231075449061674 ], [ 77.442283855190325, 23.231284349001186 ], [ 77.442574755190321, 23.231282449001739 ], [ 77.442573255190339, 23.231073549062224 ], [ 77.442282255190335, 23.231075449061674 ] ] ] } },
{ "type": "Feature", "properties": { }, "geometry": { "type": "Polygon", "coordinates": [ [ [ 77.44344105519032, 23.23094634909905 ], [ 77.443443255190331, 23.231178149031933 ], [ 77.443677255190323, 23.231176249032483 ], [ 77.443675055190326, 23.230944549099576 ], [ 77.44344105519032, 23.23094634909905 ] ] ] } },
{ "type": "Feature", "properties": { }, "geometry": { "type": "Polygon", "coordinates": [ [ [ 77.443620055190323, 23.231356448980303 ], [ 77.443617455190335, 23.231514548934538 ], [ 77.443946055190324, 23.231519148933202 ], [ 77.443948655190326, 23.231361048978982 ], [ 77.443620055190323, 23.231356448980303 ] ] ] } },
{ "type": "Feature", "properties": { }, "geometry": { "type": "Polygon", "coordinates": [ [ [ 77.442280855190333, 23.231484248943303 ], [ 77.442449755190339, 23.231494548940326 ], [ 77.442462855190342, 23.231312348993079 ], [ 77.442294055190317, 23.231302148996036 ], [ 77.442280855190333, 23.231484248943303 ] ] ] } },
{ "type": "Feature", "properties": { }, "geometry": { "type": "Polygon", "coordinates": [ [ [ 77.443417655190331, 23.231358248979785 ], [ 77.443415955190318, 23.231525348931406 ], [ 77.443525855190316, 23.231526348931116 ], [ 77.443527455190335, 23.231359248979494 ], [ 77.443417655190331, 23.231358248979785 ] ] ] } },
{ "type": "Feature", "properties": { }, "geometry": { "type": "Polygon", "coordinates": [ [ [ 77.440541555190322, 23.225955150544085 ], [ 77.441115655190316, 23.225960450542548 ], [ 77.44111765519034, 23.225778150595325 ], [ 77.440543555190317, 23.225772850596861 ], [ 77.440541555190322, 23.225955150544085 ] ] ] } },
{ "type": "Feature", "properties": { }, "geometry": { "type": "Polygon", "coordinates": [ [ [ 77.441308655190326, 23.224062451091982 ], [ 77.441302555190333, 23.224314851018914 ], [ 77.441465355190317, 23.224318251017923 ], [ 77.441471455190324, 23.224065751091025 ], [ 77.441308655190326, 23.224062451091982 ] ] ] } },
{ "type": "Feature", "properties": { }, "geometry": { "type": "Polygon", "coordinates": [ [ [ 77.44337625519033, 23.241788045959193 ], [ 77.443526455190337, 23.24193584591638 ], [ 77.443685555190328, 23.241799245955953 ], [ 77.443535355190321, 23.241651545998742 ], [ 77.44337625519033, 23.241788045959193 ] ] ] } },
{ "type": "Feature", "properties": { }, "geometry": { "type": "Polygon", "coordinates": [ [ [ 77.442560155190321, 23.229684449464422 ], [ 77.442816755190321, 23.229680849465463 ], [ 77.442822155190342, 23.229999049373333 ], [ 77.443098255190321, 23.229995049374494 ], [ 77.443083255190317, 23.229106849631652 ], [ 77.44280225519033, 23.229110849630494 ], [ 77.442806955190335, 23.229391349549278 ], [ 77.442555255190328, 23.229394949548233 ], [ 77.442560155190321, 23.229684449464422 ] ] ] } },
{ "type": "Feature", "properties": { }, "geometry": { "type": "Polygon", "coordinates": [ [ [ 77.427164655190325, 23.238685846857766 ], [ 77.427522155190317, 23.238901846795205 ], [ 77.427651055190324, 23.238721746847361 ], [ 77.427573155190331, 23.238674646861011 ], [ 77.427528355190333, 23.238737246842874 ], [ 77.427478155190343, 23.238706846851681 ], [ 77.427522855190333, 23.238644246869814 ], [ 77.427341555190324, 23.238534746901525 ], [ 77.427380855190322, 23.238479846917432 ], [ 77.427332855190343, 23.238450846925833 ], [ 77.427164655190325, 23.238685846857766 ] ] ] } },
{ "type": "Feature", "properties": { }, "geometry": { "type": "Polygon", "coordinates": [ [ [ 77.428336455190333, 23.240583346308156 ], [ 77.428415555190327, 23.240605746301664 ], [ 77.428384255190323, 23.240698746274731 ], [ 77.42847845519033, 23.240725446267 ], [ 77.428509755190333, 23.240632546293909 ], [ 77.428691755190329, 23.240684246278928 ], [ 77.428744355190332, 23.240527846324234 ], [ 77.428551155190334, 23.240472946340134 ], [ 77.428575055190322, 23.240401846360729 ], [ 77.428496955190326, 23.240379646367163 ], [ 77.42847295519033, 23.240450746346568 ], [ 77.428389055190323, 23.240426846353493 ], [ 77.428336455190333, 23.240583346308156 ] ] ] } },
{ "type": "Feature", "properties": { }, "geometry": { "type": "Polygon", "coordinates": [ [ [ 77.426980355190324, 23.238905146794245 ], [ 77.427082855190335, 23.238957446779104 ], [ 77.427111455190342, 23.238910046792832 ], [ 77.42729525519033, 23.239003846765659 ], [ 77.427259355190316, 23.239063246748458 ], [ 77.427347955190328, 23.239108546735334 ], [ 77.427440455190336, 23.238955646779623 ], [ 77.427065455190331, 23.238764246835053 ], [ 77.427034855190342, 23.238814946820373 ], [ 77.426996855190325, 23.238795446826025 ], [ 77.42696605519032, 23.238846346811279 ], [ 77.427004155190332, 23.238865746805661 ], [ 77.426980355190324, 23.238905146794245 ] ] ] } },
{ "type": "Feature", "properties": { }, "geometry": { "type": "Polygon", "coordinates": [ [ [ 77.428862655190315, 23.24045424634555 ], [ 77.428970155190328, 23.240484646336746 ], [ 77.429039855190339, 23.240276146397139 ], [ 77.428888655190335, 23.240233446409508 ], [ 77.428876255190318, 23.24027034639882 ], [ 77.42879975519034, 23.240248746405079 ], [ 77.428775255190331, 23.240322046383845 ], [ 77.428811755190338, 23.24033234638086 ], [ 77.42880775519032, 23.240344346377384 ], [ 77.428846055190334, 23.240355146374259 ], [ 77.428842355190341, 23.240366246371039 ], [ 77.428887855190339, 23.240379046367337 ], [ 77.428862655190315, 23.24045424634555 ] ] ] } },
{ "type": "Feature", "properties": { }, "geometry": { "type": "Polygon", "coordinates": [ [ [ 77.428759255190329, 23.236977447352565 ], [ 77.428795655190342, 23.237114747312798 ], [ 77.428826355190338, 23.237107947314772 ], [ 77.428838855190335, 23.237155147301095 ], [ 77.428808155190325, 23.237162047299098 ], [ 77.428881055190331, 23.237437947219195 ], [ 77.428923255190327, 23.237428547221917 ], [ 77.428934355190322, 23.237470747209695 ], [ 77.428895655190331, 23.237479447207175 ], [ 77.428928755190327, 23.237604747170884 ], [ 77.429168055190317, 23.237551247186374 ], [ 77.429002055190324, 23.236923247368257 ], [ 77.428759255190329, 23.236977447352565 ] ] ] } },
{ "type": "Feature", "properties": { }, "geometry": { "type": "Polygon", "coordinates": [ [ [ 77.426609555190325, 23.239930846497156 ], [ 77.426551055190316, 23.240012446473521 ], [ 77.426601955190321, 23.240043246464598 ], [ 77.42650565519034, 23.240177546425699 ], [ 77.42644525519033, 23.240140946436298 ], [ 77.426527055190334, 23.240026846469352 ], [ 77.426426055190319, 23.239965746487048 ], [ 77.426341855190316, 23.240083046453066 ], [ 77.426295155190331, 23.240054746461269 ], [ 77.426391355190333, 23.239920746500083 ], [ 77.426321955190332, 23.239878846512219 ], [ 77.426259355190339, 23.239966146486928 ], [ 77.426138555190335, 23.239892946508135 ], [ 77.426046155190321, 23.2400218464708 ], [ 77.426218355190329, 23.240126146440588 ], [ 77.426244655190317, 23.240089446451218 ], [ 77.426309155190339, 23.240128546439891 ], [ 77.426261755190325, 23.240194646420743 ], [ 77.426501555190342, 23.240339946378658 ], [ 77.426680355190328, 23.240090746450846 ], [ 77.426886755190338, 23.240215746414638 ], [ 77.426945255190333, 23.240134246438249 ], [ 77.426609555190325, 23.239930846497156 ] ] ] } },
{ "type": "Feature", "properties": { }, "geometry": { "type": "Polygon", "coordinates": [ [ [ 77.429881755190323, 23.238111647024073 ], [ 77.430305455190336, 23.238191847000842 ], [ 77.430348055190336, 23.238001947055842 ], [ 77.429924355190323, 23.237921747079074 ], [ 77.429881755190323, 23.238111647024073 ] ] ] } },
{ "type": "Feature", "properties": { }, "geometry": { "type": "Polygon", "coordinates": [ [ [ 77.430204655190337, 23.241766145965542 ], [ 77.430321255190336, 23.241734345974752 ], [ 77.430275455190326, 23.241592246015912 ], [ 77.430158755190334, 23.241624046006702 ], [ 77.430204655190337, 23.241766145965542 ] ] ] } },
{ "type": "Feature", "properties": { }, "geometry": { "type": "Polygon", "coordinates": [ [ [ 77.427281955190338, 23.239741446552017 ], [ 77.427500455190341, 23.239859346517868 ], [ 77.427779355190324, 23.239423046644241 ], [ 77.42756095519033, 23.23930514667839 ], [ 77.427281955190338, 23.239741446552017 ] ] ] } },
{ "type": "Feature", "properties": { }, "geometry": { "type": "Polygon", "coordinates": [ [ [ 77.426324755190322, 23.239758746547004 ], [ 77.426475655190316, 23.239848446521027 ], [ 77.426632955190328, 23.239624846585794 ], [ 77.426580555190327, 23.23959364659483 ], [ 77.426564655190319, 23.239616246588284 ], [ 77.426466155190326, 23.239557746605225 ], [ 77.426324755190322, 23.239758746547004 ] ] ] } },
{ "type": "Feature", "properties": { }, "geometry": { "type": "Polygon", "coordinates": [ [ [ 77.427768355190338, 23.24026784639954 ], [ 77.428108955190325, 23.240456646344857 ], [ 77.428148655190341, 23.240396146362386 ], [ 77.428199355190316, 23.240424246354241 ], [ 77.428262855190326, 23.240327546382254 ], [ 77.428212155190323, 23.240299446390388 ], [ 77.428317755190335, 23.240138646436968 ], [ 77.427977055190325, 23.239949846491658 ], [ 77.427768355190338, 23.24026784639954 ] ] ] } },
{ "type": "Feature", "properties": { }, "geometry": { "type": "Polygon", "coordinates": [ [ [ 77.429822555190341, 23.241669845993439 ], [ 77.430302655190317, 23.24153194603338 ], [ 77.430248255190321, 23.241371946079731 ], [ 77.430150455190315, 23.241400046071586 ], [ 77.430145355190334, 23.241385046075937 ], [ 77.430025155190336, 23.241419546065945 ], [ 77.430030255190331, 23.241434546061598 ], [ 77.429768055190323, 23.241509846039786 ], [ 77.429822555190341, 23.241669845993439 ] ] ] } },
{ "type": "Feature", "properties": { }, "geometry": { "type": "Polygon", "coordinates": [ [ [ 77.428905455190318, 23.240097046449019 ], [ 77.429076855190331, 23.240144946435141 ], [ 77.42915035519033, 23.239923246499362 ], [ 77.428899255190316, 23.239853046519691 ], [ 77.428859755190317, 23.239972346485143 ], [ 77.428915355190327, 23.239987946480621 ], [ 77.428909955190335, 23.240004146475925 ], [ 77.428934055190339, 23.240010846473986 ], [ 77.428905455190318, 23.240097046449019 ] ] ] } },
{ "type": "Feature", "properties": { }, "geometry": { "type": "Polygon", "coordinates": [ [ [ 77.42716145519033, 23.24038104636676 ], [ 77.427352355190337, 23.24011424644404 ], [ 77.42711255519032, 23.239969346486003 ], [ 77.427066155190332, 23.240034146467238 ], [ 77.427162755190338, 23.240092446450348 ], [ 77.427081655190321, 23.240205746417537 ], [ 77.427108855190326, 23.240222146412783 ], [ 77.42704535519033, 23.240310846387096 ], [ 77.42716145519033, 23.24038104636676 ] ] ] } },
{ "type": "Feature", "properties": { }, "geometry": { "type": "Polygon", "coordinates": [ [ [ 77.429912355190339, 23.237759247126132 ], [ 77.430127355190336, 23.237712247139747 ], [ 77.430040955190321, 23.23737804723654 ], [ 77.42982585519033, 23.237424947222962 ], [ 77.429848455190339, 23.237512247197674 ], [ 77.429987255190341, 23.237481947206447 ], [ 77.430024355190341, 23.237625547164861 ], [ 77.429885555190324, 23.237655847156088 ], [ 77.429912355190339, 23.237759247126132 ] ] ] } },
{ "type": "Feature", "properties": { }, "geometry": { "type": "Polygon", "coordinates": [ [ [ 77.427991655190326, 23.238501246911234 ], [ 77.428331855190322, 23.238708746851131 ], [ 77.428430255190321, 23.238572546890584 ], [ 77.428149955190321, 23.238401646940083 ], [ 77.428072555190326, 23.238281646974837 ], [ 77.427999355190337, 23.238382946945496 ], [ 77.427996455190339, 23.238381146946026 ], [ 77.427942555190342, 23.238455746924405 ], [ 77.427999455190317, 23.238490446914359 ], [ 77.427991655190326, 23.238501246911234 ] ] ] } },
{ "type": "Feature", "properties": { }, "geometry": { "type": "Polygon", "coordinates": [ [ [ 77.428134155190321, 23.237768147123557 ], [ 77.428400455190342, 23.237969947065114 ], [ 77.428364955190318, 23.238009547053643 ], [ 77.428418955190324, 23.238050447041797 ], [ 77.428454555190328, 23.238010847053271 ], [ 77.428693155190317, 23.238191647000896 ], [ 77.428778955190339, 23.238096047028584 ], [ 77.428304555190337, 23.237736547132716 ], [ 77.428370555190327, 23.237663047154001 ], [ 77.428285955190333, 23.237598947172565 ], [ 77.428134155190321, 23.237768147123557 ] ] ] } },
{ "type": "Feature", "properties": { }, "geometry": { "type": "Polygon", "coordinates": [ [ [ 77.430587855190325, 23.241475846049635 ], [ 77.43036635519033, 23.241529846033995 ], [ 77.430508555190329, 23.242022745891209 ], [ 77.430743655190341, 23.241965445907809 ], [ 77.430754455190339, 23.241999345897987 ], [ 77.43102755519034, 23.241925945919252 ], [ 77.431018855190331, 23.241898645927158 ], [ 77.431255655190327, 23.24183864594454 ], [ 77.431211355190328, 23.241690945987322 ], [ 77.431242155190333, 23.24168314598958 ], [ 77.431255555190319, 23.24172794597661 ], [ 77.431331955190316, 23.241708545982227 ], [ 77.431318555190316, 23.241663845995177 ], [ 77.431371255190342, 23.24165044599906 ], [ 77.431294455190326, 23.241394746073119 ], [ 77.431134555190326, 23.241435346061369 ], [ 77.43110545519032, 23.241338546089402 ], [ 77.430860355190333, 23.241400746071392 ], [ 77.430845955190321, 23.24135524608457 ], [ 77.430825055190326, 23.241360846082944 ], [ 77.430776255190324, 23.241195146130949 ], [ 77.430533455190329, 23.241255546113447 ], [ 77.430583655190318, 23.241425746064145 ], [ 77.430572855190334, 23.241428646063309 ], [ 77.430587855190325, 23.241475846049635 ] ] ] } },
{ "type": "Feature", "properties": { }, "geometry": { "type": "Polygon", "coordinates": [ [ [ 77.430654455190336, 23.240693546276237 ], [ 77.43089925519034, 23.240630346294548 ], [ 77.43093365519033, 23.240568546312442 ], [ 77.430907255190334, 23.240482446337385 ], [ 77.430816955190338, 23.240409146358619 ], [ 77.430734955190331, 23.240492046334609 ], [ 77.430647755190321, 23.24044804634735 ], [ 77.430627755190315, 23.240470746340769 ], [ 77.430655155190323, 23.240499446332464 ], [ 77.430622955190316, 23.240545646319081 ], [ 77.430635255190339, 23.240572646311261 ], [ 77.430618755190324, 23.240576946310018 ], [ 77.430654455190336, 23.240693546276237 ] ] ] } },
{ "type": "Feature", "properties": { }, "geometry": { "type": "Polygon", "coordinates": [ [ [ 77.426125955190329, 23.241239346118142 ], [ 77.426374055190337, 23.241367446081039 ], [ 77.426398355190329, 23.241327746092537 ], [ 77.426482855190315, 23.241371446079874 ], [ 77.426554055190337, 23.241255046113594 ], [ 77.42659725519033, 23.241277446107102 ], [ 77.426632255190341, 23.241220246123675 ], [ 77.42650445519034, 23.241154246142795 ], [ 77.426548855190333, 23.241081646163821 ], [ 77.426293055190328, 23.240949546202078 ], [ 77.426278355190334, 23.240972446195453 ], [ 77.426220455190332, 23.240982546192527 ], [ 77.426164255190329, 23.24107014616715 ], [ 77.426190455190337, 23.241109346155799 ], [ 77.426175955190331, 23.241132046149222 ], [ 77.426187755190341, 23.241138146147456 ], [ 77.426125955190329, 23.241239346118142 ] ] ] } },
{ "type": "Feature", "properties": { }, "geometry": { "type": "Polygon", "coordinates": [ [ [ 77.431486155190328, 23.238136447016892 ], [ 77.43150495519032, 23.238212246994937 ], [ 77.431302655190336, 23.238254446982712 ], [ 77.431331755190342, 23.238372246948597 ], [ 77.431715255190326, 23.238292146971798 ], [ 77.43168615519032, 23.238174347005909 ], [ 77.431584455190318, 23.238195646999745 ], [ 77.431565155190327, 23.238117247022455 ], [ 77.43179985519032, 23.238059947039044 ], [ 77.431781555190327, 23.237996447057437 ], [ 77.431739455190339, 23.238006647054483 ], [ 77.431726055190325, 23.237960047067983 ], [ 77.43147295519033, 23.238021747050109 ], [ 77.431460055190328, 23.237976847063116 ], [ 77.431374155190341, 23.237997847057031 ], [ 77.431418955190324, 23.238152847012142 ], [ 77.431486155190328, 23.238136447016892 ] ] ] } },
{ "type": "Feature", "properties": { }, "geometry": { "type": "Polygon", "coordinates": [ [ [ 77.426988855190316, 23.239031146757757 ], [ 77.426886355190334, 23.23918004671463 ], [ 77.427000655190341, 23.239246446695393 ], [ 77.426988755190337, 23.239263946690322 ], [ 77.427068155190327, 23.239310046676973 ], [ 77.427081055190328, 23.239291346682393 ], [ 77.427167055190338, 23.239341246667937 ], [ 77.42719975519033, 23.239293646681723 ], [ 77.427185355190332, 23.23928534668412 ], [ 77.427222155190321, 23.239231846699624 ], [ 77.42723685519033, 23.239240346697159 ], [ 77.42726885519032, 23.239193846710631 ], [ 77.427181255190334, 23.239142946725373 ], [ 77.427176555190343, 23.239149846723372 ], [ 77.427069255190332, 23.239087446741447 ], [ 77.427073955190338, 23.239080546743445 ], [ 77.426988855190316, 23.239031146757757 ] ] ] } },
{ "type": "Feature", "properties": { }, "geometry": { "type": "Polygon", "coordinates": [ [ [ 77.427642655190326, 23.240648546289268 ], [ 77.42759765519034, 23.240711146271138 ], [ 77.427578055190338, 23.240699246274588 ], [ 77.42754115519034, 23.240750546259729 ], [ 77.427560655190319, 23.24076244625628 ], [ 77.427493755190326, 23.24085534622937 ], [ 77.427584555190322, 23.240910546213374 ], [ 77.427573355190319, 23.240925946208922 ], [ 77.42767705519033, 23.240989046190645 ], [ 77.427670155190327, 23.240998646187862 ], [ 77.427717655190335, 23.241027446179523 ], [ 77.427733455190321, 23.241005446185895 ], [ 77.427759355190318, 23.241021146181346 ], [ 77.427781155190317, 23.240990846190122 ], [ 77.427806755190332, 23.241006446185608 ], [ 77.427835955190318, 23.240965946197335 ], [ 77.427867455190324, 23.240985146191768 ], [ 77.427927855190333, 23.240901146216107 ], [ 77.427858155190336, 23.24085874622839 ], [ 77.427897855190338, 23.240803746244318 ], [ 77.427642655190326, 23.240648546289268 ] ] ] } },
{ "type": "Feature", "properties": { }, "geometry": { "type": "Polygon", "coordinates": [ [ [ 77.424026455190315, 23.239837546524182 ], [ 77.424061855190317, 23.239836546524472 ], [ 77.424062955190323, 23.239871146514442 ], [ 77.424193155190324, 23.239867446515525 ], [ 77.424191955190338, 23.239832846525545 ], [ 77.424221555190329, 23.23983204652578 ], [ 77.424219655190328, 23.239774446542459 ], [ 77.424351255190317, 23.239770646543558 ], [ 77.424347955190328, 23.239672546571978 ], [ 77.424474355190341, 23.239668946573019 ], [ 77.424467755190321, 23.239472346629963 ], [ 77.424311055190316, 23.239476846628655 ], [ 77.424311955190333, 23.239503946620808 ], [ 77.424272555190328, 23.239505046620494 ], [ 77.424275455190326, 23.239589146596128 ], [ 77.424212155190332, 23.239590946595612 ], [ 77.424165255190317, 23.239630546584142 ], [ 77.424167255190341, 23.2396914465665 ], [ 77.424066755190339, 23.239694346565663 ], [ 77.424067655190342, 23.239722246557577 ], [ 77.424022555190319, 23.239723446557232 ], [ 77.424026455190315, 23.239837546524182 ] ] ] } },
{ "type": "Feature", "properties": { }, "geometry": { "type": "Polygon", "coordinates": [ [ [ 77.431533055190329, 23.238942446783444 ], [ 77.431538355190327, 23.238959546778496 ], [ 77.431514155190342, 23.238965946776638 ], [ 77.431563155190332, 23.239124246730793 ], [ 77.43164775519034, 23.239102146737189 ], [ 77.431642055190324, 23.239083846742492 ], [ 77.43169365519033, 23.239070346746402 ], [ 77.431699355190318, 23.239088646741095 ], [ 77.431756355190316, 23.239073746745415 ], [ 77.431749855190333, 23.239053046751408 ], [ 77.431805555190337, 23.239038446755636 ], [ 77.431811955190341, 23.239059246749616 ], [ 77.431866555190325, 23.239045046753727 ], [ 77.431860955190317, 23.239026946758969 ], [ 77.431914855190342, 23.23901284676306 ], [ 77.431920455190337, 23.239030946757811 ], [ 77.431977655190337, 23.239015946762159 ], [ 77.431970555190318, 23.23899304676879 ], [ 77.432025355190319, 23.238978746772929 ], [ 77.432032455190338, 23.239001646766294 ], [ 77.432112955190334, 23.238980646772379 ], [ 77.432054555190319, 23.238792146826981 ], [ 77.431648655190315, 23.238898146796277 ], [ 77.431638055190334, 23.238863846806208 ], [ 77.431565255190336, 23.238882946800679 ], [ 77.431579855190336, 23.238930246786971 ], [ 77.431533055190329, 23.238942446783444 ] ] ] } },
{ "type": "Feature", "properties": { }, "geometry": { "type": "Polygon", "coordinates": [ [ [ 77.425643155190343, 23.241896145927885 ], [ 77.42582775519034, 23.241996045898944 ], [ 77.425840455190325, 23.241976145904712 ], [ 77.425869555190332, 23.241991945900132 ], [ 77.425899955190332, 23.241944545913864 ], [ 77.425884055190323, 23.241935945916353 ], [ 77.425910955190332, 23.241893945928524 ], [ 77.42593875519033, 23.241908945924173 ], [ 77.42599955519033, 23.241814045951671 ], [ 77.425965655190325, 23.241795645956994 ], [ 77.426033555190315, 23.241689745987671 ], [ 77.426121455190341, 23.241737345973892 ], [ 77.425975355190332, 23.241965245907867 ], [ 77.426018755190327, 23.241988745901061 ], [ 77.425966055190315, 23.242070845877276 ], [ 77.426057455190318, 23.24212034586294 ], [ 77.426328355190336, 23.241697645985386 ], [ 77.426287955190332, 23.241675745991731 ], [ 77.42627195519033, 23.241700745984485 ], [ 77.426230155190339, 23.241678145991031 ], [ 77.426216955190341, 23.241698645985089 ], [ 77.426160655190316, 23.241668145993927 ], [ 77.426148255190341, 23.241687345988371 ], [ 77.426053555190322, 23.241636146003202 ], [ 77.426091355190337, 23.241577246020256 ], [ 77.425910255190317, 23.241479246048652 ], [ 77.425886255190335, 23.241516746037782 ], [ 77.425856055190323, 23.241500446042508 ], [ 77.425808655190338, 23.2415743460211 ], [ 77.425838855190321, 23.241590746016353 ], [ 77.425754655190332, 23.241722045978314 ], [ 77.42574295519033, 23.241715745980144 ], [ 77.425720755190326, 23.241750345970114 ], [ 77.425732455190342, 23.241756645968291 ], [ 77.425643155190343, 23.241896145927885 ] ] ] } },
{ "type": "Feature", "properties": { }, "geometry": { "type": "Polygon", "coordinates": [ [ [ 77.428986855190317, 23.241653245998247 ], [ 77.429031755190323, 23.241729645976111 ], [ 77.429092455190329, 23.241699545984833 ], [ 77.429047455190343, 23.241623146006962 ], [ 77.428986855190317, 23.241653245998247 ] ] ] } },
{ "type": "Feature", "properties": { }, "geometry": { "type": "Polygon", "coordinates": [ [ [ 77.429198755190328, 23.241831245946685 ], [ 77.429261055190324, 23.24179054595848 ], [ 77.42922655519034, 23.241745945971395 ], [ 77.429164255190315, 23.241786545959634 ], [ 77.429198755190328, 23.241831245946685 ] ] ] } },
{ "type": "Feature", "properties": { }, "geometry": { "type": "Polygon", "coordinates": [ [ [ 77.428704555190336, 23.23941254664728 ], [ 77.428938255190317, 23.239492446624141 ], [ 77.429115255190339, 23.239054946750858 ], [ 77.428881555190316, 23.238975146773974 ], [ 77.428704555190336, 23.23941254664728 ] ] ] } },
{ "type": "Feature", "properties": { }, "geometry": { "type": "Polygon", "coordinates": [ [ [ 77.427034955190322, 23.239799846535103 ], [ 77.42708645519032, 23.239827746527016 ], [ 77.427161855190334, 23.2397097465612 ], [ 77.427110355190337, 23.239681946569252 ], [ 77.427034955190322, 23.239799846535103 ] ] ] } },
{ "type": "Feature", "properties": { }, "geometry": { "type": "Polygon", "coordinates": [ [ [ 77.429465555190319, 23.238534846901501 ], [ 77.429533055190333, 23.238544846898602 ], [ 77.429565855190319, 23.238356946953026 ], [ 77.429498455190341, 23.238346946955922 ], [ 77.429465555190319, 23.238534846901501 ] ] ] } },
{ "type": "Feature", "properties": { }, "geometry": { "type": "Polygon", "coordinates": [ [ [ 77.429108555190325, 23.241501646042167 ], [ 77.429185355190327, 23.241457546054935 ], [ 77.429145855190342, 23.241399546071733 ], [ 77.429069155190319, 23.241443646058965 ], [ 77.429108555190325, 23.241501646042167 ] ] ] } },
{ "type": "Feature", "properties": { }, "geometry": { "type": "Polygon", "coordinates": [ [ [ 77.425915355190327, 23.240769146254344 ], [ 77.425987155190327, 23.240811046242204 ], [ 77.42602285519034, 23.240759346257175 ], [ 77.425951155190319, 23.240717446269318 ], [ 77.425915355190327, 23.240769146254344 ] ] ] } },
{ "type": "Feature", "properties": { }, "geometry": { "type": "Polygon", "coordinates": [ [ [ 77.430092555190328, 23.240185546423387 ], [ 77.430218655190316, 23.240192346421413 ], [ 77.430226855190327, 23.240063346458779 ], [ 77.430100755190338, 23.240056646460722 ], [ 77.430092555190328, 23.240185546423387 ] ] ] } },
{ "type": "Feature", "properties": { }, "geometry": { "type": "Polygon", "coordinates": [ [ [ 77.428988455190321, 23.241492346044854 ], [ 77.429062655190336, 23.2415660460235 ], [ 77.429121055190322, 23.241516446037867 ], [ 77.429046855190322, 23.241442746059221 ], [ 77.428988455190321, 23.241492346044854 ] ] ] } },
{ "type": "Feature", "properties": { }, "geometry": { "type": "Polygon", "coordinates": [ [ [ 77.425161655190337, 23.242167545849266 ], [ 77.425335255190333, 23.242258745822845 ], [ 77.425537755190319, 23.241933445917081 ], [ 77.425364155190323, 23.241842145943526 ], [ 77.425161655190337, 23.242167545849266 ] ] ] } },
{ "type": "Feature", "properties": { }, "geometry": { "type": "Polygon", "coordinates": [ [ [ 77.424184655190317, 23.241461746053716 ], [ 77.42430465519034, 23.241401346071214 ], [ 77.424251855190334, 23.241312746096877 ], [ 77.424131855190339, 23.241373146079383 ], [ 77.424184655190317, 23.241461746053716 ] ] ] } },
{ "type": "Feature", "properties": { }, "geometry": { "type": "Polygon", "coordinates": [ [ [ 77.430473455190324, 23.238748046839756 ], [ 77.430471255190326, 23.238827546816722 ], [ 77.430578555190323, 23.238830046815998 ], [ 77.43058075519032, 23.238750546839022 ], [ 77.430473455190324, 23.238748046839756 ] ] ] } },
{ "type": "Feature", "properties": { }, "geometry": { "type": "Polygon", "coordinates": [ [ [ 77.42890435519034, 23.2414255460642 ], [ 77.428967055190327, 23.241492646044769 ], [ 77.42901505519032, 23.241454846055721 ], [ 77.428952355190333, 23.241387746075155 ], [ 77.42890435519034, 23.2414255460642 ] ] ] } },
{ "type": "Feature", "properties": { }, "geometry": { "type": "Polygon", "coordinates": [ [ [ 77.424617855190334, 23.240116046443518 ], [ 77.424681155190328, 23.240177646425671 ], [ 77.424974255190335, 23.23992314649939 ], [ 77.424910955190327, 23.239861646517205 ], [ 77.424617855190334, 23.240116046443518 ] ] ] } },
{ "type": "Feature", "properties": { }, "geometry": { "type": "Polygon", "coordinates": [ [ [ 77.428046055190336, 23.240610946300166 ], [ 77.42810295519034, 23.240640946291471 ], [ 77.428176655190342, 23.240522646325736 ], [ 77.428119755190323, 23.240492646334427 ], [ 77.428046055190336, 23.240610946300166 ] ] ] } },
{ "type": "Feature", "properties": { }, "geometry": { "type": "Polygon", "coordinates": [ [ [ 77.428845355190319, 23.240827846237337 ], [ 77.428909955190335, 23.240846546231914 ], [ 77.428938855190324, 23.240762146256369 ], [ 77.428874155190329, 23.240743446261785 ], [ 77.428845355190319, 23.240827846237337 ] ] ] } },
{ "type": "Feature", "properties": { }, "geometry": { "type": "Polygon", "coordinates": [ [ [ 77.43194395519032, 23.239394146652611 ], [ 77.432011055190316, 23.239599946593003 ], [ 77.432122555190318, 23.239569246601892 ], [ 77.432055555190317, 23.2393634466615 ], [ 77.43194395519032, 23.239394146652611 ] ] ] } },
{ "type": "Feature", "properties": { }, "geometry": { "type": "Polygon", "coordinates": [ [ [ 77.42901495519034, 23.240972046195566 ], [ 77.429113255190316, 23.240992646189596 ], [ 77.429132555190321, 23.240915046212081 ], [ 77.429034355190339, 23.240894346218074 ], [ 77.42901495519034, 23.240972046195566 ] ] ] } },
{ "type": "Feature", "properties": { }, "geometry": { "type": "Polygon", "coordinates": [ [ [ 77.427157555190334, 23.239862046517086 ], [ 77.427216255190331, 23.239894346507729 ], [ 77.42729135519032, 23.2397791465411 ], [ 77.427232655190323, 23.239746846550453 ], [ 77.427157555190334, 23.239862046517086 ] ] ] } },
{ "type": "Feature", "properties": { }, "geometry": { "type": "Polygon", "coordinates": [ [ [ 77.429518555190327, 23.238285946973591 ], [ 77.429599055190337, 23.238297846970148 ], [ 77.429619155190323, 23.238182647003509 ], [ 77.429538655190342, 23.238170747006958 ], [ 77.429518555190327, 23.238285946973591 ] ] ] } },
{ "type": "Feature", "properties": { }, "geometry": { "type": "Polygon", "coordinates": [ [ [ 77.431900355190322, 23.240357146373686 ], [ 77.432062655190336, 23.240320746384224 ], [ 77.432011155190324, 23.240126746440417 ], [ 77.431848855190324, 23.240163046429899 ], [ 77.431900355190322, 23.240357146373686 ] ] ] } },
{ "type": "Feature", "properties": { }, "geometry": { "type": "Polygon", "coordinates": [ [ [ 77.427408355190337, 23.239468346631124 ], [ 77.427520355190339, 23.239300746679667 ], [ 77.427401055190316, 23.23923344669916 ], [ 77.427289055190329, 23.239401046650617 ], [ 77.427408355190337, 23.239468346631124 ] ] ] } },
{ "type": "Feature", "properties": { }, "geometry": { "type": "Polygon", "coordinates": [ [ [ 77.429607055190331, 23.23832414696253 ], [ 77.429733855190321, 23.238348246955542 ], [ 77.429762555190322, 23.238220146992646 ], [ 77.429635855190327, 23.238196046999629 ], [ 77.429607055190331, 23.23832414696253 ] ] ] } },
{ "type": "Feature", "properties": { }, "geometry": { "type": "Polygon", "coordinates": [ [ [ 77.427599455190332, 23.239039246755407 ], [ 77.427550455190342, 23.239110146734873 ], [ 77.427657055190323, 23.23917234671686 ], [ 77.427706055190328, 23.239101446737386 ], [ 77.427599455190332, 23.239039246755407 ] ] ] } },
{ "type": "Feature", "properties": { }, "geometry": { "type": "Polygon", "coordinates": [ [ [ 77.427094555190337, 23.239830046526354 ], [ 77.427149455190317, 23.239860046517666 ], [ 77.427225955190337, 23.239741746551932 ], [ 77.427170955190334, 23.239711746560623 ], [ 77.427094555190337, 23.239830046526354 ] ] ] } },
{ "type": "Feature", "properties": { }, "geometry": { "type": "Polygon", "coordinates": [ [ [ 77.431780355190341, 23.237335547248851 ], [ 77.431867755190339, 23.237319347253543 ], [ 77.432001255190329, 23.2372421472759 ], [ 77.431973755190342, 23.237116847312187 ], [ 77.431741655190336, 23.237160047299678 ], [ 77.431780355190341, 23.237335547248851 ] ] ] } },
{ "type": "Feature", "properties": { }, "geometry": { "type": "Polygon", "coordinates": [ [ [ 77.424808555190324, 23.240298046390791 ], [ 77.424912955190337, 23.240386946365049 ], [ 77.424983655190317, 23.240316946385324 ], [ 77.425000355190335, 23.240331146381209 ], [ 77.425035755190322, 23.240296046391379 ], [ 77.425064355190315, 23.24032044638431 ], [ 77.425124255190326, 23.240261146401487 ], [ 77.425268655190337, 23.24038394636592 ], [ 77.425215255190324, 23.240436846350594 ], [ 77.425194355190342, 23.240419046355751 ], [ 77.425154455190338, 23.24045864634428 ], [ 77.425146755190326, 23.240452046346185 ], [ 77.425094655190335, 23.24050384633119 ], [ 77.425104755190333, 23.240512446328701 ], [ 77.425078755190327, 23.240538146321249 ], [ 77.425027255190315, 23.240494246333967 ], [ 77.424895255190322, 23.240625046296078 ], [ 77.424863555190342, 23.240598046303901 ], [ 77.424812855190339, 23.24064834628933 ], [ 77.424873955190336, 23.240700446274243 ], [ 77.42485075519032, 23.24072344626758 ], [ 77.424669155190315, 23.24056884631236 ], [ 77.424749855190328, 23.240488846335531 ], [ 77.424782855190315, 23.24051684632742 ], [ 77.42487005519034, 23.240430346352476 ], [ 77.424786155190318, 23.240356146373969 ], [ 77.424531455190319, 23.240584146307931 ], [ 77.424729855190336, 23.240753146258974 ], [ 77.424761455190321, 23.240721746268068 ], [ 77.424785455190332, 23.240742146262157 ], [ 77.424737955190324, 23.240789246248514 ], [ 77.424871955190341, 23.240903346215465 ], [ 77.425374855190327, 23.240404646359927 ], [ 77.425345955190338, 23.240380046367044 ], [ 77.425377655190331, 23.240348546376165 ], [ 77.425322155190329, 23.240301246389869 ], [ 77.425297055190327, 23.24032614638266 ], [ 77.425256855190327, 23.240291846392594 ], [ 77.425281855190335, 23.240267046399779 ], [ 77.425236255190327, 23.240228146411045 ], [ 77.425209555190321, 23.240254546403396 ], [ 77.425163955190342, 23.240215746414638 ], [ 77.425196955190316, 23.240183046424107 ], [ 77.425144255190318, 23.240138146437111 ], [ 77.425102355190333, 23.240179646425094 ], [ 77.425070455190337, 23.240152446432973 ], [ 77.425026655190322, 23.240195846420395 ], [ 77.425037755190317, 23.240205246417677 ], [ 77.424982555190326, 23.240259946401832 ], [ 77.424974855190328, 23.240253446403717 ], [ 77.424960255190342, 23.240267946399516 ], [ 77.424912955190337, 23.240227646411189 ], [ 77.424873555190331, 23.240266746399865 ], [ 77.424855555190319, 23.240251446404294 ], [ 77.424808555190324, 23.240298046390791 ] ] ] } },
{ "type": "Feature", "properties": { }, "geometry": { "type": "Polygon", "coordinates": [ [ [ 77.432163255190318, 23.239275146687078 ], [ 77.432179255190334, 23.239329446671352 ], [ 77.432299355190338, 23.23929944668004 ], [ 77.432320855190341, 23.239372446658894 ], [ 77.432395955190316, 23.239353746664317 ], [ 77.432358355190331, 23.239226546701158 ], [ 77.432163255190318, 23.239275146687078 ] ] ] } },
{ "type": "Feature", "properties": { }, "geometry": { "type": "Polygon", "coordinates": [ [ [ 77.428029955190325, 23.240588246306746 ], [ 77.428085555190322, 23.240501346331911 ], [ 77.428023955190326, 23.240468046341554 ], [ 77.427987555190327, 23.240524946325078 ], [ 77.427970955190332, 23.24051594632768 ], [ 77.427951755190335, 23.240545946318989 ], [ 77.428029955190325, 23.240588246306746 ] ] ] } },
{ "type": "Feature", "properties": { }, "geometry": { "type": "Polygon", "coordinates": [ [ [ 77.431220855190318, 23.237242647275757 ], [ 77.43125625519032, 23.237424447223095 ], [ 77.431280455190318, 23.237420447224267 ], [ 77.431290055190331, 23.237470047209897 ], [ 77.431696655190322, 23.237403247229242 ], [ 77.431651655190336, 23.237171947296236 ], [ 77.431220855190318, 23.237242647275757 ] ] ] } },
{ "type": "Feature", "properties": { }, "geometry": { "type": "Polygon", "coordinates": [ [ [ 77.425371555190324, 23.241806145953959 ], [ 77.425576755190335, 23.241912145923251 ], [ 77.425605755190318, 23.241864745936979 ], [ 77.425531855190329, 23.241826545948047 ], [ 77.425558855190332, 23.241782545960792 ], [ 77.425427455190331, 23.241714745980431 ], [ 77.425371555190324, 23.241806145953959 ] ] ] } },
{ "type": "Feature", "properties": { }, "geometry": { "type": "Polygon", "coordinates": [ [ [ 77.430556555190321, 23.240476646339065 ], [ 77.430604155190338, 23.240508746329763 ], [ 77.430626755190318, 23.240457546344601 ], [ 77.430570055190316, 23.240281646395548 ], [ 77.430485755190332, 23.240304646388882 ], [ 77.430495955190324, 23.240336046379792 ], [ 77.430510055190339, 23.240332246380895 ], [ 77.430556555190321, 23.240476646339065 ] ] ] } },
{ "type": "Feature", "properties": { }, "geometry": { "type": "Polygon", "coordinates": [ [ [ 77.432184255190322, 23.238422346934087 ], [ 77.432225655190322, 23.238569246891537 ], [ 77.432185355190327, 23.238578846888757 ], [ 77.432202655190338, 23.238640146871006 ], [ 77.432225955190333, 23.238634546872621 ], [ 77.432301255190325, 23.23890154679529 ], [ 77.432415555190317, 23.238874346803165 ], [ 77.432281655190323, 23.238399246940777 ], [ 77.432184255190322, 23.238422346934087 ] ] ] } },
{ "type": "Feature", "properties": { }, "geometry": { "type": "Polygon", "coordinates": [ [ [ 77.43011405519033, 23.238632246873287 ], [ 77.430287055190334, 23.238665546863647 ], [ 77.430377355190316, 23.238268846978549 ], [ 77.430204355190341, 23.238235646988151 ], [ 77.43015985519034, 23.238431146931536 ], [ 77.430054655190332, 23.238410946937389 ], [ 77.430026555190324, 23.238534146901703 ], [ 77.430131755190317, 23.238554446895822 ], [ 77.43011405519033, 23.238632246873287 ] ] ] } },
{ "type": "Feature", "properties": { }, "geometry": { "type": "Polygon", "coordinates": [ [ [ 77.423914655190316, 23.240241246407251 ], [ 77.424103555190328, 23.24042104635517 ], [ 77.42421155519034, 23.240325246382916 ], [ 77.424153155190325, 23.240269546399055 ], [ 77.424119055190332, 23.240299746390303 ], [ 77.424069055190316, 23.240252146404085 ], [ 77.424103055190315, 23.240221946412841 ], [ 77.424022655190328, 23.240145446434994 ], [ 77.423914655190316, 23.240241246407251 ] ] ] } },
{ "type": "Feature", "properties": { }, "geometry": { "type": "Polygon", "coordinates": [ [ [ 77.431671755190322, 23.239628246584804 ], [ 77.431974655190317, 23.239556446605604 ], [ 77.431927955190332, 23.239390346653714 ], [ 77.431845755190324, 23.239409846648066 ], [ 77.43182585519034, 23.239339146668545 ], [ 77.431735855190325, 23.239360446662367 ], [ 77.431755755190323, 23.239431246641864 ], [ 77.431625055190324, 23.239462246632886 ], [ 77.431671755190322, 23.239628246584804 ] ] ] } },
{ "type": "Feature", "properties": { }, "geometry": { "type": "Polygon", "coordinates": [ [ [ 77.424538755190341, 23.241879745932639 ], [ 77.424683055190329, 23.241952345911606 ], [ 77.424669255190338, 23.241975545904882 ], [ 77.42477135519033, 23.242026845890024 ], [ 77.424785155190321, 23.242003645896745 ], [ 77.425011155190319, 23.242117345863811 ], [ 77.425225155190319, 23.241758045967892 ], [ 77.424752755190326, 23.241520446036713 ], [ 77.424570855190339, 23.24171834597939 ], [ 77.424538755190341, 23.241879745932639 ] ] ] } },
{ "type": "Feature", "properties": { }, "geometry": { "type": "Polygon", "coordinates": [ [ [ 77.425941855190331, 23.241234246119618 ], [ 77.42600075519033, 23.241263046111275 ], [ 77.426172355190317, 23.240967346196932 ], [ 77.426113555190341, 23.240938446205302 ], [ 77.425941855190331, 23.241234246119618 ] ] ] } },
{ "type": "Feature", "properties": { }, "geometry": { "type": "Polygon", "coordinates": [ [ [ 77.43804655519034, 23.239444246638097 ], [ 77.438130355190324, 23.239469646630742 ], [ 77.438177955190341, 23.2393365466693 ], [ 77.438094155190342, 23.239311246676625 ], [ 77.43804655519034, 23.239444246638097 ] ] ] } },
{ "type": "Feature", "properties": { }, "geometry": { "type": "Polygon", "coordinates": [ [ [ 77.432956955190335, 23.239842646522703 ], [ 77.433128555190322, 23.239801946534488 ], [ 77.433078155190316, 23.239622846586368 ], [ 77.432906655190322, 23.239663646574552 ], [ 77.432956955190335, 23.239842646522703 ] ] ] } },
{ "type": "Feature", "properties": { }, "geometry": { "type": "Polygon", "coordinates": [ [ [ 77.433040755190333, 23.239314546675665 ], [ 77.433154155190323, 23.239307246677779 ], [ 77.433142455190321, 23.239156046721575 ], [ 77.433029155190326, 23.239163446719434 ], [ 77.433040755190333, 23.239314546675665 ] ] ] } },
{ "type": "Feature", "properties": { }, "geometry": { "type": "Polygon", "coordinates": [ [ [ 77.434575055190336, 23.239105146736318 ], [ 77.434757355190342, 23.239140246726162 ], [ 77.43477175519034, 23.239077346744367 ], [ 77.434589355190326, 23.239042246754536 ], [ 77.434575055190336, 23.239105146736318 ] ] ] } },
{ "type": "Feature", "properties": { }, "geometry": { "type": "Polygon", "coordinates": [ [ [ 77.432820855190343, 23.239546246608558 ], [ 77.433052855190326, 23.239492046624253 ], [ 77.43303435519033, 23.239425246643606 ], [ 77.432802355190333, 23.239479446627904 ], [ 77.432820855190343, 23.239546246608558 ] ] ] } },
{ "type": "Feature", "properties": { }, "geometry": { "type": "Polygon", "coordinates": [ [ [ 77.433724055190325, 23.238469246920502 ], [ 77.433918255190321, 23.238527846903526 ], [ 77.433977255190328, 23.238362646951376 ], [ 77.433783055190318, 23.238304146968318 ], [ 77.433724055190325, 23.238469246920502 ] ] ] } },
{ "type": "Feature", "properties": { }, "geometry": { "type": "Polygon", "coordinates": [ [ [ 77.438386455190326, 23.239526846614179 ], [ 77.438468055190327, 23.239550546607312 ], [ 77.43851235519034, 23.23942174664462 ], [ 77.438430755190325, 23.239398046651488 ], [ 77.438386455190326, 23.239526846614179 ] ] ] } },
{ "type": "Feature", "properties": { }, "geometry": { "type": "Polygon", "coordinates": [ [ [ 77.433074355190342, 23.239523446615163 ], [ 77.43326605519033, 23.239481546627296 ], [ 77.433234155190334, 23.23935814666304 ], [ 77.433042355190324, 23.239400046650903 ], [ 77.433074355190342, 23.239523446615163 ] ] ] } },
{ "type": "Feature", "properties": { }, "geometry": { "type": "Polygon", "coordinates": [ [ [ 77.43339285519032, 23.239943646493455 ], [ 77.43356185519032, 23.239909146503447 ], [ 77.433543255190315, 23.239832246525719 ], [ 77.433374255190316, 23.239866746515723 ], [ 77.43339285519032, 23.239943646493455 ] ] ] } },
{ "type": "Feature", "properties": { }, "geometry": { "type": "Polygon", "coordinates": [ [ [ 77.438838055190317, 23.239316746675033 ], [ 77.439061355190333, 23.239380846656463 ], [ 77.439094155190318, 23.239284246684445 ], [ 77.438870855190331, 23.239220146703016 ], [ 77.438838055190317, 23.239316746675033 ] ] ] } },
{ "type": "Feature", "properties": { }, "geometry": { "type": "Polygon", "coordinates": [ [ [ 77.433357955190317, 23.239763746545567 ], [ 77.433527655190318, 23.239724346556969 ], [ 77.433477455190328, 23.239542246609716 ], [ 77.433307855190336, 23.239581646598307 ], [ 77.433357955190317, 23.239763746545567 ] ] ] } },
{ "type": "Feature", "properties": { }, "geometry": { "type": "Polygon", "coordinates": [ [ [ 77.438147055190342, 23.23948434662649 ], [ 77.438268355190331, 23.239516746617106 ], [ 77.43831935519033, 23.239355946663675 ], [ 77.438198055190327, 23.239323546673059 ], [ 77.438147055190342, 23.23948434662649 ] ] ] } },
{ "type": "Feature", "properties": { }, "geometry": { "type": "Polygon", "coordinates": [ [ [ 77.432602855190339, 23.238065247037515 ], [ 77.432828355190324, 23.238150547012804 ], [ 77.432893555190333, 23.238004847054999 ], [ 77.432668155190342, 23.237919647079678 ], [ 77.432602855190339, 23.238065247037515 ] ] ] } },
{ "type": "Feature", "properties": { }, "geometry": { "type": "Polygon", "coordinates": [ [ [ 77.433300955190319, 23.237991147058974 ], [ 77.433275355190332, 23.238088747030705 ], [ 77.433486555190328, 23.238135547017148 ], [ 77.433512155190343, 23.238037947045417 ], [ 77.433300955190319, 23.237991147058974 ] ] ] } },
{ "type": "Feature", "properties": { }, "geometry": { "type": "Polygon", "coordinates": [ [ [ 77.433329755190343, 23.238288246972921 ], [ 77.433512155190343, 23.238366346950301 ], [ 77.433573855190332, 23.238244746985522 ], [ 77.433391455190332, 23.238166747008115 ], [ 77.433329755190343, 23.238288246972921 ] ] ] } },
{ "type": "Feature", "properties": { }, "geometry": { "type": "Polygon", "coordinates": [ [ [ 77.434116355190326, 23.23897384677435 ], [ 77.434355755190339, 23.239031746757576 ], [ 77.434374655190325, 23.238965646776727 ], [ 77.434135255190341, 23.23890774679349 ], [ 77.434116355190326, 23.23897384677435 ] ] ] } },
{ "type": "Feature", "properties": { }, "geometry": { "type": "Polygon", "coordinates": [ [ [ 77.433559155190324, 23.238400846940316 ], [ 77.433671255190333, 23.23844884692641 ], [ 77.433737455190339, 23.238318246964234 ], [ 77.43362535519033, 23.238270246978136 ], [ 77.433559155190324, 23.238400846940316 ] ] ] } },
{ "type": "Feature", "properties": { }, "geometry": { "type": "Polygon", "coordinates": [ [ [ 77.433274855190334, 23.239455646634799 ], [ 77.433376755190324, 23.2394328466414 ], [ 77.433343755190322, 23.239308246677496 ], [ 77.433241755190338, 23.239331046670891 ], [ 77.433274855190334, 23.239455646634799 ] ] ] } },
{ "type": "Feature", "properties": { }, "geometry": { "type": "Polygon", "coordinates": [ [ [ 77.433033055190322, 23.240663146285044 ], [ 77.43340895519033, 23.240573446311025 ], [ 77.433290055190326, 23.240152746432884 ], [ 77.432914055190324, 23.240242446406899 ], [ 77.433033055190322, 23.240663146285044 ] ] ] } },
{ "type": "Feature", "properties": { }, "geometry": { "type": "Polygon", "coordinates": [ [ [ 77.43790675519034, 23.239407846648643 ], [ 77.438025755190324, 23.23943814663987 ], [ 77.438069855190335, 23.239291746682273 ], [ 77.437950855190337, 23.239261446691049 ], [ 77.43790675519034, 23.239407846648643 ] ] ] } },
{ "type": "Feature", "properties": { }, "geometry": { "type": "Polygon", "coordinates": [ [ [ 77.433422355190331, 23.237997847057031 ], [ 77.43355265519034, 23.23802344704961 ], [ 77.433603655190325, 23.237804147113131 ], [ 77.433473255190336, 23.237778547120545 ], [ 77.433422355190331, 23.237997847057031 ] ] ] } },
{ "type": "Feature", "properties": { }, "geometry": { "type": "Polygon", "coordinates": [ [ [ 77.437863355190331, 23.239598846593321 ], [ 77.437980455190328, 23.239623546586166 ], [ 77.438015655190327, 23.239482246627098 ], [ 77.43789855519033, 23.239457646634218 ], [ 77.437863355190331, 23.239598846593321 ] ] ] } },
{ "type": "Feature", "properties": { }, "geometry": { "type": "Polygon", "coordinates": [ [ [ 77.433854155190332, 23.237906647083445 ], [ 77.434031555190316, 23.23794694707178 ], [ 77.43408525519034, 23.237747347129584 ], [ 77.433907855190327, 23.23770704714126 ], [ 77.433854155190332, 23.237906647083445 ] ] ] } },
{ "type": "Feature", "properties": { }, "geometry": { "type": "Polygon", "coordinates": [ [ [ 77.437985755190326, 23.239624546585873 ], [ 77.438084955190334, 23.239650346578404 ], [ 77.438125255190343, 23.239519046616429 ], [ 77.438026055190321, 23.239493246623908 ], [ 77.437985755190326, 23.239624546585873 ] ] ] } },
{ "type": "Feature", "properties": { }, "geometry": { "type": "Polygon", "coordinates": [ [ [ 77.432770555190331, 23.239384846655305 ], [ 77.43302135519032, 23.239354046664225 ], [ 77.432991255190316, 23.239147346724096 ], [ 77.432740455190327, 23.239178146715172 ], [ 77.432770555190331, 23.239384846655305 ] ] ] } },
{ "type": "Feature", "properties": { }, "geometry": { "type": "Polygon", "coordinates": [ [ [ 77.433149455190332, 23.239777946541448 ], [ 77.433316355190343, 23.239741546551993 ], [ 77.433274655190331, 23.239579746598857 ], [ 77.433107655190327, 23.239616146588311 ], [ 77.433149455190332, 23.239777946541448 ] ] ] } },
{ "type": "Feature", "properties": { }, "geometry": { "type": "Polygon", "coordinates": [ [ [ 77.434315555190324, 23.237816747109481 ], [ 77.434247355190323, 23.23804084704458 ], [ 77.434487455190322, 23.23810254702671 ], [ 77.434555555190343, 23.237878347091641 ], [ 77.434315555190324, 23.237816747109481 ] ] ] } },
{ "type": "Feature", "properties": { }, "geometry": { "type": "Polygon", "coordinates": [ [ [ 77.438874955190329, 23.241102946157646 ], [ 77.439076055190327, 23.241130046149795 ], [ 77.439104355190338, 23.24095274620116 ], [ 77.43890325519034, 23.240925646209007 ], [ 77.438874955190329, 23.241102946157646 ] ] ] } },
{ "type": "Feature", "properties": { }, "geometry": { "type": "Polygon", "coordinates": [ [ [ 77.434589755190316, 23.238899946795751 ], [ 77.434746155190339, 23.23896554677675 ], [ 77.434803155190323, 23.238850946809947 ], [ 77.434646755190343, 23.238785346828948 ], [ 77.434589755190316, 23.238899946795751 ] ] ] } },
{ "type": "Feature", "properties": { }, "geometry": { "type": "Polygon", "coordinates": [ [ [ 77.433632655190323, 23.237870947093789 ], [ 77.433818855190324, 23.237917147080406 ], [ 77.433881455190317, 23.237703747142209 ], [ 77.433695255190315, 23.237657547155596 ], [ 77.433632655190323, 23.237870947093789 ] ] ] } },
{ "type": "Feature", "properties": { }, "geometry": { "type": "Polygon", "coordinates": [ [ [ 77.434720555190324, 23.237927647077367 ], [ 77.434837255190317, 23.237947747071541 ], [ 77.43487875519034, 23.237744447130421 ], [ 77.434762055190333, 23.23772434713624 ], [ 77.434720555190324, 23.237927647077367 ] ] ] } },
{ "type": "Feature", "properties": { }, "geometry": { "type": "Polygon", "coordinates": [ [ [ 77.434386555190315, 23.239082346742922 ], [ 77.434475955190337, 23.239103046736929 ], [ 77.434505555190327, 23.238995846767978 ], [ 77.434416055190326, 23.238975146773974 ], [ 77.434386555190315, 23.239082346742922 ] ] ] } },
{ "type": "Feature", "properties": { }, "geometry": { "type": "Polygon", "coordinates": [ [ [ 77.433238555190343, 23.239301646679404 ], [ 77.433341155190334, 23.239277046686535 ], [ 77.433297555190336, 23.239123746730932 ], [ 77.433195055190339, 23.239148446723778 ], [ 77.433238555190343, 23.239301646679404 ] ] ] } },
{ "type": "Feature", "properties": { }, "geometry": { "type": "Polygon", "coordinates": [ [ [ 77.438283255190342, 23.239512046618465 ], [ 77.438374355190334, 23.239538346610846 ], [ 77.438417955190317, 23.239410846647772 ], [ 77.438326755190317, 23.239384546655391 ], [ 77.438283255190342, 23.239512046618465 ] ] ] } },
{ "type": "Feature", "properties": { }, "geometry": { "type": "Polygon", "coordinates": [ [ [ 77.434829155190329, 23.238207346996354 ], [ 77.43507855519033, 23.238260346981008 ], [ 77.435131355190322, 23.23805054704177 ], [ 77.43488195519032, 23.237997547057116 ], [ 77.434829155190329, 23.238207346996354 ] ] ] } },
{ "type": "Feature", "properties": { }, "geometry": { "type": "Polygon", "coordinates": [ [ [ 77.433288555190316, 23.237954447069598 ], [ 77.433400855190328, 23.237975047063632 ], [ 77.433446555190315, 23.237765147124424 ], [ 77.433288855190327, 23.237736147132825 ], [ 77.433256755190342, 23.237883847090053 ], [ 77.433288555190316, 23.237954447069598 ] ] ] } },
{ "type": "Feature", "properties": { }, "geometry": { "type": "Polygon", "coordinates": [ [ [ 77.438097755190341, 23.239639046581679 ], [ 77.438215955190316, 23.239669346572899 ], [ 77.438238455190316, 23.239595146594393 ], [ 77.43822265519033, 23.239591046595582 ], [ 77.43823445519034, 23.239552046606878 ], [ 77.438132055190337, 23.239525846614466 ], [ 77.438097755190341, 23.239639046581679 ] ] ] } },
{ "type": "Feature", "properties": { }, "geometry": { "type": "Polygon", "coordinates": [ [ [ 77.433197055190334, 23.237659047155155 ], [ 77.433593955190318, 23.237732947133757 ], [ 77.433662055190339, 23.237424247223156 ], [ 77.433225455190339, 23.23734284724674 ], [ 77.433197655190327, 23.237468947210214 ], [ 77.433237355190329, 23.237476347208073 ], [ 77.433197055190334, 23.237659047155155 ] ] ] } },
{ "type": "Feature", "properties": { }, "geometry": { "type": "Polygon", "coordinates": [ [ [ 77.434228355190342, 23.238186447002406 ], [ 77.434167955190333, 23.238375146947753 ], [ 77.434421855190337, 23.238443746927892 ], [ 77.434381855190324, 23.238568946891629 ], [ 77.434625455190329, 23.238634746872563 ], [ 77.434725855190337, 23.238320746963513 ], [ 77.434228355190342, 23.238186447002406 ] ] ] } },
{ "type": "Feature", "properties": { }, "geometry": { "type": "Polygon", "coordinates": [ [ [ 77.432449355190329, 23.239504946620521 ], [ 77.432658555190329, 23.239466746631585 ], [ 77.432643555190339, 23.239397546651631 ], [ 77.432737855190325, 23.23938034665661 ], [ 77.432719555190332, 23.239295846681085 ], [ 77.432689855190333, 23.239301346679493 ], [ 77.432669455190322, 23.239207246706744 ], [ 77.432395755190328, 23.239257246692269 ], [ 77.432449355190329, 23.239504946620521 ] ] ] } },
{ "type": "Feature", "properties": { }, "geometry": { "type": "Polygon", "coordinates": [ [ [ 77.438235055190333, 23.239671346572326 ], [ 77.438317055190325, 23.239691246566558 ], [ 77.438350755190342, 23.239573846600564 ], [ 77.438241255190334, 23.239547346608237 ], [ 77.438229455190339, 23.23958874659624 ], [ 77.438245655190329, 23.239592646595117 ], [ 77.438234255190324, 23.239632646583537 ], [ 77.438245455190327, 23.239635346582752 ], [ 77.438235055190333, 23.239671346572326 ] ] ] } },
{ "type": "Feature", "properties": { }, "geometry": { "type": "Polygon", "coordinates": [ [ [ 77.443487355190342, 23.238389646943556 ], [ 77.443484055190339, 23.238505746909926 ], [ 77.443526455190337, 23.238506746909636 ], [ 77.443525255190337, 23.238546646898083 ], [ 77.443608455190315, 23.238548646897506 ], [ 77.443609555190321, 23.238510546908543 ], [ 77.443590555190326, 23.238510146908656 ], [ 77.443593955190337, 23.238392146942829 ], [ 77.443487355190342, 23.238389646943556 ] ] ] } },
{ "type": "Feature", "properties": { }, "geometry": { "type": "Polygon", "coordinates": [ [ [ 77.44366955519034, 23.239322146673469 ], [ 77.443770055190328, 23.239272246687921 ], [ 77.443726155190333, 23.239197446709586 ], [ 77.443625555190323, 23.23924734669513 ], [ 77.44366955519034, 23.239322146673469 ] ] ] } },
{ "type": "Feature", "properties": { }, "geometry": { "type": "Polygon", "coordinates": [ [ [ 77.441899255190336, 23.240331346381158 ], [ 77.441922755190333, 23.240362946372002 ], [ 77.442003155190321, 23.240312346386652 ], [ 77.441979755190317, 23.240280846395777 ], [ 77.441899255190336, 23.240331346381158 ] ] ] } },
{ "type": "Feature", "properties": { }, "geometry": { "type": "Polygon", "coordinates": [ [ [ 77.441659155190337, 23.239705346562477 ], [ 77.441725055190332, 23.239798446535509 ], [ 77.441805555190328, 23.239750346549446 ], [ 77.441739655190332, 23.239657346576386 ], [ 77.441659155190337, 23.239705346562477 ] ] ] } },
{ "type": "Feature", "properties": { }, "geometry": { "type": "Polygon", "coordinates": [ [ [ 77.443395955190326, 23.239256146692583 ], [ 77.443420055190316, 23.2392902466827 ], [ 77.443462255190326, 23.239264946690035 ], [ 77.443438155190321, 23.23923094669988 ], [ 77.443395955190326, 23.239256146692583 ] ] ] } },
{ "type": "Feature", "properties": { }, "geometry": { "type": "Polygon", "coordinates": [ [ [ 77.441942155190318, 23.240176046426132 ], [ 77.442054855190321, 23.240114446443982 ], [ 77.44199885519032, 23.240028146468976 ], [ 77.441886255190326, 23.24008974645113 ], [ 77.441942155190318, 23.240176046426132 ] ] ] } },
{ "type": "Feature", "properties": { }, "geometry": { "type": "Polygon", "coordinates": [ [ [ 77.442191655190342, 23.239260546691305 ], [ 77.442316355190329, 23.239198846709183 ], [ 77.44226135519034, 23.239104846736403 ], [ 77.442136655190325, 23.239166446718563 ], [ 77.442191655190342, 23.239260546691305 ] ] ] } },
{ "type": "Feature", "properties": { }, "geometry": { "type": "Polygon", "coordinates": [ [ [ 77.441710155190322, 23.239006646764857 ], [ 77.441863055190339, 23.23901284676306 ], [ 77.441867855190324, 23.23891114679251 ], [ 77.441715055190315, 23.238904946794307 ], [ 77.441710155190322, 23.239006646764857 ] ] ] } },
{ "type": "Feature", "properties": { }, "geometry": { "type": "Polygon", "coordinates": [ [ [ 77.442140655190343, 23.239871746514275 ], [ 77.442227855190325, 23.239823646528208 ], [ 77.442110455190317, 23.239643946580262 ], [ 77.442023255190335, 23.239691946566357 ], [ 77.442140655190343, 23.239871746514275 ] ] ] } },
{ "type": "Feature", "properties": { }, "geometry": { "type": "Polygon", "coordinates": [ [ [ 77.443014355190343, 23.238986346770734 ], [ 77.44306405519032, 23.23897614677368 ], [ 77.443047355190316, 23.238907146793665 ], [ 77.442997655190339, 23.238917346790707 ], [ 77.443014355190343, 23.238986346770734 ] ] ] } },
{ "type": "Feature", "properties": { }, "geometry": { "type": "Polygon", "coordinates": [ [ [ 77.443200755190318, 23.23936774666026 ], [ 77.443241455190332, 23.239420946644852 ], [ 77.443331255190316, 23.239362946661647 ], [ 77.443290655190339, 23.239309746677055 ], [ 77.443200755190318, 23.23936774666026 ] ] ] } },
{ "type": "Feature", "properties": { }, "geometry": { "type": "Polygon", "coordinates": [ [ [ 77.442396855190339, 23.240299346390422 ], [ 77.442505455190343, 23.240248846405052 ], [ 77.442430455190319, 23.240112646444501 ], [ 77.442321855190343, 23.240163146429872 ], [ 77.442396855190339, 23.240299346390422 ] ] ] } },
{ "type": "Feature", "properties": { }, "geometry": { "type": "Polygon", "coordinates": [ [ [ 77.442435655190337, 23.239657346576386 ], [ 77.442486055190315, 23.239733046554452 ], [ 77.442606755190326, 23.239665246574091 ], [ 77.442556355190334, 23.239589546596015 ], [ 77.442435655190337, 23.239657346576386 ] ] ] } },
{ "type": "Feature", "properties": { }, "geometry": { "type": "Polygon", "coordinates": [ [ [ 77.442026655190318, 23.239669646572814 ], [ 77.442125955190335, 23.23961294658924 ], [ 77.441993855190319, 23.239417746645781 ], [ 77.441894555190316, 23.239474346629386 ], [ 77.442026655190318, 23.239669646572814 ] ] ] } },
{ "type": "Feature", "properties": { }, "geometry": { "type": "Polygon", "coordinates": [ [ [ 77.441431255190324, 23.238893246797691 ], [ 77.441500955190321, 23.23889574679697 ], [ 77.441506755190318, 23.238757546836997 ], [ 77.441436955190341, 23.238755046837724 ], [ 77.441431255190324, 23.238893246797691 ] ] ] } },
{ "type": "Feature", "properties": { }, "geometry": { "type": "Polygon", "coordinates": [ [ [ 77.442106955190326, 23.23909894673811 ], [ 77.442240055190339, 23.239094046739538 ], [ 77.442234655190333, 23.238967246776259 ], [ 77.442101455190326, 23.238972146774842 ], [ 77.442106955190326, 23.23909894673811 ] ] ] } },
{ "type": "Feature", "properties": { }, "geometry": { "type": "Polygon", "coordinates": [ [ [ 77.441439255190318, 23.239599346593174 ], [ 77.441461055190331, 23.239629146584541 ], [ 77.441526755190338, 23.239588446596329 ], [ 77.441504955190339, 23.239558746604942 ], [ 77.441439255190318, 23.239599346593174 ] ] ] } },
{ "type": "Feature", "properties": { }, "geometry": { "type": "Polygon", "coordinates": [ [ [ 77.442531555190328, 23.239403446649924 ], [ 77.442493355190322, 23.239334446669908 ], [ 77.442442855190336, 23.239358046663071 ], [ 77.442481055190342, 23.239427046643083 ], [ 77.442531555190328, 23.239403446649924 ] ] ] } },
{ "type": "Feature", "properties": { }, "geometry": { "type": "Polygon", "coordinates": [ [ [ 77.443195455190335, 23.238951146780924 ], [ 77.443217855190341, 23.238994046768497 ], [ 77.443255455190339, 23.238977346773336 ], [ 77.443232955190325, 23.238934546785732 ], [ 77.443195455190335, 23.238951146780924 ] ] ] } },
{ "type": "Feature", "properties": { }, "geometry": { "type": "Polygon", "coordinates": [ [ [ 77.441478155190325, 23.239420746644907 ], [ 77.441554655190316, 23.239543346609402 ], [ 77.441645855190316, 23.239495246623328 ], [ 77.441569355190325, 23.239372646658836 ], [ 77.441478155190325, 23.239420746644907 ] ] ] } },
{ "type": "Feature", "properties": { }, "geometry": { "type": "Polygon", "coordinates": [ [ [ 77.443163255190328, 23.239815646530523 ], [ 77.443245055190317, 23.239770046543736 ], [ 77.443199555190319, 23.23970104656372 ], [ 77.443117755190343, 23.239746646550508 ], [ 77.443163255190328, 23.239815646530523 ] ] ] } },
{ "type": "Feature", "properties": { }, "geometry": { "type": "Polygon", "coordinates": [ [ [ 77.441734355190334, 23.239922246499649 ], [ 77.441852355190335, 23.240088646451454 ], [ 77.441917455190335, 23.240049546462782 ], [ 77.441799455190335, 23.239883246510946 ], [ 77.441734355190334, 23.239922246499649 ] ] ] } },
{ "type": "Feature", "properties": { }, "geometry": { "type": "Polygon", "coordinates": [ [ [ 77.442044755190324, 23.239213946704808 ], [ 77.441966955190324, 23.239070246746429 ], [ 77.441848455190339, 23.239124346730758 ], [ 77.441926255190339, 23.239268046689137 ], [ 77.442044755190324, 23.239213946704808 ] ] ] } },
{ "type": "Feature", "properties": { }, "geometry": { "type": "Polygon", "coordinates": [ [ [ 77.442984255190339, 23.239635746582639 ], [ 77.443032955190318, 23.239627446585036 ], [ 77.443014855190327, 23.239538046610932 ], [ 77.442966155190334, 23.239546346608527 ], [ 77.442984255190339, 23.239635746582639 ] ] ] } },
{ "type": "Feature", "properties": { }, "geometry": { "type": "Polygon", "coordinates": [ [ [ 77.443353855190338, 23.238733546843946 ], [ 77.443490955190327, 23.238734946843543 ], [ 77.44349275519032, 23.2385866468865 ], [ 77.443355655190317, 23.23858514688693 ], [ 77.443353855190338, 23.238733546843946 ] ] ] } },
{ "type": "Feature", "properties": { }, "geometry": { "type": "Polygon", "coordinates": [ [ [ 77.442578155190333, 23.238487246915291 ], [ 77.442721155190341, 23.238495446912911 ], [ 77.442727655190339, 23.238399146940804 ], [ 77.442584655190316, 23.238390946943181 ], [ 77.442578155190333, 23.238487246915291 ] ] ] } },
{ "type": "Feature", "properties": { }, "geometry": { "type": "Polygon", "coordinates": [ [ [ 77.441694055190325, 23.240431146352243 ], [ 77.441762455190329, 23.240396646362242 ], [ 77.441679655190327, 23.240258046402385 ], [ 77.441611355190332, 23.240292546392396 ], [ 77.441694055190325, 23.240431146352243 ] ] ] } },
{ "type": "Feature", "properties": { }, "geometry": { "type": "Polygon", "coordinates": [ [ [ 77.442540355190317, 23.238876646802503 ], [ 77.442576555190328, 23.238876346802595 ], [ 77.442575955190335, 23.238807346822576 ], [ 77.44253965519033, 23.23880764682249 ], [ 77.442540355190317, 23.238876646802503 ] ] ] } },
{ "type": "Feature", "properties": { }, "geometry": { "type": "Polygon", "coordinates": [ [ [ 77.441704455190333, 23.238560546894053 ], [ 77.441781055190333, 23.238559846894262 ], [ 77.441779755190325, 23.238430446931734 ], [ 77.441703155190325, 23.238431146931536 ], [ 77.441704455190333, 23.238560546894053 ] ] ] } },
{ "type": "Feature", "properties": { }, "geometry": { "type": "Polygon", "coordinates": [ [ [ 77.44322035519032, 23.238725346846323 ], [ 77.443339755190323, 23.238726646845951 ], [ 77.443341355190341, 23.238597746883286 ], [ 77.443221955190324, 23.238596446883662 ], [ 77.44322035519032, 23.238725346846323 ] ] ] } },
{ "type": "Feature", "properties": { }, "geometry": { "type": "Polygon", "coordinates": [ [ [ 77.443707755190331, 23.239410846647772 ], [ 77.443679555190329, 23.239368946659908 ], [ 77.443649855190316, 23.239385746655049 ], [ 77.443678055190318, 23.239427646642913 ], [ 77.443707755190331, 23.239410846647772 ] ] ] } },
{ "type": "Feature", "properties": { }, "geometry": { "type": "Polygon", "coordinates": [ [ [ 77.442052155190325, 23.240547046318682 ], [ 77.442088355190336, 23.240526046324756 ], [ 77.442065455190331, 23.240492546334458 ], [ 77.44202925519032, 23.240513546328376 ], [ 77.442052155190325, 23.240547046318682 ] ] ] } },
{ "type": "Feature", "properties": { }, "geometry": { "type": "Polygon", "coordinates": [ [ [ 77.441753055190333, 23.239837246524267 ], [ 77.441825455190326, 23.239796546536056 ], [ 77.441804055190318, 23.239764346545385 ], [ 77.441731655190338, 23.239804946533624 ], [ 77.441753055190333, 23.239837246524267 ] ] ] } },
{ "type": "Feature", "properties": { }, "geometry": { "type": "Polygon", "coordinates": [ [ [ 77.443448255190319, 23.239223546702032 ], [ 77.443470055190318, 23.239253546693337 ], [ 77.443529155190333, 23.239217146703879 ], [ 77.44350725519034, 23.239187146712567 ], [ 77.443448255190319, 23.239223546702032 ] ] ] } },
{ "type": "Feature", "properties": { }, "geometry": { "type": "Polygon", "coordinates": [ [ [ 77.441826855190342, 23.240226646411479 ], [ 77.441862355190324, 23.240274446397635 ], [ 77.441946855190338, 23.240221446412992 ], [ 77.441911355190328, 23.240173646426829 ], [ 77.441826855190342, 23.240226646411479 ] ] ] } },
{ "type": "Feature", "properties": { }, "geometry": { "type": "Polygon", "coordinates": [ [ [ 77.441557255190332, 23.239227246700953 ], [ 77.44165345519032, 23.23943334664126 ], [ 77.441728555190338, 23.239403746649831 ], [ 77.441632355190322, 23.239197646709524 ], [ 77.441557255190332, 23.239227246700953 ] ] ] } },
{ "type": "Feature", "properties": { }, "geometry": { "type": "Polygon", "coordinates": [ [ [ 77.441888855190342, 23.239045246753669 ], [ 77.441998455190316, 23.239044946753754 ], [ 77.441998055190325, 23.238905246794218 ], [ 77.441888455190323, 23.238905546794133 ], [ 77.441888855190342, 23.239045246753669 ] ] ] } },
{ "type": "Feature", "properties": { }, "geometry": { "type": "Polygon", "coordinates": [ [ [ 77.443074755190324, 23.238808246822312 ], [ 77.443091555190335, 23.238863046806436 ], [ 77.443186755190325, 23.238838346813594 ], [ 77.443169955190328, 23.23878364682944 ], [ 77.443074755190324, 23.238808246822312 ] ] ] } },
{ "type": "Feature", "properties": { }, "geometry": { "type": "Polygon", "coordinates": [ [ [ 77.443414755190318, 23.239197046709698 ], [ 77.443431155190339, 23.239219446703206 ], [ 77.443508955190339, 23.239171446717116 ], [ 77.443492455190338, 23.239148946723631 ], [ 77.443414755190318, 23.239197046709698 ] ] ] } },
{ "type": "Feature", "properties": { }, "geometry": { "type": "Polygon", "coordinates": [ [ [ 77.441997155190322, 23.240174846426481 ], [ 77.442037955190315, 23.240218446413856 ], [ 77.442123755190337, 23.240150646433491 ], [ 77.44208295519033, 23.240107046446123 ], [ 77.441997155190322, 23.240174846426481 ] ] ] } },
{ "type": "Feature", "properties": { }, "geometry": { "type": "Polygon", "coordinates": [ [ [ 77.442317655190323, 23.239467546631353 ], [ 77.44244375519034, 23.239407146648848 ], [ 77.442331555190322, 23.23920934670614 ], [ 77.442205455190333, 23.239269746688649 ], [ 77.442317655190323, 23.239467546631353 ] ] ] } },
{ "type": "Feature", "properties": { }, "geometry": { "type": "Polygon", "coordinates": [ [ [ 77.441702155190328, 23.238768846833722 ], [ 77.441702155190328, 23.238894546797315 ], [ 77.441841555190337, 23.238894546797315 ], [ 77.441841555190337, 23.238768846833722 ], [ 77.441702155190328, 23.238768846833722 ] ] ] } },
{ "type": "Feature", "properties": { }, "geometry": { "type": "Polygon", "coordinates": [ [ [ 77.442125955190335, 23.23961294658924 ], [ 77.442238555190329, 23.239556246605659 ], [ 77.442121755190328, 23.239360246662436 ], [ 77.44200905519034, 23.239416946646006 ], [ 77.442125955190335, 23.23961294658924 ] ] ] } },
{ "type": "Feature", "properties": { }, "geometry": { "type": "Polygon", "coordinates": [ [ [ 77.442625455190324, 23.239262346690783 ], [ 77.442821255190324, 23.239151446722911 ], [ 77.442782955190324, 23.239094246739477 ], [ 77.442587155190324, 23.239205246707321 ], [ 77.442625455190324, 23.239262346690783 ] ] ] } },
{ "type": "Feature", "properties": { }, "geometry": { "type": "Polygon", "coordinates": [ [ [ 77.442952655190325, 23.239196446709876 ], [ 77.442991555190318, 23.239250046694352 ], [ 77.443049955190332, 23.239214246704726 ], [ 77.44301105519034, 23.23916064672024 ], [ 77.442952655190325, 23.239196446709876 ] ] ] } },
{ "type": "Feature", "properties": { }, "geometry": { "type": "Polygon", "coordinates": [ [ [ 77.442438355190333, 23.240057746460401 ], [ 77.442551055190336, 23.239999846477172 ], [ 77.442474855190326, 23.239874846513377 ], [ 77.442362255190318, 23.239932746496606 ], [ 77.442438355190333, 23.240057746460401 ] ] ] } },
{ "type": "Feature", "properties": { }, "geometry": { "type": "Polygon", "coordinates": [ [ [ 77.442404855190333, 23.23966594657389 ], [ 77.44248395519034, 23.239621546586744 ], [ 77.442425555190326, 23.239533546612233 ], [ 77.442346455190318, 23.239577946599375 ], [ 77.442404855190333, 23.23966594657389 ] ] ] } },
{ "type": "Feature", "properties": { }, "geometry": { "type": "Polygon", "coordinates": [ [ [ 77.441886355190334, 23.239460846633296 ], [ 77.441989855190343, 23.239407546648735 ], [ 77.441908955190343, 23.239274846687167 ], [ 77.44180545519032, 23.239328146671731 ], [ 77.441886355190334, 23.239460846633296 ] ] ] } },
{ "type": "Feature", "properties": { }, "geometry": { "type": "Polygon", "coordinates": [ [ [ 77.442091055190318, 23.238957546779076 ], [ 77.442219355190318, 23.238951046780951 ], [ 77.442209855190342, 23.238792246826947 ], [ 77.442081555190342, 23.238798746825065 ], [ 77.442091055190318, 23.238957546779076 ] ] ] } },
{ "type": "Feature", "properties": { }, "geometry": { "type": "Polygon", "coordinates": [ [ [ 77.441645755190322, 23.239690546566759 ], [ 77.441718255190338, 23.239653646577452 ], [ 77.441672655190317, 23.239578246599287 ], [ 77.441600255190338, 23.239615246588574 ], [ 77.441645755190322, 23.239690546566759 ] ] ] } },
{ "type": "Feature", "properties": { }, "geometry": { "type": "Polygon", "coordinates": [ [ [ 77.442332155190343, 23.238338846958271 ], [ 77.442447455190333, 23.238344146956734 ], [ 77.442451355190343, 23.238271246977849 ], [ 77.442336055190339, 23.238265946979375 ], [ 77.442332155190343, 23.238338846958271 ] ] ] } },
{ "type": "Feature", "properties": { }, "geometry": { "type": "Polygon", "coordinates": [ [ [ 77.44199445519034, 23.239387446654554 ], [ 77.442108455190336, 23.239329546671321 ], [ 77.44204895519033, 23.2392305467 ], [ 77.441934955190334, 23.239288446683229 ], [ 77.44199445519034, 23.239387446654554 ] ] ] } },
{ "type": "Feature", "properties": { }, "geometry": { "type": "Polygon", "coordinates": [ [ [ 77.442485355190342, 23.239437946639924 ], [ 77.442573155190317, 23.239567946602271 ], [ 77.442611655190319, 23.239545946608644 ], [ 77.442523855190316, 23.239415946646297 ], [ 77.442485355190342, 23.239437946639924 ] ] ] } },
{ "type": "Feature", "properties": { }, "geometry": { "type": "Polygon", "coordinates": [ [ [ 77.443530755190338, 23.238978346773042 ], [ 77.443519355190332, 23.238832846815196 ], [ 77.443458155190342, 23.238836946813997 ], [ 77.443469555190333, 23.238982346771884 ], [ 77.443530755190338, 23.238978346773042 ] ] ] } },
{ "type": "Feature", "properties": { }, "geometry": { "type": "Polygon", "coordinates": [ [ [ 77.441538455190326, 23.240241446407193 ], [ 77.441643155190334, 23.240182246424343 ], [ 77.441571455190342, 23.240075246455334 ], [ 77.441466855190342, 23.240134346438222 ], [ 77.441538455190326, 23.240241446407193 ] ] ] } },
{ "type": "Feature", "properties": { }, "geometry": { "type": "Polygon", "coordinates": [ [ [ 77.443328855190316, 23.23966834657319 ], [ 77.443353755190316, 23.239709146561374 ], [ 77.443392055190316, 23.23968944656708 ], [ 77.443367055190336, 23.239648646578896 ], [ 77.443328855190316, 23.23966834657319 ] ] ] } },
{ "type": "Feature", "properties": { }, "geometry": { "type": "Polygon", "coordinates": [ [ [ 77.441683355190321, 23.240152646432911 ], [ 77.441809455190338, 23.240077546454664 ], [ 77.441706855190318, 23.239932346496719 ], [ 77.441580855190324, 23.240007546474946 ], [ 77.441683355190321, 23.240152646432911 ] ] ] } },
{ "type": "Feature", "properties": { }, "geometry": { "type": "Polygon", "coordinates": [ [ [ 77.442881655190334, 23.239503846620845 ], [ 77.44284755519034, 23.239530346613158 ], [ 77.442899155190318, 23.239586446596913 ], [ 77.44293325519034, 23.23955994660459 ], [ 77.442881655190334, 23.239503846620845 ] ] ] } },
{ "type": "Feature", "properties": { }, "geometry": { "type": "Polygon", "coordinates": [ [ [ 77.441781855190328, 23.238705746851998 ], [ 77.441942455190329, 23.238711046850465 ], [ 77.441948355190334, 23.238559246894432 ], [ 77.441787755190319, 23.238553946895969 ], [ 77.441781855190328, 23.238705746851998 ] ] ] } },
{ "type": "Feature", "properties": { }, "geometry": { "type": "Polygon", "coordinates": [ [ [ 77.443496855190318, 23.23872234684719 ], [ 77.443614555190337, 23.238723646846818 ], [ 77.443616255190321, 23.238589946885533 ], [ 77.443498555190317, 23.238588746885888 ], [ 77.443496855190318, 23.23872234684719 ] ] ] } },
{ "type": "Feature", "properties": { }, "geometry": { "type": "Polygon", "coordinates": [ [ [ 77.442584655190316, 23.238355646953401 ], [ 77.442726755190321, 23.238363746951059 ], [ 77.442732155190328, 23.238284746973935 ], [ 77.442590055190323, 23.238276546976319 ], [ 77.442584655190316, 23.238355646953401 ] ] ] } },
{ "type": "Feature", "properties": { }, "geometry": { "type": "Polygon", "coordinates": [ [ [ 77.44167595519032, 23.240244446406322 ], [ 77.441706755190339, 23.240285746394363 ], [ 77.44175365519034, 23.240256146402931 ], [ 77.441722855190335, 23.240214846414897 ], [ 77.44167595519032, 23.240244446406322 ] ] ] } },
{ "type": "Feature", "properties": { }, "geometry": { "type": "Polygon", "coordinates": [ [ [ 77.441817455190332, 23.240459546344017 ], [ 77.44184365519034, 23.24049564633356 ], [ 77.441920055190337, 23.240448846347114 ], [ 77.44189385519033, 23.240412646357594 ], [ 77.441817455190332, 23.240459546344017 ] ] ] } },
{ "type": "Feature", "properties": { }, "geometry": { "type": "Polygon", "coordinates": [ [ [ 77.442595955190342, 23.238809446821964 ], [ 77.442593755190316, 23.238871746803927 ], [ 77.442674155190318, 23.238874146803226 ], [ 77.442676455190337, 23.238811946821247 ], [ 77.442595955190342, 23.238809446821964 ] ] ] } },
{ "type": "Feature", "properties": { }, "geometry": { "type": "Polygon", "coordinates": [ [ [ 77.441678955190341, 23.238676346860515 ], [ 77.441763655190329, 23.238678946859761 ], [ 77.441767755190341, 23.238568046891885 ], [ 77.441683055190339, 23.238565446892636 ], [ 77.441678955190341, 23.238676346860515 ] ] ] } },
{ "type": "Feature", "properties": { }, "geometry": { "type": "Polygon", "coordinates": [ [ [ 77.443250455190324, 23.238414146936456 ], [ 77.443247155190321, 23.2385317469024 ], [ 77.443361055190337, 23.238534446901614 ], [ 77.44336435519034, 23.238416846935678 ], [ 77.443250455190324, 23.238414146936456 ] ] ] } },
{ "type": "Feature", "properties": { }, "geometry": { "type": "Polygon", "coordinates": [ [ [ 77.443692955190329, 23.239359046662781 ], [ 77.443757355190328, 23.239325846672386 ], [ 77.443740355190343, 23.239298046680446 ], [ 77.443676055190323, 23.239331346670799 ], [ 77.443692955190329, 23.239359046662781 ] ] ] } },
{ "type": "Feature", "properties": { }, "geometry": { "type": "Polygon", "coordinates": [ [ [ 77.441817455190332, 23.240438546350102 ], [ 77.441876455190339, 23.240401646360791 ], [ 77.441826955190322, 23.240334946380113 ], [ 77.441767955190315, 23.24037184636942 ], [ 77.441817455190332, 23.240438546350102 ] ] ] } },
{ "type": "Feature", "properties": { }, "geometry": { "type": "Polygon", "coordinates": [ [ [ 77.441810755190332, 23.239747246550344 ], [ 77.441846455190316, 23.239796446536094 ], [ 77.441902755190341, 23.239761946546079 ], [ 77.441867055190329, 23.239712746560333 ], [ 77.441810755190332, 23.239747246550344 ] ] ] } },
{ "type": "Feature", "properties": { }, "geometry": { "type": "Polygon", "coordinates": [ [ [ 77.443493855190326, 23.239330146671143 ], [ 77.443572955190334, 23.239280846685425 ], [ 77.443535555190323, 23.23923014670012 ], [ 77.443456455190329, 23.239279446685831 ], [ 77.443493855190326, 23.239330146671143 ] ] ] } },
{ "type": "Feature", "properties": { }, "geometry": { "type": "Polygon", "coordinates": [ [ [ 77.441785255190339, 23.240167446428622 ], [ 77.441823455190331, 23.240214746414924 ], [ 77.441895855190324, 23.240165546429182 ], [ 77.441857655190333, 23.24011814644291 ], [ 77.441785255190339, 23.240167446428622 ] ] ] } },
{ "type": "Feature", "properties": { }, "geometry": { "type": "Polygon", "coordinates": [ [ [ 77.441386955190339, 23.239209946705966 ], [ 77.441424055190339, 23.239283746684588 ], [ 77.441511155190341, 23.239246746695311 ], [ 77.441474155190321, 23.239173046716655 ], [ 77.441386955190339, 23.239209946705966 ] ] ] } },
{ "type": "Feature", "properties": { }, "geometry": { "type": "Polygon", "coordinates": [ [ [ 77.441869755190325, 23.23885874680769 ], [ 77.441974355190325, 23.23885874680769 ], [ 77.441974355190325, 23.238749146839432 ], [ 77.441869755190325, 23.238749146839432 ], [ 77.441869755190325, 23.23885874680769 ] ] ] } },
{ "type": "Feature", "properties": { }, "geometry": { "type": "Polygon", "coordinates": [ [ [ 77.442237255190335, 23.239791646537476 ], [ 77.442348555190335, 23.239734946553899 ], [ 77.442250055190328, 23.239571646601203 ], [ 77.442138755190342, 23.239628346584777 ], [ 77.442237255190335, 23.239791646537476 ] ] ] } },
{ "type": "Feature", "properties": { }, "geometry": { "type": "Polygon", "coordinates": [ [ [ 77.442938655190318, 23.238846446811252 ], [ 77.442969355190328, 23.23890354679471 ], [ 77.443026355190327, 23.238877746802185 ], [ 77.442995655190316, 23.238820546818751 ], [ 77.442938655190318, 23.238846446811252 ] ] ] } },
{ "type": "Feature", "properties": { }, "geometry": { "type": "Polygon", "coordinates": [ [ [ 77.443393955190331, 23.23924204669667 ], [ 77.443423455190342, 23.239223546702032 ], [ 77.443406755190324, 23.239201046708541 ], [ 77.443377255190327, 23.239219546703179 ], [ 77.443393955190331, 23.23924204669667 ] ] ] } },
{ "type": "Feature", "properties": { }, "geometry": { "type": "Polygon", "coordinates": [ [ [ 77.442219755190322, 23.240178546425408 ], [ 77.442322355190328, 23.240131846438938 ], [ 77.442251255190342, 23.24000004647711 ], [ 77.442148755190317, 23.240046746463594 ], [ 77.442219755190322, 23.240178546425408 ] ] ] } },
{ "type": "Feature", "properties": { }, "geometry": { "type": "Polygon", "coordinates": [ [ [ 77.441323955190327, 23.238889546798767 ], [ 77.441415155190327, 23.238890846798387 ], [ 77.441417255190331, 23.23875664683726 ], [ 77.441326055190316, 23.238755446837608 ], [ 77.441323955190327, 23.238889546798767 ] ] ] } },
{ "type": "Feature", "properties": { }, "geometry": { "type": "Polygon", "coordinates": [ [ [ 77.442830655190335, 23.23915884672077 ], [ 77.442858155190322, 23.23919494671031 ], [ 77.442905055190323, 23.239164746719055 ], [ 77.442877555190336, 23.239128646729508 ], [ 77.442830655190335, 23.23915884672077 ] ] ] } },
{ "type": "Feature", "properties": { }, "geometry": { "type": "Polygon", "coordinates": [ [ [ 77.443012355190319, 23.239256146692583 ], [ 77.443051655190317, 23.239312746676188 ], [ 77.443105255190318, 23.239281346685281 ], [ 77.443066055190343, 23.239224746701677 ], [ 77.443012355190319, 23.239256146692583 ] ] ] } },
{ "type": "Feature", "properties": { }, "geometry": { "type": "Polygon", "coordinates": [ [ [ 77.441421855190328, 23.239502046621357 ], [ 77.441488855190329, 23.239467546631353 ], [ 77.441412855190336, 23.239342746667496 ], [ 77.44134585519032, 23.239377346657484 ], [ 77.441421855190328, 23.239502046621357 ] ] ] } },
{ "type": "Feature", "properties": { }, "geometry": { "type": "Polygon", "coordinates": [ [ [ 77.44216265519033, 23.238318646964121 ], [ 77.442291255190327, 23.238324246962502 ], [ 77.442295055190343, 23.2382503469839 ], [ 77.442166455190318, 23.238244746985522 ], [ 77.44216265519033, 23.238318646964121 ] ] ] } },
{ "type": "Feature", "properties": { }, "geometry": { "type": "Polygon", "coordinates": [ [ [ 77.442700555190342, 23.239937646495186 ], [ 77.442737955190339, 23.239998846477462 ], [ 77.442798955190341, 23.23996744648656 ], [ 77.442761555190316, 23.239906246504287 ], [ 77.442700555190342, 23.239937646495186 ] ] ] } },
{ "type": "Feature", "properties": { }, "geometry": { "type": "Polygon", "coordinates": [ [ [ 77.441810855190326, 23.239880846511639 ], [ 77.441924955190316, 23.24003864646593 ], [ 77.44198975519032, 23.239999046477401 ], [ 77.441875655190316, 23.239841346523086 ], [ 77.441810855190326, 23.239880846511639 ] ] ] } },
{ "type": "Feature", "properties": { }, "geometry": { "type": "Polygon", "coordinates": [ [ [ 77.441795955190315, 23.23928634668383 ], [ 77.441904255190337, 23.239237646697944 ], [ 77.44184255519032, 23.239121846731482 ], [ 77.441734355190334, 23.239170546717382 ], [ 77.441795955190315, 23.23928634668383 ] ] ] } },
{ "type": "Feature", "properties": { }, "geometry": { "type": "Polygon", "coordinates": [ [ [ 77.442812555190315, 23.239625846585504 ], [ 77.442830355190324, 23.239648446578958 ], [ 77.442876655190318, 23.239617646587874 ], [ 77.442858855190337, 23.239595046594427 ], [ 77.442812555190315, 23.239625846585504 ] ] ] } },
{ "type": "Feature", "properties": { }, "geometry": { "type": "Polygon", "coordinates": [ [ [ 77.443562855190336, 23.238977046773417 ], [ 77.443683455190325, 23.23897184677493 ], [ 77.443675455190331, 23.238815946820083 ], [ 77.443554855190342, 23.238821146818573 ], [ 77.443562855190336, 23.238977046773417 ] ] ] } },
{ "type": "Feature", "properties": { }, "geometry": { "type": "Polygon", "coordinates": [ [ [ 77.442755355190343, 23.238380446946223 ], [ 77.442894655190329, 23.23839044694332 ], [ 77.442905055190323, 23.238266746979154 ], [ 77.442765755190337, 23.238256846982011 ], [ 77.442755355190343, 23.238380446946223 ] ] ] } },
{ "type": "Feature", "properties": { }, "geometry": { "type": "Polygon", "coordinates": [ [ [ 77.441550555190318, 23.240482846337276 ], [ 77.441669955190321, 23.240421246355115 ], [ 77.441599155190318, 23.24030544638866 ], [ 77.441479755190315, 23.240367046370807 ], [ 77.441550555190318, 23.240482846337276 ] ] ] } },
{ "type": "Feature", "properties": { }, "geometry": { "type": "Polygon", "coordinates": [ [ [ 77.441417755190315, 23.240073746455771 ], [ 77.441459255190338, 23.24013494643804 ], [ 77.441562655190324, 23.240075946455132 ], [ 77.441521155190316, 23.240014646472883 ], [ 77.441417755190315, 23.240073746455771 ] ] ] } },
{ "type": "Feature", "properties": { }, "geometry": { "type": "Polygon", "coordinates": [ [ [ 77.441547855190322, 23.238675046860894 ], [ 77.441644055190324, 23.238678246859962 ], [ 77.441648355190324, 23.23856484689281 ], [ 77.441552155190337, 23.238561746893705 ], [ 77.441547855190322, 23.238675046860894 ] ] ] } },
{ "type": "Feature", "properties": { }, "geometry": { "type": "Polygon", "coordinates": [ [ [ 77.442819255190329, 23.239519946616173 ], [ 77.442864955190316, 23.239503446620958 ], [ 77.442824655190336, 23.239409146648267 ], [ 77.442779055190343, 23.23942564664349 ], [ 77.442819255190329, 23.239519946616173 ] ] ] } },
{ "type": "Feature", "properties": { }, "geometry": { "type": "Polygon", "coordinates": [ [ [ 77.442598255190319, 23.23824694698488 ], [ 77.442746555190325, 23.238255446982429 ], [ 77.442753555190322, 23.238152047012374 ], [ 77.442605355190338, 23.238143547014829 ], [ 77.442598255190319, 23.23824694698488 ] ] ] } },
{ "type": "Feature", "properties": { }, "geometry": { "type": "Polygon", "coordinates": [ [ [ 77.443598455190326, 23.239591346595496 ], [ 77.443731855190322, 23.239509246619271 ], [ 77.443678955190336, 23.239436546640324 ], [ 77.443545455190318, 23.239518646616553 ], [ 77.443598455190326, 23.239591346595496 ] ] ] } },
{ "type": "Feature", "properties": { }, "geometry": { "type": "Polygon", "coordinates": [ [ [ 77.441956955190335, 23.240410246358291 ], [ 77.44200785519034, 23.240482946337238 ], [ 77.442104255190316, 23.240425946353746 ], [ 77.442053255190331, 23.240353246374813 ], [ 77.441956955190335, 23.240410246358291 ] ] ] } },
{ "type": "Feature", "properties": { }, "geometry": { "type": "Polygon", "coordinates": [ [ [ 77.44191665519034, 23.240465646342255 ], [ 77.441845755190343, 23.240507046330261 ], [ 77.441915455190326, 23.240608046301002 ], [ 77.441986455190317, 23.240566746312972 ], [ 77.44191665519034, 23.240465646342255 ] ] ] } },
{ "type": "Feature", "properties": { }, "geometry": { "type": "Polygon", "coordinates": [ [ [ 77.442434355190315, 23.239532846612434 ], [ 77.442505455190343, 23.239494646623506 ], [ 77.442460155190332, 23.239423446644125 ], [ 77.442389055190318, 23.239461646633064 ], [ 77.442411555190333, 23.239495846623161 ], [ 77.442434355190315, 23.239532846612434 ] ] ] } },
{ "type": "Feature", "properties": { }, "geometry": { "type": "Polygon", "coordinates": [ [ [ 77.442259355190316, 23.239051646751818 ], [ 77.442322355190328, 23.23904944675245 ], [ 77.442320955190326, 23.239014546762562 ], [ 77.442416955190339, 23.239011246763514 ], [ 77.442406255190335, 23.238754046838007 ], [ 77.442247255190338, 23.238759546836416 ], [ 77.442259355190316, 23.239051646751818 ] ] ] } },
{ "type": "Feature", "properties": { }, "geometry": { "type": "Polygon", "coordinates": [ [ [ 77.441887155190329, 23.239827346527139 ], [ 77.441995855190328, 23.239985046481465 ], [ 77.442059455190332, 23.239948146492146 ], [ 77.442031955190316, 23.239908246503699 ], [ 77.442059955190317, 23.239891946508425 ], [ 77.442027955190326, 23.23984554652187 ], [ 77.442004655190317, 23.239859046517957 ], [ 77.441955455190325, 23.23978764653863 ], [ 77.441887155190329, 23.239827346527139 ] ] ] } },
{ "type": "Feature", "properties": { }, "geometry": { "type": "Polygon", "coordinates": [ [ [ 77.441446955190315, 23.238672646861588 ], [ 77.441533455190324, 23.238675246860833 ], [ 77.441537455190343, 23.238559346894405 ], [ 77.441450955190334, 23.238556846895126 ], [ 77.441450055190316, 23.238582746887626 ], [ 77.441474055190341, 23.238583446887425 ], [ 77.441473055190329, 23.238610746879512 ], [ 77.441449155190341, 23.238610046879714 ], [ 77.441446955190315, 23.238672646861588 ] ] ] } },
{ "type": "Feature", "properties": { }, "geometry": { "type": "Polygon", "coordinates": [ [ [ 77.434057855190332, 23.241711345981415 ], [ 77.434141955190327, 23.241692845986773 ], [ 77.434114155190315, 23.241586946017453 ], [ 77.434141455190343, 23.241580946019191 ], [ 77.434107355190321, 23.241449946057138 ], [ 77.433818055190315, 23.241513446038741 ], [ 77.433822455190338, 23.241530446033817 ], [ 77.433555455190316, 23.241591546016121 ], [ 77.43364905519033, 23.241937245915985 ], [ 77.433921255190327, 23.241875045933991 ], [ 77.433919555190329, 23.241868745935825 ], [ 77.434088555190328, 23.241832545946306 ], [ 77.434057855190332, 23.241711345981415 ] ] ] } },
{ "type": "Feature", "properties": { }, "geometry": { "type": "Polygon", "coordinates": [ [ [ 77.434187255190324, 23.239248246694871 ], [ 77.434187655190328, 23.239246146695482 ], [ 77.434109055190333, 23.239232746699361 ], [ 77.434079855190333, 23.239376846657624 ], [ 77.434036855190342, 23.239370046659594 ], [ 77.434122355190325, 23.239594146594683 ], [ 77.434148255190337, 23.239591846595349 ], [ 77.434158155190318, 23.239562146603951 ], [ 77.434288155190316, 23.239585246597265 ], [ 77.434321155190332, 23.239428646642622 ], [ 77.434336155190337, 23.239431646641755 ], [ 77.43435135519033, 23.239366946660489 ], [ 77.434373255190337, 23.239369746659683 ], [ 77.434379455190339, 23.23932884667153 ], [ 77.434356355190332, 23.239325846672386 ], [ 77.434365555190325, 23.239274546687255 ], [ 77.434250555190332, 23.239257246692269 ], [ 77.434250355190329, 23.23925794669206 ], [ 77.434187255190324, 23.239248246694871 ] ] ] } },
{ "type": "Feature", "properties": { }, "geometry": { "type": "Polygon", "coordinates": [ [ [ 77.433228255190329, 23.241856145939469 ], [ 77.433258955190325, 23.241847545941962 ], [ 77.433305355190328, 23.24199844589825 ], [ 77.433371755190322, 23.241981245903233 ], [ 77.433377055190334, 23.24199844589825 ], [ 77.433484955190323, 23.24197014590645 ], [ 77.433370955190327, 23.241604146012467 ], [ 77.433263555190337, 23.241632346004305 ], [ 77.43325695519033, 23.241612746009981 ], [ 77.433156455190328, 23.241641146001747 ], [ 77.433228255190329, 23.241856145939469 ] ] ] } },
{ "type": "Feature", "properties": { }, "geometry": { "type": "Polygon", "coordinates": [ [ [ 77.434692555190324, 23.239538446610819 ], [ 77.434707355190341, 23.23946894663095 ], [ 77.434697155190335, 23.239467146631469 ], [ 77.434711855190315, 23.239393446652816 ], [ 77.43458305519033, 23.239371846659068 ], [ 77.434550355190339, 23.239514846617649 ], [ 77.434500455190332, 23.23950654662006 ], [ 77.434483155190321, 23.239594846594478 ], [ 77.434676255190325, 23.239626946585187 ], [ 77.43469365519033, 23.239538646610757 ], [ 77.434692555190324, 23.239538446610819 ] ] ] } },
{ "type": "Feature", "properties": { }, "geometry": { "type": "Polygon", "coordinates": [ [ [ 77.432891155190319, 23.238777346831256 ], [ 77.432881055190322, 23.238714646849427 ], [ 77.432936555190338, 23.238705146852176 ], [ 77.432927155190342, 23.238658946865559 ], [ 77.432757755190323, 23.238687946857155 ], [ 77.432741155190328, 23.238605846880937 ], [ 77.432589755190321, 23.238631646873461 ], [ 77.43258665519032, 23.238616446877867 ], [ 77.432503855190319, 23.238630546873782 ], [ 77.432556355190329, 23.23888324680059 ], [ 77.432923155190323, 23.238824746817535 ], [ 77.432913455190317, 23.238773846832281 ], [ 77.432891155190319, 23.238777346831256 ] ] ] } },
{ "type": "Feature", "properties": { }, "geometry": { "type": "Polygon", "coordinates": [ [ [ 77.432099455190325, 23.241167646138909 ], [ 77.432178755190321, 23.241438246060525 ], [ 77.43242475519034, 23.241377346078171 ], [ 77.432357955190341, 23.241149746144099 ], [ 77.432408955190326, 23.241137246147712 ], [ 77.432417155190322, 23.241165446139547 ], [ 77.432563055190343, 23.241129746149884 ], [ 77.432626955190315, 23.241350346085987 ], [ 77.432727055190341, 23.241325846093087 ], [ 77.432663955190321, 23.241107946156205 ], [ 77.432829155190319, 23.241067546167905 ], [ 77.43280615519032, 23.240988046190939 ], [ 77.432099455190325, 23.241167646138909 ] ] ] } },
{ "type": "Feature", "properties": { }, "geometry": { "type": "Polygon", "coordinates": [ [ [ 77.432436555190321, 23.241533346032977 ], [ 77.432437855190329, 23.241537846031672 ], [ 77.432256555190321, 23.241583846018351 ], [ 77.432287655190322, 23.241687345988371 ], [ 77.432276255190317, 23.241689845987644 ], [ 77.432302855190315, 23.241789645958733 ], [ 77.432317455190315, 23.241786345959689 ], [ 77.432393855190341, 23.242040645886025 ], [ 77.43260125519032, 23.241988045901262 ], [ 77.432528555190316, 23.241746145971337 ], [ 77.432551655190323, 23.241740345973014 ], [ 77.432525155190334, 23.241652245998541 ], [ 77.432502155190335, 23.241658145996826 ], [ 77.432478955190319, 23.241581146019129 ], [ 77.432495255190332, 23.241576946020341 ], [ 77.432478255190333, 23.241522446036136 ], [ 77.432436555190321, 23.241533346032977 ] ] ] } },
{ "type": "Feature", "properties": { }, "geometry": { "type": "Polygon", "coordinates": [ [ [ 77.436503006920447, 23.24099432825464 ], [ 77.436563906920441, 23.241006028250126 ], [ 77.436563306920462, 23.241009428248809 ], [ 77.436582106920454, 23.241024028243167 ], [ 77.436619606920459, 23.24102512824274 ], [ 77.436661606920453, 23.241047628234057 ], [ 77.436689306920456, 23.241039728237102 ], [ 77.436691206920443, 23.24103052824066 ], [ 77.436706406920464, 23.241033428239543 ], [ 77.436751706920461, 23.241012928247457 ], [ 77.436756806920457, 23.240994428254606 ], [ 77.436768806920441, 23.240995328254254 ], [ 77.43679600692046, 23.240881328298286 ], [ 77.436784806920443, 23.240879228299097 ], [ 77.436785406920464, 23.240852428309442 ], [ 77.436756006920461, 23.24081532832377 ], [ 77.436552606920444, 23.240776228338873 ], [ 77.436503006920447, 23.24099432825464 ] ] ] } },
{ "type": "Feature", "properties": { }, "geometry": { "type": "Polygon", "coordinates": [ [ [ 77.433454955190342, 23.240185346423441 ], [ 77.433470255190329, 23.240239146407859 ], [ 77.433544155190319, 23.240221446412992 ], [ 77.433528955190326, 23.240167646428567 ], [ 77.433454955190342, 23.240185346423441 ] ] ] } },
{ "type": "Feature", "properties": { }, "geometry": { "type": "Polygon", "coordinates": [ [ [ 77.432867455190319, 23.241449846057161 ], [ 77.432930355190322, 23.241640546001925 ], [ 77.433355455190338, 23.241522246036194 ], [ 77.433292555190334, 23.241331546091441 ], [ 77.432867455190319, 23.241449846057161 ] ] ] } },
{ "type": "Feature", "properties": { }, "geometry": { "type": "Polygon", "coordinates": [ [ [ 77.433203355190315, 23.238540646899821 ], [ 77.433205555190341, 23.238734846843574 ], [ 77.433485855190327, 23.23877924683071 ], [ 77.433528655190315, 23.238669446862517 ], [ 77.433203355190315, 23.238540646899821 ] ] ] } },
{ "type": "Feature", "properties": { }, "geometry": { "type": "Polygon", "coordinates": [ [ [ 77.43425345519033, 23.240527746324265 ], [ 77.434348755190342, 23.240502746331504 ], [ 77.434256955190335, 23.240207546417018 ], [ 77.434161655190337, 23.240232646409741 ], [ 77.43425345519033, 23.240527746324265 ] ] ] } },
{ "type": "Feature", "properties": { }, "geometry": { "type": "Polygon", "coordinates": [ [ [ 77.433200755190327, 23.23894004678414 ], [ 77.433498055190327, 23.238946146782371 ], [ 77.433501755190321, 23.23879554682599 ], [ 77.433204355190341, 23.238789446827759 ], [ 77.433200755190327, 23.23894004678414 ] ] ] } },
{ "type": "Feature", "properties": { }, "geometry": { "type": "Polygon", "coordinates": [ [ [ 77.434359655190335, 23.240496146333417 ], [ 77.434370155190337, 23.240560546314757 ], [ 77.434475255190321, 23.240546146318934 ], [ 77.434464755190319, 23.240481646337617 ], [ 77.434359655190335, 23.240496146333417 ] ] ] } },
{ "type": "Feature", "properties": { }, "geometry": { "type": "Polygon", "coordinates": [ [ [ 77.433322355190327, 23.242034045887937 ], [ 77.433333755190333, 23.24208474587325 ], [ 77.433516155190318, 23.242050245883245 ], [ 77.433504755190341, 23.241999545897926 ], [ 77.433322355190327, 23.242034045887937 ] ] ] } },
{ "type": "Feature", "properties": { }, "geometry": { "type": "Polygon", "coordinates": [ [ [ 77.433492855190323, 23.240317446385173 ], [ 77.433572955190343, 23.240298346390706 ], [ 77.433557155190329, 23.240242446406899 ], [ 77.433477055190323, 23.24026164640134 ], [ 77.433492855190323, 23.240317446385173 ] ] ] } },
{ "type": "Feature", "properties": { }, "geometry": { "type": "Polygon", "coordinates": [ [ [ 77.436962355190317, 23.241329346092073 ], [ 77.437210455190339, 23.241366946081179 ], [ 77.437230255190329, 23.241256346113214 ], [ 77.436982155190321, 23.241218746124108 ], [ 77.436962355190317, 23.241329346092073 ] ] ] } },
{ "type": "Feature", "properties": { }, "geometry": { "type": "Polygon", "coordinates": [ [ [ 77.432428855190338, 23.238316346964783 ], [ 77.432445555190341, 23.238406446938686 ], [ 77.432587655190318, 23.238384246945117 ], [ 77.432571055190323, 23.238294146971221 ], [ 77.432428855190338, 23.238316346964783 ] ] ] } },
{ "type": "Feature", "properties": { }, "geometry": { "type": "Polygon", "coordinates": [ [ [ 77.433490055190333, 23.240322946383579 ], [ 77.433507455190323, 23.240375046368495 ], [ 77.433593955190318, 23.240350746375537 ], [ 77.433576555190328, 23.240298546390655 ], [ 77.433490055190333, 23.240322946383579 ] ] ] } },
{ "type": "Feature", "properties": { }, "geometry": { "type": "Polygon", "coordinates": [ [ [ 77.433131655190337, 23.242027445889853 ], [ 77.433156155190332, 23.242111545865491 ], [ 77.433278855190338, 23.242081345874237 ], [ 77.433254355190343, 23.241997245898599 ], [ 77.433131655190337, 23.242027445889853 ] ] ] } },
{ "type": "Feature", "properties": { }, "geometry": { "type": "Polygon", "coordinates": [ [ [ 77.432466655190325, 23.238445546927363 ], [ 77.432485855190336, 23.238540446899876 ], [ 77.432622055190322, 23.238517246906596 ], [ 77.432638455190343, 23.238598346883112 ], [ 77.432789055190327, 23.238572646890557 ], [ 77.432757455190341, 23.238395946941729 ], [ 77.432466655190325, 23.238445546927363 ] ] ] } },
{ "type": "Feature", "properties": { }, "geometry": { "type": "Polygon", "coordinates": [ [ [ 77.43372605519032, 23.241493846044424 ], [ 77.433704355190315, 23.241426846063828 ], [ 77.433777755190334, 23.241408846069039 ], [ 77.433748155190315, 23.241306946098565 ], [ 77.433718055190326, 23.241314346096413 ], [ 77.433682555190316, 23.24120304612865 ], [ 77.433545755190323, 23.241239946117968 ], [ 77.433637455190322, 23.241518146037382 ], [ 77.43372605519032, 23.241493846044424 ] ] ] } },
{ "type": "Feature", "properties": { }, "geometry": { "type": "Polygon", "coordinates": [ [ [ 77.434041655190327, 23.240010446474102 ], [ 77.433600355190322, 23.240121146442036 ], [ 77.433933855190332, 23.241244046116776 ], [ 77.434368655190326, 23.241134946148378 ], [ 77.434124055190324, 23.240311446386915 ], [ 77.434049955190318, 23.240330046381533 ], [ 77.434023455190328, 23.240240646407429 ], [ 77.434104055190318, 23.240220346413313 ], [ 77.434041655190327, 23.240010446474102 ] ] ] } },
{ "type": "Feature", "properties": { }, "geometry": { "type": "Polygon", "coordinates": [ [ [ 77.433254755190333, 23.240907246214338 ], [ 77.433255255190318, 23.240908846213873 ], [ 77.433581755190332, 23.240830546236555 ], [ 77.433521555190339, 23.240618846297878 ], [ 77.433204655190337, 23.240694846275861 ], [ 77.433201555190323, 23.240683846279047 ], [ 77.433064355190325, 23.240716846269496 ], [ 77.43312715519032, 23.240937946205445 ], [ 77.433254755190333, 23.240907246214338 ] ] ] } },
{ "type": "Feature", "properties": { }, "geometry": { "type": "Polygon", "coordinates": [ [ [ 77.434732555190337, 23.239727346556101 ], [ 77.434760855190319, 23.239610246590022 ], [ 77.434739955190324, 23.239606046591231 ], [ 77.43475845519032, 23.239529046613541 ], [ 77.434717555190332, 23.239520746615941 ], [ 77.434690055190316, 23.23963514658281 ], [ 77.434659155190317, 23.239628846584633 ], [ 77.434639955190335, 23.239708546561545 ], [ 77.434732555190337, 23.239727346556101 ] ] ] } },
{ "type": "Feature", "properties": { }, "geometry": { "type": "Polygon", "coordinates": [ [ [ 77.436344655190339, 23.238388746943816 ], [ 77.436331455190327, 23.23847004692027 ], [ 77.436470755190328, 23.238489146914738 ], [ 77.43648395519034, 23.23840784693828 ], [ 77.436344655190339, 23.238388746943816 ] ] ] } },
{ "type": "Feature", "properties": { }, "geometry": { "type": "Polygon", "coordinates": [ [ [ 77.436317155190338, 23.238552646896345 ], [ 77.436302055190339, 23.238645646869401 ], [ 77.436431855190321, 23.238663546864228 ], [ 77.436447055190328, 23.238570446891188 ], [ 77.436317155190338, 23.238552646896345 ] ] ] } },
{ "type": "Feature", "properties": { }, "geometry": { "type": "Polygon", "coordinates": [ [ [ 77.436631555190331, 23.237928147077223 ], [ 77.43676945519033, 23.237949647070998 ], [ 77.436792955190327, 23.237821547108094 ], [ 77.436655055190343, 23.237800147114292 ], [ 77.436631555190331, 23.237928147077223 ] ] ] } },
{ "type": "Feature", "properties": { }, "geometry": { "type": "Polygon", "coordinates": [ [ [ 77.436388355190317, 23.238249146984248 ], [ 77.436378155190326, 23.238304546968198 ], [ 77.43651165519033, 23.238325246962201 ], [ 77.436521855190321, 23.238269846978255 ], [ 77.436388355190317, 23.238249146984248 ] ] ] } },
{ "type": "Feature", "properties": { }, "geometry": { "type": "Polygon", "coordinates": [ [ [ 77.436431855190321, 23.238834246814779 ], [ 77.436536455190335, 23.238850846809974 ], [ 77.436550355190334, 23.238776946831376 ], [ 77.43644575519032, 23.238760246836222 ], [ 77.436431855190321, 23.238834246814779 ] ] ] } },
{ "type": "Feature", "properties": { }, "geometry": { "type": "Polygon", "coordinates": [ [ [ 77.436585255190323, 23.238124747020279 ], [ 77.436574655190327, 23.238197146999315 ], [ 77.436701355190337, 23.238212846994763 ], [ 77.436711955190319, 23.238140447015727 ], [ 77.436585255190323, 23.238124747020279 ] ] ] } },
{ "type": "Feature", "properties": { }, "geometry": { "type": "Polygon", "coordinates": [ [ [ 77.436478955190339, 23.238598346883112 ], [ 77.436599855190337, 23.238617046877696 ], [ 77.436612755190325, 23.238547046897967 ], [ 77.436491855190326, 23.238528246903417 ], [ 77.436478955190339, 23.238598346883112 ] ] ] } },
{ "type": "Feature", "properties": { }, "geometry": { "type": "Polygon", "coordinates": [ [ [ 77.436476255190328, 23.238606246880821 ], [ 77.436461855190331, 23.238685146857975 ], [ 77.436587855190339, 23.23870454685235 ], [ 77.436602255190337, 23.238625646875196 ], [ 77.436476255190328, 23.238606246880821 ] ] ] } },
{ "type": "Feature", "properties": { }, "geometry": { "type": "Polygon", "coordinates": [ [ [ 77.436245855190336, 23.238936146785271 ], [ 77.436354755190337, 23.23895214678063 ], [ 77.436373755190331, 23.238842046812518 ], [ 77.436264855190331, 23.238826046817156 ], [ 77.436245855190336, 23.238936146785271 ] ] ] } },
{ "type": "Feature", "properties": { }, "geometry": { "type": "Polygon", "coordinates": [ [ [ 77.436469055190329, 23.237923447078582 ], [ 77.436443655190317, 23.238061447038614 ], [ 77.436568255190323, 23.238080847032993 ], [ 77.436593655190336, 23.237942747072996 ], [ 77.436469055190329, 23.237923447078582 ] ] ] } },
{ "type": "Feature", "properties": { }, "geometry": { "type": "Polygon", "coordinates": [ [ [ 77.436395655190324, 23.238934046785879 ], [ 77.436532755190342, 23.238954146780056 ], [ 77.436549055190341, 23.238860346807225 ], [ 77.436411955190323, 23.238840246813044 ], [ 77.436395655190324, 23.238934046785879 ] ] ] } },
{ "type": "Feature", "properties": { }, "geometry": { "type": "Polygon", "coordinates": [ [ [ 77.436530455190336, 23.238359546952275 ], [ 77.436514955190333, 23.238443846927861 ], [ 77.436646155190331, 23.238464246921943 ], [ 77.436661655190321, 23.238379846946394 ], [ 77.436530455190336, 23.238359546952275 ] ] ] } },
{ "type": "Feature", "properties": { }, "geometry": { "type": "Polygon", "coordinates": [ [ [ 77.436323255190331, 23.238475646918644 ], [ 77.436312055190328, 23.238544046898834 ], [ 77.436455355190319, 23.238563746893124 ], [ 77.436466455190342, 23.238495346912945 ], [ 77.436323255190331, 23.238475646918644 ] ] ] } },
{ "type": "Feature", "properties": { }, "geometry": { "type": "Polygon", "coordinates": [ [ [ 77.436416055190321, 23.23816704700803 ], [ 77.436549455190317, 23.238187747002037 ], [ 77.436568655190328, 23.238083547032208 ], [ 77.436435255190332, 23.238062847038211 ], [ 77.436416055190321, 23.23816704700803 ] ] ] } },
{ "type": "Feature", "properties": { }, "geometry": { "type": "Polygon", "coordinates": [ [ [ 77.436445955190322, 23.238751046838878 ], [ 77.436569955190336, 23.238770146833353 ], [ 77.43658075519032, 23.2387109468505 ], [ 77.436456755190335, 23.238691846856028 ], [ 77.436445955190322, 23.238751046838878 ] ] ] } },
{ "type": "Feature", "properties": { }, "geometry": { "type": "Polygon", "coordinates": [ [ [ 77.436558555190317, 23.23828264697455 ], [ 77.436682755190319, 23.238302646968755 ], [ 77.436697655190329, 23.238224546991368 ], [ 77.436573555190321, 23.238204546997164 ], [ 77.436558555190317, 23.23828264697455 ] ] ] } },
{ "type": "Feature", "properties": { }, "geometry": { "type": "Polygon", "coordinates": [ [ [ 77.436618255190325, 23.238049747042002 ], [ 77.436605655190334, 23.238118247022157 ], [ 77.436719955190327, 23.238136047017004 ], [ 77.436732555190318, 23.238067447036869 ], [ 77.436618255190325, 23.238049747042002 ] ] ] } },
{ "type": "Feature", "properties": { }, "geometry": { "type": "Polygon", "coordinates": [ [ [ 77.436498955190331, 23.238525146904308 ], [ 77.436620155190326, 23.238541746899497 ], [ 77.436632355190341, 23.238466946921164 ], [ 77.436511155190317, 23.238450346925973 ], [ 77.436498955190331, 23.238525146904308 ] ] ] } },
{ "type": "Feature", "properties": { }, "geometry": { "type": "Polygon", "coordinates": [ [ [ 77.436295755190315, 23.238649946868165 ], [ 77.436285655190318, 23.238712146850144 ], [ 77.436411755190321, 23.238729446845134 ], [ 77.436421755190338, 23.238667246863155 ], [ 77.436295755190315, 23.238649946868165 ] ] ] } },
{ "type": "Feature", "properties": { }, "geometry": { "type": "Polygon", "coordinates": [ [ [ 77.436354055190321, 23.238305546967908 ], [ 77.436340155190337, 23.238381146946026 ], [ 77.43647615519032, 23.238402246939906 ], [ 77.436490055190333, 23.238326646961802 ], [ 77.436354055190321, 23.238305546967908 ] ] ] } },
{ "type": "Feature", "properties": { }, "geometry": { "type": "Polygon", "coordinates": [ [ [ 77.436277855190326, 23.238719546848003 ], [ 77.436265855190342, 23.238792846826772 ], [ 77.436401455190321, 23.238811546821363 ], [ 77.436413455190333, 23.238738146842618 ], [ 77.436277855190326, 23.238719546848003 ] ] ] } },
{ "type": "Feature", "properties": { }, "geometry": { "type": "Polygon", "coordinates": [ [ [ 77.436627355190325, 23.237950347070786 ], [ 77.436610555190342, 23.238041647044344 ], [ 77.436748655190328, 23.238063147038122 ], [ 77.43676545519034, 23.237971747064595 ], [ 77.436627355190325, 23.237950347070786 ] ] ] } },
{ "type": "Feature", "properties": { }, "geometry": { "type": "Polygon", "coordinates": [ [ [ 77.436411855190343, 23.238171147006838 ], [ 77.436397755190328, 23.238247646984686 ], [ 77.436524355190315, 23.238267346978979 ], [ 77.43653845519033, 23.238190747001159 ], [ 77.436411855190343, 23.238171147006838 ] ] ] } },
{ "type": "Feature", "properties": { }, "geometry": { "type": "Polygon", "coordinates": [ [ [ 77.436490555190318, 23.237790147117188 ], [ 77.436467355190317, 23.237916147080696 ], [ 77.43660045519033, 23.237936747074723 ], [ 77.436623655190331, 23.237810847111191 ], [ 77.436490555190318, 23.237790147117188 ] ] ] } },
{ "type": "Feature", "properties": { }, "geometry": { "type": "Polygon", "coordinates": [ [ [ 77.436548055190329, 23.238284846973912 ], [ 77.436535155190342, 23.238355246953518 ], [ 77.436665255190334, 23.238375446947661 ], [ 77.436678155190322, 23.238305046968058 ], [ 77.436548055190329, 23.238284846973912 ] ] ] } },
{ "type": "Feature", "properties": { }, "geometry": { "type": "Polygon", "coordinates": [ [ [ 77.428004455190319, 23.232709548588506 ], [ 77.427991455190323, 23.232710748588161 ], [ 77.427979955190324, 23.232716348586543 ], [ 77.427971655190319, 23.232725548583876 ], [ 77.427967855190317, 23.23273704858055 ], [ 77.427969155190326, 23.232748948577107 ], [ 77.427975255190333, 23.232759448574061 ], [ 77.427985255190322, 23.232767048571855 ], [ 77.427997755190319, 23.232770548570844 ], [ 77.428010655190334, 23.232769448571169 ], [ 77.428022155190334, 23.232763848572787 ], [ 77.428030455190338, 23.232754648575447 ], [ 77.428034255190326, 23.232743148578777 ], [ 77.428033055190326, 23.232731248582223 ], [ 77.428026955190319, 23.232720748585265 ], [ 77.428016855190336, 23.232713048587492 ], [ 77.428004455190319, 23.232709548588506 ] ] ] } },
{ "type": "Feature", "properties": { }, "geometry": { "type": "Polygon", "coordinates": [ [ [ 77.430591655190341, 23.229589049492041 ], [ 77.430705155190338, 23.229598949489173 ], [ 77.430720655190328, 23.229448949532607 ], [ 77.430607155190316, 23.229439149535441 ], [ 77.430591655190341, 23.229589049492041 ] ] ] } },
{ "type": "Feature", "properties": { }, "geometry": { "type": "Polygon", "coordinates": [ [ [ 77.430440555190316, 23.230330449277385 ], [ 77.430635755190337, 23.230354349270456 ], [ 77.430653055190334, 23.230235649304834 ], [ 77.430457755190318, 23.230211749311746 ], [ 77.430440555190316, 23.230330449277385 ] ] ] } },
{ "type": "Feature", "properties": { }, "geometry": { "type": "Polygon", "coordinates": [ [ [ 77.430178555190338, 23.22895284967624 ], [ 77.43014045519034, 23.229036249652086 ], [ 77.430344855190327, 23.229114949629302 ], [ 77.430382855190331, 23.229031549653456 ], [ 77.430178555190338, 23.22895284967624 ] ] ] } },
{ "type": "Feature", "properties": { }, "geometry": { "type": "Polygon", "coordinates": [ [ [ 77.429319155190328, 23.231922648816372 ], [ 77.429447655190316, 23.231953048807565 ], [ 77.429483655190339, 23.231824648844743 ], [ 77.429355155190322, 23.231794148853574 ], [ 77.429319155190328, 23.231922648816372 ] ] ] } },
{ "type": "Feature", "properties": { }, "geometry": { "type": "Polygon", "coordinates": [ [ [ 77.425559555190318, 23.229547649504028 ], [ 77.425674455190318, 23.229560449500323 ], [ 77.42569125519033, 23.229433549537063 ], [ 77.42557635519033, 23.229420749540768 ], [ 77.425559555190318, 23.229547649504028 ] ] ] } },
{ "type": "Feature", "properties": { }, "geometry": { "type": "Polygon", "coordinates": [ [ [ 77.425149655190324, 23.229823149424263 ], [ 77.425188155190327, 23.229823749424092 ], [ 77.425189855190339, 23.229733649450175 ], [ 77.425151355190337, 23.22973294945038 ], [ 77.425149655190324, 23.229823149424263 ] ] ] } },
{ "type": "Feature", "properties": { }, "geometry": { "type": "Polygon", "coordinates": [ [ [ 77.430241755190337, 23.231326948988855 ], [ 77.430339455190321, 23.23134304898419 ], [ 77.430395755190332, 23.231056149067264 ], [ 77.43029805519032, 23.231039949071956 ], [ 77.430241755190337, 23.231326948988855 ] ] ] } },
{ "type": "Feature", "properties": { }, "geometry": { "type": "Polygon", "coordinates": [ [ [ 77.42692345519032, 23.229052849647285 ], [ 77.426927855190343, 23.229148949619457 ], [ 77.427153155190325, 23.229140349621957 ], [ 77.427148755190331, 23.229044249649775 ], [ 77.42692345519032, 23.229052849647285 ] ] ] } },
{ "type": "Feature", "properties": { }, "geometry": { "type": "Polygon", "coordinates": [ [ [ 77.42877065519032, 23.231569248918689 ], [ 77.428790055190333, 23.231715148876454 ], [ 77.429001855190322, 23.231691448883311 ], [ 77.428982555190316, 23.231545548925556 ], [ 77.42877065519032, 23.231569248918689 ] ] ] } },
{ "type": "Feature", "properties": { }, "geometry": { "type": "Polygon", "coordinates": [ [ [ 77.42425415519034, 23.2284162498316 ], [ 77.424360855190315, 23.228414549832088 ], [ 77.424359955190326, 23.228366849845894 ], [ 77.424253255190322, 23.228368549845403 ], [ 77.42425415519034, 23.2284162498316 ] ] ] } },
{ "type": "Feature", "properties": { }, "geometry": { "type": "Polygon", "coordinates": [ [ [ 77.424151055190322, 23.228509849804496 ], [ 77.42419695519034, 23.228509649804558 ], [ 77.424196755190337, 23.228439749824791 ], [ 77.424150855190319, 23.228439849824767 ], [ 77.424151055190322, 23.228509849804496 ] ] ] } },
{ "type": "Feature", "properties": { }, "geometry": { "type": "Polygon", "coordinates": [ [ [ 77.427660755190317, 23.228303549864215 ], [ 77.427725655190329, 23.228364149846676 ], [ 77.427785655190334, 23.228309949862371 ], [ 77.427796355190338, 23.228319949859468 ], [ 77.427823455190335, 23.228295449866565 ], [ 77.427812755190317, 23.228285449869464 ], [ 77.427877855190317, 23.22822674988646 ], [ 77.427813055190342, 23.228166149904002 ], [ 77.427660755190317, 23.228303549864215 ] ] ] } },
{ "type": "Feature", "properties": { }, "geometry": { "type": "Polygon", "coordinates": [ [ [ 77.426303255190334, 23.229914249397883 ], [ 77.426411455190319, 23.229963249383694 ], [ 77.426498655190329, 23.229800549430813 ], [ 77.426390455190315, 23.22975164944496 ], [ 77.426303255190334, 23.229914249397883 ] ] ] } },
{ "type": "Feature", "properties": { }, "geometry": { "type": "Polygon", "coordinates": [ [ [ 77.430235355190334, 23.228411949832843 ], [ 77.430159755190331, 23.228478049813692 ], [ 77.430264355190317, 23.22857914978443 ], [ 77.430339955190334, 23.228513049803563 ], [ 77.430235355190334, 23.228411949832843 ] ] ] } },
{ "type": "Feature", "properties": { }, "geometry": { "type": "Polygon", "coordinates": [ [ [ 77.424464855190337, 23.228371549844539 ], [ 77.424465755190326, 23.22842444982922 ], [ 77.424584555190322, 23.228422649829739 ], [ 77.424583655190332, 23.228369849845031 ], [ 77.424464855190337, 23.228371549844539 ] ] ] } },
{ "type": "Feature", "properties": { }, "geometry": { "type": "Polygon", "coordinates": [ [ [ 77.424638955190332, 23.228409549833529 ], [ 77.424725455190327, 23.228408949833707 ], [ 77.424724955190328, 23.228354749849402 ], [ 77.424638455190333, 23.228355349849224 ], [ 77.424638955190332, 23.228409549833529 ] ] ] } },
{ "type": "Feature", "properties": { }, "geometry": { "type": "Polygon", "coordinates": [ [ [ 77.427462555190331, 23.228482949812285 ], [ 77.427532855190321, 23.228549749792943 ], [ 77.427596755190336, 23.228493049809359 ], [ 77.427601755190338, 23.228497749808 ], [ 77.427627455190333, 23.228474949814601 ], [ 77.427622455190331, 23.22847024981596 ], [ 77.427684355190337, 23.22841514983191 ], [ 77.427614055190332, 23.228348349851249 ], [ 77.427462555190331, 23.228482949812285 ] ] ] } },
{ "type": "Feature", "properties": { }, "geometry": { "type": "Polygon", "coordinates": [ [ [ 77.426918655190335, 23.230174849322434 ], [ 77.427047255190317, 23.230181049320638 ], [ 77.427054555190338, 23.230053249357645 ], [ 77.426925955190342, 23.230047049359431 ], [ 77.426918655190335, 23.230174849322434 ] ] ] } },
{ "type": "Feature", "properties": { }, "geometry": { "type": "Polygon", "coordinates": [ [ [ 77.425563455190343, 23.229594549490454 ], [ 77.42554355519033, 23.229707549457732 ], [ 77.425706055190332, 23.229731849450694 ], [ 77.425726055190339, 23.229618849483412 ], [ 77.425563455190343, 23.229594549490454 ] ] ] } },
{ "type": "Feature", "properties": { }, "geometry": { "type": "Polygon", "coordinates": [ [ [ 77.424121155190335, 23.229171249613007 ], [ 77.424255955190333, 23.229180049610459 ], [ 77.424263455190342, 23.229082549638687 ], [ 77.424128655190316, 23.229073749641234 ], [ 77.424121155190335, 23.229171249613007 ] ] ] } },
{ "type": "Feature", "properties": { }, "geometry": { "type": "Polygon", "coordinates": [ [ [ 77.424377755190321, 23.228431949827055 ], [ 77.424457155190325, 23.228430749827396 ], [ 77.424455855190317, 23.228361949847312 ], [ 77.424376455190327, 23.228363249846936 ], [ 77.424377755190321, 23.228431949827055 ] ] ] } },
{ "type": "Feature", "properties": { }, "geometry": { "type": "Polygon", "coordinates": [ [ [ 77.424432955190341, 23.22935634955941 ], [ 77.424562255190338, 23.229374449554175 ], [ 77.424581555190329, 23.229258149587849 ], [ 77.424452155190323, 23.229240049593091 ], [ 77.424432955190341, 23.22935634955941 ] ] ] } },
{ "type": "Feature", "properties": { }, "geometry": { "type": "Polygon", "coordinates": [ [ [ 77.428815655190334, 23.228468149816567 ], [ 77.428977255190333, 23.228543449794774 ], [ 77.429068755190343, 23.228377749842739 ], [ 77.428907055190336, 23.22830244986454 ], [ 77.428815655190334, 23.228468149816567 ] ] ] } },
{ "type": "Feature", "properties": { }, "geometry": { "type": "Polygon", "coordinates": [ [ [ 77.426055055190318, 23.229643249476347 ], [ 77.426195955190337, 23.229688949463114 ], [ 77.426221855190335, 23.229621649482603 ], [ 77.426080855190335, 23.229575949495839 ], [ 77.426055055190318, 23.229643249476347 ] ] ] } },
{ "type": "Feature", "properties": { }, "geometry": { "type": "Polygon", "coordinates": [ [ [ 77.430373555190343, 23.230283149291076 ], [ 77.430418855190339, 23.230286149290212 ], [ 77.430425655190334, 23.230199149315396 ], [ 77.430380355190337, 23.230196149316267 ], [ 77.430373555190343, 23.230283149291076 ] ] ] } },
{ "type": "Feature", "properties": { }, "geometry": { "type": "Polygon", "coordinates": [ [ [ 77.430089355190333, 23.228271349873548 ], [ 77.430010655190316, 23.228344449852383 ], [ 77.43012595519032, 23.228449249822042 ], [ 77.430204655190337, 23.228376049843238 ], [ 77.430089355190333, 23.228271349873548 ] ] ] } },
{ "type": "Feature", "properties": { }, "geometry": { "type": "Polygon", "coordinates": [ [ [ 77.427858955190317, 23.228641549766365 ], [ 77.427998555190342, 23.228694649750995 ], [ 77.428044755190328, 23.228592049780694 ], [ 77.427905155190317, 23.228539049796048 ], [ 77.427858955190317, 23.228641549766365 ] ] ] } },
{ "type": "Feature", "properties": { }, "geometry": { "type": "Polygon", "coordinates": [ [ [ 77.425383955190327, 23.229689949462827 ], [ 77.425437055190329, 23.229696749460864 ], [ 77.425470655190324, 23.229474349525251 ], [ 77.425417455190328, 23.229467549527222 ], [ 77.425383955190327, 23.229689949462827 ] ] ] } },
{ "type": "Feature", "properties": { }, "geometry": { "type": "Polygon", "coordinates": [ [ [ 77.439331755190338, 23.236864747385201 ], [ 77.439474355190328, 23.236886247378973 ], [ 77.439488955190328, 23.236804547402635 ], [ 77.439346355190338, 23.236783047408863 ], [ 77.439331755190338, 23.236864747385201 ] ] ] } },
{ "type": "Feature", "properties": { }, "geometry": { "type": "Polygon", "coordinates": [ [ [ 77.437253255190342, 23.237146047303732 ], [ 77.437219955190315, 23.237282447264231 ], [ 77.437299255190325, 23.237298847259481 ], [ 77.437332555190324, 23.237162447298982 ], [ 77.437253255190342, 23.237146047303732 ] ] ] } },
{ "type": "Feature", "properties": { }, "geometry": { "type": "Polygon", "coordinates": [ [ [ 77.437116755190317, 23.237426747222436 ], [ 77.437191255190342, 23.237442047218003 ], [ 77.437222455190323, 23.237314147255042 ], [ 77.43714805519032, 23.237298747259509 ], [ 77.437116755190317, 23.237426747222436 ] ] ] } },
{ "type": "Feature", "properties": { }, "geometry": { "type": "Polygon", "coordinates": [ [ [ 77.437173155190337, 23.234998747925605 ], [ 77.437328655190342, 23.235019047919724 ], [ 77.437343855190335, 23.234921047948106 ], [ 77.43718835519033, 23.234900747953986 ], [ 77.437173155190337, 23.234998747925605 ] ] ] } },
{ "type": "Feature", "properties": { }, "geometry": { "type": "Polygon", "coordinates": [ [ [ 77.437398655190322, 23.236943347362441 ], [ 77.437490755190325, 23.236953747359426 ], [ 77.437506955190315, 23.236832947394412 ], [ 77.43741485519034, 23.236822547397423 ], [ 77.437398655190322, 23.236943347362441 ] ] ] } },
{ "type": "Feature", "properties": { }, "geometry": { "type": "Polygon", "coordinates": [ [ [ 77.437378255190339, 23.237092947319109 ], [ 77.437467155190333, 23.237101647316592 ], [ 77.437481755190333, 23.236974747353347 ], [ 77.437392855190339, 23.236966147355833 ], [ 77.437378255190339, 23.237092947319109 ] ] ] } },
{ "type": "Feature", "properties": { }, "geometry": { "type": "Polygon", "coordinates": [ [ [ 77.438817355190338, 23.236811647400582 ], [ 77.438942155190318, 23.236832547394524 ], [ 77.438958255190329, 23.236751247418074 ], [ 77.438833455190334, 23.236730347424128 ], [ 77.438817355190338, 23.236811647400582 ] ] ] } },
{ "type": "Feature", "properties": { }, "geometry": { "type": "Polygon", "coordinates": [ [ [ 77.43728545519032, 23.237077847323487 ], [ 77.437373055190335, 23.237085047321401 ], [ 77.43738565519034, 23.236956247358705 ], [ 77.437298055190325, 23.236948947360819 ], [ 77.43728545519032, 23.237077847323487 ] ] ] } },
{ "type": "Feature", "properties": { }, "geometry": { "type": "Polygon", "coordinates": [ [ [ 77.438876655190327, 23.236555847474666 ], [ 77.438993255190326, 23.236575347469017 ], [ 77.439009955190343, 23.236491247493369 ], [ 77.438893355190331, 23.236471647499052 ], [ 77.438876655190327, 23.236555847474666 ] ] ] } },
{ "type": "Feature", "properties": { }, "geometry": { "type": "Polygon", "coordinates": [ [ [ 77.437226955190326, 23.234689848015055 ], [ 77.437208255190328, 23.234798947983467 ], [ 77.437365355190323, 23.234821747976863 ], [ 77.437384055190321, 23.234712648008454 ], [ 77.437226955190326, 23.234689848015055 ] ] ] } },
{ "type": "Feature", "properties": { }, "geometry": { "type": "Polygon", "coordinates": [ [ [ 77.437458355190316, 23.23748644720515 ], [ 77.437488455190319, 23.237363047240891 ], [ 77.43741495519032, 23.237347947245254 ], [ 77.437384755190337, 23.237471247209552 ], [ 77.437458355190316, 23.23748644720515 ] ] ] } },
{ "type": "Feature", "properties": { }, "geometry": { "type": "Polygon", "coordinates": [ [ [ 77.439597555190318, 23.230451049242465 ], [ 77.439942955190318, 23.230442349244981 ], [ 77.43993725519033, 23.230254549299357 ], [ 77.439591955190323, 23.230263349296809 ], [ 77.439597555190318, 23.230451049242465 ] ] ] } },
{ "type": "Feature", "properties": { }, "geometry": { "type": "Polygon", "coordinates": [ [ [ 77.439229055190339, 23.236674347440349 ], [ 77.439351055190343, 23.236692747435015 ], [ 77.43936635519033, 23.236607147459811 ], [ 77.439244355190326, 23.236588747465134 ], [ 77.439229055190339, 23.236674347440349 ] ] ] } },
{ "type": "Feature", "properties": { }, "geometry": { "type": "Polygon", "coordinates": [ [ [ 77.43734855519034, 23.234593548042948 ], [ 77.437461555190325, 23.234604348039809 ], [ 77.437469455190339, 23.234534448060064 ], [ 77.437356455190326, 23.234523648063192 ], [ 77.43734855519034, 23.234593548042948 ] ] ] } },
{ "type": "Feature", "properties": { }, "geometry": { "type": "Polygon", "coordinates": [ [ [ 77.42986655519033, 23.228427649828294 ], [ 77.429914555190337, 23.228418149831047 ], [ 77.429891055190325, 23.228318949859769 ], [ 77.429843155190341, 23.228328449857017 ], [ 77.42986655519033, 23.228427649828294 ] ] ] } },
{ "type": "Feature", "properties": { }, "geometry": { "type": "Polygon", "coordinates": [ [ [ 77.43720485519033, 23.237427447222235 ], [ 77.437280355190339, 23.237442947217751 ], [ 77.437304655190331, 23.237343747246477 ], [ 77.437229055190329, 23.237328147250988 ], [ 77.43720485519033, 23.237427447222235 ] ] ] } },
{ "type": "Feature", "properties": { }, "geometry": { "type": "Polygon", "coordinates": [ [ [ 77.429842655190328, 23.22874594973614 ], [ 77.42994585519034, 23.228769049729451 ], [ 77.42998145519033, 23.228635149768216 ], [ 77.429878155190337, 23.22861204977491 ], [ 77.429842655190328, 23.22874594973614 ] ] ] } },
{ "type": "Feature", "properties": { }, "geometry": { "type": "Polygon", "coordinates": [ [ [ 77.429528955190335, 23.2303659492671 ], [ 77.429564555190339, 23.23036684926684 ], [ 77.429566655190342, 23.230298449286646 ], [ 77.42953095519033, 23.230297549286906 ], [ 77.429528955190335, 23.2303659492671 ] ] ] } },
{ "type": "Feature", "properties": { }, "geometry": { "type": "Polygon", "coordinates": [ [ [ 77.43920095519033, 23.236839347392557 ], [ 77.439315555190319, 23.236856547387578 ], [ 77.439327855190342, 23.236787647407528 ], [ 77.439213255190325, 23.236770347412548 ], [ 77.43920095519033, 23.236839347392557 ] ] ] } },
{ "type": "Feature", "properties": { }, "geometry": { "type": "Polygon", "coordinates": [ [ [ 77.43225465519032, 23.230596449200366 ], [ 77.43227835519032, 23.230672049178473 ], [ 77.432573455190322, 23.230588249202739 ], [ 77.432548455190343, 23.230513849224288 ], [ 77.43225465519032, 23.230596449200366 ] ] ] } },
{ "type": "Feature", "properties": { }, "geometry": { "type": "Polygon", "coordinates": [ [ [ 77.438966555190319, 23.236735247422708 ], [ 77.439085555190317, 23.236755147416947 ], [ 77.43910035519032, 23.236680247438635 ], [ 77.438981355190322, 23.236660347444403 ], [ 77.438966555190319, 23.236735247422708 ] ] ] } },
{ "type": "Feature", "properties": { }, "geometry": { "type": "Polygon", "coordinates": [ [ [ 77.428242555190337, 23.230095749345335 ], [ 77.428369155190339, 23.230141749332017 ], [ 77.428447555190317, 23.229959549384773 ], [ 77.42832095519033, 23.229913549398088 ], [ 77.428242555190337, 23.230095749345335 ] ] ] } },
{ "type": "Feature", "properties": { }, "geometry": { "type": "Polygon", "coordinates": [ [ [ 77.437314255190316, 23.236932347365624 ], [ 77.437391955190336, 23.236941547362967 ], [ 77.437409155190323, 23.236819847398205 ], [ 77.437331555190326, 23.236810647400873 ], [ 77.437314255190316, 23.236932347365624 ] ] ] } },
{ "type": "Feature", "properties": { }, "geometry": { "type": "Polygon", "coordinates": [ [ [ 77.43719545519032, 23.237060947328381 ], [ 77.437275855190336, 23.237069047326031 ], [ 77.437289655190341, 23.236953147359603 ], [ 77.437209255190325, 23.236945047361946 ], [ 77.43719545519032, 23.237060947328381 ] ] ] } },
{ "type": "Feature", "properties": { }, "geometry": { "type": "Polygon", "coordinates": [ [ [ 77.425609255190338, 23.230118149338853 ], [ 77.425610955190336, 23.230227549307177 ], [ 77.425868155190315, 23.230224149308157 ], [ 77.425866455190331, 23.230114749339833 ], [ 77.425609255190338, 23.230118149338853 ] ] ] } },
{ "type": "Feature", "properties": { }, "geometry": { "type": "Polygon", "coordinates": [ [ [ 77.439356655190338, 23.236771347412251 ], [ 77.439478855190316, 23.236789847406893 ], [ 77.439493555190339, 23.236707147430845 ], [ 77.43937145519034, 23.236688747436173 ], [ 77.439356655190338, 23.236771347412251 ] ] ] } },
{ "type": "Feature", "properties": { }, "geometry": { "type": "Polygon", "coordinates": [ [ [ 77.428708455190318, 23.230350849271471 ], [ 77.428742055190327, 23.23051194922483 ], [ 77.428774155190325, 23.230506349226449 ], [ 77.428740555190316, 23.230345149273123 ], [ 77.428708455190318, 23.230350849271471 ] ] ] } },
{ "type": "Feature", "properties": { }, "geometry": { "type": "Polygon", "coordinates": [ [ [ 77.437500255190315, 23.237341747247051 ], [ 77.437607555190326, 23.237354447243376 ], [ 77.437628455190335, 23.237204747286732 ], [ 77.437521155190339, 23.237192147290376 ], [ 77.437500255190315, 23.237341747247051 ] ] ] } },
{ "type": "Feature", "properties": { }, "geometry": { "type": "Polygon", "coordinates": [ [ [ 77.42869635519034, 23.228395249837678 ], [ 77.428795355190331, 23.228403349835325 ], [ 77.428806255190324, 23.228290349868043 ], [ 77.428707255190332, 23.228282249870389 ], [ 77.42869635519034, 23.228395249837678 ] ] ] } },
{ "type": "Feature", "properties": { }, "geometry": { "type": "Polygon", "coordinates": [ [ [ 77.437126555190318, 23.237264047269559 ], [ 77.437203155190332, 23.237279847264983 ], [ 77.437234455190335, 23.237151747302079 ], [ 77.437157855190335, 23.237135947306658 ], [ 77.437126555190318, 23.237264047269559 ] ] ] } },
{ "type": "Feature", "properties": { }, "geometry": { "type": "Polygon", "coordinates": [ [ [ 77.430080755190332, 23.230285849290293 ], [ 77.430129655190328, 23.230291249288733 ], [ 77.430144455190316, 23.230177849321564 ], [ 77.430095555190334, 23.230172449323131 ], [ 77.430080755190332, 23.230285849290293 ] ] ] } },
{ "type": "Feature", "properties": { }, "geometry": { "type": "Polygon", "coordinates": [ [ [ 77.439359755190338, 23.236678247439212 ], [ 77.439481655190335, 23.236696647433892 ], [ 77.43949545519034, 23.236619647456184 ], [ 77.439373455190335, 23.236601247461515 ], [ 77.439359755190338, 23.236678247439212 ] ] ] } },
{ "type": "Feature", "properties": { }, "geometry": { "type": "Polygon", "coordinates": [ [ [ 77.430254455190322, 23.228703449748448 ], [ 77.430357055190342, 23.228757049732927 ], [ 77.430433555190319, 23.228633449768715 ], [ 77.430330955190342, 23.228579849784229 ], [ 77.430254455190322, 23.228703449748448 ] ] ] } },
{ "type": "Feature", "properties": { }, "geometry": { "type": "Polygon", "coordinates": [ [ [ 77.429561155190328, 23.23052984921965 ], [ 77.429562155190325, 23.23058434920387 ], [ 77.429836355190332, 23.230580049205113 ], [ 77.42983535519032, 23.230525549220889 ], [ 77.429561155190328, 23.23052984921965 ] ] ] } },
{ "type": "Feature", "properties": { }, "geometry": { "type": "Polygon", "coordinates": [ [ [ 77.439024855190326, 23.236482047496033 ], [ 77.439148955190319, 23.236502847490012 ], [ 77.439165255190318, 23.236420847513763 ], [ 77.439041155190338, 23.236400047519783 ], [ 77.439024855190326, 23.236482047496033 ] ] ] } },
{ "type": "Feature", "properties": { }, "geometry": { "type": "Polygon", "coordinates": [ [ [ 77.428120055190334, 23.230052949357724 ], [ 77.428235955190331, 23.230092749346205 ], [ 77.428313755190331, 23.229901749401506 ], [ 77.428197855190334, 23.229861849413052 ], [ 77.428120055190334, 23.230052949357724 ] ] ] } },
{ "type": "Feature", "properties": { }, "geometry": { "type": "Polygon", "coordinates": [ [ [ 77.439210555190328, 23.236761647415062 ], [ 77.439345155190338, 23.236781947409185 ], [ 77.439359555190336, 23.236701347432522 ], [ 77.439224955190326, 23.236681047438406 ], [ 77.439210555190328, 23.236761647415062 ] ] ] } },
{ "type": "Feature", "properties": { }, "geometry": { "type": "Polygon", "coordinates": [ [ [ 77.429407955190328, 23.230432349247877 ], [ 77.429439055190315, 23.230434049247382 ], [ 77.429460055190333, 23.23020434931389 ], [ 77.429422655190336, 23.2302112493119 ], [ 77.429407955190328, 23.230432349247877 ] ] ] } },
{ "type": "Feature", "properties": { }, "geometry": { "type": "Polygon", "coordinates": [ [ [ 77.43895625519032, 23.236832747394466 ], [ 77.439075155190324, 23.236852647388705 ], [ 77.439093255190329, 23.236761647415062 ], [ 77.438974355190325, 23.236741747420826 ], [ 77.43895625519032, 23.236832747394466 ] ] ] } },
{ "type": "Feature", "properties": { }, "geometry": { "type": "Polygon", "coordinates": [ [ [ 77.430028155190328, 23.228696949750329 ], [ 77.430034155190327, 23.228768449729625 ], [ 77.430103055190315, 23.228763549731045 ], [ 77.430097055190316, 23.228692049751743 ], [ 77.430028155190328, 23.228696949750329 ] ] ] } },
{ "type": "Feature", "properties": { }, "geometry": { "type": "Polygon", "coordinates": [ [ [ 77.437506755190327, 23.236974747353347 ], [ 77.437580655190317, 23.236979747351903 ], [ 77.437590155190321, 23.236862147385953 ], [ 77.437516155190337, 23.236857147387397 ], [ 77.437506755190327, 23.236974747353347 ] ] ] } },
{ "type": "Feature", "properties": { }, "geometry": { "type": "Polygon", "coordinates": [ [ [ 77.429770955190321, 23.228831049711506 ], [ 77.429832455190336, 23.228859249703337 ], [ 77.429880455190343, 23.228770849728928 ], [ 77.429819055190336, 23.228742649737093 ], [ 77.429770955190321, 23.228831049711506 ] ] ] } },
{ "type": "Feature", "properties": { }, "geometry": { "type": "Polygon", "coordinates": [ [ [ 77.437471055190329, 23.23731584725456 ], [ 77.437501255190327, 23.237192347290321 ], [ 77.43743465519033, 23.237178647294293 ], [ 77.437404455190318, 23.237302047258552 ], [ 77.437471055190329, 23.23731584725456 ] ] ] } },
{ "type": "Feature", "properties": { }, "geometry": { "type": "Polygon", "coordinates": [ [ [ 77.430228355190337, 23.228968349671753 ], [ 77.430337355190332, 23.228777549726988 ], [ 77.43025975519032, 23.228740049737844 ], [ 77.43015075519034, 23.228930949682574 ], [ 77.430228355190337, 23.228968349671753 ] ] ] } },
{ "type": "Feature", "properties": { }, "geometry": { "type": "Polygon", "coordinates": [ [ [ 77.437214955190342, 23.236915147370606 ], [ 77.437293055190324, 23.236922447368496 ], [ 77.437305855190331, 23.236806747401999 ], [ 77.437227855190329, 23.236799447404113 ], [ 77.437214955190342, 23.236915147370606 ] ] ] } },
{ "type": "Feature", "properties": { }, "geometry": { "type": "Polygon", "coordinates": [ [ [ 77.431825555190315, 23.230646349185918 ], [ 77.431970555190318, 23.23065464918351 ], [ 77.431976855190342, 23.230561849210385 ], [ 77.431831855190339, 23.230553549212786 ], [ 77.431825555190315, 23.230646349185918 ] ] ] } },
{ "type": "Feature", "properties": { }, "geometry": { "type": "Polygon", "coordinates": [ [ [ 77.437097855190316, 23.237046547332547 ], [ 77.437187755190337, 23.23705424733032 ], [ 77.437199555190318, 23.236938747363773 ], [ 77.437109655190326, 23.236930947366034 ], [ 77.437097855190316, 23.237046547332547 ] ] ] } },
{ "type": "Feature", "properties": { }, "geometry": { "type": "Polygon", "coordinates": [ [ [ 77.431336055190343, 23.228731149740423 ], [ 77.431357355190329, 23.228831549711355 ], [ 77.431522355190339, 23.228801949719927 ], [ 77.431501055190324, 23.228701649748967 ], [ 77.431336055190343, 23.228731149740423 ] ] ] } },
{ "type": "Feature", "properties": { }, "geometry": { "type": "Polygon", "coordinates": [ [ [ 77.437112755190341, 23.236902747374195 ], [ 77.437209855190318, 23.236910847371853 ], [ 77.437221155190315, 23.236795747405179 ], [ 77.437123955190316, 23.236787647407528 ], [ 77.437112755190341, 23.236902747374195 ] ] ] } },
{ "type": "Feature", "properties": { }, "geometry": { "type": "Polygon", "coordinates": [ [ [ 77.42696715519034, 23.229430049538074 ], [ 77.427177955190331, 23.22941764954167 ], [ 77.427172355190336, 23.229336949565027 ], [ 77.426961455190323, 23.229349349561438 ], [ 77.42696715519034, 23.229430049538074 ] ] ] } },
{ "type": "Feature", "properties": { }, "geometry": { "type": "Polygon", "coordinates": [ [ [ 77.440673155190325, 23.2371361473066 ], [ 77.440819955190321, 23.237143547304456 ], [ 77.440828055190323, 23.237007747343785 ], [ 77.440681255190327, 23.23700034734593 ], [ 77.440673155190325, 23.2371361473066 ] ] ] } },
{ "type": "Feature", "properties": { }, "geometry": { "type": "Polygon", "coordinates": [ [ [ 77.428749755190339, 23.230322849279585 ], [ 77.428784655190327, 23.230513849224288 ], [ 77.428845155190317, 23.230504449227006 ], [ 77.428810255190342, 23.230313449282299 ], [ 77.428749755190339, 23.230322849279585 ] ] ] } },
{ "type": "Feature", "properties": { }, "geometry": { "type": "Polygon", "coordinates": [ [ [ 77.437388655190333, 23.234994447926848 ], [ 77.437480455190325, 23.235008747922713 ], [ 77.43750055519034, 23.234899547954331 ], [ 77.437408755190319, 23.23488524795847 ], [ 77.437388655190333, 23.234994447926848 ] ] ] } },
{ "type": "Feature", "properties": { }, "geometry": { "type": "Polygon", "coordinates": [ [ [ 77.429925555190337, 23.22893114968252 ], [ 77.429976955190341, 23.228831549711355 ], [ 77.429912055190329, 23.228803249719554 ], [ 77.429860655190339, 23.228902849690716 ], [ 77.429925555190337, 23.22893114968252 ] ] ] } },
{ "type": "Feature", "properties": { }, "geometry": { "type": "Polygon", "coordinates": [ [ [ 77.437466755190343, 23.237495047202657 ], [ 77.437571455190323, 23.237516647196401 ], [ 77.437606855190324, 23.237371547238421 ], [ 77.437502255190324, 23.237349947244677 ], [ 77.437466755190343, 23.237495047202657 ] ] ] } },
{ "type": "Feature", "properties": { }, "geometry": { "type": "Polygon", "coordinates": [ [ [ 77.431644555190317, 23.230585349203576 ], [ 77.431771955190342, 23.230602549198601 ], [ 77.431789655190343, 23.230491849230646 ], [ 77.431662255190318, 23.230474549235662 ], [ 77.431644555190317, 23.230585349203576 ] ] ] } },
{ "type": "Feature", "properties": { }, "geometry": { "type": "Polygon", "coordinates": [ [ [ 77.426117955190335, 23.229924749394851 ], [ 77.426198755190327, 23.229714349455769 ], [ 77.426018955190315, 23.229656049472641 ], [ 77.425938155190337, 23.2298665494117 ], [ 77.426117955190335, 23.229924749394851 ] ] ] } },
{ "type": "Feature", "properties": { }, "geometry": { "type": "Polygon", "coordinates": [ [ [ 77.439968555190333, 23.230609049196719 ], [ 77.44018985519034, 23.230606549197443 ], [ 77.440185155190321, 23.230252049300084 ], [ 77.439963855190342, 23.230254549299357 ], [ 77.439968555190333, 23.230609049196719 ] ] ] } },
{ "type": "Feature", "properties": { }, "geometry": { "type": "Polygon", "coordinates": [ [ [ 77.430766755190319, 23.228385449840509 ], [ 77.430728055190329, 23.228429349827799 ], [ 77.430781055190337, 23.228468849816366 ], [ 77.430819755190328, 23.228424949829076 ], [ 77.430766755190319, 23.228385449840509 ] ] ] } },
{ "type": "Feature", "properties": { }, "geometry": { "type": "Polygon", "coordinates": [ [ [ 77.436999855190322, 23.237398847230516 ], [ 77.437110255190333, 23.237421647223915 ], [ 77.437141155190332, 23.237295447260465 ], [ 77.437030655190341, 23.237272647267066 ], [ 77.436999855190322, 23.237398847230516 ] ] ] } },
{ "type": "Feature", "properties": { }, "geometry": { "type": "Polygon", "coordinates": [ [ [ 77.426963955190331, 23.229591549491325 ], [ 77.427172255190328, 23.229586549492769 ], [ 77.427169255190321, 23.229480449523486 ], [ 77.426960955190339, 23.229485349522069 ], [ 77.426963955190331, 23.229591549491325 ] ] ] } },
{ "type": "Feature", "properties": { }, "geometry": { "type": "Polygon", "coordinates": [ [ [ 77.440266955190324, 23.236775347411097 ], [ 77.440427355190323, 23.236783447408747 ], [ 77.440434755190324, 23.23666014744445 ], [ 77.44027435519034, 23.236652047446807 ], [ 77.440266955190324, 23.236775347411097 ] ] ] } },
{ "type": "Feature", "properties": { }, "geometry": { "type": "Polygon", "coordinates": [ [ [ 77.429475855190319, 23.230416149252562 ], [ 77.429510355190331, 23.230417349252221 ], [ 77.429518455190319, 23.230231949305896 ], [ 77.429483855190341, 23.230230649306275 ], [ 77.429475855190319, 23.230416149252562 ] ] ] } },
{ "type": "Feature", "properties": { }, "geometry": { "type": "Polygon", "coordinates": [ [ [ 77.437412555190335, 23.234867447963627 ], [ 77.437506455190331, 23.234882847959167 ], [ 77.437527755190317, 23.234773147990936 ], [ 77.437433855190335, 23.234757747995399 ], [ 77.437412555190335, 23.234867447963627 ] ] ] } },
{ "type": "Feature", "properties": { }, "geometry": { "type": "Polygon", "coordinates": [ [ [ 77.437120255190322, 23.237276247266024 ], [ 77.437152555190337, 23.237144047304309 ], [ 77.437060155190323, 23.237125047309814 ], [ 77.437027855190323, 23.237257147271553 ], [ 77.437120255190322, 23.237276247266024 ] ] ] } },
{ "type": "Feature", "properties": { }, "geometry": { "type": "Polygon", "coordinates": [ [ [ 77.438892755190324, 23.23646464750108 ], [ 77.439013555190328, 23.236484847495223 ], [ 77.439030155190324, 23.236401047519493 ], [ 77.438909355190333, 23.236380847525346 ], [ 77.438892755190324, 23.23646464750108 ] ] ] } },
{ "type": "Feature", "properties": { }, "geometry": { "type": "Polygon", "coordinates": [ [ [ 77.439380455190317, 23.236587747465425 ], [ 77.439502555190316, 23.236606147460094 ], [ 77.439514855190325, 23.236537147480078 ], [ 77.439392755190326, 23.236518747485416 ], [ 77.439380455190317, 23.236587747465425 ] ] ] } },
{ "type": "Feature", "properties": { }, "geometry": { "type": "Polygon", "coordinates": [ [ [ 77.437289855190343, 23.237443647217539 ], [ 77.437380255190334, 23.237462247212154 ], [ 77.437406155190331, 23.237356247242854 ], [ 77.437315755190326, 23.237337647248243 ], [ 77.437289855190343, 23.237443647217539 ] ] ] } },
{ "type": "Feature", "properties": { }, "geometry": { "type": "Polygon", "coordinates": [ [ [ 77.438846055190325, 23.236624647454743 ], [ 77.438972755190335, 23.236645847448603 ], [ 77.438985955190333, 23.236579447467836 ], [ 77.438859155190343, 23.236558247473972 ], [ 77.438846055190325, 23.236624647454743 ] ] ] } },
{ "type": "Feature", "properties": { }, "geometry": { "type": "Polygon", "coordinates": [ [ [ 77.439237155190341, 23.236579647467771 ], [ 77.439361555190331, 23.236598347462355 ], [ 77.439374755190343, 23.236524147483848 ], [ 77.439250455190319, 23.236505447489257 ], [ 77.439237155190341, 23.236579647467771 ] ] ] } },
{ "type": "Feature", "properties": { }, "geometry": { "type": "Polygon", "coordinates": [ [ [ 77.438987855190334, 23.236656247445584 ], [ 77.439108555190316, 23.236676447439741 ], [ 77.439123555190335, 23.23660054746172 ], [ 77.439002955190318, 23.236580347467566 ], [ 77.438987855190334, 23.236656247445584 ] ] ] } },
{ "type": "Feature", "properties": { }, "geometry": { "type": "Polygon", "coordinates": [ [ [ 77.438804855190327, 23.236911447371675 ], [ 77.438934755190331, 23.236933147365395 ], [ 77.438953655190332, 23.236837847392991 ], [ 77.438823755190342, 23.236816047399302 ], [ 77.438804855190327, 23.236911447371675 ] ] ] } },
{ "type": "Feature", "properties": { }, "geometry": { "type": "Polygon", "coordinates": [ [ [ 77.437473755190339, 23.237089747320038 ], [ 77.437546855190334, 23.237096047318214 ], [ 77.437558055190323, 23.23698724734972 ], [ 77.437484955190342, 23.236980947351547 ], [ 77.437473755190339, 23.237089747320038 ] ] ] } },
{ "type": "Feature", "properties": { }, "geometry": { "type": "Polygon", "coordinates": [ [ [ 77.438832955190335, 23.236724747425747 ], [ 77.438958655190319, 23.236745747419665 ], [ 77.438976655190316, 23.236654847445994 ], [ 77.438850955190318, 23.2366337474521 ], [ 77.438832955190335, 23.236724747425747 ] ] ] } },
{ "type": "Feature", "properties": { }, "geometry": { "type": "Polygon", "coordinates": [ [ [ 77.440105555190343, 23.23676524741402 ], [ 77.440256355190343, 23.236769547412774 ], [ 77.440260455190341, 23.236648447447845 ], [ 77.440109655190341, 23.236644147449088 ], [ 77.440105555190343, 23.23676524741402 ] ] ] } },
{ "type": "Feature", "properties": { }, "geometry": { "type": "Polygon", "coordinates": [ [ [ 77.439007155190325, 23.236573447469567 ], [ 77.439134555190321, 23.236594847463369 ], [ 77.439151655190315, 23.236508847488274 ], [ 77.439024155190324, 23.236487547494445 ], [ 77.439007155190325, 23.236573447469567 ] ] ] } },
{ "type": "Feature", "properties": { }, "geometry": { "type": "Polygon", "coordinates": [ [ [ 77.437302555190328, 23.237287847262664 ], [ 77.437390155190343, 23.237305947257422 ], [ 77.437421455190332, 23.237182747293101 ], [ 77.437423755190338, 23.237168747297162 ], [ 77.437336055190343, 23.237150647302407 ], [ 77.437334455190324, 23.237157247300484 ], [ 77.437302555190328, 23.237287847262664 ] ] ] } },
{ "type": "Feature", "properties": { }, "geometry": { "type": "Polygon", "coordinates": [ [ [ 77.43595225519033, 23.240046646463615 ], [ 77.435933755190334, 23.240135046438009 ], [ 77.436059155190335, 23.240157246431579 ], [ 77.436077655190331, 23.240068746457215 ], [ 77.43595225519033, 23.240046646463615 ] ] ] } },
{ "type": "Feature", "properties": { }, "geometry": { "type": "Polygon", "coordinates": [ [ [ 77.43611375519032, 23.241322346094098 ], [ 77.436189055190326, 23.241341446088565 ], [ 77.436223855190335, 23.241225846122049 ], [ 77.436148555190329, 23.241206746127578 ], [ 77.43611375519032, 23.241322346094098 ] ] ] } },
{ "type": "Feature", "properties": { }, "geometry": { "type": "Polygon", "coordinates": [ [ [ 77.43720565519034, 23.238738446842532 ], [ 77.437321155190332, 23.23875474683781 ], [ 77.43735415519032, 23.238556646895191 ], [ 77.437238755190336, 23.238540346899907 ], [ 77.43720565519034, 23.238738446842532 ] ] ] } },
{ "type": "Feature", "properties": { }, "geometry": { "type": "Polygon", "coordinates": [ [ [ 77.436411955190323, 23.239825946527539 ], [ 77.436512255190323, 23.239853546519548 ], [ 77.436551855190331, 23.239732146554712 ], [ 77.436451455190323, 23.239704546562706 ], [ 77.436411955190323, 23.239825946527539 ] ] ] } },
{ "type": "Feature", "properties": { }, "geometry": { "type": "Polygon", "coordinates": [ [ [ 77.436373455190321, 23.24139224607385 ], [ 77.436407855190325, 23.241277746107016 ], [ 77.436305855190341, 23.241251846114519 ], [ 77.436271455190322, 23.241366346081346 ], [ 77.436373455190321, 23.24139224607385 ] ] ] } },
{ "type": "Feature", "properties": { }, "geometry": { "type": "Polygon", "coordinates": [ [ [ 77.436032055190324, 23.240406446359401 ], [ 77.436156055190324, 23.240428046353141 ], [ 77.436172455190317, 23.240348746376107 ], [ 77.436048355190323, 23.240327146382366 ], [ 77.436032055190324, 23.240406446359401 ] ] ] } },
{ "type": "Feature", "properties": { }, "geometry": { "type": "Polygon", "coordinates": [ [ [ 77.436457055190317, 23.240001646476649 ], [ 77.436549355190337, 23.240029846468488 ], [ 77.436596455190326, 23.239899246506312 ], [ 77.43650415519032, 23.239871146514442 ], [ 77.436457055190317, 23.240001646476649 ] ] ] } },
{ "type": "Feature", "properties": { }, "geometry": { "type": "Polygon", "coordinates": [ [ [ 77.437151355190323, 23.238292946971562 ], [ 77.437270255190327, 23.238311346966231 ], [ 77.437291055190329, 23.238198246998991 ], [ 77.437172155190325, 23.238179847004321 ], [ 77.437151355190323, 23.238292946971562 ] ] ] } },
{ "type": "Feature", "properties": { }, "geometry": { "type": "Polygon", "coordinates": [ [ [ 77.436211455190332, 23.240549946317831 ], [ 77.436194155190336, 23.240627946295238 ], [ 77.436337855190331, 23.240654846287448 ], [ 77.436355055190319, 23.240576746310072 ], [ 77.436211455190332, 23.240549946317831 ] ] ] } },
{ "type": "Feature", "properties": { }, "geometry": { "type": "Polygon", "coordinates": [ [ [ 77.436662155190319, 23.239179146714889 ], [ 77.43674845519034, 23.239188346712215 ], [ 77.436765255190338, 23.239056046750544 ], [ 77.436678955190317, 23.239046746753232 ], [ 77.436662155190319, 23.239179146714889 ] ] ] } },
{ "type": "Feature", "properties": { }, "geometry": { "type": "Polygon", "coordinates": [ [ [ 77.436274955190342, 23.240996046188609 ], [ 77.436407855190325, 23.241027646179461 ], [ 77.436426355190321, 23.240962146198438 ], [ 77.436293455190338, 23.24093054620759 ], [ 77.436274955190342, 23.240996046188609 ] ] ] } },
{ "type": "Feature", "properties": { }, "geometry": { "type": "Polygon", "coordinates": [ [ [ 77.437164255190339, 23.240156246431873 ], [ 77.437229455190334, 23.240172546427146 ], [ 77.43725585519033, 23.240083446452957 ], [ 77.437190655190335, 23.240067146457683 ], [ 77.437164255190339, 23.240156246431873 ] ] ] } },
{ "type": "Feature", "properties": { }, "geometry": { "type": "Polygon", "coordinates": [ [ [ 77.436358955190343, 23.23996204648812 ], [ 77.436454455190329, 23.239989046480307 ], [ 77.436491955190334, 23.239876946512766 ], [ 77.436396455190319, 23.239849946520593 ], [ 77.436358955190343, 23.23996204648812 ] ] ] } },
{ "type": "Feature", "properties": { }, "geometry": { "type": "Polygon", "coordinates": [ [ [ 77.435972255190336, 23.240648746289214 ], [ 77.436101055190335, 23.240669646283163 ], [ 77.436116155190334, 23.240591346305838 ], [ 77.435987355190321, 23.240570346311923 ], [ 77.435972255190336, 23.240648746289214 ] ] ] } },
{ "type": "Feature", "properties": { }, "geometry": { "type": "Polygon", "coordinates": [ [ [ 77.43681055519032, 23.24006804645742 ], [ 77.436883055190322, 23.240089046451342 ], [ 77.436917455190326, 23.239988746480389 ], [ 77.436844955190324, 23.239967746486474 ], [ 77.43681055519032, 23.24006804645742 ] ] ] } },
{ "type": "Feature", "properties": { }, "geometry": { "type": "Polygon", "coordinates": [ [ [ 77.436726055190334, 23.238998346767254 ], [ 77.436814455190316, 23.239008246764385 ], [ 77.436828755190319, 23.238900946795464 ], [ 77.43674025519033, 23.23889094679836 ], [ 77.436726055190334, 23.238998346767254 ] ] ] } },
{ "type": "Feature", "properties": { }, "geometry": { "type": "Polygon", "coordinates": [ [ [ 77.43778885519032, 23.240356846373771 ], [ 77.437826855190337, 23.24024134640722 ], [ 77.437747955190332, 23.240219446413565 ], [ 77.437710055190323, 23.240335046380075 ], [ 77.43778885519032, 23.240356846373771 ] ] ] } },
{ "type": "Feature", "properties": { }, "geometry": { "type": "Polygon", "coordinates": [ [ [ 77.437283155190343, 23.23830244696881 ], [ 77.437268055190316, 23.238385846944656 ], [ 77.437384655190328, 23.238403646939503 ], [ 77.437399755190327, 23.238320346963629 ], [ 77.437283155190343, 23.23830244696881 ] ] ] } },
{ "type": "Feature", "properties": { }, "geometry": { "type": "Polygon", "coordinates": [ [ [ 77.436363255190329, 23.239149246723542 ], [ 77.436484155190342, 23.239163246719492 ], [ 77.436501855190343, 23.239034246756855 ], [ 77.43638095519033, 23.239020246760902 ], [ 77.436363255190329, 23.239149246723542 ] ] ] } },
{ "type": "Feature", "properties": { }, "geometry": { "type": "Polygon", "coordinates": [ [ [ 77.436173055190324, 23.239850046520566 ], [ 77.436154355190325, 23.239929246497624 ], [ 77.436262455190317, 23.239950946491334 ], [ 77.436281255190337, 23.239871746514275 ], [ 77.436173055190324, 23.239850046520566 ] ] ] } },
{ "type": "Feature", "properties": { }, "geometry": { "type": "Polygon", "coordinates": [ [ [ 77.436862155190326, 23.237952347070209 ], [ 77.437042555190317, 23.237979047062474 ], [ 77.437063755190337, 23.237858447097405 ], [ 77.436883355190332, 23.237831647105168 ], [ 77.436862155190326, 23.237952347070209 ] ] ] } },
{ "type": "Feature", "properties": { }, "geometry": { "type": "Polygon", "coordinates": [ [ [ 77.436230355190318, 23.240471946340428 ], [ 77.436214155190342, 23.240544846319313 ], [ 77.436365855190331, 23.240573246311087 ], [ 77.436381955190328, 23.240500346332201 ], [ 77.436230355190318, 23.240471946340428 ] ] ] } },
{ "type": "Feature", "properties": { }, "geometry": { "type": "Polygon", "coordinates": [ [ [ 77.436655155190323, 23.239343946667155 ], [ 77.436730755190325, 23.239353046664515 ], [ 77.436746655190333, 23.239241246696899 ], [ 77.436671055190331, 23.239232146699532 ], [ 77.436655155190323, 23.239343946667155 ] ] ] } },
{ "type": "Feature", "properties": { }, "geometry": { "type": "Polygon", "coordinates": [ [ [ 77.43589305519032, 23.240291846392594 ], [ 77.43587835519034, 23.240352346375072 ], [ 77.436006355190329, 23.240378746367419 ], [ 77.436021155190332, 23.240318246384945 ], [ 77.43589305519032, 23.240291846392594 ] ] ] } },
{ "type": "Feature", "properties": { }, "geometry": { "type": "Polygon", "coordinates": [ [ [ 77.436300355190326, 23.240927446208488 ], [ 77.436428955190323, 23.240958146199596 ], [ 77.436450155190343, 23.240882946221376 ], [ 77.436321555190318, 23.240852246230268 ], [ 77.436300355190326, 23.240927446208488 ] ] ] } },
{ "type": "Feature", "properties": { }, "geometry": { "type": "Polygon", "coordinates": [ [ [ 77.436373655190323, 23.239300646679688 ], [ 77.436390455190335, 23.239194446710457 ], [ 77.436311355190341, 23.239183846713527 ], [ 77.436294555190315, 23.239290146682741 ], [ 77.436373655190323, 23.239300646679688 ] ] ] } },
{ "type": "Feature", "properties": { }, "geometry": { "type": "Polygon", "coordinates": [ [ [ 77.438033655190338, 23.240430346352476 ], [ 77.438124755190316, 23.240455546345178 ], [ 77.438158755190329, 23.240352046375158 ], [ 77.438067655190338, 23.240326846382452 ], [ 77.438033655190338, 23.240430346352476 ] ] ] } },
{ "type": "Feature", "properties": { }, "geometry": { "type": "Polygon", "coordinates": [ [ [ 77.437859155190324, 23.240385146365568 ], [ 77.437898855190326, 23.240264446400534 ], [ 77.437838655190319, 23.240247746405366 ], [ 77.437799055190339, 23.240368446370404 ], [ 77.437859155190324, 23.240385146365568 ] ] ] } },
{ "type": "Feature", "properties": { }, "geometry": { "type": "Polygon", "coordinates": [ [ [ 77.437295555190317, 23.238240546986738 ], [ 77.437284755190333, 23.238300146969475 ], [ 77.437406255190325, 23.23831874696409 ], [ 77.437417055190323, 23.238259146981349 ], [ 77.437295555190317, 23.238240546986738 ] ] ] } },
{ "type": "Feature", "properties": { }, "geometry": { "type": "Polygon", "coordinates": [ [ [ 77.436680455190327, 23.241294446102177 ], [ 77.436764955190341, 23.241311646097195 ], [ 77.436793455190326, 23.241193746131351 ], [ 77.43670895519034, 23.241176546136327 ], [ 77.436680455190327, 23.241294446102177 ] ] ] } },
{ "type": "Feature", "properties": { }, "geometry": { "type": "Polygon", "coordinates": [ [ [ 77.437071855190339, 23.240157246431579 ], [ 77.43715395519034, 23.240178646425385 ], [ 77.437189055190316, 23.240065046458291 ], [ 77.437106855190336, 23.240043646464486 ], [ 77.437071855190339, 23.240157246431579 ] ] ] } },
{ "type": "Feature", "properties": { }, "geometry": { "type": "Polygon", "coordinates": [ [ [ 77.437052155190315, 23.237997647057089 ], [ 77.437151255190329, 23.238010647053326 ], [ 77.437172555190315, 23.237873747092973 ], [ 77.43707345519033, 23.237860747096736 ], [ 77.437052155190315, 23.237997647057089 ] ] ] } },
{ "type": "Feature", "properties": { }, "geometry": { "type": "Polygon", "coordinates": [ [ [ 77.436725255190339, 23.240047246463444 ], [ 77.436807555190342, 23.240069846456898 ], [ 77.436843055190337, 23.239960546488557 ], [ 77.436760755190321, 23.23993804649507 ], [ 77.436725255190339, 23.240047246463444 ] ] ] } },
{ "type": "Feature", "properties": { }, "geometry": { "type": "Polygon", "coordinates": [ [ [ 77.436055555190322, 23.240319546384566 ], [ 77.436174155190315, 23.240342346377965 ], [ 77.43619305519033, 23.240259446401975 ], [ 77.436074355190343, 23.240236646408579 ], [ 77.436055555190322, 23.240319546384566 ] ] ] } },
{ "type": "Feature", "properties": { }, "geometry": { "type": "Polygon", "coordinates": [ [ [ 77.437211755190319, 23.238924146788744 ], [ 77.437293655190317, 23.238932946786193 ], [ 77.437309655190333, 23.238807146822634 ], [ 77.437227755190321, 23.238798346825181 ], [ 77.437211755190319, 23.238924146788744 ] ] ] } },
{ "type": "Feature", "properties": { }, "geometry": { "type": "Polygon", "coordinates": [ [ [ 77.43664155519032, 23.240015046472767 ], [ 77.436716455190322, 23.240036346466596 ], [ 77.436749955190336, 23.239936846495418 ], [ 77.436675055190321, 23.239915546501592 ], [ 77.43664155519032, 23.240015046472767 ] ] ] } },
{ "type": "Feature", "properties": { }, "geometry": { "type": "Polygon", "coordinates": [ [ [ 77.435911155190325, 23.240227146411335 ], [ 77.435896055190341, 23.240289146393373 ], [ 77.43602285519033, 23.240315246385812 ], [ 77.436037955190315, 23.240253246403775 ], [ 77.435911155190325, 23.240227146411335 ] ] ] } },
{ "type": "Feature", "properties": { }, "geometry": { "type": "Polygon", "coordinates": [ [ [ 77.436318855190322, 23.240843546232792 ], [ 77.43644565519034, 23.240873746224043 ], [ 77.436463655190323, 23.240809846242549 ], [ 77.436336855190333, 23.240779646251301 ], [ 77.436318855190322, 23.240843546232792 ] ] ] } },
{ "type": "Feature", "properties": { }, "geometry": { "type": "Polygon", "coordinates": [ [ [ 77.43822105519034, 23.240805246243884 ], [ 77.438184455190324, 23.240876946223118 ], [ 77.43830355519033, 23.240928346208229 ], [ 77.438340155190318, 23.240856646228995 ], [ 77.43822105519034, 23.240805246243884 ] ] ] } },
{ "type": "Feature", "properties": { }, "geometry": { "type": "Polygon", "coordinates": [ [ [ 77.437435355190317, 23.241097046159354 ], [ 77.437513255190339, 23.241114646154259 ], [ 77.437543355190343, 23.241001846186933 ], [ 77.437465555190343, 23.240984246192035 ], [ 77.437435355190317, 23.241097046159354 ] ] ] } },
{ "type": "Feature", "properties": { }, "geometry": { "type": "Polygon", "coordinates": [ [ [ 77.437142955190325, 23.238146847013876 ], [ 77.437297555190327, 23.238165747008406 ], [ 77.437313255190318, 23.238056947039915 ], [ 77.437158755190325, 23.238038047045386 ], [ 77.437142955190325, 23.238146847013876 ] ] ] } },
{ "type": "Feature", "properties": { }, "geometry": { "type": "Polygon", "coordinates": [ [ [ 77.435815055190332, 23.241110746155393 ], [ 77.435890755190343, 23.241126146150929 ], [ 77.43592215519034, 23.240996146188589 ], [ 77.435846355190336, 23.240980746193046 ], [ 77.435815055190332, 23.241110746155393 ] ] ] } },
{ "type": "Feature", "properties": { }, "geometry": { "type": "Polygon", "coordinates": [ [ [ 77.435670455190319, 23.241201046129234 ], [ 77.435749255190316, 23.241221046123442 ], [ 77.435778255190343, 23.241124646151366 ], [ 77.435699455190317, 23.241104546157182 ], [ 77.435670455190319, 23.241201046129234 ] ] ] } },
{ "type": "Feature", "properties": { }, "geometry": { "type": "Polygon", "coordinates": [ [ [ 77.437096055190338, 23.239039046755462 ], [ 77.437271455190327, 23.239057646750076 ], [ 77.437284655190325, 23.238953546780234 ], [ 77.437109155190328, 23.238934846785646 ], [ 77.437096055190338, 23.239039046755462 ] ] ] } },
{ "type": "Feature", "properties": { }, "geometry": { "type": "Polygon", "coordinates": [ [ [ 77.437330255190332, 23.240221946412841 ], [ 77.437444855190336, 23.240254846403314 ], [ 77.437478755190341, 23.240155346432132 ], [ 77.437364155190338, 23.240122346441694 ], [ 77.437330255190332, 23.240221946412841 ] ] ] } },
{ "type": "Feature", "properties": { }, "geometry": { "type": "Polygon", "coordinates": [ [ [ 77.438016855190327, 23.240890146219289 ], [ 77.437974355190335, 23.240960746198841 ], [ 77.438084655190337, 23.24101674618262 ], [ 77.438127155190315, 23.240946246203041 ], [ 77.438016855190327, 23.240890146219289 ] ] ] } },
{ "type": "Feature", "properties": { }, "geometry": { "type": "Polygon", "coordinates": [ [ [ 77.438181155190321, 23.24031464638599 ], [ 77.438255255190342, 23.240335246380027 ], [ 77.438294955190329, 23.240214446415017 ], [ 77.438220855190323, 23.240193846420976 ], [ 77.438181155190321, 23.24031464638599 ] ] ] } },
{ "type": "Feature", "properties": { }, "geometry": { "type": "Polygon", "coordinates": [ [ [ 77.435774055190336, 23.240761746256489 ], [ 77.435747155190342, 23.240881646221755 ], [ 77.43585585519034, 23.240902246215786 ], [ 77.435882855190329, 23.240782446250485 ], [ 77.435774055190336, 23.240761746256489 ] ] ] } },
{ "type": "Feature", "properties": { }, "geometry": { "type": "Polygon", "coordinates": [ [ [ 77.436514955190333, 23.239854146519377 ], [ 77.436613655190342, 23.239881146511554 ], [ 77.43665455519033, 23.239754846548138 ], [ 77.436555855190321, 23.239727846555958 ], [ 77.436514955190333, 23.239854146519377 ] ] ] } },
{ "type": "Feature", "properties": { }, "geometry": { "type": "Polygon", "coordinates": [ [ [ 77.437517855190336, 23.241116746153651 ], [ 77.437590755190342, 23.241132046149222 ], [ 77.437617855190339, 23.241022646180909 ], [ 77.437544955190333, 23.241007346185341 ], [ 77.437517855190336, 23.241116746153651 ] ] ] } },
{ "type": "Feature", "properties": { }, "geometry": { "type": "Polygon", "coordinates": [ [ [ 77.43701025519033, 23.239391846653277 ], [ 77.437095055190341, 23.239401546650473 ], [ 77.437108955190325, 23.239298746680248 ], [ 77.437024055190335, 23.239289046683059 ], [ 77.43701025519033, 23.239391846653277 ] ] ] } },
{ "type": "Feature", "properties": { }, "geometry": { "type": "Polygon", "coordinates": [ [ [ 77.436669655190343, 23.241458646054614 ], [ 77.436808955190315, 23.241494046044359 ], [ 77.436843455190342, 23.241379146077644 ], [ 77.436704155190327, 23.241343846087869 ], [ 77.436669655190343, 23.241458646054614 ] ] ] } },
{ "type": "Feature", "properties": { }, "geometry": { "type": "Polygon", "coordinates": [ [ [ 77.43646155519032, 23.239312346676307 ], [ 77.436478155190329, 23.23920694670683 ], [ 77.43639515519034, 23.239195846710043 ], [ 77.436378555190316, 23.239301246679524 ], [ 77.43646155519032, 23.239312346676307 ] ] ] } },
{ "type": "Feature", "properties": { }, "geometry": { "type": "Polygon", "coordinates": [ [ [ 77.435706655190316, 23.241066146168311 ], [ 77.435788755190316, 23.241082846163479 ], [ 77.43581635519034, 23.240968646196553 ], [ 77.435734155190332, 23.240951946201388 ], [ 77.435706655190316, 23.241066146168311 ] ] ] } },
{ "type": "Feature", "properties": { }, "geometry": { "type": "Polygon", "coordinates": [ [ [ 77.436169455190338, 23.24081164624203 ], [ 77.43615235519033, 23.240888946219641 ], [ 77.436300155190324, 23.240916546211643 ], [ 77.436317255190332, 23.240839246234032 ], [ 77.436169455190338, 23.24081164624203 ] ] ] } },
{ "type": "Feature", "properties": { }, "geometry": { "type": "Polygon", "coordinates": [ [ [ 77.437669755190342, 23.238920946789666 ], [ 77.437733255190338, 23.238553846895996 ], [ 77.437611855190326, 23.238536046901157 ], [ 77.437548355190316, 23.238903146794826 ], [ 77.437669755190342, 23.238920946789666 ] ] ] } },
{ "type": "Feature", "properties": { }, "geometry": { "type": "Polygon", "coordinates": [ [ [ 77.436772155190326, 23.241310446097547 ], [ 77.436857755190317, 23.24132784609251 ], [ 77.436890855190342, 23.241190746132215 ], [ 77.436805255190322, 23.241173246137283 ], [ 77.436772155190326, 23.241310446097547 ] ] ] } },
{ "type": "Feature", "properties": { }, "geometry": { "type": "Polygon", "coordinates": [ [ [ 77.437743455190329, 23.241175746136562 ], [ 77.437793555190339, 23.241188046133001 ], [ 77.437830455190323, 23.241061646169612 ], [ 77.437780355190341, 23.241049246173205 ], [ 77.437743455190329, 23.241175746136562 ] ] ] } },
{ "type": "Feature", "properties": { }, "geometry": { "type": "Polygon", "coordinates": [ [ [ 77.438292355190327, 23.240492246334544 ], [ 77.438360555190329, 23.240511746328906 ], [ 77.438400955190332, 23.240392746363369 ], [ 77.438332755190331, 23.240373146369045 ], [ 77.438292355190327, 23.240492246334544 ] ] ] } },
{ "type": "Feature", "properties": { }, "geometry": { "type": "Polygon", "coordinates": [ [ [ 77.438012155190322, 23.24026694639981 ], [ 77.43809835519032, 23.240291746392622 ], [ 77.438141555190342, 23.240165246429257 ], [ 77.438055455190337, 23.24014034643648 ], [ 77.438012155190322, 23.24026694639981 ] ] ] } },
{ "type": "Feature", "properties": { }, "geometry": { "type": "Polygon", "coordinates": [ [ [ 77.43758115519033, 23.240310346387236 ], [ 77.437703955190329, 23.240344346377384 ], [ 77.437745755190335, 23.240217146414231 ], [ 77.437622955190321, 23.240183146424084 ], [ 77.43758115519033, 23.240310346387236 ] ] ] } },
{ "type": "Feature", "properties": { }, "geometry": { "type": "Polygon", "coordinates": [ [ [ 77.437104655190325, 23.239408846648349 ], [ 77.437185255190329, 23.239415646646389 ], [ 77.437195855190325, 23.239309046677256 ], [ 77.437115255190335, 23.239302246679234 ], [ 77.437104655190325, 23.239408846648349 ] ] ] } },
{ "type": "Feature", "properties": { }, "geometry": { "type": "Polygon", "coordinates": [ [ [ 77.438179455190337, 23.240880846221984 ], [ 77.438144855190316, 23.240948646202348 ], [ 77.438261955190342, 23.240999146187718 ], [ 77.438296555190334, 23.24093144620733 ], [ 77.438179455190337, 23.240880846221984 ] ] ] } },
{ "type": "Feature", "properties": { }, "geometry": { "type": "Polygon", "coordinates": [ [ [ 77.437383555190337, 23.240083246453018 ], [ 77.437486255190336, 23.240112246444614 ], [ 77.437525155190329, 23.23999584647833 ], [ 77.43742245519033, 23.239966846486734 ], [ 77.437383555190337, 23.240083246453018 ] ] ] } },
{ "type": "Feature", "properties": { }, "geometry": { "type": "Polygon", "coordinates": [ [ [ 77.435965755190324, 23.239890946508712 ], [ 77.436123355190333, 23.239923546499273 ], [ 77.436147855190342, 23.23982384652815 ], [ 77.435990255190333, 23.239791146537623 ], [ 77.435965755190324, 23.239890946508712 ] ] ] } },
{ "type": "Feature", "properties": { }, "geometry": { "type": "Polygon", "coordinates": [ [ [ 77.436558555190317, 23.239325246672568 ], [ 77.436575755190333, 23.23921614670417 ], [ 77.436484155190342, 23.239203946707701 ], [ 77.436466955190326, 23.239313046676106 ], [ 77.436558555190317, 23.239325246672568 ] ] ] } },
{ "type": "Feature", "properties": { }, "geometry": { "type": "Polygon", "coordinates": [ [ [ 77.435776755190332, 23.241260646111975 ], [ 77.435893755190335, 23.241290346103369 ], [ 77.435926455190327, 23.241181846134797 ], [ 77.435809455190324, 23.241152146143403 ], [ 77.435776755190332, 23.241260646111975 ] ] ] } },
{ "type": "Feature", "properties": { }, "geometry": { "type": "Polygon", "coordinates": [ [ [ 77.437415255190331, 23.239344746666916 ], [ 77.437397055190331, 23.239485846626057 ], [ 77.43758115519033, 23.239505846620254 ], [ 77.437599355190329, 23.239364746661128 ], [ 77.437415255190331, 23.239344746666916 ] ] ] } },
{ "type": "Feature", "properties": { }, "geometry": { "type": "Polygon", "coordinates": [ [ [ 77.436912655190341, 23.239035046756623 ], [ 77.436999255190329, 23.239044346753932 ], [ 77.437014555190331, 23.238922946789089 ], [ 77.436927955190328, 23.238913746791759 ], [ 77.436912655190341, 23.239035046756623 ] ] ] } },
{ "type": "Feature", "properties": { }, "geometry": { "type": "Polygon", "coordinates": [ [ [ 77.435872355190341, 23.240356146373969 ], [ 77.435851755190342, 23.240440546349522 ], [ 77.435983955190338, 23.240467746341647 ], [ 77.436004555190337, 23.240383346366091 ], [ 77.435872355190341, 23.240356146373969 ] ] ] } },
{ "type": "Feature", "properties": { }, "geometry": { "type": "Polygon", "coordinates": [ [ [ 77.43809395519034, 23.240729346265873 ], [ 77.438226055190327, 23.240773646253036 ], [ 77.438256155190317, 23.240698246274878 ], [ 77.438124055190343, 23.240653846287742 ], [ 77.43809395519034, 23.240729346265873 ] ] ] } },
{ "type": "Feature", "properties": { }, "geometry": { "type": "Polygon", "coordinates": [ [ [ 77.438261955190342, 23.240718246269083 ], [ 77.438391355190319, 23.240779846251236 ], [ 77.438458355190335, 23.240661046285648 ], [ 77.438328955190343, 23.240599446303499 ], [ 77.438261955190342, 23.240718246269083 ] ] ] } },
{ "type": "Feature", "properties": { }, "geometry": { "type": "Polygon", "coordinates": [ [ [ 77.436149755190343, 23.239267346689349 ], [ 77.436291455190343, 23.239286246683861 ], [ 77.436307955190316, 23.239181946714073 ], [ 77.436166155190335, 23.239163046719554 ], [ 77.436149755190343, 23.239267346689349 ] ] ] } },
{ "type": "Feature", "properties": { }, "geometry": { "type": "Polygon", "coordinates": [ [ [ 77.437332355190321, 23.238034347046458 ], [ 77.437476355190327, 23.238051947041356 ], [ 77.43749705519032, 23.237909047082749 ], [ 77.437353055190343, 23.237891447087843 ], [ 77.437332355190321, 23.238034347046458 ] ] ] } },
{ "type": "Feature", "properties": { }, "geometry": { "type": "Polygon", "coordinates": [ [ [ 77.436931755190329, 23.23937644665774 ], [ 77.437001955190325, 23.239384846655305 ], [ 77.437018555190321, 23.239268546688994 ], [ 77.436948355190324, 23.239260046691456 ], [ 77.436931755190329, 23.23937644665774 ] ] ] } },
{ "type": "Feature", "properties": { }, "geometry": { "type": "Polygon", "coordinates": [ [ [ 77.437109155190328, 23.238444846927571 ], [ 77.437095655190333, 23.238519746905872 ], [ 77.437231455190343, 23.238540346899907 ], [ 77.437244855190329, 23.238465446921602 ], [ 77.437109155190328, 23.238444846927571 ] ] ] } },
{ "type": "Feature", "properties": { }, "geometry": { "type": "Polygon", "coordinates": [ [ [ 77.438100755190334, 23.241022546180936 ], [ 77.438055655190325, 23.241103146157588 ], [ 77.438154255190341, 23.241149646144123 ], [ 77.438199355190335, 23.241069046167471 ], [ 77.438100755190334, 23.241022546180936 ] ] ] } },
{ "type": "Feature", "properties": { }, "geometry": { "type": "Polygon", "coordinates": [ [ [ 77.438368155190318, 23.240527946324207 ], [ 77.438527155190329, 23.240573546310998 ], [ 77.438570655190333, 23.240445446348101 ], [ 77.438411555190342, 23.240399846361306 ], [ 77.438368155190318, 23.240527946324207 ] ] ] } },
{ "type": "Feature", "properties": { }, "geometry": { "type": "Polygon", "coordinates": [ [ [ 77.436618755190338, 23.239880146511844 ], [ 77.436690555190324, 23.239900946505816 ], [ 77.436732455190338, 23.239778946541154 ], [ 77.436660655190323, 23.239758146547175 ], [ 77.436618755190338, 23.239880146511844 ] ] ] } },
{ "type": "Feature", "properties": { }, "geometry": { "type": "Polygon", "coordinates": [ [ [ 77.436831155190319, 23.239368446660052 ], [ 77.436923255190322, 23.239379446656869 ], [ 77.436939855190317, 23.239262646690701 ], [ 77.436847855190322, 23.239251546693914 ], [ 77.436831155190319, 23.239368446660052 ] ] ] } },
{ "type": "Feature", "properties": { }, "geometry": { "type": "Polygon", "coordinates": [ [ [ 77.436602955190324, 23.24126664611023 ], [ 77.436675155190329, 23.241281346105978 ], [ 77.436702855190319, 23.241166546139226 ], [ 77.436630555190334, 23.241151846143492 ], [ 77.436602955190324, 23.24126664611023 ] ] ] } },
{ "type": "Feature", "properties": { }, "geometry": { "type": "Polygon", "coordinates": [ [ [ 77.437118955190329, 23.240007646474911 ], [ 77.43719655519034, 23.240030646468252 ], [ 77.437236355190336, 23.239916946501186 ], [ 77.437158755190325, 23.239894046507818 ], [ 77.437118955190329, 23.240007646474911 ] ] ] } },
{ "type": "Feature", "properties": { }, "geometry": { "type": "Polygon", "coordinates": [ [ [ 77.437971155190326, 23.240962246198411 ], [ 77.437923255190341, 23.241038246176391 ], [ 77.438047355190321, 23.241104246157274 ], [ 77.438095255190319, 23.241028246179287 ], [ 77.437971155190326, 23.240962246198411 ] ] ] } },
{ "type": "Feature", "properties": { }, "geometry": { "type": "Polygon", "coordinates": [ [ [ 77.436779055190328, 23.23992504649884 ], [ 77.43687165519033, 23.239951146491279 ], [ 77.436910355190321, 23.239835246524851 ], [ 77.436817755190319, 23.239809146532409 ], [ 77.436779055190328, 23.23992504649884 ] ] ] } },
{ "type": "Feature", "properties": { }, "geometry": { "type": "Polygon", "coordinates": [ [ [ 77.435779055190338, 23.240755346258336 ], [ 77.435893655190327, 23.240777046252052 ], [ 77.43590885519032, 23.240709446271637 ], [ 77.435794255190331, 23.240687646277951 ], [ 77.435779055190338, 23.240755346258336 ] ] ] } },
{ "type": "Feature", "properties": { }, "geometry": { "type": "Polygon", "coordinates": [ [ [ 77.43611255519032, 23.24007854645437 ], [ 77.436243955190321, 23.24009934644835 ], [ 77.436258055190336, 23.240023946470195 ], [ 77.436126655190336, 23.240003246476192 ], [ 77.43611255519032, 23.24007854645437 ] ] ] } },
{ "type": "Feature", "properties": { }, "geometry": { "type": "Polygon", "coordinates": [ [ [ 77.436645055190326, 23.239333946670051 ], [ 77.436661855190337, 23.239227346700929 ], [ 77.43658075519032, 23.239216546704053 ], [ 77.436563955190323, 23.239323146673179 ], [ 77.436645055190326, 23.239333946670051 ] ] ] } },
{ "type": "Feature", "properties": { }, "geometry": { "type": "Polygon", "coordinates": [ [ [ 77.436231555190318, 23.241183146134425 ], [ 77.436303455190327, 23.24119774613019 ], [ 77.436331355190319, 23.24108174616379 ], [ 77.436259555190318, 23.241067146168024 ], [ 77.436231555190318, 23.241183146134425 ] ] ] } },
{ "type": "Feature", "properties": { }, "geometry": { "type": "Polygon", "coordinates": [ [ [ 77.436816155190328, 23.239027646758771 ], [ 77.436910455190315, 23.239037646755865 ], [ 77.436926255190343, 23.238912646792073 ], [ 77.436831955190343, 23.238902546795003 ], [ 77.436816155190328, 23.239027646758771 ] ] ] } },
{ "type": "Feature", "properties": { }, "geometry": { "type": "Polygon", "coordinates": [ [ [ 77.43782595519032, 23.241338446089433 ], [ 77.437956655190334, 23.241373546079274 ], [ 77.43799005519034, 23.241268746109625 ], [ 77.437859355190326, 23.241233646119788 ], [ 77.43782595519032, 23.241338446089433 ] ] ] } },
{ "type": "Feature", "properties": { }, "geometry": { "type": "Polygon", "coordinates": [ [ [ 77.43710425519032, 23.238908746793204 ], [ 77.437201155190337, 23.238919146790199 ], [ 77.437217055190317, 23.2387941468264 ], [ 77.437120155190328, 23.238783746829409 ], [ 77.43710425519032, 23.238908746793204 ] ] ] } },
{ "type": "Feature", "properties": { }, "geometry": { "type": "Polygon", "coordinates": [ [ [ 77.438064955190342, 23.240801346245014 ], [ 77.438175955190317, 23.240851946230357 ], [ 77.438220755190329, 23.240778746251557 ], [ 77.438099955190339, 23.240736546263783 ], [ 77.438064955190342, 23.240801346245014 ] ] ] } },
{ "type": "Feature", "properties": { }, "geometry": { "type": "Polygon", "coordinates": [ [ [ 77.438261955190342, 23.240727446266419 ], [ 77.438223055190335, 23.240803646244341 ], [ 77.438344355190338, 23.240856046229169 ], [ 77.438383355190325, 23.240779846251236 ], [ 77.438261955190342, 23.240727446266419 ] ] ] } },
{ "type": "Feature", "properties": { }, "geometry": { "type": "Polygon", "coordinates": [ [ [ 77.437371355190336, 23.241241846117415 ], [ 77.43747455519032, 23.241265546110547 ], [ 77.437507455190328, 23.24114474614554 ], [ 77.437404155190336, 23.241121046152404 ], [ 77.437371355190336, 23.241241846117415 ] ] ] } },
{ "type": "Feature", "properties": { }, "geometry": { "type": "Polygon", "coordinates": [ [ [ 77.437021655190321, 23.239239646697364 ], [ 77.437107055190339, 23.239249946694382 ], [ 77.437128255190316, 23.239101646737339 ], [ 77.437042755190333, 23.239091346740317 ], [ 77.437021655190321, 23.239239646697364 ] ] ] } },
{ "type": "Feature", "properties": { }, "geometry": { "type": "Polygon", "coordinates": [ [ [ 77.436381355190335, 23.240593046305353 ], [ 77.436487155190321, 23.240618346298021 ], [ 77.436511355190319, 23.240532646322848 ], [ 77.436405555190319, 23.240507446330138 ], [ 77.436381355190335, 23.240593046305353 ] ] ] } },
{ "type": "Feature", "properties": { }, "geometry": { "type": "Polygon", "coordinates": [ [ [ 77.437622155190326, 23.240177246425791 ], [ 77.437812355190317, 23.24023214640988 ], [ 77.437861355190321, 23.240088846451389 ], [ 77.43767115519033, 23.240033946467296 ], [ 77.437622155190326, 23.240177246425791 ] ] ] } },
{ "type": "Feature", "properties": { }, "geometry": { "type": "Polygon", "coordinates": [ [ [ 77.436566455190331, 23.239992246479375 ], [ 77.436634755190326, 23.240013346473265 ], [ 77.436669655190343, 23.239918146500838 ], [ 77.436601355190319, 23.239897046506954 ], [ 77.436566455190331, 23.239992246479375 ] ] ] } },
{ "type": "Feature", "properties": { }, "geometry": { "type": "Polygon", "coordinates": [ [ [ 77.438213855190341, 23.240469746341059 ], [ 77.43828705519033, 23.240490646335008 ], [ 77.438323655190317, 23.240382846366234 ], [ 77.438250455190342, 23.240361946372289 ], [ 77.438213855190341, 23.240469746341059 ] ] ] } },
{ "type": "Feature", "properties": { }, "geometry": { "type": "Polygon", "coordinates": [ [ [ 77.435819055190322, 23.240626446295671 ], [ 77.435805155190323, 23.240688146277801 ], [ 77.435917355190327, 23.240709446271637 ], [ 77.43593125519034, 23.240647746289504 ], [ 77.435819055190322, 23.240626446295671 ] ] ] } },
{ "type": "Feature", "properties": { }, "geometry": { "type": "Polygon", "coordinates": [ [ [ 77.437496855190318, 23.239111446734494 ], [ 77.437651155190323, 23.239130946728846 ], [ 77.43768025519033, 23.23893574678538 ], [ 77.437525955190324, 23.238916246791032 ], [ 77.437496855190318, 23.239111446734494 ] ] ] } },
{ "type": "Feature", "properties": { }, "geometry": { "type": "Polygon", "coordinates": [ [ [ 77.436937155190336, 23.238111147024224 ], [ 77.437026155190324, 23.238126647019733 ], [ 77.437049055190329, 23.238015047052055 ], [ 77.43696005519034, 23.237999547056535 ], [ 77.436937155190336, 23.238111147024224 ] ] ] } },
{ "type": "Feature", "properties": { }, "geometry": { "type": "Polygon", "coordinates": [ [ [ 77.437591955190342, 23.241138346147398 ], [ 77.437740055190318, 23.241173046137341 ], [ 77.437774955190335, 23.241046946173874 ], [ 77.437626955190339, 23.241012346183894 ], [ 77.437591955190342, 23.241138346147398 ] ] ] } },
{ "type": "Feature", "properties": { }, "geometry": { "type": "Polygon", "coordinates": [ [ [ 77.438103355190322, 23.240294046391956 ], [ 77.438175455190333, 23.240314846385935 ], [ 77.438217755190337, 23.240191046421788 ], [ 77.43814565519034, 23.240170246427819 ], [ 77.438103355190322, 23.240294046391956 ] ] ] } },
{ "type": "Feature", "properties": { }, "geometry": { "type": "Polygon", "coordinates": [ [ [ 77.437002755190321, 23.239051846751757 ], [ 77.43708955519034, 23.239061146749066 ], [ 77.437105755190331, 23.238932846786231 ], [ 77.437018955190325, 23.238923546788914 ], [ 77.437002755190321, 23.239051846751757 ] ] ] } },
{ "type": "Feature", "properties": { }, "geometry": { "type": "Polygon", "coordinates": [ [ [ 77.437993955190322, 23.241164046139954 ], [ 77.437951755190326, 23.241242446117244 ], [ 77.438077055190334, 23.241299246100787 ], [ 77.438119155190321, 23.241220846123504 ], [ 77.437993955190322, 23.241164046139954 ] ] ] } },
{ "type": "Feature", "properties": { }, "geometry": { "type": "Polygon", "coordinates": [ [ [ 77.437936455190339, 23.240393846363048 ], [ 77.43797125519032, 23.240287846393748 ], [ 77.437907155190331, 23.240270146398885 ], [ 77.437872355190322, 23.240376046368201 ], [ 77.437936455190339, 23.240393846363048 ] ] ] } },
{ "type": "Feature", "properties": { }, "geometry": { "type": "Polygon", "coordinates": [ [ [ 77.436697555190321, 23.239898646506489 ], [ 77.43676975519034, 23.239919046500585 ], [ 77.436809655190331, 23.239800146535018 ], [ 77.43673745519034, 23.239779646540953 ], [ 77.436697555190321, 23.239898646506489 ] ] ] } },
{ "type": "Feature", "properties": { }, "geometry": { "type": "Polygon", "coordinates": [ [ [ 77.438448355190332, 23.240364546371527 ], [ 77.438597955190318, 23.240409546358496 ], [ 77.438638755190325, 23.240295046391665 ], [ 77.438489155190339, 23.240250046404704 ], [ 77.438448355190332, 23.240364546371527 ] ] ] } },
{ "type": "Feature", "properties": { }, "geometry": { "type": "Polygon", "coordinates": [ [ [ 77.437316655190315, 23.238156747011011 ], [ 77.437452555190333, 23.2381733470062 ], [ 77.437467555190338, 23.238069847036183 ], [ 77.437331655190334, 23.238053247040988 ], [ 77.437316655190315, 23.238156747011011 ] ] ] } },
{ "type": "Feature", "properties": { }, "geometry": { "type": "Polygon", "coordinates": [ [ [ 77.435834555190326, 23.240555846316123 ], [ 77.43581915519033, 23.240623546296515 ], [ 77.435939555190316, 23.240646646289822 ], [ 77.43595495519034, 23.24057894630943 ], [ 77.435834555190326, 23.240555846316123 ] ] ] } },
{ "type": "Feature", "properties": { }, "geometry": { "type": "Polygon", "coordinates": [ [ [ 77.437640055190329, 23.241285646104725 ], [ 77.437725955190331, 23.241306246098766 ], [ 77.437755555190321, 23.241202246128882 ], [ 77.437669655190319, 23.241181646134855 ], [ 77.437640055190329, 23.241285646104725 ] ] ] } },
{ "type": "Feature", "properties": { }, "geometry": { "type": "Polygon", "coordinates": [ [ [ 77.436983555190324, 23.240133646438419 ], [ 77.437067255190343, 23.240153846432566 ], [ 77.437100855190323, 23.240036346466596 ], [ 77.437017255190341, 23.240016146472449 ], [ 77.436983555190324, 23.240133646438419 ] ] ] } },
{ "type": "Feature", "properties": { }, "geometry": { "type": "Polygon", "coordinates": [ [ [ 77.435983755190335, 23.241130646149628 ], [ 77.436050655190343, 23.241144246145694 ], [ 77.436080855190326, 23.241018646182066 ], [ 77.436014055190341, 23.241005046186007 ], [ 77.435983755190335, 23.241130646149628 ] ] ] } },
{ "type": "Feature", "properties": { }, "geometry": { "type": "Polygon", "coordinates": [ [ [ 77.436133155190319, 23.240001846476588 ], [ 77.436261255190331, 23.240022146470714 ], [ 77.436273455190332, 23.239957146489541 ], [ 77.436145355190334, 23.239936846495418 ], [ 77.436133155190319, 23.240001846476588 ] ] ] } },
{ "type": "Feature", "properties": { }, "geometry": { "type": "Polygon", "coordinates": [ [ [ 77.43685195519032, 23.239192846710921 ], [ 77.436919155190324, 23.239200946708571 ], [ 77.436937155190336, 23.239075146745009 ], [ 77.436869855190324, 23.239067046747348 ], [ 77.43685195519032, 23.239192846710921 ] ] ] } },
{ "type": "Feature", "properties": { }, "geometry": { "type": "Polygon", "coordinates": [ [ [ 77.436036455190333, 23.239700746563813 ], [ 77.436015455190329, 23.239789946537964 ], [ 77.43614285519034, 23.239815246530636 ], [ 77.43616385519033, 23.239726046556481 ], [ 77.436036455190333, 23.239700746563813 ] ] ] } },
{ "type": "Feature", "properties": { }, "geometry": { "type": "Polygon", "coordinates": [ [ [ 77.437078755190328, 23.238584246887193 ], [ 77.437215655190329, 23.238605846880937 ], [ 77.437227455190339, 23.238542446899299 ], [ 77.437090555190338, 23.238520946905524 ], [ 77.437078755190328, 23.238584246887193 ] ] ] } },
{ "type": "Feature", "properties": { }, "geometry": { "type": "Polygon", "coordinates": [ [ [ 77.437723755190319, 23.24132194609421 ], [ 77.437820655190336, 23.241347246086882 ], [ 77.437852955190323, 23.241242746117155 ], [ 77.437756055190334, 23.241217446124487 ], [ 77.437723755190319, 23.24132194609421 ] ] ] } },
{ "type": "Feature", "properties": { }, "geometry": { "type": "Polygon", "coordinates": [ [ [ 77.437922355190324, 23.240230046410495 ], [ 77.437999355190328, 23.240252346404034 ], [ 77.438040655190335, 23.240131346439089 ], [ 77.437963755190324, 23.240109146445512 ], [ 77.437922355190324, 23.240230046410495 ] ] ] } },
{ "type": "Feature", "properties": { }, "geometry": { "type": "Polygon", "coordinates": [ [ [ 77.437250455190323, 23.238467046921134 ], [ 77.437238655190342, 23.238532046902311 ], [ 77.437355155190332, 23.238549946897127 ], [ 77.437366955190328, 23.238484846915984 ], [ 77.437250455190323, 23.238467046921134 ] ] ] } },
{ "type": "Feature", "properties": { }, "geometry": { "type": "Polygon", "coordinates": [ [ [ 77.438056755190317, 23.24080344624441 ], [ 77.438011855190325, 23.24088474622085 ], [ 77.438128855190328, 23.240942146204226 ], [ 77.438180955190319, 23.240861246227659 ], [ 77.438056755190317, 23.24080344624441 ] ] ] } },
{ "type": "Feature", "properties": { }, "geometry": { "type": "Polygon", "coordinates": [ [ [ 77.437114155190329, 23.239252546693621 ], [ 77.437194455190323, 23.239260746691247 ], [ 77.437211855190341, 23.239116546733026 ], [ 77.437131555190334, 23.239108446735365 ], [ 77.437114155190329, 23.239252546693621 ] ] ] } },
{ "type": "Feature", "properties": { }, "geometry": { "type": "Polygon", "coordinates": [ [ [ 77.436746355190323, 23.23884134681273 ], [ 77.436761655190324, 23.238725246846354 ], [ 77.436657855190333, 23.23871374684968 ], [ 77.436642555190318, 23.238829746816087 ], [ 77.436746355190323, 23.23884134681273 ] ] ] } },
{ "type": "Feature", "properties": { }, "geometry": { "type": "Polygon", "coordinates": [ [ [ 77.436355555190332, 23.240682846279338 ], [ 77.436478255190323, 23.240712146270852 ], [ 77.436502455190336, 23.240626346295702 ], [ 77.436379755190316, 23.240597146304161 ], [ 77.436355555190332, 23.240682846279338 ] ] ] } },
{ "type": "Feature", "properties": { }, "geometry": { "type": "Polygon", "coordinates": [ [ [ 77.437551755190327, 23.241277646107044 ], [ 77.437633155190341, 23.241296746101511 ], [ 77.437666355190316, 23.241176946136214 ], [ 77.437584855190323, 23.241157946141715 ], [ 77.437551755190327, 23.241277646107044 ] ] ] } },
{ "type": "Feature", "properties": { }, "geometry": { "type": "Polygon", "coordinates": [ [ [ 77.43585475519032, 23.240445946347965 ], [ 77.435838755190332, 23.240511446328984 ], [ 77.435959555190323, 23.240536346321772 ], [ 77.435975455190331, 23.240470846340749 ], [ 77.43585475519032, 23.240445946347965 ] ] ] } },
{ "type": "Feature", "properties": { }, "geometry": { "type": "Polygon", "coordinates": [ [ [ 77.436147955190322, 23.240895846217636 ], [ 77.436131555190329, 23.240970046196143 ], [ 77.436261555190342, 23.240994346189108 ], [ 77.436277955190334, 23.240920046210633 ], [ 77.436147955190322, 23.240895846217636 ] ] ] } },
{ "type": "Feature", "properties": { }, "geometry": { "type": "Polygon", "coordinates": [ [ [ 77.438127955190339, 23.240650546288691 ], [ 77.438257755190321, 23.240695646275626 ], [ 77.438308855190328, 23.240571446311606 ], [ 77.438179055190318, 23.240526346324668 ], [ 77.438127955190339, 23.240650546288691 ] ] ] } },
{ "type": "Feature", "properties": { }, "geometry": { "type": "Polygon", "coordinates": [ [ [ 77.437317355190316, 23.238052547041189 ], [ 77.43734075519032, 23.237890447088137 ], [ 77.43718195519034, 23.237871047093755 ], [ 77.437158455190342, 23.238033147046803 ], [ 77.437317355190316, 23.238052547041189 ] ] ] } },
{ "type": "Feature", "properties": { }, "geometry": { "type": "Polygon", "coordinates": [ [ [ 77.436928355190318, 23.239208246706458 ], [ 77.437010555190326, 23.239218146703593 ], [ 77.437028955190343, 23.239088646741095 ], [ 77.436946855190342, 23.239078746743964 ], [ 77.436928355190318, 23.239208246706458 ] ] ] } },
{ "type": "Feature", "properties": { }, "geometry": { "type": "Polygon", "coordinates": [ [ [ 77.437193955190338, 23.239414646646676 ], [ 77.437297855190337, 23.239425146643629 ], [ 77.437311055190335, 23.239314246675757 ], [ 77.437207155190322, 23.239303746678793 ], [ 77.437193955190338, 23.239414646646676 ] ] ] } },
{ "type": "Feature", "properties": { }, "geometry": { "type": "Polygon", "coordinates": [ [ [ 77.437127255190319, 23.238364246950912 ], [ 77.437112555190339, 23.238440646928783 ], [ 77.43724515519034, 23.238462146922558 ], [ 77.43725975519034, 23.238385646944714 ], [ 77.437127255190319, 23.238364246950912 ] ] ] } },
{ "type": "Feature", "properties": { }, "geometry": { "type": "Polygon", "coordinates": [ [ [ 77.438129355190341, 23.240947246202751 ], [ 77.438092455190329, 23.241014346183313 ], [ 77.438213755190333, 23.241070746166979 ], [ 77.438250755190325, 23.241003646186414 ], [ 77.438129355190341, 23.240947246202751 ] ] ] } },
{ "type": "Feature", "properties": { }, "geometry": { "type": "Polygon", "coordinates": [ [ [ 77.436310355190329, 23.241201346129145 ], [ 77.436404755190324, 23.241220546123586 ], [ 77.436433355190317, 23.241102046157913 ], [ 77.436338955190337, 23.241082846163479 ], [ 77.436310355190329, 23.241201346129145 ] ] ] } },
{ "type": "Feature", "properties": { }, "geometry": { "type": "Polygon", "coordinates": [ [ [ 77.437264355190337, 23.238390646943259 ], [ 77.437252055190328, 23.238463946922039 ], [ 77.437374155190327, 23.238481146917053 ], [ 77.437386355190327, 23.23840784693828 ], [ 77.437264355190337, 23.238390646943259 ] ] ] } },
{ "type": "Feature", "properties": { }, "geometry": { "type": "Polygon", "coordinates": [ [ [ 77.437037055190316, 23.238141947015297 ], [ 77.437126655190326, 23.238157547010772 ], [ 77.437149055190318, 23.238048947042227 ], [ 77.437059355190328, 23.238033347046752 ], [ 77.437037055190316, 23.238141947015297 ] ] ] } },
{ "type": "Feature", "properties": { }, "geometry": { "type": "Polygon", "coordinates": [ [ [ 77.436855155190329, 23.238726546845982 ], [ 77.436768555190326, 23.238717046848731 ], [ 77.436751155190336, 23.238849646810319 ], [ 77.436837755190325, 23.238859246807547 ], [ 77.436855155190329, 23.238726546845982 ] ] ] } },
{ "type": "Feature", "properties": { }, "geometry": { "type": "Polygon", "coordinates": [ [ [ 77.435901555190341, 23.241126146150929 ], [ 77.435974855190324, 23.241141046146613 ], [ 77.436006655190326, 23.241009046184846 ], [ 77.435933355190315, 23.240994146189166 ], [ 77.435901555190341, 23.241126146150929 ] ] ] } },
{ "type": "Feature", "properties": { }, "geometry": { "type": "Polygon", "coordinates": [ [ [ 77.436944755190339, 23.238887546799344 ], [ 77.437090955190342, 23.238903246794795 ], [ 77.437107755190326, 23.238771346833001 ], [ 77.436961555190322, 23.238755646837546 ], [ 77.436944755190339, 23.238887546799344 ] ] ] } },
{ "type": "Feature", "properties": { }, "geometry": { "type": "Polygon", "coordinates": [ [ [ 77.437944155190323, 23.240404446359971 ], [ 77.438028855190339, 23.240427946353169 ], [ 77.438062355190326, 23.240325946382715 ], [ 77.437977655190338, 23.240302446389528 ], [ 77.437944155190323, 23.240404446359971 ] ] ] } },
{ "type": "Feature", "properties": { }, "geometry": { "type": "Polygon", "coordinates": [ [ [ 77.436024655190323, 23.241305846098879 ], [ 77.436107855190329, 23.241326946092762 ], [ 77.436144755190341, 23.241204246128305 ], [ 77.436061555190335, 23.241183146134425 ], [ 77.436024655190323, 23.241305846098879 ] ] ] } },
{ "type": "Feature", "properties": { }, "geometry": { "type": "Polygon", "coordinates": [ [ [ 77.438263955190322, 23.240322646383671 ], [ 77.438349855190339, 23.24034734637652 ], [ 77.438389755190329, 23.240229946410523 ], [ 77.438303855190341, 23.240205246417677 ], [ 77.438263955190322, 23.240322646383671 ] ] ] } },
{ "type": "Feature", "properties": { }, "geometry": { "type": "Polygon", "coordinates": [ [ [ 77.438143355190334, 23.240442046349088 ], [ 77.43821205519032, 23.240462746343088 ], [ 77.438242955190319, 23.240376146368178 ], [ 77.438174155190325, 23.240355446374174 ], [ 77.438143355190334, 23.240442046349088 ] ] ] } },
{ "type": "Feature", "properties": { }, "geometry": { "type": "Polygon", "coordinates": [ [ [ 77.435916155190327, 23.241272246108608 ], [ 77.436013055190315, 23.241296846101484 ], [ 77.436043155190319, 23.241196446130569 ], [ 77.435946355190325, 23.2411718461377 ], [ 77.435916155190327, 23.241272246108608 ] ] ] } },
{ "type": "Feature", "properties": { }, "geometry": { "type": "Polygon", "coordinates": [ [ [ 77.43705135519032, 23.238720146847829 ], [ 77.437198555190321, 23.238740046842068 ], [ 77.437215155190316, 23.238636646872013 ], [ 77.437067955190315, 23.238616646877809 ], [ 77.43705135519032, 23.238720146847829 ] ] ] } },
{ "type": "Feature", "properties": { }, "geometry": { "type": "Polygon", "coordinates": [ [ [ 77.437455455190317, 23.239339746668364 ], [ 77.437594655190338, 23.239354946663966 ], [ 77.43761855519034, 23.239169846717576 ], [ 77.437479255190325, 23.239154746721951 ], [ 77.437455455190317, 23.239339746668364 ] ] ] } },
{ "type": "Feature", "properties": { }, "geometry": { "type": "Polygon", "coordinates": [ [ [ 77.436195955190328, 23.239742746551645 ], [ 77.436173755190325, 23.239824146528065 ], [ 77.436291055190324, 23.239851246520221 ], [ 77.436313355190336, 23.239769846543798 ], [ 77.436195955190328, 23.239742746551645 ] ] ] } },
{ "type": "Feature", "properties": { }, "geometry": { "type": "Polygon", "coordinates": [ [ [ 77.436916555190336, 23.238108647024941 ], [ 77.436940155190328, 23.237994347058049 ], [ 77.436839555190332, 23.237976847063116 ], [ 77.436815955190326, 23.238091147030008 ], [ 77.436916555190336, 23.238108647024941 ] ] ] } },
{ "type": "Feature", "properties": { }, "geometry": { "type": "Polygon", "coordinates": [ [ [ 77.436617955190343, 23.241328346092356 ], [ 77.436579155190316, 23.241457446054966 ], [ 77.436659555190332, 23.241477846049058 ], [ 77.436698355190316, 23.241348746086452 ], [ 77.436617955190343, 23.241328346092356 ] ] ] } },
{ "type": "Feature", "properties": { }, "geometry": { "type": "Polygon", "coordinates": [ [ [ 77.436058755190317, 23.241142246146264 ], [ 77.436140955190325, 23.241158946141425 ], [ 77.436171555190342, 23.241031946178218 ], [ 77.436089355190319, 23.24101524618305 ], [ 77.436058755190317, 23.241142246146264 ] ] ] } },
{ "type": "Feature", "properties": { }, "geometry": { "type": "Polygon", "coordinates": [ [ [ 77.438040855190337, 23.241109946155621 ], [ 77.438011255190318, 23.241168146138765 ], [ 77.438122555190333, 23.241215946124921 ], [ 77.438152155190323, 23.241157646141811 ], [ 77.438040855190337, 23.241109946155621 ] ] ] } },
{ "type": "Feature", "properties": { }, "geometry": { "type": "Polygon", "coordinates": [ [ [ 77.437028455190315, 23.239982546482185 ], [ 77.437115255190335, 23.240006046475379 ], [ 77.437154555190332, 23.239883346510915 ], [ 77.437067755190341, 23.239859946517694 ], [ 77.437028455190315, 23.239982546482185 ] ] ] } },
{ "type": "Feature", "properties": { }, "geometry": { "type": "Polygon", "coordinates": [ [ [ 77.43747695519032, 23.241262346111476 ], [ 77.437546755190326, 23.241279246106583 ], [ 77.43758145519034, 23.241157446141866 ], [ 77.437511655190335, 23.241140646146729 ], [ 77.43747695519032, 23.241262346111476 ] ] ] } },
{ "type": "Feature", "properties": { }, "geometry": { "type": "Polygon", "coordinates": [ [ [ 77.438360455190335, 23.240342246377995 ], [ 77.438436755190324, 23.240363446371852 ], [ 77.438462255190316, 23.240285646394387 ], [ 77.438385955190341, 23.240264446400534 ], [ 77.438360455190335, 23.240342246377995 ] ] ] } },
{ "type": "Feature", "properties": { }, "geometry": { "type": "Polygon", "coordinates": [ [ [ 77.437203955190327, 23.239247646695045 ], [ 77.43731185519033, 23.239258546691882 ], [ 77.437326055190326, 23.239139846726271 ], [ 77.437218155190322, 23.23912894672943 ], [ 77.437203955190327, 23.239247646695045 ] ] ] } },
{ "type": "Feature", "properties": { }, "geometry": { "type": "Polygon", "coordinates": [ [ [ 77.436251755190327, 23.240375946368236 ], [ 77.436232055190331, 23.240465246342367 ], [ 77.436390655190337, 23.240494846333789 ], [ 77.436410355190333, 23.24040564635963 ], [ 77.436251755190327, 23.240375946368236 ] ] ] } },
{ "type": "Feature", "properties": { }, "geometry": { "type": "Polygon", "coordinates": [ [ [ 77.436036455190333, 23.239691546566473 ], [ 77.436172555190325, 23.239722346557553 ], [ 77.436193955190333, 23.239642446580692 ], [ 77.436057855190342, 23.239611646589612 ], [ 77.436036455190333, 23.239691546566473 ] ] ] } },
{ "type": "Feature", "properties": { }, "geometry": { "type": "Polygon", "coordinates": [ [ [ 77.436508455190335, 23.24130614609879 ], [ 77.436472955190339, 23.241424346064552 ], [ 77.436574555190319, 23.241450146057076 ], [ 77.436610055190329, 23.241331946091318 ], [ 77.436508455190335, 23.24130614609879 ] ] ] } },
{ "type": "Feature", "properties": { }, "geometry": { "type": "Polygon", "coordinates": [ [ [ 77.436151855190317, 23.24116304614024 ], [ 77.436229155190333, 23.241178746135692 ], [ 77.436257455190315, 23.241061146169752 ], [ 77.436180255190322, 23.241045446174308 ], [ 77.436151855190317, 23.24116304614024 ] ] ] } },
{ "type": "Feature", "properties": { }, "geometry": { "type": "Polygon", "coordinates": [ [ [ 77.43783375519034, 23.240205246417677 ], [ 77.43791865519033, 23.240229746410584 ], [ 77.437961055190328, 23.240105946446437 ], [ 77.437876155190338, 23.240081446453534 ], [ 77.43783375519034, 23.240205246417677 ] ] ] } },
{ "type": "Feature", "properties": { }, "geometry": { "type": "Polygon", "coordinates": [ [ [ 77.43596835519034, 23.239975746484145 ], [ 77.435954055190336, 23.240044046464369 ], [ 77.436080655190324, 23.240066446457877 ], [ 77.436094955190342, 23.239998146477667 ], [ 77.43596835519034, 23.239975746484145 ] ] ] } },
{ "type": "Feature", "properties": { }, "geometry": { "type": "Polygon", "coordinates": [ [ [ 77.437314255190316, 23.238164747008696 ], [ 77.43730125519032, 23.238236646987868 ], [ 77.437426555190328, 23.238255846982305 ], [ 77.437439655190317, 23.23818394700313 ], [ 77.437314255190316, 23.238164747008696 ] ] ] } },
{ "type": "Feature", "properties": { }, "geometry": { "type": "Polygon", "coordinates": [ [ [ 77.43693635519034, 23.238883546800501 ], [ 77.436956755190323, 23.238738246842587 ], [ 77.436859855190335, 23.23872674684592 ], [ 77.436839455190324, 23.238872046803834 ], [ 77.43693635519034, 23.238883546800501 ] ] ] } },
{ "type": "Feature", "properties": { }, "geometry": { "type": "Polygon", "coordinates": [ [ [ 77.437292655190319, 23.24006324645881 ], [ 77.437373055190335, 23.24008734645183 ], [ 77.437414655190338, 23.239970346485716 ], [ 77.437334255190322, 23.239946246492696 ], [ 77.437292655190319, 23.24006324645881 ] ] ] } },
{ "type": "Feature", "properties": { }, "geometry": { "type": "Polygon", "coordinates": [ [ [ 77.435992355190336, 23.24056644631305 ], [ 77.436116055190325, 23.240588746306599 ], [ 77.436131355190341, 23.240516946327389 ], [ 77.436007655190338, 23.240494646333854 ], [ 77.435992355190336, 23.24056644631305 ] ] ] } },
{ "type": "Feature", "properties": { }, "geometry": { "type": "Polygon", "coordinates": [ [ [ 77.436890655190339, 23.240088546451478 ], [ 77.436964255190333, 23.240108446445713 ], [ 77.436996055190335, 23.240008946474539 ], [ 77.436922555190321, 23.239989046480307 ], [ 77.436890655190339, 23.240088546451478 ] ] ] } },
{ "type": "Feature", "properties": { }, "geometry": { "type": "Polygon", "coordinates": [ [ [ 77.436082355190337, 23.240229046410786 ], [ 77.436204355190327, 23.240249346404902 ], [ 77.436217655190333, 23.240182146424367 ], [ 77.436095555190334, 23.240161746430282 ], [ 77.436082355190337, 23.240229046410786 ] ] ] } },
{ "type": "Feature", "properties": { }, "geometry": { "type": "Polygon", "coordinates": [ [ [ 77.436607955190325, 23.238989746769743 ], [ 77.436723255190316, 23.239002646766004 ], [ 77.436738055190318, 23.23889004679862 ], [ 77.436622755190342, 23.238877246802328 ], [ 77.436607955190325, 23.238989746769743 ] ] ] } },
{ "type": "Feature", "properties": { }, "geometry": { "type": "Polygon", "coordinates": [ [ [ 77.436410855190317, 23.240505546330699 ], [ 77.436514855190339, 23.240530346323506 ], [ 77.43653805519034, 23.240448446347234 ], [ 77.436433955190324, 23.240423646354412 ], [ 77.436410855190317, 23.240505546330699 ] ] ] } },
{ "type": "Feature", "properties": { }, "geometry": { "type": "Polygon", "coordinates": [ [ [ 77.43593245519034, 23.240140546436422 ], [ 77.435912055190329, 23.240224446412117 ], [ 77.436041755190331, 23.240251146404383 ], [ 77.436062255190322, 23.240167246428683 ], [ 77.43593245519034, 23.240140546436422 ] ] ] } },
{ "type": "Feature", "properties": { }, "geometry": { "type": "Polygon", "coordinates": [ [ [ 77.436201655190317, 23.239738146552973 ], [ 77.43632135519033, 23.239767046544607 ], [ 77.436341955190329, 23.2396952465654 ], [ 77.436222255190316, 23.239666246573801 ], [ 77.436201655190317, 23.239738146552973 ] ] ] } },
{ "type": "Feature", "properties": { }, "geometry": { "type": "Polygon", "coordinates": [ [ [ 77.436493855190321, 23.239160346720329 ], [ 77.436583355190336, 23.239170646717351 ], [ 77.43660045519033, 23.23904614675341 ], [ 77.436510955190329, 23.239035746756421 ], [ 77.436493855190321, 23.239160346720329 ] ] ] } },
{ "type": "Feature", "properties": { }, "geometry": { "type": "Polygon", "coordinates": [ [ [ 77.436414755190341, 23.2412902461034 ], [ 77.43638495519032, 23.241389446074667 ], [ 77.436469955190319, 23.241411046068404 ], [ 77.43649975519034, 23.24131184609714 ], [ 77.436414755190341, 23.2412902461034 ] ] ] } },
{ "type": "Feature", "properties": { }, "geometry": { "type": "Polygon", "coordinates": [ [ [ 77.436738655190339, 23.239351746664898 ], [ 77.436821855190331, 23.239361746662002 ], [ 77.436837855190333, 23.239249446694522 ], [ 77.436754655190342, 23.239239446697418 ], [ 77.436738655190339, 23.239351746664898 ] ] ] } },
{ "type": "Feature", "properties": { }, "geometry": { "type": "Polygon", "coordinates": [ [ [ 77.437147155190331, 23.238295246970893 ], [ 77.437134955190317, 23.23836214695152 ], [ 77.437262655190338, 23.238381946945786 ], [ 77.437274955190318, 23.238315046965159 ], [ 77.437147155190331, 23.238295246970893 ] ] ] } },
{ "type": "Feature", "properties": { }, "geometry": { "type": "Polygon", "coordinates": [ [ [ 77.436195955190328, 23.241356846084102 ], [ 77.436264055190321, 23.241374146079096 ], [ 77.436300555190329, 23.241252946114201 ], [ 77.436232355190342, 23.241235646119211 ], [ 77.436195955190328, 23.241356846084102 ] ] ] } },
{ "type": "Feature", "properties": { }, "geometry": { "type": "Polygon", "coordinates": [ [ [ 77.43641295519032, 23.241235946119122 ], [ 77.436497955190333, 23.241253246114116 ], [ 77.436525855190339, 23.241137646147596 ], [ 77.436440855190341, 23.241120346152609 ], [ 77.43641295519032, 23.241235946119122 ] ] ] } },
{ "type": "Feature", "properties": { }, "geometry": { "type": "Polygon", "coordinates": [ [ [ 77.435922555190331, 23.240797346246172 ], [ 77.43589735519032, 23.240909446213699 ], [ 77.436034455190324, 23.240935546206138 ], [ 77.436059655190334, 23.240823446238608 ], [ 77.435922555190331, 23.240797346246172 ] ] ] } },
{ "type": "Feature", "properties": { }, "geometry": { "type": "Polygon", "coordinates": [ [ [ 77.435991955190332, 23.23990614650431 ], [ 77.435978455190323, 23.2399707464856 ], [ 77.436101155190343, 23.239992346479347 ], [ 77.436114655190323, 23.239927746498054 ], [ 77.435991955190332, 23.23990614650431 ] ] ] } },
{ "type": "Feature", "properties": { }, "geometry": { "type": "Polygon", "coordinates": [ [ [ 77.437234455190335, 23.240196846420108 ], [ 77.437320755190342, 23.240221046413101 ], [ 77.437355955190341, 23.240115546443654 ], [ 77.437269655190335, 23.240091246450699 ], [ 77.437234455190335, 23.240196846420108 ] ] ] } },
{ "type": "Feature", "properties": { }, "geometry": { "type": "Polygon", "coordinates": [ [ [ 77.436007755190317, 23.240493546334172 ], [ 77.436140455190341, 23.240517046327362 ], [ 77.436156555190323, 23.240440446349552 ], [ 77.436023855190328, 23.240416946356358 ], [ 77.436007755190317, 23.240493546334172 ] ] ] } },
{ "type": "Feature", "properties": { }, "geometry": { "type": "Polygon", "coordinates": [ [ [ 77.436096455190324, 23.240155046432221 ], [ 77.436226455190337, 23.240174746426518 ], [ 77.436239255190316, 23.240103946447022 ], [ 77.436109155190337, 23.240084246452724 ], [ 77.436096455190324, 23.240155046432221 ] ] ] } },
{ "type": "Feature", "properties": { }, "geometry": { "type": "Polygon", "coordinates": [ [ [ 77.435949555190334, 23.240733646264619 ], [ 77.436082955190329, 23.24075764625767 ], [ 77.436100555190336, 23.24067524628154 ], [ 77.435967155190326, 23.240651246288486 ], [ 77.435949555190334, 23.240733646264619 ] ] ] } },
{ "type": "Feature", "properties": { }, "geometry": { "type": "Polygon", "coordinates": [ [ [ 77.437201255190317, 23.240031546467996 ], [ 77.437277855190331, 23.240055946460924 ], [ 77.437320355190337, 23.239943446493513 ], [ 77.437243755190337, 23.239918946500598 ], [ 77.437201255190317, 23.240031546467996 ] ] ] } },
{ "type": "Feature", "properties": { }, "geometry": { "type": "Polygon", "coordinates": [ [ [ 77.43761555519032, 23.238505246910069 ], [ 77.437731055190326, 23.238521046905497 ], [ 77.43776115519033, 23.23833514695934 ], [ 77.437645555190315, 23.23831934696392 ], [ 77.43761555519032, 23.238505246910069 ] ] ] } },
{ "type": "Feature", "properties": { }, "geometry": { "type": "Polygon", "coordinates": [ [ [ 77.436873855190328, 23.239958946489018 ], [ 77.43695345519032, 23.239982646482154 ], [ 77.436996155190329, 23.239861646517205 ], [ 77.436916455190328, 23.239837946524069 ], [ 77.436873855190328, 23.239958946489018 ] ] ] } },
{ "type": "Feature", "properties": { }, "geometry": { "type": "Polygon", "coordinates": [ [ [ 77.436761455190336, 23.239188546712167 ], [ 77.436841855190323, 23.239198146709384 ], [ 77.43686065519033, 23.2390658467477 ], [ 77.436780255190342, 23.239056246750486 ], [ 77.436761455190336, 23.239188546712167 ] ] ] } },
{ "type": "Feature", "properties": { }, "geometry": { "type": "Polygon", "coordinates": [ [ [ 77.436356555190315, 23.240689846277309 ], [ 77.436333755190333, 23.240770746253876 ], [ 77.436464855190323, 23.240802046244809 ], [ 77.436487755190328, 23.240721146268246 ], [ 77.436356555190315, 23.240689846277309 ] ] ] } },
{ "type": "Feature", "properties": { }, "geometry": { "type": "Polygon", "coordinates": [ [ [ 77.43650015519033, 23.24126674611021 ], [ 77.436590455190341, 23.241285046104906 ], [ 77.436625055190319, 23.241149446144185 ], [ 77.436528155190331, 23.241150746143802 ], [ 77.43650015519033, 23.24126674611021 ] ] ] } },
{ "type": "Feature", "properties": { }, "geometry": { "type": "Polygon", "coordinates": [ [ [ 77.438022255190319, 23.241095646159767 ], [ 77.437909555190316, 23.241037746176534 ], [ 77.437880855190329, 23.241084846162895 ], [ 77.437839855190319, 23.241074646165853 ], [ 77.437799355190322, 23.241212846125816 ], [ 77.437928155190335, 23.241244746116575 ], [ 77.438022255190319, 23.241095646159767 ] ] ] } },
{ "type": "Feature", "properties": { }, "geometry": { "type": "Polygon", "coordinates": [ [ [ 77.436185455190326, 23.239126846730027 ], [ 77.436359455190328, 23.239147046724181 ], [ 77.436377555190319, 23.239015346762326 ], [ 77.436325555190336, 23.239009346764067 ], [ 77.436317155190338, 23.239070746746279 ], [ 77.436195055190339, 23.23905664675037 ], [ 77.436185455190326, 23.239126846730027 ] ] ] } },
{ "type": "Feature", "properties": { }, "geometry": { "type": "Polygon", "coordinates": [ [ [ 77.432868655190333, 23.22816064990559 ], [ 77.432964955190329, 23.228245949880904 ], [ 77.433016055190336, 23.22819734989497 ], [ 77.432919755190341, 23.228112049919666 ], [ 77.432868655190333, 23.22816064990559 ] ] ] } },
{ "type": "Feature", "properties": { }, "geometry": { "type": "Polygon", "coordinates": [ [ [ 77.430367355190327, 23.228928549683275 ], [ 77.430447155190322, 23.228980549668222 ], [ 77.430552355190315, 23.228844249707681 ], [ 77.43047255519032, 23.228792149722764 ], [ 77.430367355190327, 23.228928549683275 ] ] ] } },
{ "type": "Feature", "properties": { }, "geometry": { "type": "Polygon", "coordinates": [ [ [ 77.429135855190339, 23.228534849797253 ], [ 77.429316755190328, 23.228622249771956 ], [ 77.429356655190318, 23.228552749792083 ], [ 77.429175755190343, 23.228465249817408 ], [ 77.429135855190339, 23.228534849797253 ] ] ] } },
{ "type": "Feature", "properties": { }, "geometry": { "type": "Polygon", "coordinates": [ [ [ 77.432668755190335, 23.228180649899802 ], [ 77.432732555190341, 23.228252849878896 ], [ 77.432845155190336, 23.228168849903216 ], [ 77.432781355190343, 23.228096649924122 ], [ 77.432668755190335, 23.228180649899802 ] ] ] } },
{ "type": "Feature", "properties": { }, "geometry": { "type": "Polygon", "coordinates": [ [ [ 77.429285655190327, 23.229123549626813 ], [ 77.429373555190324, 23.229156849617176 ], [ 77.429432955190336, 23.229024849655392 ], [ 77.429345055190325, 23.22899144966506 ], [ 77.429285655190327, 23.229123549626813 ] ] ] } },
{ "type": "Feature", "properties": { }, "geometry": { "type": "Polygon", "coordinates": [ [ [ 77.432374955190326, 23.229608749486342 ], [ 77.432581655190319, 23.229492649519948 ], [ 77.432544555190333, 23.229436849536107 ], [ 77.43233785519034, 23.229552949502494 ], [ 77.432374955190326, 23.229608749486342 ] ] ] } },
{ "type": "Feature", "properties": { }, "geometry": { "type": "Polygon", "coordinates": [ [ [ 77.432275855190341, 23.228776849727197 ], [ 77.432374755190324, 23.228854349704754 ], [ 77.43243185519033, 23.228792849722566 ], [ 77.432333055190341, 23.228715349745002 ], [ 77.432275855190341, 23.228776849727197 ] ] ] } },
{ "type": "Feature", "properties": { }, "geometry": { "type": "Polygon", "coordinates": [ [ [ 77.431697155190335, 23.228633549768688 ], [ 77.43178755519034, 23.228730849740508 ], [ 77.431846155190343, 23.228684849753833 ], [ 77.431755755190323, 23.228587549781999 ], [ 77.431697155190335, 23.228633549768688 ] ] ] } },
{ "type": "Feature", "properties": { }, "geometry": { "type": "Polygon", "coordinates": [ [ [ 77.431781655190335, 23.229879449407964 ], [ 77.431863855190315, 23.229859949413612 ], [ 77.431843755190329, 23.229788449434309 ], [ 77.43176155519032, 23.229807949428665 ], [ 77.431781655190335, 23.229879449407964 ] ] ] } },
{ "type": "Feature", "properties": { }, "geometry": { "type": "Polygon", "coordinates": [ [ [ 77.432129555190329, 23.229074149641118 ], [ 77.432242455190334, 23.229168749613731 ], [ 77.432304055190343, 23.229106649631714 ], [ 77.432191255190318, 23.229012049659101 ], [ 77.432129555190329, 23.229074149641118 ] ] ] } },
{ "type": "Feature", "properties": { }, "geometry": { "type": "Polygon", "coordinates": [ [ [ 77.431882155190337, 23.229859549413725 ], [ 77.432023655190321, 23.229821049424874 ], [ 77.43200035519034, 23.2297487494458 ], [ 77.431858855190342, 23.229787249434654 ], [ 77.431882155190337, 23.229859549413725 ] ] ] } },
{ "type": "Feature", "properties": { }, "geometry": { "type": "Polygon", "coordinates": [ [ [ 77.429651255190322, 23.228546049794019 ], [ 77.429696955190337, 23.228566749788026 ], [ 77.429724455190325, 23.228515649802819 ], [ 77.429678755190338, 23.22849484980884 ], [ 77.429651255190322, 23.228546049794019 ] ] ] } },
{ "type": "Feature", "properties": { }, "geometry": { "type": "Polygon", "coordinates": [ [ [ 77.427800255190334, 23.229567149498383 ], [ 77.427798155190331, 23.229419849541031 ], [ 77.427734255190316, 23.229420649540796 ], [ 77.427734455190318, 23.229439249535414 ], [ 77.427685255190326, 23.229439849535243 ], [ 77.427685855190319, 23.229482449522909 ], [ 77.427658455190326, 23.229482749522816 ], [ 77.42765965519034, 23.229568749497925 ], [ 77.427800255190334, 23.229567149498383 ] ] ] } },
{ "type": "Feature", "properties": { }, "geometry": { "type": "Polygon", "coordinates": [ [ [ 77.44032065519032, 23.234026748207079 ], [ 77.440428455190343, 23.234002348214151 ], [ 77.440378655190315, 23.233816448267977 ], [ 77.440270955190343, 23.233840848260915 ], [ 77.44032065519032, 23.234026748207079 ] ] ] } },
{ "type": "Feature", "properties": { }, "geometry": { "type": "Polygon", "coordinates": [ [ [ 77.441954255190339, 23.234260548139382 ], [ 77.442103755190331, 23.234261748139033 ], [ 77.442105455190315, 23.234086348189823 ], [ 77.441955955190338, 23.234085148190175 ], [ 77.441954255190339, 23.234260548139382 ] ] ] } },
{ "type": "Feature", "properties": { }, "geometry": { "type": "Polygon", "coordinates": [ [ [ 77.439960055190326, 23.23466644802183 ], [ 77.440268455190335, 23.234676748018849 ], [ 77.440275355190323, 23.234502548069301 ], [ 77.439966955190343, 23.234492248072279 ], [ 77.439960055190326, 23.23466644802183 ] ] ] } },
{ "type": "Feature", "properties": { }, "geometry": { "type": "Polygon", "coordinates": [ [ [ 77.441952355190324, 23.234067548195259 ], [ 77.442096855190329, 23.23406994819457 ], [ 77.44210025519034, 23.233896948244674 ], [ 77.441955755190321, 23.233894548245367 ], [ 77.441952355190324, 23.234067548195259 ] ] ] } },
{ "type": "Feature", "properties": { }, "geometry": { "type": "Polygon", "coordinates": [ [ [ 77.441272255190341, 23.234007248212727 ], [ 77.441473455190334, 23.234007248212727 ], [ 77.441473455190334, 23.233906848241801 ], [ 77.441272255190341, 23.233906848241801 ], [ 77.441272255190341, 23.234007248212727 ] ] ] } },
{ "type": "Feature", "properties": { }, "geometry": { "type": "Polygon", "coordinates": [ [ [ 77.441810755190332, 23.234071148194225 ], [ 77.441945355190327, 23.234069748194631 ], [ 77.441943055190322, 23.233892148246053 ], [ 77.44180855519032, 23.233893548245657 ], [ 77.441810755190332, 23.234071148194225 ] ] ] } },
{ "type": "Feature", "properties": { }, "geometry": { "type": "Polygon", "coordinates": [ [ [ 77.441955555190333, 23.234344948114934 ], [ 77.442097755190332, 23.234345248114849 ], [ 77.442097955190334, 23.234267348137408 ], [ 77.441955755190321, 23.234267048137497 ], [ 77.441955555190333, 23.234344948114934 ] ] ] } },
{ "type": "Feature", "properties": { }, "geometry": { "type": "Polygon", "coordinates": [ [ [ 77.440277855190331, 23.234678848018241 ], [ 77.440449755190329, 23.234681148017579 ], [ 77.440451755190338, 23.234549248055771 ], [ 77.440279855190326, 23.23454704805641 ], [ 77.440277855190331, 23.234678848018241 ] ] ] } },
{ "type": "Feature", "properties": { }, "geometry": { "type": "Polygon", "coordinates": [ [ [ 77.440431455190335, 23.234001148214492 ], [ 77.440538755190332, 23.233977748221278 ], [ 77.440489855190322, 23.233787948276238 ], [ 77.440382455190331, 23.233811348269459 ], [ 77.440431455190335, 23.234001148214492 ] ] ] } },
{ "type": "Feature", "properties": { }, "geometry": { "type": "Polygon", "coordinates": [ [ [ 77.439697155190316, 23.23459324804303 ], [ 77.439955155190319, 23.234606248039263 ], [ 77.439961755190325, 23.234495048071466 ], [ 77.439703755190337, 23.234482048075233 ], [ 77.439697155190316, 23.23459324804303 ] ] ] } },
{ "type": "Feature", "properties": { }, "geometry": { "type": "Polygon", "coordinates": [ [ [ 77.438383055190343, 23.234580848046619 ], [ 77.438511155190341, 23.234589448044133 ], [ 77.438520355190334, 23.234472548077981 ], [ 77.438392355190331, 23.234464048080451 ], [ 77.438383055190343, 23.234580848046619 ] ] ] } },
{ "type": "Feature", "properties": { }, "geometry": { "type": "Polygon", "coordinates": [ [ [ 77.441955555190333, 23.234446048085658 ], [ 77.442097755190332, 23.234445348085863 ], [ 77.442097155190339, 23.234349348113671 ], [ 77.441955055190334, 23.234350148113432 ], [ 77.441955555190333, 23.234446048085658 ] ] ] } },
{ "type": "Feature", "properties": { }, "geometry": { "type": "Polygon", "coordinates": [ [ [ 77.431640455190319, 23.230769949150126 ], [ 77.431861055190325, 23.230791749143815 ], [ 77.431870655190323, 23.230709649167594 ], [ 77.431650055190318, 23.230687849173897 ], [ 77.431640455190319, 23.230769949150126 ] ] ] } },
{ "type": "Feature", "properties": { }, "geometry": { "type": "Polygon", "coordinates": [ [ [ 77.432945755190318, 23.229910249399044 ], [ 77.432841055190337, 23.230003249372118 ], [ 77.432994655190342, 23.230149349329821 ], [ 77.433099355190322, 23.230056349356744 ], [ 77.432945755190318, 23.229910249399044 ] ] ] } },
{ "type": "Feature", "properties": { }, "geometry": { "type": "Polygon", "coordinates": [ [ [ 77.427337255190324, 23.229016749657735 ], [ 77.427529155190328, 23.229007649660375 ], [ 77.427520155190336, 23.228847649706694 ], [ 77.427328155190324, 23.228856849704037 ], [ 77.427337255190324, 23.229016749657735 ] ] ] } },
{ "type": "Feature", "properties": { }, "geometry": { "type": "Polygon", "coordinates": [ [ [ 77.432592355190337, 23.230173349322872 ], [ 77.432660755190327, 23.230371749265426 ], [ 77.432928955190334, 23.230293749288009 ], [ 77.432860555190331, 23.230095349345451 ], [ 77.432592355190337, 23.230173349322872 ] ] ] } },
{ "type": "Feature", "properties": { }, "geometry": { "type": "Polygon", "coordinates": [ [ [ 77.428614955190326, 23.228933049681974 ], [ 77.428693855190332, 23.228954749675687 ], [ 77.428678955190321, 23.22900054966243 ], [ 77.428732955190327, 23.229015349658145 ], [ 77.428764155190336, 23.22891954968588 ], [ 77.428631355190319, 23.228882949696477 ], [ 77.428614955190326, 23.228933049681974 ] ] ] } },
{ "type": "Feature", "properties": { }, "geometry": { "type": "Polygon", "coordinates": [ [ [ 77.435985555190328, 23.241487646046217 ], [ 77.436074755190333, 23.241508646040131 ], [ 77.436104755190328, 23.241400846071365 ], [ 77.436015555190323, 23.241379946077412 ], [ 77.435985555190328, 23.241487646046217 ] ] ] } },
{ "type": "Feature", "properties": { }, "geometry": { "type": "Polygon", "coordinates": [ [ [ 77.43725865519032, 23.24068114627983 ], [ 77.437383655190317, 23.240704346273109 ], [ 77.437400155190318, 23.240629346294835 ], [ 77.437275155190321, 23.240606146301552 ], [ 77.43725865519032, 23.24068114627983 ] ] ] } },
{ "type": "Feature", "properties": { }, "geometry": { "type": "Polygon", "coordinates": [ [ [ 77.43715285519032, 23.240397046362123 ], [ 77.437277155190316, 23.240416146356591 ], [ 77.437298855190321, 23.240297346390992 ], [ 77.437174555190339, 23.240278246396525 ], [ 77.43715285519032, 23.240397046362123 ] ] ] } },
{ "type": "Feature", "properties": { }, "geometry": { "type": "Polygon", "coordinates": [ [ [ 77.437090355190335, 23.241559146025509 ], [ 77.437213555190326, 23.241580646019276 ], [ 77.437228855190327, 23.241507046040596 ], [ 77.437105555190342, 23.241485546046817 ], [ 77.437090355190335, 23.241559146025509 ] ] ] } },
{ "type": "Feature", "properties": { }, "geometry": { "type": "Polygon", "coordinates": [ [ [ 77.436921755190326, 23.241533546032915 ], [ 77.437077855190324, 23.24156184602472 ], [ 77.437096255190326, 23.241475946049604 ], [ 77.436940155190328, 23.2414476460578 ], [ 77.436921755190326, 23.241533546032915 ] ] ] } },
{ "type": "Feature", "properties": { }, "geometry": { "type": "Polygon", "coordinates": [ [ [ 77.436920755190329, 23.240486046336347 ], [ 77.437027155190336, 23.240511046329107 ], [ 77.437057455190327, 23.240402446360562 ], [ 77.43695105519032, 23.240377446367795 ], [ 77.436920755190329, 23.240486046336347 ] ] ] } },
{ "type": "Feature", "properties": { }, "geometry": { "type": "Polygon", "coordinates": [ [ [ 77.43692975519032, 23.241612546010039 ], [ 77.436908955190333, 23.241691545987145 ], [ 77.43703905519034, 23.241720345978809 ], [ 77.437059755190319, 23.241641446001665 ], [ 77.43692975519032, 23.241612546010039 ] ] ] } },
{ "type": "Feature", "properties": { }, "geometry": { "type": "Polygon", "coordinates": [ [ [ 77.436954555190326, 23.241428046063476 ], [ 77.437076855190327, 23.241445946058292 ], [ 77.437087555190317, 23.241384646076046 ], [ 77.436965255190316, 23.241366646081268 ], [ 77.436954555190326, 23.241428046063476 ] ] ] } },
{ "type": "Feature", "properties": { }, "geometry": { "type": "Polygon", "coordinates": [ [ [ 77.43667945519033, 23.240409346358557 ], [ 77.43676185519034, 23.24043124635222 ], [ 77.436789755190318, 23.240342546377903 ], [ 77.436707355190336, 23.240320646384252 ], [ 77.43667945519033, 23.240409346358557 ] ] ] } },
{ "type": "Feature", "properties": { }, "geometry": { "type": "Polygon", "coordinates": [ [ [ 77.436426155190318, 23.241574846020956 ], [ 77.436509655190335, 23.241592646015803 ], [ 77.436534755190337, 23.241493546044506 ], [ 77.43645125519032, 23.241475646049686 ], [ 77.436426155190318, 23.241574846020956 ] ] ] } },
{ "type": "Feature", "properties": { }, "geometry": { "type": "Polygon", "coordinates": [ [ [ 77.436224255190339, 23.242055445881729 ], [ 77.436332755190335, 23.242074745876149 ], [ 77.436358155190334, 23.241954445910999 ], [ 77.436249655190323, 23.241935145916592 ], [ 77.436224255190339, 23.242055445881729 ] ] ] } },
{ "type": "Feature", "properties": { }, "geometry": { "type": "Polygon", "coordinates": [ [ [ 77.437218555190327, 23.240838946234117 ], [ 77.43735295519032, 23.240863946226881 ], [ 77.437386055190331, 23.240713646270414 ], [ 77.437251655190323, 23.240688646277658 ], [ 77.437218555190327, 23.240838946234117 ] ] ] } },
{ "type": "Feature", "properties": { }, "geometry": { "type": "Polygon", "coordinates": [ [ [ 77.43661475519032, 23.240270146398885 ], [ 77.43665175519034, 23.240154246432454 ], [ 77.436578055190324, 23.240134446438187 ], [ 77.436541055190318, 23.240250346404611 ], [ 77.43661475519032, 23.240270146398885 ] ] ] } },
{ "type": "Feature", "properties": { }, "geometry": { "type": "Polygon", "coordinates": [ [ [ 77.436295355190339, 23.240292346392447 ], [ 77.436382555190335, 23.24031554638573 ], [ 77.436417555190332, 23.240204546417882 ], [ 77.436330355190336, 23.240181346424599 ], [ 77.436295355190339, 23.240292346392447 ] ] ] } },
{ "type": "Feature", "properties": { }, "geometry": { "type": "Polygon", "coordinates": [ [ [ 77.436124255190322, 23.242047245884113 ], [ 77.436214555190332, 23.242063345879451 ], [ 77.436243255190334, 23.241927245918873 ], [ 77.436152955190337, 23.241911145923542 ], [ 77.436124255190322, 23.242047245884113 ] ] ] } },
{ "type": "Feature", "properties": { }, "geometry": { "type": "Polygon", "coordinates": [ [ [ 77.437292255190329, 23.240410046358353 ], [ 77.437418155190329, 23.240433446351574 ], [ 77.437439255190327, 23.240337846379273 ], [ 77.437313355190341, 23.240314446386051 ], [ 77.437292255190329, 23.240410046358353 ] ] ] } },
{ "type": "Feature", "properties": { }, "geometry": { "type": "Polygon", "coordinates": [ [ [ 77.437159955190339, 23.241080046164278 ], [ 77.437135055190339, 23.241202146128913 ], [ 77.437267155190327, 23.241224846122346 ], [ 77.437292055190326, 23.241102746157704 ], [ 77.437159955190339, 23.241080046164278 ] ] ] } },
{ "type": "Feature", "properties": { }, "geometry": { "type": "Polygon", "coordinates": [ [ [ 77.437083355190339, 23.241562046024661 ], [ 77.437068555190336, 23.241633646003919 ], [ 77.437197655190332, 23.241656145997407 ], [ 77.437212455190334, 23.241584646018119 ], [ 77.437083355190339, 23.241562046024661 ] ] ] } },
{ "type": "Feature", "properties": { }, "geometry": { "type": "Polygon", "coordinates": [ [ [ 77.43644845519033, 23.240201746418691 ], [ 77.436524155190341, 23.240222146412783 ], [ 77.43655905519033, 23.240112946444413 ], [ 77.436483255190339, 23.24009254645032 ], [ 77.43644845519033, 23.240201746418691 ] ] ] } },
{ "type": "Feature", "properties": { }, "geometry": { "type": "Polygon", "coordinates": [ [ [ 77.437202855190321, 23.240923546209615 ], [ 77.437191755190327, 23.240977946193865 ], [ 77.437311655190328, 23.240998546187893 ], [ 77.437322655190343, 23.240944146203649 ], [ 77.437202855190321, 23.240923546209615 ] ] ] } },
{ "type": "Feature", "properties": { }, "geometry": { "type": "Polygon", "coordinates": [ [ [ 77.436036355190325, 23.242008445895358 ], [ 77.436121855190322, 23.242023645890953 ], [ 77.436145055190323, 23.241913645922818 ], [ 77.436059655190334, 23.241898445927216 ], [ 77.436036355190325, 23.242008445895358 ] ] ] } },
{ "type": "Feature", "properties": { }, "geometry": { "type": "Polygon", "coordinates": [ [ [ 77.437007455190326, 23.241962745908594 ], [ 77.436989955190327, 23.242047145884143 ], [ 77.437110055190331, 23.242068145878061 ], [ 77.437127455190321, 23.241983745902505 ], [ 77.437007455190326, 23.241962745908594 ] ] ] } },
{ "type": "Feature", "properties": { }, "geometry": { "type": "Polygon", "coordinates": [ [ [ 77.437163955190329, 23.241061546169643 ], [ 77.437299655190316, 23.241084846162895 ], [ 77.437316155190317, 23.241003646186414 ], [ 77.43718045519033, 23.240980346193165 ], [ 77.437163955190329, 23.241061546169643 ] ] ] } },
{ "type": "Feature", "properties": { }, "geometry": { "type": "Polygon", "coordinates": [ [ [ 77.436765255190338, 23.240433146351666 ], [ 77.436840555190329, 23.240453146345867 ], [ 77.436870855190335, 23.240356746373795 ], [ 77.436795655190338, 23.240336746379587 ], [ 77.436765255190338, 23.240433146351666 ] ] ] } },
{ "type": "Feature", "properties": { }, "geometry": { "type": "Polygon", "coordinates": [ [ [ 77.436889855190316, 23.241772145963804 ], [ 77.437020255190333, 23.241801045955434 ], [ 77.437039355190322, 23.24172834597649 ], [ 77.436908955190333, 23.241699345984895 ], [ 77.436889855190316, 23.241772145963804 ] ] ] } },
{ "type": "Feature", "properties": { }, "geometry": { "type": "Polygon", "coordinates": [ [ [ 77.437099355190341, 23.241478346048911 ], [ 77.437222355190343, 23.241499846042686 ], [ 77.437240455190334, 23.241412346068028 ], [ 77.437117455190332, 23.24139094607423 ], [ 77.437099355190341, 23.241478346048911 ] ] ] } },
{ "type": "Feature", "properties": { }, "geometry": { "type": "Polygon", "coordinates": [ [ [ 77.437216555190318, 23.24085254623018 ], [ 77.437202755190341, 23.240920746210431 ], [ 77.437318855190327, 23.240940646204667 ], [ 77.437332655190332, 23.240872446224419 ], [ 77.437216555190318, 23.24085254623018 ] ] ] } },
{ "type": "Feature", "properties": { }, "geometry": { "type": "Polygon", "coordinates": [ [ [ 77.436416955190339, 23.240327446382274 ], [ 77.436479155190327, 23.2403439463775 ], [ 77.436514855190339, 23.240230746410298 ], [ 77.436452655190323, 23.240214146415099 ], [ 77.436416955190339, 23.240327446382274 ] ] ] } },
{ "type": "Feature", "properties": { }, "geometry": { "type": "Polygon", "coordinates": [ [ [ 77.436846155190338, 23.240463746342801 ], [ 77.436912955190323, 23.240480946337819 ], [ 77.436942455190334, 23.240384246365831 ], [ 77.43687565519032, 23.240367046370807 ], [ 77.436846155190338, 23.240463746342801 ] ] ] } },
{ "type": "Feature", "properties": { }, "geometry": { "type": "Polygon", "coordinates": [ [ [ 77.436578555190323, 23.240390946363892 ], [ 77.436672155190337, 23.240415846356676 ], [ 77.43670315519033, 23.240317346385208 ], [ 77.436609555190316, 23.240292446392427 ], [ 77.436578555190323, 23.240390946363892 ] ] ] } },
{ "type": "Feature", "properties": { }, "geometry": { "type": "Polygon", "coordinates": [ [ [ 77.43634345519034, 23.241563046024375 ], [ 77.436416055190321, 23.241578546019884 ], [ 77.436445855190328, 23.241460946053948 ], [ 77.436373155190338, 23.241445446058435 ], [ 77.43634345519034, 23.241563046024375 ] ] ] } },
{ "type": "Feature", "properties": { }, "geometry": { "type": "Polygon", "coordinates": [ [ [ 77.436062855190343, 23.241894145928462 ], [ 77.436093355190337, 23.241749845970261 ], [ 77.435953955190342, 23.241725045977443 ], [ 77.43592345519032, 23.241869245935678 ], [ 77.436062855190343, 23.241894145928462 ] ] ] } },
{ "type": "Feature", "properties": { }, "geometry": { "type": "Polygon", "coordinates": [ [ [ 77.43706715519032, 23.241642246001437 ], [ 77.437050055190326, 23.241725345977361 ], [ 77.437184855190324, 23.241748845970552 ], [ 77.437202055190326, 23.241665845994596 ], [ 77.43706715519032, 23.241642246001437 ] ] ] } },
{ "type": "Feature", "properties": { }, "geometry": { "type": "Polygon", "coordinates": [ [ [ 77.436482655190332, 23.240359446373013 ], [ 77.436566555190325, 23.240381746366555 ], [ 77.436599955190317, 23.240275646397283 ], [ 77.436516055190339, 23.24025334640374 ], [ 77.436482655190332, 23.240359446373013 ] ] ] } },
{ "type": "Feature", "properties": { }, "geometry": { "type": "Polygon", "coordinates": [ [ [ 77.437057355190333, 23.240899446216599 ], [ 77.437041055190335, 23.24097964619337 ], [ 77.437160955190336, 23.241000246187397 ], [ 77.437177255190335, 23.240920046210633 ], [ 77.437057355190333, 23.240899446216599 ] ] ] } },
{ "type": "Feature", "properties": { }, "geometry": { "type": "Polygon", "coordinates": [ [ [ 77.436515355190323, 23.241612446010066 ], [ 77.436600855190335, 23.241632846004158 ], [ 77.436630955190338, 23.241526246035033 ], [ 77.436545455190327, 23.241505846040951 ], [ 77.436515355190323, 23.241612446010066 ] ] ] } },
{ "type": "Feature", "properties": { }, "geometry": { "type": "Polygon", "coordinates": [ [ [ 77.436163655190327, 23.241544346029787 ], [ 77.436234955190329, 23.241561146024921 ], [ 77.436273155190321, 23.241424346064552 ], [ 77.436201855190333, 23.241407546069418 ], [ 77.436163655190327, 23.241544346029787 ] ] ] } },
{ "type": "Feature", "properties": { }, "geometry": { "type": "Polygon", "coordinates": [ [ [ 77.437043755190317, 23.24173034597591 ], [ 77.437028955190343, 23.241801645955256 ], [ 77.437171455190338, 23.241826545948047 ], [ 77.43718625519034, 23.241755245968701 ], [ 77.437043755190317, 23.24173034597591 ] ] ] } },
{ "type": "Feature", "properties": { }, "geometry": { "type": "Polygon", "coordinates": [ [ [ 77.437037255190333, 23.240982646192496 ], [ 77.436998455190334, 23.241173046137341 ], [ 77.437119455190327, 23.241193846131324 ], [ 77.437158155190318, 23.241003446186472 ], [ 77.437037255190333, 23.240982646192496 ] ] ] } },
{ "type": "Feature", "properties": { }, "geometry": { "type": "Polygon", "coordinates": [ [ [ 77.437076755190333, 23.240818946239916 ], [ 77.437060955190319, 23.240896946217322 ], [ 77.437185055190341, 23.240918246211159 ], [ 77.43720095519032, 23.240840246233745 ], [ 77.437076755190333, 23.240818946239916 ] ] ] } },
{ "type": "Feature", "properties": { }, "geometry": { "type": "Polygon", "coordinates": [ [ [ 77.436609155190339, 23.241633946003841 ], [ 77.436681255190322, 23.241652145998565 ], [ 77.436713455190329, 23.241544346029787 ], [ 77.436641355190318, 23.241526146035067 ], [ 77.436609155190339, 23.241633946003841 ] ] ] } },
{ "type": "Feature", "properties": { }, "geometry": { "type": "Polygon", "coordinates": [ [ [ 77.437028655190318, 23.241808345953316 ], [ 77.437000055190325, 23.241946345913334 ], [ 77.437139655190322, 23.241970745906276 ], [ 77.437168255190315, 23.241832745946251 ], [ 77.437028655190318, 23.241808345953316 ] ] ] } },
{ "type": "Feature", "properties": { }, "geometry": { "type": "Polygon", "coordinates": [ [ [ 77.436069555190329, 23.241890745929449 ], [ 77.436148655190337, 23.241905345925215 ], [ 77.436179455190327, 23.241764245966095 ], [ 77.436100455190328, 23.241749645970319 ], [ 77.436069555190329, 23.241890745929449 ] ] ] } },
{ "type": "Feature", "properties": { }, "geometry": { "type": "Polygon", "coordinates": [ [ [ 77.436920855190337, 23.241608746011142 ], [ 77.437059955190321, 23.241633946003841 ], [ 77.437074555190321, 23.2415660460235 ], [ 77.436935455190337, 23.241540846030812 ], [ 77.436920855190337, 23.241608746011142 ] ] ] } },
{ "type": "Feature", "properties": { }, "geometry": { "type": "Polygon", "coordinates": [ [ [ 77.436152755190335, 23.241904945925338 ], [ 77.436232355190342, 23.241920245920902 ], [ 77.436261555190342, 23.241792745957838 ], [ 77.436181955190321, 23.241777345962294 ], [ 77.436152755190335, 23.241904945925338 ] ] ] } },
{ "type": "Feature", "properties": { }, "geometry": { "type": "Polygon", "coordinates": [ [ [ 77.436251255190342, 23.241554646026813 ], [ 77.436332255190322, 23.241572046021766 ], [ 77.436362955190319, 23.241451046056817 ], [ 77.436281955190339, 23.241433746061826 ], [ 77.436251255190342, 23.241554646026813 ] ] ] } },
{ "type": "Feature", "properties": { }, "geometry": { "type": "Polygon", "coordinates": [ [ [ 77.436820655190317, 23.242087445872471 ], [ 77.436952955190321, 23.24210974586601 ], [ 77.436965855190323, 23.242045545884608 ], [ 77.436833555190333, 23.242023145891096 ], [ 77.436820655190317, 23.242087445872471 ] ] ] } },
{ "type": "Feature", "properties": { }, "geometry": { "type": "Polygon", "coordinates": [ [ [ 77.436957155190342, 23.240362146372227 ], [ 77.437061855190322, 23.240387146364988 ], [ 77.437100355190324, 23.240250946404441 ], [ 77.436995655190316, 23.24022594641168 ], [ 77.436957155190342, 23.240362146372227 ] ] ] } },
{ "type": "Feature", "properties": { }, "geometry": { "type": "Polygon", "coordinates": [ [ [ 77.436385255190331, 23.24173374597493 ], [ 77.436450955190338, 23.241749645970319 ], [ 77.436484555190333, 23.241632146004363 ], [ 77.436418955190319, 23.241616246008963 ], [ 77.436385255190331, 23.24173374597493 ] ] ] } },
{ "type": "Feature", "properties": { }, "geometry": { "type": "Polygon", "coordinates": [ [ [ 77.436693655190325, 23.241659845996335 ], [ 77.436797855190321, 23.241684645989146 ], [ 77.436832055190337, 23.241563246024317 ], [ 77.436727855190327, 23.241538446031495 ], [ 77.436693655190325, 23.241659845996335 ] ] ] } },
{ "type": "Feature", "properties": { }, "geometry": { "type": "Polygon", "coordinates": [ [ [ 77.436079355190316, 23.241526346035009 ], [ 77.436160255190316, 23.241544646029702 ], [ 77.436195355190321, 23.241413346067741 ], [ 77.436114555190315, 23.241395146073007 ], [ 77.436079355190316, 23.241526346035009 ] ] ] } },
{ "type": "Feature", "properties": { }, "geometry": { "type": "Polygon", "coordinates": [ [ [ 77.437276755190339, 23.240594846304834 ], [ 77.437410155190335, 23.240619646297645 ], [ 77.437423155190316, 23.240560646314734 ], [ 77.437289755190321, 23.240535846321919 ], [ 77.437276755190339, 23.240594846304834 ] ] ] } },
{ "type": "Feature", "properties": { }, "geometry": { "type": "Polygon", "coordinates": [ [ [ 77.436424355190326, 23.24019554642048 ], [ 77.436462255190335, 23.240076746454903 ], [ 77.436367955190335, 23.240051446462228 ], [ 77.436330055190325, 23.240170246427819 ], [ 77.436424355190326, 23.24019554642048 ] ] ] } },
{ "type": "Feature", "properties": { }, "geometry": { "type": "Polygon", "coordinates": [ [ [ 77.436453655190334, 23.241757845967943 ], [ 77.43656615519032, 23.241784945960099 ], [ 77.436598355190327, 23.241672345992715 ], [ 77.436485955190335, 23.24164514600059 ], [ 77.436453655190334, 23.241757845967943 ] ] ] } },
{ "type": "Feature", "properties": { }, "geometry": { "type": "Polygon", "coordinates": [ [ [ 77.436573255190339, 23.241802445955027 ], [ 77.436662755190326, 23.241824045948771 ], [ 77.436699255190334, 23.241696645985677 ], [ 77.436609655190324, 23.241675045991936 ], [ 77.436573255190339, 23.241802445955027 ] ] ] } },
{ "type": "Feature", "properties": { }, "geometry": { "type": "Polygon", "coordinates": [ [ [ 77.43683455519033, 23.242013645893845 ], [ 77.436976655190321, 23.242043245885277 ], [ 77.436998855190339, 23.241953145911378 ], [ 77.43685675519032, 23.241923545919949 ], [ 77.43683455519033, 23.242013645893845 ] ] ] } },
{ "type": "Feature", "properties": { }, "geometry": { "type": "Polygon", "coordinates": [ [ [ 77.436866355190318, 23.240348446376196 ], [ 77.436948755190315, 23.240368646370346 ], [ 77.436989755190325, 23.24022744641125 ], [ 77.436907355190328, 23.2402072464171 ], [ 77.436866355190318, 23.240348446376196 ] ] ] } },
{ "type": "Feature", "properties": { }, "geometry": { "type": "Polygon", "coordinates": [ [ [ 77.436148255190332, 23.241690845987353 ], [ 77.436227155190338, 23.241709145982057 ], [ 77.436256255190315, 23.241603946012532 ], [ 77.43617725519033, 23.241585546017859 ], [ 77.436148255190332, 23.241690845987353 ] ] ] } },
{ "type": "Feature", "properties": { }, "geometry": { "type": "Polygon", "coordinates": [ [ [ 77.43685195519032, 23.241913845922756 ], [ 77.436982055190342, 23.241939745915257 ], [ 77.437013755190335, 23.2418049459543 ], [ 77.436883755190323, 23.241779045961806 ], [ 77.43685195519032, 23.241913845922756 ] ] ] } },
{ "type": "Feature", "properties": { }, "geometry": { "type": "Polygon", "coordinates": [ [ [ 77.436738355190329, 23.240153446432686 ], [ 77.436693455190323, 23.240294146391928 ], [ 77.436858055190342, 23.240338446379091 ], [ 77.436902955190334, 23.240197746419852 ], [ 77.436738355190329, 23.240153446432686 ] ] ] } },
{ "type": "Feature", "properties": { }, "geometry": { "type": "Polygon", "coordinates": [ [ [ 77.437119555190336, 23.240559346315113 ], [ 77.437252255190316, 23.240584046307951 ], [ 77.437266355190332, 23.240519946326518 ], [ 77.437133655190323, 23.240495246333676 ], [ 77.437119555190336, 23.240559346315113 ] ] ] } },
{ "type": "Feature", "properties": { }, "geometry": { "type": "Polygon", "coordinates": [ [ [ 77.436313855190335, 23.241706945982688 ], [ 77.436385655190335, 23.241722545978178 ], [ 77.436412455190322, 23.241618446008328 ], [ 77.436340755190329, 23.241602846012842 ], [ 77.436313855190335, 23.241706945982688 ] ] ] } },
{ "type": "Feature", "properties": { }, "geometry": { "type": "Polygon", "coordinates": [ [ [ 77.436675055190321, 23.241804745954365 ], [ 77.436755355190343, 23.24182414594874 ], [ 77.43678565519032, 23.24171834597939 ], [ 77.436705255190333, 23.241698945985007 ], [ 77.436675055190321, 23.241804745954365 ] ] ] } },
{ "type": "Feature", "properties": { }, "geometry": { "type": "Polygon", "coordinates": [ [ [ 77.437176255190337, 23.240409846358414 ], [ 77.437162255190316, 23.240486746336138 ], [ 77.437267455190337, 23.24050294633145 ], [ 77.437281455190316, 23.240426046353722 ], [ 77.437176255190337, 23.240409846358414 ] ] ] } },
{ "type": "Feature", "properties": { }, "geometry": { "type": "Polygon", "coordinates": [ [ [ 77.436229755190325, 23.241705745983037 ], [ 77.436302555190338, 23.241722645978143 ], [ 77.436333055190318, 23.241612046010179 ], [ 77.436260355190342, 23.241595146015076 ], [ 77.436229755190325, 23.241705745983037 ] ] ] } },
{ "type": "Feature", "properties": { }, "geometry": { "type": "Polygon", "coordinates": [ [ [ 77.435901655190321, 23.241982245902943 ], [ 77.436024755190317, 23.242004245896574 ], [ 77.43604775519033, 23.241895045928199 ], [ 77.435924655190334, 23.241873145934548 ], [ 77.435901655190321, 23.241982245902943 ] ] ] } },
{ "type": "Feature", "properties": { }, "geometry": { "type": "Polygon", "coordinates": [ [ [ 77.437101755190326, 23.240656446286984 ], [ 77.437237655190316, 23.240681746279659 ], [ 77.437255955190324, 23.240598546303755 ], [ 77.43712005519032, 23.240573246311087 ], [ 77.437101755190326, 23.240656446286984 ] ] ] } },
{ "type": "Feature", "properties": { }, "geometry": { "type": "Polygon", "coordinates": [ [ [ 77.436243255190334, 23.241927245918873 ], [ 77.436377755190321, 23.241952045911695 ], [ 77.436403855190335, 23.241832545946306 ], [ 77.436269455190327, 23.241807745953498 ], [ 77.436243255190334, 23.241927245918873 ] ] ] } },
{ "type": "Feature", "properties": { }, "geometry": { "type": "Polygon", "coordinates": [ [ [ 77.437068955190341, 23.240806146243624 ], [ 77.437203655190316, 23.240828946237016 ], [ 77.43722155519032, 23.240739746262857 ], [ 77.437086755190322, 23.240716946269455 ], [ 77.437068955190341, 23.240806146243624 ] ] ] } },
{ "type": "Feature", "properties": { }, "geometry": { "type": "Polygon", "coordinates": [ [ [ 77.437285255190318, 23.240521746325999 ], [ 77.437406555190321, 23.240544346319457 ], [ 77.437429255190338, 23.240441146349344 ], [ 77.437307955190334, 23.240418546355897 ], [ 77.437285255190318, 23.240521746325999 ] ] ] } },
{ "type": "Feature", "properties": { }, "geometry": { "type": "Polygon", "coordinates": [ [ [ 77.435684055190322, 23.242015945893179 ], [ 77.435670055190329, 23.242106045867086 ], [ 77.435772755190328, 23.242119445863199 ], [ 77.435786655190341, 23.2420293458893 ], [ 77.435684055190322, 23.242015945893179 ] ] ] } },
{ "type": "Feature", "properties": { }, "geometry": { "type": "Polygon", "coordinates": [ [ [ 77.435733655190319, 23.241707045982654 ], [ 77.435871855190328, 23.241725445977334 ], [ 77.435884155190323, 23.24164704600004 ], [ 77.435745955190342, 23.241628646005374 ], [ 77.435733655190319, 23.241707045982654 ] ] ] } },
{ "type": "Feature", "properties": { }, "geometry": { "type": "Polygon", "coordinates": [ [ [ 77.435554655190316, 23.241807245953638 ], [ 77.43554285519032, 23.241881945932001 ], [ 77.435671355190337, 23.241899045927042 ], [ 77.435683055190324, 23.241824345948686 ], [ 77.435554655190316, 23.241807245953638 ] ] ] } },
{ "type": "Feature", "properties": { }, "geometry": { "type": "Polygon", "coordinates": [ [ [ 77.435613955190334, 23.241474246050096 ], [ 77.435750655190333, 23.241494946044096 ], [ 77.435761555190339, 23.241434146061714 ], [ 77.435624855190326, 23.24141344606771 ], [ 77.435613955190334, 23.241474246050096 ] ] ] } },
{ "type": "Feature", "properties": { }, "geometry": { "type": "Polygon", "coordinates": [ [ [ 77.435764455190338, 23.241529946033964 ], [ 77.435888555190331, 23.241548746028506 ], [ 77.435898955190325, 23.241490846045284 ], [ 77.435774855190317, 23.241472046050735 ], [ 77.435764455190338, 23.241529946033964 ] ] ] } },
{ "type": "Feature", "properties": { }, "geometry": { "type": "Polygon", "coordinates": [ [ [ 77.435707155190329, 23.241781945960962 ], [ 77.435852655190317, 23.241801345955345 ], [ 77.435864055190336, 23.241729045976289 ], [ 77.43571855519032, 23.24170964598191 ], [ 77.435707155190329, 23.241781945960962 ] ] ] } },
{ "type": "Feature", "properties": { }, "geometry": { "type": "Polygon", "coordinates": [ [ [ 77.435529155190338, 23.241950845912044 ], [ 77.435654655190334, 23.241967545907205 ], [ 77.435664655190322, 23.241904545925451 ], [ 77.435539055190318, 23.241887845930293 ], [ 77.435529155190338, 23.241950845912044 ] ] ] } },
{ "type": "Feature", "properties": { }, "geometry": { "type": "Polygon", "coordinates": [ [ [ 77.435693755190329, 23.241840545943987 ], [ 77.435819955190325, 23.241857345939128 ], [ 77.435828855190337, 23.241801045955434 ], [ 77.43570265519034, 23.2417842459603 ], [ 77.435693755190329, 23.241840545943987 ] ] ] } },
{ "type": "Feature", "properties": { }, "geometry": { "type": "Polygon", "coordinates": [ [ [ 77.43562735519032, 23.241407646069383 ], [ 77.435763555190334, 23.241427346063681 ], [ 77.435786055190334, 23.241295946101744 ], [ 77.435649955190343, 23.24127624610745 ], [ 77.43562735519032, 23.241407646069383 ] ] ] } },
{ "type": "Feature", "properties": { }, "geometry": { "type": "Polygon", "coordinates": [ [ [ 77.435681755190316, 23.241810945952569 ], [ 77.435704055190342, 23.241668945993695 ], [ 77.435561855190315, 23.241650045999179 ], [ 77.435539555190331, 23.241792045958043 ], [ 77.435681755190316, 23.241810945952569 ] ] ] } },
{ "type": "Feature", "properties": { }, "geometry": { "type": "Polygon", "coordinates": [ [ [ 77.435607255190334, 23.241489046045807 ], [ 77.435592455190331, 23.241571646021885 ], [ 77.435742755190333, 23.241594346015315 ], [ 77.435757555190321, 23.241511746039237 ], [ 77.435607255190334, 23.241489046045807 ] ] ] } },
{ "type": "Feature", "properties": { }, "geometry": { "type": "Polygon", "coordinates": [ [ [ 77.435786755190321, 23.241469946051339 ], [ 77.435919655190332, 23.24149004604552 ], [ 77.435940655190322, 23.241372946079441 ], [ 77.435807755190325, 23.24135284608526 ], [ 77.435786755190321, 23.241469946051339 ] ] ] } },
{ "type": "Feature", "properties": { }, "geometry": { "type": "Polygon", "coordinates": [ [ [ 77.435773555190323, 23.241546346029214 ], [ 77.435759455190322, 23.241624746006497 ], [ 77.43586805519034, 23.241641246001716 ], [ 77.435882155190328, 23.241562746024464 ], [ 77.435773555190323, 23.241546346029214 ] ] ] } },
{ "type": "Feature", "properties": { }, "geometry": { "type": "Polygon", "coordinates": [ [ [ 77.435578955190337, 23.241646146000299 ], [ 77.435722955190329, 23.241664445995003 ], [ 77.435733255190328, 23.241596146014789 ], [ 77.435589255190337, 23.241577846020082 ], [ 77.435578955190337, 23.241646146000299 ] ] ] } },
{ "type": "Feature", "properties": { }, "geometry": { "type": "Polygon", "coordinates": [ [ [ 77.43567465519034, 23.241961945908823 ], [ 77.435667655190329, 23.242008945895211 ], [ 77.435773955190328, 23.242022245891363 ], [ 77.435780955190339, 23.241975145905002 ], [ 77.43567465519034, 23.241961945908823 ] ] ] } },
{ "type": "Feature", "properties": { }, "geometry": { "type": "Polygon", "coordinates": [ [ [ 77.435529855190325, 23.241963945908243 ], [ 77.43552025519034, 23.242036845887132 ], [ 77.435658355190341, 23.242052245882668 ], [ 77.435667955190326, 23.241979345903786 ], [ 77.435529855190325, 23.241963945908243 ] ] ] } },
{ "type": "Feature", "properties": { }, "geometry": { "type": "Polygon", "coordinates": [ [ [ 77.435683355190335, 23.241957045910247 ], [ 77.43581085519034, 23.241974245905261 ], [ 77.435828555190341, 23.24186414593715 ], [ 77.435700855190319, 23.241846945942136 ], [ 77.435683355190335, 23.241957045910247 ] ] ] } },
{ "type": "Feature", "properties": { }, "geometry": { "type": "Polygon", "coordinates": [ [ [ 77.442460455190343, 23.234908447951753 ], [ 77.442381555190337, 23.234943847941508 ], [ 77.442438155190331, 23.235050447910631 ], [ 77.442517055190322, 23.235015047920882 ], [ 77.442460455190343, 23.234908447951753 ] ] ] } },
{ "type": "Feature", "properties": { }, "geometry": { "type": "Polygon", "coordinates": [ [ [ 77.443012355190319, 23.236559047473737 ], [ 77.443126255190322, 23.236566247471647 ], [ 77.443131055190335, 23.236500847490586 ], [ 77.443017255190341, 23.236493747492652 ], [ 77.443012355190319, 23.236559047473737 ] ] ] } },
{ "type": "Feature", "properties": { }, "geometry": { "type": "Polygon", "coordinates": [ [ [ 77.44279745519033, 23.234700348012016 ], [ 77.442882055190324, 23.23485974796586 ], [ 77.443025555190317, 23.234795447984471 ], [ 77.442940955190323, 23.234635948030668 ], [ 77.44279745519033, 23.234700348012016 ] ] ] } },
{ "type": "Feature", "properties": { }, "geometry": { "type": "Polygon", "coordinates": [ [ [ 77.442696355190336, 23.237162547298954 ], [ 77.442693655190325, 23.237281447264518 ], [ 77.442772455190322, 23.237282947264088 ], [ 77.442775155190319, 23.237164047298513 ], [ 77.442696355190336, 23.237162547298954 ] ] ] } },
{ "type": "Feature", "properties": { }, "geometry": { "type": "Polygon", "coordinates": [ [ [ 77.442792055190324, 23.234726148004544 ], [ 77.442724655190318, 23.234756347995795 ], [ 77.442786155190333, 23.234872247962244 ], [ 77.442853555190339, 23.234842047970982 ], [ 77.442792055190324, 23.234726148004544 ] ] ] } },
{ "type": "Feature", "properties": { }, "geometry": { "type": "Polygon", "coordinates": [ [ [ 77.443523155190334, 23.234088148189308 ], [ 77.44359425519032, 23.234084148190462 ], [ 77.443591255190341, 23.234039748203315 ], [ 77.443520155190328, 23.234043748202154 ], [ 77.443523155190334, 23.234088148189308 ] ] ] } },
{ "type": "Feature", "properties": { }, "geometry": { "type": "Polygon", "coordinates": [ [ [ 77.442522055190324, 23.236609247459196 ], [ 77.442401955190334, 23.236606847459893 ], [ 77.442399255190338, 23.236723347426153 ], [ 77.442519355190342, 23.236725647425487 ], [ 77.442522055190324, 23.236609247459196 ] ] ] } },
{ "type": "Feature", "properties": { }, "geometry": { "type": "Polygon", "coordinates": [ [ [ 77.442675255190323, 23.237168947297103 ], [ 77.442597755190334, 23.237165847298002 ], [ 77.442593055190315, 23.237264447269443 ], [ 77.442670555190318, 23.237267547268544 ], [ 77.442675255190323, 23.237168947297103 ] ] ] } },
{ "type": "Feature", "properties": { }, "geometry": { "type": "Polygon", "coordinates": [ [ [ 77.442365955190326, 23.2349286479459 ], [ 77.442291255190327, 23.234962147936198 ], [ 77.44235925519034, 23.235090247899102 ], [ 77.442433955190324, 23.235056747908807 ], [ 77.442365955190326, 23.2349286479459 ] ] ] } },
{ "type": "Feature", "properties": { }, "geometry": { "type": "Polygon", "coordinates": [ [ [ 77.443416855190335, 23.234055248198828 ], [ 77.443421855190337, 23.234120948179804 ], [ 77.44345435519034, 23.234118948180381 ], [ 77.443449355190324, 23.23405314819944 ], [ 77.443416855190335, 23.234055248198828 ] ] ] } },
{ "type": "Feature", "properties": { }, "geometry": { "type": "Polygon", "coordinates": [ [ [ 77.443546955190328, 23.233962148225789 ], [ 77.443551555190339, 23.234018448209486 ], [ 77.44362105519032, 23.23401364821088 ], [ 77.443616455190337, 23.233957248227203 ], [ 77.443546955190328, 23.233962148225789 ] ] ] } },
{ "type": "Feature", "properties": { }, "geometry": { "type": "Polygon", "coordinates": [ [ [ 77.442452355190326, 23.234875847961192 ], [ 77.442516155190319, 23.234996047926384 ], [ 77.442597155190342, 23.234959747936902 ], [ 77.442533355190335, 23.23483954797171 ], [ 77.442452355190326, 23.234875847961192 ] ] ] } },
{ "type": "Feature", "properties": { }, "geometry": { "type": "Polygon", "coordinates": [ [ [ 77.442757855190322, 23.237304047257972 ], [ 77.44275485519033, 23.237403947229041 ], [ 77.44284325519034, 23.237406147228405 ], [ 77.442846255190332, 23.237306247257333 ], [ 77.442757855190322, 23.237304047257972 ] ] ] } },
{ "type": "Feature", "properties": { }, "geometry": { "type": "Polygon", "coordinates": [ [ [ 77.442509255190316, 23.237160647299504 ], [ 77.442504155190321, 23.237273147266922 ], [ 77.442585255190338, 23.237276247266024 ], [ 77.442590355190333, 23.237163747298602 ], [ 77.442509255190316, 23.237160647299504 ] ] ] } },
{ "type": "Feature", "properties": { }, "geometry": { "type": "Polygon", "coordinates": [ [ [ 77.443625555190323, 23.234720548006173 ], [ 77.443604955190324, 23.234767547992551 ], [ 77.443683455190325, 23.234796547984157 ], [ 77.443704055190324, 23.234749447997796 ], [ 77.443625555190323, 23.234720548006173 ] ] ] } },
{ "type": "Feature", "properties": { }, "geometry": { "type": "Polygon", "coordinates": [ [ [ 77.442323855190338, 23.237142847304657 ], [ 77.442312655190321, 23.237251947273066 ], [ 77.442394755190335, 23.237259147270976 ], [ 77.442406055190332, 23.237149947302601 ], [ 77.442323855190338, 23.237142847304657 ] ] ] } },
{ "type": "Feature", "properties": { }, "geometry": { "type": "Polygon", "coordinates": [ [ [ 77.443727555190335, 23.234760147994699 ], [ 77.443700355190316, 23.23484524797005 ], [ 77.443763255190333, 23.234862247965129 ], [ 77.443790455190339, 23.234777147989771 ], [ 77.443727555190335, 23.234760147994699 ] ] ] } },
{ "type": "Feature", "properties": { }, "geometry": { "type": "Polygon", "coordinates": [ [ [ 77.442658755190337, 23.237309747256322 ], [ 77.442655555190328, 23.237412047226691 ], [ 77.442749455190338, 23.237414547225967 ], [ 77.442752655190318, 23.237312247255602 ], [ 77.442658755190337, 23.237309747256322 ] ] ] } },
{ "type": "Feature", "properties": { }, "geometry": { "type": "Polygon", "coordinates": [ [ [ 77.443658755190327, 23.23498694792902 ], [ 77.443692855190335, 23.235022847918625 ], [ 77.443735455190335, 23.234988647928525 ], [ 77.443701355190328, 23.234952747938927 ], [ 77.443658755190327, 23.23498694792902 ] ] ] } },
{ "type": "Feature", "properties": { }, "geometry": { "type": "Polygon", "coordinates": [ [ [ 77.442557555190334, 23.23740404722901 ], [ 77.442563555190333, 23.237298647259536 ], [ 77.442480555190343, 23.237294647260693 ], [ 77.44247455519033, 23.237400047230167 ], [ 77.442557555190334, 23.23740404722901 ] ] ] } },
{ "type": "Feature", "properties": { }, "geometry": { "type": "Polygon", "coordinates": [ [ [ 77.442567555190323, 23.237398447230632 ], [ 77.442635955190326, 23.237399147230434 ], [ 77.442636955190324, 23.237305347257596 ], [ 77.44256855519032, 23.23730474725777 ], [ 77.442567555190323, 23.237398447230632 ] ] ] } },
{ "type": "Feature", "properties": { }, "geometry": { "type": "Polygon", "coordinates": [ [ [ 77.443460955190332, 23.233872148251855 ], [ 77.443461555190339, 23.233906948241771 ], [ 77.443490255190341, 23.23390654824189 ], [ 77.443489555190325, 23.233871748251964 ], [ 77.443460955190332, 23.233872148251855 ] ] ] } },
{ "type": "Feature", "properties": { }, "geometry": { "type": "Polygon", "coordinates": [ [ [ 77.442065955190316, 23.237107647314854 ], [ 77.442063255190334, 23.237234547278103 ], [ 77.442148155190324, 23.237236047277666 ], [ 77.44215085519032, 23.237109147314424 ], [ 77.442065955190316, 23.237107647314854 ] ] ] } },
{ "type": "Feature", "properties": { }, "geometry": { "type": "Polygon", "coordinates": [ [ [ 77.442038855190333, 23.237388247233586 ], [ 77.442125355190342, 23.237389447233241 ], [ 77.442127255190343, 23.237277447265683 ], [ 77.442040755190334, 23.237276247266024 ], [ 77.442038855190333, 23.237388247233586 ] ] ] } },
{ "type": "Feature", "properties": { }, "geometry": { "type": "Polygon", "coordinates": [ [ [ 77.442619355190331, 23.2348043479819 ], [ 77.44254755519033, 23.234836547972577 ], [ 77.442609355190342, 23.234952947938861 ], [ 77.442681155190343, 23.23492084794816 ], [ 77.442619355190331, 23.2348043479819 ] ] ] } },
{ "type": "Feature", "properties": { }, "geometry": { "type": "Polygon", "coordinates": [ [ [ 77.442614455190338, 23.236405847518103 ], [ 77.442611655190319, 23.236483147495719 ], [ 77.442733055190331, 23.236486847494646 ], [ 77.442735855190321, 23.236409547517034 ], [ 77.442614455190338, 23.236405847518103 ] ] ] } },
{ "type": "Feature", "properties": { }, "geometry": { "type": "Polygon", "coordinates": [ [ [ 77.442699955190321, 23.234920747948191 ], [ 77.442782155190315, 23.234883847958873 ], [ 77.442711955190333, 23.234751647997157 ], [ 77.442629755190325, 23.23478844798651 ], [ 77.442699955190321, 23.234920747948191 ] ] ] } },
{ "type": "Feature", "properties": { }, "geometry": { "type": "Polygon", "coordinates": [ [ [ 77.443174355190337, 23.236654547446076 ], [ 77.443171655190341, 23.23672954742436 ], [ 77.443309755190327, 23.236733747423145 ], [ 77.443312455190338, 23.23665874744486 ], [ 77.443174355190337, 23.236654547446076 ] ] ] } },
{ "type": "Feature", "properties": { }, "geometry": { "type": "Polygon", "coordinates": [ [ [ 77.442374455190318, 23.236754547417121 ], [ 77.442374855190323, 23.236819347398352 ], [ 77.442497555190329, 23.236818647398554 ], [ 77.442497155190324, 23.236753947417295 ], [ 77.442374455190318, 23.236754547417121 ] ] ] } },
{ "type": "Feature", "properties": { }, "geometry": { "type": "Polygon", "coordinates": [ [ [ 77.442443455190329, 23.235620647745503 ], [ 77.442569255190321, 23.235624047744519 ], [ 77.442572255190342, 23.23552944777191 ], [ 77.442446455190321, 23.235526047772897 ], [ 77.442443455190329, 23.235620647745503 ] ] ] } },
{ "type": "Feature", "properties": { }, "geometry": { "type": "Polygon", "coordinates": [ [ [ 77.443021655190321, 23.236582747466869 ], [ 77.443016055190327, 23.23665774744515 ], [ 77.443130855190333, 23.236664947443067 ], [ 77.443136355190333, 23.23658994746479 ], [ 77.443021655190321, 23.236582747466869 ] ] ] } },
{ "type": "Feature", "properties": { }, "geometry": { "type": "Polygon", "coordinates": [ [ [ 77.442874755190317, 23.237283247263996 ], [ 77.44287805519032, 23.237171147296465 ], [ 77.44278565519032, 23.237168847297134 ], [ 77.442782255190338, 23.237280947264665 ], [ 77.442874755190317, 23.237283247263996 ] ] ] } },
{ "type": "Feature", "properties": { }, "geometry": { "type": "Polygon", "coordinates": [ [ [ 77.443000555190338, 23.236825547396553 ], [ 77.443112055190326, 23.236832547394524 ], [ 77.44311695519032, 23.236765647413904 ], [ 77.443005455190331, 23.236758647415936 ], [ 77.443000555190338, 23.236825547396553 ] ] ] } },
{ "type": "Feature", "properties": { }, "geometry": { "type": "Polygon", "coordinates": [ [ [ 77.442590355190333, 23.236942347362728 ], [ 77.442589155190319, 23.237065347327103 ], [ 77.442701855190322, 23.237066147326871 ], [ 77.442702955190342, 23.236943247362461 ], [ 77.442590355190333, 23.236942347362728 ] ] ] } },
{ "type": "Feature", "properties": { }, "geometry": { "type": "Polygon", "coordinates": [ [ [ 77.442229955190328, 23.235152847880979 ], [ 77.442352855190322, 23.235097747896933 ], [ 77.442287355190317, 23.23497434793267 ], [ 77.442189555190325, 23.235018147919988 ], [ 77.442201155190332, 23.23504004791365 ], [ 77.44217605519033, 23.235051247910402 ], [ 77.442229955190328, 23.235152847880979 ] ] ] } },
{ "type": "Feature", "properties": { }, "geometry": { "type": "Polygon", "coordinates": [ [ [ 77.438239755190338, 23.233163548457039 ], [ 77.438221555190324, 23.233164648456729 ], [ 77.438205255190326, 23.233172048454577 ], [ 77.438193255190342, 23.233184648450933 ], [ 77.438187455190317, 23.233200548446327 ], [ 77.438188655190316, 23.233217248441491 ], [ 77.438196755190319, 23.233232248437147 ], [ 77.43821045519033, 23.233243248433968 ], [ 77.438227655190317, 23.233248548432432 ], [ 77.438245855190331, 23.233247448432753 ], [ 77.43826215519033, 23.233240048434887 ], [ 77.438274155190342, 23.233227448438544 ], [ 77.438279955190325, 23.233211648443117 ], [ 77.438278755190325, 23.233194948447952 ], [ 77.438270655190323, 23.2331799484523 ], [ 77.438256955190326, 23.233168948455479 ], [ 77.438239755190338, 23.233163548457039 ] ] ] } },
{ "type": "Feature", "properties": { }, "geometry": { "type": "Polygon", "coordinates": [ [ [ 77.438775355190316, 23.232707048589234 ], [ 77.43893245519034, 23.232729248582807 ], [ 77.43895495519034, 23.232595048621665 ], [ 77.438797755190336, 23.232572848628088 ], [ 77.438775355190316, 23.232707048589234 ] ] ] } },
{ "type": "Feature", "properties": { }, "geometry": { "type": "Polygon", "coordinates": [ [ [ 77.435746955190339, 23.23340104838827 ], [ 77.435883755190318, 23.233432148379265 ], [ 77.435901755190329, 23.233365348398607 ], [ 77.435764955190322, 23.233334248407619 ], [ 77.435746955190339, 23.23340104838827 ] ] ] } },
{ "type": "Feature", "properties": { }, "geometry": { "type": "Polygon", "coordinates": [ [ [ 77.438523755190332, 23.231667048890372 ], [ 77.438605055190337, 23.231663748891329 ], [ 77.43859805519034, 23.23151554893424 ], [ 77.438516755190335, 23.231518848933288 ], [ 77.438523755190332, 23.231667048890372 ] ] ] } },
{ "type": "Feature", "properties": { }, "geometry": { "type": "Polygon", "coordinates": [ [ [ 77.438332055190315, 23.232950848518637 ], [ 77.438441555190337, 23.232968448513539 ], [ 77.438463955190329, 23.23285114854751 ], [ 77.438354455190336, 23.232833548552609 ], [ 77.438332055190315, 23.232950848518637 ] ] ] } },
{ "type": "Feature", "properties": { }, "geometry": { "type": "Polygon", "coordinates": [ [ [ 77.437668555190342, 23.232716048586624 ], [ 77.437641055190326, 23.23280544856074 ], [ 77.437770155190321, 23.232838948551038 ], [ 77.437797655190323, 23.232749448576957 ], [ 77.437668555190342, 23.232716048586624 ] ] ] } },
{ "type": "Feature", "properties": { }, "geometry": { "type": "Polygon", "coordinates": [ [ [ 77.438924055190341, 23.231830848842947 ], [ 77.439003155190321, 23.231831648842711 ], [ 77.439004755190339, 23.231698948881139 ], [ 77.438925655190317, 23.231698148881367 ], [ 77.438924055190341, 23.231830848842947 ] ] ] } },
{ "type": "Feature", "properties": { }, "geometry": { "type": "Polygon", "coordinates": [ [ [ 77.437532455190336, 23.2332082484441 ], [ 77.437666755190321, 23.233243048434026 ], [ 77.437693855190332, 23.233154848459559 ], [ 77.437559555190333, 23.233120048469644 ], [ 77.437532455190336, 23.2332082484441 ] ] ] } },
{ "type": "Feature", "properties": { }, "geometry": { "type": "Polygon", "coordinates": [ [ [ 77.438135955190333, 23.233491048362211 ], [ 77.438220255190316, 23.23349504836105 ], [ 77.438228455190327, 23.233347848403675 ], [ 77.438144155190329, 23.233343848404836 ], [ 77.438135955190333, 23.233491048362211 ] ] ] } },
{ "type": "Feature", "properties": { }, "geometry": { "type": "Polygon", "coordinates": [ [ [ 77.435895155190337, 23.233453748373005 ], [ 77.436027255190325, 23.233484548364093 ], [ 77.436051155190341, 23.233398048389144 ], [ 77.43591905519034, 23.233367248398057 ], [ 77.435895155190337, 23.233453748373005 ] ] ] } },
{ "type": "Feature", "properties": { }, "geometry": { "type": "Polygon", "coordinates": [ [ [ 77.438249655190333, 23.232547848635328 ], [ 77.438328555190324, 23.232566748629857 ], [ 77.438358755190336, 23.23246034866067 ], [ 77.438279855190316, 23.232441448666137 ], [ 77.438249655190333, 23.232547848635328 ] ] ] } },
{ "type": "Feature", "properties": { }, "geometry": { "type": "Polygon", "coordinates": [ [ [ 77.438729455190341, 23.232883148538239 ], [ 77.438833955190319, 23.232907548531173 ], [ 77.438863055190339, 23.232802248561665 ], [ 77.438758655190341, 23.23277784856873 ], [ 77.438729455190341, 23.232883148538239 ] ] ] } },
{ "type": "Feature", "properties": { }, "geometry": { "type": "Polygon", "coordinates": [ [ [ 77.437812955190324, 23.232738948579993 ], [ 77.437938355190326, 23.232771448570588 ], [ 77.437962655190319, 23.23269214859355 ], [ 77.437837255190317, 23.232659548602989 ], [ 77.437812955190324, 23.232738948579993 ] ] ] } },
{ "type": "Feature", "properties": { }, "geometry": { "type": "Polygon", "coordinates": [ [ [ 77.43884565519032, 23.231826048844333 ], [ 77.43891665519034, 23.231826748844124 ], [ 77.438918155190322, 23.231702448880121 ], [ 77.438847055190323, 23.231701748880326 ], [ 77.43884565519032, 23.231826048844333 ] ] ] } },
{ "type": "Feature", "properties": { }, "geometry": { "type": "Polygon", "coordinates": [ [ [ 77.437830655190325, 23.232031448784863 ], [ 77.437971855190341, 23.232059448776756 ], [ 77.43799255519032, 23.231971248802289 ], [ 77.437851455190341, 23.23194314881043 ], [ 77.437830655190325, 23.232031448784863 ] ] ] } },
{ "type": "Feature", "properties": { }, "geometry": { "type": "Polygon", "coordinates": [ [ [ 77.438561955190323, 23.231843848839183 ], [ 77.438650455190327, 23.231844748838924 ], [ 77.438652055190317, 23.231713848876822 ], [ 77.438563555190328, 23.231712948877085 ], [ 77.438561955190323, 23.231843848839183 ] ] ] } },
{ "type": "Feature", "properties": { }, "geometry": { "type": "Polygon", "coordinates": [ [ [ 77.438117955190322, 23.232760748573686 ], [ 77.438189755190336, 23.232777148568939 ], [ 77.438223355190317, 23.232652348605072 ], [ 77.438151455190336, 23.232636048609795 ], [ 77.438117955190322, 23.232760748573686 ] ] ] } },
{ "type": "Feature", "properties": { }, "geometry": { "type": "Polygon", "coordinates": [ [ [ 77.438416155190325, 23.232603648619175 ], [ 77.43849225519034, 23.232621848613906 ], [ 77.438527155190329, 23.232498948649489 ], [ 77.438451055190342, 23.232480748654758 ], [ 77.438416155190325, 23.232603648619175 ] ] ] } },
{ "type": "Feature", "properties": { }, "geometry": { "type": "Polygon", "coordinates": [ [ [ 77.437788055190325, 23.232181948741278 ], [ 77.437771255190341, 23.232250048721561 ], [ 77.437910055190329, 23.232278948713198 ], [ 77.437926855190327, 23.232210848732915 ], [ 77.437788055190325, 23.232181948741278 ] ] ] } },
{ "type": "Feature", "properties": { }, "geometry": { "type": "Polygon", "coordinates": [ [ [ 77.439054955190329, 23.231642848897387 ], [ 77.439151855190318, 23.23163894889851 ], [ 77.439144955190329, 23.231493748940554 ], [ 77.439047955190333, 23.231497648939428 ], [ 77.439054955190329, 23.231642848897387 ] ] ] } },
{ "type": "Feature", "properties": { }, "geometry": { "type": "Polygon", "coordinates": [ [ [ 77.438606555190319, 23.232723248584538 ], [ 77.438577955190325, 23.23282654855463 ], [ 77.438710255190315, 23.232857448545687 ], [ 77.438738755190343, 23.232754148575598 ], [ 77.438606555190319, 23.232723248584538 ] ] ] } },
{ "type": "Feature", "properties": { }, "geometry": { "type": "Polygon", "coordinates": [ [ [ 77.437814755190331, 23.232102248764363 ], [ 77.437951055190339, 23.232130748756109 ], [ 77.437967455190318, 23.232064448775301 ], [ 77.437831155190324, 23.232035948783555 ], [ 77.437814755190331, 23.232102248764363 ] ] ] } },
{ "type": "Feature", "properties": { }, "geometry": { "type": "Polygon", "coordinates": [ [ [ 77.437858255190335, 23.233490448362389 ], [ 77.43786575519033, 23.233357148400984 ], [ 77.437774755190318, 23.23335284840223 ], [ 77.437767355190331, 23.233486248363601 ], [ 77.437858255190335, 23.233490448362389 ] ] ] } },
{ "type": "Feature", "properties": { }, "geometry": { "type": "Polygon", "coordinates": [ [ [ 77.438081455190343, 23.231743948868111 ], [ 77.438192555190327, 23.23176724886136 ], [ 77.438206355190331, 23.231711548877492 ], [ 77.438095355190327, 23.231688248884236 ], [ 77.438081455190343, 23.231743948868111 ] ] ] } },
{ "type": "Feature", "properties": { }, "geometry": { "type": "Polygon", "coordinates": [ [ [ 77.438863955190342, 23.232153548749508 ], [ 77.438874055190325, 23.232034948783848 ], [ 77.438748455190321, 23.232025848786481 ], [ 77.438738355190338, 23.232144448752141 ], [ 77.438863955190342, 23.232153548749508 ] ] ] } },
{ "type": "Feature", "properties": { }, "geometry": { "type": "Polygon", "coordinates": [ [ [ 77.438777255190317, 23.231516148934066 ], [ 77.438784355190336, 23.23166594889069 ], [ 77.438871855190328, 23.231662348891735 ], [ 77.438864755190338, 23.231512548935115 ], [ 77.438777255190317, 23.231516148934066 ] ] ] } },
{ "type": "Feature", "properties": { }, "geometry": { "type": "Polygon", "coordinates": [ [ [ 77.43809275519034, 23.232909048530743 ], [ 77.438168455190322, 23.232921248527209 ], [ 77.438194455190342, 23.232785148566613 ], [ 77.438118755190317, 23.232772948570151 ], [ 77.43809275519034, 23.232909048530743 ] ] ] } },
{ "type": "Feature", "properties": { }, "geometry": { "type": "Polygon", "coordinates": [ [ [ 77.437650655190339, 23.233856648256339 ], [ 77.437778655190328, 23.233865348253826 ], [ 77.437787455190318, 23.233755548285615 ], [ 77.43765935519032, 23.233746948288108 ], [ 77.437650655190339, 23.233856648256339 ] ] ] } },
{ "type": "Feature", "properties": { }, "geometry": { "type": "Polygon", "coordinates": [ [ [ 77.437595455190333, 23.233466448369338 ], [ 77.437685755190316, 23.233470748368095 ], [ 77.437694655190327, 23.233311748414131 ], [ 77.437604255190337, 23.233307448415378 ], [ 77.437595455190333, 23.233466448369338 ] ] ] } },
{ "type": "Feature", "properties": { }, "geometry": { "type": "Polygon", "coordinates": [ [ [ 77.437679955190319, 23.233616448325893 ], [ 77.43776515519032, 23.233619448325026 ], [ 77.437770655190334, 23.233487848363133 ], [ 77.437685455190334, 23.233484848364004 ], [ 77.437679955190319, 23.233616448325893 ] ] ] } },
{ "type": "Feature", "properties": { }, "geometry": { "type": "Polygon", "coordinates": [ [ [ 77.438958855190336, 23.231649848895355 ], [ 77.439039655190328, 23.231646548896311 ], [ 77.439032955190342, 23.231506048936993 ], [ 77.438952155190321, 23.231509348936036 ], [ 77.438958855190336, 23.231649848895355 ] ] ] } },
{ "type": "Feature", "properties": { }, "geometry": { "type": "Polygon", "coordinates": [ [ [ 77.43795145519033, 23.231639348898391 ], [ 77.438090155190324, 23.231662648891653 ], [ 77.438113855190323, 23.231537248927957 ], [ 77.437972755190316, 23.231553448923265 ], [ 77.43795145519033, 23.231639348898391 ] ] ] } },
{ "type": "Feature", "properties": { }, "geometry": { "type": "Polygon", "coordinates": [ [ [ 77.437897855190329, 23.231814748847611 ], [ 77.437877055190327, 23.231902748822129 ], [ 77.438025055190337, 23.231932248813582 ], [ 77.438045855190325, 23.231844248839067 ], [ 77.437897855190329, 23.231814748847611 ] ] ] } },
{ "type": "Feature", "properties": { }, "geometry": { "type": "Polygon", "coordinates": [ [ [ 77.438686355190342, 23.231520848932707 ], [ 77.438692955190334, 23.231660248892343 ], [ 77.43877925519034, 23.231656748893357 ], [ 77.438772655190334, 23.231517348933721 ], [ 77.438686355190342, 23.231520848932707 ] ] ] } },
{ "type": "Feature", "properties": { }, "geometry": { "type": "Polygon", "coordinates": [ [ [ 77.438174055190331, 23.232922948526717 ], [ 77.438253855190325, 23.232935748523005 ], [ 77.438279155190315, 23.232803448561317 ], [ 77.438199255190327, 23.232790548565056 ], [ 77.438174055190331, 23.232922948526717 ] ] ] } },
{ "type": "Feature", "properties": { }, "geometry": { "type": "Polygon", "coordinates": [ [ [ 77.437685655190336, 23.232633648610484 ], [ 77.43782035519034, 23.232668548600373 ], [ 77.437848755190316, 23.232576048627163 ], [ 77.437714055190341, 23.232541048637302 ], [ 77.437685655190336, 23.232633648610484 ] ] ] } },
{ "type": "Feature", "properties": { }, "geometry": { "type": "Polygon", "coordinates": [ [ [ 77.437476255190319, 23.233849648258371 ], [ 77.437609055190336, 23.233855748256598 ], [ 77.43761545519034, 23.233738948290419 ], [ 77.437482655190323, 23.233732748292219 ], [ 77.437476255190319, 23.233849648258371 ] ] ] } },
{ "type": "Feature", "properties": { }, "geometry": { "type": "Polygon", "coordinates": [ [ [ 77.43807465519032, 23.231750148866318 ], [ 77.438054055190321, 23.231839048840577 ], [ 77.438180255190332, 23.231863648833453 ], [ 77.438200855190331, 23.231774748859191 ], [ 77.43807465519032, 23.231750148866318 ] ] ] } },
{ "type": "Feature", "properties": { }, "geometry": { "type": "Polygon", "coordinates": [ [ [ 77.438681455190334, 23.23235334869165 ], [ 77.438810855190326, 23.232369348687012 ], [ 77.438820155190328, 23.23230604870535 ], [ 77.438690755190336, 23.232290048709977 ], [ 77.438681455190334, 23.23235334869165 ] ] ] } },
{ "type": "Feature", "properties": { }, "geometry": { "type": "Polygon", "coordinates": [ [ [ 77.438490355190339, 23.233191448448963 ], [ 77.438625655190336, 23.233223048439815 ], [ 77.438649155190333, 23.233138148464402 ], [ 77.438513855190337, 23.233106548473554 ], [ 77.438490355190339, 23.233191448448963 ] ] ] } },
{ "type": "Feature", "properties": { }, "geometry": { "type": "Polygon", "coordinates": [ [ [ 77.438487755190323, 23.233487648363194 ], [ 77.43858345519034, 23.233492148361893 ], [ 77.438591455190334, 23.233348748403408 ], [ 77.438495655190323, 23.23334424840472 ], [ 77.438487755190323, 23.233487648363194 ] ] ] } },
{ "type": "Feature", "properties": { }, "geometry": { "type": "Polygon", "coordinates": [ [ [ 77.436174055190335, 23.233487648363194 ], [ 77.436213655190315, 23.233358248400666 ], [ 77.436116055190325, 23.233333048407967 ], [ 77.436076455190332, 23.233462448370492 ], [ 77.436174055190335, 23.233487648363194 ] ] ] } },
{ "type": "Feature", "properties": { }, "geometry": { "type": "Polygon", "coordinates": [ [ [ 77.438239555190336, 23.232548148635242 ], [ 77.438270455190334, 23.23243914866681 ], [ 77.438199155190333, 23.232422148671734 ], [ 77.438168255190334, 23.232531048640197 ], [ 77.438239555190336, 23.232548148635242 ] ] ] } },
{ "type": "Feature", "properties": { }, "geometry": { "type": "Polygon", "coordinates": [ [ [ 77.438667355190319, 23.233094448477051 ], [ 77.438801955190343, 23.233125848467957 ], [ 77.438821955190321, 23.233053548488897 ], [ 77.438687355190325, 23.233022048498015 ], [ 77.438667355190319, 23.233094448477051 ] ] ] } },
{ "type": "Feature", "properties": { }, "geometry": { "type": "Polygon", "coordinates": [ [ [ 77.437829755190336, 23.232653148604836 ], [ 77.43795415519034, 23.23268544859549 ], [ 77.437981455190325, 23.232596648621204 ], [ 77.437857055190321, 23.232564348630557 ], [ 77.437829755190336, 23.232653148604836 ] ] ] } },
{ "type": "Feature", "properties": { }, "geometry": { "type": "Polygon", "coordinates": [ [ [ 77.438740555190336, 23.231841348839907 ], [ 77.438832755190333, 23.231842248839648 ], [ 77.438834455190317, 23.231697748881487 ], [ 77.438742355190328, 23.231696848881747 ], [ 77.438740555190336, 23.231841348839907 ] ] ] } },
{ "type": "Feature", "properties": { }, "geometry": { "type": "Polygon", "coordinates": [ [ [ 77.438804055190317, 23.232571848628378 ], [ 77.438958055190341, 23.232589448623283 ], [ 77.438969455190318, 23.232505548647573 ], [ 77.438815455190337, 23.23248784865271 ], [ 77.438804055190317, 23.232571848628378 ] ] ] } },
{ "type": "Feature", "properties": { }, "geometry": { "type": "Polygon", "coordinates": [ [ [ 77.438283655190318, 23.232797848562942 ], [ 77.438355555190327, 23.232814248558196 ], [ 77.438389355190324, 23.232688648594564 ], [ 77.438317455190315, 23.23267234859928 ], [ 77.438283655190318, 23.232797848562942 ] ] ] } },
{ "type": "Feature", "properties": { }, "geometry": { "type": "Polygon", "coordinates": [ [ [ 77.437562155190335, 23.233115948470825 ], [ 77.437692955190329, 23.233149848461011 ], [ 77.437716955190339, 23.233071648483655 ], [ 77.437586155190331, 23.233037748493473 ], [ 77.437562155190335, 23.233115948470825 ] ] ] } },
{ "type": "Feature", "properties": { }, "geometry": { "type": "Polygon", "coordinates": [ [ [ 77.438368555190323, 23.232434848668046 ], [ 77.438439155190324, 23.232451848663128 ], [ 77.438476655190328, 23.232320248701235 ], [ 77.438406055190327, 23.232303248706156 ], [ 77.438368555190323, 23.232434848668046 ] ] ] } },
{ "type": "Feature", "properties": { }, "geometry": { "type": "Polygon", "coordinates": [ [ [ 77.438475855190319, 23.233272948425366 ], [ 77.438602355190341, 23.233302548416791 ], [ 77.43862335519033, 23.233226548438804 ], [ 77.438496855190323, 23.233196948447372 ], [ 77.438475855190319, 23.233272948425366 ] ] ] } },
{ "type": "Feature", "properties": { }, "geometry": { "type": "Polygon", "coordinates": [ [ [ 77.438224155190341, 23.233492248361863 ], [ 77.438302755190335, 23.233495948360794 ], [ 77.438310855190323, 23.23335044840292 ], [ 77.438232355190337, 23.233346748403999 ], [ 77.438224155190341, 23.233492248361863 ] ] ] } },
{ "type": "Feature", "properties": { }, "geometry": { "type": "Polygon", "coordinates": [ [ [ 77.438339155190334, 23.232586348624181 ], [ 77.438411255190331, 23.232603648619175 ], [ 77.438445355190325, 23.232483548653949 ], [ 77.438373255190328, 23.232466248658959 ], [ 77.438339155190334, 23.232586348624181 ] ] ] } },
{ "type": "Feature", "properties": { }, "geometry": { "type": "Polygon", "coordinates": [ [ [ 77.438673855190316, 23.233012248500859 ], [ 77.438825455190326, 23.233047648490604 ], [ 77.438856355190325, 23.232935748523005 ], [ 77.438704855190323, 23.232900348533263 ], [ 77.438673855190316, 23.233012248500859 ] ] ] } },
{ "type": "Feature", "properties": { }, "geometry": { "type": "Polygon", "coordinates": [ [ [ 77.437782355190322, 23.232836648551707 ], [ 77.437908055190334, 23.232869248542265 ], [ 77.437935455190342, 23.232780048568092 ], [ 77.437809755190329, 23.232747448577534 ], [ 77.437782355190322, 23.232836648551707 ] ] ] } },
{ "type": "Feature", "properties": { }, "geometry": { "type": "Polygon", "coordinates": [ [ [ 77.437948855190342, 23.2334907483623 ], [ 77.438030555190338, 23.233494548361193 ], [ 77.438038555190332, 23.233351048402746 ], [ 77.437956855190336, 23.233347148403876 ], [ 77.437948855190342, 23.2334907483623 ] ] ] } },
{ "type": "Feature", "properties": { }, "geometry": { "type": "Polygon", "coordinates": [ [ [ 77.438662555190319, 23.231842648839528 ], [ 77.438732555190342, 23.231843348839327 ], [ 77.438734255190326, 23.231705048879373 ], [ 77.438664155190338, 23.231704348879571 ], [ 77.438662555190319, 23.231842648839528 ] ] ] } },
{ "type": "Feature", "properties": { }, "geometry": { "type": "Polygon", "coordinates": [ [ [ 77.438199355190335, 23.232779248568324 ], [ 77.438277355190323, 23.232796948563205 ], [ 77.438311755190327, 23.23266894860026 ], [ 77.438233855190319, 23.232651148605424 ], [ 77.438199355190335, 23.232779248568324 ] ] ] } },
{ "type": "Feature", "properties": { }, "geometry": { "type": "Polygon", "coordinates": [ [ [ 77.438445855190324, 23.23245304866278 ], [ 77.438533255190322, 23.232474048656698 ], [ 77.438572255190323, 23.23233704869638 ], [ 77.438484855190325, 23.232316048702458 ], [ 77.438445855190324, 23.23245304866278 ] ] ] } },
{ "type": "Feature", "properties": { }, "geometry": { "type": "Polygon", "coordinates": [ [ [ 77.438891955190329, 23.232026048786427 ], [ 77.439054555190339, 23.232037148783213 ], [ 77.439064055190343, 23.231919748817202 ], [ 77.438901455190319, 23.231908648820419 ], [ 77.438891955190329, 23.232026048786427 ] ] ] } },
{ "type": "Feature", "properties": { }, "geometry": { "type": "Polygon", "coordinates": [ [ [ 77.437814855190325, 23.232104248763783 ], [ 77.437795355190332, 23.232177648742525 ], [ 77.43792925519034, 23.232207548733872 ], [ 77.43794865519034, 23.232134248755091 ], [ 77.437814855190325, 23.232104248763783 ] ] ] } },
{ "type": "Feature", "properties": { }, "geometry": { "type": "Polygon", "coordinates": [ [ [ 77.43809985519033, 23.231686848884642 ], [ 77.438216755190339, 23.231712648877174 ], [ 77.438253955190333, 23.23157054891832 ], [ 77.438137055190339, 23.231544748925788 ], [ 77.43809985519033, 23.231686848884642 ] ] ] } },
{ "type": "Feature", "properties": { }, "geometry": { "type": "Polygon", "coordinates": [ [ [ 77.437459655190324, 23.233451848373562 ], [ 77.437453955190335, 23.233589848333605 ], [ 77.437560555190316, 23.233593648332501 ], [ 77.437566355190327, 23.233455648372455 ], [ 77.437459655190324, 23.233451848373562 ] ] ] } },
{ "type": "Feature", "properties": { }, "geometry": { "type": "Polygon", "coordinates": [ [ [ 77.438314455190323, 23.231659748892486 ], [ 77.438428555190328, 23.231665248890891 ], [ 77.438421555190331, 23.231518548933373 ], [ 77.438363855190318, 23.231524248931724 ], [ 77.438314455190323, 23.231659748892486 ] ] ] } },
{ "type": "Feature", "properties": { }, "geometry": { "type": "Polygon", "coordinates": [ [ [ 77.437998655190341, 23.232011948790507 ], [ 77.438110755190323, 23.232035848783585 ], [ 77.438128955190336, 23.231963648804491 ], [ 77.438016955190335, 23.23193974881141 ], [ 77.437998655190341, 23.232011948790507 ] ] ] } },
{ "type": "Feature", "properties": { }, "geometry": { "type": "Polygon", "coordinates": [ [ [ 77.437865555190328, 23.233490548362351 ], [ 77.43794115519033, 23.233494048361337 ], [ 77.437948955190336, 23.233354348401793 ], [ 77.43787335519032, 23.233350848402804 ], [ 77.437865555190328, 23.233490548362351 ] ] ] } },
{ "type": "Feature", "properties": { }, "geometry": { "type": "Polygon", "coordinates": [ [ [ 77.438885655190333, 23.232146148751646 ], [ 77.439025455190333, 23.232156848748549 ], [ 77.43903585519034, 23.232042248781735 ], [ 77.438896055190341, 23.232031548784835 ], [ 77.438885655190333, 23.232146148751646 ] ] ] } },
{ "type": "Feature", "properties": { }, "geometry": { "type": "Polygon", "coordinates": [ [ [ 77.438001855190336, 23.232898148533895 ], [ 77.438084455190335, 23.232911448530047 ], [ 77.43811175519032, 23.232768848571332 ], [ 77.438029155190321, 23.232755448575222 ], [ 77.438001855190336, 23.232898148533895 ] ] ] } },
{ "type": "Feature", "properties": { }, "geometry": { "type": "Polygon", "coordinates": [ [ [ 77.437699555190321, 23.233148648461356 ], [ 77.437821555190339, 23.233180348452183 ], [ 77.437845355190319, 23.233103148474534 ], [ 77.437723255190321, 23.233071548483689 ], [ 77.437699555190321, 23.233148648461356 ] ] ] } },
{ "type": "Feature", "properties": { }, "geometry": { "type": "Polygon", "coordinates": [ [ [ 77.437823955190325, 23.233875148250981 ], [ 77.437970155190328, 23.233886248247764 ], [ 77.437979955190343, 23.233776848279447 ], [ 77.43783375519034, 23.233765748282664 ], [ 77.437823955190325, 23.233875148250981 ] ] ] } },
{ "type": "Feature", "properties": { }, "geometry": { "type": "Polygon", "coordinates": [ [ [ 77.437937955190321, 23.232238648724859 ], [ 77.438058655190318, 23.232263348717712 ], [ 77.438077555190318, 23.232185548740237 ], [ 77.437956855190336, 23.232160748747425 ], [ 77.437937955190321, 23.232238648724859 ] ] ] } },
{ "type": "Feature", "properties": { }, "geometry": { "type": "Polygon", "coordinates": [ [ [ 77.437563355190335, 23.23361304832688 ], [ 77.437674055190328, 23.23361694832575 ], [ 77.437679955190319, 23.233474448367016 ], [ 77.43756925519034, 23.233470548368146 ], [ 77.437563355190335, 23.23361304832688 ] ] ] } },
{ "type": "Feature", "properties": { }, "geometry": { "type": "Polygon", "coordinates": [ [ [ 77.438388255190333, 23.231716148876156 ], [ 77.438386755190336, 23.231844048839125 ], [ 77.438475255190326, 23.23184484883889 ], [ 77.438476755190337, 23.231717048875893 ], [ 77.438388255190333, 23.231716148876156 ] ] ] } },
{ "type": "Feature", "properties": { }, "geometry": { "type": "Polygon", "coordinates": [ [ [ 77.43798065519033, 23.232083448769803 ], [ 77.438093055190322, 23.23210704876297 ], [ 77.438109755190325, 23.232039748782459 ], [ 77.437997355190333, 23.232016048789319 ], [ 77.43798065519033, 23.232083448769803 ] ] ] } },
{ "type": "Feature", "properties": { }, "geometry": { "type": "Polygon", "coordinates": [ [ [ 77.438407355190336, 23.233492248361863 ], [ 77.438483955190335, 23.233495848360818 ], [ 77.438491555190339, 23.233359748400233 ], [ 77.438414955190339, 23.233356148401274 ], [ 77.438407355190336, 23.233492248361863 ] ] ] } },
{ "type": "Feature", "properties": { }, "geometry": { "type": "Polygon", "coordinates": [ [ [ 77.437672555190318, 23.233243948433767 ], [ 77.437798155190322, 23.233276548424325 ], [ 77.437825355190327, 23.233188048449946 ], [ 77.437699755190323, 23.233155448459392 ], [ 77.437672555190318, 23.233243948433767 ] ] ] } },
{ "type": "Feature", "properties": { }, "geometry": { "type": "Polygon", "coordinates": [ [ [ 77.439013855190325, 23.231837648840976 ], [ 77.439122355190335, 23.231838748840662 ], [ 77.439124155190342, 23.231690848883481 ], [ 77.439015555190323, 23.231689748883809 ], [ 77.439013855190325, 23.231837648840976 ] ] ] } },
{ "type": "Feature", "properties": { }, "geometry": { "type": "Polygon", "coordinates": [ [ [ 77.437956555190326, 23.232157148748463 ], [ 77.438079655190322, 23.232184048740681 ], [ 77.43809835519032, 23.23211184876158 ], [ 77.437975255190324, 23.232084948769366 ], [ 77.437956555190326, 23.232157148748463 ] ] ] } },
{ "type": "Feature", "properties": { }, "geometry": { "type": "Polygon", "coordinates": [ [ [ 77.438208755190317, 23.232399448678301 ], [ 77.438287955190333, 23.232418448672803 ], [ 77.438326555190329, 23.232282648712122 ], [ 77.438247355190327, 23.23226364871762 ], [ 77.438208755190317, 23.232399448678301 ] ] ] } },
{ "type": "Feature", "properties": { }, "geometry": { "type": "Polygon", "coordinates": [ [ [ 77.43866135519032, 23.232451048663361 ], [ 77.438800155190322, 23.232468648658273 ], [ 77.438814455190339, 23.23237314868592 ], [ 77.438675655190337, 23.23235564869098 ], [ 77.43866135519032, 23.232451048663361 ] ] ] } },
{ "type": "Feature", "properties": { }, "geometry": { "type": "Polygon", "coordinates": [ [ [ 77.438521055190336, 23.233103048474565 ], [ 77.438641055190331, 23.233131048466454 ], [ 77.438667155190316, 23.233036348493872 ], [ 77.438547255190315, 23.23300834850199 ], [ 77.438521055190336, 23.233103048474565 ] ] ] } },
{ "type": "Feature", "properties": { }, "geometry": { "type": "Polygon", "coordinates": [ [ [ 77.438590455190337, 23.23348734836328 ], [ 77.438651355190331, 23.233490148362474 ], [ 77.438659055190342, 23.233351048402746 ], [ 77.438598255190342, 23.233348148403586 ], [ 77.438590455190337, 23.23348734836328 ] ] ] } },
{ "type": "Feature", "properties": { }, "geometry": { "type": "Polygon", "coordinates": [ [ [ 77.437820855190324, 23.233639648319176 ], [ 77.437899955190332, 23.233642448318367 ], [ 77.437905555190341, 23.233508848357054 ], [ 77.437826455190333, 23.233506048357871 ], [ 77.437820855190324, 23.233639648319176 ] ] ] } },
{ "type": "Feature", "properties": { }, "geometry": { "type": "Polygon", "coordinates": [ [ [ 77.436042955190317, 23.233254948430581 ], [ 77.436265555190317, 23.23329994841755 ], [ 77.436287155190328, 23.233209748443667 ], [ 77.436064555190327, 23.233164748456698 ], [ 77.436042955190317, 23.233254948430581 ] ] ] } },
{ "type": "Feature", "properties": { }, "geometry": { "type": "Polygon", "coordinates": [ [ [ 77.438815455190337, 23.232482348654301 ], [ 77.438969055190327, 23.232500848648939 ], [ 77.438986155190335, 23.232381248683573 ], [ 77.438832455190322, 23.232362748688935 ], [ 77.438815455190337, 23.232482348654301 ] ] ] } },
{ "type": "Feature", "properties": { }, "geometry": { "type": "Polygon", "coordinates": [ [ [ 77.437947755190336, 23.231644648896861 ], [ 77.437928155190335, 23.231722348874364 ], [ 77.438072355190343, 23.231753048865478 ], [ 77.438091955190316, 23.231675348887968 ], [ 77.437947755190336, 23.231644648896861 ] ] ] } },
{ "type": "Feature", "properties": { }, "geometry": { "type": "Polygon", "coordinates": [ [ [ 77.438661555190322, 23.233100048475432 ], [ 77.438616355190334, 23.233263448428119 ], [ 77.43877495519034, 23.233300448417403 ], [ 77.43882005519032, 23.233137048464716 ], [ 77.438661555190322, 23.233100048475432 ] ] ] } },
{ "type": "Feature", "properties": { }, "geometry": { "type": "Polygon", "coordinates": [ [ [ 77.43830355519033, 23.231848648837794 ], [ 77.438375355190317, 23.231849448837565 ], [ 77.43837705519033, 23.231704648879486 ], [ 77.438305255190343, 23.231703948879687 ], [ 77.43830355519033, 23.231848648837794 ] ] ] } },
{ "type": "Feature", "properties": { }, "geometry": { "type": "Polygon", "coordinates": [ [ [ 77.438434755190343, 23.231664748891038 ], [ 77.438514355190321, 23.231661548891971 ], [ 77.438507655190335, 23.231521448932533 ], [ 77.438428055190329, 23.231524648931607 ], [ 77.438434755190343, 23.231664748891038 ] ] ] } },
{ "type": "Feature", "properties": { }, "geometry": { "type": "Polygon", "coordinates": [ [ [ 77.438362255190327, 23.232822248555873 ], [ 77.438466855190342, 23.232845948549009 ], [ 77.438503455190329, 23.232710148588335 ], [ 77.438398855190329, 23.23268634859523 ], [ 77.438362255190327, 23.232822248555873 ] ] ] } },
{ "type": "Feature", "properties": { }, "geometry": { "type": "Polygon", "coordinates": [ [ [ 77.43758905519033, 23.232955148517391 ], [ 77.437709655190318, 23.232986448508331 ], [ 77.437740455190337, 23.232886348537313 ], [ 77.43761985519032, 23.232855048546384 ], [ 77.43758905519033, 23.232955148517391 ] ] ] } },
{ "type": "Feature", "properties": { }, "geometry": { "type": "Polygon", "coordinates": [ [ [ 77.438296055190321, 23.232418548672772 ], [ 77.438361355190324, 23.232434248668223 ], [ 77.438399455190321, 23.232300548706942 ], [ 77.438334155190319, 23.232284848711483 ], [ 77.438296055190321, 23.232418548672772 ] ] ] } },
{ "type": "Feature", "properties": { }, "geometry": { "type": "Polygon", "coordinates": [ [ [ 77.438307855190331, 23.233491248362149 ], [ 77.438397355190318, 23.23349544836093 ], [ 77.438405355190341, 23.233351848402521 ], [ 77.438315855190325, 23.233347648403733 ], [ 77.438307855190331, 23.233491248362149 ] ] ] } },
{ "type": "Feature", "properties": { }, "geometry": { "type": "Polygon", "coordinates": [ [ [ 77.437899355190325, 23.231810248848905 ], [ 77.438045255190318, 23.231840748840078 ], [ 77.438066555190332, 23.231754548865037 ], [ 77.437920755190333, 23.231724048873865 ], [ 77.437899355190325, 23.231810248848905 ] ] ] } },
{ "type": "Feature", "properties": { }, "geometry": { "type": "Polygon", "coordinates": [ [ [ 77.438034755190316, 23.233490448362389 ], [ 77.438131855190335, 23.23349504836105 ], [ 77.438139855190343, 23.233350848402804 ], [ 77.438042755190338, 23.233346348404108 ], [ 77.438034755190316, 23.233490448362389 ] ] ] } },
{ "type": "Feature", "properties": { }, "geometry": { "type": "Polygon", "coordinates": [ [ [ 77.438694955190329, 23.232280448712761 ], [ 77.438835255190327, 23.232300948706822 ], [ 77.438848355190316, 23.23222514872878 ], [ 77.438708155190326, 23.232204648734712 ], [ 77.438694955190329, 23.232280448712761 ] ] ] } },
{ "type": "Feature", "properties": { }, "geometry": { "type": "Polygon", "coordinates": [ [ [ 77.438762155190332, 23.232021448787762 ], [ 77.438884755190315, 23.232031748784781 ], [ 77.438895555190328, 23.231923548816106 ], [ 77.438772955190316, 23.231913148819114 ], [ 77.438762155190332, 23.232021448787762 ] ] ] } },
{ "type": "Feature", "properties": { }, "geometry": { "type": "Polygon", "coordinates": [ [ [ 77.437741855190339, 23.232962948515137 ], [ 77.437871855190323, 23.232996648505377 ], [ 77.437895855190334, 23.232918548527987 ], [ 77.437765855190321, 23.232884848537747 ], [ 77.437741855190339, 23.232962948515137 ] ] ] } },
{ "type": "Feature", "properties": { }, "geometry": { "type": "Polygon", "coordinates": [ [ [ 77.43848315519034, 23.231844148839095 ], [ 77.438557455190335, 23.231844948838866 ], [ 77.438558955190331, 23.231715848876245 ], [ 77.438484755190331, 23.231715148876454 ], [ 77.43848315519034, 23.231844148839095 ] ] ] } },
{ "type": "Feature", "properties": { }, "geometry": { "type": "Polygon", "coordinates": [ [ [ 77.438023955190332, 23.232741248579323 ], [ 77.438110655190343, 23.232761048573597 ], [ 77.438144155190329, 23.232636648609613 ], [ 77.438057455190332, 23.23261694861532 ], [ 77.438023955190332, 23.232741248579323 ] ] ] } },
{ "type": "Feature", "properties": { }, "geometry": { "type": "Polygon", "coordinates": [ [ [ 77.437464955190322, 23.233298548417952 ], [ 77.437456755190325, 23.233444848375591 ], [ 77.437588555190317, 23.233451048373791 ], [ 77.437596755190327, 23.233304748416153 ], [ 77.437464955190322, 23.233298548417952 ] ] ] } },
{ "type": "Feature", "properties": { }, "geometry": { "type": "Polygon", "coordinates": [ [ [ 77.43788005519032, 23.232509748646365 ], [ 77.438011655190337, 23.232532648639729 ], [ 77.438030655190317, 23.232440348666454 ], [ 77.437899055190329, 23.23241744867309 ], [ 77.43788005519032, 23.232509748646365 ] ] ] } },
{ "type": "Feature", "properties": { }, "geometry": { "type": "Polygon", "coordinates": [ [ [ 77.43548475519033, 23.233375448395684 ], [ 77.435576955190328, 23.233401948388011 ], [ 77.435605955190326, 23.233316748412683 ], [ 77.435513755190328, 23.233290248420353 ], [ 77.43548475519033, 23.233375448395684 ] ] ] } },
{ "type": "Feature", "properties": { }, "geometry": { "type": "Polygon", "coordinates": [ [ [ 77.438845755190343, 23.232361248689369 ], [ 77.438987155190318, 23.232376848684851 ], [ 77.439000255190336, 23.232277048713744 ], [ 77.438858755190338, 23.232261448718262 ], [ 77.438845755190343, 23.232361248689369 ] ] ] } },
{ "type": "Feature", "properties": { }, "geometry": { "type": "Polygon", "coordinates": [ [ [ 77.437717555190332, 23.233063848485912 ], [ 77.437842255190318, 23.233096248476532 ], [ 77.437866955190316, 23.233015648499872 ], [ 77.437742255190329, 23.232983348509229 ], [ 77.437717555190332, 23.233063848485912 ] ] ] } },
{ "type": "Feature", "properties": { }, "geometry": { "type": "Polygon", "coordinates": [ [ [ 77.437696255190318, 23.23344634837515 ], [ 77.437757455190322, 23.233449248374317 ], [ 77.437763355190327, 23.23334324840501 ], [ 77.437702155190337, 23.233340348405843 ], [ 77.437696255190318, 23.23344634837515 ] ] ] } },
{ "type": "Feature", "properties": { }, "geometry": { "type": "Polygon", "coordinates": [ [ [ 77.437906255190327, 23.232334448697124 ], [ 77.438028155190324, 23.232360748689509 ], [ 77.438050955190334, 23.232271248715428 ], [ 77.437929055190338, 23.232244948723043 ], [ 77.437906255190327, 23.232334448697124 ] ] ] } },
{ "type": "Feature", "properties": { }, "geometry": { "type": "Polygon", "coordinates": [ [ [ 77.438010355190343, 23.233896748244728 ], [ 77.438145155190327, 23.233903548242758 ], [ 77.438152055190329, 23.233788048276203 ], [ 77.438017255190317, 23.233781248278174 ], [ 77.438010355190343, 23.233896748244728 ] ] ] } },
{ "type": "Feature", "properties": { }, "geometry": { "type": "Polygon", "coordinates": [ [ [ 77.438660755190327, 23.233477348366172 ], [ 77.438745255190327, 23.233481348365022 ], [ 77.438752455190325, 23.233352948402199 ], [ 77.438667855190332, 23.233348948403361 ], [ 77.438660755190327, 23.233477348366172 ] ] ] } },
{ "type": "Feature", "properties": { }, "geometry": { "type": "Polygon", "coordinates": [ [ [ 77.438371855190326, 23.23365064831599 ], [ 77.43845955519032, 23.233653748315096 ], [ 77.438465255190337, 23.233517448354561 ], [ 77.438377555190328, 23.233514348355467 ], [ 77.438371855190326, 23.23365064831599 ] ] ] } },
{ "type": "Feature", "properties": { }, "geometry": { "type": "Polygon", "coordinates": [ [ [ 77.435386355190332, 23.233359248400372 ], [ 77.43547415519032, 23.233379948394379 ], [ 77.435498755190338, 23.233292148419807 ], [ 77.435410855190341, 23.2332714484258 ], [ 77.435386355190332, 23.233359248400372 ] ] ] } },
{ "type": "Feature", "properties": { }, "geometry": { "type": "Polygon", "coordinates": [ [ [ 77.438955755190335, 23.231647048896164 ], [ 77.438949055190321, 23.231505348937194 ], [ 77.43886925519034, 23.231508548936265 ], [ 77.438875955190326, 23.231650248895242 ], [ 77.438955755190335, 23.231647048896164 ] ] ] } },
{ "type": "Feature", "properties": { }, "geometry": { "type": "Polygon", "coordinates": [ [ [ 77.438602255190318, 23.231519148933202 ], [ 77.438608655190322, 23.231653148894395 ], [ 77.438688255190343, 23.231649948895328 ], [ 77.438681855190339, 23.231515948934131 ], [ 77.438602255190318, 23.231519148933202 ] ] ] } },
{ "type": "Feature", "properties": { }, "geometry": { "type": "Polygon", "coordinates": [ [ [ 77.438259055190329, 23.232931248524313 ], [ 77.43832565519034, 23.232941948521212 ], [ 77.438348655190339, 23.232821548556078 ], [ 77.438282055190328, 23.232810848559179 ], [ 77.438259055190329, 23.232931248524313 ] ] ] } },
{ "type": "Feature", "properties": { }, "geometry": { "type": "Polygon", "coordinates": [ [ [ 77.437692255190342, 23.232638048609214 ], [ 77.437669855190322, 23.232711048588076 ], [ 77.437804955190316, 23.232746048577948 ], [ 77.437827355190336, 23.232673048599075 ], [ 77.437692255190342, 23.232638048609214 ] ] ] } },
{ "type": "Feature", "properties": { }, "geometry": { "type": "Polygon", "coordinates": [ [ [ 77.438115855190318, 23.232376548684933 ], [ 77.438199555190337, 23.232396648679114 ], [ 77.438237955190317, 23.232261548718231 ], [ 77.438154255190341, 23.232241448724054 ], [ 77.438115855190318, 23.232376548684933 ] ] ] } },
{ "type": "Feature", "properties": { }, "geometry": { "type": "Polygon", "coordinates": [ [ [ 77.438035755190342, 23.23191714881796 ], [ 77.438139555190318, 23.231937248812141 ], [ 77.43815635519033, 23.231863648833453 ], [ 77.438052655190319, 23.231843648839241 ], [ 77.438035755190342, 23.23191714881796 ] ] ] } },
{ "type": "Feature", "properties": { }, "geometry": { "type": "Polygon", "coordinates": [ [ [ 77.437913755190337, 23.233650148316141 ], [ 77.438010655190325, 23.233653548315154 ], [ 77.43801655519033, 23.233512448356013 ], [ 77.437919555190334, 23.233509048357 ], [ 77.437913755190337, 23.233650148316141 ] ] ] } },
{ "type": "Feature", "properties": { }, "geometry": { "type": "Polygon", "coordinates": [ [ [ 77.435159555190324, 23.233286148421541 ], [ 77.435244855190334, 23.233312448413926 ], [ 77.43527435519033, 23.233231548437356 ], [ 77.435348655190325, 23.233254448430721 ], [ 77.43540505519033, 23.233099948475463 ], [ 77.435332055190315, 23.233077448481982 ], [ 77.435356655190319, 23.233010148501464 ], [ 77.435269955190321, 23.232983448509192 ], [ 77.435159555190324, 23.233286148421541 ] ] ] } },
{ "type": "Feature", "properties": { }, "geometry": { "type": "Polygon", "coordinates": [ [ [ 77.435093855190317, 23.233268248426729 ], [ 77.435223255190337, 23.232970648512907 ], [ 77.435128755190334, 23.23293594852295 ], [ 77.43509865519033, 23.233005148502905 ], [ 77.435022155190339, 23.232977148511019 ], [ 77.434954755190333, 23.233132248466109 ], [ 77.435047855190334, 23.233166448456206 ], [ 77.435015955190337, 23.233239648435006 ], [ 77.435093855190317, 23.233268248426729 ] ] ] } },
{ "type": "Feature", "properties": { }, "geometry": { "type": "Polygon", "coordinates": [ [ [ 77.442963555190317, 23.237742047131121 ], [ 77.44286225519032, 23.237736247132805 ], [ 77.442854655190331, 23.237849247100073 ], [ 77.442955955190328, 23.237855047098392 ], [ 77.442963555190317, 23.237742047131121 ] ] ] } },
{ "type": "Feature", "properties": { }, "geometry": { "type": "Polygon", "coordinates": [ [ [ 77.443501055190325, 23.237345347246013 ], [ 77.443407455190339, 23.237341847247031 ], [ 77.443402355190315, 23.237456547213807 ], [ 77.443496055190323, 23.237460047212792 ], [ 77.443501055190325, 23.237345347246013 ] ] ] } },
{ "type": "Feature", "properties": { }, "geometry": { "type": "Polygon", "coordinates": [ [ [ 77.44345045519033, 23.237774947121594 ], [ 77.443443755190316, 23.237874747092686 ], [ 77.443549455190336, 23.237880747090951 ], [ 77.443556155190322, 23.237780947119848 ], [ 77.44345045519033, 23.237774947121594 ] ] ] } },
{ "type": "Feature", "properties": { }, "geometry": { "type": "Polygon", "coordinates": [ [ [ 77.442625155190328, 23.237931647076206 ], [ 77.442618255190325, 23.238031947047151 ], [ 77.44276905519034, 23.238040647044635 ], [ 77.442775855190334, 23.237940347073689 ], [ 77.442625155190328, 23.237931647076206 ] ] ] } },
{ "type": "Feature", "properties": { }, "geometry": { "type": "Polygon", "coordinates": [ [ [ 77.442865455190315, 23.236830347395166 ], [ 77.442747655190331, 23.236822947397304 ], [ 77.44274145519033, 23.236906747373034 ], [ 77.442859255190342, 23.23691404737092 ], [ 77.442865455190315, 23.236830347395166 ] ] ] } },
{ "type": "Feature", "properties": { }, "geometry": { "type": "Polygon", "coordinates": [ [ [ 77.443689755190334, 23.238420646934578 ], [ 77.443848755190317, 23.238418146935299 ], [ 77.443847355190329, 23.238346646956007 ], [ 77.443688455190326, 23.23834904695531 ], [ 77.443689755190334, 23.238420646934578 ] ] ] } },
{ "type": "Feature", "properties": { }, "geometry": { "type": "Polygon", "coordinates": [ [ [ 77.44278285519033, 23.238061247038672 ], [ 77.442776355190318, 23.238138347016335 ], [ 77.442912155190342, 23.238148047013524 ], [ 77.442918655190326, 23.238070947035858 ], [ 77.44278285519033, 23.238061247038672 ] ] ] } },
{ "type": "Feature", "properties": { }, "geometry": { "type": "Polygon", "coordinates": [ [ [ 77.443240155190324, 23.237310047256237 ], [ 77.443153455190327, 23.237308947256558 ], [ 77.443151755190328, 23.237429147221746 ], [ 77.443238555190334, 23.237430147221456 ], [ 77.443240155190324, 23.237310047256237 ] ] ] } },
{ "type": "Feature", "properties": { }, "geometry": { "type": "Polygon", "coordinates": [ [ [ 77.443124455190329, 23.237537447190377 ], [ 77.443111655190322, 23.237685247147574 ], [ 77.443211655190325, 23.237692647145426 ], [ 77.443224555190341, 23.237544847188232 ], [ 77.443124455190329, 23.237537447190377 ] ] ] } },
{ "type": "Feature", "properties": { }, "geometry": { "type": "Polygon", "coordinates": [ [ [ 77.443715555190323, 23.238552046896519 ], [ 77.443729455190322, 23.238616746877781 ], [ 77.44387565519034, 23.238590346885424 ], [ 77.443861755190326, 23.238525646904158 ], [ 77.443715555190323, 23.238552046896519 ] ] ] } },
{ "type": "Feature", "properties": { }, "geometry": { "type": "Polygon", "coordinates": [ [ [ 77.44217605519033, 23.238152947012111 ], [ 77.44217175519033, 23.238236046988042 ], [ 77.442300055190316, 23.23824164698642 ], [ 77.442304355190331, 23.238158447010512 ], [ 77.44217605519033, 23.238152947012111 ] ] ] } },
{ "type": "Feature", "properties": { }, "geometry": { "type": "Polygon", "coordinates": [ [ [ 77.442846155190338, 23.237723747136421 ], [ 77.442751355190339, 23.237718347137985 ], [ 77.44274295519034, 23.237843447101749 ], [ 77.442837655190331, 23.237848847100185 ], [ 77.442846155190338, 23.237723747136421 ] ] ] } },
{ "type": "Feature", "properties": { }, "geometry": { "type": "Polygon", "coordinates": [ [ [ 77.443690855190326, 23.23721914728257 ], [ 77.44368295519034, 23.237343147246644 ], [ 77.443765755190341, 23.237347647245347 ], [ 77.443773755190335, 23.237223647281258 ], [ 77.443690855190326, 23.23721914728257 ] ] ] } },
{ "type": "Feature", "properties": { }, "geometry": { "type": "Polygon", "coordinates": [ [ [ 77.442579555190321, 23.238498046912163 ], [ 77.442573555190322, 23.238586346886589 ], [ 77.442684355190323, 23.238592746884734 ], [ 77.442690455190316, 23.238504446910309 ], [ 77.442579555190321, 23.238498046912163 ] ] ] } },
{ "type": "Feature", "properties": { }, "geometry": { "type": "Polygon", "coordinates": [ [ [ 77.443700555190333, 23.238277046976172 ], [ 77.443699955190326, 23.238336446958964 ], [ 77.443844055190326, 23.238337646958612 ], [ 77.443844655190318, 23.23827834697579 ], [ 77.443700555190333, 23.238277046976172 ] ] ] } },
{ "type": "Feature", "properties": { }, "geometry": { "type": "Polygon", "coordinates": [ [ [ 77.44277695519034, 23.238155047011503 ], [ 77.442770255190339, 23.238233746988712 ], [ 77.442911555190335, 23.238243846985782 ], [ 77.442918255190321, 23.238165047008604 ], [ 77.44277695519034, 23.238155047011503 ] ] ] } },
{ "type": "Feature", "properties": { }, "geometry": { "type": "Polygon", "coordinates": [ [ [ 77.443234355190327, 23.237547047187597 ], [ 77.443222455190337, 23.237683647148035 ], [ 77.443334855190329, 23.237691947145628 ], [ 77.443346755190319, 23.23755524718522 ], [ 77.443234355190327, 23.237547047187597 ] ] ] } },
{ "type": "Feature", "properties": { }, "geometry": { "type": "Polygon", "coordinates": [ [ [ 77.443001455190327, 23.23691804736977 ], [ 77.44298895519033, 23.237087347320731 ], [ 77.443122655190322, 23.237095747318303 ], [ 77.443135155190333, 23.236926347367366 ], [ 77.443001455190327, 23.23691804736977 ] ] ] } },
{ "type": "Feature", "properties": { }, "geometry": { "type": "Polygon", "coordinates": [ [ [ 77.442184755190326, 23.238081447032819 ], [ 77.442181555190331, 23.238143747014771 ], [ 77.44230675519033, 23.238149247013183 ], [ 77.442309955190339, 23.238086847031258 ], [ 77.442184755190326, 23.238081447032819 ] ] ] } },
{ "type": "Feature", "properties": { }, "geometry": { "type": "Polygon", "coordinates": [ [ [ 77.442979655190328, 23.237163047298811 ], [ 77.442975655190338, 23.237279647265044 ], [ 77.443060155190324, 23.237282047264348 ], [ 77.443064155190342, 23.237165547298083 ], [ 77.442979655190328, 23.237163047298811 ] ] ] } },
{ "type": "Feature", "properties": { }, "geometry": { "type": "Polygon", "coordinates": [ [ [ 77.44377695519033, 23.237380547235816 ], [ 77.44369605519033, 23.237377347236738 ], [ 77.443691355190339, 23.237477147207837 ], [ 77.443772255190339, 23.237480347206915 ], [ 77.44377695519033, 23.237380547235816 ] ] ] } },
{ "type": "Feature", "properties": { }, "geometry": { "type": "Polygon", "coordinates": [ [ [ 77.442751755190329, 23.238392746942655 ], [ 77.44274265519033, 23.23850084691135 ], [ 77.442889855190316, 23.238511246908342 ], [ 77.44289895519033, 23.23840314693965 ], [ 77.442751755190329, 23.238392746942655 ] ] ] } },
{ "type": "Feature", "properties": { }, "geometry": { "type": "Polygon", "coordinates": [ [ [ 77.443247855190336, 23.237179647294003 ], [ 77.443159355190318, 23.237177647294576 ], [ 77.443155955190335, 23.237303047258262 ], [ 77.443244555190333, 23.237305047257689 ], [ 77.443247855190336, 23.237179647294003 ] ] ] } },
{ "type": "Feature", "properties": { }, "geometry": { "type": "Polygon", "coordinates": [ [ [ 77.442775255190341, 23.236504247489602 ], [ 77.442770355190319, 23.236570847470318 ], [ 77.442871555190337, 23.236577247468464 ], [ 77.442876455190316, 23.236510547487779 ], [ 77.442775255190341, 23.236504247489602 ] ] ] } },
{ "type": "Feature", "properties": { }, "geometry": { "type": "Polygon", "coordinates": [ [ [ 77.44369755519034, 23.238198246998991 ], [ 77.443696855190325, 23.238267546978918 ], [ 77.443862555190321, 23.238268846978549 ], [ 77.443863155190343, 23.238199446998639 ], [ 77.44369755519034, 23.238198246998991 ] ] ] } },
{ "type": "Feature", "properties": { }, "geometry": { "type": "Polygon", "coordinates": [ [ [ 77.44304345519032, 23.236082247611822 ], [ 77.443037655190324, 23.236160247589233 ], [ 77.443174055190326, 23.236168847586747 ], [ 77.443179855190337, 23.236090847609329 ], [ 77.44304345519032, 23.236082247611822 ] ] ] } },
{ "type": "Feature", "properties": { }, "geometry": { "type": "Polygon", "coordinates": [ [ [ 77.443066655190336, 23.23772964713471 ], [ 77.442976155190323, 23.237724447136223 ], [ 77.442968355190331, 23.237840247102682 ], [ 77.443058855190316, 23.237845347101203 ], [ 77.443066655190336, 23.23772964713471 ] ] ] } },
{ "type": "Feature", "properties": { }, "geometry": { "type": "Polygon", "coordinates": [ [ [ 77.443674955190318, 23.237776047121276 ], [ 77.443665955190326, 23.237909247082694 ], [ 77.443773555190333, 23.237915247080956 ], [ 77.443782455190316, 23.237782047119538 ], [ 77.443674955190318, 23.237776047121276 ] ] ] } },
{ "type": "Feature", "properties": { }, "geometry": { "type": "Polygon", "coordinates": [ [ [ 77.443357855190328, 23.237544447188345 ], [ 77.443345655190342, 23.237684847147687 ], [ 77.443456055190339, 23.237692947145334 ], [ 77.443468355190333, 23.237552547185999 ], [ 77.443357855190328, 23.237544447188345 ] ] ] } },
{ "type": "Feature", "properties": { }, "geometry": { "type": "Polygon", "coordinates": [ [ [ 77.443004455190334, 23.236665947442773 ], [ 77.442998655190337, 23.236744347420075 ], [ 77.443123855190322, 23.23675214741781 ], [ 77.443129655190333, 23.236673747440523 ], [ 77.443004455190334, 23.236665947442773 ] ] ] } },
{ "type": "Feature", "properties": { }, "geometry": { "type": "Polygon", "coordinates": [ [ [ 77.443672055190319, 23.237337847248181 ], [ 77.443679455190335, 23.237222647281545 ], [ 77.443604855190316, 23.237218547282737 ], [ 77.443597455190343, 23.237333847249342 ], [ 77.443672055190319, 23.237337847248181 ] ] ] } },
{ "type": "Feature", "properties": { }, "geometry": { "type": "Polygon", "coordinates": [ [ [ 77.443619755190326, 23.23630994754588 ], [ 77.443615255190338, 23.236399847519841 ], [ 77.443792955190318, 23.2364072475177 ], [ 77.443797455190335, 23.236317347543732 ], [ 77.443619755190326, 23.23630994754588 ] ] ] } },
{ "type": "Feature", "properties": { }, "geometry": { "type": "Polygon", "coordinates": [ [ [ 77.443195955190333, 23.23632254754223 ], [ 77.443192955190327, 23.236406647517875 ], [ 77.443322655190343, 23.236410547516751 ], [ 77.443325655190336, 23.236326447541103 ], [ 77.443195955190333, 23.23632254754223 ] ] ] } },
{ "type": "Feature", "properties": { }, "geometry": { "type": "Polygon", "coordinates": [ [ [ 77.443071255190318, 23.23717044729667 ], [ 77.443072555190341, 23.237286947262927 ], [ 77.443145555190327, 23.237286147263156 ], [ 77.443144155190325, 23.237169747296868 ], [ 77.443071255190318, 23.23717044729667 ] ] ] } },
{ "type": "Feature", "properties": { }, "geometry": { "type": "Polygon", "coordinates": [ [ [ 77.442570255190319, 23.238600246882562 ], [ 77.442563855190343, 23.238694146855362 ], [ 77.442698455190339, 23.238701846853129 ], [ 77.442704755190334, 23.238608046880298 ], [ 77.442570255190319, 23.238600246882562 ] ] ] } },
{ "type": "Feature", "properties": { }, "geometry": { "type": "Polygon", "coordinates": [ [ [ 77.442775555190323, 23.236410847516662 ], [ 77.442769355190322, 23.236494747492362 ], [ 77.442880155190323, 23.236501747490333 ], [ 77.442886355190325, 23.236417747514658 ], [ 77.442775555190323, 23.236410847516662 ] ] ] } },
{ "type": "Feature", "properties": { }, "geometry": { "type": "Polygon", "coordinates": [ [ [ 77.443166055190332, 23.236902347374315 ], [ 77.443301455190323, 23.23690644737313 ], [ 77.443306355190316, 23.236769747412712 ], [ 77.443170955190325, 23.236765647413904 ], [ 77.443166055190332, 23.236902347374315 ] ] ] } },
{ "type": "Feature", "properties": { }, "geometry": { "type": "Polygon", "coordinates": [ [ [ 77.443691455190319, 23.238097447028192 ], [ 77.443689355190315, 23.238184647002932 ], [ 77.443842955190334, 23.238187747002037 ], [ 77.443845055190323, 23.238100547027287 ], [ 77.443691455190319, 23.238097447028192 ] ] ] } },
{ "type": "Feature", "properties": { }, "geometry": { "type": "Polygon", "coordinates": [ [ [ 77.442270955190338, 23.237667647152669 ], [ 77.44216235519032, 23.237665747153223 ], [ 77.442159755190332, 23.237793647116177 ], [ 77.442268255190328, 23.237795547115624 ], [ 77.442270955190338, 23.237667647152669 ] ] ] } },
{ "type": "Feature", "properties": { }, "geometry": { "type": "Polygon", "coordinates": [ [ [ 77.443217155190339, 23.236172547585671 ], [ 77.443341155190339, 23.236176247584602 ], [ 77.443343955190329, 23.23609794760727 ], [ 77.44321995519033, 23.236094247608349 ], [ 77.443217155190339, 23.236172547585671 ] ] ] } },
{ "type": "Feature", "properties": { }, "geometry": { "type": "Polygon", "coordinates": [ [ [ 77.443205955190322, 23.238016147051734 ], [ 77.44322145519034, 23.238181847003737 ], [ 77.44327315519034, 23.238177847004902 ], [ 77.443257755190317, 23.238012047052923 ], [ 77.443205955190322, 23.238016147051734 ] ] ] } },
{ "type": "Feature", "properties": { }, "geometry": { "type": "Polygon", "coordinates": [ [ [ 77.442728855190339, 23.236860247386502 ], [ 77.44272965519032, 23.23677824741025 ], [ 77.44260285519033, 23.236777247410544 ], [ 77.442602055190335, 23.236859247386793 ], [ 77.442728855190339, 23.236860247386502 ] ] ] } },
{ "type": "Feature", "properties": { }, "geometry": { "type": "Polygon", "coordinates": [ [ [ 77.443266255190323, 23.237300647258962 ], [ 77.443390455190325, 23.237307347257016 ], [ 77.443398855190324, 23.237177447294638 ], [ 77.443274555190328, 23.237170747296584 ], [ 77.443266255190323, 23.237300647258962 ] ] ] } },
{ "type": "Feature", "properties": { }, "geometry": { "type": "Polygon", "coordinates": [ [ [ 77.44275755519034, 23.236650147447353 ], [ 77.442875355190338, 23.236657547445208 ], [ 77.442880655190336, 23.23658604746592 ], [ 77.442762855190324, 23.236578647468061 ], [ 77.44275755519034, 23.236650147447353 ] ] ] } },
{ "type": "Feature", "properties": { }, "geometry": { "type": "Polygon", "coordinates": [ [ [ 77.442624255190324, 23.236287847552283 ], [ 77.442627055190343, 23.236399247520016 ], [ 77.442834855190327, 23.236394947521266 ], [ 77.442832155190317, 23.236283447553561 ], [ 77.442624255190324, 23.236287847552283 ] ] ] } },
{ "type": "Feature", "properties": { }, "geometry": { "type": "Polygon", "coordinates": [ [ [ 77.442193155190324, 23.237998547056826 ], [ 77.442187455190322, 23.238071647035657 ], [ 77.442310155190327, 23.238079647033338 ], [ 77.44231585519033, 23.238006547054511 ], [ 77.442193155190324, 23.237998547056826 ] ] ] } },
{ "type": "Feature", "properties": { }, "geometry": { "type": "Polygon", "coordinates": [ [ [ 77.44260045519033, 23.236682047438109 ], [ 77.442599655190335, 23.236766747413583 ], [ 77.442728455190334, 23.236767747413293 ], [ 77.442729255190329, 23.236683147437791 ], [ 77.44260045519033, 23.236682047438109 ] ] ] } },
{ "type": "Feature", "properties": { }, "geometry": { "type": "Polygon", "coordinates": [ [ [ 77.443190755190329, 23.236483947495486 ], [ 77.443307355190342, 23.236487447494476 ], [ 77.44330995519033, 23.236414847515498 ], [ 77.443193355190317, 23.236411247516539 ], [ 77.443190755190329, 23.236483947495486 ] ] ] } },
{ "type": "Feature", "properties": { }, "geometry": { "type": "Polygon", "coordinates": [ [ [ 77.443286055190327, 23.236939947363425 ], [ 77.443174455190317, 23.236936647364381 ], [ 77.443169155190333, 23.237084847321459 ], [ 77.443280655190321, 23.237088247320475 ], [ 77.443286055190327, 23.236939947363425 ] ] ] } },
{ "type": "Feature", "properties": { }, "geometry": { "type": "Polygon", "coordinates": [ [ [ 77.443509255190321, 23.237207147286032 ], [ 77.443500655190334, 23.237341147247228 ], [ 77.443591355190321, 23.237346047245811 ], [ 77.443599955190336, 23.237212147284595 ], [ 77.443509255190321, 23.237207147286032 ] ] ] } },
{ "type": "Feature", "properties": { }, "geometry": { "type": "Polygon", "coordinates": [ [ [ 77.443446055190321, 23.236218747572288 ], [ 77.443590855190337, 23.236222447571215 ], [ 77.443593455190324, 23.236136747596042 ], [ 77.443448655190323, 23.236133047597111 ], [ 77.443446055190321, 23.236218747572288 ] ] ] } },
{ "type": "Feature", "properties": { }, "geometry": { "type": "Polygon", "coordinates": [ [ [ 77.442352755190342, 23.238112547023807 ], [ 77.442349255190337, 23.23817574700551 ], [ 77.442464055190328, 23.238180947003997 ], [ 77.442467455190339, 23.238117847022281 ], [ 77.442352755190342, 23.238112547023807 ] ] ] } },
{ "type": "Feature", "properties": { }, "geometry": { "type": "Polygon", "coordinates": [ [ [ 77.44286855519033, 23.236743647420276 ], [ 77.442752255190342, 23.23673634742239 ], [ 77.442746455190331, 23.236815547399448 ], [ 77.442862655190325, 23.236822847397338 ], [ 77.44286855519033, 23.236743647420276 ] ] ] } },
{ "type": "Feature", "properties": { }, "geometry": { "type": "Polygon", "coordinates": [ [ [ 77.442663155190317, 23.237529147192774 ], [ 77.442650055190342, 23.237680347148984 ], [ 77.442750455190321, 23.237687747146843 ], [ 77.442763555190339, 23.237536547190636 ], [ 77.442663155190317, 23.237529147192774 ] ] ] } },
{ "type": "Feature", "properties": { }, "geometry": { "type": "Polygon", "coordinates": [ [ [ 77.443435355190331, 23.236238547566554 ], [ 77.443426955190333, 23.236330347539965 ], [ 77.443587255190323, 23.236342647536411 ], [ 77.443595555190328, 23.236250847562996 ], [ 77.443435355190331, 23.236238547566554 ] ] ] } },
{ "type": "Feature", "properties": { }, "geometry": { "type": "Polygon", "coordinates": [ [ [ 77.442348055190322, 23.23818344700328 ], [ 77.442344255190321, 23.238252746983203 ], [ 77.442458655190322, 23.238257946981701 ], [ 77.442462455190338, 23.23818864700177 ], [ 77.442348055190322, 23.23818344700328 ] ] ] } },
{ "type": "Feature", "properties": { }, "geometry": { "type": "Polygon", "coordinates": [ [ [ 77.442998355190326, 23.237537247190431 ], [ 77.442882055190324, 23.237528747192894 ], [ 77.442869255190317, 23.237675047150525 ], [ 77.442985555190319, 23.237683547148059 ], [ 77.442998355190326, 23.237537247190431 ] ] ] } },
{ "type": "Feature", "properties": { }, "geometry": { "type": "Polygon", "coordinates": [ [ [ 77.443190955190317, 23.236501447490422 ], [ 77.443187855190331, 23.236586847465684 ], [ 77.44330995519033, 23.236590547464612 ], [ 77.443312955190336, 23.236505147489346 ], [ 77.443190955190317, 23.236501447490422 ] ] ] } },
{ "type": "Feature", "properties": { }, "geometry": { "type": "Polygon", "coordinates": [ [ [ 77.442741155190319, 23.237008547343549 ], [ 77.442736355190334, 23.237072947324901 ], [ 77.442849855190317, 23.237080047322848 ], [ 77.442854655190331, 23.237015647341501 ], [ 77.442741155190319, 23.237008547343549 ] ] ] } },
{ "type": "Feature", "properties": { }, "geometry": { "type": "Polygon", "coordinates": [ [ [ 77.443507055190338, 23.237375347237325 ], [ 77.443505355190325, 23.237454847214295 ], [ 77.443573455190318, 23.237456047213943 ], [ 77.443575155190331, 23.237376547236973 ], [ 77.443507055190338, 23.237375347237325 ] ] ] } },
{ "type": "Feature", "properties": { }, "geometry": { "type": "Polygon", "coordinates": [ [ [ 77.443424955190338, 23.236391347522307 ], [ 77.443419555190331, 23.23646314750151 ], [ 77.443571155190341, 23.236472647498758 ], [ 77.443576555190319, 23.236400847519548 ], [ 77.443424955190338, 23.236391347522307 ] ] ] } },
{ "type": "Feature", "properties": { }, "geometry": { "type": "Polygon", "coordinates": [ [ [ 77.443475455190324, 23.237560847183602 ], [ 77.443462955190327, 23.237704447142008 ], [ 77.443644255190321, 23.237717847138125 ], [ 77.443656755190332, 23.237574147179743 ], [ 77.443475455190324, 23.237560847183602 ] ] ] } },
{ "type": "Feature", "properties": { }, "geometry": { "type": "Polygon", "coordinates": [ [ [ 77.443409655190337, 23.237177147294727 ], [ 77.443401355190318, 23.237306947257139 ], [ 77.443484155190319, 23.237311447255827 ], [ 77.443492555190318, 23.237181647293419 ], [ 77.443409655190337, 23.237177147294727 ] ] ] } },
{ "type": "Feature", "properties": { }, "geometry": { "type": "Polygon", "coordinates": [ [ [ 77.44368575519033, 23.237375647237236 ], [ 77.443601855190337, 23.237371147238544 ], [ 77.443594455190322, 23.237488247204631 ], [ 77.443678355190329, 23.237492747203323 ], [ 77.44368575519033, 23.237375647237236 ] ] ] } },
{ "type": "Feature", "properties": { }, "geometry": { "type": "Polygon", "coordinates": [ [ [ 77.442617655190332, 23.238047047042784 ], [ 77.442612355190334, 23.238125247020129 ], [ 77.442749555190332, 23.238133147017844 ], [ 77.44275485519033, 23.238054947040492 ], [ 77.442617655190332, 23.238047047042784 ] ] ] } },
{ "type": "Feature", "properties": { }, "geometry": { "type": "Polygon", "coordinates": [ [ [ 77.443062655190332, 23.237323447252354 ], [ 77.443059955190321, 23.237416447225417 ], [ 77.443142655190343, 23.23741844722484 ], [ 77.443145255190331, 23.237325447251774 ], [ 77.443062655190332, 23.237323447252354 ] ] ] } },
{ "type": "Feature", "properties": { }, "geometry": { "type": "Polygon", "coordinates": [ [ [ 77.442866755190323, 23.237541647189161 ], [ 77.442769355190322, 23.237534547191213 ], [ 77.442757455190318, 23.237671347151597 ], [ 77.442854855190319, 23.237678547149503 ], [ 77.442866755190323, 23.237541647189161 ] ] ] } },
{ "type": "Feature", "properties": { }, "geometry": { "type": "Polygon", "coordinates": [ [ [ 77.443700155190328, 23.237997647057089 ], [ 77.44369635519034, 23.238087547031057 ], [ 77.443848555190343, 23.238093147029435 ], [ 77.44385235519033, 23.238003147055494 ], [ 77.443700155190328, 23.237997647057089 ] ] ] } },
{ "type": "Feature", "properties": { }, "geometry": { "type": "Polygon", "coordinates": [ [ [ 77.44342395519034, 23.236510547487779 ], [ 77.443419855190328, 23.236647347448166 ], [ 77.443556155190322, 23.236650747447179 ], [ 77.443560155190326, 23.236513947486795 ], [ 77.44342395519034, 23.236510547487779 ] ] ] } },
{ "type": "Feature", "properties": { }, "geometry": { "type": "Polygon", "coordinates": [ [ [ 77.443212655190322, 23.237741747131203 ], [ 77.44320415519033, 23.237869147094308 ], [ 77.443310555190322, 23.237875147092566 ], [ 77.443319155190323, 23.237747747129465 ], [ 77.443212655190322, 23.237741747131203 ] ] ] } },
{ "type": "Feature", "properties": { }, "geometry": { "type": "Polygon", "coordinates": [ [ [ 77.443034955190342, 23.236314347544607 ], [ 77.44315435519033, 23.236321847542435 ], [ 77.44316465519033, 23.236182147582891 ], [ 77.443045255190341, 23.236174647585059 ], [ 77.443034955190342, 23.236314347544607 ] ] ] } },
{ "type": "Feature", "properties": { }, "geometry": { "type": "Polygon", "coordinates": [ [ [ 77.442743455190325, 23.236910147372058 ], [ 77.442737855190316, 23.236986647349905 ], [ 77.442854755190339, 23.236993947347784 ], [ 77.442860455190328, 23.236917447369937 ], [ 77.442743455190325, 23.236910147372058 ] ] ] } },
{ "type": "Feature", "properties": { }, "geometry": { "type": "Polygon", "coordinates": [ [ [ 77.443257955190333, 23.237344847246156 ], [ 77.443257255190318, 23.237441547218147 ], [ 77.443372555190322, 23.237442247217945 ], [ 77.443373255190338, 23.237345547245955 ], [ 77.443257955190333, 23.237344847246156 ] ] ] } },
{ "type": "Feature", "properties": { }, "geometry": { "type": "Polygon", "coordinates": [ [ [ 77.44251165519033, 23.237694547144876 ], [ 77.442394555190319, 23.237686847147106 ], [ 77.44238455519033, 23.237816847109457 ], [ 77.442501555190333, 23.237824547107223 ], [ 77.44251165519033, 23.237694547144876 ] ] ] } },
{ "type": "Feature", "properties": { }, "geometry": { "type": "Polygon", "coordinates": [ [ [ 77.44275205519034, 23.23666454744318 ], [ 77.442751455190319, 23.2367349474228 ], [ 77.442885255190319, 23.236735847422533 ], [ 77.442885755190318, 23.236665547442893 ], [ 77.44275205519034, 23.23666454744318 ] ] ] } },
{ "type": "Feature", "properties": { }, "geometry": { "type": "Polygon", "coordinates": [ [ [ 77.442379555190342, 23.236973547353699 ], [ 77.442376155190331, 23.237074447324471 ], [ 77.442495755190322, 23.237077847323487 ], [ 77.442499155190333, 23.236977047352678 ], [ 77.442379555190342, 23.236973547353699 ] ] ] } },
{ "type": "Feature", "properties": { }, "geometry": { "type": "Polygon", "coordinates": [ [ [ 77.443412555190335, 23.236656547445502 ], [ 77.44341295519034, 23.236740647421147 ], [ 77.443568455190331, 23.236740047421318 ], [ 77.44356805519034, 23.236655947445676 ], [ 77.443412555190335, 23.236656547445502 ] ] ] } },
{ "type": "Feature", "properties": { }, "geometry": { "type": "Polygon", "coordinates": [ [ [ 77.443199355190316, 23.237734947133177 ], [ 77.443088355190326, 23.237728647135004 ], [ 77.443079255190327, 23.237863347095985 ], [ 77.443190255190316, 23.237869647094165 ], [ 77.443199355190316, 23.237734947133177 ] ] ] } },
{ "type": "Feature", "properties": { }, "geometry": { "type": "Polygon", "coordinates": [ [ [ 77.443751155190327, 23.238714846849366 ], [ 77.443767355190332, 23.238790546827438 ], [ 77.443938255190332, 23.238759746836362 ], [ 77.443922155190336, 23.238684046858285 ], [ 77.443751155190327, 23.238714846849366 ] ] ] } },
{ "type": "Feature", "properties": { }, "geometry": { "type": "Polygon", "coordinates": [ [ [ 77.443616955190322, 23.236236547567138 ], [ 77.443797555190329, 23.236250847562996 ], [ 77.443807055190334, 23.236149247592415 ], [ 77.443626455190326, 23.236134947596565 ], [ 77.443616955190322, 23.236236547567138 ] ] ] } },
{ "type": "Feature", "properties": { }, "geometry": { "type": "Polygon", "coordinates": [ [ [ 77.442356555190329, 23.238022247049965 ], [ 77.44235255519034, 23.238096147028564 ], [ 77.442468755190319, 23.238101447027034 ], [ 77.442472755190337, 23.238027547048429 ], [ 77.442356555190329, 23.238022247049965 ] ] ] } },
{ "type": "Feature", "properties": { }, "geometry": { "type": "Polygon", "coordinates": [ [ [ 77.443329955190336, 23.237739347131896 ], [ 77.443320855190322, 23.237873547093027 ], [ 77.443433955190329, 23.23787994709118 ], [ 77.443442955190321, 23.237745747130045 ], [ 77.443329955190336, 23.237739347131896 ] ] ] } },
{ "type": "Feature", "properties": { }, "geometry": { "type": "Polygon", "coordinates": [ [ [ 77.443204355190332, 23.236301047548451 ], [ 77.443313855190326, 23.236304347547502 ], [ 77.443318255190334, 23.236180447583383 ], [ 77.443208855190335, 23.23617704758437 ], [ 77.443204355190332, 23.236301047548451 ] ] ] } },
{ "type": "Feature", "properties": { }, "geometry": { "type": "Polygon", "coordinates": [ [ [ 77.442598255190319, 23.236863247385635 ], [ 77.442597655190326, 23.236924147367993 ], [ 77.442719655190331, 23.236925047367738 ], [ 77.442720255190338, 23.236864247385345 ], [ 77.442598255190319, 23.236863247385635 ] ] ] } },
{ "type": "Feature", "properties": { }, "geometry": { "type": "Polygon", "coordinates": [ [ [ 77.442794555190332, 23.237950647070701 ], [ 77.442786955190329, 23.238041547044379 ], [ 77.442942755190316, 23.238052647041162 ], [ 77.44295035519032, 23.237961747067487 ], [ 77.442794555190332, 23.237950647070701 ] ] ] } },
{ "type": "Feature", "properties": { }, "geometry": { "type": "Polygon", "coordinates": [ [ [ 77.443733055190322, 23.238634146872744 ], [ 77.44374655519033, 23.238707146851599 ], [ 77.443908155190329, 23.238681846858928 ], [ 77.44389465519032, 23.238608846880069 ], [ 77.443733055190322, 23.238634146872744 ] ] ] } },
{ "type": "Feature", "properties": { }, "geometry": { "type": "Polygon", "coordinates": [ [ [ 77.443589555190329, 23.236589447464933 ], [ 77.443588055190318, 23.236680847438461 ], [ 77.443769755190331, 23.236683247437771 ], [ 77.443771255190327, 23.236591847464236 ], [ 77.443589555190329, 23.236589447464933 ] ] ] } },
{ "type": "Feature", "properties": { }, "geometry": { "type": "Polygon", "coordinates": [ [ [ 77.442605955190331, 23.236615247457458 ], [ 77.442605455190318, 23.236677347439475 ], [ 77.442732155190328, 23.236678347439188 ], [ 77.44273275519032, 23.236616247457167 ], [ 77.442605955190331, 23.236615247457458 ] ] ] } },
{ "type": "Feature", "properties": { }, "geometry": { "type": "Polygon", "coordinates": [ [ [ 77.443011655190332, 23.237529247192747 ], [ 77.443000655190318, 23.237656147155999 ], [ 77.443079955190328, 23.237662047154288 ], [ 77.443090955190343, 23.237535147191046 ], [ 77.443011655190332, 23.237529247192747 ] ] ] } },
{ "type": "Feature", "properties": { }, "geometry": { "type": "Polygon", "coordinates": [ [ [ 77.443710255190325, 23.238541746899497 ], [ 77.443865155190338, 23.238520146905756 ], [ 77.443851055190322, 23.238434746930487 ], [ 77.443696155190324, 23.238456346924234 ], [ 77.443710255190325, 23.238541746899497 ] ] ] } },
{ "type": "Feature", "properties": { }, "geometry": { "type": "Polygon", "coordinates": [ [ [ 77.442974955190337, 23.237290947261766 ], [ 77.442970255190332, 23.237414747225909 ], [ 77.443048055190332, 23.237417247225192 ], [ 77.443052755190337, 23.237293447261042 ], [ 77.442974955190337, 23.237290947261766 ] ] ] } },
{ "type": "Feature", "properties": { }, "geometry": { "type": "Polygon", "coordinates": [ [ [ 77.442640855190319, 23.23772584713581 ], [ 77.442631855190328, 23.237860147096917 ], [ 77.44273385519034, 23.23786594709523 ], [ 77.442742855190318, 23.23773164713413 ], [ 77.442640855190319, 23.23772584713581 ] ] ] } },
{ "type": "Feature", "properties": { }, "geometry": { "type": "Polygon", "coordinates": [ [ [ 77.442745955190333, 23.236516547486044 ], [ 77.442619655190327, 23.236513147487031 ], [ 77.442616755190315, 23.236606947459862 ], [ 77.44274295519034, 23.236610347458875 ], [ 77.442745955190333, 23.236516547486044 ] ] ] } },
{ "type": "Feature", "properties": { }, "geometry": { "type": "Polygon", "coordinates": [ [ [ 77.442373455190321, 23.237940647073597 ], [ 77.442369655190319, 23.238012547052779 ], [ 77.442480755190331, 23.238017647051297 ], [ 77.442484655190327, 23.237945747072128 ], [ 77.442373455190321, 23.237940647073597 ] ] ] } },
{ "type": "Feature", "properties": { }, "geometry": { "type": "Polygon", "coordinates": [ [ [ 77.443779255190321, 23.23654034747916 ], [ 77.44378485519033, 23.236415147515412 ], [ 77.443610655190341, 23.236408447517359 ], [ 77.443604255190337, 23.236550047476342 ], [ 77.44372565519032, 23.236554647475018 ], [ 77.443726355190336, 23.236538247479761 ], [ 77.443779255190321, 23.23654034747916 ] ] ] } },
{ "type": "Feature", "properties": { }, "geometry": { "type": "Polygon", "coordinates": [ [ [ 77.442318555190326, 23.237920247079508 ], [ 77.442248855190329, 23.237915947080754 ], [ 77.442250255190316, 23.237896547086372 ], [ 77.442198055190332, 23.237893347087297 ], [ 77.442190455190342, 23.23799604705755 ], [ 77.442312455190319, 23.238003547055378 ], [ 77.442318555190326, 23.237920247079508 ] ] ] } },
{ "type": "Feature", "properties": { }, "geometry": { "type": "Polygon", "coordinates": [ [ [ 77.443023255190326, 23.236327547540782 ], [ 77.443012855190332, 23.236467547500236 ], [ 77.44312755519033, 23.236474747498153 ], [ 77.443131355190317, 23.236422447513295 ], [ 77.443148655190342, 23.236423547512981 ], [ 77.443152355190335, 23.23637314752758 ], [ 77.44313035519032, 23.236371847527955 ], [ 77.443133155190338, 23.236334447538781 ], [ 77.443023255190326, 23.236327547540782 ] ] ] } },
{ "type": "Feature", "properties": { }, "geometry": { "type": "Polygon", "coordinates": [ [ [ 77.443704655190317, 23.237574247179712 ], [ 77.443703055190326, 23.23771374713931 ], [ 77.443758955190319, 23.237714347139143 ], [ 77.443758855190339, 23.237730947134335 ], [ 77.443793955190316, 23.237731347134215 ], [ 77.443794455190329, 23.237690847145949 ], [ 77.443789655190315, 23.237690847145949 ], [ 77.443790955190323, 23.23757504717948 ], [ 77.443704655190317, 23.237574247179712 ] ] ] } },
{ "type": "Feature", "properties": { }, "geometry": { "type": "Polygon", "coordinates": [ [ [ 77.438599855190333, 23.238803946823563 ], [ 77.43875005519034, 23.238819346819099 ], [ 77.438759755190318, 23.238740046842068 ], [ 77.43860955519034, 23.238724546846562 ], [ 77.438599855190333, 23.238803946823563 ] ] ] } },
{ "type": "Feature", "properties": { }, "geometry": { "type": "Polygon", "coordinates": [ [ [ 77.43838415519032, 23.23909324673977 ], [ 77.43853295519034, 23.239114846733511 ], [ 77.438556755190319, 23.23897674677351 ], [ 77.438407955190328, 23.238955046779797 ], [ 77.43838415519032, 23.23909324673977 ] ] ] } },
{ "type": "Feature", "properties": { }, "geometry": { "type": "Polygon", "coordinates": [ [ [ 77.439040255190321, 23.238662146864634 ], [ 77.439095655190329, 23.238680546859307 ], [ 77.439140355190332, 23.238567346892086 ], [ 77.439084855190316, 23.238548846897448 ], [ 77.439040255190321, 23.238662146864634 ] ] ] } },
{ "type": "Feature", "properties": { }, "geometry": { "type": "Polygon", "coordinates": [ [ [ 77.438539855190342, 23.238490746914277 ], [ 77.438572255190323, 23.238388846943781 ], [ 77.438500655190339, 23.238369546949379 ], [ 77.438468155190336, 23.23847154691984 ], [ 77.438539855190342, 23.238490746914277 ] ] ] } },
{ "type": "Feature", "properties": { }, "geometry": { "type": "Polygon", "coordinates": [ [ [ 77.438166155190316, 23.238668146862892 ], [ 77.438146455190321, 23.238788346828077 ], [ 77.43830325519032, 23.238810046821794 ], [ 77.43832295519033, 23.238689846856609 ], [ 77.438166155190316, 23.238668146862892 ] ] ] } },
{ "type": "Feature", "properties": { }, "geometry": { "type": "Polygon", "coordinates": [ [ [ 77.438198755190342, 23.238560146894176 ], [ 77.438347555190319, 23.238580446888296 ], [ 77.438370155190341, 23.238441246928609 ], [ 77.438221255190342, 23.23842084693452 ], [ 77.438198755190342, 23.238560146894176 ] ] ] } },
{ "type": "Feature", "properties": { }, "geometry": { "type": "Polygon", "coordinates": [ [ [ 77.438970355190335, 23.238472546919546 ], [ 77.439049655190331, 23.238501646911111 ], [ 77.439104155190336, 23.23837654694735 ], [ 77.439024855190326, 23.238347346955802 ], [ 77.438970355190335, 23.238472546919546 ] ] ] } },
{ "type": "Feature", "properties": { }, "geometry": { "type": "Polygon", "coordinates": [ [ [ 77.438488255190336, 23.238337946958527 ], [ 77.438597155190322, 23.238366146950362 ], [ 77.438640255190336, 23.238225546991078 ], [ 77.438531355190335, 23.238197346999254 ], [ 77.438488255190336, 23.238337946958527 ] ] ] } },
{ "type": "Feature", "properties": { }, "geometry": { "type": "Polygon", "coordinates": [ [ [ 77.438101455190321, 23.238987046770532 ], [ 77.438087855190318, 23.2390672467473 ], [ 77.438257255190337, 23.239091446740289 ], [ 77.438270855190339, 23.239011246763514 ], [ 77.438101455190321, 23.238987046770532 ] ] ] } },
{ "type": "Feature", "properties": { }, "geometry": { "type": "Polygon", "coordinates": [ [ [ 77.439099655190319, 23.238686446857589 ], [ 77.439139455190343, 23.238698846854 ], [ 77.439181355190328, 23.238585346886872 ], [ 77.439141455190338, 23.238572946890468 ], [ 77.439099655190319, 23.238686446857589 ] ] ] } },
{ "type": "Feature", "properties": { }, "geometry": { "type": "Polygon", "coordinates": [ [ [ 77.439054055190326, 23.238510746908482 ], [ 77.439154355190325, 23.238547646897793 ], [ 77.439213255190325, 23.238412546936917 ], [ 77.439112855190331, 23.238375546947641 ], [ 77.439054055190326, 23.238510746908482 ] ] ] } },
{ "type": "Feature", "properties": { }, "geometry": { "type": "Polygon", "coordinates": [ [ [ 77.436420755190341, 23.242028745889474 ], [ 77.436404555190322, 23.242124845861632 ], [ 77.436538655190333, 23.2421439458561 ], [ 77.436554855190323, 23.242047845883942 ], [ 77.436420755190341, 23.242028745889474 ] ] ] } },
{ "type": "Feature", "properties": { }, "geometry": { "type": "Polygon", "coordinates": [ [ [ 77.439169255190336, 23.238543046899125 ], [ 77.439276955190337, 23.238582546887681 ], [ 77.439331855190318, 23.238456146924296 ], [ 77.439224155190317, 23.238416646935736 ], [ 77.439169255190336, 23.238543046899125 ] ] ] } },
{ "type": "Feature", "properties": { }, "geometry": { "type": "Polygon", "coordinates": [ [ [ 77.439196455190341, 23.238725946846152 ], [ 77.439243055190317, 23.238599746882706 ], [ 77.43918915519032, 23.238582946887572 ], [ 77.439142655190324, 23.238709146851022 ], [ 77.439196455190341, 23.238725946846152 ] ] ] } },
{ "type": "Feature", "properties": { }, "geometry": { "type": "Polygon", "coordinates": [ [ [ 77.436444655190328, 23.24193644591621 ], [ 77.436428855190329, 23.242027245889908 ], [ 77.436558255190334, 23.242046245884403 ], [ 77.436574055190334, 23.241955445910708 ], [ 77.436444655190328, 23.24193644591621 ] ] ] } },
{ "type": "Feature", "properties": { }, "geometry": { "type": "Polygon", "coordinates": [ [ [ 77.439295755190315, 23.238580746888207 ], [ 77.439372255190335, 23.238605746880967 ], [ 77.439425155190321, 23.238468946920587 ], [ 77.439348755190323, 23.238443946927827 ], [ 77.439295755190315, 23.238580746888207 ] ] ] } },
{ "type": "Feature", "properties": { }, "geometry": { "type": "Polygon", "coordinates": [ [ [ 77.438424555190323, 23.238855746808554 ], [ 77.438569355190324, 23.238874546803114 ], [ 77.438579455190336, 23.238808646822193 ], [ 77.438434655190321, 23.23878984682764 ], [ 77.438424555190323, 23.238855746808554 ] ] ] } },
{ "type": "Feature", "properties": { }, "geometry": { "type": "Polygon", "coordinates": [ [ [ 77.436465955190343, 23.241823445948945 ], [ 77.43644725519033, 23.241933345917111 ], [ 77.436575355190342, 23.241951745911784 ], [ 77.436593955190318, 23.241841845943618 ], [ 77.436465955190343, 23.241823445948945 ] ] ] } },
{ "type": "Feature", "properties": { }, "geometry": { "type": "Polygon", "coordinates": [ [ [ 77.438171255190341, 23.238659646865354 ], [ 77.438328055190325, 23.238681346859074 ], [ 77.438344255190316, 23.238582646887654 ], [ 77.438187355190323, 23.238560946893944 ], [ 77.438171255190341, 23.238659646865354 ] ] ] } },
{ "type": "Feature", "properties": { }, "geometry": { "type": "Polygon", "coordinates": [ [ [ 77.438566155190315, 23.239055046750828 ], [ 77.438557855190325, 23.239134846727715 ], [ 77.43868575519032, 23.239146046724478 ], [ 77.438694055190339, 23.239066246747583 ], [ 77.438566155190315, 23.239055046750828 ] ] ] } },
{ "type": "Feature", "properties": { }, "geometry": { "type": "Polygon", "coordinates": [ [ [ 77.438608855190324, 23.238719546848003 ], [ 77.438771855190339, 23.238737146842904 ], [ 77.438781655190326, 23.238660146865207 ], [ 77.438618655190325, 23.238642546870302 ], [ 77.438608855190324, 23.238719546848003 ] ] ] } },
{ "type": "Feature", "properties": { }, "geometry": { "type": "Polygon", "coordinates": [ [ [ 77.438872655190323, 23.238599946882644 ], [ 77.438937155190331, 23.238619946876856 ], [ 77.438979355190327, 23.238505346910042 ], [ 77.438914855190319, 23.238485346915841 ], [ 77.438872655190323, 23.238599946882644 ] ] ] } },
{ "type": "Feature", "properties": { }, "geometry": { "type": "Polygon", "coordinates": [ [ [ 77.438504255190324, 23.23932404667292 ], [ 77.438639755190323, 23.2393465466664 ], [ 77.438659255190316, 23.239247546695076 ], [ 77.438523755190332, 23.239225046701591 ], [ 77.438504255190324, 23.23932404667292 ] ] ] } },
{ "type": "Feature", "properties": { }, "geometry": { "type": "Polygon", "coordinates": [ [ [ 77.438983355190317, 23.238616046877986 ], [ 77.439020555190339, 23.238511746908191 ], [ 77.438982355190319, 23.238500246911524 ], [ 77.438945155190325, 23.238604546881319 ], [ 77.438983355190317, 23.238616046877986 ] ] ] } },
{ "type": "Feature", "properties": { }, "geometry": { "type": "Polygon", "coordinates": [ [ [ 77.438271455190332, 23.238176447005305 ], [ 77.438397155190316, 23.238194447000094 ], [ 77.438408555190335, 23.238126847019668 ], [ 77.438282955190331, 23.238108847024883 ], [ 77.438271455190332, 23.238176447005305 ] ] ] } },
{ "type": "Feature", "properties": { }, "geometry": { "type": "Polygon", "coordinates": [ [ [ 77.438727355190338, 23.238552746896314 ], [ 77.438805255190317, 23.238575946889593 ], [ 77.438847355190333, 23.238456746924122 ], [ 77.438769555190333, 23.238433446930866 ], [ 77.438727355190338, 23.238552746896314 ] ] ] } },
{ "type": "Feature", "properties": { }, "geometry": { "type": "Polygon", "coordinates": [ [ [ 77.438979555190329, 23.238632246873287 ], [ 77.439038555190336, 23.238651846867615 ], [ 77.439081455190319, 23.238542946899155 ], [ 77.43902255519032, 23.238523246904862 ], [ 77.438979555190329, 23.238632246873287 ] ] ] } },
{ "type": "Feature", "properties": { }, "geometry": { "type": "Polygon", "coordinates": [ [ [ 77.438555155190329, 23.238491446914068 ], [ 77.438640355190316, 23.238514346907433 ], [ 77.438676455190333, 23.238400846940316 ], [ 77.438591255190332, 23.238377946946944 ], [ 77.438555155190329, 23.238491446914068 ] ] ] } },
{ "type": "Feature", "properties": { }, "geometry": { "type": "Polygon", "coordinates": [ [ [ 77.438807955190327, 23.238584346887166 ], [ 77.438867155190337, 23.238600846882385 ], [ 77.438905655190339, 23.238484246916155 ], [ 77.438846555190338, 23.238467746920939 ], [ 77.438807955190327, 23.238584346887166 ] ] ] } },
{ "type": "Feature", "properties": { }, "geometry": { "type": "Polygon", "coordinates": [ [ [ 77.438753655190325, 23.238398046941118 ], [ 77.438831955190338, 23.238418346935234 ], [ 77.438868555190325, 23.238298846969851 ], [ 77.438790355190335, 23.238278546975735 ], [ 77.438753655190325, 23.238398046941118 ] ] ] } },
{ "type": "Feature", "properties": { }, "geometry": { "type": "Polygon", "coordinates": [ [ [ 77.438455055190317, 23.238692746855769 ], [ 77.438584255190335, 23.238709546850899 ], [ 77.438597855190338, 23.23862074687662 ], [ 77.43846865519032, 23.23860394688149 ], [ 77.438455055190317, 23.238692746855769 ] ] ] } },
{ "type": "Feature", "properties": { }, "geometry": { "type": "Polygon", "coordinates": [ [ [ 77.438227355190335, 23.238417346935531 ], [ 77.438379355190335, 23.238439146929217 ], [ 77.438392355190331, 23.238362546951407 ], [ 77.438240355190331, 23.238340746957714 ], [ 77.438227355190335, 23.238417346935531 ] ] ] } },
{ "type": "Feature", "properties": { }, "geometry": { "type": "Polygon", "coordinates": [ [ [ 77.438241455190322, 23.238338546958357 ], [ 77.438394655190336, 23.238360446952015 ], [ 77.438407055190325, 23.238286746973355 ], [ 77.438253955190333, 23.2382648469797 ], [ 77.438241455190322, 23.238338546958357 ] ] ] } },
{ "type": "Feature", "properties": { }, "geometry": { "type": "Polygon", "coordinates": [ [ [ 77.438107055190315, 23.23922284670223 ], [ 77.438220855190323, 23.239238446697712 ], [ 77.438230455190322, 23.239179246714851 ], [ 77.438116555190334, 23.239163746719345 ], [ 77.438107055190315, 23.23922284670223 ] ] ] } },
{ "type": "Feature", "properties": { }, "geometry": { "type": "Polygon", "coordinates": [ [ [ 77.439262255190329, 23.238708046851336 ], [ 77.439299055190318, 23.238608046880298 ], [ 77.439249155190339, 23.238592546884782 ], [ 77.439212255190341, 23.238692446855854 ], [ 77.439262255190329, 23.238708046851336 ] ] ] } },
{ "type": "Feature", "properties": { }, "geometry": { "type": "Polygon", "coordinates": [ [ [ 77.438076055190336, 23.238255846982305 ], [ 77.438223755190322, 23.238278846975646 ], [ 77.438242155190338, 23.238179047004547 ], [ 77.438094455190324, 23.238156047011216 ], [ 77.438076055190336, 23.238255846982305 ] ] ] } },
{ "type": "Feature", "properties": { }, "geometry": { "type": "Polygon", "coordinates": [ [ [ 77.439262255190329, 23.238722246847221 ], [ 77.439351755190316, 23.238750046839169 ], [ 77.439394355190316, 23.238634746872563 ], [ 77.439304755190335, 23.238606846880646 ], [ 77.439262255190329, 23.238722246847221 ] ] ] } },
{ "type": "Feature", "properties": { }, "geometry": { "type": "Polygon", "coordinates": [ [ [ 77.438337655190324, 23.239295746681112 ], [ 77.438496155190336, 23.239319746674159 ], [ 77.438512655190323, 23.239228146700693 ], [ 77.438354155190325, 23.239204146707642 ], [ 77.438337655190324, 23.239295746681112 ] ] ] } },
{ "type": "Feature", "properties": { }, "geometry": { "type": "Polygon", "coordinates": [ [ [ 77.438578855190329, 23.238876946802417 ], [ 77.43873705519033, 23.238895846796943 ], [ 77.438747255190322, 23.238823146818 ], [ 77.43858905519032, 23.23880424682347 ], [ 77.438578855190329, 23.238876946802417 ] ] ] } },
{ "type": "Feature", "properties": { }, "geometry": { "type": "Polygon", "coordinates": [ [ [ 77.438116055190321, 23.238896446796769 ], [ 77.438101355190341, 23.238983546771539 ], [ 77.438267655190316, 23.239007346764648 ], [ 77.438282355190339, 23.238920246789874 ], [ 77.438116055190321, 23.238896446796769 ] ] ] } },
{ "type": "Feature", "properties": { }, "geometry": { "type": "Polygon", "coordinates": [ [ [ 77.438622855190317, 23.238371246948883 ], [ 77.438735755190336, 23.238400446940428 ], [ 77.438780055190335, 23.238255746982336 ], [ 77.438667255190339, 23.238226446990819 ], [ 77.438622855190317, 23.238371246948883 ] ] ] } },
{ "type": "Feature", "properties": { }, "geometry": { "type": "Polygon", "coordinates": [ [ [ 77.43796455519032, 23.238817246819711 ], [ 77.438116355190331, 23.238834946814585 ], [ 77.438128955190336, 23.238743546841047 ], [ 77.437977155190325, 23.238725846846179 ], [ 77.43796455519032, 23.238817246819711 ] ] ] } },
{ "type": "Feature", "properties": { }, "geometry": { "type": "Polygon", "coordinates": [ [ [ 77.43814445519034, 23.238790046827589 ], [ 77.438126355190334, 23.238890246798565 ], [ 77.438285555190319, 23.238914646791496 ], [ 77.438303655190325, 23.238814446820513 ], [ 77.43814445519034, 23.238790046827589 ] ] ] } },
{ "type": "Feature", "properties": { }, "geometry": { "type": "Polygon", "coordinates": [ [ [ 77.438082055190335, 23.238146847013876 ], [ 77.438243555190326, 23.238172647006405 ], [ 77.438268755190336, 23.238039047045103 ], [ 77.438107255190317, 23.238013247052574 ], [ 77.438082055190335, 23.238146847013876 ] ] ] } },
{ "type": "Feature", "properties": { }, "geometry": { "type": "Polygon", "coordinates": [ [ [ 77.437936055190335, 23.239019646761079 ], [ 77.437916255190331, 23.239163946719287 ], [ 77.438056655190337, 23.239180146714599 ], [ 77.438076455190341, 23.239035846756394 ], [ 77.437936055190335, 23.239019646761079 ] ] ] } },
{ "type": "Feature", "properties": { }, "geometry": { "type": "Polygon", "coordinates": [ [ [ 77.438409155190328, 23.238948146781787 ], [ 77.43856095519034, 23.238967846776092 ], [ 77.438574755190331, 23.238878146802069 ], [ 77.438422855190339, 23.238858446807779 ], [ 77.438409155190328, 23.238948146781787 ] ] ] } },
{ "type": "Feature", "properties": { }, "geometry": { "type": "Polygon", "coordinates": [ [ [ 77.437935555190336, 23.239014846762476 ], [ 77.438075655190332, 23.239033646757026 ], [ 77.43809275519034, 23.238926446788081 ], [ 77.43795265519033, 23.238907646793521 ], [ 77.437935555190336, 23.239014846762476 ] ] ] } },
{ "type": "Feature", "properties": { }, "geometry": { "type": "Polygon", "coordinates": [ [ [ 77.438049055190334, 23.238365846950447 ], [ 77.438029555190326, 23.238479646917494 ], [ 77.438201555190318, 23.238504546910274 ], [ 77.43822105519034, 23.238390746943242 ], [ 77.438049055190334, 23.238365846950447 ] ] ] } },
{ "type": "Feature", "properties": { }, "geometry": { "type": "Polygon", "coordinates": [ [ [ 77.438253555190343, 23.238259646981209 ], [ 77.438417655190335, 23.238283146974403 ], [ 77.438431055190335, 23.238204446997194 ], [ 77.438266855190321, 23.238180947003997 ], [ 77.438253555190343, 23.238259646981209 ] ] ] } },
{ "type": "Feature", "properties": { }, "geometry": { "type": "Polygon", "coordinates": [ [ [ 77.43659925519033, 23.241978345904069 ], [ 77.436723155190336, 23.241996445898831 ], [ 77.436744055190317, 23.241875845933762 ], [ 77.436620155190326, 23.241857745939008 ], [ 77.43659925519033, 23.241978345904069 ] ] ] } },
{ "type": "Feature", "properties": { }, "geometry": { "type": "Polygon", "coordinates": [ [ [ 77.438649955190343, 23.238517046906662 ], [ 77.43872485519033, 23.238537146900835 ], [ 77.438761155190335, 23.2384233469338 ], [ 77.438686255190319, 23.238403246939619 ], [ 77.438649955190343, 23.238517046906662 ] ] ] } },
{ "type": "Feature", "properties": { }, "geometry": { "type": "Polygon", "coordinates": [ [ [ 77.437989955190332, 23.23867564686072 ], [ 77.438151655190339, 23.238696446854693 ], [ 77.438164855190337, 23.238609446879892 ], [ 77.43800315519033, 23.238588646885919 ], [ 77.437989955190332, 23.23867564686072 ] ] ] } },
{ "type": "Feature", "properties": { }, "geometry": { "type": "Polygon", "coordinates": [ [ [ 77.438432555190317, 23.238780846830252 ], [ 77.438590455190337, 23.238801346824314 ], [ 77.438603555190326, 23.238716246848956 ], [ 77.438445655190336, 23.238695746854898 ], [ 77.438432555190317, 23.238780846830252 ] ] ] } },
{ "type": "Feature", "properties": { }, "geometry": { "type": "Polygon", "coordinates": [ [ [ 77.438073855190325, 23.239154846721924 ], [ 77.438244055190339, 23.239179246714851 ], [ 77.438258455190336, 23.239094346739449 ], [ 77.438088255190323, 23.239069946746511 ], [ 77.438073855190325, 23.239154846721924 ] ] ] } },
{ "type": "Feature", "properties": { }, "geometry": { "type": "Polygon", "coordinates": [ [ [ 77.437957555190323, 23.238905746794075 ], [ 77.438106755190333, 23.23892274678915 ], [ 77.438117555190331, 23.23884284681229 ], [ 77.437968355190336, 23.238825846817221 ], [ 77.437957555190323, 23.238905746794075 ] ] ] } },
{ "type": "Feature", "properties": { }, "geometry": { "type": "Polygon", "coordinates": [ [ [ 77.438353255190336, 23.23920064670866 ], [ 77.438516555190319, 23.239225046701591 ], [ 77.438535055190343, 23.23912024673194 ], [ 77.438371755190332, 23.239095946738985 ], [ 77.438353255190336, 23.23920064670866 ] ] ] } },
{ "type": "Feature", "properties": { }, "geometry": { "type": "Polygon", "coordinates": [ [ [ 77.438529955190319, 23.239216946703934 ], [ 77.438670155190337, 23.239240346697159 ], [ 77.438686555190316, 23.239157546721142 ], [ 77.43854635519034, 23.23913414672792 ], [ 77.438529955190319, 23.239216946703934 ] ] ] } },
{ "type": "Feature", "properties": { }, "geometry": { "type": "Polygon", "coordinates": [ [ [ 77.438569655190335, 23.238970546775306 ], [ 77.438560855190318, 23.239050246752225 ], [ 77.438706555190336, 23.239063846748277 ], [ 77.438715355190325, 23.238984146771369 ], [ 77.438569655190335, 23.238970546775306 ] ] ] } },
{ "type": "Feature", "properties": { }, "geometry": { "type": "Polygon", "coordinates": [ [ [ 77.436581855190326, 23.242059345880612 ], [ 77.436706755190343, 23.242077645875305 ], [ 77.436720355190317, 23.241999045898076 ], [ 77.436595455190329, 23.241980745903376 ], [ 77.436581855190326, 23.242059345880612 ] ] ] } },
{ "type": "Feature", "properties": { }, "geometry": { "type": "Polygon", "coordinates": [ [ [ 77.438013155190319, 23.238586246886612 ], [ 77.438163155190338, 23.238605146881135 ], [ 77.438175855190337, 23.238519746905872 ], [ 77.438025955190341, 23.23850084691135 ], [ 77.438013155190319, 23.238586246886612 ] ] ] } },
{ "type": "Feature", "properties": { }, "geometry": { "type": "Polygon", "coordinates": [ [ [ 77.438848155190328, 23.238448546926499 ], [ 77.43894705519034, 23.238474146919089 ], [ 77.438986255190315, 23.23834624695612 ], [ 77.438887355190332, 23.23832064696354 ], [ 77.438848155190328, 23.238448546926499 ] ] ] } },
{ "type": "Feature", "properties": { }, "geometry": { "type": "Polygon", "coordinates": [ [ [ 77.43805175519033, 23.238358846952476 ], [ 77.438219555190329, 23.238383846945236 ], [ 77.438237155190322, 23.238284146974113 ], [ 77.43806945519033, 23.238259046981387 ], [ 77.43805175519033, 23.238358846952476 ] ] ] } },
{ "type": "Feature", "properties": { }, "geometry": { "type": "Polygon", "coordinates": [ [ [ 77.438585455190335, 23.238882946800679 ], [ 77.438573655190325, 23.238964046777188 ], [ 77.438728555190337, 23.238983046771686 ], [ 77.438740355190333, 23.238901846795205 ], [ 77.438585455190335, 23.238882946800679 ] ] ] } },
{ "type": "Feature", "properties": { }, "geometry": { "type": "Polygon", "coordinates": [ [ [ 77.42959685519034, 23.234365748108917 ], [ 77.429567855190342, 23.234371848107145 ], [ 77.429543255190339, 23.234387148102719 ], [ 77.429526355190333, 23.234409548096224 ], [ 77.429519355190322, 23.234436148088527 ], [ 77.429523255190318, 23.234463148080707 ], [ 77.429537555190336, 23.234487148073761 ], [ 77.429560255190339, 23.23450464806869 ], [ 77.429588355190333, 23.234513548066108 ], [ 77.429618055190332, 23.234512448066429 ], [ 77.429645355190317, 23.234501548069588 ], [ 77.429666455190329, 23.234482348075147 ], [ 77.429678655190315, 23.23445744808236 ], [ 77.429680155190326, 23.234430248090231 ], [ 77.429670855190324, 23.234404248097761 ], [ 77.429652055190317, 23.234383148103877 ], [ 77.42962615519032, 23.234369748107749 ], [ 77.42959685519034, 23.234365748108917 ] ] ] } },
{ "type": "Feature", "properties": { }, "geometry": { "type": "Polygon", "coordinates": [ [ [ 77.432848555190319, 23.229247649590889 ], [ 77.433038155190317, 23.229048049648679 ], [ 77.432977655190342, 23.228999549662717 ], [ 77.432788055190315, 23.229199049604965 ], [ 77.432848555190319, 23.229247649590889 ] ] ] } },
{ "type": "Feature", "properties": { }, "geometry": { "type": "Polygon", "coordinates": [ [ [ 77.428660755190336, 23.235506947778433 ], [ 77.428687255190326, 23.235630747742583 ], [ 77.428823755190322, 23.235606047749737 ], [ 77.428797355190326, 23.235482347785556 ], [ 77.428660755190336, 23.235506947778433 ] ] ] } },
{ "type": "Feature", "properties": { }, "geometry": { "type": "Polygon", "coordinates": [ [ [ 77.430606455190343, 23.228935149681366 ], [ 77.430741955190342, 23.228726849741673 ], [ 77.43067435519032, 23.228689749752409 ], [ 77.430538855190321, 23.228898049692109 ], [ 77.430606455190343, 23.228935149681366 ] ] ] } },
{ "type": "Feature", "properties": { }, "geometry": { "type": "Polygon", "coordinates": [ [ [ 77.425799655190318, 23.228324849858058 ], [ 77.425884455190342, 23.228324149858256 ], [ 77.425883955190329, 23.228274049872763 ], [ 77.425799155190333, 23.228274749872561 ], [ 77.425799655190318, 23.228324849858058 ] ] ] } },
{ "type": "Feature", "properties": { }, "geometry": { "type": "Polygon", "coordinates": [ [ [ 77.426650555190321, 23.228951849676523 ], [ 77.426651955190323, 23.229108349631222 ], [ 77.426739555190338, 23.229107649631423 ], [ 77.426738155190336, 23.228951149676732 ], [ 77.426650555190321, 23.228951849676523 ] ] ] } },
{ "type": "Feature", "properties": { }, "geometry": { "type": "Polygon", "coordinates": [ [ [ 77.429380355190318, 23.228705349747891 ], [ 77.429457855190336, 23.228744149736659 ], [ 77.42953365519034, 23.228616649773574 ], [ 77.429456155190323, 23.228577749784829 ], [ 77.429380355190318, 23.228705349747891 ] ] ] } },
{ "type": "Feature", "properties": { }, "geometry": { "type": "Polygon", "coordinates": [ [ [ 77.427212955190342, 23.229814049426899 ], [ 77.427212055190324, 23.229930549393167 ], [ 77.42742355519033, 23.229931849392795 ], [ 77.427424355190325, 23.22981534942652 ], [ 77.427212955190342, 23.229814049426899 ] ] ] } },
{ "type": "Feature", "properties": { }, "geometry": { "type": "Polygon", "coordinates": [ [ [ 77.431495355190322, 23.229931249392965 ], [ 77.431689755190334, 23.229887149405734 ], [ 77.431672355190315, 23.229822449424471 ], [ 77.431477955190317, 23.2298665494117 ], [ 77.431495355190322, 23.229931249392965 ] ] ] } },
{ "type": "Feature", "properties": { }, "geometry": { "type": "Polygon", "coordinates": [ [ [ 77.43226245519034, 23.237461047212502 ], [ 77.432321455190319, 23.237670547151822 ], [ 77.432515055190336, 23.237624447165178 ], [ 77.432456055190343, 23.237414947225858 ], [ 77.43226245519034, 23.237461047212502 ] ] ] } },
{ "type": "Feature", "properties": { }, "geometry": { "type": "Polygon", "coordinates": [ [ [ 77.426382855190326, 23.229401249546417 ], [ 77.426382055190331, 23.229487049521577 ], [ 77.426469955190328, 23.229487649521403 ], [ 77.426470755190323, 23.229401849546246 ], [ 77.426382855190326, 23.229401249546417 ] ] ] } },
{ "type": "Feature", "properties": { }, "geometry": { "type": "Polygon", "coordinates": [ [ [ 77.426076255190324, 23.230059449355846 ], [ 77.426146655190323, 23.230096049345249 ], [ 77.426216055190324, 23.229983249377906 ], [ 77.426145655190325, 23.229946649388506 ], [ 77.426076255190324, 23.230059449355846 ] ] ] } },
{ "type": "Feature", "properties": { }, "geometry": { "type": "Polygon", "coordinates": [ [ [ 77.425862055190322, 23.229321349569545 ], [ 77.425990355190322, 23.229370449555333 ], [ 77.426041555190338, 23.229257549588016 ], [ 77.425913255190338, 23.229208349602267 ], [ 77.425862055190322, 23.229321349569545 ] ] ] } },
{ "type": "Feature", "properties": { }, "geometry": { "type": "Polygon", "coordinates": [ [ [ 77.425494455190318, 23.228362949847028 ], [ 77.425707655190322, 23.228354349849514 ], [ 77.425704655190316, 23.228292049867555 ], [ 77.425491455190325, 23.228300749865031 ], [ 77.425494455190318, 23.228362949847028 ] ] ] } },
{ "type": "Feature", "properties": { }, "geometry": { "type": "Polygon", "coordinates": [ [ [ 77.430964955190333, 23.228141449911149 ], [ 77.43079595519032, 23.228322649858693 ], [ 77.430859655190332, 23.228372849844156 ], [ 77.431028655190318, 23.228191649896615 ], [ 77.430964955190333, 23.228141449911149 ] ] ] } },
{ "type": "Feature", "properties": { }, "geometry": { "type": "Polygon", "coordinates": [ [ [ 77.431915055190331, 23.229332849566219 ], [ 77.432009155190343, 23.229418049541547 ], [ 77.432062955190318, 23.229367949556057 ], [ 77.43196885519032, 23.229282749580726 ], [ 77.431915055190331, 23.229332849566219 ] ] ] } },
{ "type": "Feature", "properties": { }, "geometry": { "type": "Polygon", "coordinates": [ [ [ 77.431205555190317, 23.228542049795173 ], [ 77.431295855190342, 23.228623449771604 ], [ 77.431428955190341, 23.228498649807733 ], [ 77.431338655190331, 23.228417249831303 ], [ 77.431205555190317, 23.228542049795173 ] ] ] } },
{ "type": "Feature", "properties": { }, "geometry": { "type": "Polygon", "coordinates": [ [ [ 77.431575155190316, 23.23645794750302 ], [ 77.43158975519033, 23.236572547469823 ], [ 77.431806955190339, 23.236549147476605 ], [ 77.431792355190325, 23.236434447509822 ], [ 77.431575155190316, 23.23645794750302 ] ] ] } },
{ "type": "Feature", "properties": { }, "geometry": { "type": "Polygon", "coordinates": [ [ [ 77.432565555190337, 23.237638447161121 ], [ 77.432867155190323, 23.237637247161466 ], [ 77.432865655190326, 23.23732654725146 ], [ 77.432563955190318, 23.237327847251077 ], [ 77.432565555190337, 23.237638447161121 ] ] ] } },
{ "type": "Feature", "properties": { }, "geometry": { "type": "Polygon", "coordinates": [ [ [ 77.431667655190324, 23.229010649659497 ], [ 77.431609055190336, 23.229066449643351 ], [ 77.431700255190336, 23.229147249619952 ], [ 77.431758855190324, 23.229091349636139 ], [ 77.431667655190324, 23.229010649659497 ] ] ] } },
{ "type": "Feature", "properties": { }, "geometry": { "type": "Polygon", "coordinates": [ [ [ 77.431721955190341, 23.229142449621346 ], [ 77.431816555190323, 23.229223849597776 ], [ 77.431860755190328, 23.229180449610343 ], [ 77.431766255190325, 23.229099049633909 ], [ 77.431721955190341, 23.229142449621346 ] ] ] } },
{ "type": "Feature", "properties": { }, "geometry": { "type": "Polygon", "coordinates": [ [ [ 77.426370255190321, 23.228175649901249 ], [ 77.426407155190333, 23.228215749889639 ], [ 77.426500455190336, 23.228143249910627 ], [ 77.426463555190324, 23.228103149922244 ], [ 77.426370255190321, 23.228175649901249 ] ] ] } },
{ "type": "Feature", "properties": { }, "geometry": { "type": "Polygon", "coordinates": [ [ [ 77.424276855190328, 23.229195749605914 ], [ 77.424414955190329, 23.229208149602318 ], [ 77.424427355190332, 23.22909084963629 ], [ 77.424289255190317, 23.229078549639844 ], [ 77.424276855190328, 23.229195749605914 ] ] ] } },
{ "type": "Feature", "properties": { }, "geometry": { "type": "Polygon", "coordinates": [ [ [ 77.426663355190342, 23.229489749520791 ], [ 77.426663355190342, 23.229592049491174 ], [ 77.426717655190316, 23.229592049491174 ], [ 77.426717655190316, 23.229489749520791 ], [ 77.426663355190342, 23.229489749520791 ] ] ] } },
{ "type": "Feature", "properties": { }, "geometry": { "type": "Polygon", "coordinates": [ [ [ 77.426285855190329, 23.230153149328714 ], [ 77.426367755190327, 23.230202549314416 ], [ 77.426416355190327, 23.230134449334134 ], [ 77.426334555190337, 23.230085049348432 ], [ 77.426285855190329, 23.230153149328714 ] ] ] } },
{ "type": "Feature", "properties": { }, "geometry": { "type": "Polygon", "coordinates": [ [ [ 77.430388855190316, 23.230559349211106 ], [ 77.430707955190343, 23.230603549198314 ], [ 77.430733255190333, 23.230448949243069 ], [ 77.430414155190334, 23.230404749255872 ], [ 77.430388855190316, 23.230559349211106 ] ] ] } },
{ "type": "Feature", "properties": { }, "geometry": { "type": "Polygon", "coordinates": [ [ [ 77.429665555190326, 23.234900447954072 ], [ 77.429752655190327, 23.234966047935071 ], [ 77.429781755190334, 23.23493344794451 ], [ 77.429694655190318, 23.234867847963507 ], [ 77.429665555190326, 23.234900447954072 ] ] ] } },
{ "type": "Feature", "properties": { }, "geometry": { "type": "Polygon", "coordinates": [ [ [ 77.431225255190341, 23.236486947494615 ], [ 77.431381755190316, 23.236466947500411 ], [ 77.431350455190341, 23.236259647560445 ], [ 77.431193855190315, 23.236279647554657 ], [ 77.431225255190341, 23.236486947494615 ] ] ] } },
{ "type": "Feature", "properties": { }, "geometry": { "type": "Polygon", "coordinates": [ [ [ 77.431541755190338, 23.231863948833364 ], [ 77.431593055190319, 23.231901748822416 ], [ 77.431946055190323, 23.231497748939393 ], [ 77.431894755190342, 23.231459948950338 ], [ 77.431541755190338, 23.231863948833364 ] ] ] } },
{ "type": "Feature", "properties": { }, "geometry": { "type": "Polygon", "coordinates": [ [ [ 77.42507535519033, 23.229172349612693 ], [ 77.425229355190339, 23.229178649610862 ], [ 77.425232655190342, 23.229110549630583 ], [ 77.425078655190333, 23.229104349632372 ], [ 77.42507535519033, 23.229172349612693 ] ] ] } },
{ "type": "Feature", "properties": { }, "geometry": { "type": "Polygon", "coordinates": [ [ [ 77.42764145519034, 23.229695649461181 ], [ 77.427806355190327, 23.229696649460887 ], [ 77.427807155190322, 23.22958584949297 ], [ 77.427642255190335, 23.229584849493264 ], [ 77.42764145519034, 23.229695649461181 ] ] ] } },
{ "type": "Feature", "properties": { }, "geometry": { "type": "Polygon", "coordinates": [ [ [ 77.426297455190337, 23.228219349888601 ], [ 77.426333955190316, 23.22825894987713 ], [ 77.42639515519032, 23.22821134989092 ], [ 77.426358655190342, 23.228171649902414 ], [ 77.426297455190337, 23.228219349888601 ] ] ] } },
{ "type": "Feature", "properties": { }, "geometry": { "type": "Polygon", "coordinates": [ [ [ 77.430824255190316, 23.229048949648412 ], [ 77.430937255190315, 23.229119849627889 ], [ 77.431045555190323, 23.228974149670066 ], [ 77.430932555190324, 23.2289032496906 ], [ 77.430824255190316, 23.229048949648412 ] ] ] } },
{ "type": "Feature", "properties": { }, "geometry": { "type": "Polygon", "coordinates": [ [ [ 77.429601755190333, 23.230287049289945 ], [ 77.429813055190337, 23.230418449251907 ], [ 77.429911055190331, 23.23028534929044 ], [ 77.429699755190327, 23.230153949328482 ], [ 77.429601755190333, 23.230287049289945 ] ] ] } },
{ "type": "Feature", "properties": { }, "geometry": { "type": "Polygon", "coordinates": [ [ [ 77.429720955190334, 23.229431549537644 ], [ 77.430128955190341, 23.2296230494822 ], [ 77.430229655190331, 23.229441849534663 ], [ 77.429821755190318, 23.229250349590107 ], [ 77.429720955190334, 23.229431549537644 ] ] ] } },
{ "type": "Feature", "properties": { }, "geometry": { "type": "Polygon", "coordinates": [ [ [ 77.429613755190331, 23.234717248007119 ], [ 77.429682055190327, 23.234744447999251 ], [ 77.429705955190343, 23.234693648013955 ], [ 77.429637755190328, 23.23466644802183 ], [ 77.429613755190331, 23.234717248007119 ] ] ] } },
{ "type": "Feature", "properties": { }, "geometry": { "type": "Polygon", "coordinates": [ [ [ 77.425079755190325, 23.228925349684204 ], [ 77.425327555190336, 23.22890034969144 ], [ 77.425314055190327, 23.228787649724069 ], [ 77.425066355190339, 23.228812549716853 ], [ 77.425079755190325, 23.228925349684204 ] ] ] } },
{ "type": "Feature", "properties": { }, "geometry": { "type": "Polygon", "coordinates": [ [ [ 77.424472255190338, 23.229198949604989 ], [ 77.424590355190333, 23.229211349601393 ], [ 77.424605255190343, 23.229092449635822 ], [ 77.42448715519032, 23.229079949639434 ], [ 77.424472255190338, 23.229198949604989 ] ] ] } },
{ "type": "Feature", "properties": { }, "geometry": { "type": "Polygon", "coordinates": [ [ [ 77.424674555190322, 23.228951449676643 ], [ 77.424869655190335, 23.228938049680526 ], [ 77.424859555190324, 23.228814549716279 ], [ 77.424664555190333, 23.2288279497124 ], [ 77.424674555190322, 23.228951449676643 ] ] ] } },
{ "type": "Feature", "properties": { }, "geometry": { "type": "Polygon", "coordinates": [ [ [ 77.430238655190337, 23.231545648925525 ], [ 77.430402055190328, 23.231565248919846 ], [ 77.43042355519033, 23.231414248963578 ], [ 77.430260155190339, 23.23139464896925 ], [ 77.430238655190337, 23.231545648925525 ] ] ] } },
{ "type": "Feature", "properties": { }, "geometry": { "type": "Polygon", "coordinates": [ [ [ 77.430033855190317, 23.228177449900731 ], [ 77.430207255190339, 23.228320949859185 ], [ 77.430270255190322, 23.2282566498778 ], [ 77.430096955190336, 23.228113149919349 ], [ 77.430033855190317, 23.228177449900731 ] ] ] } },
{ "type": "Feature", "properties": { }, "geometry": { "type": "Polygon", "coordinates": [ [ [ 77.42671495519032, 23.230060649355501 ], [ 77.426795255190342, 23.229939249390647 ], [ 77.426656155190329, 23.22986154941314 ], [ 77.426575855190322, 23.229982949377998 ], [ 77.42671495519032, 23.230060649355501 ] ] ] } },
{ "type": "Feature", "properties": { }, "geometry": { "type": "Polygon", "coordinates": [ [ [ 77.431972755190316, 23.228946649678033 ], [ 77.432067555190315, 23.229041549650557 ], [ 77.432137055190339, 23.228982849667553 ], [ 77.432042255190325, 23.228888049694998 ], [ 77.431972755190316, 23.228946649678033 ] ] ] } },
{ "type": "Feature", "properties": { }, "geometry": { "type": "Polygon", "coordinates": [ [ [ 77.424733855190325, 23.228624449771317 ], [ 77.424973955190325, 23.2286210497723 ], [ 77.424973255190324, 23.228574749785707 ], [ 77.42473305519033, 23.228578049784748 ], [ 77.424733855190325, 23.228624449771317 ] ] ] } },
{ "type": "Feature", "properties": { }, "geometry": { "type": "Polygon", "coordinates": [ [ [ 77.426968855190324, 23.229305149574245 ], [ 77.427151355190333, 23.229296849576638 ], [ 77.427146655190342, 23.229207849602414 ], [ 77.426964055190325, 23.229216049600037 ], [ 77.426968855190324, 23.229305149574245 ] ] ] } },
{ "type": "Feature", "properties": { }, "geometry": { "type": "Polygon", "coordinates": [ [ [ 77.425410455190317, 23.228880949697054 ], [ 77.425649955190323, 23.228872649699461 ], [ 77.425645355190341, 23.228758749732432 ], [ 77.425405855190334, 23.228766949730062 ], [ 77.425410455190317, 23.228880949697054 ] ] ] } },
{ "type": "Feature", "properties": { }, "geometry": { "type": "Polygon", "coordinates": [ [ [ 77.432358855190316, 23.229281649581047 ], [ 77.432391355190333, 23.229309749572906 ], [ 77.432432755190334, 23.229269249584636 ], [ 77.432400255190316, 23.229241249592743 ], [ 77.432358855190316, 23.229281649581047 ] ] ] } },
{ "type": "Feature", "properties": { }, "geometry": { "type": "Polygon", "coordinates": [ [ [ 77.424927155190318, 23.229381849552027 ], [ 77.424926855190336, 23.229236249594184 ], [ 77.424809655190316, 23.229236549594095 ], [ 77.424809955190341, 23.229382149551945 ], [ 77.424927155190318, 23.229381849552027 ] ] ] } },
{ "type": "Feature", "properties": { }, "geometry": { "type": "Polygon", "coordinates": [ [ [ 77.429774655190329, 23.230137149333345 ], [ 77.429948155190331, 23.230247249301467 ], [ 77.430103155190338, 23.230041049361176 ], [ 77.429929655190335, 23.229930949393051 ], [ 77.429774655190329, 23.230137149333345 ] ] ] } },
{ "type": "Feature", "properties": { }, "geometry": { "type": "Polygon", "coordinates": [ [ [ 77.431081255190335, 23.236678847439041 ], [ 77.43110295519034, 23.236887747378546 ], [ 77.431237655190316, 23.236875947381957 ], [ 77.431216055190319, 23.236667047442456 ], [ 77.431081255190335, 23.236678847439041 ] ] ] } },
{ "type": "Feature", "properties": { }, "geometry": { "type": "Polygon", "coordinates": [ [ [ 77.428679555190342, 23.229960549384483 ], [ 77.428789155190316, 23.229685549464101 ], [ 77.428697855190336, 23.22965484947299 ], [ 77.428588255190334, 23.229929849393372 ], [ 77.428679555190342, 23.229960549384483 ] ] ] } },
{ "type": "Feature", "properties": { }, "geometry": { "type": "Polygon", "coordinates": [ [ [ 77.425239855190341, 23.22907104964202 ], [ 77.425230655190333, 23.229209449601946 ], [ 77.425399355190322, 23.229218849599228 ], [ 77.425408555190316, 23.229080449639294 ], [ 77.425239855190341, 23.22907104964202 ] ] ] } },
{ "type": "Feature", "properties": { }, "geometry": { "type": "Polygon", "coordinates": [ [ [ 77.428950855190337, 23.23518314787221 ], [ 77.429076355190318, 23.235078047902643 ], [ 77.428967455190318, 23.234968247934436 ], [ 77.428841955190336, 23.235073347903999 ], [ 77.428950855190337, 23.23518314787221 ] ] ] } },
{ "type": "Feature", "properties": { }, "geometry": { "type": "Polygon", "coordinates": [ [ [ 77.431161755190331, 23.236122447600174 ], [ 77.431168055190341, 23.236218747572288 ], [ 77.431280555190327, 23.23621254757408 ], [ 77.431274255190331, 23.236116247601981 ], [ 77.431161755190331, 23.236122447600174 ] ] ] } },
{ "type": "Feature", "properties": { }, "geometry": { "type": "Polygon", "coordinates": [ [ [ 77.427385455190318, 23.229985749377185 ], [ 77.427269655190315, 23.23008384934878 ], [ 77.427439255190336, 23.230252849299848 ], [ 77.427555055190339, 23.230154749328257 ], [ 77.427385455190318, 23.229985749377185 ] ] ] } },
{ "type": "Feature", "properties": { }, "geometry": { "type": "Polygon", "coordinates": [ [ [ 77.427351255190317, 23.229648449474844 ], [ 77.42755025519034, 23.229646049475537 ], [ 77.42754875519033, 23.22954054950609 ], [ 77.427349755190335, 23.229542849505417 ], [ 77.427351255190317, 23.229648449474844 ] ] ] } },
{ "type": "Feature", "properties": { }, "geometry": { "type": "Polygon", "coordinates": [ [ [ 77.432234255190338, 23.229352349560575 ], [ 77.432267155190331, 23.229389849549719 ], [ 77.432295855190318, 23.229368649555852 ], [ 77.432263055190333, 23.229331049566742 ], [ 77.432234255190338, 23.229352349560575 ] ] ] } },
{ "type": "Feature", "properties": { }, "geometry": { "type": "Polygon", "coordinates": [ [ [ 77.428269855190322, 23.231485948942808 ], [ 77.42833585519034, 23.231480948944263 ], [ 77.428328155190329, 23.231396048968843 ], [ 77.428262155190339, 23.231401148967365 ], [ 77.428269855190322, 23.231485948942808 ] ] ] } },
{ "type": "Feature", "properties": { }, "geometry": { "type": "Polygon", "coordinates": [ [ [ 77.424526855190322, 23.229864649412246 ], [ 77.424675655190342, 23.229855549414879 ], [ 77.424668255190326, 23.229754049444271 ], [ 77.424519555190315, 23.229763049441665 ], [ 77.424526855190322, 23.229864649412246 ] ] ] } },
{ "type": "Feature", "properties": { }, "geometry": { "type": "Polygon", "coordinates": [ [ [ 77.428819855190326, 23.22957384949644 ], [ 77.428937855190327, 23.229307649573517 ], [ 77.428852355190315, 23.229275649582782 ], [ 77.428734355190315, 23.229541849505711 ], [ 77.428819855190326, 23.22957384949644 ] ] ] } },
{ "type": "Feature", "properties": { }, "geometry": { "type": "Polygon", "coordinates": [ [ [ 77.432675555190343, 23.229445649533552 ], [ 77.432797155190329, 23.229322949569084 ], [ 77.432728855190334, 23.229265749585647 ], [ 77.43260725519032, 23.229388449550122 ], [ 77.432675555190343, 23.229445649533552 ] ] ] } },
{ "type": "Feature", "properties": { }, "geometry": { "type": "Polygon", "coordinates": [ [ [ 77.426335755190337, 23.229628849480523 ], [ 77.426335455190326, 23.22969584946112 ], [ 77.426484455190334, 23.229696449460942 ], [ 77.426484755190316, 23.229629449480345 ], [ 77.426335755190337, 23.229628849480523 ] ] ] } },
{ "type": "Feature", "properties": { }, "geometry": { "type": "Polygon", "coordinates": [ [ [ 77.43093515519034, 23.228860549702961 ], [ 77.43103665519034, 23.22892674968379 ], [ 77.431116755190331, 23.228823049713821 ], [ 77.431015255190317, 23.228756849732985 ], [ 77.43093515519034, 23.228860549702961 ] ] ] } },
{ "type": "Feature", "properties": { }, "geometry": { "type": "Polygon", "coordinates": [ [ [ 77.425489955190315, 23.229273549583386 ], [ 77.425601455190332, 23.229325749568279 ], [ 77.425653555190337, 23.22923194959543 ], [ 77.42554205519032, 23.229179749610545 ], [ 77.425489955190315, 23.229273549583386 ] ] ] } },
{ "type": "Feature", "properties": { }, "geometry": { "type": "Polygon", "coordinates": [ [ [ 77.426490355190339, 23.230298649286592 ], [ 77.426492855190332, 23.230406349255404 ], [ 77.426632855190334, 23.230403649256186 ], [ 77.426630355190326, 23.23029594928737 ], [ 77.426490355190339, 23.230298649286592 ] ] ] } },
{ "type": "Feature", "properties": { }, "geometry": { "type": "Polygon", "coordinates": [ [ [ 77.424234355190336, 23.228936649680929 ], [ 77.424464255190315, 23.2289436496789 ], [ 77.424467455190339, 23.228855249704491 ], [ 77.424237555190317, 23.228848149706554 ], [ 77.424234355190336, 23.228936649680929 ] ] ] } },
{ "type": "Feature", "properties": { }, "geometry": { "type": "Polygon", "coordinates": [ [ [ 77.431365555190325, 23.22840464983495 ], [ 77.431446455190326, 23.228477149813962 ], [ 77.431582555190317, 23.228348949851085 ], [ 77.431501655190317, 23.228276449872066 ], [ 77.431365555190325, 23.22840464983495 ] ] ] } },
{ "type": "Feature", "properties": { }, "geometry": { "type": "Polygon", "coordinates": [ [ [ 77.43204575519033, 23.229681949465142 ], [ 77.43211045519034, 23.229792849433032 ], [ 77.432219355190327, 23.229739149448584 ], [ 77.432154655190317, 23.22962824948069 ], [ 77.43204575519033, 23.229681949465142 ] ] ] } },
{ "type": "Feature", "properties": { }, "geometry": { "type": "Polygon", "coordinates": [ [ [ 77.426739155190333, 23.229482249522967 ], [ 77.426739055190325, 23.229292349577946 ], [ 77.426616455190327, 23.229292349577946 ], [ 77.426616455190327, 23.229482249522967 ], [ 77.426739155190333, 23.229482249522967 ] ] ] } },
{ "type": "Feature", "properties": { }, "geometry": { "type": "Polygon", "coordinates": [ [ [ 77.427200755190327, 23.230090949346728 ], [ 77.427208755190321, 23.229866049411843 ], [ 77.427079555190332, 23.22986214941297 ], [ 77.427071555190338, 23.230087049347855 ], [ 77.427200755190327, 23.230090949346728 ] ] ] } },
{ "type": "Feature", "properties": { }, "geometry": { "type": "Polygon", "coordinates": [ [ [ 77.432339555190325, 23.229242349592422 ], [ 77.432403955190324, 23.229180049610459 ], [ 77.432323955190327, 23.229110249630669 ], [ 77.432259555190342, 23.229172449612662 ], [ 77.432339555190325, 23.229242349592422 ] ] ] } },
{ "type": "Feature", "properties": { }, "geometry": { "type": "Polygon", "coordinates": [ [ [ 77.430814055190339, 23.229072049641729 ], [ 77.430712455190331, 23.229219249599108 ], [ 77.430865355190321, 23.229308449573281 ], [ 77.430967055190337, 23.229161249615899 ], [ 77.430814055190339, 23.229072049641729 ] ] ] } },
{ "type": "Feature", "properties": { }, "geometry": { "type": "Polygon", "coordinates": [ [ [ 77.424884155190327, 23.228938649680352 ], [ 77.425067955190343, 23.228929049683131 ], [ 77.425061055190326, 23.228816949715579 ], [ 77.424877255190339, 23.228826549712807 ], [ 77.424884155190327, 23.228938649680352 ] ] ] } },
{ "type": "Feature", "properties": { }, "geometry": { "type": "Polygon", "coordinates": [ [ [ 77.424559855190324, 23.22863024976964 ], [ 77.42471415519033, 23.228630649769521 ], [ 77.424714355190332, 23.228570749786869 ], [ 77.424560055190327, 23.228570349786981 ], [ 77.424559855190324, 23.22863024976964 ] ] ] } },
{ "type": "Feature", "properties": { }, "geometry": { "type": "Polygon", "coordinates": [ [ [ 77.430908555190342, 23.23616834758689 ], [ 77.430983255190341, 23.236160647589116 ], [ 77.430956355190332, 23.235938847653358 ], [ 77.430881755190327, 23.235946447651152 ], [ 77.430908555190342, 23.23616834758689 ] ] ] } },
{ "type": "Feature", "properties": { }, "geometry": { "type": "Polygon", "coordinates": [ [ [ 77.432476555190334, 23.228815349716047 ], [ 77.432424955190342, 23.228861249702756 ], [ 77.432602055190316, 23.229029149654146 ], [ 77.432653555190328, 23.228983149667467 ], [ 77.432476555190334, 23.228815349716047 ] ] ] } },
{ "type": "Feature", "properties": { }, "geometry": { "type": "Polygon", "coordinates": [ [ [ 77.423898655190328, 23.22855894979028 ], [ 77.423895955190318, 23.228616849773516 ], [ 77.424405755190335, 23.228636849767724 ], [ 77.424408455190317, 23.228578849784522 ], [ 77.423898655190328, 23.22855894979028 ] ] ] } },
{ "type": "Feature", "properties": { }, "geometry": { "type": "Polygon", "coordinates": [ [ [ 77.426839655190335, 23.230063749354606 ], [ 77.426952355190323, 23.229900449401882 ], [ 77.42689605519034, 23.229867649411382 ], [ 77.426783455190332, 23.230030949364092 ], [ 77.426839655190335, 23.230063749354606 ] ] ] } },
{ "type": "Feature", "properties": { }, "geometry": { "type": "Polygon", "coordinates": [ [ [ 77.42476465519033, 23.230427849249185 ], [ 77.424920255190329, 23.230552349213134 ], [ 77.425011455190329, 23.230456049241017 ], [ 77.42485585519033, 23.230331549277057 ], [ 77.42476465519033, 23.230427849249185 ] ] ] } },
{ "type": "Feature", "properties": { }, "geometry": { "type": "Polygon", "coordinates": [ [ [ 77.424870955190329, 23.229153149618249 ], [ 77.425027255190315, 23.229154649617811 ], [ 77.425028155190333, 23.229072649641555 ], [ 77.424871855190332, 23.229071249641962 ], [ 77.424870955190329, 23.229153149618249 ] ] ] } },
{ "type": "Feature", "properties": { }, "geometry": { "type": "Polygon", "coordinates": [ [ [ 77.426859555190319, 23.229160349616166 ], [ 77.426856655190321, 23.228943449678958 ], [ 77.426761555190339, 23.228944549678644 ], [ 77.426764455190337, 23.229161449615845 ], [ 77.426859555190319, 23.229160349616166 ] ] ] } },
{ "type": "Feature", "properties": { }, "geometry": { "type": "Polygon", "coordinates": [ [ [ 77.426444855190326, 23.229127449625686 ], [ 77.426528855190327, 23.229126249626034 ], [ 77.426526455190327, 23.228973349670301 ], [ 77.426442455190326, 23.228974449669984 ], [ 77.426444855190326, 23.229127449625686 ] ] ] } },
{ "type": "Feature", "properties": { }, "geometry": { "type": "Polygon", "coordinates": [ [ [ 77.42546415519034, 23.229132749624156 ], [ 77.42550215519033, 23.229144949620625 ], [ 77.425521255190318, 23.229094949635098 ], [ 77.425483155190321, 23.229082749638625 ], [ 77.42546415519034, 23.229132749624156 ] ] ] } },
{ "type": "Feature", "properties": { }, "geometry": { "type": "Polygon", "coordinates": [ [ [ 77.429015155190342, 23.231514748934469 ], [ 77.42901935519032, 23.231667148890345 ], [ 77.429652355190328, 23.231652348894634 ], [ 77.429648155190336, 23.231499948938758 ], [ 77.429015155190342, 23.231514748934469 ] ] ] } },
{ "type": "Feature", "properties": { }, "geometry": { "type": "Polygon", "coordinates": [ [ [ 77.431865055190343, 23.228811549717147 ], [ 77.431914555190332, 23.228772449728467 ], [ 77.431842655190323, 23.228695549750732 ], [ 77.431793155190334, 23.228734649739405 ], [ 77.431865055190343, 23.228811549717147 ] ] ] } },
{ "type": "Feature", "properties": { }, "geometry": { "type": "Polygon", "coordinates": [ [ [ 77.426638855190333, 23.229116449628869 ], [ 77.426640255190335, 23.228968949671575 ], [ 77.426559755190326, 23.228968349671753 ], [ 77.426558355190338, 23.229115749629077 ], [ 77.426638855190333, 23.229116449628869 ] ] ] } },
{ "type": "Feature", "properties": { }, "geometry": { "type": "Polygon", "coordinates": [ [ [ 77.431248755190339, 23.236637347451058 ], [ 77.431265955190341, 23.236839347392557 ], [ 77.431582055190333, 23.236816647399131 ], [ 77.431564855190317, 23.236614647457635 ], [ 77.431248755190339, 23.236637347451058 ] ] ] } },
{ "type": "Feature", "properties": { }, "geometry": { "type": "Polygon", "coordinates": [ [ [ 77.427740355190338, 23.229311249572472 ], [ 77.427873555190331, 23.229034949652469 ], [ 77.427754455190325, 23.228986449666507 ], [ 77.427621255190331, 23.229262849586487 ], [ 77.427740355190338, 23.229311249572472 ] ] ] } },
{ "type": "Feature", "properties": { }, "geometry": { "type": "Polygon", "coordinates": [ [ [ 77.431074455190327, 23.228673249757186 ], [ 77.431159755190336, 23.228738049738425 ], [ 77.431275055190341, 23.228609849775545 ], [ 77.431189755190331, 23.228545049794302 ], [ 77.431074455190327, 23.228673249757186 ] ] ] } },
{ "type": "Feature", "properties": { }, "geometry": { "type": "Polygon", "coordinates": [ [ [ 77.430965255190316, 23.231695248882211 ], [ 77.430930855190326, 23.231855448835823 ], [ 77.431141355190334, 23.231893648824762 ], [ 77.431175755190324, 23.231733448871147 ], [ 77.430965255190316, 23.231695248882211 ] ] ] } },
{ "type": "Feature", "properties": { }, "geometry": { "type": "Polygon", "coordinates": [ [ [ 77.431873955190326, 23.228827649712489 ], [ 77.431952655190315, 23.228915349687099 ], [ 77.432008355190334, 23.228873149699318 ], [ 77.431929555190322, 23.2287854497247 ], [ 77.431873955190326, 23.228827649712489 ] ] ] } },
{ "type": "Feature", "properties": { }, "geometry": { "type": "Polygon", "coordinates": [ [ [ 77.426362255190327, 23.22841474983203 ], [ 77.426404355190343, 23.228463649817872 ], [ 77.426665755190328, 23.228273449872937 ], [ 77.42662365519034, 23.228224549887095 ], [ 77.426362255190327, 23.22841474983203 ] ] ] } },
{ "type": "Feature", "properties": { }, "geometry": { "type": "Polygon", "coordinates": [ [ [ 77.429098455190328, 23.230294649287742 ], [ 77.429461255190319, 23.230087549347711 ], [ 77.429379255190327, 23.22996624938283 ], [ 77.429016455190322, 23.230173449322837 ], [ 77.429098455190328, 23.230294649287742 ] ] ] } },
{ "type": "Feature", "properties": { }, "geometry": { "type": "Polygon", "coordinates": [ [ [ 77.42521825519033, 23.230196449316175 ], [ 77.425340955190322, 23.230198949315458 ], [ 77.425345055190334, 23.230033849363259 ], [ 77.425222355190328, 23.230031349363983 ], [ 77.42521825519033, 23.230196449316175 ] ] ] } },
{ "type": "Feature", "properties": { }, "geometry": { "type": "Polygon", "coordinates": [ [ [ 77.431949955190319, 23.236230547568876 ], [ 77.432078055190317, 23.236233647567975 ], [ 77.432079555190342, 23.236179647583619 ], [ 77.431951455190315, 23.23617654758451 ], [ 77.431949955190319, 23.236230547568876 ] ] ] } },
{ "type": "Feature", "properties": { }, "geometry": { "type": "Polygon", "coordinates": [ [ [ 77.42631145519033, 23.22940114954644 ], [ 77.426316455190317, 23.229479549523749 ], [ 77.426372255190316, 23.22947654952462 ], [ 77.426367255190328, 23.229398149547311 ], [ 77.42631145519033, 23.22940114954644 ] ] ] } },
{ "type": "Feature", "properties": { }, "geometry": { "type": "Polygon", "coordinates": [ [ [ 77.426045855190338, 23.230317349281169 ], [ 77.426228855190331, 23.230422749250657 ], [ 77.426289055190338, 23.230334549276197 ], [ 77.42610615519034, 23.230229049306743 ], [ 77.426045855190338, 23.230317349281169 ] ] ] } },
{ "type": "Feature", "properties": { }, "geometry": { "type": "Polygon", "coordinates": [ [ [ 77.425724555190328, 23.229164349615008 ], [ 77.425651955190332, 23.229294949577191 ], [ 77.425775355190325, 23.229352849560435 ], [ 77.425847955190335, 23.229222249598237 ], [ 77.425724555190328, 23.229164349615008 ] ] ] } },
{ "type": "Feature", "properties": { }, "geometry": { "type": "Polygon", "coordinates": [ [ [ 77.423884955190331, 23.23724884727396 ], [ 77.423912055190328, 23.237325447251774 ], [ 77.424246455190328, 23.237225547280708 ], [ 77.424219355190317, 23.237149047302861 ], [ 77.423884955190331, 23.23724884727396 ] ] ] } },
{ "type": "Feature", "properties": { }, "geometry": { "type": "Polygon", "coordinates": [ [ [ 77.430830155190321, 23.236369147528737 ], [ 77.430848955190328, 23.236525647483408 ], [ 77.430977355190336, 23.236512647487178 ], [ 77.430958655190324, 23.236356147532497 ], [ 77.430830155190321, 23.236369147528737 ] ] ] } },
{ "type": "Feature", "properties": { }, "geometry": { "type": "Polygon", "coordinates": [ [ [ 77.425200855190326, 23.228602049777802 ], [ 77.425249855190316, 23.228599049778673 ], [ 77.425234455190321, 23.228390149839147 ], [ 77.425185455190331, 23.228393249838252 ], [ 77.425200855190326, 23.228602049777802 ] ] ] } },
{ "type": "Feature", "properties": { }, "geometry": { "type": "Polygon", "coordinates": [ [ [ 77.428242855190319, 23.228213149890394 ], [ 77.428423355190333, 23.228217949889007 ], [ 77.428428055190338, 23.228070149931796 ], [ 77.428247555190339, 23.228065249933213 ], [ 77.428242855190319, 23.228213149890394 ] ] ] } },
{ "type": "Feature", "properties": { }, "geometry": { "type": "Polygon", "coordinates": [ [ [ 77.43088475519032, 23.232002048793376 ], [ 77.431095355190337, 23.232143748752343 ], [ 77.43115715519032, 23.232066248774782 ], [ 77.430946555190332, 23.231924548815819 ], [ 77.43088475519032, 23.232002048793376 ] ] ] } },
{ "type": "Feature", "properties": { }, "geometry": { "type": "Polygon", "coordinates": [ [ [ 77.430797655190318, 23.232106848763024 ], [ 77.431040355190333, 23.232270748715575 ], [ 77.431100755190329, 23.232195148737464 ], [ 77.430858055190328, 23.232031248784924 ], [ 77.430797655190318, 23.232106848763024 ] ] ] } },
{ "type": "Feature", "properties": { }, "geometry": { "type": "Polygon", "coordinates": [ [ [ 77.431902355190317, 23.229325549568337 ], [ 77.431959055190319, 23.229270149584377 ], [ 77.431868555190334, 23.229191949607014 ], [ 77.431811855190332, 23.229247249591005 ], [ 77.431902355190317, 23.229325549568337 ] ] ] } },
{ "type": "Feature", "properties": { }, "geometry": { "type": "Polygon", "coordinates": [ [ [ 77.431593255190336, 23.236788147407388 ], [ 77.431822555190337, 23.236764747414163 ], [ 77.431813155190341, 23.236686947436695 ], [ 77.431583855190325, 23.236710347429916 ], [ 77.431593255190336, 23.236788147407388 ] ] ] } },
{ "type": "Feature", "properties": { }, "geometry": { "type": "Polygon", "coordinates": [ [ [ 77.426329455190341, 23.229603949487728 ], [ 77.426505155190327, 23.229601649488394 ], [ 77.426503455190343, 23.229495549519115 ], [ 77.426327755190343, 23.229497949518414 ], [ 77.426329455190341, 23.229603949487728 ] ] ] } },
{ "type": "Feature", "properties": { }, "geometry": { "type": "Polygon", "coordinates": [ [ [ 77.424723255190329, 23.229162249615612 ], [ 77.424866755190337, 23.229164749614888 ], [ 77.424868055190316, 23.229103249632697 ], [ 77.424724555190323, 23.229100849633387 ], [ 77.424723255190329, 23.229162249615612 ] ] ] } },
{ "type": "Feature", "properties": { }, "geometry": { "type": "Polygon", "coordinates": [ [ [ 77.431405455190315, 23.236580547467515 ], [ 77.431533855190324, 23.236566347471619 ], [ 77.431472155190335, 23.236094347608319 ], [ 77.431343755190326, 23.236108547604211 ], [ 77.431405455190315, 23.236580547467515 ] ] ] } },
{ "type": "Feature", "properties": { }, "geometry": { "type": "Polygon", "coordinates": [ [ [ 77.425427355190322, 23.229242749592309 ], [ 77.42546535519034, 23.22925994958732 ], [ 77.425518055190338, 23.229161949615701 ], [ 77.42548005519032, 23.22914474962068 ], [ 77.425427355190322, 23.229242749592309 ] ] ] } },
{ "type": "Feature", "properties": { }, "geometry": { "type": "Polygon", "coordinates": [ [ [ 77.425277255190323, 23.228369749845058 ], [ 77.425482455190334, 23.228364849846479 ], [ 77.425480855190315, 23.228309449862518 ], [ 77.425275755190341, 23.228314449861067 ], [ 77.425277255190323, 23.228369749845058 ] ] ] } },
{ "type": "Feature", "properties": { }, "geometry": { "type": "Polygon", "coordinates": [ [ [ 77.426312355190319, 23.229364649557013 ], [ 77.42646865519032, 23.229362849557528 ], [ 77.426467355190326, 23.22926774958507 ], [ 77.426311055190325, 23.22926954958454 ], [ 77.426312355190319, 23.229364649557013 ] ] ] } },
{ "type": "Feature", "properties": { }, "geometry": { "type": "Polygon", "coordinates": [ [ [ 77.432231455190319, 23.229717649454816 ], [ 77.432369655190328, 23.229638749477651 ], [ 77.432312555190322, 23.229554249502119 ], [ 77.432174255190333, 23.229633249479242 ], [ 77.432231455190319, 23.229717649454816 ] ] ] } },
{ "type": "Feature", "properties": { }, "geometry": { "type": "Polygon", "coordinates": [ [ [ 77.42614875519034, 23.230116049339458 ], [ 77.426239855190332, 23.230166149324948 ], [ 77.426326655190323, 23.230032749363573 ], [ 77.426235655190339, 23.22998264937808 ], [ 77.42614875519034, 23.230116049339458 ] ] ] } },
{ "type": "Feature", "properties": { }, "geometry": { "type": "Polygon", "coordinates": [ [ [ 77.431335355190328, 23.231514048934677 ], [ 77.431511055190327, 23.23154114892683 ], [ 77.431536755190322, 23.231400948967426 ], [ 77.431361055190322, 23.231373748975301 ], [ 77.431335355190328, 23.231514048934677 ] ] ] } },
{ "type": "Feature", "properties": { }, "geometry": { "type": "Polygon", "coordinates": [ [ [ 77.424264155190329, 23.230540049216703 ], [ 77.424342455190342, 23.230583149204218 ], [ 77.424322655190323, 23.230613549195411 ], [ 77.424358555190338, 23.230633349189681 ], [ 77.424443355190334, 23.230503449227289 ], [ 77.424329155190321, 23.230440549245504 ], [ 77.424264155190329, 23.230540049216703 ] ] ] } },
{ "type": "Feature", "properties": { }, "geometry": { "type": "Polygon", "coordinates": [ [ [ 77.429091855190322, 23.229746049446589 ], [ 77.429127355190332, 23.229757649443229 ], [ 77.42911715519034, 23.229783849435641 ], [ 77.429180055190329, 23.229804449429675 ], [ 77.429288255190343, 23.229525349510485 ], [ 77.429189955190338, 23.229493149519804 ], [ 77.429091855190322, 23.229746049446589 ] ] ] } },
{ "type": "Feature", "properties": { }, "geometry": { "type": "Polygon", "coordinates": [ [ [ 77.431711655190341, 23.235175147874521 ], [ 77.431705255190337, 23.235306047836616 ], [ 77.43178765519032, 23.235309447835622 ], [ 77.431778855190316, 23.235487747783985 ], [ 77.431967755190342, 23.235495647781701 ], [ 77.431982955190335, 23.235186347871274 ], [ 77.431711655190341, 23.235175147874521 ] ] ] } },
{ "type": "Feature", "properties": { }, "geometry": { "type": "Polygon", "coordinates": [ [ [ 77.428193555190333, 23.229760549442389 ], [ 77.428251855190339, 23.229780549436597 ], [ 77.428313155190338, 23.22962974948026 ], [ 77.428486555190332, 23.229689249463028 ], [ 77.428672055190333, 23.229232449595294 ], [ 77.428440255190338, 23.229152949618307 ], [ 77.428193555190333, 23.229760549442389 ] ] ] } },
{ "type": "Feature", "properties": { }, "geometry": { "type": "Polygon", "coordinates": [ [ [ 77.429953655190332, 23.23163704889906 ], [ 77.430220055190318, 23.231669448889683 ], [ 77.430239455190332, 23.231535148928568 ], [ 77.430144055190326, 23.231523548931921 ], [ 77.430161655190332, 23.231401348967299 ], [ 77.429990655190323, 23.231380548973338 ], [ 77.429953655190332, 23.23163704889906 ] ] ] } },
{ "type": "Feature", "properties": { }, "geometry": { "type": "Polygon", "coordinates": [ [ [ 77.435064555190337, 23.231722048874452 ], [ 77.435025555190322, 23.231851948836841 ], [ 77.435211855190317, 23.231899148823167 ], [ 77.435250855190333, 23.231769348860752 ], [ 77.435064555190337, 23.231722048874452 ] ] ] } },
{ "type": "Feature", "properties": { }, "geometry": { "type": "Polygon", "coordinates": [ [ [ 77.435097855190335, 23.23156424892014 ], [ 77.435291955190323, 23.231610148906853 ], [ 77.435317955190328, 23.231517348933721 ], [ 77.435123855190341, 23.231471448947012 ], [ 77.435097855190335, 23.23156424892014 ] ] ] } },
{ "type": "Feature", "properties": { }, "geometry": { "type": "Polygon", "coordinates": [ [ [ 77.434971355190328, 23.232130048756307 ], [ 77.434934655190318, 23.232251048721281 ], [ 77.435114855190321, 23.232297148707925 ], [ 77.43515155519033, 23.232176148742962 ], [ 77.434971355190328, 23.232130048756307 ] ] ] } },
{ "type": "Feature", "properties": { }, "geometry": { "type": "Polygon", "coordinates": [ [ [ 77.435153155190321, 23.232570548628757 ], [ 77.435361055190342, 23.232603748619145 ], [ 77.43538415519032, 23.232481848654437 ], [ 77.435176255190328, 23.232448548664085 ], [ 77.435153155190321, 23.232570548628757 ] ] ] } },
{ "type": "Feature", "properties": { }, "geometry": { "type": "Polygon", "coordinates": [ [ [ 77.435174255190333, 23.231282649001677 ], [ 77.43536835519032, 23.231327948988564 ], [ 77.435395755190328, 23.231229049017198 ], [ 77.435201555190318, 23.231183849030284 ], [ 77.435174255190333, 23.231282649001677 ] ] ] } },
{ "type": "Feature", "properties": { }, "geometry": { "type": "Polygon", "coordinates": [ [ [ 77.434893655190336, 23.232390148680999 ], [ 77.434861155190319, 23.232504748647813 ], [ 77.435051955190332, 23.232550348634607 ], [ 77.435084355190327, 23.232435748667793 ], [ 77.434893655190336, 23.232390148680999 ] ] ] } },
{ "type": "Feature", "properties": { }, "geometry": { "type": "Polygon", "coordinates": [ [ [ 77.435145255190335, 23.231370348976284 ], [ 77.435120955190342, 23.231464448949037 ], [ 77.435321955190332, 23.231508248936354 ], [ 77.435346155190331, 23.231414148963601 ], [ 77.435145255190335, 23.231370348976284 ] ] ] } },
{ "type": "Feature", "properties": { }, "geometry": { "type": "Polygon", "coordinates": [ [ [ 77.434821255190329, 23.232657948603453 ], [ 77.435002055190324, 23.232705748589613 ], [ 77.435047355190321, 23.232560948631534 ], [ 77.434866555190325, 23.232513148645381 ], [ 77.434821255190329, 23.232657948603453 ] ] ] } },
{ "type": "Feature", "properties": { }, "geometry": { "type": "Polygon", "coordinates": [ [ [ 77.435180655190337, 23.232442348665877 ], [ 77.435383455190333, 23.232478348655455 ], [ 77.435410055190331, 23.23235194869206 ], [ 77.435207255190335, 23.232315948702485 ], [ 77.435180655190337, 23.232442348665877 ] ] ] } },
{ "type": "Feature", "properties": { }, "geometry": { "type": "Polygon", "coordinates": [ [ [ 77.435147755190343, 23.231363048978398 ], [ 77.435335555190321, 23.231405648966064 ], [ 77.43535615519032, 23.231328548988383 ], [ 77.435168455190336, 23.231286049000694 ], [ 77.435147755190343, 23.231363048978398 ] ] ] } },
{ "type": "Feature", "properties": { }, "geometry": { "type": "Polygon", "coordinates": [ [ [ 77.435332855190339, 23.231899548823051 ], [ 77.435524155190336, 23.231943948810198 ], [ 77.435553555190339, 23.231837048841154 ], [ 77.435362255190341, 23.231792648854004 ], [ 77.435332855190339, 23.231899548823051 ] ] ] } },
{ "type": "Feature", "properties": { }, "geometry": { "type": "Polygon", "coordinates": [ [ [ 77.435281955190334, 23.232057548777298 ], [ 77.43547895519032, 23.232099448765172 ], [ 77.435517255190319, 23.231947348809214 ], [ 77.435320255190334, 23.231905448821347 ], [ 77.435281955190334, 23.232057548777298 ] ] ] } },
{ "type": "Feature", "properties": { }, "geometry": { "type": "Polygon", "coordinates": [ [ [ 77.435025355190334, 23.23185924883472 ], [ 77.434988055190317, 23.23198704879772 ], [ 77.435177755190338, 23.23203384878417 ], [ 77.435215155190321, 23.23190604882117 ], [ 77.435025355190334, 23.23185924883472 ] ] ] } },
{ "type": "Feature", "properties": { }, "geometry": { "type": "Polygon", "coordinates": [ [ [ 77.434997955190326, 23.231997748794619 ], [ 77.434960655190324, 23.232124448757926 ], [ 77.435151655190339, 23.232172048744147 ], [ 77.435189055190321, 23.232045348780836 ], [ 77.434997955190326, 23.231997748794619 ] ] ] } },
{ "type": "Feature", "properties": { }, "geometry": { "type": "Polygon", "coordinates": [ [ [ 77.435244655190317, 23.232178948742149 ], [ 77.435438455190337, 23.232222548729521 ], [ 77.435469055190325, 23.232107848762741 ], [ 77.435275255190319, 23.232064248775366 ], [ 77.435244655190317, 23.232178948742149 ] ] ] } },
{ "type": "Feature", "properties": { }, "geometry": { "type": "Polygon", "coordinates": [ [ [ 77.435214555190328, 23.232310148704158 ], [ 77.435410355190328, 23.232347448693361 ], [ 77.435438455190337, 23.232222548729521 ], [ 77.435242655190322, 23.232185248740326 ], [ 77.435214555190328, 23.232310148704158 ] ] ] } },
{ "type": "Feature", "properties": { }, "geometry": { "type": "Polygon", "coordinates": [ [ [ 77.435077755190335, 23.231654548893999 ], [ 77.43527155519034, 23.231695248882211 ], [ 77.435291455190338, 23.23161494890546 ], [ 77.435097655190333, 23.231574248917244 ], [ 77.435077755190335, 23.231654548893999 ] ] ] } },
{ "type": "Feature", "properties": { }, "geometry": { "type": "Polygon", "coordinates": [ [ [ 77.434895155190318, 23.23238424868271 ], [ 77.435086255190328, 23.232432048668858 ], [ 77.435122255190322, 23.232310448704066 ], [ 77.434931155190341, 23.23226264871791 ], [ 77.434895155190318, 23.23238424868271 ] ] ] } },
{ "type": "Feature", "properties": { }, "geometry": { "type": "Polygon", "coordinates": [ [ [ 77.44363565519032, 23.235815147689177 ], [ 77.443630655190319, 23.235923847657695 ], [ 77.443701855190341, 23.235926647656886 ], [ 77.443706755190334, 23.235817847688395 ], [ 77.44363565519032, 23.235815147689177 ] ] ] } },
{ "type": "Feature", "properties": { }, "geometry": { "type": "Polygon", "coordinates": [ [ [ 77.443437255190332, 23.235801547693111 ], [ 77.443431755190318, 23.235922247658156 ], [ 77.443525055190321, 23.235925847657121 ], [ 77.443530455190327, 23.235805147692069 ], [ 77.443437255190332, 23.235801547693111 ] ] ] } },
{ "type": "Feature", "properties": { }, "geometry": { "type": "Polygon", "coordinates": [ [ [ 77.443615655190342, 23.235955647648485 ], [ 77.443604355190317, 23.236076647613448 ], [ 77.443692455190316, 23.236083647611419 ], [ 77.443703755190327, 23.235962647646456 ], [ 77.443615655190342, 23.235955647648485 ] ] ] } },
{ "type": "Feature", "properties": { }, "geometry": { "type": "Polygon", "coordinates": [ [ [ 77.44342765519032, 23.235950747649902 ], [ 77.443418055190335, 23.236052447620452 ], [ 77.443514155190329, 23.236060047618253 ], [ 77.443523655190319, 23.235958347647703 ], [ 77.44342765519032, 23.235950747649902 ] ] ] } },
{ "type": "Feature", "properties": { }, "geometry": { "type": "Polygon", "coordinates": [ [ [ 77.443709255190328, 23.235979547641566 ], [ 77.443699855190317, 23.236079347612662 ], [ 77.443773455190325, 23.236085147610989 ], [ 77.443782755190327, 23.235985347639883 ], [ 77.443709255190328, 23.235979547641566 ] ] ] } },
{ "type": "Feature", "properties": { }, "geometry": { "type": "Polygon", "coordinates": [ [ [ 77.44353375519033, 23.235948447650571 ], [ 77.443523855190321, 23.236054047619987 ], [ 77.443593155190342, 23.236059547618396 ], [ 77.443603055190337, 23.23595394764898 ], [ 77.44353375519033, 23.235948447650571 ] ] ] } },
{ "type": "Feature", "properties": { }, "geometry": { "type": "Polygon", "coordinates": [ [ [ 77.443543855190327, 23.235801147693234 ], [ 77.44353885519034, 23.235911347661318 ], [ 77.443621355190331, 23.235914547660389 ], [ 77.443626355190318, 23.235804347692305 ], [ 77.443543855190327, 23.235801147693234 ] ] ] } },
{ "type": "Feature", "properties": { }, "geometry": { "type": "Polygon", "coordinates": [ [ [ 77.443714555190326, 23.235826547685871 ], [ 77.443708955190317, 23.235949847650165 ], [ 77.443788355190335, 23.235952847649301 ], [ 77.443793955190316, 23.23582964768498 ], [ 77.443714555190326, 23.235826547685871 ] ] ] } },
{ "type": "Feature", "properties": { }, "geometry": { "type": "Polygon", "coordinates": [ [ [ 77.430357855190323, 23.22823974988269 ], [ 77.430452455190334, 23.228324649858113 ], [ 77.430545855190331, 23.228236749883564 ], [ 77.43045115519034, 23.228151849908137 ], [ 77.430357855190323, 23.22823974988269 ] ] ] } },
{ "type": "Feature", "properties": { }, "geometry": { "type": "Polygon", "coordinates": [ [ [ 77.425195055190315, 23.229809649428166 ], [ 77.425222655190325, 23.229809149428316 ], [ 77.425221855190316, 23.229770649439455 ], [ 77.42519415519034, 23.229771149439319 ], [ 77.425195055190315, 23.229809649428166 ] ] ] } },
{ "type": "Feature", "properties": { }, "geometry": { "type": "Polygon", "coordinates": [ [ [ 77.431059355190342, 23.230354449270433 ], [ 77.431473455190329, 23.23057324920708 ], [ 77.431627855190342, 23.230369249266147 ], [ 77.431217155190325, 23.230138149333058 ], [ 77.431059355190342, 23.230354449270433 ] ] ] } },
{ "type": "Feature", "properties": { }, "geometry": { "type": "Polygon", "coordinates": [ [ [ 77.431231655190331, 23.229072049641729 ], [ 77.431378655190329, 23.22915634961732 ], [ 77.431447955190322, 23.229054149646913 ], [ 77.431300955190338, 23.228969949671281 ], [ 77.431231655190331, 23.229072049641729 ] ] ] } },
{ "type": "Feature", "properties": { }, "geometry": { "type": "Polygon", "coordinates": [ [ [ 77.428586555190321, 23.230224849307955 ], [ 77.428684655190338, 23.23013014933537 ], [ 77.428638155190342, 23.230089549347127 ], [ 77.428540055190325, 23.230184349319682 ], [ 77.428586555190321, 23.230224849307955 ] ] ] } },
{ "type": "Feature", "properties": { }, "geometry": { "type": "Polygon", "coordinates": [ [ [ 77.431128155190322, 23.229211949601218 ], [ 77.431253055190325, 23.229268149584954 ], [ 77.43131465519032, 23.229152749618368 ], [ 77.431189755190331, 23.22909644963466 ], [ 77.431128155190322, 23.229211949601218 ] ] ] } },
{ "type": "Feature", "properties": { }, "geometry": { "type": "Polygon", "coordinates": [ [ [ 77.432415955190322, 23.228485649811503 ], [ 77.432501855190324, 23.228558349790454 ], [ 77.432557855190325, 23.228502449806637 ], [ 77.432472055190331, 23.228429749827683 ], [ 77.432415955190322, 23.228485649811503 ] ] ] } },
{ "type": "Feature", "properties": { }, "geometry": { "type": "Polygon", "coordinates": [ [ [ 77.425833455190329, 23.228468349816513 ], [ 77.425993055190318, 23.228466049817179 ], [ 77.425991755190324, 23.228390849838945 ], [ 77.425832155190321, 23.228393149838283 ], [ 77.425833455190329, 23.228468349816513 ] ] ] } },
{ "type": "Feature", "properties": { }, "geometry": { "type": "Polygon", "coordinates": [ [ [ 77.43186335519033, 23.23050954922552 ], [ 77.431968255190341, 23.230517749223146 ], [ 77.431976055190319, 23.230433749247478 ], [ 77.431871055190342, 23.230425549249844 ], [ 77.43186335519033, 23.23050954922552 ] ] ] } },
{ "type": "Feature", "properties": { }, "geometry": { "type": "Polygon", "coordinates": [ [ [ 77.43055975519033, 23.230080049349883 ], [ 77.430947355190327, 23.230305749284536 ], [ 77.431092455190338, 23.230096249345191 ], [ 77.430684855190336, 23.229878249408305 ], [ 77.43055975519033, 23.230080049349883 ] ] ] } },
{ "type": "Feature", "properties": { }, "geometry": { "type": "Polygon", "coordinates": [ [ [ 77.424744655190338, 23.228410949833126 ], [ 77.42493515519034, 23.228409049833672 ], [ 77.424934555190333, 23.228358349848349 ], [ 77.424744155190325, 23.228360249847803 ], [ 77.424744655190338, 23.228410949833126 ] ] ] } },
{ "type": "Feature", "properties": { }, "geometry": { "type": "Polygon", "coordinates": [ [ [ 77.429895255190317, 23.236832347394586 ], [ 77.429850055190329, 23.236697447433656 ], [ 77.429682755190342, 23.236744847419928 ], [ 77.429727955190316, 23.236879647380881 ], [ 77.429895255190317, 23.236832347394586 ] ] ] } },
{ "type": "Feature", "properties": { }, "geometry": { "type": "Polygon", "coordinates": [ [ [ 77.43201925519034, 23.230543149215798 ], [ 77.432141155190322, 23.230547349214582 ], [ 77.432146455190335, 23.230415149252856 ], [ 77.432024555190324, 23.230410949254075 ], [ 77.43201925519034, 23.230543149215798 ] ] ] } },
{ "type": "Feature", "properties": { }, "geometry": { "type": "Polygon", "coordinates": [ [ [ 77.427877455190341, 23.228105849921459 ], [ 77.427939855190331, 23.22816844990334 ], [ 77.428004555190341, 23.228114049919082 ], [ 77.428016055190341, 23.228125549915756 ], [ 77.42805165519033, 23.228095649924413 ], [ 77.428040155190331, 23.228084149927742 ], [ 77.428097655190342, 23.22803574994175 ], [ 77.428035455190326, 23.227973249959849 ], [ 77.427877455190341, 23.228105849921459 ] ] ] } },
{ "type": "Feature", "properties": { }, "geometry": { "type": "Polygon", "coordinates": [ [ [ 77.432180655190336, 23.228667849758747 ], [ 77.432267955190341, 23.228743249736926 ], [ 77.43232445519034, 23.228687949752935 ], [ 77.432237055190328, 23.228612649774735 ], [ 77.432180655190336, 23.228667849758747 ] ] ] } },
{ "type": "Feature", "properties": { }, "geometry": { "type": "Polygon", "coordinates": [ [ [ 77.427276455190324, 23.228300549865089 ], [ 77.427368455190333, 23.228403549835271 ], [ 77.427471055190324, 23.228326249857655 ], [ 77.427379055190329, 23.228223249887463 ], [ 77.427276455190324, 23.228300549865089 ] ] ] } },
{ "type": "Feature", "properties": { }, "geometry": { "type": "Polygon", "coordinates": [ [ [ 77.426987555190323, 23.230287449289833 ], [ 77.427142955190334, 23.230422149250831 ], [ 77.427266555190343, 23.230301749285687 ], [ 77.427111155190332, 23.230167049324699 ], [ 77.426987555190323, 23.230287449289833 ] ] ] } },
{ "type": "Feature", "properties": { }, "geometry": { "type": "Polygon", "coordinates": [ [ [ 77.43190445519032, 23.228257249877629 ], [ 77.431984355190323, 23.228364649846533 ], [ 77.432069955190343, 23.228310849862108 ], [ 77.431990055190326, 23.228203449893201 ], [ 77.43190445519032, 23.228257249877629 ] ] ] } },
{ "type": "Feature", "properties": { }, "geometry": { "type": "Polygon", "coordinates": [ [ [ 77.432536455190331, 23.230395549258532 ], [ 77.432600955190338, 23.230589649202336 ], [ 77.432712155190316, 23.230558449211369 ], [ 77.432594555190335, 23.230204649313805 ], [ 77.432443855190343, 23.230246949301556 ], [ 77.432496955190331, 23.230406649255318 ], [ 77.432536455190331, 23.230395549258532 ] ] ] } },
{ "type": "Feature", "properties": { }, "geometry": { "type": "Polygon", "coordinates": [ [ [ 77.424214255190321, 23.228457749819579 ], [ 77.424214255190321, 23.228529849798704 ], [ 77.424270655190341, 23.228529849798704 ], [ 77.424270655190341, 23.228457749819579 ], [ 77.424214255190321, 23.228457749819579 ] ] ] } },
{ "type": "Feature", "properties": { }, "geometry": { "type": "Polygon", "coordinates": [ [ [ 77.431031055190331, 23.229434149536893 ], [ 77.431235455190333, 23.229497349518592 ], [ 77.431305755190337, 23.229305449574149 ], [ 77.431101355190322, 23.229242249592453 ], [ 77.431031055190331, 23.229434149536893 ] ] ] } },
{ "type": "Feature", "properties": { }, "geometry": { "type": "Polygon", "coordinates": [ [ [ 77.430346355190338, 23.228245949880904 ], [ 77.430287955190337, 23.228306449863389 ], [ 77.430371655190328, 23.228374549843672 ], [ 77.430429955190334, 23.228313949861214 ], [ 77.430346355190338, 23.228245949880904 ] ] ] } },
{ "type": "Feature", "properties": { }, "geometry": { "type": "Polygon", "coordinates": [ [ [ 77.427944855190319, 23.23005404935741 ], [ 77.428058855190329, 23.230085949348169 ], [ 77.428138355190342, 23.229845749417724 ], [ 77.428024455190339, 23.229813849426957 ], [ 77.427944855190319, 23.23005404935741 ] ] ] } },
{ "type": "Feature", "properties": { }, "geometry": { "type": "Polygon", "coordinates": [ [ [ 77.430492655190321, 23.22818044989986 ], [ 77.430554355190338, 23.228240849882376 ], [ 77.430656555190339, 23.228152649907909 ], [ 77.430594855190336, 23.228092349925372 ], [ 77.430492655190321, 23.22818044989986 ] ] ] } },
{ "type": "Feature", "properties": { }, "geometry": { "type": "Polygon", "coordinates": [ [ [ 77.426072655190339, 23.228444849823315 ], [ 77.426163755190331, 23.228443749823629 ], [ 77.426162055190318, 23.22832354985843 ], [ 77.42607105519032, 23.228324549858144 ], [ 77.426072655190339, 23.228444849823315 ] ] ] } },
{ "type": "Feature", "properties": { }, "geometry": { "type": "Polygon", "coordinates": [ [ [ 77.432607055190317, 23.228653849762807 ], [ 77.432692255190318, 23.228731449740341 ], [ 77.432749355190325, 23.228678549755653 ], [ 77.432664255190318, 23.228600949778123 ], [ 77.432607055190317, 23.228653849762807 ] ] ] } },
{ "type": "Feature", "properties": { }, "geometry": { "type": "Polygon", "coordinates": [ [ [ 77.431029455190341, 23.229444249533969 ], [ 77.430969255190334, 23.229608849486311 ], [ 77.431177155190326, 23.229673049467713 ], [ 77.431237355190319, 23.229508549515348 ], [ 77.431029455190341, 23.229444249533969 ] ] ] } },
{ "type": "Feature", "properties": { }, "geometry": { "type": "Polygon", "coordinates": [ [ [ 77.428400755190324, 23.23014564933089 ], [ 77.428527655190322, 23.230194549316728 ], [ 77.428571655190339, 23.230098249344607 ], [ 77.428444755190341, 23.2300492493588 ], [ 77.428400755190324, 23.23014564933089 ] ] ] } },
{ "type": "Feature", "properties": { }, "geometry": { "type": "Polygon", "coordinates": [ [ [ 77.432512555190328, 23.228564449788685 ], [ 77.432596355190327, 23.228633349768739 ], [ 77.43264985519032, 23.228578349784659 ], [ 77.432566055190321, 23.228509449804609 ], [ 77.432512555190328, 23.228564449788685 ] ] ] } },
{ "type": "Feature", "properties": { }, "geometry": { "type": "Polygon", "coordinates": [ [ [ 77.432713755190321, 23.228733949739613 ], [ 77.432789855190322, 23.228803849719384 ], [ 77.432838755190318, 23.228758949732367 ], [ 77.432762655190317, 23.228688949752641 ], [ 77.432713755190321, 23.228733949739613 ] ] ] } },
{ "type": "Feature", "properties": { }, "geometry": { "type": "Polygon", "coordinates": [ [ [ 77.431906255190341, 23.23077124914975 ], [ 77.432294955190329, 23.23078294914637 ], [ 77.432298555190329, 23.230682949175318 ], [ 77.43225025519034, 23.230681449175755 ], [ 77.432253555190343, 23.230588449202681 ], [ 77.431982055190318, 23.230580249205058 ], [ 77.431978755190343, 23.230673349178101 ], [ 77.431909855190327, 23.230671249178705 ], [ 77.431906255190341, 23.23077124914975 ] ] ] } },
{ "type": "Feature", "properties": { }, "geometry": { "type": "Polygon", "coordinates": [ [ [ 77.443813355190315, 23.235248647853233 ], [ 77.443728655190327, 23.235243047854858 ], [ 77.443718855190326, 23.235368647818483 ], [ 77.443803555190328, 23.235374247816864 ], [ 77.443813355190315, 23.235248647853233 ] ] ] } },
{ "type": "Feature", "properties": { }, "geometry": { "type": "Polygon", "coordinates": [ [ [ 77.443223255190333, 23.235710947719351 ], [ 77.443220055190338, 23.235776047700494 ], [ 77.443330355190326, 23.235780747699138 ], [ 77.44333365519033, 23.235715647717992 ], [ 77.443223255190333, 23.235710947719351 ] ] ] } },
{ "type": "Feature", "properties": { }, "geometry": { "type": "Polygon", "coordinates": [ [ [ 77.442655455190319, 23.234021548208588 ], [ 77.442656155190321, 23.234081248191298 ], [ 77.442774455190332, 23.234080148191623 ], [ 77.442773755190331, 23.234020448208906 ], [ 77.442655455190319, 23.234021548208588 ] ] ] } },
{ "type": "Feature", "properties": { }, "geometry": { "type": "Polygon", "coordinates": [ [ [ 77.442644455190333, 23.235750647707857 ], [ 77.44264155519032, 23.235839547682112 ], [ 77.442770255190339, 23.23584304768109 ], [ 77.442773155190338, 23.235754147706839 ], [ 77.442644455190333, 23.235750647707857 ] ] ] } },
{ "type": "Feature", "properties": { }, "geometry": { "type": "Polygon", "coordinates": [ [ [ 77.442279655190319, 23.235803847692448 ], [ 77.442277755190332, 23.23587344767229 ], [ 77.442411855190315, 23.235876447671423 ], [ 77.442413755190316, 23.235806847691581 ], [ 77.442279655190319, 23.235803847692448 ] ] ] } },
{ "type": "Feature", "properties": { }, "geometry": { "type": "Polygon", "coordinates": [ [ [ 77.44263085519033, 23.23428004813373 ], [ 77.442631755190334, 23.234366248108763 ], [ 77.44279465519034, 23.23436484810917 ], [ 77.442793755190337, 23.234278648134136 ], [ 77.44263085519033, 23.23428004813373 ] ] ] } },
{ "type": "Feature", "properties": { }, "geometry": { "type": "Polygon", "coordinates": [ [ [ 77.442439655190341, 23.235764847703745 ], [ 77.442437255190328, 23.235839647682081 ], [ 77.442563255190322, 23.235842947681128 ], [ 77.442565655190336, 23.235768247702758 ], [ 77.442439655190341, 23.235764847703745 ] ] ] } },
{ "type": "Feature", "properties": { }, "geometry": { "type": "Polygon", "coordinates": [ [ [ 77.442300155190338, 23.236153447591199 ], [ 77.442249755190332, 23.236262347559663 ], [ 77.442327555190332, 23.236292747550859 ], [ 77.442377955190324, 23.236183847582399 ], [ 77.442300155190338, 23.236153447591199 ] ] ] } },
{ "type": "Feature", "properties": { }, "geometry": { "type": "Polygon", "coordinates": [ [ [ 77.442289655190336, 23.23563254774206 ], [ 77.44229065519032, 23.235721147716401 ], [ 77.442418755190332, 23.235719847716773 ], [ 77.442417755190334, 23.235631247742432 ], [ 77.442289655190336, 23.23563254774206 ] ] ] } },
{ "type": "Feature", "properties": { }, "geometry": { "type": "Polygon", "coordinates": [ [ [ 77.443094055190329, 23.235453747793841 ], [ 77.443090055190325, 23.235525947772928 ], [ 77.443194155190341, 23.235530847771507 ], [ 77.443198155190331, 23.235458647792417 ], [ 77.443094055190329, 23.235453747793841 ] ] ] } },
{ "type": "Feature", "properties": { }, "geometry": { "type": "Polygon", "coordinates": [ [ [ 77.443648455190328, 23.235236347856794 ], [ 77.443637255190339, 23.235379747815266 ], [ 77.443711355190317, 23.235384647813845 ], [ 77.44372255519032, 23.235241247855377 ], [ 77.443648455190328, 23.235236347856794 ] ] ] } },
{ "type": "Feature", "properties": { }, "geometry": { "type": "Polygon", "coordinates": [ [ [ 77.443060955190319, 23.235952547649386 ], [ 77.443056355190336, 23.236034547625632 ], [ 77.443191055190326, 23.236040847623816 ], [ 77.443195555190343, 23.235958847647559 ], [ 77.443060955190319, 23.235952547649386 ] ] ] } },
{ "type": "Feature", "properties": { }, "geometry": { "type": "Polygon", "coordinates": [ [ [ 77.442311455190321, 23.236308747546222 ], [ 77.442256855190323, 23.236403947518653 ], [ 77.44232255519033, 23.236435847509419 ], [ 77.442377255190337, 23.236340647536984 ], [ 77.442311455190321, 23.236308747546222 ] ] ] } },
{ "type": "Feature", "properties": { }, "geometry": { "type": "Polygon", "coordinates": [ [ [ 77.442636655190341, 23.235920447658682 ], [ 77.442634055190325, 23.236004147634436 ], [ 77.442763855190336, 23.236007647633425 ], [ 77.442766455190338, 23.235923947657668 ], [ 77.442636655190341, 23.235920447658682 ] ] ] } },
{ "type": "Feature", "properties": { }, "geometry": { "type": "Polygon", "coordinates": [ [ [ 77.442799455190325, 23.23577804769992 ], [ 77.442795255190333, 23.235854547677768 ], [ 77.442923255190323, 23.235860547676026 ], [ 77.442927455190315, 23.235784047698182 ], [ 77.442799455190325, 23.23577804769992 ] ] ] } },
{ "type": "Feature", "properties": { }, "geometry": { "type": "Polygon", "coordinates": [ [ [ 77.442077455190315, 23.236216947572814 ], [ 77.44201035519032, 23.236318347543445 ], [ 77.442081155190337, 23.236357847532002 ], [ 77.442148255190332, 23.236256447561374 ], [ 77.442077455190315, 23.236216947572814 ] ] ] } },
{ "type": "Feature", "properties": { }, "geometry": { "type": "Polygon", "coordinates": [ [ [ 77.442283655190323, 23.235726147714946 ], [ 77.442282855190328, 23.23579774769421 ], [ 77.442422355190317, 23.235798947693858 ], [ 77.44242315519034, 23.235727447714574 ], [ 77.442283655190323, 23.235726147714946 ] ] ] } },
{ "type": "Feature", "properties": { }, "geometry": { "type": "Polygon", "coordinates": [ [ [ 77.442648355190329, 23.234190048159789 ], [ 77.442649255190318, 23.234275048135185 ], [ 77.442788055190334, 23.234273748135553 ], [ 77.442787155190331, 23.234188748160172 ], [ 77.442648355190329, 23.234190048159789 ] ] ] } },
{ "type": "Feature", "properties": { }, "geometry": { "type": "Polygon", "coordinates": [ [ [ 77.442387455190328, 23.233952448228596 ], [ 77.442386055190326, 23.234043148202336 ], [ 77.442523555190334, 23.23404484820184 ], [ 77.442524855190342, 23.233954148228101 ], [ 77.442387455190328, 23.233952448228596 ] ] ] } },
{ "type": "Feature", "properties": { }, "geometry": { "type": "Polygon", "coordinates": [ [ [ 77.442453355190324, 23.235682247727663 ], [ 77.442451055190318, 23.235755147706552 ], [ 77.442571255190316, 23.23575834770563 ], [ 77.442573555190322, 23.235685447726741 ], [ 77.442453355190324, 23.235682247727663 ] ] ] } },
{ "type": "Feature", "properties": { }, "geometry": { "type": "Polygon", "coordinates": [ [ [ 77.442221455190321, 23.234394948100459 ], [ 77.442343655190342, 23.234393748100807 ], [ 77.442342855190333, 23.234318348122642 ], [ 77.442220555190318, 23.234319548122293 ], [ 77.442221455190321, 23.234394948100459 ] ] ] } },
{ "type": "Feature", "properties": { }, "geometry": { "type": "Polygon", "coordinates": [ [ [ 77.443560455190337, 23.235245047854278 ], [ 77.443549455190336, 23.235385247813674 ], [ 77.443634055190316, 23.235390847812059 ], [ 77.443645055190316, 23.235250547852679 ], [ 77.443560455190337, 23.235245047854278 ] ] ] } },
{ "type": "Feature", "properties": { }, "geometry": { "type": "Polygon", "coordinates": [ [ [ 77.443343155190334, 23.23555114776563 ], [ 77.443347155190324, 23.235469947789142 ], [ 77.443229155190323, 23.235464947790593 ], [ 77.443225055190339, 23.235546247767051 ], [ 77.443343155190334, 23.23555114776563 ] ] ] } },
{ "type": "Feature", "properties": { }, "geometry": { "type": "Polygon", "coordinates": [ [ [ 77.443205255190335, 23.235934047654744 ], [ 77.443200955190321, 23.236020147629805 ], [ 77.443338155190332, 23.236025947628132 ], [ 77.443342455190319, 23.235939947653033 ], [ 77.443205255190335, 23.235934047654744 ] ] ] } },
{ "type": "Feature", "properties": { }, "geometry": { "type": "Polygon", "coordinates": [ [ [ 77.44244925519034, 23.236364247530151 ], [ 77.44238735519032, 23.236338347537654 ], [ 77.442339055190331, 23.236436047509361 ], [ 77.442400955190323, 23.236461847501889 ], [ 77.44244925519034, 23.236364247530151 ] ] ] } },
{ "type": "Feature", "properties": { }, "geometry": { "type": "Polygon", "coordinates": [ [ [ 77.442406155190326, 23.234048548200771 ], [ 77.442405055190335, 23.234128948177485 ], [ 77.442534955190339, 23.234130548177021 ], [ 77.442536155190339, 23.234050148200307 ], [ 77.442406155190326, 23.234048548200771 ] ] ] } },
{ "type": "Feature", "properties": { }, "geometry": { "type": "Polygon", "coordinates": [ [ [ 77.44280655519033, 23.235696547723517 ], [ 77.442802655190334, 23.235768547702673 ], [ 77.442927055190339, 23.235774347700993 ], [ 77.442931055190328, 23.235702347721837 ], [ 77.44280655519033, 23.235696547723517 ] ] ] } },
{ "type": "Feature", "properties": { }, "geometry": { "type": "Polygon", "coordinates": [ [ [ 77.442388755190336, 23.233871148252138 ], [ 77.442387655190331, 23.233947748229955 ], [ 77.442518855190329, 23.233949348229494 ], [ 77.442519955190321, 23.233872748251677 ], [ 77.442388755190336, 23.233871148252138 ] ] ] } },
{ "type": "Feature", "properties": { }, "geometry": { "type": "Polygon", "coordinates": [ [ [ 77.442384755190318, 23.234311048124756 ], [ 77.442383455190338, 23.234401648098512 ], [ 77.442530255190334, 23.234403448097996 ], [ 77.442531555190328, 23.234312848124233 ], [ 77.442384755190318, 23.234311048124756 ] ] ] } },
{ "type": "Feature", "properties": { }, "geometry": { "type": "Polygon", "coordinates": [ [ [ 77.443225855190335, 23.235617847746315 ], [ 77.443222855190328, 23.235704747721144 ], [ 77.443346055190318, 23.235708247720137 ], [ 77.443349055190325, 23.23562144774527 ], [ 77.443225855190335, 23.235617847746315 ] ] ] } },
{ "type": "Feature", "properties": { }, "geometry": { "type": "Polygon", "coordinates": [ [ [ 77.442467355190331, 23.23620924757504 ], [ 77.442397355190337, 23.236182947582655 ], [ 77.442346755190343, 23.236296647549729 ], [ 77.442416755190337, 23.236322947542114 ], [ 77.442467355190331, 23.23620924757504 ] ] ] } },
{ "type": "Feature", "properties": { }, "geometry": { "type": "Polygon", "coordinates": [ [ [ 77.44346505519033, 23.235232347857952 ], [ 77.443454655190322, 23.235365647819354 ], [ 77.44353895519032, 23.235371247817728 ], [ 77.443549355190342, 23.235237947856337 ], [ 77.44346505519033, 23.235232347857952 ] ] ] } },
{ "type": "Feature", "properties": { }, "geometry": { "type": "Polygon", "coordinates": [ [ [ 77.443215755190337, 23.235877547671102 ], [ 77.443213555190326, 23.235922047658217 ], [ 77.443324055190317, 23.235926747656855 ], [ 77.443326255190328, 23.235882247669739 ], [ 77.443215755190337, 23.235877547671102 ] ] ] } },
{ "type": "Feature", "properties": { }, "geometry": { "type": "Polygon", "coordinates": [ [ [ 77.442195355190336, 23.233958448226858 ], [ 77.442196155190331, 23.23403484820474 ], [ 77.442343455190326, 23.234033348205173 ], [ 77.442342555190322, 23.233956948227295 ], [ 77.442195355190336, 23.233958448226858 ] ] ] } },
{ "type": "Feature", "properties": { }, "geometry": { "type": "Polygon", "coordinates": [ [ [ 77.442652855190317, 23.235674047730036 ], [ 77.442651055190339, 23.235733547712805 ], [ 77.442772455190322, 23.235736847711856 ], [ 77.442774355190323, 23.235677247729118 ], [ 77.442652855190317, 23.235674047730036 ] ] ] } },
{ "type": "Feature", "properties": { }, "geometry": { "type": "Polygon", "coordinates": [ [ [ 77.442104255190316, 23.236333747538986 ], [ 77.442149755190343, 23.236356847532299 ], [ 77.442200655190319, 23.23627244755674 ], [ 77.442155255190343, 23.23624924756346 ], [ 77.442104255190316, 23.236333747538986 ] ] ] } },
{ "type": "Feature", "properties": { }, "geometry": { "type": "Polygon", "coordinates": [ [ [ 77.442216155190337, 23.234127148178008 ], [ 77.442355755190334, 23.23412574817841 ], [ 77.442354755190337, 23.234042148202622 ], [ 77.44221525519032, 23.234043448202247 ], [ 77.442216155190337, 23.234127148178008 ] ] ] } },
{ "type": "Feature", "properties": { }, "geometry": { "type": "Polygon", "coordinates": [ [ [ 77.442636455190339, 23.234099848185913 ], [ 77.442637355190342, 23.234180948162429 ], [ 77.442785355190338, 23.234179548162839 ], [ 77.442784555190343, 23.23409844818632 ], [ 77.442636455190339, 23.234099848185913 ] ] ] } },
{ "type": "Feature", "properties": { }, "geometry": { "type": "Polygon", "coordinates": [ [ [ 77.442039255190323, 23.236065347616716 ], [ 77.441980955190317, 23.2361793475837 ], [ 77.442046355190342, 23.236207647575508 ], [ 77.442104755190329, 23.236093647608524 ], [ 77.442039255190323, 23.236065347616716 ] ] ] } },
{ "type": "Feature", "properties": { }, "geometry": { "type": "Polygon", "coordinates": [ [ [ 77.442644355190339, 23.234449848084559 ], [ 77.442788155190328, 23.234448548084931 ], [ 77.442787355190333, 23.234371648107203 ], [ 77.442643555190315, 23.234372948106831 ], [ 77.442644355190339, 23.234449848084559 ] ] ] } },
{ "type": "Feature", "properties": { }, "geometry": { "type": "Polygon", "coordinates": [ [ [ 77.442219255190338, 23.234220148151081 ], [ 77.442220355190315, 23.234312748124264 ], [ 77.442352355190323, 23.234311448124636 ], [ 77.442351355190326, 23.234218848151453 ], [ 77.442219255190338, 23.234220148151081 ] ] ] } },
{ "type": "Feature", "properties": { }, "geometry": { "type": "Polygon", "coordinates": [ [ [ 77.443693355190334, 23.235423547802583 ], [ 77.443620155190317, 23.235422147802993 ], [ 77.44361785519034, 23.235522847773829 ], [ 77.443690955190334, 23.235524347773399 ], [ 77.443693355190334, 23.235423547802583 ] ] ] } },
{ "type": "Feature", "properties": { }, "geometry": { "type": "Polygon", "coordinates": [ [ [ 77.442421455190342, 23.236489247493953 ], [ 77.442517755190323, 23.236526647483128 ], [ 77.442567655190317, 23.23641784751463 ], [ 77.442471355190335, 23.236380547525432 ], [ 77.442421455190342, 23.236489247493953 ] ] ] } },
{ "type": "Feature", "properties": { }, "geometry": { "type": "Polygon", "coordinates": [ [ [ 77.442276255190322, 23.235970147644284 ], [ 77.442274855190334, 23.236048847621497 ], [ 77.442408355190338, 23.236109147604033 ], [ 77.442410355190333, 23.235975747642662 ], [ 77.442276255190322, 23.235970147644284 ] ] ] } },
{ "type": "Feature", "properties": { }, "geometry": { "type": "Polygon", "coordinates": [ [ [ 77.442222855190337, 23.236276847555462 ], [ 77.442172355190337, 23.236375347526938 ], [ 77.442248555190332, 23.236408347517379 ], [ 77.442299055190318, 23.23630994754588 ], [ 77.442222855190337, 23.236276847555462 ] ] ] } },
{ "type": "Feature", "properties": { }, "geometry": { "type": "Polygon", "coordinates": [ [ [ 77.443073155190319, 23.235788847696792 ], [ 77.443068555190322, 23.23587304767241 ], [ 77.443206755190317, 23.235879547670521 ], [ 77.443211355190329, 23.235795347694907 ], [ 77.443073155190319, 23.235788847696792 ] ] ] } },
{ "type": "Feature", "properties": { }, "geometry": { "type": "Polygon", "coordinates": [ [ [ 77.442133155190334, 23.236073947614226 ], [ 77.44208445519034, 23.236184647582167 ], [ 77.442160555190327, 23.236212847574006 ], [ 77.442209155190326, 23.236102247606027 ], [ 77.442133155190334, 23.236073947614226 ] ] ] } },
{ "type": "Feature", "properties": { }, "geometry": { "type": "Polygon", "coordinates": [ [ [ 77.442664355190317, 23.235494947781905 ], [ 77.44266205519034, 23.235567147760996 ], [ 77.44278675519034, 23.235570547760016 ], [ 77.442789055190332, 23.235498347780926 ], [ 77.442664355190317, 23.235494947781905 ] ] ] } },
{ "type": "Feature", "properties": { }, "geometry": { "type": "Polygon", "coordinates": [ [ [ 77.443086155190329, 23.23562434774443 ], [ 77.443082255190333, 23.235694747724043 ], [ 77.443204355190332, 23.235700447722394 ], [ 77.443208255190328, 23.235630047742788 ], [ 77.443086155190329, 23.23562434774443 ] ] ] } },
{ "type": "Feature", "properties": { }, "geometry": { "type": "Polygon", "coordinates": [ [ [ 77.442788755190321, 23.235935447654334 ], [ 77.442783955190322, 23.236023247628903 ], [ 77.442898555190339, 23.236028547627374 ], [ 77.442903455190319, 23.23594084765277 ], [ 77.442788755190321, 23.235935447654334 ] ] ] } },
{ "type": "Feature", "properties": { }, "geometry": { "type": "Polygon", "coordinates": [ [ [ 77.442485855190327, 23.236219747572001 ], [ 77.442440855190341, 23.236342347536493 ], [ 77.442558155190326, 23.236386647523666 ], [ 77.442560855190322, 23.236241247565776 ], [ 77.442485855190327, 23.236219747572001 ] ] ] } },
{ "type": "Feature", "properties": { }, "geometry": { "type": "Polygon", "coordinates": [ [ [ 77.442208155190343, 23.234402648098232 ], [ 77.442208955190338, 23.234473348077753 ], [ 77.44235845519033, 23.234471848078186 ], [ 77.442357655190335, 23.234401248098631 ], [ 77.442208155190343, 23.234402648098232 ] ] ] } },
{ "type": "Feature", "properties": { }, "geometry": { "type": "Polygon", "coordinates": [ [ [ 77.442384055190317, 23.234222948150268 ], [ 77.44238295519034, 23.23429694812884 ], [ 77.442525555190315, 23.234298748128314 ], [ 77.442526655190321, 23.234224748149746 ], [ 77.442384055190317, 23.234222948150268 ] ] ] } },
{ "type": "Feature", "properties": { }, "geometry": { "type": "Polygon", "coordinates": [ [ [ 77.443701055190331, 23.235530747771538 ], [ 77.443781655190321, 23.235534347770496 ], [ 77.443787355190338, 23.235426247801804 ], [ 77.443706755190334, 23.235422647802842 ], [ 77.443701055190331, 23.235530747771538 ] ] ] } },
{ "type": "Feature", "properties": { }, "geometry": { "type": "Polygon", "coordinates": [ [ [ 77.442795755190318, 23.235863347675217 ], [ 77.442792055190324, 23.235930247655837 ], [ 77.442913655190338, 23.235935847654225 ], [ 77.442917355190332, 23.235868947673598 ], [ 77.442795755190318, 23.235863347675217 ] ] ] } },
{ "type": "Feature", "properties": { }, "geometry": { "type": "Polygon", "coordinates": [ [ [ 77.442451455190323, 23.235672447730501 ], [ 77.442565255190317, 23.235675547729606 ], [ 77.442566855190336, 23.235627047743652 ], [ 77.442452955190333, 23.235624047744519 ], [ 77.442451455190323, 23.235672447730501 ] ] ] } },
{ "type": "Feature", "properties": { }, "geometry": { "type": "Polygon", "coordinates": [ [ [ 77.442283655190323, 23.235886947668384 ], [ 77.442281955190339, 23.235960447647098 ], [ 77.442412055190331, 23.235962947646371 ], [ 77.442413755190316, 23.23588944766766 ], [ 77.442283655190323, 23.235886947668384 ] ] ] } },
{ "type": "Feature", "properties": { }, "geometry": { "type": "Polygon", "coordinates": [ [ [ 77.443428455190343, 23.235505247778921 ], [ 77.443506255190343, 23.235509847777593 ], [ 77.443512955190329, 23.235414347805246 ], [ 77.443435155190329, 23.235409647806613 ], [ 77.443428455190343, 23.235505247778921 ] ] ] } },
{ "type": "Feature", "properties": { }, "geometry": { "type": "Polygon", "coordinates": [ [ [ 77.442200155190335, 23.233950248229231 ], [ 77.442335655190334, 23.233948948229614 ], [ 77.442334555190328, 23.233857348256134 ], [ 77.442199155190337, 23.233858648255762 ], [ 77.442200155190335, 23.233950248229231 ] ] ] } },
{ "type": "Feature", "properties": { }, "geometry": { "type": "Polygon", "coordinates": [ [ [ 77.442657455190343, 23.235586847755293 ], [ 77.442655055190343, 23.235663147733195 ], [ 77.44277975519033, 23.235666447732235 ], [ 77.442782155190315, 23.235590147754337 ], [ 77.442657455190343, 23.235586847755293 ] ] ] } },
{ "type": "Feature", "properties": { }, "geometry": { "type": "Polygon", "coordinates": [ [ [ 77.443075955190338, 23.235702447721813 ], [ 77.443071655190323, 23.235781147699026 ], [ 77.443202455190317, 23.235787247697253 ], [ 77.443206755190317, 23.235708547720048 ], [ 77.443075955190338, 23.235702447721813 ] ] ] } },
{ "type": "Feature", "properties": { }, "geometry": { "type": "Polygon", "coordinates": [ [ [ 77.442289055190329, 23.236150447592077 ], [ 77.442212455190329, 23.236118547601311 ], [ 77.442162555190322, 23.236219947571946 ], [ 77.442239055190342, 23.236251747562733 ], [ 77.442289055190329, 23.236150447592077 ] ] ] } },
{ "type": "Feature", "properties": { }, "geometry": { "type": "Polygon", "coordinates": [ [ [ 77.442813655190321, 23.235601447751066 ], [ 77.44280895519033, 23.235684947726877 ], [ 77.442940355190331, 23.235691047725116 ], [ 77.442945055190336, 23.235607547749296 ], [ 77.442813655190321, 23.235601447751066 ] ] ] } },
{ "type": "Feature", "properties": { }, "geometry": { "type": "Polygon", "coordinates": [ [ [ 77.443092855190315, 23.235534847770349 ], [ 77.443089355190324, 23.235598247751987 ], [ 77.44319535519034, 23.235603247750539 ], [ 77.443198855190332, 23.235539747768936 ], [ 77.443092855190315, 23.235534847770349 ] ] ] } },
{ "type": "Feature", "properties": { }, "geometry": { "type": "Polygon", "coordinates": [ [ [ 77.442637255190334, 23.235847347679854 ], [ 77.442635055190337, 23.235916447659839 ], [ 77.442764555190337, 23.235919947658822 ], [ 77.442766755190334, 23.235850847678837 ], [ 77.442637255190334, 23.235847347679854 ] ] ] } },
{ "type": "Feature", "properties": { }, "geometry": { "type": "Polygon", "coordinates": [ [ [ 77.442448955190315, 23.23607244761466 ], [ 77.442444755190337, 23.236112847602957 ], [ 77.442551355190332, 23.236154147591002 ], [ 77.442553555190315, 23.236074947613936 ], [ 77.442448955190315, 23.23607244761466 ] ] ] } },
{ "type": "Feature", "properties": { }, "geometry": { "type": "Polygon", "coordinates": [ [ [ 77.442212855190334, 23.234143748173199 ], [ 77.442213655190329, 23.234214748152638 ], [ 77.442348055190322, 23.234213448153017 ], [ 77.442347255190327, 23.234142448173571 ], [ 77.442212855190334, 23.234143748173199 ] ] ] } },
{ "type": "Feature", "properties": { }, "geometry": { "type": "Polygon", "coordinates": [ [ [ 77.442622555190326, 23.234457248082418 ], [ 77.442623555190323, 23.234548048056123 ], [ 77.442787655190315, 23.23454654805656 ], [ 77.44278675519034, 23.234455748082858 ], [ 77.442622555190326, 23.234457248082418 ] ] ] } },
{ "type": "Feature", "properties": { }, "geometry": { "type": "Polygon", "coordinates": [ [ [ 77.443532355190328, 23.235430047800705 ], [ 77.443526355190329, 23.235548347766443 ], [ 77.443608455190315, 23.235551847765425 ], [ 77.443614555190337, 23.235433547799687 ], [ 77.443532355190328, 23.235430047800705 ] ] ] } },
{ "type": "Feature", "properties": { }, "geometry": { "type": "Polygon", "coordinates": [ [ [ 77.443215755190337, 23.235860547676026 ], [ 77.443324155190325, 23.235865247674671 ], [ 77.443328055190321, 23.235788047697028 ], [ 77.443219655190333, 23.235783447698356 ], [ 77.443215755190337, 23.235860547676026 ] ] ] } },
{ "type": "Feature", "properties": { }, "geometry": { "type": "Polygon", "coordinates": [ [ [ 77.442816355190317, 23.235499447780601 ], [ 77.442811455190338, 23.235587247755181 ], [ 77.442937955190331, 23.23559314775347 ], [ 77.442942755190316, 23.235505347778894 ], [ 77.442816355190317, 23.235499447780601 ] ] ] } },
{ "type": "Feature", "properties": { }, "geometry": { "type": "Polygon", "coordinates": [ [ [ 77.442638955190333, 23.233907348241658 ], [ 77.442640155190333, 23.234010948211651 ], [ 77.442799655190328, 23.234009448212099 ], [ 77.442798555190336, 23.233905848242092 ], [ 77.442638955190333, 23.233907348241658 ] ] ] } },
{ "type": "Feature", "properties": { }, "geometry": { "type": "Polygon", "coordinates": [ [ [ 77.442387455190328, 23.234139748174361 ], [ 77.442386255190343, 23.234216848152027 ], [ 77.442529555190333, 23.234218648151508 ], [ 77.442530655190339, 23.234141548173842 ], [ 77.442387455190328, 23.234139748174361 ] ] ] } },
{ "type": "Feature", "properties": { }, "geometry": { "type": "Polygon", "coordinates": [ [ [ 77.442389555190331, 23.234407148096924 ], [ 77.442389255190321, 23.234426848091221 ], [ 77.442401655190324, 23.234427048091163 ], [ 77.442400855190328, 23.234479948075844 ], [ 77.442542955190333, 23.234481748075321 ], [ 77.442544055190339, 23.234409048096374 ], [ 77.442389555190331, 23.234407148096924 ] ] ] } },
{ "type": "Feature", "properties": { }, "geometry": { "type": "Polygon", "coordinates": [ [ [ 77.442556655190316, 23.236042347623375 ], [ 77.442562055190322, 23.235872347672608 ], [ 77.442443455190329, 23.235869147673537 ], [ 77.442442455190331, 23.235900247664532 ], [ 77.442433255190338, 23.23590004766459 ], [ 77.442430055190329, 23.236001747635129 ], [ 77.442442055190341, 23.236002047635044 ], [ 77.442440855190341, 23.236039247624273 ], [ 77.442556655190316, 23.236042347623375 ] ] ] } },
{ "type": "Feature", "properties": { }, "geometry": { "type": "Polygon", "coordinates": [ [ [ 77.439570655190323, 23.241781945960962 ], [ 77.439570955190334, 23.241812445952139 ], [ 77.439621855190339, 23.24181214595222 ], [ 77.439621655190336, 23.241781645961055 ], [ 77.439570655190323, 23.241781945960962 ] ] ] } },
{ "type": "Feature", "properties": { }, "geometry": { "type": "Polygon", "coordinates": [ [ [ 77.441378655190334, 23.238540346899907 ], [ 77.441461855190326, 23.238540746899787 ], [ 77.441462455190319, 23.238426346932929 ], [ 77.441379255190327, 23.238425946933038 ], [ 77.441378655190334, 23.238540346899907 ] ] ] } },
{ "type": "Feature", "properties": { }, "geometry": { "type": "Polygon", "coordinates": [ [ [ 77.441001755190342, 23.24013014643943 ], [ 77.441035955190316, 23.240183846423871 ], [ 77.441145955190322, 23.240124746440998 ], [ 77.44111175519032, 23.240071046456556 ], [ 77.441001755190342, 23.24013014643943 ] ] ] } },
{ "type": "Feature", "properties": { }, "geometry": { "type": "Polygon", "coordinates": [ [ [ 77.439729455190317, 23.240073046455969 ], [ 77.439813555190341, 23.24009734644893 ], [ 77.439854455190329, 23.239977846483544 ], [ 77.439770355190319, 23.239953546490579 ], [ 77.439729455190317, 23.240073046455969 ] ] ] } },
{ "type": "Feature", "properties": { }, "geometry": { "type": "Polygon", "coordinates": [ [ [ 77.441645255190323, 23.238548346897591 ], [ 77.441653255190332, 23.238414046936484 ], [ 77.441563355190326, 23.238409446937823 ], [ 77.441555255190337, 23.238543746898923 ], [ 77.441645255190323, 23.238548346897591 ] ] ] } },
{ "type": "Feature", "properties": { }, "geometry": { "type": "Polygon", "coordinates": [ [ [ 77.440748355190323, 23.239885546510283 ], [ 77.440716755190323, 23.240007346475 ], [ 77.440864955190335, 23.240003046476243 ], [ 77.440893855190339, 23.239929946497416 ], [ 77.440748355190323, 23.239885546510283 ] ] ] } },
{ "type": "Feature", "properties": { }, "geometry": { "type": "Polygon", "coordinates": [ [ [ 77.43968095519034, 23.238584846887019 ], [ 77.439805255190322, 23.238635546872334 ], [ 77.439836555190325, 23.238570746891099 ], [ 77.439712255190329, 23.238520046905787 ], [ 77.43968095519034, 23.238584846887019 ] ] ] } },
{ "type": "Feature", "properties": { }, "geometry": { "type": "Polygon", "coordinates": [ [ [ 77.440566255190319, 23.239929946497416 ], [ 77.440713155190338, 23.239969946485832 ], [ 77.440741455190334, 23.239882146511263 ], [ 77.440594655190324, 23.239842146522854 ], [ 77.440566255190319, 23.239929946497416 ] ] ] } },
{ "type": "Feature", "properties": { }, "geometry": { "type": "Polygon", "coordinates": [ [ [ 77.43946705519032, 23.241756945968202 ], [ 77.43957085519034, 23.241761045967024 ], [ 77.43957365519033, 23.24170144598429 ], [ 77.439469855190339, 23.241697345985472 ], [ 77.43946705519032, 23.241756945968202 ] ] ] } },
{ "type": "Feature", "properties": { }, "geometry": { "type": "Polygon", "coordinates": [ [ [ 77.440719655190321, 23.239419746645201 ], [ 77.440690555190329, 23.239493746623758 ], [ 77.440829655190328, 23.239539946610382 ], [ 77.440858755190334, 23.239465946631817 ], [ 77.440719655190321, 23.239419746645201 ] ] ] } },
{ "type": "Feature", "properties": { }, "geometry": { "type": "Polygon", "coordinates": [ [ [ 77.439492755190329, 23.239037646755865 ], [ 77.439621055190329, 23.239089046740986 ], [ 77.43964825519032, 23.239031746757576 ], [ 77.439519955190335, 23.238980246772492 ], [ 77.439492755190329, 23.239037646755865 ] ] ] } },
{ "type": "Feature", "properties": { }, "geometry": { "type": "Polygon", "coordinates": [ [ [ 77.440665855190332, 23.240382146366436 ], [ 77.440710755190338, 23.24045094634651 ], [ 77.440835455190324, 23.240382146366436 ], [ 77.440790655190341, 23.240313446386342 ], [ 77.440665855190332, 23.240382146366436 ] ] ] } },
{ "type": "Feature", "properties": { }, "geometry": { "type": "Polygon", "coordinates": [ [ [ 77.439514155190338, 23.239492146624222 ], [ 77.439641755190323, 23.23954304660948 ], [ 77.439672555190342, 23.239477746628395 ], [ 77.439544955190328, 23.239426846643138 ], [ 77.439514155190338, 23.239492146624222 ] ] ] } },
{ "type": "Feature", "properties": { }, "geometry": { "type": "Polygon", "coordinates": [ [ [ 77.441013355190321, 23.239142846725404 ], [ 77.441137255190341, 23.239182746713848 ], [ 77.441180455190334, 23.239069346746692 ], [ 77.441056555190343, 23.239029446758241 ], [ 77.441013355190321, 23.239142846725404 ] ] ] } },
{ "type": "Feature", "properties": { }, "geometry": { "type": "Polygon", "coordinates": [ [ [ 77.439496355190329, 23.240179446425149 ], [ 77.439606155190333, 23.240211346415908 ], [ 77.439646255190326, 23.240094946449631 ], [ 77.439536455190336, 23.240063046458864 ], [ 77.439496355190329, 23.240179446425149 ] ] ] } },
{ "type": "Feature", "properties": { }, "geometry": { "type": "Polygon", "coordinates": [ [ [ 77.441129155190339, 23.240340546378484 ], [ 77.44123725519033, 23.240282446395316 ], [ 77.441180955190319, 23.240194046420921 ], [ 77.441072955190336, 23.240252146404085 ], [ 77.441129155190339, 23.240340546378484 ] ] ] } },
{ "type": "Feature", "properties": { }, "geometry": { "type": "Polygon", "coordinates": [ [ [ 77.440727155190316, 23.239412846647195 ], [ 77.440857355190332, 23.239456046634682 ], [ 77.440890855190332, 23.239371046659304 ], [ 77.440760655190317, 23.23932784667182 ], [ 77.440727155190316, 23.239412846647195 ] ] ] } },
{ "type": "Feature", "properties": { }, "geometry": { "type": "Polygon", "coordinates": [ [ [ 77.439330155190319, 23.239441746638825 ], [ 77.439481255190316, 23.239502446621245 ], [ 77.439514555190343, 23.239432546641488 ], [ 77.439363355190324, 23.239371846659068 ], [ 77.439330155190319, 23.239441746638825 ] ] ] } },
{ "type": "Feature", "properties": { }, "geometry": { "type": "Polygon", "coordinates": [ [ [ 77.439981555190329, 23.238968946775771 ], [ 77.440098955190336, 23.239011646763405 ], [ 77.440125055190322, 23.238951046780951 ], [ 77.440007655190328, 23.23890834679332 ], [ 77.439981555190329, 23.238968946775771 ] ] ] } },
{ "type": "Feature", "properties": { }, "geometry": { "type": "Polygon", "coordinates": [ [ [ 77.440570255190337, 23.240233346409539 ], [ 77.440619355190336, 23.240308446387786 ], [ 77.44074495519034, 23.240239246407835 ], [ 77.440695955190336, 23.240164146429581 ], [ 77.440570255190337, 23.240233346409539 ] ] ] } },
{ "type": "Feature", "properties": { }, "geometry": { "type": "Polygon", "coordinates": [ [ [ 77.43948365519033, 23.24017104642758 ], [ 77.439520655190321, 23.240063746458663 ], [ 77.439410555190335, 23.240031746467931 ], [ 77.439373655190323, 23.240138946436883 ], [ 77.43948365519033, 23.24017104642758 ] ] ] } },
{ "type": "Feature", "properties": { }, "geometry": { "type": "Polygon", "coordinates": [ [ [ 77.439297955190341, 23.239504646620603 ], [ 77.43944565519034, 23.239563946603432 ], [ 77.439472955190325, 23.239506446620087 ], [ 77.439325255190326, 23.239447246637233 ], [ 77.439297955190341, 23.239504646620603 ] ] ] } },
{ "type": "Feature", "properties": { }, "geometry": { "type": "Polygon", "coordinates": [ [ [ 77.441284755190324, 23.238548346897591 ], [ 77.441374155190317, 23.238548846897448 ], [ 77.441374855190332, 23.238422746933967 ], [ 77.441285455190339, 23.238422346934087 ], [ 77.441284755190324, 23.238548346897591 ] ] ] } },
{ "type": "Feature", "properties": { }, "geometry": { "type": "Polygon", "coordinates": [ [ [ 77.439734955190332, 23.238949346781446 ], [ 77.439855655190328, 23.23899734676754 ], [ 77.439884955190337, 23.238935146785554 ], [ 77.439764255190326, 23.238887146799463 ], [ 77.439734955190332, 23.238949346781446 ] ] ] } },
{ "type": "Feature", "properties": { }, "geometry": { "type": "Polygon", "coordinates": [ [ [ 77.440826455190333, 23.240284146394831 ], [ 77.440952255190339, 23.24021634641446 ], [ 77.440905555190341, 23.240143046435691 ], [ 77.440779755190334, 23.240210846416055 ], [ 77.440826455190333, 23.240284146394831 ] ] ] } },
{ "type": "Feature", "properties": { }, "geometry": { "type": "Polygon", "coordinates": [ [ [ 77.439245655190334, 23.241783545960498 ], [ 77.439341255190342, 23.241783745960447 ], [ 77.439341355190336, 23.241740345973014 ], [ 77.439245755190328, 23.241740145973075 ], [ 77.439245655190334, 23.241783545960498 ] ] ] } },
{ "type": "Feature", "properties": { }, "geometry": { "type": "Polygon", "coordinates": [ [ [ 77.441543155190317, 23.238543346899039 ], [ 77.441543955190326, 23.238416346935825 ], [ 77.441469255190327, 23.238415946935934 ], [ 77.441468455190332, 23.238542946899155 ], [ 77.441543155190317, 23.238543346899039 ] ] ] } },
{ "type": "Feature", "properties": { }, "geometry": { "type": "Polygon", "coordinates": [ [ [ 77.441162755190334, 23.240128946439778 ], [ 77.441285455190339, 23.240059946459763 ], [ 77.441231955190318, 23.239979646483025 ], [ 77.441109255190341, 23.240048646463038 ], [ 77.441162755190334, 23.240128946439778 ] ] ] } },
{ "type": "Feature", "properties": { }, "geometry": { "type": "Polygon", "coordinates": [ [ [ 77.44162575519033, 23.239008346764358 ], [ 77.441707755190336, 23.239011146763545 ], [ 77.441711555190338, 23.238917746790591 ], [ 77.441629555190332, 23.238914946791411 ], [ 77.44162575519033, 23.239008346764358 ] ] ] } },
{ "type": "Feature", "properties": { }, "geometry": { "type": "Polygon", "coordinates": [ [ [ 77.440832955190317, 23.23915254672259 ], [ 77.440961655190321, 23.239195346710193 ], [ 77.440987755190321, 23.239129146729368 ], [ 77.440859055190316, 23.239086346741765 ], [ 77.440832955190317, 23.23915254672259 ] ] ] } },
{ "type": "Feature", "properties": { }, "geometry": { "type": "Polygon", "coordinates": [ [ [ 77.440440055190322, 23.24122764612153 ], [ 77.440533255190331, 23.241254146113853 ], [ 77.440573555190326, 23.24113464614847 ], [ 77.440480255190323, 23.24110814615614 ], [ 77.440440055190322, 23.24122764612153 ] ] ] } },
{ "type": "Feature", "properties": { }, "geometry": { "type": "Polygon", "coordinates": [ [ [ 77.439365855190331, 23.241681845989962 ], [ 77.439362755190331, 23.241749345970412 ], [ 77.439458055190329, 23.241753145969312 ], [ 77.439461255190338, 23.24168554598889 ], [ 77.439365855190331, 23.241681845989962 ] ] ] } },
{ "type": "Feature", "properties": { }, "geometry": { "type": "Polygon", "coordinates": [ [ [ 77.44153185519032, 23.239004346765515 ], [ 77.441616655190316, 23.239007246764675 ], [ 77.441620055190342, 23.238923946788805 ], [ 77.441535255190331, 23.238921046789642 ], [ 77.44153185519032, 23.239004346765515 ] ] ] } },
{ "type": "Feature", "properties": { }, "geometry": { "type": "Polygon", "coordinates": [ [ [ 77.440883255190329, 23.238989046769948 ], [ 77.440850055190324, 23.239077246744401 ], [ 77.440995155190336, 23.239123446731021 ], [ 77.441028355190326, 23.239035246756568 ], [ 77.440883255190329, 23.238989046769948 ] ] ] } },
{ "type": "Feature", "properties": { }, "geometry": { "type": "Polygon", "coordinates": [ [ [ 77.439772655190339, 23.239510446618926 ], [ 77.439885355190327, 23.239551546607025 ], [ 77.439916855190319, 23.239478446628194 ], [ 77.439804155190316, 23.239437446640075 ], [ 77.439772655190339, 23.239510446618926 ] ] ] } },
{ "type": "Feature", "properties": { }, "geometry": { "type": "Polygon", "coordinates": [ [ [ 77.438478655190337, 23.239587546596596 ], [ 77.438427855190326, 23.23974244655173 ], [ 77.438526855190318, 23.239769846543798 ], [ 77.438577655190315, 23.239614946588663 ], [ 77.438478655190337, 23.239587546596596 ] ] ] } },
{ "type": "Feature", "properties": { }, "geometry": { "type": "Polygon", "coordinates": [ [ [ 77.439299655190339, 23.239954346490354 ], [ 77.439334355190326, 23.239838446523926 ], [ 77.439265155190327, 23.239821046528963 ], [ 77.439230455190341, 23.239936846495418 ], [ 77.439299655190339, 23.239954346490354 ] ] ] } },
{ "type": "Feature", "properties": { }, "geometry": { "type": "Polygon", "coordinates": [ [ [ 77.441305755190328, 23.239884146510686 ], [ 77.441332055190315, 23.239924246499069 ], [ 77.441432855190328, 23.239868646515173 ], [ 77.441406555190341, 23.239828546526795 ], [ 77.441305755190328, 23.239884146510686 ] ] ] } },
{ "type": "Feature", "properties": { }, "geometry": { "type": "Polygon", "coordinates": [ [ [ 77.43952385519033, 23.23897384677435 ], [ 77.439663455190342, 23.239029846758132 ], [ 77.439698255190336, 23.23895654677936 ], [ 77.439558755190319, 23.238900546795584 ], [ 77.43952385519033, 23.23897384677435 ] ] ] } },
{ "type": "Feature", "properties": { }, "geometry": { "type": "Polygon", "coordinates": [ [ [ 77.44071105519032, 23.240103546447131 ], [ 77.440767155190329, 23.240203146418285 ], [ 77.440907355190333, 23.240136346437637 ], [ 77.440851255190324, 23.240036846466449 ], [ 77.44071105519032, 23.240103546447131 ] ] ] } },
{ "type": "Feature", "properties": { }, "geometry": { "type": "Polygon", "coordinates": [ [ [ 77.439905455190342, 23.239588046596452 ], [ 77.440047755190321, 23.239635646582663 ], [ 77.440102555190322, 23.239497446622686 ], [ 77.439960255190343, 23.239449846636479 ], [ 77.439905455190342, 23.239588046596452 ] ] ] } },
{ "type": "Feature", "properties": { }, "geometry": { "type": "Polygon", "coordinates": [ [ [ 77.439747155190318, 23.239594246594653 ], [ 77.439858855190337, 23.239634946582864 ], [ 77.43988195519033, 23.239581346598399 ], [ 77.439770255190325, 23.239540746610146 ], [ 77.439747155190318, 23.239594246594653 ] ] ] } },
{ "type": "Feature", "properties": { }, "geometry": { "type": "Polygon", "coordinates": [ [ [ 77.441645455190326, 23.239934846495998 ], [ 77.441594555190335, 23.239861246517318 ], [ 77.441514455190315, 23.239908046503757 ], [ 77.441565455190329, 23.239981646482445 ], [ 77.441645455190326, 23.239934846495998 ] ] ] } },
{ "type": "Feature", "properties": { }, "geometry": { "type": "Polygon", "coordinates": [ [ [ 77.441082555190334, 23.238545446898428 ], [ 77.441196155190326, 23.238535946901177 ], [ 77.441196155190326, 23.238429346932055 ], [ 77.441114055190326, 23.238426546932864 ], [ 77.441082555190334, 23.238545446898428 ] ] ] } },
{ "type": "Feature", "properties": { }, "geometry": { "type": "Polygon", "coordinates": [ [ [ 77.441535855190338, 23.239753146548633 ], [ 77.441558455190332, 23.239783746539764 ], [ 77.441638955190328, 23.239733746554247 ], [ 77.441616455190328, 23.239703146563112 ], [ 77.441535855190338, 23.239753146548633 ] ] ] } },
{ "type": "Feature", "properties": { }, "geometry": { "type": "Polygon", "coordinates": [ [ [ 77.439264355190332, 23.23959214659526 ], [ 77.439225455190325, 23.239673046571827 ], [ 77.439360155190343, 23.239727846555958 ], [ 77.439399155190316, 23.239646946579388 ], [ 77.439264355190332, 23.23959214659526 ] ] ] } },
{ "type": "Feature", "properties": { }, "geometry": { "type": "Polygon", "coordinates": [ [ [ 77.441611355190332, 23.238914046791674 ], [ 77.441697455190337, 23.238913746791759 ], [ 77.441696855190315, 23.23877534683184 ], [ 77.441610655190317, 23.238775746831728 ], [ 77.441611355190332, 23.238914046791674 ] ] ] } },
{ "type": "Feature", "properties": { }, "geometry": { "type": "Polygon", "coordinates": [ [ [ 77.43926845519033, 23.240146946434564 ], [ 77.439355955190322, 23.240172446427177 ], [ 77.439407255190332, 23.240023746470246 ], [ 77.439319655190317, 23.239998246477633 ], [ 77.43926845519033, 23.240146946434564 ] ] ] } },
{ "type": "Feature", "properties": { }, "geometry": { "type": "Polygon", "coordinates": [ [ [ 77.439829655190337, 23.239339246668514 ], [ 77.439940255190336, 23.239379446656869 ], [ 77.439966155190334, 23.239319346674279 ], [ 77.43985555519032, 23.23927914668592 ], [ 77.439829655190337, 23.239339246668514 ] ] ] } },
{ "type": "Feature", "properties": { }, "geometry": { "type": "Polygon", "coordinates": [ [ [ 77.441518555190342, 23.23989554650738 ], [ 77.441589755190336, 23.239853846519466 ], [ 77.441550555190318, 23.239797146535885 ], [ 77.441479355190324, 23.239838746523834 ], [ 77.441518555190342, 23.23989554650738 ] ] ] } },
{ "type": "Feature", "properties": { }, "geometry": { "type": "Polygon", "coordinates": [ [ [ 77.438509855190333, 23.239529946613274 ], [ 77.438708855190342, 23.239581846598245 ], [ 77.438745855190334, 23.239462146632924 ], [ 77.438546855190324, 23.239410146647977 ], [ 77.438509855190333, 23.239529946613274 ] ] ] } },
{ "type": "Feature", "properties": { }, "geometry": { "type": "Polygon", "coordinates": [ [ [ 77.440884755190339, 23.239475746628976 ], [ 77.441023555190341, 23.239524046614989 ], [ 77.441045955190333, 23.239469846630683 ], [ 77.440907055190323, 23.239421546644678 ], [ 77.440884755190339, 23.239475746628976 ] ] ] } },
{ "type": "Feature", "properties": { }, "geometry": { "type": "Polygon", "coordinates": [ [ [ 77.441144355190332, 23.240534346322349 ], [ 77.441084255190333, 23.24056644631305 ], [ 77.441154855190334, 23.2406781462807 ], [ 77.441214955190318, 23.240646046289989 ], [ 77.441144355190332, 23.240534346322349 ] ] ] } },
{ "type": "Feature", "properties": { }, "geometry": { "type": "Polygon", "coordinates": [ [ [ 77.44108095519033, 23.23896424677713 ], [ 77.441208355190327, 23.239001846766236 ], [ 77.441231055190329, 23.238936846785066 ], [ 77.441103655190332, 23.238899246795956 ], [ 77.44108095519033, 23.23896424677713 ] ] ] } },
{ "type": "Feature", "properties": { }, "geometry": { "type": "Polygon", "coordinates": [ [ [ 77.439922855190332, 23.239125046730557 ], [ 77.440038955190317, 23.239167346718304 ], [ 77.440072055190342, 23.239090546740545 ], [ 77.439955955190328, 23.239048346752767 ], [ 77.439922855190332, 23.239125046730557 ] ] ] } },
{ "type": "Feature", "properties": { }, "geometry": { "type": "Polygon", "coordinates": [ [ [ 77.439671055190331, 23.2397646465453 ], [ 77.439639655190319, 23.239845246521948 ], [ 77.439774455190332, 23.239889646509091 ], [ 77.439805855190329, 23.239809046532439 ], [ 77.439671055190331, 23.2397646465453 ] ] ] } },
{ "type": "Feature", "properties": { }, "geometry": { "type": "Polygon", "coordinates": [ [ [ 77.44131385519033, 23.240363146371937 ], [ 77.44143905519033, 23.240292546392396 ], [ 77.441398055190334, 23.240231246410151 ], [ 77.441272955190328, 23.240301846389698 ], [ 77.44131385519033, 23.240363146371937 ] ] ] } },
{ "type": "Feature", "properties": { }, "geometry": { "type": "Polygon", "coordinates": [ [ [ 77.439842655190333, 23.239268546688994 ], [ 77.439972555190337, 23.239315846675293 ], [ 77.439994555190339, 23.23926464669012 ], [ 77.439864655190334, 23.239217346703821 ], [ 77.439842655190333, 23.239268546688994 ] ] ] } },
{ "type": "Feature", "properties": { }, "geometry": { "type": "Polygon", "coordinates": [ [ [ 77.440636055190325, 23.2397463465506 ], [ 77.440769455190335, 23.239790646537767 ], [ 77.440799355190322, 23.239714646559783 ], [ 77.440665955190326, 23.23967024657264 ], [ 77.440636055190325, 23.2397463465506 ] ] ] } },
{ "type": "Feature", "properties": { }, "geometry": { "type": "Polygon", "coordinates": [ [ [ 77.441378155190336, 23.24000504647567 ], [ 77.441421455190323, 23.240067446457594 ], [ 77.441520855190319, 23.240009246474454 ], [ 77.441477555190332, 23.239946846492522 ], [ 77.441378155190336, 23.24000504647567 ] ] ] } },
{ "type": "Feature", "properties": { }, "geometry": { "type": "Polygon", "coordinates": [ [ [ 77.440907555190321, 23.23941254664728 ], [ 77.441053155190332, 23.239463246632599 ], [ 77.44107455519034, 23.239411246647656 ], [ 77.44092895519033, 23.239360646662316 ], [ 77.440907555190321, 23.23941254664728 ] ] ] } },
{ "type": "Feature", "properties": { }, "geometry": { "type": "Polygon", "coordinates": [ [ [ 77.439876955190343, 23.239215346704402 ], [ 77.439993855190323, 23.23925794669206 ], [ 77.440031855190341, 23.239169746717607 ], [ 77.439914955190318, 23.239127246729918 ], [ 77.439876955190343, 23.239215346704402 ] ] ] } },
{ "type": "Feature", "properties": { }, "geometry": { "type": "Polygon", "coordinates": [ [ [ 77.439458655190322, 23.241802845954908 ], [ 77.439555955190343, 23.241809645952941 ], [ 77.439558955190321, 23.241773345963455 ], [ 77.439510355190322, 23.241769945964442 ], [ 77.439461655190343, 23.241766545965429 ], [ 77.439458655190322, 23.241802845954908 ] ] ] } },
{ "type": "Feature", "properties": { }, "geometry": { "type": "Polygon", "coordinates": [ [ [ 77.441141955190318, 23.240352646374983 ], [ 77.441189955190339, 23.240424546354156 ], [ 77.441303755190333, 23.240360446372719 ], [ 77.441255655190318, 23.240288446393581 ], [ 77.441141955190318, 23.240352646374983 ] ] ] } },
{ "type": "Feature", "properties": { }, "geometry": { "type": "Polygon", "coordinates": [ [ [ 77.439821255190324, 23.240099546448292 ], [ 77.439896955190321, 23.240120546442213 ], [ 77.439932455190316, 23.240012746473436 ], [ 77.439856855190342, 23.239991746479518 ], [ 77.439821255190324, 23.240099546448292 ] ] ] } },
{ "type": "Feature", "properties": { }, "geometry": { "type": "Polygon", "coordinates": [ [ [ 77.439720355190317, 23.240235046409044 ], [ 77.439758555190338, 23.240117346443139 ], [ 77.43965615519032, 23.240089346451249 ], [ 77.439617955190343, 23.240206946417182 ], [ 77.439720355190317, 23.240235046409044 ] ] ] } },
{ "type": "Feature", "properties": { }, "geometry": { "type": "Polygon", "coordinates": [ [ [ 77.440944155190323, 23.240457946344481 ], [ 77.440986955190326, 23.240525246324996 ], [ 77.441093655190315, 23.240467846341609 ], [ 77.441050855190326, 23.240400546361109 ], [ 77.440944155190323, 23.240457946344481 ] ] ] } },
{ "type": "Feature", "properties": { }, "geometry": { "type": "Polygon", "coordinates": [ [ [ 77.441234255190338, 23.239788546538374 ], [ 77.441273455190327, 23.239847346521341 ], [ 77.441376155190326, 23.239789546538084 ], [ 77.441336955190337, 23.239730746555118 ], [ 77.441234255190338, 23.239788546538374 ] ] ] } },
{ "type": "Feature", "properties": { }, "geometry": { "type": "Polygon", "coordinates": [ [ [ 77.440763455190336, 23.23932534667254 ], [ 77.440892755190319, 23.239368346660083 ], [ 77.440924855190332, 23.239286646683748 ], [ 77.440795555190334, 23.239243746696175 ], [ 77.440763455190336, 23.23932534667254 ] ] ] } },
{ "type": "Feature", "properties": { }, "geometry": { "type": "Polygon", "coordinates": [ [ [ 77.439424655190336, 23.239204546707533 ], [ 77.439559255190332, 23.239258646691859 ], [ 77.439603655190325, 23.239165146718943 ], [ 77.43946905519033, 23.239111146734583 ], [ 77.439424655190336, 23.239204546707533 ] ] ] } },
{ "type": "Feature", "properties": { }, "geometry": { "type": "Polygon", "coordinates": [ [ [ 77.441269355190343, 23.240286046394274 ], [ 77.441389355190324, 23.240218446413856 ], [ 77.441346455190327, 23.240154246432454 ], [ 77.441226455190318, 23.240221846412869 ], [ 77.441269355190343, 23.240286046394274 ] ] ] } },
{ "type": "Feature", "properties": { }, "geometry": { "type": "Polygon", "coordinates": [ [ [ 77.441172655190343, 23.238661946864688 ], [ 77.441178755190336, 23.238546746898056 ], [ 77.441089355190329, 23.238553946895969 ], [ 77.441053155190332, 23.238660546865095 ], [ 77.441172655190343, 23.238661946864688 ] ] ] } },
{ "type": "Feature", "properties": { }, "geometry": { "type": "Polygon", "coordinates": [ [ [ 77.440822155190332, 23.240296046391379 ], [ 77.440863655190327, 23.240361346372467 ], [ 77.44099245519034, 23.24029204639254 ], [ 77.440950855190337, 23.240226846411417 ], [ 77.440822155190332, 23.240296046391379 ] ] ] } },
{ "type": "Feature", "properties": { }, "geometry": { "type": "Polygon", "coordinates": [ [ [ 77.43934775519034, 23.241789645958733 ], [ 77.439451655190325, 23.241795145957141 ], [ 77.439454055190339, 23.241757645968004 ], [ 77.439350055190332, 23.241752145969599 ], [ 77.43934775519034, 23.241789645958733 ] ] ] } },
{ "type": "Feature", "properties": { }, "geometry": { "type": "Polygon", "coordinates": [ [ [ 77.440082755190318, 23.238744646840736 ], [ 77.440199355190316, 23.238787046828456 ], [ 77.440237055190323, 23.238699646853767 ], [ 77.440120455190325, 23.238657246866048 ], [ 77.440082755190318, 23.238744646840736 ] ] ] } },
{ "type": "Feature", "properties": { }, "geometry": { "type": "Polygon", "coordinates": [ [ [ 77.439737755190336, 23.240256046402955 ], [ 77.439822155190328, 23.240278646396419 ], [ 77.439859655190332, 23.240160346430685 ], [ 77.439775355190321, 23.240137746437224 ], [ 77.439737755190336, 23.240256046402955 ] ] ] } },
{ "type": "Feature", "properties": { }, "geometry": { "type": "Polygon", "coordinates": [ [ [ 77.438843755190319, 23.239631246583937 ], [ 77.438972555190333, 23.239664846574204 ], [ 77.439015655190332, 23.239525246614637 ], [ 77.438886955190341, 23.239491646624376 ], [ 77.438843755190319, 23.239631246583937 ] ] ] } },
{ "type": "Feature", "properties": { }, "geometry": { "type": "Polygon", "coordinates": [ [ [ 77.440792555190342, 23.239238446697712 ], [ 77.440926055190317, 23.239282846684848 ], [ 77.440958855190331, 23.239199346709032 ], [ 77.440825455190335, 23.239155046721866 ], [ 77.440792555190342, 23.239238446697712 ] ] ] } },
{ "type": "Feature", "properties": { }, "geometry": { "type": "Polygon", "coordinates": [ [ [ 77.439194155190336, 23.241712545981066 ], [ 77.439246155190318, 23.241712245981155 ], [ 77.439245755190328, 23.241669745993462 ], [ 77.439193855190325, 23.241670145993353 ], [ 77.439194155190336, 23.241712545981066 ] ] ] } },
{ "type": "Feature", "properties": { }, "geometry": { "type": "Polygon", "coordinates": [ [ [ 77.440048055190331, 23.239211246705587 ], [ 77.440006955190341, 23.239318746674449 ], [ 77.440165155190329, 23.239369946659618 ], [ 77.440206355190327, 23.239262446690756 ], [ 77.440048055190331, 23.239211246705587 ] ] ] } },
{ "type": "Feature", "properties": { }, "geometry": { "type": "Polygon", "coordinates": [ [ [ 77.441364555190319, 23.238651246867786 ], [ 77.441441055190325, 23.238653246867205 ], [ 77.441444055190331, 23.238555146895617 ], [ 77.441367555190325, 23.238553146896201 ], [ 77.441364555190319, 23.238651246867786 ] ] ] } },
{ "type": "Feature", "properties": { }, "geometry": { "type": "Polygon", "coordinates": [ [ [ 77.439544555190324, 23.239424346643862 ], [ 77.439675755190322, 23.239476546628744 ], [ 77.439719555190322, 23.239383746655626 ], [ 77.43958825519033, 23.239331546670741 ], [ 77.439544555190324, 23.239424346643862 ] ] ] } },
{ "type": "Feature", "properties": { }, "geometry": { "type": "Polygon", "coordinates": [ [ [ 77.438787855190327, 23.239807346532924 ], [ 77.438910855190315, 23.239841346523086 ], [ 77.438955155190342, 23.239706146562245 ], [ 77.43883225519032, 23.239672046572117 ], [ 77.438787855190327, 23.239807346532924 ] ] ] } },
{ "type": "Feature", "properties": { }, "geometry": { "type": "Polygon", "coordinates": [ [ [ 77.439306955190318, 23.239964646487373 ], [ 77.439385855190338, 23.239984646481581 ], [ 77.439424355190326, 23.239856146518797 ], [ 77.439345355190341, 23.239836246524558 ], [ 77.439306955190318, 23.239964646487373 ] ] ] } },
{ "type": "Feature", "properties": { }, "geometry": { "type": "Polygon", "coordinates": [ [ [ 77.439812655190323, 23.239849546520709 ], [ 77.439954555190326, 23.239897446506834 ], [ 77.440004655190322, 23.239772046543152 ], [ 77.439862755190333, 23.239724146557027 ], [ 77.439812655190323, 23.239849546520709 ] ] ] } },
{ "type": "Feature", "properties": { }, "geometry": { "type": "Polygon", "coordinates": [ [ [ 77.440107555190338, 23.23908314674269 ], [ 77.440062155190319, 23.239204746707472 ], [ 77.440222655190325, 23.239255246692839 ], [ 77.44026805519033, 23.239133746728033 ], [ 77.440107555190338, 23.23908314674269 ] ] ] } },
{ "type": "Feature", "properties": { }, "geometry": { "type": "Polygon", "coordinates": [ [ [ 77.439671455190336, 23.239754846548138 ], [ 77.439802555190326, 23.239802546534317 ], [ 77.439836355190323, 23.239724146557027 ], [ 77.439705255190319, 23.239676346570874 ], [ 77.439671455190336, 23.239754846548138 ] ] ] } },
{ "type": "Feature", "properties": { }, "geometry": { "type": "Polygon", "coordinates": [ [ [ 77.439586755190319, 23.239324546672773 ], [ 77.439718555190325, 23.239376946657593 ], [ 77.439753755190324, 23.239302346679199 ], [ 77.439621855190339, 23.239249946694382 ], [ 77.439586755190319, 23.239324546672773 ] ] ] } },
{ "type": "Feature", "properties": { }, "geometry": { "type": "Polygon", "coordinates": [ [ [ 77.439958255190319, 23.239446346637493 ], [ 77.440099255190319, 23.239493346623878 ], [ 77.440145755190315, 23.239375346658058 ], [ 77.440004655190322, 23.239328446671646 ], [ 77.439958255190319, 23.239446346637493 ] ] ] } },
{ "type": "Feature", "properties": { }, "geometry": { "type": "Polygon", "coordinates": [ [ [ 77.440753655190321, 23.239873246513838 ], [ 77.440881755190318, 23.239908346503675 ], [ 77.440907355190333, 23.239829446526532 ], [ 77.44077935519033, 23.239794346536694 ], [ 77.440753655190321, 23.239873246513838 ] ] ] } },
{ "type": "Feature", "properties": { }, "geometry": { "type": "Polygon", "coordinates": [ [ [ 77.438642455190333, 23.239782346540171 ], [ 77.438682655190334, 23.239659646575713 ], [ 77.438577955190325, 23.239630646584111 ], [ 77.438537755190339, 23.239753346548575 ], [ 77.438642455190333, 23.239782346540171 ] ] ] } },
{ "type": "Feature", "properties": { }, "geometry": { "type": "Polygon", "coordinates": [ [ [ 77.440603155190317, 23.239827646527047 ], [ 77.44073595519032, 23.239870746514562 ], [ 77.44076515519032, 23.239794746536582 ], [ 77.440632355190317, 23.239751646549063 ], [ 77.440603155190317, 23.239827646527047 ] ] ] } },
{ "type": "Feature", "properties": { }, "geometry": { "type": "Polygon", "coordinates": [ [ [ 77.441486655190332, 23.239681446569396 ], [ 77.441506255190319, 23.239707946561719 ], [ 77.441588655190316, 23.239656846576523 ], [ 77.441569155190336, 23.239630246584227 ], [ 77.441486655190332, 23.239681446569396 ] ] ] } },
{ "type": "Feature", "properties": { }, "geometry": { "type": "Polygon", "coordinates": [ [ [ 77.44094115519033, 23.239358646662897 ], [ 77.441075055190339, 23.239405246649397 ], [ 77.441096655190336, 23.239352746664604 ], [ 77.440962755190341, 23.239306146678096 ], [ 77.44094115519033, 23.239358646662897 ] ] ] } },
{ "type": "Feature", "properties": { }, "geometry": { "type": "Polygon", "coordinates": [ [ [ 77.439910455190315, 23.239618946587498 ], [ 77.439869155190337, 23.239722346557553 ], [ 77.440000955190342, 23.239766846544661 ], [ 77.44004225519032, 23.239663346574638 ], [ 77.439910455190315, 23.239618946587498 ] ] ] } },
{ "type": "Feature", "properties": { }, "geometry": { "type": "Polygon", "coordinates": [ [ [ 77.439713355190321, 23.239672246572063 ], [ 77.439834855190327, 23.239716446559253 ], [ 77.439864155190321, 23.23964854657893 ], [ 77.439742655190329, 23.239604246591757 ], [ 77.439713355190321, 23.239672246572063 ] ] ] } },
{ "type": "Feature", "properties": { }, "geometry": { "type": "Polygon", "coordinates": [ [ [ 77.439478255190323, 23.23955604660572 ], [ 77.439603055190318, 23.239605946591265 ], [ 77.439632955190334, 23.239542746609569 ], [ 77.439508155190339, 23.239492846624028 ], [ 77.439478255190323, 23.23955604660572 ] ] ] } },
{ "type": "Feature", "properties": { }, "geometry": { "type": "Polygon", "coordinates": [ [ [ 77.439453155190321, 23.240005246475608 ], [ 77.439493355190336, 23.239880146511844 ], [ 77.439430555190341, 23.239863146516768 ], [ 77.439390355190326, 23.239988246480529 ], [ 77.439453155190321, 23.240005246475608 ] ] ] } },
{ "type": "Feature", "properties": { }, "geometry": { "type": "Polygon", "coordinates": [ [ [ 77.439464855190323, 23.239099246738025 ], [ 77.439585555190334, 23.239147646724007 ], [ 77.439611755190342, 23.239092446739999 ], [ 77.439491155190325, 23.239044046754017 ], [ 77.439464855190323, 23.239099246738025 ] ] ] } },
{ "type": "Feature", "properties": { }, "geometry": { "type": "Polygon", "coordinates": [ [ [ 77.441597955190318, 23.239856946518568 ], [ 77.441682055190341, 23.239807646532842 ], [ 77.441664855190325, 23.239782846540024 ], [ 77.441580755190316, 23.239832146525746 ], [ 77.441597955190318, 23.239856946518568 ] ] ] } },
{ "type": "Feature", "properties": { }, "geometry": { "type": "Polygon", "coordinates": [ [ [ 77.441216355190321, 23.240218246413914 ], [ 77.441344755190343, 23.240145946434854 ], [ 77.441293455190333, 23.240069146457099 ], [ 77.441165155190333, 23.240141546436128 ], [ 77.441216355190321, 23.240218246413914 ] ] ] } },
{ "type": "Feature", "properties": { }, "geometry": { "type": "Polygon", "coordinates": [ [ [ 77.440152955190328, 23.238941346783768 ], [ 77.440302655190337, 23.238995246768148 ], [ 77.440357355190329, 23.238867246805224 ], [ 77.440207655190335, 23.238813246820861 ], [ 77.440152955190328, 23.238941346783768 ] ] ] } },
{ "type": "Feature", "properties": { }, "geometry": { "type": "Polygon", "coordinates": [ [ [ 77.438320255190334, 23.239692846566097 ], [ 77.43843035519032, 23.239721546557778 ], [ 77.438467655190337, 23.239600646592798 ], [ 77.438357555190336, 23.239571946601114 ], [ 77.438320255190334, 23.239692846566097 ] ] ] } },
{ "type": "Feature", "properties": { }, "geometry": { "type": "Polygon", "coordinates": [ [ [ 77.439440955190321, 23.239652246577847 ], [ 77.439583955190329, 23.239703146563112 ], [ 77.439618355190333, 23.239621346586805 ], [ 77.439475355190325, 23.239570446601547 ], [ 77.439440955190321, 23.239652246577847 ] ] ] } },
{ "type": "Feature", "properties": { }, "geometry": { "type": "Polygon", "coordinates": [ [ [ 77.441424255190341, 23.239752546548807 ], [ 77.441477955190337, 23.239830046526354 ], [ 77.441552255190331, 23.239786646538928 ], [ 77.441498555190336, 23.239709046561405 ], [ 77.441424255190341, 23.239752546548807 ] ] ] } },
{ "type": "Feature", "properties": { }, "geometry": { "type": "Polygon", "coordinates": [ [ [ 77.44087605519033, 23.239544946608934 ], [ 77.440990055190326, 23.239585646597146 ], [ 77.441011155190338, 23.239535746611597 ], [ 77.440897155190342, 23.239495146623362 ], [ 77.44087605519033, 23.239544946608934 ] ] ] } },
{ "type": "Feature", "properties": { }, "geometry": { "type": "Polygon", "coordinates": [ [ [ 77.440570855190316, 23.240227646411189 ], [ 77.440688955190339, 23.240162546430046 ], [ 77.440627155190327, 23.240067746457509 ], [ 77.440508955190339, 23.240132846438648 ], [ 77.440570855190316, 23.240227646411189 ] ] ] } },
{ "type": "Feature", "properties": { }, "geometry": { "type": "Polygon", "coordinates": [ [ [ 77.440021155190337, 23.238887546799344 ], [ 77.440117155190322, 23.238922546789208 ], [ 77.440147855190318, 23.238851246809858 ], [ 77.440051855190319, 23.238816246819994 ], [ 77.440021155190337, 23.238887546799344 ] ] ] } },
{ "type": "Feature", "properties": { }, "geometry": { "type": "Polygon", "coordinates": [ [ [ 77.439793855190317, 23.238797546825417 ], [ 77.439922655190315, 23.238837446813857 ], [ 77.43994825519033, 23.238767746834046 ], [ 77.439819455190332, 23.238727846845595 ], [ 77.439793855190317, 23.238797546825417 ] ] ] } },
{ "type": "Feature", "properties": { }, "geometry": { "type": "Polygon", "coordinates": [ [ [ 77.439465855190321, 23.240016346472395 ], [ 77.439556255190325, 23.24004104646524 ], [ 77.439599855190338, 23.239906046504341 ], [ 77.439509455190333, 23.239881446511468 ], [ 77.439465855190321, 23.240016346472395 ] ] ] } },
{ "type": "Feature", "properties": { }, "geometry": { "type": "Polygon", "coordinates": [ [ [ 77.441358355190332, 23.239662346574931 ], [ 77.44141935519032, 23.239750446549412 ], [ 77.441495155190324, 23.239706146562245 ], [ 77.441434155190336, 23.239618046587758 ], [ 77.441358355190332, 23.239662346574931 ] ] ] } },
{ "type": "Feature", "properties": { }, "geometry": { "type": "Polygon", "coordinates": [ [ [ 77.440828155190317, 23.239636246582489 ], [ 77.440972655190336, 23.239684846568409 ], [ 77.441003355190333, 23.239607746590739 ], [ 77.440858855190342, 23.239559146604822 ], [ 77.440828155190317, 23.239636246582489 ] ] ] } },
{ "type": "Feature", "properties": { }, "geometry": { "type": "Polygon", "coordinates": [ [ [ 77.439234155190334, 23.241776545962534 ], [ 77.43923285519034, 23.241730945975739 ], [ 77.439190155190317, 23.241732045975418 ], [ 77.43919155519032, 23.241777645962209 ], [ 77.439234155190334, 23.241776545962534 ] ] ] } },
{ "type": "Feature", "properties": { }, "geometry": { "type": "Polygon", "coordinates": [ [ [ 77.439828255190321, 23.238645446869466 ], [ 77.439888855190318, 23.238667746863012 ], [ 77.439919655190337, 23.23859724688343 ], [ 77.43985905519034, 23.238574846889922 ], [ 77.439828255190321, 23.238645446869466 ] ] ] } },
{ "type": "Feature", "properties": { }, "geometry": { "type": "Polygon", "coordinates": [ [ [ 77.440775855190324, 23.240542346320034 ], [ 77.440825455190335, 23.240618346298021 ], [ 77.440952155190317, 23.240548546318237 ], [ 77.44090255519032, 23.240472546340254 ], [ 77.440775855190324, 23.240542346320034 ] ] ] } },
{ "type": "Feature", "properties": { }, "geometry": { "type": "Polygon", "coordinates": [ [ [ 77.439569855190328, 23.240024946469909 ], [ 77.439645555190339, 23.24004534646399 ], [ 77.439677755190317, 23.23994424649328 ], [ 77.439602055190335, 23.239923946499157 ], [ 77.439569855190328, 23.240024946469909 ] ] ] } },
{ "type": "Feature", "properties": { }, "geometry": { "type": "Polygon", "coordinates": [ [ [ 77.440934755190341, 23.240453046345898 ], [ 77.441038855190328, 23.240397046362123 ], [ 77.440987055190334, 23.240315646385703 ], [ 77.440882855190338, 23.240371646369482 ], [ 77.440934755190341, 23.240453046345898 ] ] ] } },
{ "type": "Feature", "properties": { }, "geometry": { "type": "Polygon", "coordinates": [ [ [ 77.439789455190336, 23.238797846825328 ], [ 77.439765855190316, 23.238855746808554 ], [ 77.439887955190315, 23.238897846796363 ], [ 77.439911555190335, 23.23883994681313 ], [ 77.439789455190336, 23.238797846825328 ] ] ] } },
{ "type": "Feature", "properties": { }, "geometry": { "type": "Polygon", "coordinates": [ [ [ 77.439655155190337, 23.239152046722733 ], [ 77.439768755190343, 23.239197246709644 ], [ 77.439816455190339, 23.239095946738985 ], [ 77.439702855190319, 23.239050846752054 ], [ 77.439655155190337, 23.239152046722733 ] ] ] } },
{ "type": "Feature", "properties": { }, "geometry": { "type": "Polygon", "coordinates": [ [ [ 77.441489255190334, 23.240504146331105 ], [ 77.441541755190329, 23.240477846338717 ], [ 77.441474055190341, 23.240363846371743 ], [ 77.441421555190331, 23.240390146364117 ], [ 77.441489255190334, 23.240504146331105 ] ] ] } },
{ "type": "Feature", "properties": { }, "geometry": { "type": "Polygon", "coordinates": [ [ [ 77.440719455190319, 23.240464146342685 ], [ 77.440766555190322, 23.240536246321795 ], [ 77.440891855190316, 23.240467246341787 ], [ 77.440844755190327, 23.2403950463627 ], [ 77.440719455190319, 23.240464146342685 ] ] ] } },
{ "type": "Feature", "properties": { }, "geometry": { "type": "Polygon", "coordinates": [ [ [ 77.438725755190333, 23.239590946595612 ], [ 77.43883105519032, 23.23961834658768 ], [ 77.43886925519034, 23.239494746623478 ], [ 77.438763955190325, 23.239467346631415 ], [ 77.438725755190333, 23.239590946595612 ] ] ] } },
{ "type": "Feature", "properties": { }, "geometry": { "type": "Polygon", "coordinates": [ [ [ 77.441511755190334, 23.238894946797199 ], [ 77.441601455190323, 23.238897946796332 ], [ 77.441606155190328, 23.238777146831321 ], [ 77.441516455190339, 23.238774146832188 ], [ 77.441511755190334, 23.238894946797199 ] ] ] } },
{ "type": "Feature", "properties": { }, "geometry": { "type": "Polygon", "coordinates": [ [ [ 77.441202255190333, 23.24050234633162 ], [ 77.441149255190325, 23.24053084632336 ], [ 77.441223655190342, 23.240647646289531 ], [ 77.44127675519033, 23.240619046297816 ], [ 77.441202255190333, 23.24050234633162 ] ] ] } },
{ "type": "Feature", "properties": { }, "geometry": { "type": "Polygon", "coordinates": [ [ [ 77.439130655190326, 23.239869046515061 ], [ 77.439225155190329, 23.23989554650738 ], [ 77.439254755190333, 23.239806546533163 ], [ 77.439160155190336, 23.239780046540837 ], [ 77.439130655190326, 23.239869046515061 ] ] ] } },
{ "type": "Feature", "properties": { }, "geometry": { "type": "Polygon", "coordinates": [ [ [ 77.439061255190325, 23.240075546455245 ], [ 77.439164055190332, 23.240105446446581 ], [ 77.439224955190326, 23.239928646497795 ], [ 77.439122155190319, 23.239898746506455 ], [ 77.439061255190325, 23.240075546455245 ] ] ] } },
{ "type": "Feature", "properties": { }, "geometry": { "type": "Polygon", "coordinates": [ [ [ 77.441217055190322, 23.240512146328783 ], [ 77.44130435519034, 23.240650146288811 ], [ 77.441501455190334, 23.24054474631934 ], [ 77.44141415519033, 23.240406846359278 ], [ 77.441217055190322, 23.240512146328783 ] ] ] } },
{ "type": "Feature", "properties": { }, "geometry": { "type": "Polygon", "coordinates": [ [ [ 77.44158585519034, 23.239822546528529 ], [ 77.441663755190334, 23.239776746541796 ], [ 77.441639555190321, 23.23974194655187 ], [ 77.441561655190341, 23.239787846538583 ], [ 77.44158585519034, 23.239822546528529 ] ] ] } },
{ "type": "Feature", "properties": { }, "geometry": { "type": "Polygon", "coordinates": [ [ [ 77.441211655190315, 23.238539146900258 ], [ 77.441281755190332, 23.23853944690017 ], [ 77.441282355190339, 23.238427046932728 ], [ 77.441212355190331, 23.238426646932833 ], [ 77.441211655190315, 23.238539146900258 ] ] ] } },
{ "type": "Feature", "properties": { }, "geometry": { "type": "Polygon", "coordinates": [ [ [ 77.439704155190327, 23.23901954676111 ], [ 77.439793755190337, 23.239053646751231 ], [ 77.439823155190325, 23.23898824677018 ], [ 77.439733555190315, 23.238954146780056 ], [ 77.439704155190327, 23.23901954676111 ] ] ] } },
{ "type": "Feature", "properties": { }, "geometry": { "type": "Polygon", "coordinates": [ [ [ 77.441509755190324, 23.239708746561487 ], [ 77.441537955190341, 23.239747046550395 ], [ 77.441618055190332, 23.239697346564792 ], [ 77.441589855190315, 23.239659046575884 ], [ 77.441509755190324, 23.239708746561487 ] ] ] } },
{ "type": "Feature", "properties": { }, "geometry": { "type": "Polygon", "coordinates": [ [ [ 77.441320155190326, 23.239601346592597 ], [ 77.441355255190317, 23.239652046577909 ], [ 77.441433455190335, 23.239606346591149 ], [ 77.441398355190316, 23.239555646605837 ], [ 77.441320155190326, 23.239601346592597 ] ] ] } },
{ "type": "Feature", "properties": { }, "geometry": { "type": "Polygon", "coordinates": [ [ [ 77.439407255190332, 23.239276046686822 ], [ 77.43953375519034, 23.239326846672107 ], [ 77.439563455190324, 23.239264346690202 ], [ 77.439436955190331, 23.239213546704917 ], [ 77.439407255190332, 23.239276046686822 ] ] ] } },
{ "type": "Feature", "properties": { }, "geometry": { "type": "Polygon", "coordinates": [ [ [ 77.440047855190329, 23.238805646823064 ], [ 77.440160655190326, 23.23884664681119 ], [ 77.44018475519033, 23.238790846827357 ], [ 77.440071855190325, 23.238749746839257 ], [ 77.440047855190329, 23.238805646823064 ] ] ] } },
{ "type": "Feature", "properties": { }, "geometry": { "type": "Polygon", "coordinates": [ [ [ 77.439612955190327, 23.239240146697217 ], [ 77.439743555190333, 23.239292046682184 ], [ 77.439781855190333, 23.239210546705795 ], [ 77.439651255190327, 23.239158646720828 ], [ 77.439612955190327, 23.239240146697217 ] ] ] } },
{ "type": "Feature", "properties": { }, "geometry": { "type": "Polygon", "coordinates": [ [ [ 77.441492555190337, 23.239666346573774 ], [ 77.441563855190324, 23.239620546587041 ], [ 77.441538755190336, 23.239587546596596 ], [ 77.441467455190335, 23.239633246583356 ], [ 77.441492555190337, 23.239666346573774 ] ] ] } },
{ "type": "Feature", "properties": { }, "geometry": { "type": "Polygon", "coordinates": [ [ [ 77.441078755190333, 23.240562346314242 ], [ 77.441008655190331, 23.240598646303724 ], [ 77.441087755190338, 23.240727546266392 ], [ 77.44115785519034, 23.240691246276903 ], [ 77.441078755190333, 23.240562346314242 ] ] ] } },
{ "type": "Feature", "properties": { }, "geometry": { "type": "Polygon", "coordinates": [ [ [ 77.441360755190331, 23.239967346486587 ], [ 77.441383055190343, 23.239999746477199 ], [ 77.441468355190338, 23.239950046491597 ], [ 77.44144605519034, 23.239917646500981 ], [ 77.441360755190331, 23.239967346486587 ] ] ] } },
{ "type": "Feature", "properties": { }, "geometry": { "type": "Polygon", "coordinates": [ [ [ 77.439608055190334, 23.238740446841952 ], [ 77.439571355190324, 23.238815446820233 ], [ 77.439725055190337, 23.238879046801806 ], [ 77.439761855190326, 23.238804046823532 ], [ 77.439608055190334, 23.238740446841952 ] ] ] } },
{ "type": "Feature", "properties": { }, "geometry": { "type": "Polygon", "coordinates": [ [ [ 77.441010055190318, 23.239157146721261 ], [ 77.440956055190341, 23.239298846680221 ], [ 77.441086355190336, 23.239340746668081 ], [ 77.441140355190328, 23.239199046709121 ], [ 77.441010055190318, 23.239157146721261 ] ] ] } },
{ "type": "Feature", "properties": { }, "geometry": { "type": "Polygon", "coordinates": [ [ [ 77.439355155190327, 23.239361246662146 ], [ 77.439514855190325, 23.239425346643582 ], [ 77.439550755190325, 23.239349946665413 ], [ 77.439390955190319, 23.23928584668398 ], [ 77.439355155190327, 23.239361246662146 ] ] ] } },
{ "type": "Feature", "properties": { }, "geometry": { "type": "Polygon", "coordinates": [ [ [ 77.439640255190326, 23.238665046863794 ], [ 77.439605755190328, 23.238736446843113 ], [ 77.439757055190327, 23.238798146825239 ], [ 77.43979155519034, 23.238726646845951 ], [ 77.439640255190326, 23.238665046863794 ] ] ] } },
{ "type": "Feature", "properties": { }, "geometry": { "type": "Polygon", "coordinates": [ [ [ 77.440787855190322, 23.239769746543821 ], [ 77.440911155190335, 23.239803546534031 ], [ 77.44092735519034, 23.239753746548455 ], [ 77.440804055190341, 23.23971994655825 ], [ 77.440787855190322, 23.239769746543821 ] ] ] } },
{ "type": "Feature", "properties": { }, "geometry": { "type": "Polygon", "coordinates": [ [ [ 77.439793955190325, 23.239424546643807 ], [ 77.439921955190329, 23.239471146630311 ], [ 77.439954955190331, 23.239394546652495 ], [ 77.439826955190341, 23.239347946665994 ], [ 77.439793955190325, 23.239424546643807 ] ] ] } },
{ "type": "Feature", "properties": { }, "geometry": { "type": "Polygon", "coordinates": [ [ [ 77.441077955190337, 23.240727646266361 ], [ 77.44100435519033, 23.240608846300773 ], [ 77.440945955190315, 23.240639346291939 ], [ 77.441019555190323, 23.240758146257527 ], [ 77.441077955190337, 23.240727646266361 ] ] ] } },
{ "type": "Feature", "properties": { }, "geometry": { "type": "Polygon", "coordinates": [ [ [ 77.441328555190324, 23.239929346497593 ], [ 77.441353955190323, 23.239967146486649 ], [ 77.441448455190326, 23.239913546502169 ], [ 77.441423155190321, 23.239875746513118 ], [ 77.441328555190324, 23.239929346497593 ] ] ] } },
{ "type": "Feature", "properties": { }, "geometry": { "type": "Polygon", "coordinates": [ [ [ 77.439560755190342, 23.23889714679656 ], [ 77.43968855519033, 23.238948346781733 ], [ 77.439720355190317, 23.238881446801109 ], [ 77.439592655190339, 23.238830146815967 ], [ 77.439560755190342, 23.23889714679656 ] ] ] } },
{ "type": "Feature", "properties": { }, "geometry": { "type": "Polygon", "coordinates": [ [ [ 77.441275755190333, 23.238654946866721 ], [ 77.441361055190342, 23.238657146866078 ], [ 77.441364255190337, 23.238554246895877 ], [ 77.441278855190333, 23.238552046896519 ], [ 77.441275755190333, 23.238654946866721 ] ] ] } },
{ "type": "Feature", "properties": { }, "geometry": { "type": "Polygon", "coordinates": [ [ [ 77.441278755190325, 23.239846546521573 ], [ 77.441303455190322, 23.239883846510772 ], [ 77.441403055190335, 23.239828246526873 ], [ 77.441378355190338, 23.239790846537716 ], [ 77.441278755190325, 23.239846546521573 ] ] ] } },
{ "type": "Feature", "properties": { }, "geometry": { "type": "Polygon", "coordinates": [ [ [ 77.441410655190339, 23.239547146608288 ], [ 77.441437255190323, 23.23958554659718 ], [ 77.441507255190317, 23.239544646609019 ], [ 77.441480655190318, 23.239506246620149 ], [ 77.441410655190339, 23.239547146608288 ] ] ] } },
{ "type": "Feature", "properties": { }, "geometry": { "type": "Polygon", "coordinates": [ [ [ 77.441188455190343, 23.238661046864951 ], [ 77.441273355190319, 23.238663246864316 ], [ 77.44127675519033, 23.238552946896259 ], [ 77.441191755190331, 23.238550746896898 ], [ 77.441188455190343, 23.238661046864951 ] ] ] } },
{ "type": "Feature", "properties": { }, "geometry": { "type": "Polygon", "coordinates": [ [ [ 77.439681155190343, 23.238596946883515 ], [ 77.439648055190332, 23.238665346863709 ], [ 77.43979075519033, 23.238723546846842 ], [ 77.43982385519034, 23.238655046866686 ], [ 77.439681155190343, 23.238596946883515 ] ] ] } },
{ "type": "Feature", "properties": { }, "geometry": { "type": "Polygon", "coordinates": [ [ [ 77.441236155190325, 23.23978584653916 ], [ 77.441334755190326, 23.239729546555466 ], [ 77.441308855190329, 23.239691346566531 ], [ 77.441210355190321, 23.239747646550224 ], [ 77.441236155190325, 23.23978584653916 ] ] ] } },
{ "type": "Feature", "properties": { }, "geometry": { "type": "Polygon", "coordinates": [ [ [ 77.439290855190322, 23.239508746619418 ], [ 77.439256155190336, 23.239581746598276 ], [ 77.439409055190325, 23.239643046580522 ], [ 77.439443655190317, 23.239570146601633 ], [ 77.439290855190322, 23.239508746619418 ] ] ] } },
{ "type": "Feature", "properties": { }, "geometry": { "type": "Polygon", "coordinates": [ [ [ 77.439167155190333, 23.240106946446151 ], [ 77.439263055190324, 23.240134846438071 ], [ 77.439311355190341, 23.239994746478651 ], [ 77.439215455190322, 23.239966846486734 ], [ 77.439167155190333, 23.240106946446151 ] ] ] } },
{ "type": "Feature", "properties": { }, "geometry": { "type": "Polygon", "coordinates": [ [ [ 77.439850255190336, 23.23866124686489 ], [ 77.43982665519033, 23.238726546845982 ], [ 77.439959355190339, 23.23876724683419 ], [ 77.439983055190339, 23.238701946853094 ], [ 77.439850255190336, 23.23866124686489 ] ] ] } },
{ "type": "Feature", "properties": { }, "geometry": { "type": "Polygon", "coordinates": [ [ [ 77.440622955190321, 23.240316246385525 ], [ 77.44066055519032, 23.240373846368843 ], [ 77.440795255190324, 23.240299646390334 ], [ 77.440757655190325, 23.240242046407019 ], [ 77.440622955190321, 23.240316246385525 ] ] ] } },
{ "type": "Feature", "properties": { }, "geometry": { "type": "Polygon", "coordinates": [ [ [ 77.440889355190322, 23.238983046771686 ], [ 77.441027855190342, 23.239025146759488 ], [ 77.441057055190328, 23.238944346782894 ], [ 77.440918455190328, 23.238902246795089 ], [ 77.440889355190322, 23.238983046771686 ] ] ] } },
{ "type": "Feature", "properties": { }, "geometry": { "type": "Polygon", "coordinates": [ [ [ 77.441628455190326, 23.239894146507787 ], [ 77.441708855190342, 23.239847346521341 ], [ 77.441684855190331, 23.239812446531456 ], [ 77.441604355190321, 23.239859246517899 ], [ 77.441628455190326, 23.239894146507787 ] ] ] } },
{ "type": "Feature", "properties": { }, "geometry": { "type": "Polygon", "coordinates": [ [ [ 77.439946055190319, 23.239031746757576 ], [ 77.440070655190326, 23.239077146744428 ], [ 77.440096855190333, 23.239016346762035 ], [ 77.439972255190327, 23.23897094677519 ], [ 77.439946055190319, 23.239031746757576 ] ] ] } },
{ "type": "Feature", "properties": { }, "geometry": { "type": "Polygon", "coordinates": [ [ [ 77.441029355190338, 23.24019224642144 ], [ 77.441063555190325, 23.240248646405107 ], [ 77.44118515519034, 23.240186346423151 ], [ 77.441150855190315, 23.240129946439488 ], [ 77.441029355190338, 23.24019224642144 ] ] ] } },
{ "type": "Feature", "properties": { }, "geometry": { "type": "Polygon", "coordinates": [ [ [ 77.439649655190337, 23.24004594646382 ], [ 77.439729355190337, 23.240066746457792 ], [ 77.43976555519032, 23.239949646491709 ], [ 77.439685855190334, 23.239928846497737 ], [ 77.439649655190337, 23.24004594646382 ] ] ] } },
{ "type": "Feature", "properties": { }, "geometry": { "type": "Polygon", "coordinates": [ [ [ 77.439252055190337, 23.241735245974503 ], [ 77.439354955190339, 23.24173454597469 ], [ 77.439354455190326, 23.241672545992657 ], [ 77.439251555190324, 23.241673245992448 ], [ 77.439252055190337, 23.241735245974503 ] ] ] } },
{ "type": "Feature", "properties": { }, "geometry": { "type": "Polygon", "coordinates": [ [ [ 77.440107955190328, 23.239070246746429 ], [ 77.440239355190329, 23.239116646732988 ], [ 77.440289655190341, 23.238996546767776 ], [ 77.44015825519034, 23.238950146781214 ], [ 77.440107955190328, 23.239070246746429 ] ] ] } },
{ "type": "Feature", "properties": { }, "geometry": { "type": "Polygon", "coordinates": [ [ [ 77.441349155190323, 23.239000646766588 ], [ 77.441527355190331, 23.239006746764819 ], [ 77.441531555190338, 23.23890354679471 ], [ 77.44135335519033, 23.238897446796479 ], [ 77.441349155190323, 23.239000646766588 ] ] ] } },
{ "type": "Feature", "properties": { }, "geometry": { "type": "Polygon", "coordinates": [ [ [ 77.440864355190342, 23.240682146279536 ], [ 77.440916055190343, 23.24076534625544 ], [ 77.440979855190335, 23.240786846249215 ], [ 77.441015655190327, 23.240768546254518 ], [ 77.440941355190319, 23.24064494629032 ], [ 77.440864355190342, 23.240682146279536 ] ] ] } },
{ "type": "Feature", "properties": { }, "geometry": { "type": "Polygon", "coordinates": [ [ [ 77.439550755190325, 23.239773146542841 ], [ 77.439512655190327, 23.239700246563956 ], [ 77.439439455190339, 23.239694146565721 ], [ 77.439481355190324, 23.239772246543097 ], [ 77.439499055190325, 23.239768846544088 ], [ 77.439511155190317, 23.239790046537934 ], [ 77.439550755190325, 23.239773146542841 ] ] ] } },
{ "type": "Feature", "properties": { }, "geometry": { "type": "Polygon", "coordinates": [ [ [ 77.440673655190338, 23.239584646597432 ], [ 77.440732555190337, 23.239604246591757 ], [ 77.440725855190323, 23.239621346586805 ], [ 77.440790955190323, 23.239642946580549 ], [ 77.440827955190315, 23.239548846607804 ], [ 77.44070395519033, 23.239507646619735 ], [ 77.440673655190338, 23.239584646597432 ] ] ] } },
{ "type": "Feature", "properties": { }, "geometry": { "type": "Polygon", "coordinates": [ [ [ 77.440553155190315, 23.240063446458752 ], [ 77.440680055190342, 23.240051946462085 ], [ 77.440702255190317, 23.240053846461528 ], [ 77.440705555190334, 23.240021646470858 ], [ 77.440681655190332, 23.240014646472883 ], [ 77.440686155190321, 23.239970046485805 ], [ 77.440592555190321, 23.239942546493779 ], [ 77.440572355190341, 23.239981046482615 ], [ 77.440553155190315, 23.240063446458752 ] ] ] } },
{ "type": "Feature", "properties": { }, "geometry": { "type": "Polygon", "coordinates": [ [ [ 77.442565455190334, 23.233697048302556 ], [ 77.442538655190333, 23.233833248263114 ], [ 77.442607855190317, 23.233844748259784 ], [ 77.442634655190332, 23.233708548299223 ], [ 77.442565455190334, 23.233697048302556 ] ] ] } },
{ "type": "Feature", "properties": { }, "geometry": { "type": "Polygon", "coordinates": [ [ [ 77.442393755190324, 23.233676148308604 ], [ 77.442377655190342, 23.233809848269892 ], [ 77.442456555190319, 23.233817848267574 ], [ 77.442472655190315, 23.233684148306292 ], [ 77.442393755190324, 23.233676148308604 ] ] ] } },
{ "type": "Feature", "properties": { }, "geometry": { "type": "Polygon", "coordinates": [ [ [ 77.44208295519033, 23.233667748311046 ], [ 77.44215315519034, 23.233666248311472 ], [ 77.442152155190342, 23.233627148322796 ], [ 77.442081955190332, 23.233628648322362 ], [ 77.44208295519033, 23.233667748311046 ] ] ] } },
{ "type": "Feature", "properties": { }, "geometry": { "type": "Polygon", "coordinates": [ [ [ 77.442218855190319, 23.236737947421926 ], [ 77.442342255190326, 23.236747047419293 ], [ 77.442347955190343, 23.236681147438375 ], [ 77.442224555190322, 23.236672047441008 ], [ 77.442218855190319, 23.236737947421926 ] ] ] } },
{ "type": "Feature", "properties": { }, "geometry": { "type": "Polygon", "coordinates": [ [ [ 77.442344355190329, 23.238425446933189 ], [ 77.442340655190321, 23.238542746899213 ], [ 77.442434555190317, 23.238545146898517 ], [ 77.442438255190325, 23.238427946932465 ], [ 77.442344355190329, 23.238425446933189 ] ] ] } },
{ "type": "Feature", "properties": { }, "geometry": { "type": "Polygon", "coordinates": [ [ [ 77.442218455190343, 23.233601248330295 ], [ 77.442220155190341, 23.233553448344139 ], [ 77.442147555190331, 23.233551348344744 ], [ 77.442145855190319, 23.233599048330934 ], [ 77.442218455190343, 23.233601248330295 ] ] ] } },
{ "type": "Feature", "properties": { }, "geometry": { "type": "Polygon", "coordinates": [ [ [ 77.44196685519033, 23.23853454690159 ], [ 77.441961555190318, 23.23865254686741 ], [ 77.442043355190322, 23.238655646866516 ], [ 77.44204865519032, 23.238537646900692 ], [ 77.44196685519033, 23.23853454690159 ] ] ] } },
{ "type": "Feature", "properties": { }, "geometry": { "type": "Polygon", "coordinates": [ [ [ 77.442311355190341, 23.233663148312377 ], [ 77.442307955190316, 23.233800548272583 ], [ 77.442376955190326, 23.233801948272177 ], [ 77.442380355190338, 23.23366454831196 ], [ 77.442311355190341, 23.233663148312377 ] ] ] } },
{ "type": "Feature", "properties": { }, "geometry": { "type": "Polygon", "coordinates": [ [ [ 77.44220765519033, 23.237275447266256 ], [ 77.442202255190338, 23.237383547234955 ], [ 77.442287155190328, 23.237387147233903 ], [ 77.442292455190326, 23.237279047265218 ], [ 77.44220765519033, 23.237275447266256 ] ] ] } },
{ "type": "Feature", "properties": { }, "geometry": { "type": "Polygon", "coordinates": [ [ [ 77.442230855190331, 23.236751347418046 ], [ 77.442223655190332, 23.236833547394237 ], [ 77.442344155190327, 23.236842347391693 ], [ 77.442351255190331, 23.236760147415495 ], [ 77.442230855190331, 23.236751347418046 ] ] ] } },
{ "type": "Feature", "properties": { }, "geometry": { "type": "Polygon", "coordinates": [ [ [ 77.44324275519034, 23.238420546934606 ], [ 77.443139255190331, 23.238418046935323 ], [ 77.443135355190336, 23.238555946895389 ], [ 77.443238855190316, 23.238558446894661 ], [ 77.44324275519034, 23.238420546934606 ] ] ] } },
{ "type": "Feature", "properties": { }, "geometry": { "type": "Polygon", "coordinates": [ [ [ 77.442156455190343, 23.233631448321546 ], [ 77.442156155190318, 23.233674548309072 ], [ 77.442161155190334, 23.233674548309072 ], [ 77.442225555190319, 23.233674848308983 ], [ 77.442229255190327, 23.233674848308983 ], [ 77.442229455190315, 23.233631748321461 ], [ 77.442156455190343, 23.233631448321546 ] ] ] } },
{ "type": "Feature", "properties": { }, "geometry": { "type": "Polygon", "coordinates": [ [ [ 77.442401155190339, 23.237278847265269 ], [ 77.442397455190317, 23.237382047235386 ], [ 77.442464155190336, 23.237384047234805 ], [ 77.44246785519033, 23.237280847264692 ], [ 77.442401155190339, 23.237278847265269 ] ] ] } },
{ "type": "Feature", "properties": { }, "geometry": { "type": "Polygon", "coordinates": [ [ [ 77.44205805519033, 23.238537646900692 ], [ 77.44205165519034, 23.238652446867437 ], [ 77.442140555190335, 23.238656646866218 ], [ 77.442146855190316, 23.238541746899497 ], [ 77.44205805519033, 23.238537646900692 ] ] ] } },
{ "type": "Feature", "properties": { }, "geometry": { "type": "Polygon", "coordinates": [ [ [ 77.442389455190323, 23.237292647261274 ], [ 77.442296955190315, 23.237290547261878 ], [ 77.442293955190323, 23.23739864723057 ], [ 77.442386455190331, 23.237400847229932 ], [ 77.442389455190323, 23.237292647261274 ] ] ] } },
{ "type": "Feature", "properties": { }, "geometry": { "type": "Polygon", "coordinates": [ [ [ 77.44215325519032, 23.238409446937823 ], [ 77.442150155190319, 23.238520646905616 ], [ 77.44222855519034, 23.238522546905056 ], [ 77.442231655190341, 23.238411346937273 ], [ 77.44215325519032, 23.238409446937823 ] ] ] } },
{ "type": "Feature", "properties": { }, "geometry": { "type": "Polygon", "coordinates": [ [ [ 77.442220055190319, 23.236604947460449 ], [ 77.442214655190327, 23.236666347442668 ], [ 77.442337355190318, 23.236675447440028 ], [ 77.442342755190325, 23.236614047457802 ], [ 77.442220055190319, 23.236604947460449 ] ] ] } },
{ "type": "Feature", "properties": { }, "geometry": { "type": "Polygon", "coordinates": [ [ [ 77.442245755190328, 23.238416846935678 ], [ 77.442241455190327, 23.238553346896143 ], [ 77.44233325519032, 23.238555746895443 ], [ 77.442337655190343, 23.23841934693495 ], [ 77.442245755190328, 23.238416846935678 ] ] ] } },
{ "type": "Feature", "properties": { }, "geometry": { "type": "Polygon", "coordinates": [ [ [ 77.442298555190334, 23.23366564831165 ], [ 77.442233255190331, 23.233665048311824 ], [ 77.442231855190343, 23.233799448272901 ], [ 77.442297255190326, 23.233799948272754 ], [ 77.442298555190334, 23.23366564831165 ] ] ] } },
{ "type": "Feature", "properties": { }, "geometry": { "type": "Polygon", "coordinates": [ [ [ 77.442070055190342, 23.238405146939062 ], [ 77.442073755190336, 23.238530846902659 ], [ 77.442148255190332, 23.238529046903185 ], [ 77.442144555190339, 23.238403346939588 ], [ 77.442070055190342, 23.238405146939062 ] ] ] } },
{ "type": "Feature", "properties": { }, "geometry": { "type": "Polygon", "coordinates": [ [ [ 77.442424255190318, 23.237243347275555 ], [ 77.442494455190342, 23.23724694727451 ], [ 77.442500755190338, 23.23714194730492 ], [ 77.442430655190321, 23.237138347305965 ], [ 77.442424255190318, 23.237243347275555 ] ] ] } },
{ "type": "Feature", "properties": { }, "geometry": { "type": "Polygon", "coordinates": [ [ [ 77.442092755190316, 23.233672448309679 ], [ 77.442090655190341, 23.233775948279707 ], [ 77.442152355190331, 23.23377694827942 ], [ 77.442154355190326, 23.233673448309389 ], [ 77.442092755190316, 23.233672448309679 ] ] ] } },
{ "type": "Feature", "properties": { }, "geometry": { "type": "Polygon", "coordinates": [ [ [ 77.443099955190334, 23.238604946881196 ], [ 77.442992055190331, 23.238603846881521 ], [ 77.44299055519032, 23.238723646846818 ], [ 77.443098455190324, 23.238724746846501 ], [ 77.443099955190334, 23.238604946881196 ] ] ] } },
{ "type": "Feature", "properties": { }, "geometry": { "type": "Polygon", "coordinates": [ [ [ 77.442631855190328, 23.233766648282401 ], [ 77.442619955190338, 23.233847248259057 ], [ 77.442728555190342, 23.233860848255123 ], [ 77.442740455190318, 23.23378024827846 ], [ 77.442631855190328, 23.233766648282401 ] ] ] } },
{ "type": "Feature", "properties": { }, "geometry": { "type": "Polygon", "coordinates": [ [ [ 77.442208355190331, 23.236920947368922 ], [ 77.442200355190337, 23.237012747342344 ], [ 77.442334155190338, 23.237022647339472 ], [ 77.442342155190332, 23.236930847366061 ], [ 77.442208355190331, 23.236920947368922 ] ] ] } },
{ "type": "Feature", "properties": { }, "geometry": { "type": "Polygon", "coordinates": [ [ [ 77.442235955190341, 23.236597847462502 ], [ 77.442365155190316, 23.236607347459746 ], [ 77.442372855190342, 23.236519347485235 ], [ 77.442243655190325, 23.236509847487987 ], [ 77.442235955190341, 23.236597847462502 ] ] ] } },
{ "type": "Feature", "properties": { }, "geometry": { "type": "Polygon", "coordinates": [ [ [ 77.443001055190322, 23.238419646934862 ], [ 77.442997055190332, 23.238560846893964 ], [ 77.443125255190324, 23.238563846893104 ], [ 77.443129255190343, 23.238422746933967 ], [ 77.443001055190322, 23.238419646934862 ] ] ] } },
{ "type": "Feature", "properties": { }, "geometry": { "type": "Polygon", "coordinates": [ [ [ 77.442159955190334, 23.238556146895327 ], [ 77.442154555190328, 23.238659946865262 ], [ 77.442239755190343, 23.238663646864193 ], [ 77.442245055190341, 23.238559846894262 ], [ 77.442159955190334, 23.238556146895327 ] ] ] } },
{ "type": "Feature", "properties": { }, "geometry": { "type": "Polygon", "coordinates": [ [ [ 77.44273395519032, 23.238630646873755 ], [ 77.442881455190332, 23.238635546872334 ], [ 77.442885255190319, 23.238539946900023 ], [ 77.442737755190336, 23.238534946901474 ], [ 77.44273395519032, 23.238630646873755 ] ] ] } },
{ "type": "Feature", "properties": { }, "geometry": { "type": "Polygon", "coordinates": [ [ [ 77.442161155190334, 23.233674548309072 ], [ 77.442163155190329, 23.23378024827846 ], [ 77.442227655190322, 23.233779248278754 ], [ 77.442225555190319, 23.233674848308983 ], [ 77.442161155190334, 23.233674548309072 ] ] ] } },
{ "type": "Feature", "properties": { }, "geometry": { "type": "Polygon", "coordinates": [ [ [ 77.442061355190333, 23.238410046937638 ], [ 77.441982355190319, 23.238405746938891 ], [ 77.441974955190318, 23.23851914690605 ], [ 77.442053955190332, 23.2385234469048 ], [ 77.442061355190333, 23.238410046937638 ] ] ] } },
{ "type": "Feature", "properties": { }, "geometry": { "type": "Polygon", "coordinates": [ [ [ 77.442277755190332, 23.237126047309527 ], [ 77.44216225519034, 23.237124947309844 ], [ 77.442160955190332, 23.23724694727451 ], [ 77.442276455190324, 23.237248047274193 ], [ 77.442277755190332, 23.237126047309527 ] ] ] } },
{ "type": "Feature", "properties": { }, "geometry": { "type": "Polygon", "coordinates": [ [ [ 77.442002155190323, 23.233669348310574 ], [ 77.441999555190336, 23.233769148281681 ], [ 77.442081355190339, 23.233770948281155 ], [ 77.442083955190341, 23.233671148310059 ], [ 77.442002155190323, 23.233669348310574 ] ] ] } },
{ "type": "Feature", "properties": { }, "geometry": { "type": "Polygon", "coordinates": [ [ [ 77.443118155190334, 23.238607946880329 ], [ 77.443116755190317, 23.23871614684899 ], [ 77.443214055190339, 23.2387171468487 ], [ 77.443215355190318, 23.238608946880035 ], [ 77.443118155190334, 23.238607946880329 ] ] ] } },
{ "type": "Feature", "properties": { }, "geometry": { "type": "Polygon", "coordinates": [ [ [ 77.442637855190327, 23.233756848285239 ], [ 77.44272835519034, 23.233767948282022 ], [ 77.442739955190319, 23.233688048305162 ], [ 77.442649455190335, 23.233676948308375 ], [ 77.442637855190327, 23.233756848285239 ] ] ] } },
{ "type": "Feature", "properties": { }, "geometry": { "type": "Polygon", "coordinates": [ [ [ 77.442217555190325, 23.236839147392622 ], [ 77.442210955190319, 23.236915647370459 ], [ 77.442340855190324, 23.23692524736768 ], [ 77.442347455190315, 23.236848747389832 ], [ 77.442217555190325, 23.236839147392622 ] ] ] } },
{ "type": "Feature", "properties": { }, "geometry": { "type": "Polygon", "coordinates": [ [ [ 77.442730555190337, 23.238642946870186 ], [ 77.442725155190317, 23.238728046845537 ], [ 77.442874755190317, 23.238736046843229 ], [ 77.442880055190329, 23.238650946867871 ], [ 77.442730555190337, 23.238642946870186 ] ] ] } },
{ "type": "Feature", "properties": { }, "geometry": { "type": "Polygon", "coordinates": [ [ [ 77.442254455190337, 23.238557346894986 ], [ 77.442247755190337, 23.238671946861789 ], [ 77.442323555190328, 23.23867564686072 ], [ 77.442330255190342, 23.23856104689391 ], [ 77.442254455190337, 23.238557346894986 ] ] ] } },
{ "type": "Feature", "properties": { }, "geometry": { "type": "Polygon", "coordinates": [ [ [ 77.442345555190343, 23.238556146895327 ], [ 77.442342755190325, 23.238674446861065 ], [ 77.442429255190333, 23.238676246860543 ], [ 77.442432055190324, 23.238557846894835 ], [ 77.442345555190343, 23.238556146895327 ] ] ] } },
{ "type": "Feature", "properties": { }, "geometry": { "type": "Polygon", "coordinates": [ [ [ 77.442197655190341, 23.237276647265915 ], [ 77.442132055190342, 23.237276147266051 ], [ 77.442131055190316, 23.237376547236973 ], [ 77.44219665519033, 23.237377047236826 ], [ 77.442197655190341, 23.237276647265915 ] ] ] } },
{ "type": "Feature", "properties": { }, "geometry": { "type": "Polygon", "coordinates": [ [ [ 77.44248765519032, 23.233682248306842 ], [ 77.442464855190323, 23.233809848269892 ], [ 77.442523755190322, 23.233818748267321 ], [ 77.442546555190319, 23.233691148304267 ], [ 77.44248765519032, 23.233682248306842 ] ] ] } },
{ "type": "Feature", "properties": { }, "geometry": { "type": "Polygon", "coordinates": [ [ [ 77.442044055190323, 23.233572548338614 ], [ 77.442042455190318, 23.233642848318247 ], [ 77.442073155190329, 23.233643448318077 ], [ 77.442074855190327, 23.233573248338402 ], [ 77.442044055190323, 23.233572548338614 ] ] ] } },
{ "type": "Feature", "properties": { }, "geometry": { "type": "Polygon", "coordinates": [ [ [ 77.434276155190318, 23.23038994926015 ], [ 77.434448255190318, 23.2305158492237 ], [ 77.434534155190335, 23.230416749252392 ], [ 77.43436205519032, 23.230290849288842 ], [ 77.434276155190318, 23.23038994926015 ] ] ] } },
{ "type": "Feature", "properties": { }, "geometry": { "type": "Polygon", "coordinates": [ [ [ 77.434758055190329, 23.231826448844213 ], [ 77.434829755190336, 23.231554748922893 ], [ 77.434730255190317, 23.231532548929323 ], [ 77.434658555190325, 23.231804248850644 ], [ 77.434758055190329, 23.231826448844213 ] ] ] } },
{ "type": "Feature", "properties": { }, "geometry": { "type": "Polygon", "coordinates": [ [ [ 77.435543155190317, 23.232390548680883 ], [ 77.43573975519034, 23.232437848667185 ], [ 77.435792955190323, 23.232251048721281 ], [ 77.435596355190327, 23.23220384873494 ], [ 77.435543155190317, 23.232390548680883 ] ] ] } },
{ "type": "Feature", "properties": { }, "geometry": { "type": "Polygon", "coordinates": [ [ [ 77.434724855190325, 23.234245548143726 ], [ 77.434858955190336, 23.234278248134245 ], [ 77.43487885519032, 23.234209248154229 ], [ 77.434744755190337, 23.234176548163706 ], [ 77.434724855190325, 23.234245548143726 ] ] ] } },
{ "type": "Feature", "properties": { }, "geometry": { "type": "Polygon", "coordinates": [ [ [ 77.436738355190329, 23.230364649267482 ], [ 77.436880255190331, 23.230395949258419 ], [ 77.436902255190319, 23.230311249282941 ], [ 77.436760355190316, 23.230280049291977 ], [ 77.436738355190329, 23.230364649267482 ] ] ] } },
{ "type": "Feature", "properties": { }, "geometry": { "type": "Polygon", "coordinates": [ [ [ 77.433701655190319, 23.231749148866598 ], [ 77.433837155190318, 23.231613848905781 ], [ 77.433729155190335, 23.23152244893225 ], [ 77.433593655190336, 23.23165784889304 ], [ 77.433701655190319, 23.231749148866598 ] ] ] } },
{ "type": "Feature", "properties": { }, "geometry": { "type": "Polygon", "coordinates": [ [ [ 77.43542115519034, 23.228997749663247 ], [ 77.435361855190337, 23.229143049621172 ], [ 77.435558155190321, 23.229210849601543 ], [ 77.435617555190319, 23.229065549643607 ], [ 77.43542115519034, 23.228997749663247 ] ] ] } },
{ "type": "Feature", "properties": { }, "geometry": { "type": "Polygon", "coordinates": [ [ [ 77.436180955190324, 23.231133149044968 ], [ 77.436386955190315, 23.231179949031414 ], [ 77.436418155190324, 23.231063949065007 ], [ 77.436212055190339, 23.231017149078554 ], [ 77.436180955190324, 23.231133149044968 ] ] ] } },
{ "type": "Feature", "properties": { }, "geometry": { "type": "Polygon", "coordinates": [ [ [ 77.436542055190316, 23.231161049036881 ], [ 77.436691755190324, 23.231189749028577 ], [ 77.436710755190333, 23.231106149052788 ], [ 77.436561055190325, 23.231077449061097 ], [ 77.436542055190316, 23.231161049036881 ] ] ] } },
{ "type": "Feature", "properties": { }, "geometry": { "type": "Polygon", "coordinates": [ [ [ 77.436456755190335, 23.229328149567579 ], [ 77.43656725519034, 23.229351149560923 ], [ 77.436612655190316, 23.229166549614369 ], [ 77.436502255190334, 23.229143649620994 ], [ 77.436456755190335, 23.229328149567579 ] ] ] } },
{ "type": "Feature", "properties": { }, "geometry": { "type": "Polygon", "coordinates": [ [ [ 77.434651055190329, 23.230590749202012 ], [ 77.434816055190325, 23.230632649189882 ], [ 77.434871355190324, 23.230448749243127 ], [ 77.434759355190337, 23.23042284925063 ], [ 77.434651055190329, 23.230590749202012 ] ] ] } },
{ "type": "Feature", "properties": { }, "geometry": { "type": "Polygon", "coordinates": [ [ [ 77.43419385519033, 23.230487149232012 ], [ 77.434363855190327, 23.230611549195988 ], [ 77.434441555190318, 23.230521949221938 ], [ 77.434271555190335, 23.230397549257951 ], [ 77.43419385519033, 23.230487149232012 ] ] ] } },
{ "type": "Feature", "properties": { }, "geometry": { "type": "Polygon", "coordinates": [ [ [ 77.433891655190337, 23.231921948816563 ], [ 77.433988255190343, 23.232007048791928 ], [ 77.434127655190338, 23.231873348830636 ], [ 77.434031155190326, 23.231788248855281 ], [ 77.433891655190337, 23.231921948816563 ] ] ] } },
{ "type": "Feature", "properties": { }, "geometry": { "type": "Polygon", "coordinates": [ [ [ 77.43540905519032, 23.231608048907454 ], [ 77.435591455190334, 23.231648448895765 ], [ 77.435608955190332, 23.231581948915014 ], [ 77.435426555190332, 23.23154154892671 ], [ 77.43540905519032, 23.231608048907454 ] ] ] } },
{ "type": "Feature", "properties": { }, "geometry": { "type": "Polygon", "coordinates": [ [ [ 77.432952555190326, 23.231262349007558 ], [ 77.433203355190315, 23.231461348949932 ], [ 77.433314755190324, 23.231342848984248 ], [ 77.43306395519032, 23.231143849041871 ], [ 77.432952555190326, 23.231262349007558 ] ] ] } },
{ "type": "Feature", "properties": { }, "geometry": { "type": "Polygon", "coordinates": [ [ [ 77.436220455190323, 23.231013549079602 ], [ 77.436418255190333, 23.231058449066595 ], [ 77.436451655190325, 23.230934149102588 ], [ 77.43625385519033, 23.230889249115588 ], [ 77.436220455190323, 23.231013549079602 ] ] ] } },
{ "type": "Feature", "properties": { }, "geometry": { "type": "Polygon", "coordinates": [ [ [ 77.433649255190332, 23.233484248364181 ], [ 77.43382905519033, 23.233677648308177 ], [ 77.434178355190326, 23.233403448387577 ], [ 77.433998655190337, 23.233210048443578 ], [ 77.433649255190332, 23.233484248364181 ] ] ] } },
{ "type": "Feature", "properties": { }, "geometry": { "type": "Polygon", "coordinates": [ [ [ 77.435164755190328, 23.234892847956274 ], [ 77.435304855190338, 23.234920547948249 ], [ 77.435324055190321, 23.234838747971935 ], [ 77.435183855190317, 23.234811047979957 ], [ 77.435164755190328, 23.234892847956274 ] ] ] } },
{ "type": "Feature", "properties": { }, "geometry": { "type": "Polygon", "coordinates": [ [ [ 77.435794355190339, 23.234988347928617 ], [ 77.435899655190326, 23.235007847922965 ], [ 77.43593255519032, 23.234858147966317 ], [ 77.435827255190333, 23.234838647971962 ], [ 77.435794355190339, 23.234988347928617 ] ] ] } },
{ "type": "Feature", "properties": { }, "geometry": { "type": "Polygon", "coordinates": [ [ [ 77.434799955190343, 23.230333749276422 ], [ 77.434948155190341, 23.230369449266096 ], [ 77.43498465519032, 23.230191949317483 ], [ 77.434881355190342, 23.230162349326054 ], [ 77.434799955190343, 23.230333749276422 ] ] ] } },
{ "type": "Feature", "properties": { }, "geometry": { "type": "Polygon", "coordinates": [ [ [ 77.436390455190335, 23.230397249258044 ], [ 77.436594355190323, 23.230439149245907 ], [ 77.436636755190321, 23.230264849296375 ], [ 77.436432955190327, 23.230222949308505 ], [ 77.436390455190335, 23.230397249258044 ] ] ] } },
{ "type": "Feature", "properties": { }, "geometry": { "type": "Polygon", "coordinates": [ [ [ 77.436036455190333, 23.230558049211478 ], [ 77.436240955190343, 23.230607649197115 ], [ 77.436273555190326, 23.230494049230014 ], [ 77.436069055190316, 23.230444449244374 ], [ 77.436036455190333, 23.230558049211478 ] ] ] } },
{ "type": "Feature", "properties": { }, "geometry": { "type": "Polygon", "coordinates": [ [ [ 77.436130255190321, 23.229515349513381 ], [ 77.436307655190333, 23.229553449502347 ], [ 77.436356155190325, 23.22936314955745 ], [ 77.43617875519034, 23.229324949568507 ], [ 77.436130255190321, 23.229515349513381 ] ] ] } },
{ "type": "Feature", "properties": { }, "geometry": { "type": "Polygon", "coordinates": [ [ [ 77.436112255190338, 23.230301449285776 ], [ 77.436301955190316, 23.230349449271881 ], [ 77.436338955190337, 23.230226249307552 ], [ 77.436149155190336, 23.230178149321482 ], [ 77.436112255190338, 23.230301449285776 ] ] ] } },
{ "type": "Feature", "properties": { }, "geometry": { "type": "Polygon", "coordinates": [ [ [ 77.43362925519034, 23.231145149041488 ], [ 77.433784955190333, 23.231259149008483 ], [ 77.433871155190317, 23.231159649037295 ], [ 77.433715555190332, 23.231045749070272 ], [ 77.43362925519034, 23.231145149041488 ] ] ] } },
{ "type": "Feature", "properties": { }, "geometry": { "type": "Polygon", "coordinates": [ [ [ 77.43586805519034, 23.232353448691626 ], [ 77.436052555190315, 23.232392348680364 ], [ 77.436075855190325, 23.232299348707286 ], [ 77.435891255190327, 23.232260448718552 ], [ 77.43586805519034, 23.232353448691626 ] ] ] } },
{ "type": "Feature", "properties": { }, "geometry": { "type": "Polygon", "coordinates": [ [ [ 77.433186555190332, 23.230983849088194 ], [ 77.433447455190333, 23.231189649028604 ], [ 77.433542655190337, 23.231087649058143 ], [ 77.43328185519033, 23.230881849117729 ], [ 77.433186555190332, 23.230983849088194 ] ] ] } },
{ "type": "Feature", "properties": { }, "geometry": { "type": "Polygon", "coordinates": [ [ [ 77.434385855190342, 23.229772149439029 ], [ 77.434454555190328, 23.229658749471859 ], [ 77.434326655190318, 23.229593349490802 ], [ 77.434257955190333, 23.229706849457937 ], [ 77.434385855190342, 23.229772149439029 ] ] ] } },
{ "type": "Feature", "properties": { }, "geometry": { "type": "Polygon", "coordinates": [ [ [ 77.434641655190319, 23.231384048972316 ], [ 77.434817655190329, 23.23111454905035 ], [ 77.434617955190319, 23.231054549067721 ], [ 77.434472155190335, 23.231267949005936 ], [ 77.434641655190319, 23.231384048972316 ] ] ] } },
{ "type": "Feature", "properties": { }, "geometry": { "type": "Polygon", "coordinates": [ [ [ 77.435475355190334, 23.231329948987984 ], [ 77.435668855190329, 23.231372848975557 ], [ 77.43568925519034, 23.231295148998061 ], [ 77.435495755190331, 23.231252249010485 ], [ 77.435475355190334, 23.231329948987984 ] ] ] } },
{ "type": "Feature", "properties": { }, "geometry": { "type": "Polygon", "coordinates": [ [ [ 77.434584655190321, 23.234781347988566 ], [ 77.434733555190334, 23.234807847980882 ], [ 77.434752155190338, 23.234719448006484 ], [ 77.434603355190319, 23.234692948014157 ], [ 77.434584655190321, 23.234781347988566 ] ] ] } },
{ "type": "Feature", "properties": { }, "geometry": { "type": "Polygon", "coordinates": [ [ [ 77.436674155190332, 23.231285149000957 ], [ 77.43683175519034, 23.231315348992212 ], [ 77.436850055190334, 23.231234349015665 ], [ 77.436692555190319, 23.231204149024403 ], [ 77.436674155190332, 23.231285149000957 ] ] ] } },
{ "type": "Feature", "properties": { }, "geometry": { "type": "Polygon", "coordinates": [ [ [ 77.434583655190337, 23.232051348779095 ], [ 77.43465815519032, 23.231780848857426 ], [ 77.434567155190322, 23.231759748863535 ], [ 77.434492755190334, 23.232030248785211 ], [ 77.434583655190337, 23.232051348779095 ] ] ] } },
{ "type": "Feature", "properties": { }, "geometry": { "type": "Polygon", "coordinates": [ [ [ 77.434114055190335, 23.231472848946606 ], [ 77.43423095519033, 23.231560448921243 ], [ 77.434314155190336, 23.231466748948371 ], [ 77.434197255190341, 23.231379048973764 ], [ 77.434114055190335, 23.231472848946606 ] ] ] } },
{ "type": "Feature", "properties": { }, "geometry": { "type": "Polygon", "coordinates": [ [ [ 77.436358755190341, 23.230500349228191 ], [ 77.436553255190333, 23.230540249216642 ], [ 77.436577555190325, 23.230440049245651 ], [ 77.436383055190333, 23.230400249257169 ], [ 77.436358755190341, 23.230500349228191 ] ] ] } },
{ "type": "Feature", "properties": { }, "geometry": { "type": "Polygon", "coordinates": [ [ [ 77.434998455190339, 23.234660848023459 ], [ 77.434977555190329, 23.234755047996178 ], [ 77.435130355190324, 23.234783747987873 ], [ 77.435151355190328, 23.23468954801514 ], [ 77.434998455190339, 23.234660848023459 ] ] ] } },
{ "type": "Feature", "properties": { }, "geometry": { "type": "Polygon", "coordinates": [ [ [ 77.433194655190334, 23.233592148332932 ], [ 77.43338845519034, 23.23373504829155 ], [ 77.433464455190318, 23.233648048316745 ], [ 77.433270655190341, 23.233505148358123 ], [ 77.433194655190334, 23.233592148332932 ] ] ] } },
{ "type": "Feature", "properties": { }, "geometry": { "type": "Polygon", "coordinates": [ [ [ 77.436740855190337, 23.231081849059819 ], [ 77.436918555190331, 23.231117049049629 ], [ 77.436950055190323, 23.230982649088542 ], [ 77.436772355190328, 23.230947449098739 ], [ 77.436740855190337, 23.231081849059819 ] ] ] } },
{ "type": "Feature", "properties": { }, "geometry": { "type": "Polygon", "coordinates": [ [ [ 77.434634955190333, 23.234569348049959 ], [ 77.434781155190336, 23.234590348043874 ], [ 77.434794355190334, 23.234512548066402 ], [ 77.434648155190331, 23.234491648072453 ], [ 77.434634955190333, 23.234569348049959 ] ] ] } },
{ "type": "Feature", "properties": { }, "geometry": { "type": "Polygon", "coordinates": [ [ [ 77.436701655190319, 23.231187149029335 ], [ 77.436857155190324, 23.231221049019517 ], [ 77.436875055190328, 23.231151849039549 ], [ 77.436719455190328, 23.231117949049366 ], [ 77.436701655190319, 23.231187149029335 ] ] ] } },
{ "type": "Feature", "properties": { }, "geometry": { "type": "Polygon", "coordinates": [ [ [ 77.433267455190332, 23.23349744836036 ], [ 77.433477055190323, 23.23364684831709 ], [ 77.433573255190325, 23.233532848350102 ], [ 77.433363655190334, 23.233383448393365 ], [ 77.433267455190332, 23.23349744836036 ] ] ] } },
{ "type": "Feature", "properties": { }, "geometry": { "type": "Polygon", "coordinates": [ [ [ 77.434610555190318, 23.230974249090977 ], [ 77.434693455190342, 23.230991349086025 ], [ 77.434736755190329, 23.230813849137412 ], [ 77.43465375519034, 23.23079684914234 ], [ 77.434610555190318, 23.230974249090977 ] ] ] } },
{ "type": "Feature", "properties": { }, "geometry": { "type": "Polygon", "coordinates": [ [ [ 77.43362845519033, 23.233414648384329 ], [ 77.433947655190337, 23.233152148460341 ], [ 77.433774255190343, 23.232974148511893 ], [ 77.433455155190316, 23.233236648435877 ], [ 77.43362845519033, 23.233414648384329 ] ] ] } },
{ "type": "Feature", "properties": { }, "geometry": { "type": "Polygon", "coordinates": [ [ [ 77.433117555190336, 23.233670948310117 ], [ 77.433323355190339, 23.233817648267632 ], [ 77.433388355190331, 23.233740648289931 ], [ 77.433182455190334, 23.233594048332382 ], [ 77.433117555190336, 23.233670948310117 ] ] ] } },
{ "type": "Feature", "properties": { }, "geometry": { "type": "Polygon", "coordinates": [ [ [ 77.434125355190332, 23.234674148019604 ], [ 77.434150155190324, 23.234541648057974 ], [ 77.434069955190338, 23.234528948061655 ], [ 77.434045155190319, 23.234661448023282 ], [ 77.434125355190332, 23.234674148019604 ] ] ] } },
{ "type": "Feature", "properties": { }, "geometry": { "type": "Polygon", "coordinates": [ [ [ 77.434990755190327, 23.230202549314416 ], [ 77.434964055190335, 23.230378249263538 ], [ 77.435055255190335, 23.230399249257463 ], [ 77.435097955190315, 23.23022464930802 ], [ 77.434990755190327, 23.230202549314416 ] ] ] } },
{ "type": "Feature", "properties": { }, "geometry": { "type": "Polygon", "coordinates": [ [ [ 77.435185355190328, 23.234804247981931 ], [ 77.435324355190332, 23.23483084797423 ], [ 77.435339155190334, 23.234765847993046 ], [ 77.43520015519033, 23.23473924800075 ], [ 77.435185355190328, 23.234804247981931 ] ] ] } },
{ "type": "Feature", "properties": { }, "geometry": { "type": "Polygon", "coordinates": [ [ [ 77.436569855190342, 23.230899449112631 ], [ 77.436542755190331, 23.231015249079107 ], [ 77.436714455190327, 23.231049149069289 ], [ 77.436741555190338, 23.230933349102816 ], [ 77.436569855190342, 23.230899449112631 ] ] ] } },
{ "type": "Feature", "properties": { }, "geometry": { "type": "Polygon", "coordinates": [ [ [ 77.435497955190343, 23.232592048622532 ], [ 77.435695455190341, 23.232639448608811 ], [ 77.435749055190328, 23.232451048663361 ], [ 77.43555155519033, 23.232403548677119 ], [ 77.435497955190343, 23.232592048622532 ] ] ] } },
{ "type": "Feature", "properties": { }, "geometry": { "type": "Polygon", "coordinates": [ [ [ 77.434755155190317, 23.234097448186606 ], [ 77.434735355190327, 23.234168548166014 ], [ 77.434891755190336, 23.234205248155391 ], [ 77.434911555190325, 23.234134248175952 ], [ 77.434755155190317, 23.234097448186606 ] ] ] } },
{ "type": "Feature", "properties": { }, "geometry": { "type": "Polygon", "coordinates": [ [ [ 77.436072355190319, 23.230436649246634 ], [ 77.436264755190322, 23.230485049232612 ], [ 77.436302455190329, 23.230358349269302 ], [ 77.436110055190326, 23.230309949283317 ], [ 77.436072355190319, 23.230436649246634 ] ] ] } },
{ "type": "Feature", "properties": { }, "geometry": { "type": "Polygon", "coordinates": [ [ [ 77.433534655190343, 23.231238949014333 ], [ 77.433700655190322, 23.231360448979153 ], [ 77.433782155190343, 23.2312663490064 ], [ 77.433616155190336, 23.231144849041577 ], [ 77.433534655190343, 23.231238949014333 ] ] ] } },
{ "type": "Feature", "properties": { }, "geometry": { "type": "Polygon", "coordinates": [ [ [ 77.434196755190328, 23.23100984908066 ], [ 77.434319255190331, 23.231105749052904 ], [ 77.434409155190338, 23.231008749080988 ], [ 77.43428655519034, 23.230912949108724 ], [ 77.434196755190328, 23.23100984908066 ] ] ] } },
{ "type": "Feature", "properties": { }, "geometry": { "type": "Polygon", "coordinates": [ [ [ 77.43543145519034, 23.232831648553152 ], [ 77.435613155190339, 23.232875348540503 ], [ 77.435651155190342, 23.232741848579153 ], [ 77.435469455190315, 23.232698248591781 ], [ 77.43543145519034, 23.232831648553152 ] ] ] } },
{ "type": "Feature", "properties": { }, "geometry": { "type": "Polygon", "coordinates": [ [ [ 77.436685555190337, 23.229379149552816 ], [ 77.436730855190319, 23.229195349606027 ], [ 77.43662925519034, 23.229174249612143 ], [ 77.436584055190323, 23.229358049558925 ], [ 77.436685555190337, 23.229379149552816 ] ] ] } },
{ "type": "Feature", "properties": { }, "geometry": { "type": "Polygon", "coordinates": [ [ [ 77.434137455190324, 23.234681548017456 ], [ 77.434220155190317, 23.234693848013901 ], [ 77.434243655190329, 23.23456144805224 ], [ 77.434160955190336, 23.234549048055836 ], [ 77.434137455190324, 23.234681548017456 ] ] ] } },
{ "type": "Feature", "properties": { }, "geometry": { "type": "Polygon", "coordinates": [ [ [ 77.434845455190342, 23.230658549182383 ], [ 77.435012555190326, 23.230703549169352 ], [ 77.435083155190327, 23.230482049233483 ], [ 77.434916055190342, 23.230437049246515 ], [ 77.434845455190342, 23.230658549182383 ] ] ] } },
{ "type": "Feature", "properties": { }, "geometry": { "type": "Polygon", "coordinates": [ [ [ 77.435861255190318, 23.231187649029184 ], [ 77.436045655190327, 23.231233249015983 ], [ 77.436082455190316, 23.231107649052348 ], [ 77.435898055190336, 23.231062049065557 ], [ 77.435861255190318, 23.231187649029184 ] ] ] } },
{ "type": "Feature", "properties": { }, "geometry": { "type": "Polygon", "coordinates": [ [ [ 77.434100855190337, 23.230598949199642 ], [ 77.43426015519033, 23.230715649165852 ], [ 77.434353255190331, 23.230608149196978 ], [ 77.434193955190338, 23.230491549230738 ], [ 77.434100855190337, 23.230598949199642 ] ] ] } },
{ "type": "Feature", "properties": { }, "geometry": { "type": "Polygon", "coordinates": [ [ [ 77.436515555190326, 23.229840149419349 ], [ 77.436729455190317, 23.229875949408978 ], [ 77.436755355190343, 23.229745149446842 ], [ 77.436541455190323, 23.229709449457186 ], [ 77.436515555190326, 23.229840149419349 ] ] ] } },
{ "type": "Feature", "properties": { }, "geometry": { "type": "Polygon", "coordinates": [ [ [ 77.435092255190327, 23.2304951492297 ], [ 77.435046555190326, 23.230669149179313 ], [ 77.435173255190335, 23.230694349172026 ], [ 77.435253255190318, 23.230530949219329 ], [ 77.435092255190327, 23.2304951492297 ] ] ] } },
{ "type": "Feature", "properties": { }, "geometry": { "type": "Polygon", "coordinates": [ [ [ 77.435194255190339, 23.234730148003383 ], [ 77.435341055190335, 23.234756347995795 ], [ 77.435356755190341, 23.234682048017319 ], [ 77.435209955190317, 23.234655848024904 ], [ 77.435194255190339, 23.234730148003383 ] ] ] } },
{ "type": "Feature", "properties": { }, "geometry": { "type": "Polygon", "coordinates": [ [ [ 77.43623295519032, 23.230153249328687 ], [ 77.43635695519032, 23.230171749323333 ], [ 77.436384255190333, 23.230017149368095 ], [ 77.43626015519034, 23.229998649373453 ], [ 77.43623295519032, 23.230153249328687 ] ] ] } },
{ "type": "Feature", "properties": { }, "geometry": { "type": "Polygon", "coordinates": [ [ [ 77.433698255190336, 23.23047734923485 ], [ 77.433943655190319, 23.230647349185627 ], [ 77.434057755190338, 23.230508349225875 ], [ 77.433812355190341, 23.230338249275125 ], [ 77.433698255190336, 23.23047734923485 ] ] ] } },
{ "type": "Feature", "properties": { }, "geometry": { "type": "Polygon", "coordinates": [ [ [ 77.433438555190321, 23.231336948985955 ], [ 77.433602555190333, 23.231457048951178 ], [ 77.433685855190319, 23.23136094897901 ], [ 77.433521855190335, 23.231240849013783 ], [ 77.433438555190321, 23.231336948985955 ] ] ] } },
{ "type": "Feature", "properties": { }, "geometry": { "type": "Polygon", "coordinates": [ [ [ 77.43412905519034, 23.231074749061872 ], [ 77.434241055190341, 23.231165949035475 ], [ 77.434299655190316, 23.231105049053099 ], [ 77.434187755190337, 23.23101384907951 ], [ 77.43412905519034, 23.231074749061872 ] ] ] } },
{ "type": "Feature", "properties": { }, "geometry": { "type": "Polygon", "coordinates": [ [ [ 77.435034955190318, 23.234534248060118 ], [ 77.43500715519032, 23.234655348025047 ], [ 77.435153355190323, 23.234683748016828 ], [ 77.435181155190321, 23.234562548051922 ], [ 77.435034955190318, 23.234534248060118 ] ] ] } },
{ "type": "Feature", "properties": { }, "geometry": { "type": "Polygon", "coordinates": [ [ [ 77.436298755190322, 23.230754249154675 ], [ 77.436265055190319, 23.23087984911831 ], [ 77.436455155190316, 23.230923049105797 ], [ 77.436488855190333, 23.230797449142166 ], [ 77.436298755190322, 23.230754249154675 ] ] ] } },
{ "type": "Feature", "properties": { }, "geometry": { "type": "Polygon", "coordinates": [ [ [ 77.433927555190323, 23.230200849314908 ], [ 77.43417805519033, 23.230374349264672 ], [ 77.434271655190315, 23.230260349297676 ], [ 77.434021155190337, 23.230086749347944 ], [ 77.433927555190323, 23.230200849314908 ] ] ] } },
{ "type": "Feature", "properties": { }, "geometry": { "type": "Polygon", "coordinates": [ [ [ 77.436218455190343, 23.229779149437 ], [ 77.436397455190331, 23.229807949428665 ], [ 77.436422855190315, 23.229674449467314 ], [ 77.436243955190321, 23.229645649475653 ], [ 77.436218455190343, 23.229779149437 ] ] ] } },
{ "type": "Feature", "properties": { }, "geometry": { "type": "Polygon", "coordinates": [ [ [ 77.435658055190316, 23.229423549539955 ], [ 77.435849955190321, 23.229464849528 ], [ 77.435898955190325, 23.229272249583765 ], [ 77.435707055190321, 23.229230949595724 ], [ 77.435658055190316, 23.229423549539955 ] ] ] } },
{ "type": "Feature", "properties": { }, "geometry": { "type": "Polygon", "coordinates": [ [ [ 77.435372955190331, 23.230142749331726 ], [ 77.435434055190328, 23.230162749325935 ], [ 77.435464155190331, 23.230084749348517 ], [ 77.435403055190335, 23.230064749354312 ], [ 77.435372955190331, 23.230142749331726 ] ] ] } },
{ "type": "Feature", "properties": { }, "geometry": { "type": "Polygon", "coordinates": [ [ [ 77.435371255190319, 23.229174049612194 ], [ 77.43532415519033, 23.229353649560196 ], [ 77.435491155190334, 23.229390549549517 ], [ 77.435538255190323, 23.229211049601485 ], [ 77.435371255190319, 23.229174049612194 ] ] ] } },
{ "type": "Feature", "properties": { }, "geometry": { "type": "Polygon", "coordinates": [ [ [ 77.435898455190326, 23.231056049067284 ], [ 77.436080855190326, 23.231099849054605 ], [ 77.436109255190317, 23.230999849083563 ], [ 77.435926855190331, 23.23095604909625 ], [ 77.435898455190326, 23.231056049067284 ] ] ] } },
{ "type": "Feature", "properties": { }, "geometry": { "type": "Polygon", "coordinates": [ [ [ 77.434625555190337, 23.234659348023897 ], [ 77.43476905519033, 23.234685248016387 ], [ 77.434781555190327, 23.234626848033301 ], [ 77.434638055190334, 23.2346009480408 ], [ 77.434625555190337, 23.234659348023897 ] ] ] } },
{ "type": "Feature", "properties": { }, "geometry": { "type": "Polygon", "coordinates": [ [ [ 77.434013055190334, 23.230733049160815 ], [ 77.434165855190329, 23.230844849128442 ], [ 77.434257255190317, 23.23073944915896 ], [ 77.434104455190322, 23.230627649191327 ], [ 77.434013055190334, 23.230733049160815 ] ] ] } },
{ "type": "Feature", "properties": { }, "geometry": { "type": "Polygon", "coordinates": [ [ [ 77.435910555190333, 23.229460949529127 ], [ 77.436125655190338, 23.229507249515727 ], [ 77.436172855190321, 23.229322249569286 ], [ 77.435957655190322, 23.229276049582666 ], [ 77.435910555190333, 23.229460949529127 ] ] ] } },
{ "type": "Feature", "properties": { }, "geometry": { "type": "Polygon", "coordinates": [ [ [ 77.43590205519034, 23.232259048718955 ], [ 77.436089455190327, 23.232298548707519 ], [ 77.43611365519034, 23.232201448735637 ], [ 77.435926355190318, 23.232161948747077 ], [ 77.43590205519034, 23.232259048718955 ] ] ] } },
{ "type": "Feature", "properties": { }, "geometry": { "type": "Polygon", "coordinates": [ [ [ 77.435497255190327, 23.231245849012335 ], [ 77.435687755190315, 23.231288049000113 ], [ 77.43571415519034, 23.231187549029219 ], [ 77.435523655190323, 23.231145349041434 ], [ 77.435497255190327, 23.231245849012335 ] ] ] } },
{ "type": "Feature", "properties": { }, "geometry": { "type": "Polygon", "coordinates": [ [ [ 77.43391865519034, 23.230203449314153 ], [ 77.433811355190315, 23.230332149276887 ], [ 77.43406465519034, 23.230510449225264 ], [ 77.434171955190322, 23.230381649262558 ], [ 77.43391865519034, 23.230203449314153 ] ] ] } },
{ "type": "Feature", "properties": { }, "geometry": { "type": "Polygon", "coordinates": [ [ [ 77.437042855190327, 23.229841049419079 ], [ 77.437019155190342, 23.229933049392443 ], [ 77.437156055190343, 23.229962849383817 ], [ 77.437179755190343, 23.229870849410453 ], [ 77.437042855190327, 23.229841049419079 ] ] ] } },
{ "type": "Feature", "properties": { }, "geometry": { "type": "Polygon", "coordinates": [ [ [ 77.435073055190315, 23.234383848103668 ], [ 77.435039155190324, 23.234524648062898 ], [ 77.435184255190322, 23.234554148054354 ], [ 77.435218155190341, 23.234413348095124 ], [ 77.435073055190315, 23.234383848103668 ] ] ] } },
{ "type": "Feature", "properties": { }, "geometry": { "type": "Polygon", "coordinates": [ [ [ 77.435736955190322, 23.22916734961413 ], [ 77.435906155190324, 23.229202549603944 ], [ 77.435948155190331, 23.229031849653367 ], [ 77.435778955190315, 23.228996649663554 ], [ 77.435736955190322, 23.22916734961413 ] ] ] } },
{ "type": "Feature", "properties": { }, "geometry": { "type": "Polygon", "coordinates": [ [ [ 77.434272855190315, 23.234722148005705 ], [ 77.43433285519032, 23.234732248002778 ], [ 77.434360355190321, 23.234594848042573 ], [ 77.434300355190331, 23.234584748045492 ], [ 77.434272855190315, 23.234722148005705 ] ] ] } },
{ "type": "Feature", "properties": { }, "geometry": { "type": "Polygon", "coordinates": [ [ [ 77.434788255190327, 23.232241748723965 ], [ 77.434841855190328, 23.232048948779784 ], [ 77.434726455190315, 23.232021848787639 ], [ 77.434672855190328, 23.232214648731809 ], [ 77.434788255190327, 23.232241748723965 ] ] ] } },
{ "type": "Feature", "properties": { }, "geometry": { "type": "Polygon", "coordinates": [ [ [ 77.434301755190319, 23.230902149111849 ], [ 77.434487455190322, 23.230941649100412 ], [ 77.434537955190336, 23.230765049151543 ], [ 77.434440655190343, 23.23074044915867 ], [ 77.434301755190319, 23.230902149111849 ] ] ] } },
{ "type": "Feature", "properties": { }, "geometry": { "type": "Polygon", "coordinates": [ [ [ 77.434239755190319, 23.231568348918955 ], [ 77.434381455190319, 23.231677448887357 ], [ 77.434462855190333, 23.231588248913194 ], [ 77.434321255190326, 23.231479148944782 ], [ 77.434239755190319, 23.231568348918955 ] ] ] } },
{ "type": "Feature", "properties": { }, "geometry": { "type": "Polygon", "coordinates": [ [ [ 77.435468855190322, 23.232689548594298 ], [ 77.435661155190317, 23.232735748580922 ], [ 77.435688555190325, 23.232639648608746 ], [ 77.435496155190336, 23.232593448622122 ], [ 77.435468855190322, 23.232689548594298 ] ] ] } },
{ "type": "Feature", "properties": { }, "geometry": { "type": "Polygon", "coordinates": [ [ [ 77.435456155190337, 23.230181749320437 ], [ 77.435522555190317, 23.230205649313518 ], [ 77.435557955190319, 23.23012294933746 ], [ 77.435491555190339, 23.230099049344382 ], [ 77.435456155190337, 23.230181749320437 ] ] ] } },
{ "type": "Feature", "properties": { }, "geometry": { "type": "Polygon", "coordinates": [ [ [ 77.434672855190328, 23.23441404809493 ], [ 77.434800255190325, 23.234437548088117 ], [ 77.434819655190338, 23.234348548113896 ], [ 77.434692255190342, 23.234325148120664 ], [ 77.434672855190328, 23.23441404809493 ] ] ] } },
{ "type": "Feature", "properties": { }, "geometry": { "type": "Polygon", "coordinates": [ [ [ 77.436969355190328, 23.229974549380429 ], [ 77.437012355190319, 23.22982594942345 ], [ 77.436882355190335, 23.22979414943266 ], [ 77.436839255190336, 23.229942749389632 ], [ 77.436969355190328, 23.229974549380429 ] ] ] } },
{ "type": "Feature", "properties": { }, "geometry": { "type": "Polygon", "coordinates": [ [ [ 77.436689555190327, 23.229385849550873 ], [ 77.43679595519032, 23.22940794954447 ], [ 77.436841955190332, 23.229220949598623 ], [ 77.436735555190324, 23.229198849605016 ], [ 77.436689555190327, 23.229385849550873 ] ] ] } },
{ "type": "Feature", "properties": { }, "geometry": { "type": "Polygon", "coordinates": [ [ [ 77.436649355190326, 23.231375748974717 ], [ 77.436808255190343, 23.231405348966145 ], [ 77.436826755190339, 23.231321148990528 ], [ 77.436667855190322, 23.231291548999103 ], [ 77.436649355190326, 23.231375748974717 ] ] ] } },
{ "type": "Feature", "properties": { }, "geometry": { "type": "Polygon", "coordinates": [ [ [ 77.435497355190336, 23.228837349709671 ], [ 77.435597855190338, 23.228874949698799 ], [ 77.435661355190319, 23.228731549740306 ], [ 77.435560755190338, 23.228693949751186 ], [ 77.435497355190336, 23.228837349709671 ] ] ] } },
{ "type": "Feature", "properties": { }, "geometry": { "type": "Polygon", "coordinates": [ [ [ 77.434506755190341, 23.230950849097749 ], [ 77.43460395519034, 23.230971649091732 ], [ 77.434648155190331, 23.230797749142081 ], [ 77.434550955190332, 23.230776949148098 ], [ 77.434506755190341, 23.230950849097749 ] ] ] } },
{ "type": "Feature", "properties": { }, "geometry": { "type": "Polygon", "coordinates": [ [ [ 77.434338855190333, 23.234752247996983 ], [ 77.434419355190343, 23.234765447993166 ], [ 77.434446855190316, 23.234624348034025 ], [ 77.434366355190321, 23.234611148037846 ], [ 77.434338855190333, 23.234752247996983 ] ] ] } },
{ "type": "Feature", "properties": { }, "geometry": { "type": "Polygon", "coordinates": [ [ [ 77.434387555190327, 23.232143148752517 ], [ 77.434634955190333, 23.232189748739025 ], [ 77.434654655190329, 23.232101148764677 ], [ 77.434407255190337, 23.232054648778149 ], [ 77.434387555190327, 23.232143148752517 ] ] ] } },
{ "type": "Feature", "properties": { }, "geometry": { "type": "Polygon", "coordinates": [ [ [ 77.434353855190338, 23.230281749291485 ], [ 77.434554255190335, 23.230371849265396 ], [ 77.434608755190325, 23.230269649294986 ], [ 77.434408255190334, 23.230179549321068 ], [ 77.434353855190338, 23.230281749291485 ] ] ] } },
{ "type": "Feature", "properties": { }, "geometry": { "type": "Polygon", "coordinates": [ [ [ 77.436265055190319, 23.229986849376868 ], [ 77.43638645519033, 23.230002249372411 ], [ 77.436407155190338, 23.229864849412191 ], [ 77.436285755190326, 23.229849449416648 ], [ 77.436265055190319, 23.229986849376868 ] ] ] } },
{ "type": "Feature", "properties": { }, "geometry": { "type": "Polygon", "coordinates": [ [ [ 77.435136255190315, 23.232650848605505 ], [ 77.435334255190327, 23.232685848595366 ], [ 77.435350055190327, 23.232610448617205 ], [ 77.435151955190321, 23.23257544862734 ], [ 77.435136255190315, 23.232650848605505 ] ] ] } },
{ "type": "Feature", "properties": { }, "geometry": { "type": "Polygon", "coordinates": [ [ [ 77.434710055190322, 23.231014049079448 ], [ 77.434810855190335, 23.231032449074124 ], [ 77.434851755190337, 23.230843549128817 ], [ 77.434750955190339, 23.230825149134144 ], [ 77.434710055190322, 23.231014049079448 ] ] ] } },
{ "type": "Feature", "properties": { }, "geometry": { "type": "Polygon", "coordinates": [ [ [ 77.434524355190334, 23.234449848084559 ], [ 77.434610855190328, 23.234461548081168 ], [ 77.434633555190331, 23.234319748122228 ], [ 77.434547055190322, 23.234308048125619 ], [ 77.434524355190334, 23.234449848084559 ] ] ] } },
{ "type": "Feature", "properties": { }, "geometry": { "type": "Polygon", "coordinates": [ [ [ 77.433045755190335, 23.233758448284775 ], [ 77.433259055190334, 23.23391004824088 ], [ 77.43333045519033, 23.233825148265463 ], [ 77.433117255190325, 23.233673648309331 ], [ 77.433045755190335, 23.233758448284775 ] ] ] } },
{ "type": "Feature", "properties": { }, "geometry": { "type": "Polygon", "coordinates": [ [ [ 77.435073155190338, 23.230420349251354 ], [ 77.43517255519032, 23.230435549246955 ], [ 77.435208155190324, 23.230238949303875 ], [ 77.435108755190328, 23.230223749308276 ], [ 77.435073155190338, 23.230420349251354 ] ] ] } },
{ "type": "Feature", "properties": { }, "geometry": { "type": "Polygon", "coordinates": [ [ [ 77.436825355190336, 23.230658449182414 ], [ 77.436994355190322, 23.230698749170749 ], [ 77.437032555190328, 23.23056314921001 ], [ 77.436863555190328, 23.230522949221644 ], [ 77.436825355190336, 23.230658449182414 ] ] ] } },
{ "type": "Feature", "properties": { }, "geometry": { "type": "Polygon", "coordinates": [ [ [ 77.436936855190325, 23.229438849535534 ], [ 77.436981755190331, 23.229256449588341 ], [ 77.436848355190335, 23.229228649596383 ], [ 77.436803455190315, 23.229411149543548 ], [ 77.436936855190325, 23.229438849535534 ] ] ] } },
{ "type": "Feature", "properties": { }, "geometry": { "type": "Polygon", "coordinates": [ [ [ 77.434692755190326, 23.229658049472061 ], [ 77.434860755190343, 23.229725449452552 ], [ 77.434976655190326, 23.229481649523134 ], [ 77.434808655190324, 23.229414249542653 ], [ 77.434692755190326, 23.229658049472061 ] ] ] } },
{ "type": "Feature", "properties": { }, "geometry": { "type": "Polygon", "coordinates": [ [ [ 77.435233155190332, 23.229340449564013 ], [ 77.435311355190322, 23.229356149559475 ], [ 77.435355655190335, 23.229170049613352 ], [ 77.435277355190323, 23.229154349617904 ], [ 77.435233155190332, 23.229340449564013 ] ] ] } },
{ "type": "Feature", "properties": { }, "geometry": { "type": "Polygon", "coordinates": [ [ [ 77.435929955190332, 23.230946749098937 ], [ 77.436128155190318, 23.230994749085038 ], [ 77.436167755190326, 23.230856949124934 ], [ 77.43596955519034, 23.230808849138867 ], [ 77.435929955190332, 23.230946749098937 ] ] ] } },
{ "type": "Feature", "properties": { }, "geometry": { "type": "Polygon", "coordinates": [ [ [ 77.436876955190328, 23.230514349224137 ], [ 77.437031155190326, 23.230552149213192 ], [ 77.437063555190335, 23.23044114924533 ], [ 77.436909255190329, 23.230403249256305 ], [ 77.436876955190328, 23.230514349224137 ] ] ] } },
{ "type": "Feature", "properties": { }, "geometry": { "type": "Polygon", "coordinates": [ [ [ 77.433913055190331, 23.230842549129111 ], [ 77.434067255190328, 23.230955449096417 ], [ 77.434155655190324, 23.230853349125987 ], [ 77.434001455190327, 23.230740549158643 ], [ 77.433913055190331, 23.230842549129111 ] ] ] } },
{ "type": "Feature", "properties": { }, "geometry": { "type": "Polygon", "coordinates": [ [ [ 77.436333655190339, 23.229553249502406 ], [ 77.436474155190325, 23.229583549493636 ], [ 77.436521455190316, 23.229398049547346 ], [ 77.43638095519033, 23.229367749556118 ], [ 77.436333655190339, 23.229553249502406 ] ] ] } },
{ "type": "Feature", "properties": { }, "geometry": { "type": "Polygon", "coordinates": [ [ [ 77.436790955190332, 23.230911549109123 ], [ 77.43697555519033, 23.230948549098414 ], [ 77.437009755190331, 23.230804349140161 ], [ 77.43682515519032, 23.230767349150881 ], [ 77.436790955190332, 23.230911549109123 ] ] ] } },
{ "type": "Feature", "properties": { }, "geometry": { "type": "Polygon", "coordinates": [ [ [ 77.436006555190332, 23.229222649598121 ], [ 77.436100455190328, 23.229242149592483 ], [ 77.436142255190333, 23.229072449641617 ], [ 77.436048255190343, 23.229052949647254 ], [ 77.436006555190332, 23.229222649598121 ] ] ] } },
{ "type": "Feature", "properties": { }, "geometry": { "type": "Polygon", "coordinates": [ [ [ 77.43646025519034, 23.229991149375621 ], [ 77.436578255190341, 23.230009049370441 ], [ 77.436599055190342, 23.229893149403996 ], [ 77.436481055190342, 23.229875249409179 ], [ 77.43646025519034, 23.229991149375621 ] ] ] } },
{ "type": "Feature", "properties": { }, "geometry": { "type": "Polygon", "coordinates": [ [ [ 77.434818755190321, 23.231029449074988 ], [ 77.434932555190329, 23.231050049069026 ], [ 77.43502605519032, 23.230878149118798 ], [ 77.434857255190323, 23.230846449127981 ], [ 77.434818755190321, 23.231029449074988 ] ] ] } },
{ "type": "Feature", "properties": { }, "geometry": { "type": "Polygon", "coordinates": [ [ [ 77.43521355519033, 23.234644548028168 ], [ 77.435363655190329, 23.234673948019665 ], [ 77.435386655190328, 23.234574948048333 ], [ 77.435236555190343, 23.23454554805685 ], [ 77.43521355519033, 23.234644548028168 ] ] ] } },
{ "type": "Feature", "properties": { }, "geometry": { "type": "Polygon", "coordinates": [ [ [ 77.436818755190316, 23.230644949186324 ], [ 77.436853055190326, 23.230522349221822 ], [ 77.436680455190327, 23.230481649233607 ], [ 77.436646155190331, 23.230604149198136 ], [ 77.436818755190316, 23.230644949186324 ] ] ] } },
{ "type": "Feature", "properties": { }, "geometry": { "type": "Polygon", "coordinates": [ [ [ 77.434778155190315, 23.234840447971443 ], [ 77.434934355190336, 23.23486944796305 ], [ 77.43495025519033, 23.234797147983983 ], [ 77.434794055190324, 23.234768247992363 ], [ 77.434778155190315, 23.234840447971443 ] ] ] } },
{ "type": "Feature", "properties": { }, "geometry": { "type": "Polygon", "coordinates": [ [ [ 77.435136555190326, 23.229331249566687 ], [ 77.435219355190327, 23.229349049561531 ], [ 77.435267655190316, 23.229159849616309 ], [ 77.435184855190329, 23.229142049621462 ], [ 77.435136555190326, 23.229331249566687 ] ] ] } },
{ "type": "Feature", "properties": { }, "geometry": { "type": "Polygon", "coordinates": [ [ [ 77.436485355190342, 23.229592349491089 ], [ 77.436607155190316, 23.229618549483501 ], [ 77.436655755190316, 23.229427749538736 ], [ 77.436533955190342, 23.229401549546331 ], [ 77.436485355190342, 23.229592349491089 ] ] ] } },
{ "type": "Feature", "properties": { }, "geometry": { "type": "Polygon", "coordinates": [ [ [ 77.434066655190335, 23.231165349035646 ], [ 77.434188055190319, 23.231260849007988 ], [ 77.434255855190329, 23.231188149029045 ], [ 77.434134455190318, 23.231092649056691 ], [ 77.434066655190335, 23.231165349035646 ] ] ] } },
{ "type": "Feature", "properties": { }, "geometry": { "type": "Polygon", "coordinates": [ [ [ 77.434808955190334, 23.234689248015222 ], [ 77.43496485519033, 23.234718448006774 ], [ 77.434986455190341, 23.234621448034861 ], [ 77.434830555190331, 23.234592148043351 ], [ 77.434808955190334, 23.234689248015222 ] ] ] } },
{ "type": "Feature", "properties": { }, "geometry": { "type": "Polygon", "coordinates": [ [ [ 77.434062355190335, 23.232012548790333 ], [ 77.434226655190329, 23.232145848751735 ], [ 77.434468755190338, 23.231893848824697 ], [ 77.434304355190321, 23.231760548863303 ], [ 77.434062355190335, 23.232012548790333 ] ] ] } },
{ "type": "Feature", "properties": { }, "geometry": { "type": "Polygon", "coordinates": [ [ [ 77.435425555190321, 23.234872547962151 ], [ 77.435542955190328, 23.234894747955725 ], [ 77.435578255190336, 23.23473674800147 ], [ 77.435460955190337, 23.234714548007904 ], [ 77.435425555190321, 23.234872547962151 ] ] ] } },
{ "type": "Feature", "properties": { }, "geometry": { "type": "Polygon", "coordinates": [ [ [ 77.435538255190323, 23.23104614907016 ], [ 77.435741955190338, 23.231091349057074 ], [ 77.435775255190322, 23.23096454909378 ], [ 77.435571455190342, 23.230919349106866 ], [ 77.435538255190323, 23.23104614907016 ] ] ] } },
{ "type": "Feature", "properties": { }, "geometry": { "type": "Polygon", "coordinates": [ [ [ 77.435433255190333, 23.23154074892695 ], [ 77.435611355190318, 23.23158024891551 ], [ 77.435637555190326, 23.231480748944314 ], [ 77.435459355190318, 23.231441248955754 ], [ 77.435433255190333, 23.23154074892695 ] ] ] } },
{ "type": "Feature", "properties": { }, "geometry": { "type": "Polygon", "coordinates": [ [ [ 77.433881255190329, 23.231904748821545 ], [ 77.434021455190319, 23.231771648860086 ], [ 77.433947155190324, 23.231705548879233 ], [ 77.433806955190335, 23.231838648840686 ], [ 77.433881255190329, 23.231904748821545 ] ] ] } },
{ "type": "Feature", "properties": { }, "geometry": { "type": "Polygon", "coordinates": [ [ [ 77.435265655190335, 23.234444548086095 ], [ 77.435245955190339, 23.234545148056963 ], [ 77.435387755190334, 23.234568548050184 ], [ 77.435407455190315, 23.234468048079286 ], [ 77.435265655190335, 23.234444548086095 ] ] ] } },
{ "type": "Feature", "properties": { }, "geometry": { "type": "Polygon", "coordinates": [ [ [ 77.434814055190316, 23.234694148013812 ], [ 77.434798355190324, 23.234761047994443 ], [ 77.434952955190326, 23.234791547985605 ], [ 77.434968655190318, 23.234724748004954 ], [ 77.434814055190316, 23.234694148013812 ] ] ] } },
{ "type": "Feature", "properties": { }, "geometry": { "type": "Polygon", "coordinates": [ [ [ 77.434009355190327, 23.2312200490198 ], [ 77.434129955190329, 23.231315148992266 ], [ 77.43417955519034, 23.231261949007671 ], [ 77.434059055190332, 23.231166949035178 ], [ 77.434009355190327, 23.2312200490198 ] ] ] } },
{ "type": "Feature", "properties": { }, "geometry": { "type": "Polygon", "coordinates": [ [ [ 77.436435455190335, 23.230128549335838 ], [ 77.436558755190319, 23.230145249330999 ], [ 77.436578955190328, 23.230018749367627 ], [ 77.436455655190329, 23.230002049372462 ], [ 77.436435455190335, 23.230128549335838 ] ] ] } },
{ "type": "Feature", "properties": { }, "geometry": { "type": "Polygon", "coordinates": [ [ [ 77.434862255190325, 23.234486848073846 ], [ 77.435012555190326, 23.234510248067064 ], [ 77.435030555190338, 23.234412248095456 ], [ 77.434880355190316, 23.23438884810222 ], [ 77.434862255190325, 23.234486848073846 ] ] ] } },
{ "type": "Feature", "properties": { }, "geometry": { "type": "Polygon", "coordinates": [ [ [ 77.434931055190333, 23.231631748900597 ], [ 77.435008855190333, 23.231352048981588 ], [ 77.434904155190338, 23.231327448988708 ], [ 77.434826455190333, 23.23160714890772 ], [ 77.434931055190333, 23.231631748900597 ] ] ] } },
{ "type": "Feature", "properties": { }, "geometry": { "type": "Polygon", "coordinates": [ [ [ 77.435182455190329, 23.230439449245825 ], [ 77.435259855190324, 23.230450549242612 ], [ 77.435294055190326, 23.230249049300944 ], [ 77.435216655190331, 23.230237949304161 ], [ 77.435182455190329, 23.230439449245825 ] ] ] } },
{ "type": "Feature", "properties": { }, "geometry": { "type": "Polygon", "coordinates": [ [ [ 77.435654655190334, 23.232014848789664 ], [ 77.435834755190328, 23.232058148777131 ], [ 77.435879755190342, 23.231900148822881 ], [ 77.43569955519034, 23.231856848835413 ], [ 77.435654655190334, 23.232014848789664 ] ] ] } },
{ "type": "Feature", "properties": { }, "geometry": { "type": "Polygon", "coordinates": [ [ [ 77.436602355190317, 23.230815749136866 ], [ 77.436794055190333, 23.23085814912459 ], [ 77.436824955190318, 23.230740049158793 ], [ 77.436633255190316, 23.230697649171063 ], [ 77.436602355190317, 23.230815749136866 ] ] ] } },
{ "type": "Feature", "properties": { }, "geometry": { "type": "Polygon", "coordinates": [ [ [ 77.433300555190328, 23.230863049123165 ], [ 77.433541955190336, 23.231060849065905 ], [ 77.433655155190323, 23.230944249099661 ], [ 77.433413755190315, 23.230746449156932 ], [ 77.433300555190328, 23.230863049123165 ] ] ] } },
{ "type": "Feature", "properties": { }, "geometry": { "type": "Polygon", "coordinates": [ [ [ 77.43612715519032, 23.229255549588597 ], [ 77.436234555190339, 23.229277849582139 ], [ 77.436278855190338, 23.229098049634199 ], [ 77.436171355190325, 23.229075749640653 ], [ 77.43612715519032, 23.229255549588597 ] ] ] } },
{ "type": "Feature", "properties": { }, "geometry": { "type": "Polygon", "coordinates": [ [ [ 77.435422555190328, 23.229692249462168 ], [ 77.435373455190316, 23.229811849427538 ], [ 77.435652055190332, 23.229908449399566 ], [ 77.435701155190316, 23.22978884943419 ], [ 77.435422555190328, 23.229692249462168 ] ] ] } },
{ "type": "Feature", "properties": { }, "geometry": { "type": "Polygon", "coordinates": [ [ [ 77.434415455190333, 23.230175449322264 ], [ 77.434611455190336, 23.230263549296751 ], [ 77.434673455190335, 23.230147049330487 ], [ 77.434477455190333, 23.230058949355989 ], [ 77.434415455190333, 23.230175449322264 ] ] ] } },
{ "type": "Feature", "properties": { }, "geometry": { "type": "Polygon", "coordinates": [ [ [ 77.436424055190315, 23.23018274932015 ], [ 77.436546055190334, 23.230198149315687 ], [ 77.436552955190322, 23.230152349328947 ], [ 77.436430855190338, 23.230136949333406 ], [ 77.436424055190315, 23.23018274932015 ] ] ] } },
{ "type": "Feature", "properties": { }, "geometry": { "type": "Polygon", "coordinates": [ [ [ 77.434520055190333, 23.234769247992062 ], [ 77.434548555190332, 23.234634848030982 ], [ 77.434472155190335, 23.23462114803495 ], [ 77.434443655190336, 23.234755547996031 ], [ 77.434520055190333, 23.234769247992062 ] ] ] } },
{ "type": "Feature", "properties": { }, "geometry": { "type": "Polygon", "coordinates": [ [ [ 77.436705655190337, 23.230480749233866 ], [ 77.436864555190326, 23.23051334922442 ], [ 77.436887055190326, 23.230421049251149 ], [ 77.436728155190337, 23.230388449260587 ], [ 77.436705655190337, 23.230480749233866 ] ] ] } },
{ "type": "Feature", "properties": { }, "geometry": { "type": "Polygon", "coordinates": [ [ [ 77.435202155190325, 23.231155249038569 ], [ 77.435395855190336, 23.231200849025367 ], [ 77.435422755190331, 23.231104349053307 ], [ 77.435228955190325, 23.231058749066506 ], [ 77.435202155190325, 23.231155249038569 ] ] ] } },
{ "type": "Feature", "properties": { }, "geometry": { "type": "Polygon", "coordinates": [ [ [ 77.435112155190325, 23.232730548582428 ], [ 77.43530195519034, 23.232765448572316 ], [ 77.435319055190334, 23.232687048595022 ], [ 77.435129255190319, 23.232652048605154 ], [ 77.435112155190325, 23.232730548582428 ] ] ] } },
{ "type": "Feature", "properties": { }, "geometry": { "type": "Polygon", "coordinates": [ [ [ 77.433729455190317, 23.231758648863849 ], [ 77.433812655190323, 23.231829748843264 ], [ 77.433944455190328, 23.231699548880968 ], [ 77.433861255190322, 23.231628448901553 ], [ 77.433729455190317, 23.231758648863849 ] ] ] } },
{ "type": "Feature", "properties": { }, "geometry": { "type": "Polygon", "coordinates": [ [ [ 77.436183355190323, 23.231138149043513 ], [ 77.436143055190328, 23.231288249000052 ], [ 77.436346755190343, 23.231334448986686 ], [ 77.436387055190323, 23.23118444903011 ], [ 77.436183355190323, 23.231138149043513 ] ] ] } },
{ "type": "Feature", "properties": { }, "geometry": { "type": "Polygon", "coordinates": [ [ [ 77.436738155190326, 23.230233649305411 ], [ 77.436948555190327, 23.230276649292964 ], [ 77.43697585519034, 23.230163749325651 ], [ 77.43676545519034, 23.230120749338095 ], [ 77.436738155190326, 23.230233649305411 ] ] ] } },
{ "type": "Feature", "properties": { }, "geometry": { "type": "Polygon", "coordinates": [ [ [ 77.435727055190327, 23.232866348543105 ], [ 77.435911255190334, 23.232905248531843 ], [ 77.435968455190334, 23.232676648598037 ], [ 77.435784255190342, 23.232637748609307 ], [ 77.435727055190327, 23.232866348543105 ] ] ] } },
{ "type": "Feature", "properties": { }, "geometry": { "type": "Polygon", "coordinates": [ [ [ 77.435294155190334, 23.230112249340557 ], [ 77.435359155190326, 23.230132849334595 ], [ 77.435388655190337, 23.230054449357294 ], [ 77.435323655190317, 23.230033849363259 ], [ 77.435294155190334, 23.230112249340557 ] ] ] } },
{ "type": "Feature", "properties": { }, "geometry": { "type": "Polygon", "coordinates": [ [ [ 77.434485855190331, 23.230056449356709 ], [ 77.434668155190337, 23.230138349333004 ], [ 77.43473195519033, 23.230018549367689 ], [ 77.434549655190324, 23.229936649391401 ], [ 77.434485855190331, 23.230056449356709 ] ] ] } },
{ "type": "Feature", "properties": { }, "geometry": { "type": "Polygon", "coordinates": [ [ [ 77.435964355190336, 23.230805949139704 ], [ 77.436170855190326, 23.230853549125925 ], [ 77.43619935519034, 23.230749349156092 ], [ 77.435992755190327, 23.230701749169871 ], [ 77.435964355190336, 23.230805949139704 ] ] ] } },
{ "type": "Feature", "properties": { }, "geometry": { "type": "Polygon", "coordinates": [ [ [ 77.433828855190342, 23.230941649100412 ], [ 77.433981655190323, 23.231053449068042 ], [ 77.434060855190339, 23.230962049094508 ], [ 77.433908055190329, 23.230850249126878 ], [ 77.433828855190342, 23.230941649100412 ] ] ] } },
{ "type": "Feature", "properties": { }, "geometry": { "type": "Polygon", "coordinates": [ [ [ 77.434771455190329, 23.229920149396175 ], [ 77.434861755190326, 23.229730149451193 ], [ 77.434680755190342, 23.229657549472211 ], [ 77.434590455190317, 23.229847549417194 ], [ 77.434771455190329, 23.229920149396175 ] ] ] } },
{ "type": "Feature", "properties": { }, "geometry": { "type": "Polygon", "coordinates": [ [ [ 77.43676705519033, 23.230118049338881 ], [ 77.436963455190337, 23.230153849328516 ], [ 77.436989455190343, 23.230033349363403 ], [ 77.436792955190327, 23.229997549373767 ], [ 77.43676705519033, 23.230118049338881 ] ] ] } },
{ "type": "Feature", "properties": { }, "geometry": { "type": "Polygon", "coordinates": [ [ [ 77.435459755190323, 23.231436148957236 ], [ 77.435639655190343, 23.231476048945677 ], [ 77.435664655190322, 23.231380848973242 ], [ 77.43548475519033, 23.231340948984798 ], [ 77.435459755190323, 23.231436148957236 ] ] ] } },
{ "type": "Feature", "properties": { }, "geometry": { "type": "Polygon", "coordinates": [ [ [ 77.433927055190338, 23.231329048988243 ], [ 77.434050455190317, 23.231426048960159 ], [ 77.43412945519033, 23.231341148984747 ], [ 77.434006055190324, 23.231244149012824 ], [ 77.433927055190338, 23.231329048988243 ] ] ] } },
{ "type": "Feature", "properties": { }, "geometry": { "type": "Polygon", "coordinates": [ [ [ 77.435234755190322, 23.230096849345017 ], [ 77.435286555190316, 23.230114749339833 ], [ 77.435318055190336, 23.230037749362136 ], [ 77.435266255190328, 23.230019849367313 ], [ 77.435234755190322, 23.230096849345017 ] ] ] } },
{ "type": "Feature", "properties": { }, "geometry": { "type": "Polygon", "coordinates": [ [ [ 77.43484485519032, 23.23455764805334 ], [ 77.434991055190338, 23.234581048046568 ], [ 77.435003855190317, 23.234513448066142 ], [ 77.434857655190342, 23.234490048072924 ], [ 77.43484485519032, 23.23455764805334 ] ] ] } },
{ "type": "Feature", "properties": { }, "geometry": { "type": "Polygon", "coordinates": [ [ [ 77.434132855190327, 23.229920349396124 ], [ 77.434412355190332, 23.230045949359763 ], [ 77.434481855190342, 23.229915449397538 ], [ 77.434202355190337, 23.229789749433934 ], [ 77.434132855190327, 23.229920349396124 ] ] ] } },
{ "type": "Feature", "properties": { }, "geometry": { "type": "Polygon", "coordinates": [ [ [ 77.435269955190321, 23.230444049244486 ], [ 77.435419955190341, 23.230466749237916 ], [ 77.435454155190342, 23.23027634929305 ], [ 77.435304155190323, 23.230253649299623 ], [ 77.435269955190321, 23.230444049244486 ] ] ] } },
{ "type": "Feature", "properties": { }, "geometry": { "type": "Polygon", "coordinates": [ [ [ 77.435034655190336, 23.229305949574005 ], [ 77.435126555190323, 23.22932744956778 ], [ 77.435179555190317, 23.229135749623286 ], [ 77.435087655190316, 23.22911434962948 ], [ 77.435034655190336, 23.229305949574005 ] ] ] } },
{ "type": "Feature", "properties": { }, "geometry": { "type": "Polygon", "coordinates": [ [ [ 77.435997855190323, 23.230694249172046 ], [ 77.436201755190325, 23.230743849157687 ], [ 77.436239455190332, 23.23061274919565 ], [ 77.436035655190338, 23.23056314921001 ], [ 77.435997855190323, 23.230694249172046 ] ] ] } },
{ "type": "Feature", "properties": { }, "geometry": { "type": "Polygon", "coordinates": [ [ [ 77.433731255190338, 23.231045049070477 ], [ 77.433885055190331, 23.231157549037899 ], [ 77.433973755190337, 23.231055149067547 ], [ 77.433820055190338, 23.230942649100125 ], [ 77.433731255190338, 23.231045049070477 ] ] ] } },
{ "type": "Feature", "properties": { }, "geometry": { "type": "Polygon", "coordinates": [ [ [ 77.435424455190329, 23.228990849665234 ], [ 77.435591555190328, 23.229049349648299 ], [ 77.435654255190343, 23.228898549691959 ], [ 77.435487055190336, 23.228839949708927 ], [ 77.435424455190329, 23.228990849665234 ] ] ] } },
{ "type": "Feature", "properties": { }, "geometry": { "type": "Polygon", "coordinates": [ [ [ 77.436625855190343, 23.229610349485874 ], [ 77.436801355190326, 23.229648049474967 ], [ 77.436845755190319, 23.229473749525425 ], [ 77.436670255190336, 23.229436049536339 ], [ 77.436625855190343, 23.229610349485874 ] ] ] } },
{ "type": "Feature", "properties": { }, "geometry": { "type": "Polygon", "coordinates": [ [ [ 77.43436085519032, 23.229528249509649 ], [ 77.434505055190343, 23.229596649489842 ], [ 77.434568355190322, 23.229483949522471 ], [ 77.434424255190322, 23.229415549542274 ], [ 77.43436085519032, 23.229528249509649 ] ] ] } },
{ "type": "Feature", "properties": { }, "geometry": { "type": "Polygon", "coordinates": [ [ [ 77.433552055190319, 23.23062524919203 ], [ 77.433765255190337, 23.230791549143873 ], [ 77.433881355190337, 23.230665949180242 ], [ 77.433668155190318, 23.230499649228388 ], [ 77.433552055190319, 23.23062524919203 ] ] ] } },
{ "type": "Feature", "properties": { }, "geometry": { "type": "Polygon", "coordinates": [ [ [ 77.435548255190341, 23.234899047954478 ], [ 77.435665855190322, 23.234922147947788 ], [ 77.435702055190333, 23.234766947992728 ], [ 77.435584455190337, 23.234743747999449 ], [ 77.435548255190341, 23.234899047954478 ] ] ] } },
{ "type": "Feature", "properties": { }, "geometry": { "type": "Polygon", "coordinates": [ [ [ 77.43537735519034, 23.231733948871 ], [ 77.435560455190341, 23.231774448859277 ], [ 77.435592255190315, 23.231653148894395 ], [ 77.435409155190328, 23.23161254890616 ], [ 77.43537735519034, 23.231733948871 ] ] ] } },
{ "type": "Feature", "properties": { }, "geometry": { "type": "Polygon", "coordinates": [ [ [ 77.435813855190332, 23.23254374863652 ], [ 77.436001355190328, 23.232583348625052 ], [ 77.436027155190331, 23.232480248654909 ], [ 77.435839655190321, 23.232440748666342 ], [ 77.435813855190332, 23.23254374863652 ] ] ] } },
{ "type": "Feature", "properties": { }, "geometry": { "type": "Polygon", "coordinates": [ [ [ 77.434125255190324, 23.229924349394963 ], [ 77.434043555190328, 23.230077949350488 ], [ 77.434324355190327, 23.230204149313948 ], [ 77.434406155190331, 23.23005054935842 ], [ 77.434125255190324, 23.229924349394963 ] ] ] } },
{ "type": "Feature", "properties": { }, "geometry": { "type": "Polygon", "coordinates": [ [ [ 77.434057955190326, 23.231736548870249 ], [ 77.434109355190316, 23.231773048859683 ], [ 77.434194555190331, 23.231672048888932 ], [ 77.434143155190327, 23.231635448899521 ], [ 77.434057955190326, 23.231736548870249 ] ] ] } },
{ "type": "Feature", "properties": { }, "geometry": { "type": "Polygon", "coordinates": [ [ [ 77.435970055190325, 23.232105448763431 ], [ 77.436168555190321, 23.23214174875292 ], [ 77.436198855190327, 23.232001948793403 ], [ 77.43600035519033, 23.231965548803945 ], [ 77.435970055190325, 23.232105448763431 ] ] ] } },
{ "type": "Feature", "properties": { }, "geometry": { "type": "Polygon", "coordinates": [ [ [ 77.433067255190323, 23.231126149046997 ], [ 77.433342855190332, 23.231343648984016 ], [ 77.43346025519034, 23.231218049020384 ], [ 77.433184655190317, 23.231000549083358 ], [ 77.433067255190323, 23.231126149046997 ] ] ] } },
{ "type": "Feature", "properties": { }, "geometry": { "type": "Polygon", "coordinates": [ [ [ 77.434857755190336, 23.229255849588512 ], [ 77.435006055190343, 23.229304049574555 ], [ 77.435080455190317, 23.229111049630436 ], [ 77.43493205519033, 23.229062749644424 ], [ 77.434857755190336, 23.229255849588512 ] ] ] } },
{ "type": "Feature", "properties": { }, "geometry": { "type": "Polygon", "coordinates": [ [ [ 77.435053055190323, 23.231305148995162 ], [ 77.435130855190337, 23.231025449076146 ], [ 77.435024755190327, 23.231000549083358 ], [ 77.434946955190341, 23.231280249002371 ], [ 77.435053055190323, 23.231305148995162 ] ] ] } },
{ "type": "Feature", "properties": { }, "geometry": { "type": "Polygon", "coordinates": [ [ [ 77.435597555190327, 23.232198248736562 ], [ 77.435798255190335, 23.232246448722609 ], [ 77.435848755190321, 23.232068748774054 ], [ 77.435648155190322, 23.232020548788018 ], [ 77.435597555190327, 23.232198248736562 ] ] ] } },
{ "type": "Feature", "properties": { }, "geometry": { "type": "Polygon", "coordinates": [ [ [ 77.435791655190343, 23.232633548610512 ], [ 77.435979155190324, 23.232673048599075 ], [ 77.436000155190328, 23.232589048623399 ], [ 77.435812655190333, 23.232549548634847 ], [ 77.435791655190343, 23.232633548610512 ] ] ] } },
{ "type": "Feature", "properties": { }, "geometry": { "type": "Polygon", "coordinates": [ [ [ 77.435691155190327, 23.234964347935566 ], [ 77.435780655190328, 23.234982647930259 ], [ 77.435816855190325, 23.234833547973448 ], [ 77.435727355190338, 23.234815247978741 ], [ 77.435691155190327, 23.234964347935566 ] ] ] } },
{ "type": "Feature", "properties": { }, "geometry": { "type": "Polygon", "coordinates": [ [ [ 77.435846255190341, 23.232438548666984 ], [ 77.436029255190334, 23.232477148655807 ], [ 77.43604935519032, 23.232396848679056 ], [ 77.435866355190328, 23.23235814869026 ], [ 77.435846255190341, 23.232438548666984 ] ] ] } },
{ "type": "Feature", "properties": { }, "geometry": { "type": "Polygon", "coordinates": [ [ [ 77.433431355190322, 23.23074474915742 ], [ 77.433660655190323, 23.230929649103889 ], [ 77.433773655190336, 23.230811249138171 ], [ 77.433544355190321, 23.230626349191709 ], [ 77.433431355190322, 23.23074474915742 ] ] ] } },
{ "type": "Feature", "properties": { }, "geometry": { "type": "Polygon", "coordinates": [ [ [ 77.436517855190331, 23.231271949004775 ], [ 77.436658755190336, 23.231297148997477 ], [ 77.436680355190333, 23.231195349026962 ], [ 77.436539555190322, 23.231170149034252 ], [ 77.436517855190331, 23.231271949004775 ] ] ] } },
{ "type": "Feature", "properties": { }, "geometry": { "type": "Polygon", "coordinates": [ [ [ 77.436314755190324, 23.229284549580203 ], [ 77.436428755190335, 23.229308249573339 ], [ 77.436469955190319, 23.229140949621783 ], [ 77.436355855190342, 23.229117249628647 ], [ 77.436314755190324, 23.229284549580203 ] ] ] } },
{ "type": "Feature", "properties": { }, "geometry": { "type": "Polygon", "coordinates": [ [ [ 77.436495455190339, 23.231352048981588 ], [ 77.43662685519034, 23.231375748974717 ], [ 77.436642855190343, 23.231300848996408 ], [ 77.436511455190328, 23.231277049003296 ], [ 77.436495455190339, 23.231352048981588 ] ] ] } },
{ "type": "Feature", "properties": { }, "geometry": { "type": "Polygon", "coordinates": [ [ [ 77.433441255190331, 23.231374248975158 ], [ 77.433388155190343, 23.23143564895738 ], [ 77.43339515519034, 23.23148764894232 ], [ 77.433426655190317, 23.231531848929521 ], [ 77.433465255190342, 23.231552048923671 ], [ 77.433512255190323, 23.231564848919962 ], [ 77.433587555190343, 23.231492648940879 ], [ 77.433441255190331, 23.231374248975158 ] ] ] } },
{ "type": "Feature", "properties": { }, "geometry": { "type": "Polygon", "coordinates": [ [ [ 77.443734855190343, 23.234387048102743 ], [ 77.443676055190323, 23.234389348102081 ], [ 77.44367905519033, 23.234452548083777 ], [ 77.443737955190315, 23.23445014808447 ], [ 77.443734855190343, 23.234387048102743 ] ] ] } },
{ "type": "Feature", "properties": { }, "geometry": { "type": "Polygon", "coordinates": [ [ [ 77.443488155190337, 23.234380848104539 ], [ 77.443534755190328, 23.23438364810373 ], [ 77.443537055190319, 23.234350748113261 ], [ 77.443490455190343, 23.234348048114043 ], [ 77.443488155190337, 23.234380848104539 ] ] ] } },
{ "type": "Feature", "properties": { }, "geometry": { "type": "Polygon", "coordinates": [ [ [ 77.443545455190318, 23.234389748101961 ], [ 77.44359335519033, 23.234389748101961 ], [ 77.44359335519033, 23.234334048118093 ], [ 77.443545455190318, 23.234334048118093 ], [ 77.443545455190318, 23.234389748101961 ] ] ] } },
{ "type": "Feature", "properties": { }, "geometry": { "type": "Polygon", "coordinates": [ [ [ 77.443600455190321, 23.234388548102306 ], [ 77.443633655190325, 23.234389148102132 ], [ 77.44363445519032, 23.234349948113493 ], [ 77.443601355190339, 23.234349348113671 ], [ 77.443600455190321, 23.234388548102306 ] ] ] } },
{ "type": "Feature", "properties": { }, "geometry": { "type": "Polygon", "coordinates": [ [ [ 77.443581955190325, 23.234393448100892 ], [ 77.443581255190338, 23.234425248091682 ], [ 77.443628855190326, 23.234426148091426 ], [ 77.443629655190335, 23.234394448100602 ], [ 77.443581955190325, 23.234393448100892 ] ] ] } },
{ "type": "Feature", "properties": { }, "geometry": { "type": "Polygon", "coordinates": [ [ [ 77.443504855190341, 23.234455748082858 ], [ 77.443561255190332, 23.234454248083281 ], [ 77.443559555190333, 23.234399148099243 ], [ 77.443503255190322, 23.234400548098833 ], [ 77.443504855190341, 23.234455748082858 ] ] ] } },
{ "type": "Feature", "properties": { }, "geometry": { "type": "Polygon", "coordinates": [ [ [ 77.438038255190321, 23.233252448431301 ], [ 77.438028955190319, 23.233240948434631 ], [ 77.438015555190319, 23.233233548436775 ], [ 77.438000055190329, 23.233231448437383 ], [ 77.437984855190336, 23.233234848436393 ], [ 77.437972355190325, 23.233243448433907 ], [ 77.437964255190337, 23.233255748430345 ], [ 77.437961955190332, 23.23326994842623 ], [ 77.437965755190319, 23.233283848422211 ], [ 77.437975055190321, 23.233295448418847 ], [ 77.437988455190322, 23.233302848416706 ], [ 77.438003955190339, 23.233304948416105 ], [ 77.438019055190338, 23.233301448417112 ], [ 77.438031655190315, 23.233292848419602 ], [ 77.438039655190323, 23.233280548423167 ], [ 77.438041955190343, 23.233266348427279 ], [ 77.438038255190321, 23.233252448431301 ] ] ] } },
{ "type": "Feature", "properties": { }, "geometry": { "type": "Polygon", "coordinates": [ [ [ 77.441810755190332, 23.234969447934084 ], [ 77.441941455190332, 23.234971247933565 ], [ 77.44194275519034, 23.234893247956151 ], [ 77.441812055190326, 23.234891347956712 ], [ 77.441810755190332, 23.234969447934084 ] ] ] } },
{ "type": "Feature", "properties": { }, "geometry": { "type": "Polygon", "coordinates": [ [ [ 77.433986755190332, 23.235275647845416 ], [ 77.43417525519034, 23.235312147834843 ], [ 77.434194755190333, 23.235227047859485 ], [ 77.434006355190334, 23.235190547870058 ], [ 77.433986755190332, 23.235275647845416 ] ] ] } },
{ "type": "Feature", "properties": { }, "geometry": { "type": "Polygon", "coordinates": [ [ [ 77.440607455190317, 23.233136948464747 ], [ 77.440586255190325, 23.233014348500255 ], [ 77.440513955190326, 23.233024848497205 ], [ 77.440535055190324, 23.233147448461704 ], [ 77.440607455190317, 23.233136948464747 ] ] ] } },
{ "type": "Feature", "properties": { }, "geometry": { "type": "Polygon", "coordinates": [ [ [ 77.434679455190334, 23.236276347555609 ], [ 77.434854055190328, 23.236319147543213 ], [ 77.434903655190325, 23.236148447592655 ], [ 77.434728955190337, 23.236105647605044 ], [ 77.434679455190334, 23.236276347555609 ] ] ] } },
{ "type": "Feature", "properties": { }, "geometry": { "type": "Polygon", "coordinates": [ [ [ 77.433899055190338, 23.235606347749641 ], [ 77.434093555190316, 23.23564454773858 ], [ 77.434127255190319, 23.235499747780516 ], [ 77.433932755190327, 23.235461547791576 ], [ 77.433899055190338, 23.235606347749641 ] ] ] } },
{ "type": "Feature", "properties": { }, "geometry": { "type": "Polygon", "coordinates": [ [ [ 77.441797655190342, 23.237828747106011 ], [ 77.441906955190333, 23.237832447104935 ], [ 77.441913055190327, 23.237679247149305 ], [ 77.441803755190321, 23.237675547150374 ], [ 77.441797655190342, 23.237828747106011 ] ] ] } },
{ "type": "Feature", "properties": { }, "geometry": { "type": "Polygon", "coordinates": [ [ [ 77.434336555190328, 23.236207747575481 ], [ 77.434525055190335, 23.236255147561749 ], [ 77.434555855190325, 23.236151647591726 ], [ 77.434367455190326, 23.23610424760545 ], [ 77.434336555190328, 23.236207747575481 ] ] ] } },
{ "type": "Feature", "properties": { }, "geometry": { "type": "Polygon", "coordinates": [ [ [ 77.437094155190323, 23.235189047870488 ], [ 77.437082955190334, 23.235263647848893 ], [ 77.437232755190323, 23.235282647843388 ], [ 77.43724395519034, 23.235208147864959 ], [ 77.437094155190323, 23.235189047870488 ] ] ] } },
{ "type": "Feature", "properties": { }, "geometry": { "type": "Polygon", "coordinates": [ [ [ 77.440228255190334, 23.233500148359575 ], [ 77.440335655190324, 23.233480548365247 ], [ 77.440287355190335, 23.233257448429853 ], [ 77.440179955190317, 23.233277148424147 ], [ 77.440228255190334, 23.233500148359575 ] ] ] } },
{ "type": "Feature", "properties": { }, "geometry": { "type": "Polygon", "coordinates": [ [ [ 77.435223455190339, 23.237280247264867 ], [ 77.435207055190332, 23.237359147242014 ], [ 77.435321255190331, 23.237379047236249 ], [ 77.43533755519033, 23.237300147259102 ], [ 77.435223455190339, 23.237280247264867 ] ] ] } },
{ "type": "Feature", "properties": { }, "geometry": { "type": "Polygon", "coordinates": [ [ [ 77.441761755190342, 23.236093647608524 ], [ 77.441840355190337, 23.236124847599481 ], [ 77.441891055190339, 23.236016747630792 ], [ 77.441812455190316, 23.235985647639794 ], [ 77.441761755190342, 23.236093647608524 ] ] ] } },
{ "type": "Feature", "properties": { }, "geometry": { "type": "Polygon", "coordinates": [ [ [ 77.434402955190336, 23.235709847719669 ], [ 77.434533855190338, 23.235739547711074 ], [ 77.43458905519033, 23.235533847770636 ], [ 77.434458255190322, 23.235504147779242 ], [ 77.434402955190336, 23.235709847719669 ] ] ] } },
{ "type": "Feature", "properties": { }, "geometry": { "type": "Polygon", "coordinates": [ [ [ 77.433473555190318, 23.233781948277972 ], [ 77.43378005519034, 23.233994448216432 ], [ 77.433915755190327, 23.233829348264241 ], [ 77.433609255190333, 23.233616748325804 ], [ 77.433473555190318, 23.233781948277972 ] ] ] } },
{ "type": "Feature", "properties": { }, "geometry": { "type": "Polygon", "coordinates": [ [ [ 77.441955555190333, 23.23496574793516 ], [ 77.442103055190316, 23.234970047933917 ], [ 77.442106155190316, 23.234881947959426 ], [ 77.441958655190319, 23.234877647960676 ], [ 77.441955555190333, 23.23496574793516 ] ] ] } },
{ "type": "Feature", "properties": { }, "geometry": { "type": "Polygon", "coordinates": [ [ [ 77.43454045519033, 23.237297747259799 ], [ 77.434649055190334, 23.237316847254267 ], [ 77.43468305519032, 23.237153547301563 ], [ 77.434574455190329, 23.237134447307088 ], [ 77.43454045519033, 23.237297747259799 ] ] ] } },
{ "type": "Feature", "properties": { }, "geometry": { "type": "Polygon", "coordinates": [ [ [ 77.439861255190323, 23.234120748179855 ], [ 77.439964455190321, 23.234100148185824 ], [ 77.439919355190327, 23.233909248241108 ], [ 77.439816055190335, 23.233929948235108 ], [ 77.439861255190323, 23.234120748179855 ] ] ] } },
{ "type": "Feature", "properties": { }, "geometry": { "type": "Polygon", "coordinates": [ [ [ 77.437770455190332, 23.235935747654246 ], [ 77.437917955190315, 23.235951047649813 ], [ 77.437930355190318, 23.235850247679011 ], [ 77.437782955190329, 23.235834947683443 ], [ 77.437770455190332, 23.235935747654246 ] ] ] } },
{ "type": "Feature", "properties": { }, "geometry": { "type": "Polygon", "coordinates": [ [ [ 77.43473195519033, 23.236101147606348 ], [ 77.434938055190329, 23.236153447591199 ], [ 77.434966855190325, 23.236057547618977 ], [ 77.434760755190325, 23.236005247634122 ], [ 77.43473195519033, 23.236101147606348 ] ] ] } },
{ "type": "Feature", "properties": { }, "geometry": { "type": "Polygon", "coordinates": [ [ [ 77.434315755190326, 23.236290347551552 ], [ 77.434506955190315, 23.23633594753835 ], [ 77.434527155190324, 23.23626414755914 ], [ 77.434336055190343, 23.236218547572346 ], [ 77.434315755190326, 23.236290347551552 ] ] ] } },
{ "type": "Feature", "properties": { }, "geometry": { "type": "Polygon", "coordinates": [ [ [ 77.440342855190323, 23.233482948364554 ], [ 77.440574955190328, 23.23344394837585 ], [ 77.440532755190333, 23.233231348437414 ], [ 77.440300655190327, 23.233270348426117 ], [ 77.440342855190323, 23.233482948364554 ] ] ] } },
{ "type": "Feature", "properties": { }, "geometry": { "type": "Polygon", "coordinates": [ [ [ 77.439254955190336, 23.23612164760041 ], [ 77.439265655190326, 23.235994447637243 ], [ 77.439194355190338, 23.235989347638728 ], [ 77.43918365519032, 23.236116547601885 ], [ 77.439254955190336, 23.23612164760041 ] ] ] } },
{ "type": "Feature", "properties": { }, "geometry": { "type": "Polygon", "coordinates": [ [ [ 77.434895855190319, 23.234273448135642 ], [ 77.435026555190319, 23.234308548125483 ], [ 77.435046455190331, 23.234245848143633 ], [ 77.43491585519034, 23.234210748153799 ], [ 77.434895855190319, 23.234273448135642 ] ] ] } },
{ "type": "Feature", "properties": { }, "geometry": { "type": "Polygon", "coordinates": [ [ [ 77.438835455190329, 23.234536248059534 ], [ 77.438972255190336, 23.234555348054005 ], [ 77.438993455190342, 23.234427448091051 ], [ 77.438856655190335, 23.234408348096572 ], [ 77.438835455190329, 23.234536248059534 ] ] ] } },
{ "type": "Feature", "properties": { }, "geometry": { "type": "Polygon", "coordinates": [ [ [ 77.43480095519034, 23.237537147190466 ], [ 77.43483375519034, 23.237369547239005 ], [ 77.43474375519034, 23.237354647243318 ], [ 77.43471095519034, 23.237522247194775 ], [ 77.43480095519034, 23.237537147190466 ] ] ] } },
{ "type": "Feature", "properties": { }, "geometry": { "type": "Polygon", "coordinates": [ [ [ 77.438081955190327, 23.236612847458161 ], [ 77.438099355190332, 23.2365118474874 ], [ 77.438023455190319, 23.236500747490627 ], [ 77.438006055190343, 23.236601847461344 ], [ 77.438081955190327, 23.236612847458161 ] ] ] } },
{ "type": "Feature", "properties": { }, "geometry": { "type": "Polygon", "coordinates": [ [ [ 77.440931955190322, 23.232184648740503 ], [ 77.441053355190334, 23.232186448739981 ], [ 77.441054655190342, 23.232105748763342 ], [ 77.440933355190325, 23.232103948763871 ], [ 77.440931955190322, 23.232184648740503 ] ] ] } },
{ "type": "Feature", "properties": { }, "geometry": { "type": "Polygon", "coordinates": [ [ [ 77.434942855190343, 23.234143448173288 ], [ 77.435075155190319, 23.234178948163009 ], [ 77.435092855190319, 23.234123448179083 ], [ 77.434960555190315, 23.234087848189393 ], [ 77.434942855190343, 23.234143448173288 ] ] ] } },
{ "type": "Feature", "properties": { }, "geometry": { "type": "Polygon", "coordinates": [ [ [ 77.437727755190323, 23.23610174760617 ], [ 77.437876155190338, 23.236121047600587 ], [ 77.437891255190323, 23.236023247628903 ], [ 77.437742855190336, 23.236003847634525 ], [ 77.437727755190323, 23.23610174760617 ] ] ] } },
{ "type": "Feature", "properties": { }, "geometry": { "type": "Polygon", "coordinates": [ [ [ 77.433365655190329, 23.233882948248723 ], [ 77.433677455190335, 23.234108448183424 ], [ 77.43376865519032, 23.234002048214236 ], [ 77.433456755190335, 23.233776548279536 ], [ 77.433365655190329, 23.233882948248723 ] ] ] } },
{ "type": "Feature", "properties": { }, "geometry": { "type": "Polygon", "coordinates": [ [ [ 77.434157755190327, 23.236916947370087 ], [ 77.434352755190318, 23.236952047359921 ], [ 77.434374955190336, 23.236847947390068 ], [ 77.434179955190316, 23.236812747400261 ], [ 77.434157755190327, 23.236916947370087 ] ] ] } },
{ "type": "Feature", "properties": { }, "geometry": { "type": "Polygon", "coordinates": [ [ [ 77.434633055190318, 23.236726947425112 ], [ 77.434598655190328, 23.23690104737469 ], [ 77.434707255190332, 23.236919247369421 ], [ 77.434741655190336, 23.236745147419839 ], [ 77.434633055190318, 23.236726947425112 ] ] ] } },
{ "type": "Feature", "properties": { }, "geometry": { "type": "Polygon", "coordinates": [ [ [ 77.433154455190333, 23.23417504816414 ], [ 77.433457455190322, 23.234370948107401 ], [ 77.433563755190335, 23.23423224814757 ], [ 77.433260655190324, 23.234036248204326 ], [ 77.433154455190333, 23.23417504816414 ] ] ] } },
{ "type": "Feature", "properties": { }, "geometry": { "type": "Polygon", "coordinates": [ [ [ 77.440814955190334, 23.233384348393113 ], [ 77.440916055190343, 23.233371348396869 ], [ 77.440884555190337, 23.233164248456841 ], [ 77.440783455190328, 23.233177248453078 ], [ 77.440814955190334, 23.233384348393113 ] ] ] } },
{ "type": "Feature", "properties": { }, "geometry": { "type": "Polygon", "coordinates": [ [ [ 77.436336355190321, 23.232553748633624 ], [ 77.436278355190339, 23.232763448572904 ], [ 77.436465255190328, 23.232808348559892 ], [ 77.436526155190336, 23.232586948624014 ], [ 77.436336355190321, 23.232553748633624 ] ] ] } },
{ "type": "Feature", "properties": { }, "geometry": { "type": "Polygon", "coordinates": [ [ [ 77.442033655190329, 23.237664847153482 ], [ 77.442143755190315, 23.237667747152638 ], [ 77.442149155190322, 23.237498947201523 ], [ 77.442039055190335, 23.237495947202394 ], [ 77.442033655190329, 23.237664847153482 ] ] ] } },
{ "type": "Feature", "properties": { }, "geometry": { "type": "Polygon", "coordinates": [ [ [ 77.43481135519032, 23.23579834769404 ], [ 77.434994855190325, 23.235836047683119 ], [ 77.435048455190341, 23.235616147746807 ], [ 77.434864955190335, 23.235578347757748 ], [ 77.43481135519032, 23.23579834769404 ] ] ] } },
{ "type": "Feature", "properties": { }, "geometry": { "type": "Polygon", "coordinates": [ [ [ 77.435140455190322, 23.237607847169986 ], [ 77.435251055190335, 23.237632447162863 ], [ 77.435274555190333, 23.237543447188639 ], [ 77.435163855190339, 23.237518747195789 ], [ 77.435140455190322, 23.237607847169986 ] ] ] } },
{ "type": "Feature", "properties": { }, "geometry": { "type": "Polygon", "coordinates": [ [ [ 77.438964255190328, 23.236237147566964 ], [ 77.439066555190337, 23.236245947564413 ], [ 77.439078655190343, 23.236127047598849 ], [ 77.43897635519032, 23.236118247601397 ], [ 77.438964255190328, 23.236237147566964 ] ] ] } },
{ "type": "Feature", "properties": { }, "geometry": { "type": "Polygon", "coordinates": [ [ [ 77.438967955190321, 23.235167847876628 ], [ 77.43906355519033, 23.235176947873999 ], [ 77.439080255190333, 23.235029047916829 ], [ 77.438984655190325, 23.235019947919469 ], [ 77.438967955190321, 23.235167847876628 ] ] ] } },
{ "type": "Feature", "properties": { }, "geometry": { "type": "Polygon", "coordinates": [ [ [ 77.440643655190343, 23.231526848930969 ], [ 77.44076865519034, 23.231527148930883 ], [ 77.440768955190322, 23.231447948953818 ], [ 77.440643855190331, 23.2314476489539 ], [ 77.440643655190343, 23.231526848930969 ] ] ] } },
{ "type": "Feature", "properties": { }, "geometry": { "type": "Polygon", "coordinates": [ [ [ 77.435544455190325, 23.235865047674729 ], [ 77.435649055190325, 23.235884747669022 ], [ 77.435674055190333, 23.235772747701454 ], [ 77.435569455190333, 23.235753047707156 ], [ 77.435544455190325, 23.235865047674729 ] ] ] } },
{ "type": "Feature", "properties": { }, "geometry": { "type": "Polygon", "coordinates": [ [ [ 77.436593355190325, 23.237473047209029 ], [ 77.436716755190332, 23.237498247201732 ], [ 77.436735455190316, 23.237420847224143 ], [ 77.436612155190332, 23.237395647231445 ], [ 77.436593355190325, 23.237473047209029 ] ] ] } },
{ "type": "Feature", "properties": { }, "geometry": { "type": "Polygon", "coordinates": [ [ [ 77.434946755190339, 23.234079148191903 ], [ 77.435092555190337, 23.234118348180559 ], [ 77.435114455190316, 23.234049648200447 ], [ 77.434968655190318, 23.234010448211802 ], [ 77.434946755190339, 23.234079148191903 ] ] ] } },
{ "type": "Feature", "properties": { }, "geometry": { "type": "Polygon", "coordinates": [ [ [ 77.43396245519034, 23.235350647823697 ], [ 77.434156555190327, 23.235388847812633 ], [ 77.434173655190321, 23.235315447833884 ], [ 77.433979555190334, 23.235277147844982 ], [ 77.43396245519034, 23.235350647823697 ] ] ] } },
{ "type": "Feature", "properties": { }, "geometry": { "type": "Polygon", "coordinates": [ [ [ 77.439759855190331, 23.232544148636403 ], [ 77.439929055190333, 23.232570048628901 ], [ 77.43994915519032, 23.232462848659942 ], [ 77.439800755190333, 23.232314348702943 ], [ 77.439759855190331, 23.232544148636403 ] ] ] } },
{ "type": "Feature", "properties": { }, "geometry": { "type": "Polygon", "coordinates": [ [ [ 77.441988755190323, 23.236966747355662 ], [ 77.442120555190328, 23.236970747354505 ], [ 77.442123455190327, 23.23689054737773 ], [ 77.441991655190321, 23.236886547378887 ], [ 77.441988755190323, 23.236966747355662 ] ] ] } },
{ "type": "Feature", "properties": { }, "geometry": { "type": "Polygon", "coordinates": [ [ [ 77.438443155190342, 23.234959247937041 ], [ 77.43846465519033, 23.234838247972078 ], [ 77.43833755519033, 23.23481914797761 ], [ 77.438316055190327, 23.234940147942574 ], [ 77.438443155190342, 23.234959247937041 ] ] ] } },
{ "type": "Feature", "properties": { }, "geometry": { "type": "Polygon", "coordinates": [ [ [ 77.434262855190326, 23.236507247488735 ], [ 77.434463355190317, 23.236552847475529 ], [ 77.434487855190326, 23.236461847501889 ], [ 77.434287355190321, 23.236416247515095 ], [ 77.434262855190326, 23.236507247488735 ] ] ] } },
{ "type": "Feature", "properties": { }, "geometry": { "type": "Polygon", "coordinates": [ [ [ 77.441904955190324, 23.237664147153684 ], [ 77.442021055190338, 23.237670047151973 ], [ 77.442031855190336, 23.237490747203907 ], [ 77.441915655190328, 23.237484847205607 ], [ 77.441904955190324, 23.237664147153684 ] ] ] } },
{ "type": "Feature", "properties": { }, "geometry": { "type": "Polygon", "coordinates": [ [ [ 77.434853655190338, 23.237549647186846 ], [ 77.43505765519032, 23.237593947174009 ], [ 77.435084255190333, 23.237490647203934 ], [ 77.434880155190328, 23.237446347216757 ], [ 77.434853655190338, 23.237549647186846 ] ] ] } },
{ "type": "Feature", "properties": { }, "geometry": { "type": "Polygon", "coordinates": [ [ [ 77.44020605519033, 23.234041748202735 ], [ 77.440306255190322, 23.234020448208906 ], [ 77.44025735519034, 23.233826348265119 ], [ 77.44015715519032, 23.233847648258948 ], [ 77.44020605519033, 23.234041748202735 ] ] ] } },
{ "type": "Feature", "properties": { }, "geometry": { "type": "Polygon", "coordinates": [ [ [ 77.437833355190321, 23.236794847405449 ], [ 77.438062655190336, 23.236837347393138 ], [ 77.438078655190324, 23.23676434741428 ], [ 77.437849355190338, 23.23672184742659 ], [ 77.437833355190321, 23.236794847405449 ] ] ] } },
{ "type": "Feature", "properties": { }, "geometry": { "type": "Polygon", "coordinates": [ [ [ 77.439081455190319, 23.23518394787197 ], [ 77.439164355190343, 23.235190647870027 ], [ 77.439177355190324, 23.235055047909295 ], [ 77.439094455190329, 23.235048347911242 ], [ 77.439081455190319, 23.23518394787197 ] ] ] } },
{ "type": "Feature", "properties": { }, "geometry": { "type": "Polygon", "coordinates": [ [ [ 77.435052555190325, 23.235790747696239 ], [ 77.435197255190317, 23.235813547689638 ], [ 77.435220055190342, 23.235691547724972 ], [ 77.435075355190321, 23.235668747731573 ], [ 77.435052555190325, 23.235790747696239 ] ] ] } },
{ "type": "Feature", "properties": { }, "geometry": { "type": "Polygon", "coordinates": [ [ [ 77.436770355190333, 23.236468647499915 ], [ 77.436931255190316, 23.236487147494564 ], [ 77.436941455190336, 23.236412247516256 ], [ 77.436780555190325, 23.236393747521614 ], [ 77.436770355190333, 23.236468647499915 ] ] ] } },
{ "type": "Feature", "properties": { }, "geometry": { "type": "Polygon", "coordinates": [ [ [ 77.439870855190321, 23.233535248349408 ], [ 77.439988555190325, 23.233511948356153 ], [ 77.439942255190331, 23.23331474841326 ], [ 77.439824555190341, 23.233338148406489 ], [ 77.439870855190321, 23.233535248349408 ] ] ] } },
{ "type": "Feature", "properties": { }, "geometry": { "type": "Polygon", "coordinates": [ [ [ 77.438343955190334, 23.23474934799783 ], [ 77.43846705519033, 23.234769147992093 ], [ 77.438493355190332, 23.234631648031911 ], [ 77.438370255190321, 23.234611848037648 ], [ 77.438343955190334, 23.23474934799783 ] ] ] } },
{ "type": "Feature", "properties": { }, "geometry": { "type": "Polygon", "coordinates": [ [ [ 77.434247855190335, 23.235948147650657 ], [ 77.434290655190324, 23.235769547702379 ], [ 77.434181155190331, 23.235747347708809 ], [ 77.434138355190342, 23.23592604765706 ], [ 77.434247855190335, 23.235948147650657 ] ] ] } },
{ "type": "Feature", "properties": { }, "geometry": { "type": "Polygon", "coordinates": [ [ [ 77.434590755190342, 23.236576547468665 ], [ 77.434773755190335, 23.236612747458178 ], [ 77.434796355190329, 23.236516147486164 ], [ 77.434613355190322, 23.23647994749664 ], [ 77.434590755190342, 23.236576547468665 ] ] ] } },
{ "type": "Feature", "properties": { }, "geometry": { "type": "Polygon", "coordinates": [ [ [ 77.440928655190319, 23.232285348711336 ], [ 77.441050955190335, 23.232288448710445 ], [ 77.441053655190316, 23.232197848736682 ], [ 77.440931255190335, 23.232194748737573 ], [ 77.440928655190319, 23.232285348711336 ] ] ] } },
{ "type": "Feature", "properties": { }, "geometry": { "type": "Polygon", "coordinates": [ [ [ 77.438620955190316, 23.235576947758162 ], [ 77.438756355190336, 23.235599147751728 ], [ 77.438774855190317, 23.235503547779413 ], [ 77.438639455190341, 23.235481447785816 ], [ 77.438620955190316, 23.235576947758162 ] ] ] } },
{ "type": "Feature", "properties": { }, "geometry": { "type": "Polygon", "coordinates": [ [ [ 77.44091715519032, 23.2333567484011 ], [ 77.441035855190336, 23.233341148405614 ], [ 77.44100585519034, 23.233148148461506 ], [ 77.440887155190339, 23.233163748456988 ], [ 77.44091715519032, 23.2333567484011 ] ] ] } },
{ "type": "Feature", "properties": { }, "geometry": { "type": "Polygon", "coordinates": [ [ [ 77.434595355190325, 23.236917847369828 ], [ 77.434559555190333, 23.237085447321288 ], [ 77.434669655190319, 23.237105347315524 ], [ 77.434705555190334, 23.23693774736406 ], [ 77.434595355190325, 23.236917847369828 ] ] ] } },
{ "type": "Feature", "properties": { }, "geometry": { "type": "Polygon", "coordinates": [ [ [ 77.434334755190335, 23.235664947732669 ], [ 77.434383155190332, 23.235492447782626 ], [ 77.434243355190333, 23.235459347792219 ], [ 77.434194855190327, 23.235631847742258 ], [ 77.434334755190335, 23.235664947732669 ] ] ] } },
{ "type": "Feature", "properties": { }, "geometry": { "type": "Polygon", "coordinates": [ [ [ 77.435341055190335, 23.235835547683269 ], [ 77.435493755190322, 23.235875747671624 ], [ 77.435526355190319, 23.235771147701918 ], [ 77.435373655190318, 23.235730947713563 ], [ 77.435341055190335, 23.235835547683269 ] ] ] } },
{ "type": "Feature", "properties": { }, "geometry": { "type": "Polygon", "coordinates": [ [ [ 77.434480455190325, 23.235976547642434 ], [ 77.434612655190321, 23.236002747634846 ], [ 77.434653555190323, 23.23582814768541 ], [ 77.434521355190327, 23.235801947692998 ], [ 77.434480455190325, 23.235976547642434 ] ] ] } },
{ "type": "Feature", "properties": { }, "geometry": { "type": "Polygon", "coordinates": [ [ [ 77.438407055190325, 23.235123847889373 ], [ 77.43843705519032, 23.23497344793293 ], [ 77.43831535519034, 23.234952947938861 ], [ 77.438285355190317, 23.235103347895308 ], [ 77.438407055190325, 23.235123847889373 ] ] ] } },
{ "type": "Feature", "properties": { }, "geometry": { "type": "Polygon", "coordinates": [ [ [ 77.441841555190337, 23.23703444733605 ], [ 77.441975055190341, 23.237043147333541 ], [ 77.44198105519034, 23.236963647356557 ], [ 77.441847655190315, 23.236955047359043 ], [ 77.441841555190337, 23.23703444733605 ] ] ] } },
{ "type": "Feature", "properties": { }, "geometry": { "type": "Polygon", "coordinates": [ [ [ 77.440383455190329, 23.233023548497581 ], [ 77.440457855190331, 23.233013648500449 ], [ 77.440439455190329, 23.232896148534476 ], [ 77.440365055190341, 23.232905948531641 ], [ 77.440383455190329, 23.233023548497581 ] ] ] } },
{ "type": "Feature", "properties": { }, "geometry": { "type": "Polygon", "coordinates": [ [ [ 77.436433955190324, 23.229041049650704 ], [ 77.436476855190335, 23.228859149703368 ], [ 77.436385255190331, 23.228840949708637 ], [ 77.43634235519032, 23.229022849655969 ], [ 77.436433955190324, 23.229041049650704 ] ] ] } },
{ "type": "Feature", "properties": { }, "geometry": { "type": "Polygon", "coordinates": [ [ [ 77.434555255190332, 23.235712247718968 ], [ 77.43468185519032, 23.235742447710233 ], [ 77.434730155190337, 23.235571147759842 ], [ 77.434603555190321, 23.235541047768557 ], [ 77.434555255190332, 23.235712247718968 ] ] ] } },
{ "type": "Feature", "properties": { }, "geometry": { "type": "Polygon", "coordinates": [ [ [ 77.434974355190334, 23.234008448212382 ], [ 77.435106755190333, 23.234044048202065 ], [ 77.435126455190328, 23.233982048220032 ], [ 77.43499405519033, 23.233946448230338 ], [ 77.434974355190334, 23.234008448212382 ] ] ] } },
{ "type": "Feature", "properties": { }, "geometry": { "type": "Polygon", "coordinates": [ [ [ 77.434292055190326, 23.236369447528649 ], [ 77.434483155190321, 23.23641304751602 ], [ 77.434501255190327, 23.236345847535478 ], [ 77.43431025519034, 23.236302147548145 ], [ 77.434292055190326, 23.236369447528649 ] ] ] } },
{ "type": "Feature", "properties": { }, "geometry": { "type": "Polygon", "coordinates": [ [ [ 77.436434755190319, 23.231548548924689 ], [ 77.436561955190342, 23.231574048917302 ], [ 77.436587255190318, 23.231467248948228 ], [ 77.436460055190338, 23.231441748955607 ], [ 77.436434755190319, 23.231548548924689 ] ] ] } },
{ "type": "Feature", "properties": { }, "geometry": { "type": "Polygon", "coordinates": [ [ [ 77.441993455190328, 23.236881647380308 ], [ 77.442127855190336, 23.236886347378945 ], [ 77.442130555190332, 23.236821347397772 ], [ 77.44199605519033, 23.236816747399097 ], [ 77.441993455190328, 23.236881647380308 ] ] ] } },
{ "type": "Feature", "properties": { }, "geometry": { "type": "Polygon", "coordinates": [ [ [ 77.432972655190341, 23.233849048258541 ], [ 77.43317565519034, 23.23399384821661 ], [ 77.433237755190319, 23.233924348236737 ], [ 77.433037955190315, 23.233775248279912 ], [ 77.432972655190341, 23.233849048258541 ] ] ] } },
{ "type": "Feature", "properties": { }, "geometry": { "type": "Polygon", "coordinates": [ [ [ 77.43492935519032, 23.237306947257139 ], [ 77.435016355190342, 23.237323947252211 ], [ 77.435037155190329, 23.237233947278281 ], [ 77.434950155190322, 23.237217047283171 ], [ 77.43492935519032, 23.237306947257139 ] ] ] } },
{ "type": "Feature", "properties": { }, "geometry": { "type": "Polygon", "coordinates": [ [ [ 77.437711655190341, 23.236328147540608 ], [ 77.437856855190319, 23.236350747534058 ], [ 77.437876455190334, 23.236243947564997 ], [ 77.437731355190323, 23.236221447571513 ], [ 77.437711655190341, 23.236328147540608 ] ] ] } },
{ "type": "Feature", "properties": { }, "geometry": { "type": "Polygon", "coordinates": [ [ [ 77.435271355190324, 23.236001747635129 ], [ 77.435442055190322, 23.236032747626158 ], [ 77.435463955190329, 23.235930947655643 ], [ 77.435293355190325, 23.235899947664613 ], [ 77.435271355190324, 23.236001747635129 ] ] ] } },
{ "type": "Feature", "properties": { }, "geometry": { "type": "Polygon", "coordinates": [ [ [ 77.44028145519033, 23.233027748496372 ], [ 77.440363055190318, 23.233015348499961 ], [ 77.440341955190334, 23.232898448533813 ], [ 77.440260355190333, 23.23291094853019 ], [ 77.44028145519033, 23.233027748496372 ] ] ] } },
{ "type": "Feature", "properties": { }, "geometry": { "type": "Polygon", "coordinates": [ [ [ 77.433263055190324, 23.234032648205378 ], [ 77.433564255190333, 23.234231648147748 ], [ 77.433666655190322, 23.234104848184465 ], [ 77.433365555190335, 23.233903348242823 ], [ 77.433263055190324, 23.234032648205378 ] ] ] } },
{ "type": "Feature", "properties": { }, "geometry": { "type": "Polygon", "coordinates": [ [ [ 77.434370155190337, 23.235963747646139 ], [ 77.434468555190321, 23.235983347640467 ], [ 77.434513455190327, 23.235792247695805 ], [ 77.434415055190343, 23.235772747701454 ], [ 77.434370155190337, 23.235963747646139 ] ] ] } },
{ "type": "Feature", "properties": { }, "geometry": { "type": "Polygon", "coordinates": [ [ [ 77.43304495519034, 23.234328748119626 ], [ 77.433342055190337, 23.234524748062874 ], [ 77.433449255190325, 23.23438744810263 ], [ 77.433152155190328, 23.234191448159386 ], [ 77.43304495519034, 23.234328748119626 ] ] ] } },
{ "type": "Feature", "properties": { }, "geometry": { "type": "Polygon", "coordinates": [ [ [ 77.435351155190318, 23.236444647506865 ], [ 77.435509355190334, 23.23646224750177 ], [ 77.435524455190318, 23.23634754753499 ], [ 77.435366255190317, 23.236329947540089 ], [ 77.435351155190318, 23.236444647506865 ] ] ] } },
{ "type": "Feature", "properties": { }, "geometry": { "type": "Polygon", "coordinates": [ [ [ 77.442394755190335, 23.237659847154926 ], [ 77.442489255190338, 23.237661647154408 ], [ 77.442492655190321, 23.237513847197206 ], [ 77.442398155190332, 23.237512047197733 ], [ 77.442394755190335, 23.237659847154926 ] ] ] } },
{ "type": "Feature", "properties": { }, "geometry": { "type": "Polygon", "coordinates": [ [ [ 77.434356055190321, 23.235963747646139 ], [ 77.434404955190331, 23.235772747701454 ], [ 77.434312855190328, 23.235752847707218 ], [ 77.434263955190332, 23.235943847651903 ], [ 77.434356055190321, 23.235963747646139 ] ] ] } },
{ "type": "Feature", "properties": { }, "geometry": { "type": "Polygon", "coordinates": [ [ [ 77.440601755190329, 23.23471184800869 ], [ 77.440816955190343, 23.234727848004052 ], [ 77.440828055190323, 23.234602448040363 ], [ 77.440612755190315, 23.234586448045 ], [ 77.440601755190329, 23.23471184800869 ] ] ] } },
{ "type": "Feature", "properties": { }, "geometry": { "type": "Polygon", "coordinates": [ [ [ 77.436416155190329, 23.231668848889857 ], [ 77.436556255190339, 23.23169444888244 ], [ 77.436578955190328, 23.231589548912815 ], [ 77.436438855190332, 23.231563948920229 ], [ 77.436416155190329, 23.231668848889857 ] ] ] } },
{ "type": "Feature", "properties": { }, "geometry": { "type": "Polygon", "coordinates": [ [ [ 77.441855355190327, 23.236873947382534 ], [ 77.441987755190326, 23.236881347380393 ], [ 77.441992255190328, 23.236813047400179 ], [ 77.441859855190316, 23.236805647402317 ], [ 77.441855355190327, 23.236873947382534 ] ] ] } },
{ "type": "Feature", "properties": { }, "geometry": { "type": "Polygon", "coordinates": [ [ [ 77.434806355190318, 23.236617247456884 ], [ 77.434987955190337, 23.236655647445762 ], [ 77.435016655190324, 23.236541047478951 ], [ 77.434835155190342, 23.23650264749007 ], [ 77.434806355190318, 23.236617247456884 ] ] ] } },
{ "type": "Feature", "properties": { }, "geometry": { "type": "Polygon", "coordinates": [ [ [ 77.436954055190341, 23.236489047494008 ], [ 77.437111655190321, 23.236505047489381 ], [ 77.437120855190315, 23.23642844751156 ], [ 77.436963355190315, 23.236412347516229 ], [ 77.436954055190341, 23.236489047494008 ] ] ] } },
{ "type": "Feature", "properties": { }, "geometry": { "type": "Polygon", "coordinates": [ [ [ 77.439007455190335, 23.236104447605392 ], [ 77.439089655190315, 23.236109947603797 ], [ 77.43910065519033, 23.235970947644056 ], [ 77.439018455190322, 23.235965447645651 ], [ 77.439007455190335, 23.236104447605392 ] ] ] } },
{ "type": "Feature", "properties": { }, "geometry": { "type": "Polygon", "coordinates": [ [ [ 77.44053135519033, 23.231529648930156 ], [ 77.440629255190316, 23.231529948930067 ], [ 77.440629455190333, 23.231465848948631 ], [ 77.440531555190333, 23.231465548948716 ], [ 77.44053135519033, 23.231529648930156 ] ] ] } },
{ "type": "Feature", "properties": { }, "geometry": { "type": "Polygon", "coordinates": [ [ [ 77.438626955190315, 23.233652348315498 ], [ 77.438731755190318, 23.233653648315126 ], [ 77.438733755190341, 23.233517448354561 ], [ 77.438628955190339, 23.233516148354941 ], [ 77.438626955190315, 23.233652348315498 ] ] ] } },
{ "type": "Feature", "properties": { }, "geometry": { "type": "Polygon", "coordinates": [ [ [ 77.437335655190324, 23.236575247469041 ], [ 77.437485155190316, 23.236601747461371 ], [ 77.437500355190323, 23.236529247482366 ], [ 77.437350855190317, 23.236502747490039 ], [ 77.437335655190324, 23.236575247469041 ] ] ] } },
{ "type": "Feature", "properties": { }, "geometry": { "type": "Polygon", "coordinates": [ [ [ 77.440854455190333, 23.234766947992728 ], [ 77.441091055190341, 23.234779747989023 ], [ 77.441102755190329, 23.234596148042193 ], [ 77.440866255190315, 23.234583348045902 ], [ 77.440854455190333, 23.234766947992728 ] ] ] } },
{ "type": "Feature", "properties": { }, "geometry": { "type": "Polygon", "coordinates": [ [ [ 77.43969915519034, 23.232865548543334 ], [ 77.439679255190327, 23.232984948508768 ], [ 77.439852355190325, 23.2330093485017 ], [ 77.439872255190338, 23.232889848536299 ], [ 77.43969915519034, 23.232865548543334 ] ] ] } },
{ "type": "Feature", "properties": { }, "geometry": { "type": "Polygon", "coordinates": [ [ [ 77.432833855190339, 23.234040648203052 ], [ 77.43303035519034, 23.234169448165755 ], [ 77.433103855190339, 23.23407474819318 ], [ 77.432907355190338, 23.233945948230481 ], [ 77.432833855190339, 23.234040648203052 ] ] ] } },
{ "type": "Feature", "properties": { }, "geometry": { "type": "Polygon", "coordinates": [ [ [ 77.440094855190338, 23.234070548194406 ], [ 77.440200455190336, 23.234049248200566 ], [ 77.440155455190322, 23.233860848255123 ], [ 77.440049855190324, 23.233882148248956 ], [ 77.440094855190338, 23.234070548194406 ] ] ] } },
{ "type": "Feature", "properties": { }, "geometry": { "type": "Polygon", "coordinates": [ [ [ 77.440470655190339, 23.231689848883775 ], [ 77.440534955190316, 23.231688548884147 ], [ 77.440531655190341, 23.231543448926164 ], [ 77.440467255190327, 23.231544748925788 ], [ 77.440470655190339, 23.231689848883775 ] ] ] } },
{ "type": "Feature", "properties": { }, "geometry": { "type": "Polygon", "coordinates": [ [ [ 77.434359355190324, 23.234997247926039 ], [ 77.43455785519032, 23.235033047915667 ], [ 77.434584755190343, 23.234906947952187 ], [ 77.434386255190333, 23.234871147962558 ], [ 77.434359355190324, 23.234997247926039 ] ] ] } },
{ "type": "Feature", "properties": { }, "geometry": { "type": "Polygon", "coordinates": [ [ [ 77.437651955190319, 23.235015847920653 ], [ 77.437676255190325, 23.234902447953495 ], [ 77.437563655190317, 23.234882147959372 ], [ 77.437539455190333, 23.234995547926527 ], [ 77.437651955190319, 23.235015847920653 ] ] ] } },
{ "type": "Feature", "properties": { }, "geometry": { "type": "Polygon", "coordinates": [ [ [ 77.441808055190336, 23.235329847829718 ], [ 77.441954255190339, 23.235333547828652 ], [ 77.441956555190316, 23.235254547851525 ], [ 77.441810455190321, 23.235250847852598 ], [ 77.441808055190336, 23.235329847829718 ] ] ] } },
{ "type": "Feature", "properties": { }, "geometry": { "type": "Polygon", "coordinates": [ [ [ 77.440452455190325, 23.233152648460198 ], [ 77.440525055190321, 23.233144148462664 ], [ 77.440508455190326, 23.233025548497004 ], [ 77.440435955190324, 23.233034048494545 ], [ 77.440452455190325, 23.233152648460198 ] ] ] } },
{ "type": "Feature", "properties": { }, "geometry": { "type": "Polygon", "coordinates": [ [ [ 77.439748155190316, 23.233559348342428 ], [ 77.439856455190323, 23.233542048347442 ], [ 77.439817555190317, 23.233336248407031 ], [ 77.439709255190323, 23.233353548402029 ], [ 77.439748155190316, 23.233559348342428 ] ] ] } },
{ "type": "Feature", "properties": { }, "geometry": { "type": "Polygon", "coordinates": [ [ [ 77.434648355190333, 23.236363347530418 ], [ 77.434620855190317, 23.236471647499052 ], [ 77.434807255190321, 23.236511647487458 ], [ 77.434834855190331, 23.236403347518827 ], [ 77.434648355190333, 23.236363347530418 ] ] ] } },
{ "type": "Feature", "properties": { }, "geometry": { "type": "Polygon", "coordinates": [ [ [ 77.438188255190326, 23.236064447616975 ], [ 77.438218455190324, 23.23592894765622 ], [ 77.438118655190337, 23.23591014766167 ], [ 77.438088555190319, 23.236045747622395 ], [ 77.438188255190326, 23.236064447616975 ] ] ] } },
{ "type": "Feature", "properties": { }, "geometry": { "type": "Polygon", "coordinates": [ [ [ 77.434649755190321, 23.23635714753221 ], [ 77.434837455190333, 23.236401247519435 ], [ 77.43485905519033, 23.236323647541912 ], [ 77.434671255190338, 23.236279647554657 ], [ 77.434649755190321, 23.23635714753221 ] ] ] } },
{ "type": "Feature", "properties": { }, "geometry": { "type": "Polygon", "coordinates": [ [ [ 77.436233555190341, 23.229003149661676 ], [ 77.436275855190331, 23.22882364971364 ], [ 77.436191255190337, 23.228806849718509 ], [ 77.436148955190319, 23.228986349666542 ], [ 77.436233555190341, 23.229003149661676 ] ] ] } },
{ "type": "Feature", "properties": { }, "geometry": { "type": "Polygon", "coordinates": [ [ [ 77.434335255190319, 23.235103847895164 ], [ 77.434530355190333, 23.235139047884974 ], [ 77.43455075519033, 23.235043547912632 ], [ 77.434355555190336, 23.235008447922798 ], [ 77.434335255190319, 23.235103847895164 ] ] ] } },
{ "type": "Feature", "properties": { }, "geometry": { "type": "Polygon", "coordinates": [ [ [ 77.434064455190324, 23.237377847236601 ], [ 77.434256755190333, 23.237405747228522 ], [ 77.434274855190338, 23.237300547258986 ], [ 77.434082555190315, 23.237272647267066 ], [ 77.434064455190324, 23.237377847236601 ] ] ] } },
{ "type": "Feature", "properties": { }, "geometry": { "type": "Polygon", "coordinates": [ [ [ 77.441126455190329, 23.234128348177656 ], [ 77.441257155190328, 23.23413014817714 ], [ 77.441260055190327, 23.233957848227032 ], [ 77.441129355190341, 23.233956048227554 ], [ 77.441126455190329, 23.234128348177656 ] ] ] } },
{ "type": "Feature", "properties": { }, "geometry": { "type": "Polygon", "coordinates": [ [ [ 77.439737355190331, 23.23356544834067 ], [ 77.43970315519033, 23.233356548401158 ], [ 77.43954715519034, 23.233381248394 ], [ 77.439519655190324, 23.233585848334755 ], [ 77.439737355190331, 23.23356544834067 ] ] ] } },
{ "type": "Feature", "properties": { }, "geometry": { "type": "Polygon", "coordinates": [ [ [ 77.441850955190318, 23.236947547361222 ], [ 77.441979755190317, 23.236955647358872 ], [ 77.441984855190327, 23.23688564737915 ], [ 77.441856055190343, 23.236877647381466 ], [ 77.441850955190318, 23.236947547361222 ] ] ] } },
{ "type": "Feature", "properties": { }, "geometry": { "type": "Polygon", "coordinates": [ [ [ 77.434978655190321, 23.233927648235777 ], [ 77.435115855190318, 23.233964548225092 ], [ 77.435137555190323, 23.233896148244902 ], [ 77.435000355190326, 23.23385924825558 ], [ 77.434978655190321, 23.233927648235777 ] ] ] } },
{ "type": "Feature", "properties": { }, "geometry": { "type": "Polygon", "coordinates": [ [ [ 77.432908355190335, 23.233939248232421 ], [ 77.433108755190332, 23.234075448192971 ], [ 77.433173655190316, 23.233994848216319 ], [ 77.432973155190325, 23.233858648255762 ], [ 77.432908355190335, 23.233939248232421 ] ] ] } },
{ "type": "Feature", "properties": { }, "geometry": { "type": "Polygon", "coordinates": [ [ [ 77.43624235519033, 23.229000449662458 ], [ 77.436337855190331, 23.229019349656987 ], [ 77.436380055190327, 23.228840349708808 ], [ 77.43628455519034, 23.228821349714313 ], [ 77.43624235519033, 23.229000449662458 ] ] ] } },
{ "type": "Feature", "properties": { }, "geometry": { "type": "Polygon", "coordinates": [ [ [ 77.442273055190341, 23.237805947112612 ], [ 77.442363355190324, 23.237810147111396 ], [ 77.442370755190325, 23.237676447150118 ], [ 77.442280455190343, 23.237672247151334 ], [ 77.442273055190341, 23.237805947112612 ] ] ] } },
{ "type": "Feature", "properties": { }, "geometry": { "type": "Polygon", "coordinates": [ [ [ 77.43907655519034, 23.236250147563197 ], [ 77.439171055190329, 23.23625994756036 ], [ 77.439186455190324, 23.236135647596356 ], [ 77.439091855190341, 23.236125847599194 ], [ 77.43907655519034, 23.236250147563197 ] ] ] } },
{ "type": "Feature", "properties": { }, "geometry": { "type": "Polygon", "coordinates": [ [ [ 77.434079055190338, 23.236165847587607 ], [ 77.434267555190317, 23.236205947576 ], [ 77.434299155190331, 23.236080147612427 ], [ 77.434110755190332, 23.236040147624017 ], [ 77.434079055190338, 23.236165847587607 ] ] ] } },
{ "type": "Feature", "properties": { }, "geometry": { "type": "Polygon", "coordinates": [ [ [ 77.435001355190337, 23.23385074825805 ], [ 77.435140755190332, 23.233878948249885 ], [ 77.435163155190338, 23.233785748276873 ], [ 77.435023755190329, 23.233757548285034 ], [ 77.435001355190337, 23.23385074825805 ] ] ] } },
{ "type": "Feature", "properties": { }, "geometry": { "type": "Polygon", "coordinates": [ [ [ 77.441813455190342, 23.234876347961052 ], [ 77.441946155190323, 23.234877647960676 ], [ 77.441947255190343, 23.234780347988853 ], [ 77.44181445519034, 23.234779147989194 ], [ 77.441813455190342, 23.234876347961052 ] ] ] } },
{ "type": "Feature", "properties": { }, "geometry": { "type": "Polygon", "coordinates": [ [ [ 77.441997755190343, 23.236814647399711 ], [ 77.442130455190323, 23.236818647398554 ], [ 77.442132755190329, 23.236753347417469 ], [ 77.44200005519032, 23.236749347418623 ], [ 77.441997755190343, 23.236814647399711 ] ] ] } },
{ "type": "Feature", "properties": { }, "geometry": { "type": "Polygon", "coordinates": [ [ [ 77.438922355190343, 23.236100047606666 ], [ 77.439002155190323, 23.236104647605337 ], [ 77.439011555190334, 23.235964747645852 ], [ 77.438931755190325, 23.235960247647153 ], [ 77.438922355190343, 23.236100047606666 ] ] ] } },
{ "type": "Feature", "properties": { }, "geometry": { "type": "Polygon", "coordinates": [ [ [ 77.436762355190339, 23.236620847455843 ], [ 77.436907855190327, 23.23663994745031 ], [ 77.436919755190331, 23.236563147472548 ], [ 77.436774255190329, 23.236544047478077 ], [ 77.436762355190339, 23.236620847455843 ] ] ] } },
{ "type": "Feature", "properties": { }, "geometry": { "type": "Polygon", "coordinates": [ [ [ 77.434062355190335, 23.234978847931369 ], [ 77.434036955190322, 23.235081547901629 ], [ 77.434191855190335, 23.235113947892241 ], [ 77.434217255190319, 23.235011147922012 ], [ 77.434062355190335, 23.234978847931369 ] ] ] } },
{ "type": "Feature", "properties": { }, "geometry": { "type": "Polygon", "coordinates": [ [ [ 77.435947755190341, 23.228952949676209 ], [ 77.435991555190341, 23.228767049730035 ], [ 77.435889955190319, 23.228746849735881 ], [ 77.435846255190341, 23.228932749682063 ], [ 77.435947755190341, 23.228952949676209 ] ] ] } },
{ "type": "Feature", "properties": { }, "geometry": { "type": "Polygon", "coordinates": [ [ [ 77.437148955190324, 23.236598147462409 ], [ 77.437132055190318, 23.236673447440609 ], [ 77.437270255190327, 23.236699647433021 ], [ 77.437287255190341, 23.236624347454825 ], [ 77.437148955190324, 23.236598147462409 ] ] ] } },
{ "type": "Feature", "properties": { }, "geometry": { "type": "Polygon", "coordinates": [ [ [ 77.439348555190335, 23.232809148559671 ], [ 77.439489155190316, 23.232832548552896 ], [ 77.439514155190338, 23.232705248589753 ], [ 77.439373555190329, 23.2326819485965 ], [ 77.439348555190335, 23.232809148559671 ] ] ] } },
{ "type": "Feature", "properties": { }, "geometry": { "type": "Polygon", "coordinates": [ [ [ 77.442269755190338, 23.237660147154834 ], [ 77.442389155190341, 23.23766224715423 ], [ 77.442392155190319, 23.237517447196169 ], [ 77.442272755190331, 23.23751534719678 ], [ 77.442269755190338, 23.237660147154834 ] ] ] } },
{ "type": "Feature", "properties": { }, "geometry": { "type": "Polygon", "coordinates": [ [ [ 77.439703755190337, 23.232860348544843 ], [ 77.439876455190316, 23.232883848538037 ], [ 77.439908155190338, 23.232686948595056 ], [ 77.439735355190336, 23.232663448601865 ], [ 77.439703755190337, 23.232860348544843 ] ] ] } },
{ "type": "Feature", "properties": { }, "geometry": { "type": "Polygon", "coordinates": [ [ [ 77.441812055190326, 23.234771047991543 ], [ 77.441950855190328, 23.234773447990847 ], [ 77.441952355190324, 23.234703248011179 ], [ 77.441813555190322, 23.234700848011876 ], [ 77.441812055190326, 23.234771047991543 ] ] ] } },
{ "type": "Feature", "properties": { }, "geometry": { "type": "Polygon", "coordinates": [ [ [ 77.436961055190338, 23.236580147467627 ], [ 77.436951655190327, 23.23665354744637 ], [ 77.437106755190328, 23.236670247441534 ], [ 77.437116155190324, 23.236596847462792 ], [ 77.436961055190338, 23.236580147467627 ] ] ] } },
{ "type": "Feature", "properties": { }, "geometry": { "type": "Polygon", "coordinates": [ [ [ 77.434012755190338, 23.235185847871421 ], [ 77.434201455190319, 23.235223447860534 ], [ 77.43422545519033, 23.235121947889919 ], [ 77.43403665519034, 23.235084347900813 ], [ 77.434012755190338, 23.235185847871421 ] ] ] } },
{ "type": "Feature", "properties": { }, "geometry": { "type": "Polygon", "coordinates": [ [ [ 77.436977555190325, 23.229175449611795 ], [ 77.437185255190329, 23.229225149597401 ], [ 77.43721755519033, 23.229111049630436 ], [ 77.43700985519034, 23.229061349644827 ], [ 77.436977555190325, 23.229175449611795 ] ] ] } },
{ "type": "Feature", "properties": { }, "geometry": { "type": "Polygon", "coordinates": [ [ [ 77.441326555190315, 23.23192584881544 ], [ 77.441470055190322, 23.231932648813466 ], [ 77.441476555190334, 23.23181634884714 ], [ 77.441333055190341, 23.231809548849114 ], [ 77.441326555190315, 23.23192584881544 ] ] ] } },
{ "type": "Feature", "properties": { }, "geometry": { "type": "Polygon", "coordinates": [ [ [ 77.436047155190337, 23.228979849668423 ], [ 77.436091355190328, 23.228792049722795 ], [ 77.436005655190328, 23.228774949727747 ], [ 77.435961455190323, 23.228962849673344 ], [ 77.436047155190337, 23.228979849668423 ] ] ] } },
{ "type": "Feature", "properties": { }, "geometry": { "type": "Polygon", "coordinates": [ [ [ 77.433939255190339, 23.23545814779256 ], [ 77.434131055190321, 23.235495147781847 ], [ 77.434154655190341, 23.235391847811762 ], [ 77.43396285519033, 23.235354847822475 ], [ 77.433939255190339, 23.23545814779256 ] ] ] } },
{ "type": "Feature", "properties": { }, "geometry": { "type": "Polygon", "coordinates": [ [ [ 77.437689855190328, 23.234889847957142 ], [ 77.437718755190332, 23.234745647998896 ], [ 77.437601455190332, 23.23472574800466 ], [ 77.437572555190329, 23.234869947962903 ], [ 77.437689855190328, 23.234889847957142 ] ] ] } },
{ "type": "Feature", "properties": { }, "geometry": { "type": "Polygon", "coordinates": [ [ [ 77.440061255190329, 23.233294348419172 ], [ 77.440111355190339, 23.233519948353841 ], [ 77.440216555190332, 23.23350024835954 ], [ 77.440166555190331, 23.233274648424878 ], [ 77.440061255190329, 23.233294348419172 ] ] ] } },
{ "type": "Feature", "properties": { }, "geometry": { "type": "Polygon", "coordinates": [ [ [ 77.438140655190324, 23.236300447548636 ], [ 77.438177555190336, 23.236148247592705 ], [ 77.438075755190326, 23.236127447598733 ], [ 77.438038855190328, 23.236279647554657 ], [ 77.438140655190324, 23.236300447548636 ] ] ] } },
{ "type": "Feature", "properties": { }, "geometry": { "type": "Polygon", "coordinates": [ [ [ 77.440202455190331, 23.234272248135991 ], [ 77.440328455190325, 23.234255548140826 ], [ 77.440302355190326, 23.234088248189277 ], [ 77.440176255190323, 23.234104848184465 ], [ 77.440202455190331, 23.234272248135991 ] ] ] } },
{ "type": "Feature", "properties": { }, "geometry": { "type": "Polygon", "coordinates": [ [ [ 77.434500855190322, 23.237497347201991 ], [ 77.434607455190317, 23.237517747196083 ], [ 77.434650055190318, 23.237329347250643 ], [ 77.434543455190322, 23.237309047256524 ], [ 77.434500855190322, 23.237497347201991 ] ] ] } },
{ "type": "Feature", "properties": { }, "geometry": { "type": "Polygon", "coordinates": [ [ [ 77.439627455190333, 23.233972148222897 ], [ 77.439672255190331, 23.234150248171318 ], [ 77.439849255190325, 23.234112748182184 ], [ 77.439804455190327, 23.233934548233783 ], [ 77.439627455190333, 23.233972148222897 ] ] ] } },
{ "type": "Feature", "properties": { }, "geometry": { "type": "Polygon", "coordinates": [ [ [ 77.433249055190316, 23.235767747702905 ], [ 77.433557555190319, 23.235809747690741 ], [ 77.433589355190335, 23.235612347747907 ], [ 77.433280955190327, 23.235570347760071 ], [ 77.433249055190316, 23.235767747702905 ] ] ] } },
{ "type": "Feature", "properties": { }, "geometry": { "type": "Polygon", "coordinates": [ [ [ 77.434066255190331, 23.23495124793936 ], [ 77.43426015519033, 23.234996347926295 ], [ 77.434298355190322, 23.234857747966434 ], [ 77.434104555190331, 23.234812647979499 ], [ 77.434066255190331, 23.23495124793936 ] ] ] } },
{ "type": "Feature", "properties": { }, "geometry": { "type": "Polygon", "coordinates": [ [ [ 77.439158655190326, 23.232970148513051 ], [ 77.439290055190327, 23.232988048507863 ], [ 77.439305955190335, 23.23288924853647 ], [ 77.439174555190334, 23.232871348541654 ], [ 77.439158655190326, 23.232970148513051 ] ] ] } },
{ "type": "Feature", "properties": { }, "geometry": { "type": "Polygon", "coordinates": [ [ [ 77.436620855190341, 23.23729614726026 ], [ 77.436751555190327, 23.237323347252385 ], [ 77.43676985519032, 23.237249047273902 ], [ 77.436639055190327, 23.237221947281746 ], [ 77.436620855190341, 23.23729614726026 ] ] ] } },
{ "type": "Feature", "properties": { }, "geometry": { "type": "Polygon", "coordinates": [ [ [ 77.439250255190316, 23.235171547875563 ], [ 77.439336655190331, 23.235175947874293 ], [ 77.439343755190322, 23.235060447907728 ], [ 77.439257255190327, 23.235055947909039 ], [ 77.439250255190316, 23.235171547875563 ] ] ] } },
{ "type": "Feature", "properties": { }, "geometry": { "type": "Polygon", "coordinates": [ [ [ 77.441902655190319, 23.236307147546686 ], [ 77.441963355190339, 23.236194947579182 ], [ 77.441881855190317, 23.236157747589953 ], [ 77.441821155190325, 23.236269947557467 ], [ 77.441902655190319, 23.236307147546686 ] ] ] } },
{ "type": "Feature", "properties": { }, "geometry": { "type": "Polygon", "coordinates": [ [ [ 77.434912155190332, 23.234204948155476 ], [ 77.435051955190332, 23.234242548144589 ], [ 77.435069455190316, 23.234187548160516 ], [ 77.434929555190323, 23.234150048171372 ], [ 77.434912155190332, 23.234204948155476 ] ] ] } },
{ "type": "Feature", "properties": { }, "geometry": { "type": "Polygon", "coordinates": [ [ [ 77.441848655190341, 23.236536347480314 ], [ 77.442009555190324, 23.236548047476926 ], [ 77.442021955190327, 23.236403747518711 ], [ 77.441861055190316, 23.236392047522106 ], [ 77.441848655190341, 23.236536347480314 ] ] ] } },
{ "type": "Feature", "properties": { }, "geometry": { "type": "Polygon", "coordinates": [ [ [ 77.435181955190316, 23.237363047240891 ], [ 77.435207655190339, 23.237269447267995 ], [ 77.435120155190319, 23.237249147273875 ], [ 77.435094555190332, 23.23734284724674 ], [ 77.435181955190316, 23.237363047240891 ] ] ] } },
{ "type": "Feature", "properties": { }, "geometry": { "type": "Polygon", "coordinates": [ [ [ 77.440693455190328, 23.233369448397422 ], [ 77.440804755190328, 23.233352348402374 ], [ 77.440772055190322, 23.23317264845441 ], [ 77.440660755190336, 23.233189748449462 ], [ 77.440693455190328, 23.233369448397422 ] ] ] } },
{ "type": "Feature", "properties": { }, "geometry": { "type": "Polygon", "coordinates": [ [ [ 77.43340615519034, 23.236534947480717 ], [ 77.433638255190317, 23.236536747480191 ], [ 77.433639755190342, 23.236369347528676 ], [ 77.433407755190331, 23.236367547529195 ], [ 77.43340615519034, 23.236534947480717 ] ] ] } },
{ "type": "Feature", "properties": { }, "geometry": { "type": "Polygon", "coordinates": [ [ [ 77.436439655190341, 23.229045849649317 ], [ 77.436546655190327, 23.229067149643143 ], [ 77.43658985519032, 23.228884049696163 ], [ 77.43648275519034, 23.22886274970233 ], [ 77.436439655190341, 23.229045849649317 ] ] ] } },
{ "type": "Feature", "properties": { }, "geometry": { "type": "Polygon", "coordinates": [ [ [ 77.442149055190342, 23.237658047155445 ], [ 77.442247655190329, 23.237661847154349 ], [ 77.44225505519033, 23.237501047200915 ], [ 77.44215635519032, 23.237497247202022 ], [ 77.442149055190342, 23.237658047155445 ] ] ] } },
{ "type": "Feature", "properties": { }, "geometry": { "type": "Polygon", "coordinates": [ [ [ 77.43516855519033, 23.237503647200164 ], [ 77.435279855190331, 23.237527147193354 ], [ 77.43530315519034, 23.237433847220377 ], [ 77.435191755190331, 23.237410447227155 ], [ 77.43516855519033, 23.237503647200164 ] ] ] } },
{ "type": "Feature", "properties": { }, "geometry": { "type": "Polygon", "coordinates": [ [ [ 77.436336355190321, 23.232553748633624 ], [ 77.436526155190336, 23.232586948624014 ], [ 77.436548155190337, 23.232480748654758 ], [ 77.436358355190322, 23.232447448664406 ], [ 77.436336355190321, 23.232553748633624 ] ] ] } },
{ "type": "Feature", "properties": { }, "geometry": { "type": "Polygon", "coordinates": [ [ [ 77.436612955190327, 23.237388847233415 ], [ 77.436736555190336, 23.237412947226439 ], [ 77.436753755190324, 23.237338347248048 ], [ 77.436630155190315, 23.237314247255014 ], [ 77.436612955190327, 23.237388847233415 ] ] ] } },
{ "type": "Feature", "properties": { }, "geometry": { "type": "Polygon", "coordinates": [ [ [ 77.439171455190319, 23.235177047873975 ], [ 77.439242355190331, 23.235182647872346 ], [ 77.439254355190343, 23.235052247910108 ], [ 77.439183555190326, 23.235046747911703 ], [ 77.439171455190319, 23.235177047873975 ] ] ] } },
{ "type": "Feature", "properties": { }, "geometry": { "type": "Polygon", "coordinates": [ [ [ 77.44199325519034, 23.236345047535718 ], [ 77.44205295519032, 23.236236147567254 ], [ 77.441973655190338, 23.236199447577881 ], [ 77.441913955190316, 23.236308347546345 ], [ 77.44199325519034, 23.236345047535718 ] ] ] } },
{ "type": "Feature", "properties": { }, "geometry": { "type": "Polygon", "coordinates": [ [ [ 77.436136655190325, 23.228995949663762 ], [ 77.436179555190336, 23.228813849716481 ], [ 77.436097755190318, 23.2287975497212 ], [ 77.436054855190321, 23.228979749668451 ], [ 77.436136655190325, 23.228995949663762 ] ] ] } },
{ "type": "Feature", "properties": { }, "geometry": { "type": "Polygon", "coordinates": [ [ [ 77.438818655190317, 23.236083947611334 ], [ 77.438906455190335, 23.236087547610285 ], [ 77.438913055190326, 23.235952847649301 ], [ 77.438825255190324, 23.235949247650339 ], [ 77.438818655190317, 23.236083947611334 ] ] ] } },
{ "type": "Feature", "properties": { }, "geometry": { "type": "Polygon", "coordinates": [ [ [ 77.439258755190323, 23.232326848699323 ], [ 77.439437255190327, 23.23235194869206 ], [ 77.439456655190327, 23.232236048725618 ], [ 77.439278055190343, 23.232210948732881 ], [ 77.439258755190323, 23.232326848699323 ] ] ] } },
{ "type": "Feature", "properties": { }, "geometry": { "type": "Polygon", "coordinates": [ [ [ 77.43475565519033, 23.234093648187713 ], [ 77.43491195519033, 23.234130648176997 ], [ 77.434928855190336, 23.234070248194488 ], [ 77.434772655190315, 23.234033248205204 ], [ 77.43475565519033, 23.234093648187713 ] ] ] } },
{ "type": "Feature", "properties": { }, "geometry": { "type": "Polygon", "coordinates": [ [ [ 77.441984755190333, 23.237052047330955 ], [ 77.442116855190321, 23.237059447328814 ], [ 77.442122055190339, 23.236980347351722 ], [ 77.441989955190323, 23.236972947353873 ], [ 77.441984755190333, 23.237052047330955 ] ] ] } },
{ "type": "Feature", "properties": { }, "geometry": { "type": "Polygon", "coordinates": [ [ [ 77.434766955190341, 23.235992447637823 ], [ 77.43496605519033, 23.236040947623778 ], [ 77.434992055190335, 23.235950947649847 ], [ 77.434792955190332, 23.235902447663893 ], [ 77.434766955190341, 23.235992447637823 ] ] ] } },
{ "type": "Feature", "properties": { }, "geometry": { "type": "Polygon", "coordinates": [ [ [ 77.439098655190335, 23.236111147603456 ], [ 77.439181955190321, 23.236115947602066 ], [ 77.439191255190323, 23.235979247641655 ], [ 77.439108055190331, 23.235974347643065 ], [ 77.439098655190335, 23.236111147603456 ] ] ] } },
{ "type": "Feature", "properties": { }, "geometry": { "type": "Polygon", "coordinates": [ [ [ 77.440210455190325, 23.232716648586454 ], [ 77.440351255190336, 23.23273644858072 ], [ 77.440368255190322, 23.232633948610403 ], [ 77.440227455190339, 23.232614248616105 ], [ 77.440210455190325, 23.232716648586454 ] ] ] } },
{ "type": "Feature", "properties": { }, "geometry": { "type": "Polygon", "coordinates": [ [ [ 77.438104055190337, 23.236486547494728 ], [ 77.438124855190338, 23.236373847527368 ], [ 77.438048655190343, 23.236361947530813 ], [ 77.438027855190342, 23.236474747498153 ], [ 77.438104055190337, 23.236486547494728 ] ] ] } },
{ "type": "Feature", "properties": { }, "geometry": { "type": "Polygon", "coordinates": [ [ [ 77.439404455190342, 23.23256774862957 ], [ 77.439572055190339, 23.232588748623488 ], [ 77.439583455190316, 23.23251194864573 ], [ 77.439415855190319, 23.232490948651812 ], [ 77.439404455190342, 23.23256774862957 ] ] ] } },
{ "type": "Feature", "properties": { }, "geometry": { "type": "Polygon", "coordinates": [ [ [ 77.441914955190342, 23.237850847099605 ], [ 77.442032355190335, 23.237854547098532 ], [ 77.442038055190324, 23.237701447142875 ], [ 77.441920755190324, 23.237697747143947 ], [ 77.441914955190342, 23.237850847099605 ] ] ] } },
{ "type": "Feature", "properties": { }, "geometry": { "type": "Polygon", "coordinates": [ [ [ 77.439449955190341, 23.232356848690642 ], [ 77.439607155190316, 23.232378748684297 ], [ 77.439627055190343, 23.232258048719249 ], [ 77.439469955190319, 23.23223614872559 ], [ 77.439449955190341, 23.232356848690642 ] ] ] } },
{ "type": "Feature", "properties": { }, "geometry": { "type": "Polygon", "coordinates": [ [ [ 77.434924655190329, 23.237453947214558 ], [ 77.435016055190331, 23.237464247211573 ], [ 77.435026255190337, 23.237388247233586 ], [ 77.434934955190329, 23.237377847236601 ], [ 77.434924655190329, 23.237453947214558 ] ] ] } },
{ "type": "Feature", "properties": { }, "geometry": { "type": "Polygon", "coordinates": [ [ [ 77.441128455190324, 23.234772447991137 ], [ 77.441385155190318, 23.234786847986967 ], [ 77.441394555190328, 23.234646448027622 ], [ 77.441137755190326, 23.234631948031826 ], [ 77.441128455190324, 23.234772447991137 ] ] ] } },
{ "type": "Feature", "properties": { }, "geometry": { "type": "Polygon", "coordinates": [ [ [ 77.441966555190334, 23.236173447585411 ], [ 77.442030355190326, 23.236060047618253 ], [ 77.441946655190335, 23.236020247629781 ], [ 77.441882755190321, 23.23613364759693 ], [ 77.441966555190334, 23.236173447585411 ] ] ] } },
{ "type": "Feature", "properties": { }, "geometry": { "type": "Polygon", "coordinates": [ [ [ 77.439381555190337, 23.241613146009858 ], [ 77.439476655190333, 23.241612546010039 ], [ 77.43947615519032, 23.241554246026922 ], [ 77.439381155190333, 23.241554846026752 ], [ 77.439381555190337, 23.241613146009858 ] ] ] } },
{ "type": "Feature", "properties": { }, "geometry": { "type": "Polygon", "coordinates": [ [ [ 77.439897055190329, 23.238307546967331 ], [ 77.439863255190318, 23.238440046928961 ], [ 77.440037155190325, 23.238477646918064 ], [ 77.440071055190316, 23.238345146956441 ], [ 77.439897055190329, 23.238307546967331 ] ] ] } },
{ "type": "Feature", "properties": { }, "geometry": { "type": "Polygon", "coordinates": [ [ [ 77.437091855190317, 23.240706946272361 ], [ 77.437222955190336, 23.240729346265873 ], [ 77.437232355190332, 23.240682946279307 ], [ 77.437101255190328, 23.240660546285792 ], [ 77.437091855190317, 23.240706946272361 ] ] ] } },
{ "type": "Feature", "properties": { }, "geometry": { "type": "Polygon", "coordinates": [ [ [ 77.439212055190339, 23.241644446000794 ], [ 77.439262655190319, 23.241643446001081 ], [ 77.439261655190336, 23.241600946013396 ], [ 77.439211055190341, 23.241601946013102 ], [ 77.439212055190339, 23.241644446000794 ] ] ] } },
{ "type": "Feature", "properties": { }, "geometry": { "type": "Polygon", "coordinates": [ [ [ 77.439932955190329, 23.238212646994821 ], [ 77.439909355190338, 23.238306246967714 ], [ 77.440078755190342, 23.238342346957253 ], [ 77.440102355190319, 23.238248746984365 ], [ 77.439932955190329, 23.238212646994821 ] ] ] } },
{ "type": "Feature", "properties": { }, "geometry": { "type": "Polygon", "coordinates": [ [ [ 77.440169255190341, 23.238379646946449 ], [ 77.440306755190335, 23.238410346937556 ], [ 77.440319755190316, 23.238360946951868 ], [ 77.440182255190322, 23.238330346960733 ], [ 77.440169255190341, 23.238379646946449 ] ] ] } },
{ "type": "Feature", "properties": { }, "geometry": { "type": "Polygon", "coordinates": [ [ [ 77.439709355190331, 23.238261946980547 ], [ 77.439680055190323, 23.2383601469521 ], [ 77.439864355190323, 23.238406546938659 ], [ 77.439893655190332, 23.238308346967106 ], [ 77.439709355190331, 23.238261946980547 ] ] ] } },
{ "type": "Feature", "properties": { }, "geometry": { "type": "Polygon", "coordinates": [ [ [ 77.436040455190323, 23.241673445992397 ], [ 77.436142455190335, 23.241694845986196 ], [ 77.436169855190343, 23.241584146018265 ], [ 77.436067855190316, 23.241562846024433 ], [ 77.436040455190323, 23.241673445992397 ] ] ] } },
{ "type": "Feature", "properties": { }, "geometry": { "type": "Polygon", "coordinates": [ [ [ 77.439317555190343, 23.241602246013013 ], [ 77.439374155190322, 23.241601146013341 ], [ 77.439373155190339, 23.241558546025676 ], [ 77.439316555190317, 23.241559646025362 ], [ 77.439317555190343, 23.241602246013013 ] ] ] } },
{ "type": "Feature", "properties": { }, "geometry": { "type": "Polygon", "coordinates": [ [ [ 77.440129355190322, 23.238527346903673 ], [ 77.440205055190333, 23.238548246897615 ], [ 77.44022035519032, 23.238501646911111 ], [ 77.440144655190338, 23.238480746917169 ], [ 77.440129355190322, 23.238527346903673 ] ] ] } },
{ "type": "Feature", "properties": { }, "geometry": { "type": "Polygon", "coordinates": [ [ [ 77.438900155190339, 23.24164944599935 ], [ 77.438920755190338, 23.241685445988921 ], [ 77.438990755190318, 23.241651545998742 ], [ 77.438970155190333, 23.241615546009164 ], [ 77.438900155190339, 23.24164944599935 ] ] ] } },
{ "type": "Feature", "properties": { }, "geometry": { "type": "Polygon", "coordinates": [ [ [ 77.439219355190318, 23.241597346014437 ], [ 77.43928585519032, 23.241596046014816 ], [ 77.439285055190325, 23.241559746025331 ], [ 77.439218455190343, 23.241561046024959 ], [ 77.439219355190318, 23.241597346014437 ] ] ] } },
{ "type": "Feature", "properties": { }, "geometry": { "type": "Polygon", "coordinates": [ [ [ 77.440278255190321, 23.237964647066654 ], [ 77.440402155190327, 23.237999147056659 ], [ 77.440428055190338, 23.23792044707945 ], [ 77.440304155190319, 23.237886047089415 ], [ 77.440278255190321, 23.237964647066654 ] ] ] } },
{ "type": "Feature", "properties": { }, "geometry": { "type": "Polygon", "coordinates": [ [ [ 77.440290655190338, 23.238223146991782 ], [ 77.440375955190319, 23.238242146986277 ], [ 77.440394755190326, 23.238171047006869 ], [ 77.440309555190325, 23.238151947012398 ], [ 77.440290655190338, 23.238223146991782 ] ] ] } },
{ "type": "Feature", "properties": { }, "geometry": { "type": "Polygon", "coordinates": [ [ [ 77.440453855190327, 23.238069947036148 ], [ 77.440562755190342, 23.238089747030411 ], [ 77.440572755190331, 23.238043447043822 ], [ 77.44046385519033, 23.238023747049532 ], [ 77.440453855190327, 23.238069947036148 ] ] ] } },
{ "type": "Feature", "properties": { }, "geometry": { "type": "Polygon", "coordinates": [ [ [ 77.440146255190328, 23.238479746917456 ], [ 77.440245855190327, 23.238504946910158 ], [ 77.440259655190317, 23.238458946923483 ], [ 77.440160055190319, 23.238433746930781 ], [ 77.440146255190328, 23.238479746917456 ] ] ] } },
{ "type": "Feature", "properties": { }, "geometry": { "type": "Polygon", "coordinates": [ [ [ 77.439267555190341, 23.241648145999726 ], [ 77.439364755190326, 23.241649345999374 ], [ 77.439365355190318, 23.24161324600983 ], [ 77.439268155190319, 23.241612046010179 ], [ 77.439267555190341, 23.241648145999726 ] ] ] } },
{ "type": "Feature", "properties": { }, "geometry": { "type": "Polygon", "coordinates": [ [ [ 77.440385955190322, 23.237870047094049 ], [ 77.440378555190335, 23.237899447085532 ], [ 77.440450955190343, 23.237914847081065 ], [ 77.440458355190316, 23.237885447089589 ], [ 77.440385955190322, 23.237870047094049 ] ] ] } },
{ "type": "Feature", "properties": { }, "geometry": { "type": "Polygon", "coordinates": [ [ [ 77.440198855190332, 23.238305946967792 ], [ 77.440318955190321, 23.23832934696102 ], [ 77.440335955190335, 23.238255546982394 ], [ 77.44021595519034, 23.238232146989173 ], [ 77.440198855190332, 23.238305946967792 ] ] ] } },
{ "type": "Feature", "properties": { }, "geometry": { "type": "Polygon", "coordinates": [ [ [ 77.439370155190332, 23.241660745996072 ], [ 77.439466055190323, 23.241665045994832 ], [ 77.439468555190317, 23.241618546008301 ], [ 77.43937265519034, 23.241614246009537 ], [ 77.439370155190332, 23.241660745996072 ] ] ] } },
{ "type": "Feature", "properties": { }, "geometry": { "type": "Polygon", "coordinates": [ [ [ 77.440172755190318, 23.238430746931652 ], [ 77.440259955190342, 23.238451346925686 ], [ 77.440265755190339, 23.238430446931734 ], [ 77.440178655190323, 23.238409846937703 ], [ 77.440172755190318, 23.238430746931652 ] ] ] } },
{ "type": "Feature", "properties": { }, "geometry": { "type": "Polygon", "coordinates": [ [ [ 77.436037455190331, 23.241663245995355 ], [ 77.436064455190319, 23.241554446026861 ], [ 77.435975455190331, 23.241535846032257 ], [ 77.435948555190336, 23.24164464600074 ], [ 77.436037455190331, 23.241663245995355 ] ] ] } },
{ "type": "Feature", "properties": { }, "geometry": { "type": "Polygon", "coordinates": [ [ [ 77.44050335519033, 23.238016947051499 ], [ 77.440582455190338, 23.238029947047735 ], [ 77.440604155190343, 23.237958747068358 ], [ 77.44048605519032, 23.237915847080785 ], [ 77.44050335519033, 23.238016947051499 ] ] ] } },
{ "type": "Feature", "properties": { }, "geometry": { "type": "Polygon", "coordinates": [ [ [ 77.439624855190317, 23.241763745966239 ], [ 77.43962805519034, 23.241717945979506 ], [ 77.439577255190315, 23.241714945980377 ], [ 77.439574055190334, 23.24176074596711 ], [ 77.439624855190317, 23.241763745966239 ] ] ] } },
{ "type": "Feature", "properties": { }, "geometry": { "type": "Polygon", "coordinates": [ [ [ 77.440212955190319, 23.238202446997771 ], [ 77.440270055190339, 23.238213546994558 ], [ 77.440294755190322, 23.238106347025607 ], [ 77.440237755190338, 23.23809524702882 ], [ 77.440212955190319, 23.238202446997771 ] ] ] } },
{ "type": "Feature", "properties": { }, "geometry": { "type": "Polygon", "coordinates": [ [ [ 77.439596255190324, 23.24168604598875 ], [ 77.439645855190321, 23.241688545988023 ], [ 77.439649055190316, 23.241633346004008 ], [ 77.439599455190333, 23.241630946004708 ], [ 77.439596255190324, 23.24168604598875 ] ] ] } },
{ "type": "Feature", "properties": { }, "geometry": { "type": "Polygon", "coordinates": [ [ [ 77.439473655190341, 23.241669945993415 ], [ 77.439568855190316, 23.241673645992332 ], [ 77.439570655190323, 23.241633746003899 ], [ 77.439475455190333, 23.241630046004968 ], [ 77.439473655190341, 23.241669945993415 ] ] ] } },
{ "type": "Feature", "properties": { }, "geometry": { "type": "Polygon", "coordinates": [ [ [ 77.439715455190324, 23.238256346982169 ], [ 77.43990175519032, 23.238300946969243 ], [ 77.439927555190323, 23.238209946995603 ], [ 77.439741155190319, 23.238165447008491 ], [ 77.439715455190324, 23.238256346982169 ] ] ] } },
{ "type": "Feature", "properties": { }, "geometry": { "type": "Polygon", "coordinates": [ [ [ 77.440311255190338, 23.237855847098157 ], [ 77.440303455190332, 23.237882547090432 ], [ 77.440360555190324, 23.237896747086314 ], [ 77.440368855190329, 23.237866947094947 ], [ 77.440311255190338, 23.237855847098157 ] ] ] } },
{ "type": "Feature", "properties": { }, "geometry": { "type": "Polygon", "coordinates": [ [ [ 77.439933855190333, 23.235739947710957 ], [ 77.440049155190337, 23.235744247709711 ], [ 77.440053355190315, 23.235651147736675 ], [ 77.439937955190317, 23.235646847737918 ], [ 77.439933855190333, 23.235739947710957 ] ] ] } },
{ "type": "Feature", "properties": { }, "geometry": { "type": "Polygon", "coordinates": [ [ [ 77.439784955190333, 23.235403547808371 ], [ 77.439931855190324, 23.235411547806059 ], [ 77.439937455190318, 23.235324447831282 ], [ 77.439790655190336, 23.235316347833628 ], [ 77.439784955190333, 23.235403547808371 ] ] ] } },
{ "type": "Feature", "properties": { }, "geometry": { "type": "Polygon", "coordinates": [ [ [ 77.439907055190332, 23.235957447647966 ], [ 77.440041155190343, 23.235966047645469 ], [ 77.440048455190322, 23.235870147673246 ], [ 77.439914355190325, 23.235861547675736 ], [ 77.439907055190332, 23.235957447647966 ] ] ] } },
{ "type": "Feature", "properties": { }, "geometry": { "type": "Polygon", "coordinates": [ [ [ 77.439746555190325, 23.23561434774733 ], [ 77.439889755190336, 23.235623047744809 ], [ 77.439900855190331, 23.235469447789285 ], [ 77.43975765519032, 23.235460647791832 ], [ 77.439746555190325, 23.23561434774733 ] ] ] } },
{ "type": "Feature", "properties": { }, "geometry": { "type": "Polygon", "coordinates": [ [ [ 77.43976825519033, 23.235733747712743 ], [ 77.439888955190341, 23.235739347711128 ], [ 77.439893855190334, 23.235648847737338 ], [ 77.439773155190323, 23.235643247738953 ], [ 77.43976825519033, 23.235733747712743 ] ] ] } },
{ "type": "Feature", "properties": { }, "geometry": { "type": "Polygon", "coordinates": [ [ [ 77.43995065519033, 23.235614247747353 ], [ 77.440054455190335, 23.235619247745909 ], [ 77.440062555190337, 23.235478047786803 ], [ 77.439958755190332, 23.235473047788247 ], [ 77.43995065519033, 23.235614247747353 ] ] ] } },
{ "type": "Feature", "properties": { }, "geometry": { "type": "Polygon", "coordinates": [ [ [ 77.439803055190339, 23.235293847840143 ], [ 77.43994795519032, 23.235306147836582 ], [ 77.439956855190331, 23.235217847862156 ], [ 77.439811955190336, 23.235205547865718 ], [ 77.439803055190339, 23.235293847840143 ] ] ] } },
{ "type": "Feature", "properties": { }, "geometry": { "type": "Polygon", "coordinates": [ [ [ 77.43998745519032, 23.235316647833542 ], [ 77.440106855190322, 23.235322747831777 ], [ 77.440113255190326, 23.235217747862183 ], [ 77.439993955190332, 23.235211547863972 ], [ 77.43998745519032, 23.235316647833542 ] ] ] } },
{ "type": "Feature", "properties": { }, "geometry": { "type": "Polygon", "coordinates": [ [ [ 77.439944455190329, 23.238184547002962 ], [ 77.44009045519033, 23.238220546992533 ], [ 77.440138355190342, 23.238056447040062 ], [ 77.439992355190341, 23.238020447050488 ], [ 77.439944455190329, 23.238184547002962 ] ] ] } },
{ "type": "Feature", "properties": { }, "geometry": { "type": "Polygon", "coordinates": [ [ [ 77.43994785519034, 23.238150047012951 ], [ 77.440000355190335, 23.237969947065114 ], [ 77.439853055190326, 23.237933647075625 ], [ 77.439800555190331, 23.238113747023466 ], [ 77.43994785519034, 23.238150047012951 ] ] ] } },
{ "type": "Feature", "properties": { }, "geometry": { "type": "Polygon", "coordinates": [ [ [ 77.426997355190338, 23.226464750396563 ], [ 77.427127855190321, 23.226565550367376 ], [ 77.427162055190323, 23.226528150378208 ], [ 77.427147555190317, 23.226516850381479 ], [ 77.427186155190327, 23.226474750393667 ], [ 77.427158455190337, 23.226453350399861 ], [ 77.427191455190325, 23.226417350410284 ], [ 77.427203055190333, 23.226426350407678 ], [ 77.427230055190336, 23.226396750416249 ], [ 77.427154955190318, 23.226338650433064 ], [ 77.427041755190317, 23.226462450397225 ], [ 77.427016955190339, 23.226443350402757 ], [ 77.426997355190338, 23.226464750396563 ] ] ] } },
{ "type": "Feature", "properties": { }, "geometry": { "type": "Polygon", "coordinates": [ [ [ 77.424494755190324, 23.227389050128981 ], [ 77.424493755190326, 23.227443550113204 ], [ 77.424569855190342, 23.227444750112852 ], [ 77.424570855190339, 23.227390150128659 ], [ 77.424494755190324, 23.227389050128981 ] ] ] } },
{ "type": "Feature", "properties": { }, "geometry": { "type": "Polygon", "coordinates": [ [ [ 77.426624055190317, 23.226033250521475 ], [ 77.426677555190338, 23.226110450499128 ], [ 77.426834455190331, 23.226018650525702 ], [ 77.426780955190338, 23.225941350548073 ], [ 77.426624055190317, 23.226033250521475 ] ] ] } },
{ "type": "Feature", "properties": { }, "geometry": { "type": "Polygon", "coordinates": [ [ [ 77.425870355190341, 23.22689005027344 ], [ 77.425875755190333, 23.22699315024359 ], [ 77.425979655190318, 23.226988550244918 ], [ 77.42597425519034, 23.226885450274771 ], [ 77.425870355190341, 23.22689005027344 ] ] ] } },
{ "type": "Feature", "properties": { }, "geometry": { "type": "Polygon", "coordinates": [ [ [ 77.425743703460228, 23.22609876700043 ], [ 77.425732303460208, 23.226219266977179 ], [ 77.425887203460221, 23.226231566974796 ], [ 77.425898603460226, 23.226111066998058 ], [ 77.425743703460228, 23.22609876700043 ] ] ] } },
{ "type": "Feature", "properties": { }, "geometry": { "type": "Polygon", "coordinates": [ [ [ 77.428260055190336, 23.227256350167394 ], [ 77.428260255190338, 23.227339250143395 ], [ 77.428402055190318, 23.227338950143487 ], [ 77.428401855190316, 23.22725605016748 ], [ 77.428260055190336, 23.227256350167394 ] ] ] } },
{ "type": "Feature", "properties": { }, "geometry": { "type": "Polygon", "coordinates": [ [ [ 77.42668575519032, 23.226125650494726 ], [ 77.426766755190329, 23.226238950461926 ], [ 77.426948455190328, 23.226129250493685 ], [ 77.426867455190333, 23.226015950526484 ], [ 77.42668575519032, 23.226125650494726 ] ] ] } },
{ "type": "Feature", "properties": { }, "geometry": { "type": "Polygon", "coordinates": [ [ [ 77.424351255190317, 23.227371750133987 ], [ 77.424349055190334, 23.227424850118616 ], [ 77.424467455190339, 23.227428850117452 ], [ 77.424469555190342, 23.227375750132829 ], [ 77.424351255190317, 23.227371750133987 ] ] ] } },
{ "type": "Feature", "properties": { }, "geometry": { "type": "Polygon", "coordinates": [ [ [ 77.426820455190338, 23.226236550462623 ], [ 77.42690095519032, 23.226324950437036 ], [ 77.427039655190327, 23.226218250467916 ], [ 77.426959155190318, 23.226129950493487 ], [ 77.426820455190338, 23.226236550462623 ] ] ] } },
{ "type": "Feature", "properties": { }, "geometry": { "type": "Polygon", "coordinates": [ [ [ 77.425525055190334, 23.226112850498431 ], [ 77.425518855190333, 23.226226950465396 ], [ 77.42565295519033, 23.226233150463607 ], [ 77.425659155190331, 23.226119050496642 ], [ 77.425525055190334, 23.226112850498431 ] ] ] } },
{ "type": "Feature", "properties": { }, "geometry": { "type": "Polygon", "coordinates": [ [ [ 77.427910655190317, 23.227246250170325 ], [ 77.427913555190315, 23.227341650142698 ], [ 77.428057055190337, 23.227337950143774 ], [ 77.428054155190338, 23.22724255017139 ], [ 77.427910655190317, 23.227246250170325 ] ] ] } },
{ "type": "Feature", "properties": { }, "geometry": { "type": "Polygon", "coordinates": [ [ [ 77.425881655190324, 23.227002950240752 ], [ 77.425887755190317, 23.227098550213078 ], [ 77.425978855190337, 23.227093550214523 ], [ 77.425972655190321, 23.22699805024217 ], [ 77.425881655190324, 23.227002950240752 ] ] ] } },
{ "type": "Feature", "properties": { }, "geometry": { "type": "Polygon", "coordinates": [ [ [ 77.424822455190338, 23.227390750128489 ], [ 77.424821855190331, 23.22745265011056 ], [ 77.424947655190337, 23.227453550110305 ], [ 77.424948155190322, 23.227391650128226 ], [ 77.424822455190338, 23.227390750128489 ] ] ] } },
{ "type": "Feature", "properties": { }, "geometry": { "type": "Polygon", "coordinates": [ [ [ 77.42807535519033, 23.227244050170963 ], [ 77.428080955190339, 23.227343250142241 ], [ 77.428227155190342, 23.227336450144207 ], [ 77.428221655190328, 23.227237150172954 ], [ 77.42807535519033, 23.227244050170963 ] ] ] } },
{ "type": "Feature", "properties": { }, "geometry": { "type": "Polygon", "coordinates": [ [ [ 77.424725855190331, 23.227442450113521 ], [ 77.424810355190331, 23.227440650114044 ], [ 77.424808955190315, 23.227384650130254 ], [ 77.424724455190329, 23.227386450129728 ], [ 77.424725855190331, 23.227442450113521 ] ] ] } },
{ "type": "Feature", "properties": { }, "geometry": { "type": "Polygon", "coordinates": [ [ [ 77.425676255190339, 23.227047450227868 ], [ 77.425676355190319, 23.227106350210821 ], [ 77.425844955190328, 23.227106050210903 ], [ 77.425844855190334, 23.227047150227957 ], [ 77.425676255190339, 23.227047450227868 ] ] ] } },
{ "type": "Feature", "properties": { }, "geometry": { "type": "Polygon", "coordinates": [ [ [ 77.427849055190336, 23.227085650216811 ], [ 77.427845055190332, 23.226917250265565 ], [ 77.427724955190328, 23.226919650264868 ], [ 77.427728955190332, 23.227088050216118 ], [ 77.427849055190336, 23.227085650216811 ] ] ] } },
{ "type": "Feature", "properties": { }, "geometry": { "type": "Polygon", "coordinates": [ [ [ 77.425660155190343, 23.22695355025505 ], [ 77.425663055190341, 23.227017450236559 ], [ 77.425836055190317, 23.227010750238499 ], [ 77.425833155190332, 23.226946750257024 ], [ 77.425660155190343, 23.22695355025505 ] ] ] } },
{ "type": "Feature", "properties": { }, "geometry": { "type": "Polygon", "coordinates": [ [ [ 77.426563055190343, 23.225930650551177 ], [ 77.426614855190323, 23.226017650525989 ], [ 77.426783855190337, 23.225932550550631 ], [ 77.426732055190328, 23.225845550575809 ], [ 77.426563055190343, 23.225930650551177 ] ] ] } },
{ "type": "Feature", "properties": { }, "geometry": { "type": "Polygon", "coordinates": [ [ [ 77.426541555190326, 23.225911150556826 ], [ 77.426710855190322, 23.225812250585452 ], [ 77.426652555190316, 23.225727950609855 ], [ 77.42648325519032, 23.225826850581228 ], [ 77.426541555190326, 23.225911150556826 ] ] ] } },
{ "type": "Feature", "properties": { }, "geometry": { "type": "Polygon", "coordinates": [ [ [ 77.42416425519032, 23.227302250154107 ], [ 77.424135455190324, 23.227346850141199 ], [ 77.424237055190318, 23.227402350125132 ], [ 77.424265855190328, 23.227357750138037 ], [ 77.42416425519032, 23.227302250154107 ] ] ] } },
{ "type": "Feature", "properties": { }, "geometry": { "type": "Polygon", "coordinates": [ [ [ 77.427933255190339, 23.226987650245189 ], [ 77.427908055190329, 23.227098450213113 ], [ 77.42806625519033, 23.227128950204278 ], [ 77.428091555190321, 23.227018150236358 ], [ 77.427933255190339, 23.226987650245189 ] ] ] } },
{ "type": "Feature", "properties": { }, "geometry": { "type": "Polygon", "coordinates": [ [ [ 77.426909755190323, 23.226338450433126 ], [ 77.426977755190336, 23.226410150412363 ], [ 77.427112755190322, 23.226301950443691 ], [ 77.427044755190337, 23.226230250464443 ], [ 77.426909755190323, 23.226338450433126 ] ] ] } },
{ "type": "Feature", "properties": { }, "geometry": { "type": "Polygon", "coordinates": [ [ [ 77.42773905519033, 23.227238850172458 ], [ 77.427737955190324, 23.227340350143077 ], [ 77.427879455190322, 23.227341550142729 ], [ 77.427880455190319, 23.227240050172117 ], [ 77.42773905519033, 23.227238850172458 ] ] ] } },
{ "type": "Feature", "properties": { }, "geometry": { "type": "Polygon", "coordinates": [ [ [ 77.427550155190318, 23.226533850376555 ], [ 77.427480455190334, 23.226695050329891 ], [ 77.427607055190336, 23.226741250316522 ], [ 77.427627155190322, 23.226694750329976 ], [ 77.427597955190322, 23.226684050333077 ], [ 77.427647555190319, 23.226569350366283 ], [ 77.427550155190318, 23.226533850376555 ] ] ] } },
{ "type": "Feature", "properties": { }, "geometry": { "type": "Polygon", "coordinates": [ [ [ 77.427842555190324, 23.226622150350995 ], [ 77.427800455190336, 23.2268359502891 ], [ 77.427927155190318, 23.226856950283022 ], [ 77.42794185519034, 23.226782450304594 ], [ 77.427929155190341, 23.226780250305225 ], [ 77.427956555190335, 23.226641050345521 ], [ 77.427842555190324, 23.226622150350995 ] ] ] } },
{ "type": "Feature", "properties": { }, "geometry": { "type": "Polygon", "coordinates": [ [ [ 77.427628255190328, 23.226798250300014 ], [ 77.427656955190315, 23.226804150298303 ], [ 77.427652355190332, 23.226822950292863 ], [ 77.427769955190342, 23.226847250285829 ], [ 77.427785755190328, 23.226782750304505 ], [ 77.427767755190317, 23.226779050305574 ], [ 77.427808455190331, 23.226612750353716 ], [ 77.42768015519033, 23.226586250361382 ], [ 77.427628255190328, 23.226798250300014 ] ] ] } },
{ "type": "Feature", "properties": { }, "geometry": { "type": "Polygon", "coordinates": [ [ [ 77.427431355190322, 23.226965250251666 ], [ 77.427435855190325, 23.227077650219133 ], [ 77.427512855190315, 23.227075050219881 ], [ 77.42751315519034, 23.22708385021733 ], [ 77.427555755190326, 23.22708245021774 ], [ 77.427555355190336, 23.227073650220284 ], [ 77.427599155190322, 23.227072150220724 ], [ 77.427594655190333, 23.226959650253285 ], [ 77.427431355190322, 23.226965250251666 ] ] ] } },
{ "type": "Feature", "properties": { }, "geometry": { "type": "Polygon", "coordinates": [ [ [ 77.428218555190327, 23.226750850313742 ], [ 77.428195055190315, 23.226777950305891 ], [ 77.428229355190339, 23.226802950298655 ], [ 77.428144855190325, 23.226900350270459 ], [ 77.428215955190339, 23.226952450255368 ], [ 77.428261655190326, 23.22689965027066 ], [ 77.428272755190321, 23.22690775026831 ], [ 77.428334955190337, 23.226836050289069 ], [ 77.428218555190327, 23.226750850313742 ] ] ] } },
{ "type": "Feature", "properties": { }, "geometry": { "type": "Polygon", "coordinates": [ [ [ 77.437083955190317, 23.228801149720159 ], [ 77.43715005519033, 23.228814049716423 ], [ 77.437162955190331, 23.228758549732497 ], [ 77.437096855190333, 23.228745549736256 ], [ 77.437083955190317, 23.228801149720159 ] ] ] } },
{ "type": "Feature", "properties": { }, "geometry": { "type": "Polygon", "coordinates": [ [ [ 77.437169355190335, 23.228469949816045 ], [ 77.43734855519034, 23.22850834980493 ], [ 77.437369355190341, 23.228426549828608 ], [ 77.437190155190336, 23.228388049839758 ], [ 77.437169355190335, 23.228469949816045 ] ] ] } },
{ "type": "Feature", "properties": { }, "geometry": { "type": "Polygon", "coordinates": [ [ [ 77.436792455190329, 23.228742449737155 ], [ 77.43687565519032, 23.22875994973209 ], [ 77.436906455190339, 23.228636049767957 ], [ 77.436823255190333, 23.228618649772997 ], [ 77.436792455190329, 23.228742449737155 ] ] ] } },
{ "type": "Feature", "properties": { }, "geometry": { "type": "Polygon", "coordinates": [ [ [ 77.436738155190326, 23.228956249675253 ], [ 77.436935955190336, 23.228996349663639 ], [ 77.436953855190339, 23.228921749685245 ], [ 77.43675605519033, 23.228881649696856 ], [ 77.436738155190326, 23.228956249675253 ] ] ] } },
{ "type": "Feature", "properties": { }, "geometry": { "type": "Polygon", "coordinates": [ [ [ 77.436824155190322, 23.228609749775575 ], [ 77.437031855190341, 23.22865434976266 ], [ 77.437060655190322, 23.228541049795464 ], [ 77.436852955190318, 23.228496449808372 ], [ 77.436824155190322, 23.228609749775575 ] ] ] } },
{ "type": "Feature", "properties": { }, "geometry": { "type": "Polygon", "coordinates": [ [ [ 77.437009655190323, 23.229054849646708 ], [ 77.43720485519033, 23.229103849632523 ], [ 77.43721905519034, 23.229056149646333 ], [ 77.437023855190333, 23.229007149660521 ], [ 77.437009655190323, 23.229054849646708 ] ] ] } },
{ "type": "Feature", "properties": { }, "geometry": { "type": "Polygon", "coordinates": [ [ [ 77.437158455190342, 23.228506449805479 ], [ 77.437131355190331, 23.228616049773748 ], [ 77.437333755190338, 23.228658449761472 ], [ 77.43736085519032, 23.228548849793206 ], [ 77.437158455190342, 23.228506449805479 ] ] ] } },
{ "type": "Feature", "properties": { }, "geometry": { "type": "Polygon", "coordinates": [ [ [ 77.436931455190319, 23.228172249902233 ], [ 77.436887655190333, 23.22834284985284 ], [ 77.43707775519033, 23.228384049840919 ], [ 77.437121555190316, 23.228213549890274 ], [ 77.436931455190319, 23.228172249902233 ] ] ] } },
{ "type": "Feature", "properties": { }, "geometry": { "type": "Polygon", "coordinates": [ [ [ 77.437317455190325, 23.228785249724766 ], [ 77.43746225519034, 23.228818949715006 ], [ 77.437474055190322, 23.228776049727422 ], [ 77.437329255190321, 23.228742449737155 ], [ 77.437317455190325, 23.228785249724766 ] ] ] } },
{ "type": "Feature", "properties": { }, "geometry": { "type": "Polygon", "coordinates": [ [ [ 77.437397255190319, 23.228470449815898 ], [ 77.437374455190323, 23.228558649790369 ], [ 77.437512555190324, 23.228588849781623 ], [ 77.437535455190329, 23.228500649807163 ], [ 77.437397255190319, 23.228470449815898 ] ] ] } },
{ "type": "Feature", "properties": { }, "geometry": { "type": "Polygon", "coordinates": [ [ [ 77.436734755190315, 23.228962549673433 ], [ 77.436721455190323, 23.229020349656693 ], [ 77.436923255190322, 23.229059749645288 ], [ 77.436936655190323, 23.229001949662024 ], [ 77.436734755190315, 23.228962549673433 ] ] ] } },
{ "type": "Feature", "properties": { }, "geometry": { "type": "Polygon", "coordinates": [ [ [ 77.43689775519033, 23.228774549727863 ], [ 77.437009055190316, 23.22879664972146 ], [ 77.437038555190327, 23.228671549757678 ], [ 77.436927255190326, 23.228649449764081 ], [ 77.43689775519033, 23.228774549727863 ] ] ] } },
{ "type": "Feature", "properties": { }, "geometry": { "type": "Polygon", "coordinates": [ [ [ 77.436758555190337, 23.228875849698532 ], [ 77.436948655190335, 23.228918049686314 ], [ 77.436964855190325, 23.228856349704174 ], [ 77.436774755190328, 23.228814149716396 ], [ 77.436758555190337, 23.228875849698532 ] ] ] } },
{ "type": "Feature", "properties": { }, "geometry": { "type": "Polygon", "coordinates": [ [ [ 77.43710975519032, 23.228676249756322 ], [ 77.437092555190333, 23.2287367497388 ], [ 77.437278855190328, 23.228781349725896 ], [ 77.437295955190322, 23.228720849743407 ], [ 77.43710975519032, 23.228676249756322 ] ] ] } },
{ "type": "Feature", "properties": { }, "geometry": { "type": "Polygon", "coordinates": [ [ [ 77.437320155190335, 23.22879234972271 ], [ 77.437301555190331, 23.22886024970305 ], [ 77.437425455190322, 23.228889049694704 ], [ 77.43744415519032, 23.228821149714367 ], [ 77.437320155190335, 23.22879234972271 ] ] ] } },
{ "type": "Feature", "properties": { }, "geometry": { "type": "Polygon", "coordinates": [ [ [ 77.437426155190337, 23.2283882498397 ], [ 77.437513755190324, 23.228410649833215 ], [ 77.437541555190336, 23.228318349859936 ], [ 77.437453955190335, 23.228296049866394 ], [ 77.437426155190337, 23.2283882498397 ] ] ] } },
{ "type": "Feature", "properties": { }, "geometry": { "type": "Polygon", "coordinates": [ [ [ 77.437171355190316, 23.228821749714193 ], [ 77.437286155190336, 23.228848449706465 ], [ 77.437300855190315, 23.22879464972204 ], [ 77.437186155190318, 23.228768049729744 ], [ 77.437171355190316, 23.228821749714193 ] ] ] } },
{ "type": "Feature", "properties": { }, "geometry": { "type": "Polygon", "coordinates": [ [ [ 77.436693155190341, 23.229154149617955 ], [ 77.436907055190332, 23.229196449605706 ], [ 77.436936255190332, 23.229071749641811 ], [ 77.436722355190341, 23.229029549654033 ], [ 77.436693155190341, 23.229154149617955 ] ] ] } },
{ "type": "Feature", "properties": { }, "geometry": { "type": "Polygon", "coordinates": [ [ [ 77.437224855190337, 23.228231349885125 ], [ 77.437200455190322, 23.22833624985476 ], [ 77.43739605519032, 23.228374749843606 ], [ 77.437420455190335, 23.228269849873982 ], [ 77.437224855190337, 23.228231349885125 ] ] ] } },
{ "type": "Feature", "properties": { }, "geometry": { "type": "Polygon", "coordinates": [ [ [ 77.436774355190323, 23.228807749718246 ], [ 77.436968755190321, 23.228850949705745 ], [ 77.436983355190321, 23.228795349721835 ], [ 77.436788955190323, 23.228752249734313 ], [ 77.436774355190323, 23.228807749718246 ] ] ] } },
{ "type": "Feature", "properties": { }, "geometry": { "type": "Polygon", "coordinates": [ [ [ 77.436857555190315, 23.228479949813153 ], [ 77.437059355190328, 23.228518749801918 ], [ 77.437076755190333, 23.228442449824009 ], [ 77.436874955190333, 23.22840364983524 ], [ 77.436857555190315, 23.228479949813153 ] ] ] } },
{ "type": "Feature", "properties": { }, "geometry": { "type": "Polygon", "coordinates": [ [ [ 77.437316855190332, 23.228869049700503 ], [ 77.437261455190338, 23.229059149645458 ], [ 77.43737545519032, 23.229087249637328 ], [ 77.437430855190328, 23.228897149692369 ], [ 77.437316855190332, 23.228869049700503 ] ] ] } },
{ "type": "Feature", "properties": { }, "geometry": { "type": "Polygon", "coordinates": [ [ [ 77.43734465519033, 23.228742449737155 ], [ 77.437483055190341, 23.228774249727945 ], [ 77.437527755190317, 23.228609649775603 ], [ 77.437389455190328, 23.228577949784778 ], [ 77.43734465519033, 23.228742449737155 ] ] ] } },
{ "type": "Feature", "properties": { }, "geometry": { "type": "Polygon", "coordinates": [ [ [ 77.437029555190335, 23.22900114966226 ], [ 77.437243255190324, 23.229048149648648 ], [ 77.437293555190337, 23.228855049704553 ], [ 77.437079855190333, 23.228808049718161 ], [ 77.437029555190335, 23.22900114966226 ] ] ] } },
{ "type": "Feature", "properties": { }, "geometry": { "type": "Polygon", "coordinates": [ [ [ 77.440692255190328, 23.235675247729688 ], [ 77.440818955190323, 23.235688147725956 ], [ 77.440831155190324, 23.23558774775503 ], [ 77.440704355190334, 23.235574847758762 ], [ 77.440692255190328, 23.235675247729688 ] ] ] } },
{ "type": "Feature", "properties": { }, "geometry": { "type": "Polygon", "coordinates": [ [ [ 77.438621955190342, 23.236427847511735 ], [ 77.438795055190326, 23.23643914750846 ], [ 77.43880415519034, 23.236321147542636 ], [ 77.438631055190342, 23.236309847545911 ], [ 77.438621955190342, 23.236427847511735 ] ] ] } },
{ "type": "Feature", "properties": { }, "geometry": { "type": "Polygon", "coordinates": [ [ [ 77.434517655190334, 23.234206648154984 ], [ 77.434661855190328, 23.234235548146621 ], [ 77.434706455190337, 23.234048048200915 ], [ 77.434562255190329, 23.234019148209281 ], [ 77.434517655190334, 23.234206648154984 ] ] ] } },
{ "type": "Feature", "properties": { }, "geometry": { "type": "Polygon", "coordinates": [ [ [ 77.439822955190323, 23.235148447882253 ], [ 77.439972455190329, 23.235155147880306 ], [ 77.43997835519032, 23.235042747912864 ], [ 77.439828955190322, 23.235036047914804 ], [ 77.439822955190323, 23.235148447882253 ] ] ] } },
{ "type": "Feature", "properties": { }, "geometry": { "type": "Polygon", "coordinates": [ [ [ 77.433166455190317, 23.232699748591347 ], [ 77.433261855190324, 23.232668248600465 ], [ 77.433197455190339, 23.232503748648099 ], [ 77.433102055190318, 23.232535248638982 ], [ 77.433166455190317, 23.232699748591347 ] ] ] } },
{ "type": "Feature", "properties": { }, "geometry": { "type": "Polygon", "coordinates": [ [ [ 77.437314855190323, 23.235314147834266 ], [ 77.437393855190336, 23.235328847830012 ], [ 77.437439455190315, 23.235121147890158 ], [ 77.43736045519033, 23.235106547894389 ], [ 77.437314855190323, 23.235314147834266 ] ] ] } },
{ "type": "Feature", "properties": { }, "geometry": { "type": "Polygon", "coordinates": [ [ [ 77.437831855190339, 23.237187947291602 ], [ 77.437912955190342, 23.237199347288293 ], [ 77.437935755190324, 23.237063147327738 ], [ 77.437854655190336, 23.237051747331044 ], [ 77.437831855190339, 23.237187947291602 ] ] ] } },
{ "type": "Feature", "properties": { }, "geometry": { "type": "Polygon", "coordinates": [ [ [ 77.43943075519033, 23.235205247865796 ], [ 77.439503655190336, 23.235210347864321 ], [ 77.43951435519034, 23.235079647902175 ], [ 77.439441555190342, 23.23507464790362 ], [ 77.43943075519033, 23.235205247865796 ] ] ] } },
{ "type": "Feature", "properties": { }, "geometry": { "type": "Polygon", "coordinates": [ [ [ 77.437627055190319, 23.234682348017234 ], [ 77.437748355190323, 23.234703048011237 ], [ 77.437775555190328, 23.234568848050095 ], [ 77.437654255190324, 23.234548048056123 ], [ 77.437627055190319, 23.234682348017234 ] ] ] } },
{ "type": "Feature", "properties": { }, "geometry": { "type": "Polygon", "coordinates": [ [ [ 77.439693455190323, 23.236141347594703 ], [ 77.439856455190323, 23.236153647591149 ], [ 77.439865955190342, 23.236047647621834 ], [ 77.439702955190342, 23.236035247625431 ], [ 77.439693455190323, 23.236141347594703 ] ] ] } },
{ "type": "Feature", "properties": { }, "geometry": { "type": "Polygon", "coordinates": [ [ [ 77.440686855190336, 23.2357867476974 ], [ 77.440809555190327, 23.235800947693289 ], [ 77.440823255190324, 23.235700847722274 ], [ 77.440700555190318, 23.235686647726389 ], [ 77.440686855190336, 23.2357867476974 ] ] ] } },
{ "type": "Feature", "properties": { }, "geometry": { "type": "Polygon", "coordinates": [ [ [ 77.439955455190329, 23.234296848128864 ], [ 77.440076855190327, 23.234275348135093 ], [ 77.440046155190316, 23.234129248177393 ], [ 77.439924755190333, 23.234150848171144 ], [ 77.439955455190329, 23.234296848128864 ] ] ] } },
{ "type": "Feature", "properties": { }, "geometry": { "type": "Polygon", "coordinates": [ [ [ 77.436684355190323, 23.237152247301935 ], [ 77.436792855190319, 23.237178047294464 ], [ 77.436810055190335, 23.237116947312156 ], [ 77.436701555190339, 23.237091147319632 ], [ 77.436684355190323, 23.237152247301935 ] ] ] } },
{ "type": "Feature", "properties": { }, "geometry": { "type": "Polygon", "coordinates": [ [ [ 77.43306115519033, 23.232773548569977 ], [ 77.433172055190326, 23.232737948580287 ], [ 77.433097455190335, 23.232541748637097 ], [ 77.432986655190319, 23.232577248626821 ], [ 77.43306115519033, 23.232773548569977 ] ] ] } },
{ "type": "Feature", "properties": { }, "geometry": { "type": "Polygon", "coordinates": [ [ [ 77.437786955190333, 23.235752847707218 ], [ 77.43787725519033, 23.23576884770258 ], [ 77.437900755190327, 23.235656647735077 ], [ 77.437810355190322, 23.235640747739684 ], [ 77.437786955190333, 23.235752847707218 ] ] ] } },
{ "type": "Feature", "properties": { }, "geometry": { "type": "Polygon", "coordinates": [ [ [ 77.438607355190342, 23.236450847505076 ], [ 77.438620755190342, 23.236315547544255 ], [ 77.438462155190336, 23.236302347548079 ], [ 77.438448755190336, 23.236437547508928 ], [ 77.438607355190342, 23.236450847505076 ] ] ] } },
{ "type": "Feature", "properties": { }, "geometry": { "type": "Polygon", "coordinates": [ [ [ 77.439086255190333, 23.235015747920677 ], [ 77.439178155190319, 23.235019447919605 ], [ 77.439184855190319, 23.234877647960676 ], [ 77.439093055190341, 23.234873947961745 ], [ 77.439086255190333, 23.235015747920677 ] ] ] } },
{ "type": "Feature", "properties": { }, "geometry": { "type": "Polygon", "coordinates": [ [ [ 77.437835855190329, 23.235624747744311 ], [ 77.437970655190341, 23.235644447738615 ], [ 77.43799365519034, 23.235511347777155 ], [ 77.437858955190322, 23.235491647782858 ], [ 77.437835855190329, 23.235624747744311 ] ] ] } },
{ "type": "Feature", "properties": { }, "geometry": { "type": "Polygon", "coordinates": [ [ [ 77.43388595519032, 23.229331349566653 ], [ 77.433959055190343, 23.229219849598937 ], [ 77.433936655190323, 23.22920744960253 ], [ 77.433866955190339, 23.2291688496137 ], [ 77.433793855190331, 23.229280349581419 ], [ 77.43388595519032, 23.229331349566653 ] ] ] } },
{ "type": "Feature", "properties": { }, "geometry": { "type": "Polygon", "coordinates": [ [ [ 77.437981055190335, 23.235784247698128 ], [ 77.43812205519032, 23.235806647691639 ], [ 77.438142655190319, 23.235697347723299 ], [ 77.43800165519032, 23.235674847729804 ], [ 77.437981055190335, 23.235784247698128 ] ] ] } },
{ "type": "Feature", "properties": { }, "geometry": { "type": "Polygon", "coordinates": [ [ [ 77.439350455190336, 23.235206747865369 ], [ 77.439423555190317, 23.235211247864061 ], [ 77.439433655190342, 23.235071347904576 ], [ 77.439360555190333, 23.235066947905857 ], [ 77.439350455190336, 23.235206747865369 ] ] ] } },
{ "type": "Feature", "properties": { }, "geometry": { "type": "Polygon", "coordinates": [ [ [ 77.438441255190327, 23.237378847236311 ], [ 77.438591955190319, 23.237401147229846 ], [ 77.438604755190326, 23.237328347250937 ], [ 77.438454055190334, 23.237306047257395 ], [ 77.438441255190327, 23.237378847236311 ] ] ] } },
{ "type": "Feature", "properties": { }, "geometry": { "type": "Polygon", "coordinates": [ [ [ 77.437556955190317, 23.235405347807852 ], [ 77.437594455190336, 23.235255647851204 ], [ 77.43746785519032, 23.23522884785897 ], [ 77.437430355190315, 23.235378547815618 ], [ 77.437556955190317, 23.235405347807852 ] ] ] } },
{ "type": "Feature", "properties": { }, "geometry": { "type": "Polygon", "coordinates": [ [ [ 77.438625655190336, 23.236224347570669 ], [ 77.43871455519033, 23.236226647570003 ], [ 77.438718255190324, 23.236103047605798 ], [ 77.438629255190321, 23.236100847606437 ], [ 77.438625655190336, 23.236224347570669 ] ] ] } },
{ "type": "Feature", "properties": { }, "geometry": { "type": "Polygon", "coordinates": [ [ [ 77.440845155190331, 23.235839147682221 ], [ 77.440979955190315, 23.235852647678318 ], [ 77.44099215519033, 23.235749647708143 ], [ 77.440857455190326, 23.235736147712053 ], [ 77.440845155190331, 23.235839147682221 ] ] ] } },
{ "type": "Feature", "properties": { }, "geometry": { "type": "Polygon", "coordinates": [ [ [ 77.439346155190336, 23.23612254760015 ], [ 77.43935695519032, 23.235993247637595 ], [ 77.439273755190328, 23.235987347639306 ], [ 77.43926295519033, 23.236116647601861 ], [ 77.439346155190336, 23.23612254760015 ] ] ] } },
{ "type": "Feature", "properties": { }, "geometry": { "type": "Polygon", "coordinates": [ [ [ 77.434430855190328, 23.234536748059394 ], [ 77.434572955190333, 23.23455514805406 ], [ 77.434586355190334, 23.234468048079286 ], [ 77.434444255190328, 23.23444964808462 ], [ 77.434430855190328, 23.234536748059394 ] ] ] } },
{ "type": "Feature", "properties": { }, "geometry": { "type": "Polygon", "coordinates": [ [ [ 77.440475955190323, 23.235134047886419 ], [ 77.440630255190342, 23.235147047882659 ], [ 77.440637955190326, 23.235068947905273 ], [ 77.440483755190328, 23.235055947909039 ], [ 77.440475955190323, 23.235134047886419 ] ] ] } },
{ "type": "Feature", "properties": { }, "geometry": { "type": "Polygon", "coordinates": [ [ [ 77.440009755190331, 23.235068947905273 ], [ 77.440002555190333, 23.235177947873709 ], [ 77.44013465519032, 23.235185347871568 ], [ 77.440141855190319, 23.235076347903131 ], [ 77.440009755190331, 23.235068947905273 ] ] ] } },
{ "type": "Feature", "properties": { }, "geometry": { "type": "Polygon", "coordinates": [ [ [ 77.437883455190331, 23.235779947699374 ], [ 77.437969455190341, 23.235794547695139 ], [ 77.437994255190333, 23.235670647731023 ], [ 77.437908255190337, 23.235656147735227 ], [ 77.437883455190331, 23.235779947699374 ] ] ] } },
{ "type": "Feature", "properties": { }, "geometry": { "type": "Polygon", "coordinates": [ [ [ 77.437993255190335, 23.2356282477433 ], [ 77.438168955190335, 23.235650347736907 ], [ 77.438186155190323, 23.235534647770407 ], [ 77.438010455190323, 23.235512547776807 ], [ 77.437993255190335, 23.2356282477433 ] ] ] } },
{ "type": "Feature", "properties": { }, "geometry": { "type": "Polygon", "coordinates": [ [ [ 77.437937155190326, 23.237072047325164 ], [ 77.438046455190317, 23.237084447321575 ], [ 77.438063255190329, 23.236959347357804 ], [ 77.437953855190315, 23.236946947361396 ], [ 77.437937155190326, 23.237072047325164 ] ] ] } },
{ "type": "Feature", "properties": { }, "geometry": { "type": "Polygon", "coordinates": [ [ [ 77.437652855190336, 23.237154047301413 ], [ 77.437757855190327, 23.237167347297564 ], [ 77.43777455519033, 23.237055847329859 ], [ 77.43766955519034, 23.237042447333739 ], [ 77.437652855190336, 23.237154047301413 ] ] ] } },
{ "type": "Feature", "properties": { }, "geometry": { "type": "Polygon", "coordinates": [ [ [ 77.43930525519032, 23.236270147557406 ], [ 77.439403755190327, 23.236281247554192 ], [ 77.43942045519033, 23.236155947590476 ], [ 77.439321955190323, 23.236144847593692 ], [ 77.43930525519032, 23.236270147557406 ] ] ] } },
{ "type": "Feature", "properties": { }, "geometry": { "type": "Polygon", "coordinates": [ [ [ 77.433591455190324, 23.229231549595546 ], [ 77.433701555190325, 23.229316549570935 ], [ 77.433777055190319, 23.229233949594853 ], [ 77.433667055190327, 23.229148949619457 ], [ 77.433591455190324, 23.229231549595546 ] ] ] } },
{ "type": "Feature", "properties": { }, "geometry": { "type": "Polygon", "coordinates": [ [ [ 77.432805755190316, 23.234350448113346 ], [ 77.432921755190335, 23.234290048130841 ], [ 77.432779755190325, 23.23410364818481 ], [ 77.432723255190339, 23.23414264817352 ], [ 77.432805755190316, 23.234350448113346 ] ] ] } },
{ "type": "Feature", "properties": { }, "geometry": { "type": "Polygon", "coordinates": [ [ [ 77.44045165519033, 23.235329547829803 ], [ 77.440585155190334, 23.235340047826767 ], [ 77.440594455190336, 23.235240047855726 ], [ 77.440460955190332, 23.235229547858761 ], [ 77.44045165519033, 23.235329547829803 ] ] ] } },
{ "type": "Feature", "properties": { }, "geometry": { "type": "Polygon", "coordinates": [ [ [ 77.438404355190343, 23.237464847211406 ], [ 77.438577655190315, 23.237490747203907 ], [ 77.438592555190326, 23.237406647228251 ], [ 77.438419255190325, 23.237380747235758 ], [ 77.438404355190343, 23.237464847211406 ] ] ] } },
{ "type": "Feature", "properties": { }, "geometry": { "type": "Polygon", "coordinates": [ [ [ 77.438849055190332, 23.236248547563658 ], [ 77.438934955190319, 23.236255247561711 ], [ 77.438946255190331, 23.236131547597545 ], [ 77.438860355190343, 23.236124947599457 ], [ 77.438849055190332, 23.236248547563658 ] ] ] } },
{ "type": "Feature", "properties": { }, "geometry": { "type": "Polygon", "coordinates": [ [ [ 77.43958665519034, 23.236862247385929 ], [ 77.439746955190316, 23.236880147380745 ], [ 77.439756855190325, 23.236804947402518 ], [ 77.439596655190329, 23.236787047407702 ], [ 77.43958665519034, 23.236862247385929 ] ] ] } },
{ "type": "Feature", "properties": { }, "geometry": { "type": "Polygon", "coordinates": [ [ [ 77.433284455190318, 23.232677548597778 ], [ 77.433364855190334, 23.232650348605649 ], [ 77.43329375519032, 23.232472948657023 ], [ 77.433213455190327, 23.232500148649144 ], [ 77.433284455190318, 23.232677548597778 ] ] ] } },
{ "type": "Feature", "properties": { }, "geometry": { "type": "Polygon", "coordinates": [ [ [ 77.440484355190321, 23.2350519479102 ], [ 77.440637955190326, 23.235063647906809 ], [ 77.440644355190315, 23.234992547927398 ], [ 77.440490755190325, 23.234980847930785 ], [ 77.440484355190321, 23.2350519479102 ] ] ] } },
{ "type": "Feature", "properties": { }, "geometry": { "type": "Polygon", "coordinates": [ [ [ 77.439751255190316, 23.23691804736977 ], [ 77.439742555190335, 23.237031647336863 ], [ 77.439904155190334, 23.237042147333828 ], [ 77.439912855190343, 23.23692854736673 ], [ 77.439751255190316, 23.23691804736977 ] ] ] } },
{ "type": "Feature", "properties": { }, "geometry": { "type": "Polygon", "coordinates": [ [ [ 77.438305255190343, 23.237077947323453 ], [ 77.438479555190327, 23.237110847313922 ], [ 77.438501355190326, 23.23701384734202 ], [ 77.43832695519032, 23.236980947351547 ], [ 77.438305255190343, 23.237077947323453 ] ] ] } },
{ "type": "Feature", "properties": { }, "geometry": { "type": "Polygon", "coordinates": [ [ [ 77.437554855190328, 23.237116647312245 ], [ 77.437638155190328, 23.237126947309264 ], [ 77.437652155190321, 23.237031747336836 ], [ 77.437568855190335, 23.237021347339851 ], [ 77.437554855190328, 23.237116647312245 ] ] ] } },
{ "type": "Feature", "properties": { }, "geometry": { "type": "Polygon", "coordinates": [ [ [ 77.43979745519033, 23.236577947468266 ], [ 77.439786255190327, 23.236675647439966 ], [ 77.439946355190315, 23.236691147435479 ], [ 77.439957555190333, 23.236593447463775 ], [ 77.43979745519033, 23.236577947468266 ] ] ] } },
{ "type": "Feature", "properties": { }, "geometry": { "type": "Polygon", "coordinates": [ [ [ 77.440289955190323, 23.235301947837797 ], [ 77.440423155190317, 23.235315147833976 ], [ 77.440434455190342, 23.235219147861777 ], [ 77.44030125519032, 23.235205847865629 ], [ 77.440289955190323, 23.235301947837797 ] ] ] } },
{ "type": "Feature", "properties": { }, "geometry": { "type": "Polygon", "coordinates": [ [ [ 77.437680055190341, 23.235729847713877 ], [ 77.437778255190324, 23.235749247708263 ], [ 77.437810155190334, 23.235613147747671 ], [ 77.437711855190315, 23.235593747753295 ], [ 77.437680055190341, 23.235729847713877 ] ] ] } },
{ "type": "Feature", "properties": { }, "geometry": { "type": "Polygon", "coordinates": [ [ [ 77.440574555190324, 23.234216148152235 ], [ 77.440711355190331, 23.234193948158662 ], [ 77.440677455190325, 23.234017548209746 ], [ 77.440540655190333, 23.234039748203315 ], [ 77.440574555190324, 23.234216148152235 ] ] ] } },
{ "type": "Feature", "properties": { }, "geometry": { "type": "Polygon", "coordinates": [ [ [ 77.432638955190328, 23.232588548623539 ], [ 77.432884755190315, 23.232517548644108 ], [ 77.432782055190316, 23.232217248731061 ], [ 77.43253615519032, 23.232288348710473 ], [ 77.432638955190328, 23.232588548623539 ] ] ] } },
{ "type": "Feature", "properties": { }, "geometry": { "type": "Polygon", "coordinates": [ [ [ 77.440897455190324, 23.23538004781518 ], [ 77.441037555190334, 23.235389947812315 ], [ 77.441044355190343, 23.23530924783568 ], [ 77.440904155190324, 23.235299347838552 ], [ 77.440897455190324, 23.23538004781518 ] ] ] } },
{ "type": "Feature", "properties": { }, "geometry": { "type": "Polygon", "coordinates": [ [ [ 77.437879055190322, 23.235034547915237 ], [ 77.438187255190343, 23.235093047898289 ], [ 77.438210355190321, 23.234990547927982 ], [ 77.437902155190329, 23.234932047944916 ], [ 77.437879055190322, 23.235034547915237 ] ] ] } },
{ "type": "Feature", "properties": { }, "geometry": { "type": "Polygon", "coordinates": [ [ [ 77.434210855190315, 23.234370148107637 ], [ 77.434285955190333, 23.234382548104048 ], [ 77.434313755190331, 23.234239248145546 ], [ 77.434238655190342, 23.234226948149107 ], [ 77.434210855190315, 23.234370148107637 ] ] ] } },
{ "type": "Feature", "properties": { }, "geometry": { "type": "Polygon", "coordinates": [ [ [ 77.434578655190322, 23.234007548212649 ], [ 77.434718155190339, 23.234043948202096 ], [ 77.434766055190323, 23.233888748247043 ], [ 77.434626555190334, 23.233852448257558 ], [ 77.434578655190322, 23.234007548212649 ] ] ] } },
{ "type": "Feature", "properties": { }, "geometry": { "type": "Polygon", "coordinates": [ [ [ 77.436789855190341, 23.237281547264491 ], [ 77.436926555190325, 23.237316347254414 ], [ 77.436954755190328, 23.237223147281401 ], [ 77.436817955190321, 23.23718824729151 ], [ 77.436789855190341, 23.237281547264491 ] ] ] } },
{ "type": "Feature", "properties": { }, "geometry": { "type": "Polygon", "coordinates": [ [ [ 77.434770055190327, 23.233996448215855 ], [ 77.434928055190341, 23.234032248205491 ], [ 77.434960855190326, 23.233909548241023 ], [ 77.434802955190321, 23.23387384825136 ], [ 77.434770055190327, 23.233996448215855 ] ] ] } },
{ "type": "Feature", "properties": { }, "geometry": { "type": "Polygon", "coordinates": [ [ [ 77.43983025519033, 23.236277947555148 ], [ 77.439993155190336, 23.236289047551931 ], [ 77.440001455190327, 23.236186547581614 ], [ 77.43983855519032, 23.236175447584834 ], [ 77.43983025519033, 23.236277947555148 ] ] ] } },
{ "type": "Feature", "properties": { }, "geometry": { "type": "Polygon", "coordinates": [ [ [ 77.437949455190335, 23.234692848014188 ], [ 77.437928655190319, 23.234794747984679 ], [ 77.438219855190326, 23.234844847970173 ], [ 77.438240655190327, 23.234743047999658 ], [ 77.437949455190335, 23.234692848014188 ] ] ] } },
{ "type": "Feature", "properties": { }, "geometry": { "type": "Polygon", "coordinates": [ [ [ 77.43334655519034, 23.229483849522499 ], [ 77.433282655190325, 23.22955554950174 ], [ 77.433404755190324, 23.229647349475162 ], [ 77.433468555190316, 23.229575649495921 ], [ 77.43334655519034, 23.229483849522499 ] ] ] } },
{ "type": "Feature", "properties": { }, "geometry": { "type": "Polygon", "coordinates": [ [ [ 77.440761355190332, 23.235179847873159 ], [ 77.440884655190317, 23.235190347870116 ], [ 77.440897455190324, 23.235063147906953 ], [ 77.440774055190317, 23.235052647909995 ], [ 77.440761355190332, 23.235179847873159 ] ] ] } },
{ "type": "Feature", "properties": { }, "geometry": { "type": "Polygon", "coordinates": [ [ [ 77.437583655190338, 23.236980447351691 ], [ 77.437662955190333, 23.236986147350041 ], [ 77.43767275519032, 23.236871447383262 ], [ 77.437593455190338, 23.236865747384915 ], [ 77.437583655190338, 23.236980447351691 ] ] ] } },
{ "type": "Feature", "properties": { }, "geometry": { "type": "Polygon", "coordinates": [ [ [ 77.438422155190324, 23.236535147480655 ], [ 77.438602255190318, 23.236553647475301 ], [ 77.438613655190338, 23.23646024750235 ], [ 77.438433555190315, 23.236441747507715 ], [ 77.438422155190324, 23.236535147480655 ] ] ] } },
{ "type": "Feature", "properties": { }, "geometry": { "type": "Polygon", "coordinates": [ [ [ 77.439207555190336, 23.236251147562911 ], [ 77.439300555190329, 23.236257747560991 ], [ 77.439309855190331, 23.236147247592999 ], [ 77.43921675519033, 23.236140647594905 ], [ 77.439207555190336, 23.236251147562911 ] ] ] } },
{ "type": "Feature", "properties": { }, "geometry": { "type": "Polygon", "coordinates": [ [ [ 77.43462925519033, 23.229011249659333 ], [ 77.434742655190334, 23.229064849643812 ], [ 77.434773455190324, 23.229009749659767 ], [ 77.434660155190315, 23.228956149675291 ], [ 77.43462925519033, 23.229011249659333 ] ] ] } },
{ "type": "Feature", "properties": { }, "geometry": { "type": "Polygon", "coordinates": [ [ [ 77.440424855190315, 23.235563747761979 ], [ 77.440568355190322, 23.235574847758762 ], [ 77.440576355190316, 23.235487747783985 ], [ 77.440432855190323, 23.235476647787205 ], [ 77.440424855190315, 23.235563747761979 ] ] ] } },
{ "type": "Feature", "properties": { }, "geometry": { "type": "Polygon", "coordinates": [ [ [ 77.434613455190316, 23.233832548263319 ], [ 77.434751655190325, 23.233867648253153 ], [ 77.434790855190343, 23.23373744829086 ], [ 77.434652655190334, 23.233702348301023 ], [ 77.434613455190316, 23.233832548263319 ] ] ] } },
{ "type": "Feature", "properties": { }, "geometry": { "type": "Polygon", "coordinates": [ [ [ 77.438772555190326, 23.235691447725003 ], [ 77.438894755190333, 23.235713047718743 ], [ 77.438913255190343, 23.235625447744109 ], [ 77.438790955190328, 23.235603747750393 ], [ 77.438772555190326, 23.235691447725003 ] ] ] } },
{ "type": "Feature", "properties": { }, "geometry": { "type": "Polygon", "coordinates": [ [ [ 77.438353155190327, 23.23776954712315 ], [ 77.438512155190324, 23.237800947114057 ], [ 77.438541855190337, 23.237674047150811 ], [ 77.43838295519032, 23.237642647159912 ], [ 77.438353155190327, 23.23776954712315 ] ] ] } },
{ "type": "Feature", "properties": { }, "geometry": { "type": "Polygon", "coordinates": [ [ [ 77.437030455190339, 23.235480547786079 ], [ 77.437174255190328, 23.235513547776517 ], [ 77.43720605519033, 23.23539644781043 ], [ 77.437062255190327, 23.235363447819985 ], [ 77.437030455190339, 23.235480547786079 ] ] ] } },
{ "type": "Feature", "properties": { }, "geometry": { "type": "Polygon", "coordinates": [ [ [ 77.44041485519034, 23.235654247735777 ], [ 77.440569755190324, 23.235665347732557 ], [ 77.440576855190315, 23.235581247756905 ], [ 77.440421955190317, 23.235570147760129 ], [ 77.44041485519034, 23.235654247735777 ] ] ] } },
{ "type": "Feature", "properties": { }, "geometry": { "type": "Polygon", "coordinates": [ [ [ 77.440284555190317, 23.23541824780412 ], [ 77.440415955190318, 23.235430047800705 ], [ 77.440424855190315, 23.235345547825176 ], [ 77.440293455190329, 23.235333847828564 ], [ 77.440284555190317, 23.23541824780412 ] ] ] } },
{ "type": "Feature", "properties": { }, "geometry": { "type": "Polygon", "coordinates": [ [ [ 77.439424955190333, 23.236289247551877 ], [ 77.439539255190326, 23.236297047549609 ], [ 77.43955115519033, 23.236149547592333 ], [ 77.439436855190323, 23.236141747594594 ], [ 77.439424955190333, 23.236289247551877 ] ] ] } },
{ "type": "Feature", "properties": { }, "geometry": { "type": "Polygon", "coordinates": [ [ [ 77.438725755190333, 23.23504294791281 ], [ 77.438710955190317, 23.23515854787933 ], [ 77.438859955190338, 23.235174647874665 ], [ 77.438874755190341, 23.235059047908138 ], [ 77.438725755190333, 23.23504294791281 ] ] ] } },
{ "type": "Feature", "properties": { }, "geometry": { "type": "Polygon", "coordinates": [ [ [ 77.437852655190341, 23.235067647905648 ], [ 77.437829255190323, 23.235174947874579 ], [ 77.43814445519034, 23.235232847857805 ], [ 77.438167755190321, 23.235125647888854 ], [ 77.437852655190341, 23.235067647905648 ] ] ] } },
{ "type": "Feature", "properties": { }, "geometry": { "type": "Polygon", "coordinates": [ [ [ 77.438793455190321, 23.235596347752541 ], [ 77.438920155190317, 23.235619147745936 ], [ 77.438937855190318, 23.235536247769943 ], [ 77.438811055190328, 23.235513447776547 ], [ 77.438793455190321, 23.235596347752541 ] ] ] } },
{ "type": "Feature", "properties": { }, "geometry": { "type": "Polygon", "coordinates": [ [ [ 77.438404555190317, 23.236651347447008 ], [ 77.43856735519033, 23.236671547441155 ], [ 77.438583755190322, 23.236559447473628 ], [ 77.438420955190324, 23.236539347479439 ], [ 77.438404555190317, 23.236651347447008 ] ] ] } },
{ "type": "Feature", "properties": { }, "geometry": { "type": "Polygon", "coordinates": [ [ [ 77.43801345519033, 23.234325048120695 ], [ 77.437995555190341, 23.234427448091051 ], [ 77.438288155190335, 23.234470548078562 ], [ 77.438306055190338, 23.234368148108217 ], [ 77.43801345519033, 23.234325048120695 ] ] ] } },
{ "type": "Feature", "properties": { }, "geometry": { "type": "Polygon", "coordinates": [ [ [ 77.436854555190337, 23.237033247336399 ], [ 77.436972855190319, 23.237061547328207 ], [ 77.436991555190318, 23.236995647347296 ], [ 77.436873255190335, 23.236967247355512 ], [ 77.436854555190337, 23.237033247336399 ] ] ] } },
{ "type": "Feature", "properties": { }, "geometry": { "type": "Polygon", "coordinates": [ [ [ 77.439632855190325, 23.236661747443993 ], [ 77.439775455190343, 23.236675447440028 ], [ 77.439785055190328, 23.236591547464325 ], [ 77.439642455190338, 23.236577747468317 ], [ 77.439632855190325, 23.236661747443993 ] ] ] } },
{ "type": "Feature", "properties": { }, "geometry": { "type": "Polygon", "coordinates": [ [ [ 77.433384155190325, 23.232655348604204 ], [ 77.433555155190334, 23.232545648635963 ], [ 77.433441855190324, 23.232396548679144 ], [ 77.433301055190341, 23.232475448656292 ], [ 77.433384155190325, 23.232655348604204 ] ] ] } },
{ "type": "Feature", "properties": { }, "geometry": { "type": "Polygon", "coordinates": [ [ [ 77.436816955190324, 23.23718144729348 ], [ 77.436958755190332, 23.237219047282586 ], [ 77.436980955190336, 23.237148447303035 ], [ 77.436839155190341, 23.237110847313922 ], [ 77.436816955190324, 23.23718144729348 ] ] ] } },
{ "type": "Feature", "properties": { }, "geometry": { "type": "Polygon", "coordinates": [ [ [ 77.439597855190328, 23.236779947409758 ], [ 77.439747255190341, 23.236794647405503 ], [ 77.43975875519034, 23.23669634743397 ], [ 77.439609255190334, 23.236681647438228 ], [ 77.439597855190328, 23.236779947409758 ] ] ] } },
{ "type": "Feature", "properties": { }, "geometry": { "type": "Polygon", "coordinates": [ [ [ 77.439593855190338, 23.235046547911761 ], [ 77.439713455190329, 23.235052447910054 ], [ 77.43972085519033, 23.234924847946999 ], [ 77.43960125519034, 23.234919047948686 ], [ 77.439593855190338, 23.235046547911761 ] ] ] } },
{ "type": "Feature", "properties": { }, "geometry": { "type": "Polygon", "coordinates": [ [ [ 77.438672055190324, 23.235399047809679 ], [ 77.438821655190338, 23.235418347804089 ], [ 77.438837755190335, 23.235312947834611 ], [ 77.43868815519032, 23.235293747840171 ], [ 77.438672055190324, 23.235399047809679 ] ] ] } },
{ "type": "Feature", "properties": { }, "geometry": { "type": "Polygon", "coordinates": [ [ [ 77.439755255190335, 23.236789547406982 ], [ 77.439917755190336, 23.23680514740246 ], [ 77.439930255190319, 23.236694047434643 ], [ 77.43976785519034, 23.23667854743913 ], [ 77.439755255190335, 23.236789547406982 ] ] ] } },
{ "type": "Feature", "properties": { }, "geometry": { "type": "Polygon", "coordinates": [ [ [ 77.440446855190316, 23.23544174779731 ], [ 77.440570255190337, 23.23545094779465 ], [ 77.44057875519033, 23.235354947822447 ], [ 77.440455355190323, 23.235345647825142 ], [ 77.440446855190316, 23.23544174779731 ] ] ] } },
{ "type": "Feature", "properties": { }, "geometry": { "type": "Polygon", "coordinates": [ [ [ 77.436849255190339, 23.237106447315199 ], [ 77.436956255190339, 23.237130647308192 ], [ 77.436972255190327, 23.23707064732557 ], [ 77.436865355190321, 23.237046447332581 ], [ 77.436849255190339, 23.237106447315199 ] ] ] } },
{ "type": "Feature", "properties": { }, "geometry": { "type": "Polygon", "coordinates": [ [ [ 77.440737155190334, 23.23546204779143 ], [ 77.44085985519034, 23.235473747788042 ], [ 77.440877155190336, 23.235320647832381 ], [ 77.440754455190316, 23.235308947835772 ], [ 77.440737155190334, 23.23546204779143 ] ] ] } },
{ "type": "Feature", "properties": { }, "geometry": { "type": "Polygon", "coordinates": [ [ [ 77.437968655190318, 23.234582248046216 ], [ 77.438238455190316, 23.234625748033618 ], [ 77.43825465519032, 23.234540748058233 ], [ 77.437984855190336, 23.234497248070827 ], [ 77.437968655190318, 23.234582248046216 ] ] ] } },
{ "type": "Feature", "properties": { }, "geometry": { "type": "Polygon", "coordinates": [ [ [ 77.438315755190331, 23.237879547091289 ], [ 77.438295855190319, 23.237964747066616 ], [ 77.43846075519032, 23.237997247057205 ], [ 77.438480655190332, 23.237912047081885 ], [ 77.438315755190331, 23.237879547091289 ] ] ] } },
{ "type": "Feature", "properties": { }, "geometry": { "type": "Polygon", "coordinates": [ [ [ 77.440921555190329, 23.235293847840143 ], [ 77.441065255190324, 23.23530154783791 ], [ 77.44107185519033, 23.235198347867801 ], [ 77.440928155190335, 23.235190547870058 ], [ 77.440921555190329, 23.235293847840143 ] ] ] } },
{ "type": "Feature", "properties": { }, "geometry": { "type": "Polygon", "coordinates": [ [ [ 77.441016455190322, 23.233919248238209 ], [ 77.441232255190329, 23.233914148239688 ], [ 77.441226955190331, 23.233726748293957 ], [ 77.441011255190318, 23.233731848292482 ], [ 77.441016455190322, 23.233919248238209 ] ] ] } },
{ "type": "Feature", "properties": { }, "geometry": { "type": "Polygon", "coordinates": [ [ [ 77.438950155190341, 23.235003547924215 ], [ 77.439068655190326, 23.235011047922043 ], [ 77.439078455190341, 23.234881747959484 ], [ 77.438959955190327, 23.234874147961687 ], [ 77.438950155190341, 23.235003547924215 ] ] ] } },
{ "type": "Feature", "properties": { }, "geometry": { "type": "Polygon", "coordinates": [ [ [ 77.438280455190323, 23.237188547291431 ], [ 77.438445355190325, 23.237220847282067 ], [ 77.438470155190331, 23.237114347312911 ], [ 77.438305155190321, 23.237081947322299 ], [ 77.438280455190323, 23.237188547291431 ] ] ] } },
{ "type": "Feature", "properties": { }, "geometry": { "type": "Polygon", "coordinates": [ [ [ 77.433505355190334, 23.229301049575426 ], [ 77.433624355190332, 23.229399849546819 ], [ 77.433694655190322, 23.229328249567555 ], [ 77.433575655190324, 23.229229549596127 ], [ 77.433505355190334, 23.229301049575426 ] ] ] } },
{ "type": "Feature", "properties": { }, "geometry": { "type": "Polygon", "coordinates": [ [ [ 77.440882055190343, 23.23550644777858 ], [ 77.44101745519032, 23.235515047776083 ], [ 77.441025955190327, 23.235402947808549 ], [ 77.440890455190328, 23.235394347811038 ], [ 77.440882055190343, 23.23550644777858 ] ] ] } },
{ "type": "Feature", "properties": { }, "geometry": { "type": "Polygon", "coordinates": [ [ [ 77.432783555190326, 23.23409844818632 ], [ 77.432931155190317, 23.234279048134024 ], [ 77.433049155190318, 23.234197548157624 ], [ 77.432829255190327, 23.234048448200802 ], [ 77.432783555190326, 23.23409844818632 ] ] ] } },
{ "type": "Feature", "properties": { }, "geometry": { "type": "Polygon", "coordinates": [ [ [ 77.43853295519034, 23.236885347379239 ], [ 77.438711955190342, 23.236909447372255 ], [ 77.438729055190336, 23.236801547403513 ], [ 77.438550055190333, 23.236777547410455 ], [ 77.43853295519034, 23.236885347379239 ] ] ] } },
{ "type": "Feature", "properties": { }, "geometry": { "type": "Polygon", "coordinates": [ [ [ 77.438327955190317, 23.237875447092481 ], [ 77.438477555190332, 23.237904747083999 ], [ 77.438500155190326, 23.237807347112206 ], [ 77.43835065519032, 23.237778047120692 ], [ 77.438327955190317, 23.237875447092481 ] ] ] } },
{ "type": "Feature", "properties": { }, "geometry": { "type": "Polygon", "coordinates": [ [ [ 77.434295055190333, 23.234386248102972 ], [ 77.434362255190322, 23.234396548099991 ], [ 77.43438845519033, 23.234252948141581 ], [ 77.434321155190332, 23.234242648144562 ], [ 77.434295055190333, 23.234386248102972 ] ] ] } },
{ "type": "Feature", "properties": { }, "geometry": { "type": "Polygon", "coordinates": [ [ [ 77.439732455190338, 23.234357448111314 ], [ 77.439861155190343, 23.234333548118233 ], [ 77.439828455190323, 23.234184248161476 ], [ 77.439699755190318, 23.234208048154585 ], [ 77.439732455190338, 23.234357448111314 ] ] ] } },
{ "type": "Feature", "properties": { }, "geometry": { "type": "Polygon", "coordinates": [ [ [ 77.437367155190316, 23.234148948171701 ], [ 77.437344355190319, 23.234235848146533 ], [ 77.437477755190315, 23.234265448137958 ], [ 77.43750055519034, 23.234178548163122 ], [ 77.437367155190316, 23.234148948171701 ] ] ] } },
{ "type": "Feature", "properties": { }, "geometry": { "type": "Polygon", "coordinates": [ [ [ 77.441254555190341, 23.234165048167036 ], [ 77.441244055190339, 23.234387148102719 ], [ 77.44143785519033, 23.234445048085949 ], [ 77.441450355190341, 23.234165648166858 ], [ 77.441254555190341, 23.234165048167036 ] ] ] } },
{ "type": "Feature", "properties": { }, "geometry": { "type": "Polygon", "coordinates": [ [ [ 77.434800455190327, 23.233870448252343 ], [ 77.434961255190316, 23.233906048242037 ], [ 77.434999955190321, 23.233758448284775 ], [ 77.434839155190318, 23.233722848295088 ], [ 77.434800455190327, 23.233870448252343 ] ] ] } },
{ "type": "Feature", "properties": { }, "geometry": { "type": "Polygon", "coordinates": [ [ [ 77.438144955190324, 23.235805247692046 ], [ 77.438252255190335, 23.23581754768848 ], [ 77.438265855190338, 23.235718047717292 ], [ 77.438158555190327, 23.235705747720861 ], [ 77.438144955190324, 23.235805247692046 ] ] ] } },
{ "type": "Feature", "properties": { }, "geometry": { "type": "Polygon", "coordinates": [ [ [ 77.439662655190318, 23.236247147564061 ], [ 77.439814855190335, 23.236260747560131 ], [ 77.439825355190337, 23.236160847589062 ], [ 77.439673155190334, 23.236147247592999 ], [ 77.439662655190318, 23.236247147564061 ] ] ] } },
{ "type": "Feature", "properties": { }, "geometry": { "type": "Polygon", "coordinates": [ [ [ 77.438609855190322, 23.236555947474638 ], [ 77.438770355190329, 23.236572047469974 ], [ 77.438784455190316, 23.236453047504437 ], [ 77.438623955190337, 23.236437047509064 ], [ 77.438609855190322, 23.236555947474638 ] ] ] } },
{ "type": "Feature", "properties": { }, "geometry": { "type": "Polygon", "coordinates": [ [ [ 77.436752555190324, 23.236934647364961 ], [ 77.436879355190342, 23.236956847358528 ], [ 77.43689615519034, 23.23687564738205 ], [ 77.43676945519033, 23.236853447388473 ], [ 77.436752555190324, 23.236934647364961 ] ] ] } },
{ "type": "Feature", "properties": { }, "geometry": { "type": "Polygon", "coordinates": [ [ [ 77.439628755190327, 23.236569247470776 ], [ 77.439786255190327, 23.236581547467225 ], [ 77.439798555190336, 23.236449047505594 ], [ 77.439641055190322, 23.236436747509153 ], [ 77.439628755190327, 23.236569247470776 ] ] ] } },
{ "type": "Feature", "properties": { }, "geometry": { "type": "Polygon", "coordinates": [ [ [ 77.43767265519034, 23.23701524734162 ], [ 77.43777185519032, 23.237021447339817 ], [ 77.437782055190326, 23.236884047379615 ], [ 77.437682855190317, 23.236877847381407 ], [ 77.43767265519034, 23.23701524734162 ] ] ] } },
{ "type": "Feature", "properties": { }, "geometry": { "type": "Polygon", "coordinates": [ [ [ 77.440008455190323, 23.235059047908138 ], [ 77.440143255190335, 23.235065847906178 ], [ 77.440149855190342, 23.234954847938315 ], [ 77.440015055190315, 23.234948047940282 ], [ 77.440008455190323, 23.235059047908138 ] ] ] } },
{ "type": "Feature", "properties": { }, "geometry": { "type": "Polygon", "coordinates": [ [ [ 77.438175855190337, 23.237741547131257 ], [ 77.438328055190325, 23.237767447123762 ], [ 77.438351455190329, 23.237651047157474 ], [ 77.438199255190327, 23.237625247164946 ], [ 77.438175855190337, 23.237741547131257 ] ] ] } },
{ "type": "Feature", "properties": { }, "geometry": { "type": "Polygon", "coordinates": [ [ [ 77.432833255190332, 23.232830348553527 ], [ 77.432952555190326, 23.232796448563345 ], [ 77.432889155190324, 23.232607948617929 ], [ 77.432769855190315, 23.232641848608115 ], [ 77.432833255190332, 23.232830348553527 ] ] ] } },
{ "type": "Feature", "properties": { }, "geometry": { "type": "Polygon", "coordinates": [ [ [ 77.438569155190322, 23.236744847419928 ], [ 77.438710255190315, 23.236761247415181 ], [ 77.438721755190329, 23.236677647439393 ], [ 77.438580555190342, 23.236661247444136 ], [ 77.438569155190322, 23.236744847419928 ] ] ] } },
{ "type": "Feature", "properties": { }, "geometry": { "type": "Polygon", "coordinates": [ [ [ 77.439577155190335, 23.235050247910689 ], [ 77.439590555190335, 23.234909147951551 ], [ 77.43947185519032, 23.234899647954297 ], [ 77.439458455190319, 23.235040747913438 ], [ 77.439577155190335, 23.235050247910689 ] ] ] } },
{ "type": "Feature", "properties": { }, "geometry": { "type": "Polygon", "coordinates": [ [ [ 77.438716455190331, 23.236059847618307 ], [ 77.438806955190316, 23.236063547617238 ], [ 77.438812555190324, 23.235947747650773 ], [ 77.43872205519034, 23.235944047651845 ], [ 77.438716455190331, 23.236059847618307 ] ] ] } },
{ "type": "Feature", "properties": { }, "geometry": { "type": "Polygon", "coordinates": [ [ [ 77.434370755190329, 23.234404048097822 ], [ 77.434439755190326, 23.234415148094609 ], [ 77.434467155190333, 23.234270348136537 ], [ 77.434398255190317, 23.234259248139754 ], [ 77.434370755190329, 23.234404048097822 ] ] ] } },
{ "type": "Feature", "properties": { }, "geometry": { "type": "Polygon", "coordinates": [ [ [ 77.433055755190324, 23.228930949682574 ], [ 77.433141655190326, 23.228982149667754 ], [ 77.433188355190325, 23.228916049686891 ], [ 77.433102455190323, 23.228864849701715 ], [ 77.433055755190324, 23.228930949682574 ] ] ] } },
{ "type": "Feature", "properties": { }, "geometry": { "type": "Polygon", "coordinates": [ [ [ 77.440300655190327, 23.235198947867634 ], [ 77.440458855190329, 23.235214347863163 ], [ 77.440469355190331, 23.235123547889462 ], [ 77.440311155190315, 23.235108147893925 ], [ 77.440300655190327, 23.235198947867634 ] ] ] } },
{ "type": "Feature", "properties": { }, "geometry": { "type": "Polygon", "coordinates": [ [ [ 77.432503955190342, 23.234393648100831 ], [ 77.432640055190333, 23.234392348101213 ], [ 77.43262605519034, 23.234155648169757 ], [ 77.432533455190338, 23.234147048172247 ], [ 77.432503955190342, 23.234393648100831 ] ] ] } },
{ "type": "Feature", "properties": { }, "geometry": { "type": "Polygon", "coordinates": [ [ [ 77.439599555190327, 23.235196047868467 ], [ 77.439706155190322, 23.235200347867224 ], [ 77.439711155190324, 23.235096147897398 ], [ 77.439604555190343, 23.235091847898641 ], [ 77.439599555190327, 23.235196047868467 ] ] ] } },
{ "type": "Feature", "properties": { }, "geometry": { "type": "Polygon", "coordinates": [ [ [ 77.433209355190328, 23.22993774939108 ], [ 77.433344155190341, 23.230041849360941 ], [ 77.433415255190326, 23.229964149383438 ], [ 77.433280455190342, 23.229860049413578 ], [ 77.433209355190328, 23.22993774939108 ] ] ] } },
{ "type": "Feature", "properties": { }, "geometry": { "type": "Polygon", "coordinates": [ [ [ 77.436723355190338, 23.236986547349929 ], [ 77.436706355190324, 23.237046147332663 ], [ 77.436829955190319, 23.237075947324037 ], [ 77.436846955190333, 23.237016347341299 ], [ 77.436723355190338, 23.236986547349929 ] ] ] } },
{ "type": "Feature", "properties": { }, "geometry": { "type": "Polygon", "coordinates": [ [ [ 77.437408055190332, 23.234383148103877 ], [ 77.437520755190334, 23.234399748099065 ], [ 77.437535155190332, 23.234316948123045 ], [ 77.437422555190324, 23.234300348127849 ], [ 77.437408055190332, 23.234383148103877 ] ] ] } },
{ "type": "Feature", "properties": { }, "geometry": { "type": "Polygon", "coordinates": [ [ [ 77.438500355190328, 23.236198347578199 ], [ 77.438609055190327, 23.236204547576403 ], [ 77.438616955190327, 23.236085747610812 ], [ 77.438508355190322, 23.236079547612604 ], [ 77.438500355190328, 23.236198347578199 ] ] ] } },
{ "type": "Feature", "properties": { }, "geometry": { "type": "Polygon", "coordinates": [ [ [ 77.438200655190343, 23.237615247167845 ], [ 77.438352855190317, 23.237642947159827 ], [ 77.438372855190323, 23.237550147186695 ], [ 77.438220655190335, 23.237522347194748 ], [ 77.438200655190343, 23.237615247167845 ] ] ] } },
{ "type": "Feature", "properties": { }, "geometry": { "type": "Polygon", "coordinates": [ [ [ 77.432964955190329, 23.232794648563864 ], [ 77.433053355190324, 23.232766248572091 ], [ 77.432979955190319, 23.232573848627805 ], [ 77.432891555190338, 23.232602348619551 ], [ 77.432964955190329, 23.232794648563864 ] ] ] } },
{ "type": "Feature", "properties": { }, "geometry": { "type": "Polygon", "coordinates": [ [ [ 77.439024755190317, 23.233572248338696 ], [ 77.43917695519032, 23.233591348333164 ], [ 77.439201955190327, 23.233423348381812 ], [ 77.439049755190325, 23.233404248387348 ], [ 77.439024755190317, 23.233572248338696 ] ] ] } },
{ "type": "Feature", "properties": { }, "geometry": { "type": "Polygon", "coordinates": [ [ [ 77.440470255190334, 23.2352235478605 ], [ 77.440619355190336, 23.235239147855989 ], [ 77.440629855190338, 23.235154047880634 ], [ 77.44048085519033, 23.235138447885145 ], [ 77.440470255190334, 23.2352235478605 ] ] ] } },
{ "type": "Feature", "properties": { }, "geometry": { "type": "Polygon", "coordinates": [ [ [ 77.438893955190338, 23.23515274788101 ], [ 77.438958255190329, 23.235159147879155 ], [ 77.438975055190326, 23.235018047920011 ], [ 77.438910755190321, 23.235011647921866 ], [ 77.438893955190338, 23.23515274788101 ] ] ] } },
{ "type": "Feature", "properties": { }, "geometry": { "type": "Polygon", "coordinates": [ [ [ 77.440866555190325, 23.235614247747353 ], [ 77.440996655190318, 23.235624747744311 ], [ 77.44100585519034, 23.235528247772262 ], [ 77.440875755190319, 23.235517747775305 ], [ 77.440866555190325, 23.235614247747353 ] ] ] } },
{ "type": "Feature", "properties": { }, "geometry": { "type": "Polygon", "coordinates": [ [ [ 77.433270455190325, 23.229561249500087 ], [ 77.43321715519032, 23.229617049483938 ], [ 77.433341255190342, 23.229716849455045 ], [ 77.433394455190324, 23.229661049471201 ], [ 77.433270455190325, 23.229561249500087 ] ] ] } },
{ "type": "Feature", "properties": { }, "geometry": { "type": "Polygon", "coordinates": [ [ [ 77.43863365519033, 23.236059847618307 ], [ 77.438708155190326, 23.236063447617266 ], [ 77.438715455190334, 23.235934647654574 ], [ 77.438641055190331, 23.235931047655615 ], [ 77.43863365519033, 23.236059847618307 ] ] ] } },
{ "type": "Feature", "properties": { }, "geometry": { "type": "Polygon", "coordinates": [ [ [ 77.437379255190336, 23.234467248079529 ], [ 77.437398655190322, 23.234364048109406 ], [ 77.437326955190329, 23.234352648112704 ], [ 77.437307455190322, 23.23445584808282 ], [ 77.437379255190336, 23.234467248079529 ] ] ] } },
{ "type": "Feature", "properties": { }, "geometry": { "type": "Polygon", "coordinates": [ [ [ 77.432955255190322, 23.229903849400895 ], [ 77.43310345519032, 23.230044949360046 ], [ 77.433178455190316, 23.229978449379296 ], [ 77.433030255190332, 23.229837249420175 ], [ 77.432955255190322, 23.229903849400895 ] ] ] } },
{ "type": "Feature", "properties": { }, "geometry": { "type": "Polygon", "coordinates": [ [ [ 77.437883455190331, 23.237356147242878 ], [ 77.437993455190337, 23.237376447237004 ], [ 77.438008055190338, 23.237309547256377 ], [ 77.437898155190339, 23.237289247262261 ], [ 77.437883455190331, 23.237356147242878 ] ] ] } },
{ "type": "Feature", "properties": { }, "geometry": { "type": "Polygon", "coordinates": [ [ [ 77.438749155190337, 23.235803347692595 ], [ 77.438874555190324, 23.235823147686858 ], [ 77.438893955190338, 23.23571874771709 ], [ 77.438768555190322, 23.235698947722828 ], [ 77.438749155190337, 23.235803347692595 ] ] ] } },
{ "type": "Feature", "properties": { }, "geometry": { "type": "Polygon", "coordinates": [ [ [ 77.440857855190316, 23.235728847714171 ], [ 77.440991355190334, 23.235739347711128 ], [ 77.441000955190319, 23.235635447741217 ], [ 77.440867555190323, 23.23562494774426 ], [ 77.440857855190316, 23.235728847714171 ] ] ] } },
{ "type": "Feature", "properties": { }, "geometry": { "type": "Polygon", "coordinates": [ [ [ 77.436754255190337, 23.237446047216842 ], [ 77.436876955190328, 23.237471947209347 ], [ 77.436896655190324, 23.237393047232203 ], [ 77.436773955190318, 23.237367147239699 ], [ 77.436754255190337, 23.237446047216842 ] ] ] } },
{ "type": "Feature", "properties": { }, "geometry": { "type": "Polygon", "coordinates": [ [ [ 77.433194255190315, 23.229637349478061 ], [ 77.433117655190316, 23.229717949454724 ], [ 77.433265255190335, 23.229836249420472 ], [ 77.433341855190335, 23.229755649443806 ], [ 77.433194255190315, 23.229637349478061 ] ] ] } },
{ "type": "Feature", "properties": { }, "geometry": { "type": "Polygon", "coordinates": [ [ [ 77.433304255190322, 23.229869649410801 ], [ 77.433447055190342, 23.229978549379275 ], [ 77.433516455190343, 23.229901649401533 ], [ 77.433373655190323, 23.229792849433032 ], [ 77.433304255190322, 23.229869649410801 ] ] ] } },
{ "type": "Feature", "properties": { }, "geometry": { "type": "Polygon", "coordinates": [ [ [ 77.437503255190322, 23.234600648040885 ], [ 77.437579855190322, 23.234612748037389 ], [ 77.437599955190322, 23.234505548068434 ], [ 77.437523355190336, 23.23449344807193 ], [ 77.437503255190322, 23.234600648040885 ] ] ] } },
{ "type": "Feature", "properties": { }, "geometry": { "type": "Polygon", "coordinates": [ [ [ 77.439515055190341, 23.23520804786499 ], [ 77.439589455190315, 23.235212047863829 ], [ 77.439597755190334, 23.235079847902114 ], [ 77.43952345519034, 23.235075847903278 ], [ 77.439515055190341, 23.23520804786499 ] ] ] } },
{ "type": "Feature", "properties": { }, "geometry": { "type": "Polygon", "coordinates": [ [ [ 77.438393455190322, 23.237631847163033 ], [ 77.438524855190323, 23.237652747156979 ], [ 77.438537855190319, 23.237583947176912 ], [ 77.438406455190318, 23.237563047182963 ], [ 77.438393455190322, 23.237631847163033 ] ] ] } },
{ "type": "Feature", "properties": { }, "geometry": { "type": "Polygon", "coordinates": [ [ [ 77.437513055190337, 23.23418174816219 ], [ 77.437489755190327, 23.234264148138337 ], [ 77.437619055190325, 23.234295048129386 ], [ 77.437642355190334, 23.234212648153246 ], [ 77.437513055190337, 23.23418174816219 ] ] ] } },
{ "type": "Feature", "properties": { }, "geometry": { "type": "Polygon", "coordinates": [ [ [ 77.436779455190319, 23.237354247243434 ], [ 77.436902155190339, 23.237386647234054 ], [ 77.436922055190337, 23.237322847252535 ], [ 77.436799355190331, 23.237290447261913 ], [ 77.436779455190319, 23.237354247243434 ] ] ] } },
{ "type": "Feature", "properties": { }, "geometry": { "type": "Polygon", "coordinates": [ [ [ 77.438256855190332, 23.235558447763513 ], [ 77.438245155190316, 23.235683047727434 ], [ 77.43836675519033, 23.235692747724624 ], [ 77.438378455190318, 23.235568147760706 ], [ 77.438256855190332, 23.235558447763513 ] ] ] } },
{ "type": "Feature", "properties": { }, "geometry": { "type": "Polygon", "coordinates": [ [ [ 77.437652955190316, 23.234511848066603 ], [ 77.437784255190337, 23.234538348058933 ], [ 77.437812155190315, 23.23442214809258 ], [ 77.437680855190337, 23.234395548100284 ], [ 77.437652955190316, 23.234511848066603 ] ] ] } },
{ "type": "Feature", "properties": { }, "geometry": { "type": "Polygon", "coordinates": [ [ [ 77.434084755190341, 23.234392648101124 ], [ 77.434191255190342, 23.234410848095855 ], [ 77.434230055190326, 23.234217948151716 ], [ 77.434123655190334, 23.234199848156955 ], [ 77.434084755190341, 23.234392648101124 ] ] ] } },
{ "type": "Feature", "properties": { }, "geometry": { "type": "Polygon", "coordinates": [ [ [ 77.436662355190322, 23.237220947282044 ], [ 77.436778755190332, 23.237248547274046 ], [ 77.436797555190338, 23.237181647293419 ], [ 77.43668105519032, 23.237154147301389 ], [ 77.436662355190322, 23.237220947282044 ] ] ] } },
{ "type": "Feature", "properties": { }, "geometry": { "type": "Polygon", "coordinates": [ [ [ 77.436758655190317, 23.236836647393339 ], [ 77.436886655190321, 23.236860447386455 ], [ 77.436903955190331, 23.236781547409301 ], [ 77.436775955190342, 23.236757847416161 ], [ 77.436758655190317, 23.236836647393339 ] ] ] } },
{ "type": "Feature", "properties": { }, "geometry": { "type": "Polygon", "coordinates": [ [ [ 77.437600455190321, 23.2367190474274 ], [ 77.43768055519034, 23.236730947423961 ], [ 77.437720155190334, 23.236506647488905 ], [ 77.437640055190329, 23.236494747492362 ], [ 77.437600455190321, 23.2367190474274 ] ] ] } },
{ "type": "Feature", "properties": { }, "geometry": { "type": "Polygon", "coordinates": [ [ [ 77.43826095519033, 23.237272047267247 ], [ 77.438420555190334, 23.237302847258317 ], [ 77.438438555190316, 23.237224347281057 ], [ 77.438278955190341, 23.23719354728998 ], [ 77.43826095519033, 23.237272047267247 ] ] ] } },
{ "type": "Feature", "properties": { }, "geometry": { "type": "Polygon", "coordinates": [ [ [ 77.437523355190336, 23.234489148073187 ], [ 77.437605255190334, 23.234501048069735 ], [ 77.437623355190325, 23.234395948100168 ], [ 77.437541455190342, 23.234383948103638 ], [ 77.437523355190336, 23.234489148073187 ] ] ] } },
{ "type": "Feature", "properties": { }, "geometry": { "type": "Polygon", "coordinates": [ [ [ 77.439442055190327, 23.236132247597343 ], [ 77.43956185519032, 23.236139147595338 ], [ 77.439571655190335, 23.235995347636987 ], [ 77.439451755190333, 23.235988447638988 ], [ 77.439442055190327, 23.236132247597343 ] ] ] } },
{ "type": "Feature", "properties": { }, "geometry": { "type": "Polygon", "coordinates": [ [ [ 77.438396755190325, 23.237556047184984 ], [ 77.438542655190332, 23.23758134717766 ], [ 77.43855545519034, 23.237518947195731 ], [ 77.438409555190319, 23.237493747203036 ], [ 77.438396755190325, 23.237556047184984 ] ] ] } },
{ "type": "Feature", "properties": { }, "geometry": { "type": "Polygon", "coordinates": [ [ [ 77.438577755190323, 23.2366496474475 ], [ 77.438731755190318, 23.236672547440865 ], [ 77.438746855190331, 23.236586347465831 ], [ 77.438592955190316, 23.236563547472432 ], [ 77.438577755190323, 23.2366496474475 ] ] ] } },
{ "type": "Feature", "properties": { }, "geometry": { "type": "Polygon", "coordinates": [ [ [ 77.439318255190315, 23.235030547916395 ], [ 77.439443655190317, 23.235039147913898 ], [ 77.439455155190316, 23.23489834795468 ], [ 77.439329755190329, 23.234889747957173 ], [ 77.439318255190315, 23.235030547916395 ] ] ] } },
{ "type": "Feature", "properties": { }, "geometry": { "type": "Polygon", "coordinates": [ [ [ 77.437601155190322, 23.235244547854421 ], [ 77.437636055190339, 23.235096647897254 ], [ 77.437509255190321, 23.235071447904545 ], [ 77.437474355190332, 23.23521924786175 ], [ 77.437601155190322, 23.235244547854421 ] ] ] } },
{ "type": "Feature", "properties": { }, "geometry": { "type": "Polygon", "coordinates": [ [ [ 77.433361655190339, 23.229771349439265 ], [ 77.433523255190337, 23.229895849403217 ], [ 77.433594555190339, 23.229817649425854 ], [ 77.433432955190327, 23.229693149461898 ], [ 77.433361655190339, 23.229771349439265 ] ] ] } },
{ "type": "Feature", "properties": { }, "geometry": { "type": "Polygon", "coordinates": [ [ [ 77.439350855190327, 23.236122847600065 ], [ 77.439429955190334, 23.236127747598648 ], [ 77.439439355190331, 23.235999647635744 ], [ 77.439360155190343, 23.235994747637161 ], [ 77.439350855190327, 23.236122847600065 ] ] ] } },
{ "type": "Feature", "properties": { }, "geometry": { "type": "Polygon", "coordinates": [ [ [ 77.433428955190337, 23.229399449546936 ], [ 77.433563155190328, 23.229509149515177 ], [ 77.433639555190325, 23.229430249538016 ], [ 77.433505455190328, 23.229320549569778 ], [ 77.433428955190337, 23.229399449546936 ] ] ] } },
{ "type": "Feature", "properties": { }, "geometry": { "type": "Polygon", "coordinates": [ [ [ 77.438725655190325, 23.236236547567138 ], [ 77.438840855190335, 23.236242947565284 ], [ 77.438849655190339, 23.236109147604033 ], [ 77.438734455190328, 23.236102847605856 ], [ 77.438725655190325, 23.236236547567138 ] ] ] } },
{ "type": "Feature", "properties": { }, "geometry": { "type": "Polygon", "coordinates": [ [ [ 77.438451755190329, 23.23728894726235 ], [ 77.438609355190337, 23.237311747255738 ], [ 77.43862025519033, 23.237248047274193 ], [ 77.438462655190321, 23.237225247280797 ], [ 77.438451755190329, 23.23728894726235 ] ] ] } },
{ "type": "Feature", "properties": { }, "geometry": { "type": "Polygon", "coordinates": [ [ [ 77.438224155190341, 23.237513547197299 ], [ 77.438374355190334, 23.237539447189796 ], [ 77.438391255190339, 23.237456547213807 ], [ 77.438241055190318, 23.237430647221306 ], [ 77.438224155190341, 23.237513547197299 ] ] ] } },
{ "type": "Feature", "properties": { }, "geometry": { "type": "Polygon", "coordinates": [ [ [ 77.439184155190318, 23.235034247915326 ], [ 77.439311555190329, 23.235042247913004 ], [ 77.439322255190334, 23.234899047954478 ], [ 77.439194855190337, 23.234891047956797 ], [ 77.439184155190318, 23.235034247915326 ] ] ] } },
{ "type": "Feature", "properties": { }, "geometry": { "type": "Polygon", "coordinates": [ [ [ 77.433114355190341, 23.229729349451418 ], [ 77.43304495519034, 23.229806849428982 ], [ 77.433185355190332, 23.229913049398235 ], [ 77.433254755190333, 23.229835549420677 ], [ 77.433114355190341, 23.229729349451418 ] ] ] } },
{ "type": "Feature", "properties": { }, "geometry": { "type": "Polygon", "coordinates": [ [ [ 77.437686355190323, 23.23557234775949 ], [ 77.437808355190342, 23.235592647753613 ], [ 77.437829155190343, 23.235487547784047 ], [ 77.43770705519033, 23.235467247789931 ], [ 77.437686355190323, 23.23557234775949 ] ] ] } },
{ "type": "Feature", "properties": { }, "geometry": { "type": "Polygon", "coordinates": [ [ [ 77.433585655190342, 23.229808249428572 ], [ 77.433661855190337, 23.229725949452401 ], [ 77.433511255190325, 23.229608149486513 ], [ 77.433435055190316, 23.22969054946266 ], [ 77.433585655190342, 23.229808249428572 ] ] ] } },
{ "type": "Feature", "properties": { }, "geometry": { "type": "Polygon", "coordinates": [ [ [ 77.438521355190318, 23.236048747621524 ], [ 77.438630655190337, 23.236052147620541 ], [ 77.438635255190334, 23.235927347656681 ], [ 77.438525955190343, 23.235923947657668 ], [ 77.438521355190318, 23.236048747621524 ] ] ] } },
{ "type": "Feature", "properties": { }, "geometry": { "type": "Polygon", "coordinates": [ [ [ 77.437652055190341, 23.234216848152027 ], [ 77.437632455190325, 23.234296348129011 ], [ 77.437764955190332, 23.234323848121043 ], [ 77.437784555190319, 23.234244448144043 ], [ 77.437652055190341, 23.234216848152027 ] ] ] } },
{ "type": "Feature", "properties": { }, "geometry": { "type": "Polygon", "coordinates": [ [ [ 77.433355955190322, 23.229474249525278 ], [ 77.433478255190323, 23.229570249497485 ], [ 77.433544355190321, 23.22949914951807 ], [ 77.433422155190343, 23.229403049545894 ], [ 77.433355955190322, 23.229474249525278 ] ] ] } },
{ "type": "Feature", "properties": { }, "geometry": { "type": "Polygon", "coordinates": [ [ [ 77.440313355190341, 23.235100147896233 ], [ 77.440470255190334, 23.235114347892132 ], [ 77.440478055190326, 23.235041547913212 ], [ 77.440321155190333, 23.23502734791732 ], [ 77.440313355190341, 23.235100147896233 ] ] ] } },
{ "type": "Feature", "properties": { }, "geometry": { "type": "Polygon", "coordinates": [ [ [ 77.439840855190326, 23.235017447920182 ], [ 77.439991055190333, 23.235023647918393 ], [ 77.439995055190323, 23.234940647942427 ], [ 77.43984485519033, 23.234934447944227 ], [ 77.439840855190326, 23.235017447920182 ] ] ] } },
{ "type": "Feature", "properties": { }, "geometry": { "type": "Polygon", "coordinates": [ [ [ 77.438259155190337, 23.237281847264402 ], [ 77.438231155190337, 23.237418047224956 ], [ 77.438393755190333, 23.237446247216795 ], [ 77.438421655190339, 23.237309947256261 ], [ 77.438259155190337, 23.237281847264402 ] ] ] } },
{ "type": "Feature", "properties": { }, "geometry": { "type": "Polygon", "coordinates": [ [ [ 77.437918355190334, 23.237218147282853 ], [ 77.438035355190323, 23.237232647278649 ], [ 77.438055555190317, 23.237095847318272 ], [ 77.437938455190334, 23.237081347322469 ], [ 77.437918355190334, 23.237218147282853 ] ] ] } },
{ "type": "Feature", "properties": { }, "geometry": { "type": "Polygon", "coordinates": [ [ [ 77.437662855190325, 23.236426947511998 ], [ 77.437898255190319, 23.236462047501831 ], [ 77.437912555190337, 23.23638124752523 ], [ 77.437677155190343, 23.236346147535393 ], [ 77.437662855190325, 23.236426947511998 ] ] ] } },
{ "type": "Feature", "properties": { }, "geometry": { "type": "Polygon", "coordinates": [ [ [ 77.438560055190322, 23.235830547684717 ], [ 77.438702055190333, 23.235852847678256 ], [ 77.43872885519032, 23.235708647720013 ], [ 77.438586855190323, 23.235686347726475 ], [ 77.438560055190322, 23.235830547684717 ] ] ] } },
{ "type": "Feature", "properties": { }, "geometry": { "type": "Polygon", "coordinates": [ [ [ 77.433590555190335, 23.234548848055891 ], [ 77.433595955190341, 23.234568648050157 ], [ 77.433901055190333, 23.234606148039294 ], [ 77.433945655190342, 23.234438048087977 ], [ 77.433722355190341, 23.234397348099769 ], [ 77.433590555190335, 23.234548848055891 ] ] ] } },
{ "type": "Feature", "properties": { }, "geometry": { "type": "Polygon", "coordinates": [ [ [ 77.433813355190338, 23.234276648134717 ], [ 77.433816555190319, 23.234298748128314 ], [ 77.434066155190322, 23.23436724810848 ], [ 77.434113155190332, 23.234190448159676 ], [ 77.433940855190343, 23.234141148173954 ], [ 77.433813355190338, 23.234276648134717 ] ] ] } },
{ "type": "Feature", "properties": { }, "geometry": { "type": "Polygon", "coordinates": [ [ [ 77.429421955190321, 23.2278998499811 ], [ 77.429396055190324, 23.227913949977019 ], [ 77.429385055190323, 23.227896749981998 ], [ 77.429286055190332, 23.227950349966477 ], [ 77.429297055190332, 23.227967449961533 ], [ 77.429273855190317, 23.227980049957882 ], [ 77.429319455190338, 23.22805124993727 ], [ 77.429355755190329, 23.228031649942942 ], [ 77.42936275519034, 23.228042749939728 ], [ 77.429441355190335, 23.228000149952059 ], [ 77.429434355190338, 23.227989149955242 ], [ 77.429467655190322, 23.227971149960457 ], [ 77.429421955190321, 23.2278998499811 ] ] ] } },
{ "type": "Feature", "properties": { }, "geometry": { "type": "Polygon", "coordinates": [ [ [ 77.429629755190334, 23.228368649845368 ], [ 77.429729855190331, 23.228343849852557 ], [ 77.429702855190328, 23.22823974988269 ], [ 77.429779755190339, 23.228241449882205 ], [ 77.429763955190325, 23.228144349910309 ], [ 77.429696855190329, 23.228153549907653 ], [ 77.429703955190334, 23.228196849895113 ], [ 77.429666755190325, 23.228202049893611 ], [ 77.429646355190343, 23.228128149915001 ], [ 77.429548455190343, 23.228134349913208 ], [ 77.429560755190323, 23.228234549884199 ], [ 77.429493555190319, 23.228251849879189 ], [ 77.42951115519034, 23.228335949854841 ], [ 77.429575455190331, 23.228331049856259 ], [ 77.429604555190323, 23.228293749867063 ], [ 77.429629755190334, 23.228368649845368 ] ] ] } },
{ "type": "Feature", "properties": { }, "geometry": { "type": "Polygon", "coordinates": [ [ [ 77.430859955190343, 23.227432250116472 ], [ 77.430861955190323, 23.2274518501108 ], [ 77.430847755190342, 23.227453050110451 ], [ 77.430853955190329, 23.22751165009349 ], [ 77.430918855190342, 23.227505850095163 ], [ 77.43092025519033, 23.227519350091256 ], [ 77.430944355190334, 23.227517250091868 ], [ 77.430942355190339, 23.227498450097301 ], [ 77.431007255190323, 23.227492650098991 ], [ 77.431000955190328, 23.227433150116205 ], [ 77.430986055190317, 23.227434550115802 ], [ 77.430984655190329, 23.227421250119658 ], [ 77.43095105519032, 23.227424150118818 ], [ 77.430952755190333, 23.227440250114157 ], [ 77.430895055190319, 23.227445450112654 ], [ 77.430893355190335, 23.227429350117319 ], [ 77.430859955190343, 23.227432250116472 ] ] ] } },
{ "type": "Feature", "properties": { }, "geometry": { "type": "Polygon", "coordinates": [ [ [ 77.432397455190326, 23.227767650019377 ], [ 77.432438155190326, 23.227897149981878 ], [ 77.432617555190319, 23.227849549995668 ], [ 77.432576755190325, 23.227719950033187 ], [ 77.432397455190326, 23.227767650019377 ] ] ] } },
{ "type": "Feature", "properties": { }, "geometry": { "type": "Polygon", "coordinates": [ [ [ 77.432340555190322, 23.227588850071132 ], [ 77.432536355190322, 23.227577150074524 ], [ 77.432530155190321, 23.227490750099541 ], [ 77.432334355190335, 23.227502450096154 ], [ 77.432340555190322, 23.227588850071132 ] ] ] } },
{ "type": "Feature", "properties": { }, "geometry": { "type": "Polygon", "coordinates": [ [ [ 77.432506255190333, 23.227279850160592 ], [ 77.432541455190332, 23.227406650123886 ], [ 77.432650955190326, 23.227381050131292 ], [ 77.432615755190326, 23.227254250168006 ], [ 77.432506255190333, 23.227279850160592 ] ] ] } },
{ "type": "Feature", "properties": { }, "geometry": { "type": "Polygon", "coordinates": [ [ [ 77.42874145519032, 23.228087949926639 ], [ 77.428901755190338, 23.228130449914339 ], [ 77.428931755190334, 23.228035049941958 ], [ 77.428771455190315, 23.227992549954259 ], [ 77.42874145519032, 23.228087949926639 ] ] ] } },
{ "type": "Feature", "properties": { }, "geometry": { "type": "Polygon", "coordinates": [ [ [ 77.428246655190335, 23.227037350230795 ], [ 77.428348055190327, 23.227085250216927 ], [ 77.428431155190339, 23.226936750259913 ], [ 77.428329755190319, 23.226888850273784 ], [ 77.428246655190335, 23.227037350230795 ] ] ] } },
{ "type": "Feature", "properties": { }, "geometry": { "type": "Polygon", "coordinates": [ [ [ 77.432311255190342, 23.227348950140588 ], [ 77.432338455190319, 23.227469550105674 ], [ 77.432512255190318, 23.227436450115256 ], [ 77.432485055190341, 23.22731585015017 ], [ 77.432311255190342, 23.227348950140588 ] ] ] } },
{ "type": "Feature", "properties": { }, "geometry": { "type": "Polygon", "coordinates": [ [ [ 77.428580555190322, 23.226986250245588 ], [ 77.428538355190327, 23.227137250201878 ], [ 77.428694555190333, 23.227174150191193 ], [ 77.428736755190343, 23.227023150234903 ], [ 77.428580555190322, 23.226986250245588 ] ] ] } },
{ "type": "Feature", "properties": { }, "geometry": { "type": "Polygon", "coordinates": [ [ [ 77.432527555190319, 23.228056549935733 ], [ 77.432593855190319, 23.228151049908377 ], [ 77.432729255190338, 23.228070949931563 ], [ 77.432663055190318, 23.22797644995892 ], [ 77.432527555190319, 23.228056549935733 ] ] ] } },
{ "type": "Feature", "properties": { }, "geometry": { "type": "Polygon", "coordinates": [ [ [ 77.432372255190316, 23.227621250061759 ], [ 77.432399655190324, 23.227716850034081 ], [ 77.43249775519034, 23.227693150040938 ], [ 77.432506055190316, 23.227722050032575 ], [ 77.432542755190326, 23.227713250035119 ], [ 77.432507055190342, 23.227588550071221 ], [ 77.432372255190316, 23.227621250061759 ] ] ] } },
{ "type": "Feature", "properties": { }, "geometry": { "type": "Polygon", "coordinates": [ [ [ 77.432704655190321, 23.227978849958227 ], [ 77.432770655190339, 23.228073849930727 ], [ 77.432875055190337, 23.22801254994847 ], [ 77.43285345519034, 23.227981549957448 ], [ 77.432843455190323, 23.227987449955737 ], [ 77.432798955190322, 23.227923449974266 ], [ 77.432704655190321, 23.227978849958227 ] ] ] } },
{ "type": "Feature", "properties": { }, "geometry": { "type": "Polygon", "coordinates": [ [ [ 77.430379255190317, 23.227625150060629 ], [ 77.430270955190338, 23.227716650034139 ], [ 77.43032645519034, 23.227772050018096 ], [ 77.430369655190333, 23.227735550028665 ], [ 77.430386655190333, 23.227752550023745 ], [ 77.430409155190318, 23.227733550029246 ], [ 77.43039405519032, 23.227718450033606 ], [ 77.43043655519034, 23.227682450044039 ], [ 77.430379255190317, 23.227625150060629 ] ] ] } },
{ "type": "Feature", "properties": { }, "geometry": { "type": "Polygon", "coordinates": [ [ [ 77.429979455190335, 23.227939149969721 ], [ 77.430080055190331, 23.227844549997112 ], [ 77.430019355190325, 23.227790050012889 ], [ 77.429993555190322, 23.227814350005847 ], [ 77.430001355190328, 23.227821250003853 ], [ 77.429958855190335, 23.227861149992297 ], [ 77.429951155190324, 23.227854249994294 ], [ 77.429918855190323, 23.227884649985494 ], [ 77.429979455190335, 23.227939149969721 ] ] ] } },
{ "type": "Feature", "properties": { }, "geometry": { "type": "Polygon", "coordinates": [ [ [ 77.430576055190329, 23.227573650075534 ], [ 77.430459955190315, 23.227666950048526 ], [ 77.430512555190333, 23.227722250032517 ], [ 77.430556255190325, 23.227687150042676 ], [ 77.430573255190339, 23.227704950037523 ], [ 77.430597455190338, 23.227685550043141 ], [ 77.430580455190338, 23.227667650048325 ], [ 77.430628655190333, 23.227628950059525 ], [ 77.430576055190329, 23.227573650075534 ] ] ] } },
{ "type": "Feature", "properties": { }, "geometry": { "type": "Polygon", "coordinates": [ [ [ 77.430660255190332, 23.227520550090908 ], [ 77.430687955190322, 23.227588950071105 ], [ 77.430751655190335, 23.227567150077419 ], [ 77.43075765519032, 23.22758195007313 ], [ 77.430781555190322, 23.227573750075504 ], [ 77.430775555190337, 23.227558950079793 ], [ 77.430828755190319, 23.227540750085055 ], [ 77.430801055190329, 23.227472350104861 ], [ 77.430660255190332, 23.227520550090908 ] ] ] } },
{ "type": "Feature", "properties": { }, "geometry": { "type": "Polygon", "coordinates": [ [ [ 77.430256455190317, 23.22775515002299 ], [ 77.430149455190318, 23.227846949996415 ], [ 77.430205755190343, 23.227902449980345 ], [ 77.430245855190336, 23.22786804999031 ], [ 77.430259055190334, 23.227880949986563 ], [ 77.430282955190336, 23.227860449992509 ], [ 77.430269755190338, 23.227847549996241 ], [ 77.430312755190329, 23.227810650006923 ], [ 77.430256455190317, 23.22775515002299 ] ] ] } },
{ "type": "Feature", "properties": { }, "geometry": { "type": "Polygon", "coordinates": [ [ [ 77.433003755190342, 23.22838784983982 ], [ 77.432952455190332, 23.22844274982392 ], [ 77.432978455190337, 23.228463249817985 ], [ 77.43296955519034, 23.228472849815208 ], [ 77.433004255190326, 23.228500249807272 ], [ 77.433059255190329, 23.228441449824302 ], [ 77.433069755190317, 23.228449749821895 ], [ 77.433081455190319, 23.228437149825549 ], [ 77.433042655190334, 23.228406449834431 ], [ 77.433036055190342, 23.228413349832437 ], [ 77.433003755190342, 23.22838784983982 ] ] ] } },
{ "type": "Feature", "properties": { }, "geometry": { "type": "Polygon", "coordinates": [ [ [ 77.433259455190338, 23.22494005083794 ], [ 77.433272655190336, 23.224943950836806 ], [ 77.433263355190334, 23.224970650829082 ], [ 77.433282255190321, 23.22497625082746 ], [ 77.433276555190332, 23.224992550822744 ], [ 77.43339395519034, 23.225027250812694 ], [ 77.433399655190328, 23.225010950817413 ], [ 77.433422855190315, 23.225017750815447 ], [ 77.433432155190317, 23.224991050823174 ], [ 77.433446155190325, 23.224995150821986 ], [ 77.433460455190328, 23.224954250833825 ], [ 77.433450555190333, 23.224951350834669 ], [ 77.433463555190343, 23.224914250845405 ], [ 77.433429955190334, 23.22490435084827 ], [ 77.433416955190324, 23.22494145083753 ], [ 77.433306755190316, 23.224908850846973 ], [ 77.433318255190315, 23.224876050856459 ], [ 77.433293255190321, 23.224868650858603 ], [ 77.433281755190336, 23.22490145084911 ], [ 77.433273755190342, 23.224899150849772 ], [ 77.433259455190338, 23.22494005083794 ] ] ] } },
{ "type": "Feature", "properties": { }, "geometry": { "type": "Polygon", "coordinates": [ [ [ 77.43296055519032, 23.22567025062656 ], [ 77.432943555190334, 23.225731850608728 ], [ 77.433080955190334, 23.225763850599467 ], [ 77.43309795519032, 23.225702250617296 ], [ 77.43296055519032, 23.22567025062656 ] ] ] } },
{ "type": "Feature", "properties": { }, "geometry": { "type": "Polygon", "coordinates": [ [ [ 77.433129455190326, 23.22568815062138 ], [ 77.433101355190331, 23.225778750595147 ], [ 77.433244855190338, 23.225816350584267 ], [ 77.433272955190318, 23.22572575061049 ], [ 77.433129455190326, 23.22568815062138 ] ] ] } },
{ "type": "Feature", "properties": { }, "geometry": { "type": "Polygon", "coordinates": [ [ [ 77.43305055519032, 23.228380949841821 ], [ 77.43310815519034, 23.228424149829308 ], [ 77.433156555190337, 23.228369549845112 ], [ 77.433098955190317, 23.228326349857621 ], [ 77.43305055519032, 23.228380949841821 ] ] ] } },
{ "type": "Feature", "properties": { }, "geometry": { "type": "Polygon", "coordinates": [ [ [ 77.433111355190334, 23.228089049926322 ], [ 77.43317605519033, 23.228146949909561 ], [ 77.433216055190343, 23.228109249920472 ], [ 77.433151355190333, 23.22805124993727 ], [ 77.433111355190334, 23.228089049926322 ] ] ] } },
{ "type": "Feature", "properties": { }, "geometry": { "type": "Polygon", "coordinates": [ [ [ 77.433299855190342, 23.225724450610873 ], [ 77.433271055190332, 23.225815850584407 ], [ 77.43341925519033, 23.225855250573012 ], [ 77.43344805519034, 23.225763950599436 ], [ 77.433299855190342, 23.225724450610873 ] ] ] } },
{ "type": "Feature", "properties": { }, "geometry": { "type": "Polygon", "coordinates": [ [ [ 77.432928655190324, 23.227816950005103 ], [ 77.432984955190335, 23.2278003500099 ], [ 77.432953355190321, 23.22770975003613 ], [ 77.432896955190316, 23.227726450031305 ], [ 77.432928655190324, 23.227816950005103 ] ] ] } },
{ "type": "Feature", "properties": { }, "geometry": { "type": "Polygon", "coordinates": [ [ [ 77.432328255190328, 23.227102150212033 ], [ 77.432211355190333, 23.227137650201758 ], [ 77.432255855190334, 23.227261250165984 ], [ 77.432372755190329, 23.227225750176252 ], [ 77.432328255190328, 23.227102150212033 ] ] ] } },
{ "type": "Feature", "properties": { }, "geometry": { "type": "Polygon", "coordinates": [ [ [ 77.432839255190316, 23.225888650563334 ], [ 77.432900555190329, 23.22590365055899 ], [ 77.432921755190335, 23.225830650580125 ], [ 77.432860455190337, 23.225815650584476 ], [ 77.432839255190316, 23.225888650563334 ] ] ] } },
{ "type": "Feature", "properties": { }, "geometry": { "type": "Polygon", "coordinates": [ [ [ 77.432911655190338, 23.225917250555057 ], [ 77.43299335519032, 23.225937250549261 ], [ 77.433016455190341, 23.225857650572312 ], [ 77.432934655190323, 23.225837650578097 ], [ 77.432911655190338, 23.225917250555057 ] ] ] } },
{ "type": "Feature", "properties": { }, "geometry": { "type": "Polygon", "coordinates": [ [ [ 77.432650755190338, 23.226948450256529 ], [ 77.432575355190323, 23.226977050248255 ], [ 77.43262375519032, 23.227084950217016 ], [ 77.432699155190335, 23.227056350225297 ], [ 77.432650755190338, 23.226948450256529 ] ] ] } },
{ "type": "Feature", "properties": { }, "geometry": { "type": "Polygon", "coordinates": [ [ [ 77.43308335519032, 23.227982549957161 ], [ 77.43303865519033, 23.228023949945168 ], [ 77.433100555190336, 23.228080349928842 ], [ 77.43314525519034, 23.228038949940828 ], [ 77.43308335519032, 23.227982549957161 ] ] ] } },
{ "type": "Feature", "properties": { }, "geometry": { "type": "Polygon", "coordinates": [ [ [ 77.433472855190331, 23.225773150596776 ], [ 77.433448655190332, 23.225850050574515 ], [ 77.433599555190327, 23.225890050562928 ], [ 77.433623655190331, 23.225813250585166 ], [ 77.433472855190331, 23.225773150596776 ] ] ] } },
{ "type": "Feature", "properties": { }, "geometry": { "type": "Polygon", "coordinates": [ [ [ 77.432684555190335, 23.226916650265736 ], [ 77.43271305519032, 23.227034650231577 ], [ 77.432885355190336, 23.226999450241767 ], [ 77.432856955190317, 23.226881550275909 ], [ 77.432684555190335, 23.226916650265736 ] ] ] } },
{ "type": "Feature", "properties": { }, "geometry": { "type": "Polygon", "coordinates": [ [ [ 77.432441855190319, 23.227011550238267 ], [ 77.432485655190334, 23.227124250205641 ], [ 77.43259535519033, 23.227088150216083 ], [ 77.432551555190329, 23.226975550248678 ], [ 77.432441855190319, 23.227011550238267 ] ] ] } },
{ "type": "Feature", "properties": { }, "geometry": { "type": "Polygon", "coordinates": [ [ [ 77.433298155190343, 23.228168549903305 ], [ 77.433344555190331, 23.228189849897142 ], [ 77.433384755190318, 23.228115849918566 ], [ 77.43333835519033, 23.228094549924734 ], [ 77.433298155190343, 23.228168549903305 ] ] ] } },
{ "type": "Feature", "properties": { }, "geometry": { "type": "Polygon", "coordinates": [ [ [ 77.432357355190319, 23.227031950232362 ], [ 77.432369755190336, 23.227077750219099 ], [ 77.432450855190339, 23.22705925022445 ], [ 77.432438455190336, 23.227013450237717 ], [ 77.432357355190319, 23.227031950232362 ] ] ] } },
{ "type": "Feature", "properties": { }, "geometry": { "type": "Polygon", "coordinates": [ [ [ 77.432804955190321, 23.225624050639933 ], [ 77.432783255190316, 23.225687050621698 ], [ 77.432929455190319, 23.225729550609394 ], [ 77.432951155190324, 23.225666550627626 ], [ 77.432804955190321, 23.225624050639933 ] ] ] } },
{ "type": "Feature", "properties": { }, "geometry": { "type": "Polygon", "coordinates": [ [ [ 77.43246585519033, 23.227094050214383 ], [ 77.432358955190324, 23.22712825020448 ], [ 77.432389655190335, 23.227209250181033 ], [ 77.43249655519034, 23.227175050190926 ], [ 77.43246585519033, 23.227094050214383 ] ] ] } },
{ "type": "Feature", "properties": { }, "geometry": { "type": "Polygon", "coordinates": [ [ [ 77.432949455190325, 23.22784774999618 ], [ 77.432975855190335, 23.227915449976585 ], [ 77.433024855190325, 23.227899349981239 ], [ 77.433020255190343, 23.227887749984603 ], [ 77.43303745519033, 23.227882049986256 ], [ 77.433022055190335, 23.227842649997658 ], [ 77.433013955190319, 23.227845249996903 ], [ 77.433007455190335, 23.227828650001705 ], [ 77.432949455190325, 23.22784774999618 ] ] ] } },
{ "type": "Feature", "properties": { }, "geometry": { "type": "Polygon", "coordinates": [ [ [ 77.432726155190338, 23.227214350179555 ], [ 77.432885055190326, 23.227337250143972 ], [ 77.432927655190326, 23.22729075015744 ], [ 77.432888955190322, 23.227260750166117 ], [ 77.43288155519032, 23.227268850163775 ], [ 77.432810855190326, 23.227214250179586 ], [ 77.432818255190341, 23.227206150181928 ], [ 77.432768755190338, 23.227167850193023 ], [ 77.432726155190338, 23.227214350179555 ] ] ] } },
{ "type": "Feature", "properties": { }, "geometry": { "type": "Polygon", "coordinates": [ [ [ 77.442852855190338, 23.226505350384809 ], [ 77.442931055190328, 23.226496350387414 ], [ 77.442899955190327, 23.22626695045382 ], [ 77.443044355190338, 23.226253450457726 ], [ 77.44306985519033, 23.226488650389641 ], [ 77.442566855190336, 23.226546850372792 ], [ 77.442580255190336, 23.226645150344339 ], [ 77.442865655190332, 23.226612150353887 ], [ 77.442860355190319, 23.226573650365037 ], [ 77.443150355190326, 23.226540150374731 ], [ 77.443144655190338, 23.226498550386772 ], [ 77.443117355190338, 23.22624655045972 ], [ 77.443111955190332, 23.226173850480777 ], [ 77.442890255190321, 23.226194650474753 ], [ 77.44281175519032, 23.226201150472871 ], [ 77.442852855190338, 23.226505350384809 ] ] ] } },
{ "type": "Feature", "properties": { }, "geometry": { "type": "Polygon", "coordinates": [ [ [ 77.443091455190327, 23.226767450308934 ], [ 77.443131955190324, 23.226763250310146 ], [ 77.443121455190322, 23.226678650334637 ], [ 77.443014555190317, 23.226689850331393 ], [ 77.442787955190326, 23.226713750324478 ], [ 77.442785255190316, 23.226692350330676 ], [ 77.442507155190341, 23.226721650322194 ], [ 77.442520455190319, 23.226827650291501 ], [ 77.443008155190341, 23.226776250306386 ], [ 77.443026155190324, 23.227003750240527 ], [ 77.442889755190336, 23.227014950237276 ], [ 77.442873155190327, 23.226801150299174 ], [ 77.442788755190321, 23.226806750297552 ], [ 77.442812755190332, 23.227115650208127 ], [ 77.442900355190318, 23.227105950210937 ], [ 77.443126855190329, 23.227080850218204 ], [ 77.443091455190327, 23.226767450308934 ] ] ] } },
{ "type": "Feature", "properties": { }, "geometry": { "type": "Polygon", "coordinates": [ [ [ 77.442930555190316, 23.225959950542698 ], [ 77.443127955190334, 23.225957550543388 ], [ 77.443126655190326, 23.225870550568569 ], [ 77.442929255190336, 23.225872950567879 ], [ 77.442930555190316, 23.225959950542698 ] ] ] } },
{ "type": "Feature", "properties": { }, "geometry": { "type": "Polygon", "coordinates": [ [ [ 77.442920855190337, 23.225548450661819 ], [ 77.443081355190316, 23.225546050662512 ], [ 77.443079055190324, 23.225415950700171 ], [ 77.442918555190332, 23.225418350699481 ], [ 77.442920855190337, 23.225548450661819 ] ] ] } },
{ "type": "Feature", "properties": { }, "geometry": { "type": "Polygon", "coordinates": [ [ [ 77.443435055190321, 23.225447050691173 ], [ 77.443633555190317, 23.225449250690534 ], [ 77.443635155190336, 23.225329650725158 ], [ 77.443436655190339, 23.225327450725789 ], [ 77.443435055190321, 23.225447050691173 ] ] ] } },
{ "type": "Feature", "properties": { }, "geometry": { "type": "Polygon", "coordinates": [ [ [ 77.443432155190337, 23.224357251006634 ], [ 77.44364715519032, 23.224366051004093 ], [ 77.44365815519032, 23.224139551069662 ], [ 77.443443155190323, 23.224130751072202 ], [ 77.443432155190337, 23.224357251006634 ] ] ] } },
{ "type": "Feature", "properties": { }, "geometry": { "type": "Polygon", "coordinates": [ [ [ 77.443498155190326, 23.225114550787424 ], [ 77.443632255190337, 23.225114550787424 ], [ 77.443632255190337, 23.224977750827026 ], [ 77.443498155190326, 23.224977750827026 ], [ 77.443498155190326, 23.225114550787424 ] ] ] } },
{ "type": "Feature", "properties": { }, "geometry": { "type": "Polygon", "coordinates": [ [ [ 77.443454655190322, 23.225704350616684 ], [ 77.443645355190327, 23.225707150615882 ], [ 77.443647655190333, 23.225572650654811 ], [ 77.443456955190328, 23.225569950655593 ], [ 77.443454655190322, 23.225704350616684 ] ] ] } },
{ "type": "Feature", "properties": { }, "geometry": { "type": "Polygon", "coordinates": [ [ [ 77.442925255190318, 23.224405250992746 ], [ 77.443113955190341, 23.224403450993268 ], [ 77.443112555190339, 23.224280251028929 ], [ 77.442923955190338, 23.224281951028438 ], [ 77.442925255190318, 23.224405250992746 ] ] ] } },
{ "type": "Feature", "properties": { }, "geometry": { "type": "Polygon", "coordinates": [ [ [ 77.443522255190331, 23.224788550881787 ], [ 77.443656755190332, 23.224789450881531 ], [ 77.443658255190343, 23.224595750937603 ], [ 77.443523755190341, 23.224594850937862 ], [ 77.443522255190331, 23.224788550881787 ] ] ] } },
{ "type": "Feature", "properties": { }, "geometry": { "type": "Polygon", "coordinates": [ [ [ 77.442914955190318, 23.225072850799499 ], [ 77.443106855190322, 23.225073550799291 ], [ 77.443107255190341, 23.224995150821986 ], [ 77.443079655190317, 23.224994950822047 ], [ 77.443079955190328, 23.224932450840139 ], [ 77.442915555190325, 23.224931750840337 ], [ 77.442914955190318, 23.225072850799499 ] ] ] } },
{ "type": "Feature", "properties": { }, "geometry": { "type": "Polygon", "coordinates": [ [ [ 77.440768855190342, 23.233123648468595 ], [ 77.441023755190315, 23.233095248476829 ], [ 77.440738855190318, 23.232924948526136 ], [ 77.440768855190342, 23.233123648468595 ] ] ] } },
{ "type": "Feature", "properties": { }, "geometry": { "type": "Polygon", "coordinates": [ [ [ 77.433568155190315, 23.235804747692189 ], [ 77.433774555190325, 23.235837947682569 ], [ 77.433809655190331, 23.235653547735978 ], [ 77.433603355190343, 23.235620347745595 ], [ 77.433568155190315, 23.235804747692189 ] ] ] } },
{ "type": "Feature", "properties": { }, "geometry": { "type": "Polygon", "coordinates": [ [ [ 77.440523455190316, 23.23698394735068 ], [ 77.440679055190316, 23.236993247347989 ], [ 77.440686655190333, 23.236884047379615 ], [ 77.440531155190342, 23.236874747382306 ], [ 77.440523455190316, 23.23698394735068 ] ] ] } },
{ "type": "Feature", "properties": { }, "geometry": { "type": "Polygon", "coordinates": [ [ [ 77.435064155190332, 23.237133347307413 ], [ 77.43510775519033, 23.236951647360037 ], [ 77.43500475519032, 23.236930747366088 ], [ 77.434961155190337, 23.237112547313433 ], [ 77.435064155190332, 23.237133347307413 ] ] ] } },
{ "type": "Feature", "properties": { }, "geometry": { "type": "Polygon", "coordinates": [ [ [ 77.441797655190342, 23.234159748168569 ], [ 77.441947855190335, 23.234160348168395 ], [ 77.441948255190326, 23.234077548192367 ], [ 77.441798055190318, 23.234076948192548 ], [ 77.441797655190342, 23.234159748168569 ] ] ] } },
{ "type": "Feature", "properties": { }, "geometry": { "type": "Polygon", "coordinates": [ [ [ 77.434976955190322, 23.236051547620715 ], [ 77.435112755190332, 23.236079547612604 ], [ 77.435138855190331, 23.235972747643533 ], [ 77.435003055190322, 23.235944747651644 ], [ 77.434976955190322, 23.236051547620715 ] ] ] } },
{ "type": "Feature", "properties": { }, "geometry": { "type": "Polygon", "coordinates": [ [ [ 77.440974555190337, 23.229606149487093 ], [ 77.441272255190341, 23.22961724948388 ], [ 77.441283255190342, 23.229367649556142 ], [ 77.440985555190323, 23.229356549559359 ], [ 77.440974555190337, 23.229606149487093 ] ] ] } },
{ "type": "Feature", "properties": { }, "geometry": { "type": "Polygon", "coordinates": [ [ [ 77.440428855190333, 23.229892449404201 ], [ 77.440750755190322, 23.229904149400809 ], [ 77.440755455190342, 23.229795949432138 ], [ 77.440433555190339, 23.229784249435525 ], [ 77.440428855190333, 23.229892449404201 ] ] ] } },
{ "type": "Feature", "properties": { }, "geometry": { "type": "Polygon", "coordinates": [ [ [ 77.441807355190321, 23.234695648013371 ], [ 77.441963955190332, 23.234697248012914 ], [ 77.44196525519034, 23.234587248044768 ], [ 77.441808655190343, 23.234585748045205 ], [ 77.441807355190321, 23.234695648013371 ] ] ] } },
{ "type": "Feature", "properties": { }, "geometry": { "type": "Polygon", "coordinates": [ [ [ 77.441333255190315, 23.231659348892606 ], [ 77.441491555190339, 23.231654348894054 ], [ 77.441483755190333, 23.231442648955351 ], [ 77.441325455190338, 23.231447548953934 ], [ 77.441333255190315, 23.231659348892606 ] ] ] } },
{ "type": "Feature", "properties": { }, "geometry": { "type": "Polygon", "coordinates": [ [ [ 77.433931555190341, 23.236716747428062 ], [ 77.434125355190332, 23.236760447415413 ], [ 77.434149355190328, 23.236670847441356 ], [ 77.433955555190323, 23.236627147454019 ], [ 77.433931555190341, 23.236716747428062 ] ] ] } },
{ "type": "Feature", "properties": { }, "geometry": { "type": "Polygon", "coordinates": [ [ [ 77.435645355190331, 23.233926648236068 ], [ 77.435588855190318, 23.234181648162224 ], [ 77.435818355190335, 23.234224648149777 ], [ 77.43587485519032, 23.233969648223617 ], [ 77.435645355190331, 23.233926648236068 ] ] ] } },
{ "type": "Feature", "properties": { }, "geometry": { "type": "Polygon", "coordinates": [ [ [ 77.440534155190321, 23.236866247384771 ], [ 77.440691755190329, 23.236875547382077 ], [ 77.440699955190325, 23.236757747416188 ], [ 77.440542355190317, 23.23674844741889 ], [ 77.440534155190321, 23.236866247384771 ] ] ] } },
{ "type": "Feature", "properties": { }, "geometry": { "type": "Polygon", "coordinates": [ [ [ 77.435164255190315, 23.23714344730449 ], [ 77.435373555190324, 23.237183747292814 ], [ 77.435395155190321, 23.237089247320181 ], [ 77.43518585519034, 23.237048947331857 ], [ 77.435164255190315, 23.23714344730449 ] ] ] } },
{ "type": "Feature", "properties": { }, "geometry": { "type": "Polygon", "coordinates": [ [ [ 77.44050305519032, 23.237243047275641 ], [ 77.440647855190321, 23.237252847272803 ], [ 77.440658755190327, 23.237117047312129 ], [ 77.440513955190326, 23.23710724731497 ], [ 77.44050305519032, 23.237243047275641 ] ] ] } },
{ "type": "Feature", "properties": { }, "geometry": { "type": "Polygon", "coordinates": [ [ [ 77.433805155190342, 23.237209347285397 ], [ 77.434012355190319, 23.237243847275408 ], [ 77.434027755190343, 23.23716604729794 ], [ 77.433820555190337, 23.237131447307963 ], [ 77.433805155190342, 23.237209347285397 ] ] ] } },
{ "type": "Feature", "properties": { }, "geometry": { "type": "Polygon", "coordinates": [ [ [ 77.442007955190334, 23.236674347440349 ], [ 77.442005755190337, 23.236730947423961 ], [ 77.442139555190337, 23.236735347422677 ], [ 77.44214175519032, 23.236678647439099 ], [ 77.442007955190334, 23.236674347440349 ] ] ] } },
{ "type": "Feature", "properties": { }, "geometry": { "type": "Polygon", "coordinates": [ [ [ 77.441799055190316, 23.234429248090525 ], [ 77.441949955190339, 23.234429748090378 ], [ 77.441950255190321, 23.234343148115453 ], [ 77.441799455190335, 23.234342648115604 ], [ 77.441799055190316, 23.234429248090525 ] ] ] } },
{ "type": "Feature", "properties": { }, "geometry": { "type": "Polygon", "coordinates": [ [ [ 77.438832555190331, 23.237721447137083 ], [ 77.43898535519034, 23.237742547130978 ], [ 77.439011555190334, 23.237581747177543 ], [ 77.438858855190318, 23.237560647183653 ], [ 77.438832555190331, 23.237721447137083 ] ] ] } },
{ "type": "Feature", "properties": { }, "geometry": { "type": "Polygon", "coordinates": [ [ [ 77.435670655190322, 23.236336247538258 ], [ 77.435659355190325, 23.236381647525111 ], [ 77.435764455190338, 23.236403847518684 ], [ 77.435775855190343, 23.236358347531858 ], [ 77.435670655190322, 23.236336247538258 ] ] ] } },
{ "type": "Feature", "properties": { }, "geometry": { "type": "Polygon", "coordinates": [ [ [ 77.433993255190316, 23.236538047479822 ], [ 77.434188355190329, 23.23658604746592 ], [ 77.434214955190342, 23.236494847492331 ], [ 77.434019855190328, 23.23644684750623 ], [ 77.433993255190316, 23.236538047479822 ] ] ] } },
{ "type": "Feature", "properties": { }, "geometry": { "type": "Polygon", "coordinates": [ [ [ 77.441959955190327, 23.234808747980626 ], [ 77.441957555190342, 23.234870847962647 ], [ 77.442111155190318, 23.234875747961222 ], [ 77.442113455190338, 23.234813647979202 ], [ 77.441959955190327, 23.234808747980626 ] ] ] } },
{ "type": "Feature", "properties": { }, "geometry": { "type": "Polygon", "coordinates": [ [ [ 77.435722255190342, 23.236073847614257 ], [ 77.435834255190329, 23.23609944760684 ], [ 77.435847155190331, 23.23605174762066 ], [ 77.435735155190329, 23.236026147628074 ], [ 77.435722255190342, 23.236073847614257 ] ] ] } },
{ "type": "Feature", "properties": { }, "geometry": { "type": "Polygon", "coordinates": [ [ [ 77.435926155190316, 23.235313847834352 ], [ 77.43606205519032, 23.235339247826992 ], [ 77.43610025519034, 23.235166747876953 ], [ 77.435964355190336, 23.235141347884301 ], [ 77.435926155190316, 23.235313847834352 ] ] ] } },
{ "type": "Feature", "properties": { }, "geometry": { "type": "Polygon", "coordinates": [ [ [ 77.440612255190331, 23.233132548466017 ], [ 77.440752655190323, 23.233114748471184 ], [ 77.440735155190325, 23.232998548504828 ], [ 77.440594755190332, 23.233016348499675 ], [ 77.440612255190331, 23.233132548466017 ] ] ] } },
{ "type": "Feature", "properties": { }, "geometry": { "type": "Polygon", "coordinates": [ [ [ 77.440426855190324, 23.230183349319972 ], [ 77.440752055190316, 23.23019144931763 ], [ 77.440756655190341, 23.230035849362679 ], [ 77.440431455190335, 23.230027749365021 ], [ 77.440426855190324, 23.230183349319972 ] ] ] } },
{ "type": "Feature", "properties": { }, "geometry": { "type": "Polygon", "coordinates": [ [ [ 77.44025735519034, 23.233161048457767 ], [ 77.440377255190327, 23.233144048462695 ], [ 77.440357155190341, 23.233024448497325 ], [ 77.440237255190326, 23.233041548492366 ], [ 77.44025735519034, 23.233161048457767 ] ] ] } },
{ "type": "Feature", "properties": { }, "geometry": { "type": "Polygon", "coordinates": [ [ [ 77.440954055190318, 23.231572148917852 ], [ 77.441086855190321, 23.231574648917128 ], [ 77.441088755190322, 23.231488648942026 ], [ 77.440955955190333, 23.231486148942754 ], [ 77.440954055190318, 23.231572148917852 ] ] ] } },
{ "type": "Feature", "properties": { }, "geometry": { "type": "Polygon", "coordinates": [ [ [ 77.439863655190322, 23.2329972485052 ], [ 77.440008955190336, 23.233013048500624 ], [ 77.440021155190337, 23.23291764852825 ], [ 77.439875955190331, 23.232901948532799 ], [ 77.439863655190322, 23.2329972485052 ] ] ] } },
{ "type": "Feature", "properties": { }, "geometry": { "type": "Polygon", "coordinates": [ [ [ 77.440506655190333, 23.229649849474438 ], [ 77.440880955190323, 23.229661249471135 ], [ 77.440891255190323, 23.229375349553919 ], [ 77.440516955190333, 23.229364049557184 ], [ 77.440506655190333, 23.229649849474438 ] ] ] } },
{ "type": "Feature", "properties": { }, "geometry": { "type": "Polygon", "coordinates": [ [ [ 77.435761155190335, 23.236023947628706 ], [ 77.435850055190329, 23.236045847622368 ], [ 77.435860655190339, 23.23600934763293 ], [ 77.435771855190339, 23.235987447639275 ], [ 77.435761155190335, 23.236023947628706 ] ] ] } },
{ "type": "Feature", "properties": { }, "geometry": { "type": "Polygon", "coordinates": [ [ [ 77.441311455190316, 23.232091248767546 ], [ 77.441467755190317, 23.23209834876549 ], [ 77.441472055190317, 23.2320178487888 ], [ 77.441315855190325, 23.232010748790856 ], [ 77.441311455190316, 23.232091248767546 ] ] ] } },
{ "type": "Feature", "properties": { }, "geometry": { "type": "Polygon", "coordinates": [ [ [ 77.435743055190315, 23.234585048045403 ], [ 77.435987855190334, 23.234634948030958 ], [ 77.436016655190329, 23.234515748065476 ], [ 77.435771855190339, 23.234465848079928 ], [ 77.435743055190315, 23.234585048045403 ] ] ] } },
{ "type": "Feature", "properties": { }, "geometry": { "type": "Polygon", "coordinates": [ [ [ 77.439241355190333, 23.232614048616171 ], [ 77.439385555190327, 23.232635748609876 ], [ 77.439408455190332, 23.232507248647089 ], [ 77.439264255190324, 23.232485548653369 ], [ 77.439241355190333, 23.232614048616171 ] ] ] } },
{ "type": "Feature", "properties": { }, "geometry": { "type": "Polygon", "coordinates": [ [ [ 77.435269455190337, 23.236706547431016 ], [ 77.435413455190343, 23.236724747425747 ], [ 77.43542755519033, 23.236630547453025 ], [ 77.435283555190324, 23.236612347458301 ], [ 77.435269455190337, 23.236706547431016 ] ] ] } },
{ "type": "Feature", "properties": { }, "geometry": { "type": "Polygon", "coordinates": [ [ [ 77.435770855190341, 23.234461848081079 ], [ 77.435973755190318, 23.234504348068782 ], [ 77.435998155190319, 23.234405948097269 ], [ 77.435795355190336, 23.23436344810958 ], [ 77.435770855190341, 23.234461848081079 ] ] ] } },
{ "type": "Feature", "properties": { }, "geometry": { "type": "Polygon", "coordinates": [ [ [ 77.435896955190316, 23.234074448193276 ], [ 77.435980755190329, 23.234087348189526 ], [ 77.43599445519034, 23.23401254821119 ], [ 77.435910655190341, 23.233999648214933 ], [ 77.435896955190316, 23.234074448193276 ] ] ] } },
{ "type": "Feature", "properties": { }, "geometry": { "type": "Polygon", "coordinates": [ [ [ 77.44131775519034, 23.232005348792413 ], [ 77.441478455190321, 23.232013148790166 ], [ 77.441482655190327, 23.231941348810949 ], [ 77.441321855190324, 23.23193354881321 ], [ 77.44131775519034, 23.232005348792413 ] ] ] } },
{ "type": "Feature", "properties": { }, "geometry": { "type": "Polygon", "coordinates": [ [ [ 77.43502725519032, 23.236900447374865 ], [ 77.435219055190316, 23.236925147367707 ], [ 77.435233855190319, 23.23682784739589 ], [ 77.435042055190337, 23.236803247403014 ], [ 77.43502725519032, 23.236900447374865 ] ] ] } },
{ "type": "Feature", "properties": { }, "geometry": { "type": "Polygon", "coordinates": [ [ [ 77.433802855190336, 23.237213047284335 ], [ 77.433783355190343, 23.237312247255602 ], [ 77.433993555190341, 23.237347047245521 ], [ 77.434013055190334, 23.237247847274247 ], [ 77.433802855190336, 23.237213047284335 ] ] ] } },
{ "type": "Feature", "properties": { }, "geometry": { "type": "Polygon", "coordinates": [ [ [ 77.435705355190336, 23.234659348023897 ], [ 77.435898055190336, 23.234699148012368 ], [ 77.435916255190321, 23.23462504803382 ], [ 77.435723455190342, 23.234585248045349 ], [ 77.435705355190336, 23.234659348023897 ] ] ] } },
{ "type": "Feature", "properties": { }, "geometry": { "type": "Polygon", "coordinates": [ [ [ 77.434863955190337, 23.236440947507937 ], [ 77.435012055190342, 23.236466847500434 ], [ 77.43503115519033, 23.236374447527197 ], [ 77.434883055190326, 23.236348547534696 ], [ 77.434863955190337, 23.236440947507937 ] ] ] } },
{ "type": "Feature", "properties": { }, "geometry": { "type": "Polygon", "coordinates": [ [ [ 77.433956155190316, 23.236622447455375 ], [ 77.434151655190334, 23.236670547441449 ], [ 77.434175755190324, 23.23658784746539 ], [ 77.43398025519032, 23.236539747479327 ], [ 77.433956155190316, 23.236622447455375 ] ] ] } },
{ "type": "Feature", "properties": { }, "geometry": { "type": "Polygon", "coordinates": [ [ [ 77.441959855190333, 23.234701848011582 ], [ 77.441958355190337, 23.234804947981726 ], [ 77.442108555190316, 23.234806747981203 ], [ 77.442110055190327, 23.234703648011063 ], [ 77.441959855190333, 23.234701848011582 ] ] ] } },
{ "type": "Feature", "properties": { }, "geometry": { "type": "Polygon", "coordinates": [ [ [ 77.434020455190321, 23.236442547507473 ], [ 77.434217255190319, 23.236489947493745 ], [ 77.434235555190341, 23.236425847512308 ], [ 77.434038755190315, 23.236378447526043 ], [ 77.434020455190321, 23.236442547507473 ] ] ] } },
{ "type": "Feature", "properties": { }, "geometry": { "type": "Polygon", "coordinates": [ [ [ 77.435910055190334, 23.235370847817848 ], [ 77.436042455190318, 23.235394847810895 ], [ 77.436054355190336, 23.235339447826938 ], [ 77.435921955190338, 23.235315447833884 ], [ 77.435910055190334, 23.235370847817848 ] ] ] } },
{ "type": "Feature", "properties": { }, "geometry": { "type": "Polygon", "coordinates": [ [ [ 77.435282255190316, 23.236607947459575 ], [ 77.435441455190329, 23.236631147452854 ], [ 77.43546465519033, 23.236497547491545 ], [ 77.435305455190331, 23.236474247498293 ], [ 77.435282255190316, 23.236607947459575 ] ] ] } },
{ "type": "Feature", "properties": { }, "geometry": { "type": "Polygon", "coordinates": [ [ [ 77.438853755190323, 23.237553947185592 ], [ 77.439009355190322, 23.23757794717865 ], [ 77.439029255190334, 23.237469247210122 ], [ 77.438873655190321, 23.237445247217082 ], [ 77.438853755190323, 23.237553947185592 ] ] ] } },
{ "type": "Feature", "properties": { }, "geometry": { "type": "Polygon", "coordinates": [ [ [ 77.439276255190322, 23.233150748460748 ], [ 77.43943075519033, 23.233167948455772 ], [ 77.439443055190324, 23.233074048482962 ], [ 77.439288655190339, 23.233056848487941 ], [ 77.439276255190322, 23.233150748460748 ] ] ] } },
{ "type": "Feature", "properties": { }, "geometry": { "type": "Polygon", "coordinates": [ [ [ 77.44065105519033, 23.237270647267639 ], [ 77.440813055190333, 23.237282947264088 ], [ 77.44082465519034, 23.237153847301474 ], [ 77.440662655190323, 23.237141647305005 ], [ 77.44065105519033, 23.237270647267639 ] ] ] } },
{ "type": "Feature", "properties": { }, "geometry": { "type": "Polygon", "coordinates": [ [ [ 77.438674555190318, 23.237616447167497 ], [ 77.438828555190327, 23.237637947161272 ], [ 77.438856655190335, 23.237467347210675 ], [ 77.43870275519032, 23.237445847216904 ], [ 77.438674555190318, 23.237616447167497 ] ] ] } },
{ "type": "Feature", "properties": { }, "geometry": { "type": "Polygon", "coordinates": [ [ [ 77.43511525519034, 23.236584447466381 ], [ 77.435275655190324, 23.236611347458592 ], [ 77.435303455190322, 23.236472047498932 ], [ 77.435142955190329, 23.236445047506756 ], [ 77.43511525519034, 23.236584447466381 ] ] ] } },
{ "type": "Feature", "properties": { }, "geometry": { "type": "Polygon", "coordinates": [ [ [ 77.435786055190334, 23.235950147650076 ], [ 77.435776155190339, 23.235984547640122 ], [ 77.435863155190319, 23.236005747633978 ], [ 77.435873155190336, 23.235971447643912 ], [ 77.435786055190334, 23.235950147650076 ] ] ] } },
{ "type": "Feature", "properties": { }, "geometry": { "type": "Polygon", "coordinates": [ [ [ 77.44196295519032, 23.235147347882567 ], [ 77.441959855190333, 23.235247947853434 ], [ 77.442104455190318, 23.235251547852393 ], [ 77.442107455190339, 23.235151047881494 ], [ 77.44196295519032, 23.235147347882567 ] ] ] } },
{ "type": "Feature", "properties": { }, "geometry": { "type": "Polygon", "coordinates": [ [ [ 77.435137255190341, 23.234170448165468 ], [ 77.435278055190338, 23.234197548157624 ], [ 77.435309355190341, 23.234059948197462 ], [ 77.43516855519033, 23.234032848205313 ], [ 77.435137255190341, 23.234170448165468 ] ] ] } },
{ "type": "Feature", "properties": { }, "geometry": { "type": "Polygon", "coordinates": [ [ [ 77.438598755190327, 23.231402948966849 ], [ 77.439045355190316, 23.231382648972726 ], [ 77.439040355190343, 23.231288748999912 ], [ 77.438593755190325, 23.231309048994039 ], [ 77.438598755190327, 23.231402948966849 ] ] ] } },
{ "type": "Feature", "properties": { }, "geometry": { "type": "Polygon", "coordinates": [ [ [ 77.441771655190337, 23.237232247278772 ], [ 77.441874255190328, 23.237234147278219 ], [ 77.441876755190322, 23.237116447312307 ], [ 77.441774155190316, 23.237114647312822 ], [ 77.441771655190337, 23.237232247278772 ] ] ] } },
{ "type": "Feature", "properties": { }, "geometry": { "type": "Polygon", "coordinates": [ [ [ 77.434242055190325, 23.236590947464499 ], [ 77.434441855190343, 23.236635147451697 ], [ 77.434461955190329, 23.23655854747388 ], [ 77.434262155190325, 23.236514347486679 ], [ 77.434242055190325, 23.236590947464499 ] ] ] } },
{ "type": "Feature", "properties": { }, "geometry": { "type": "Polygon", "coordinates": [ [ [ 77.435208955190319, 23.233873448251476 ], [ 77.435359155190326, 23.233902948242935 ], [ 77.435375455190339, 23.233833048263175 ], [ 77.435225255190318, 23.233803548271716 ], [ 77.435208955190319, 23.233873448251476 ] ] ] } },
{ "type": "Feature", "properties": { }, "geometry": { "type": "Polygon", "coordinates": [ [ [ 77.441077155190342, 23.230088049347565 ], [ 77.441361455190332, 23.230088049347565 ], [ 77.441361455190332, 23.229815649426435 ], [ 77.441077155190342, 23.229815649426435 ], [ 77.441077155190342, 23.230088049347565 ] ] ] } },
{ "type": "Feature", "properties": { }, "geometry": { "type": "Polygon", "coordinates": [ [ [ 77.440030755190321, 23.231696648881798 ], [ 77.440205455190338, 23.231694748882354 ], [ 77.440203455190328, 23.231537548927871 ], [ 77.44002875519034, 23.231539448927318 ], [ 77.440030755190321, 23.231696648881798 ] ] ] } },
{ "type": "Feature", "properties": { }, "geometry": { "type": "Polygon", "coordinates": [ [ [ 77.434085455190342, 23.237184647292555 ], [ 77.434292655190319, 23.237225947280589 ], [ 77.434310955190327, 23.237148447303035 ], [ 77.434103755190336, 23.237107147314997 ], [ 77.434085455190342, 23.237184647292555 ] ] ] } },
{ "type": "Feature", "properties": { }, "geometry": { "type": "Polygon", "coordinates": [ [ [ 77.441954555190321, 23.235414447805219 ], [ 77.442089355190333, 23.235419347803798 ], [ 77.442093555190326, 23.235322647831801 ], [ 77.441958755190328, 23.235317747833221 ], [ 77.441954555190321, 23.235414447805219 ] ] ] } },
{ "type": "Feature", "properties": { }, "geometry": { "type": "Polygon", "coordinates": [ [ [ 77.435538555190334, 23.236768747413006 ], [ 77.435639155190316, 23.236786647407815 ], [ 77.435650455190327, 23.236732747423435 ], [ 77.435549855190331, 23.236714847428619 ], [ 77.435538555190334, 23.236768747413006 ] ] ] } },
{ "type": "Feature", "properties": { }, "geometry": { "type": "Polygon", "coordinates": [ [ [ 77.43927125519032, 23.232477348655745 ], [ 77.43941135519033, 23.232496648650155 ], [ 77.439434255190335, 23.232356048690868 ], [ 77.439294155190325, 23.232336748696458 ], [ 77.43927125519032, 23.232477348655745 ] ] ] } },
{ "type": "Feature", "properties": { }, "geometry": { "type": "Polygon", "coordinates": [ [ [ 77.440286755190343, 23.237979647062307 ], [ 77.440265655190316, 23.238066847037043 ], [ 77.440413855190343, 23.238097047028301 ], [ 77.440434955190327, 23.238009847053554 ], [ 77.440286755190343, 23.237979647062307 ] ] ] } },
{ "type": "Feature", "properties": { }, "geometry": { "type": "Polygon", "coordinates": [ [ [ 77.435096255190331, 23.236680247438635 ], [ 77.43525545519033, 23.236707947430613 ], [ 77.43527395519034, 23.23661834745656 ], [ 77.435114655190318, 23.236590647464581 ], [ 77.435096255190331, 23.236680247438635 ] ] ] } },
{ "type": "Feature", "properties": { }, "geometry": { "type": "Polygon", "coordinates": [ [ [ 77.435558755190343, 23.234408048096657 ], [ 77.435766755190343, 23.234447148085341 ], [ 77.435792055190333, 23.234333248118322 ], [ 77.435584055190333, 23.234294148129653 ], [ 77.435558755190343, 23.234408048096657 ] ] ] } },
{ "type": "Feature", "properties": { }, "geometry": { "type": "Polygon", "coordinates": [ [ [ 77.441967855190342, 23.2372445472752 ], [ 77.442050355190318, 23.23724794727422 ], [ 77.44205645519034, 23.237124147310077 ], [ 77.441973855190341, 23.237120747311057 ], [ 77.441967855190342, 23.2372445472752 ] ] ] } },
{ "type": "Feature", "properties": { }, "geometry": { "type": "Polygon", "coordinates": [ [ [ 77.441801255190342, 23.235082247901421 ], [ 77.441960855190317, 23.23508424790084 ], [ 77.441962355190341, 23.234981447930615 ], [ 77.441802755190338, 23.234979447931195 ], [ 77.441801255190342, 23.235082247901421 ] ] ] } },
{ "type": "Feature", "properties": { }, "geometry": { "type": "Polygon", "coordinates": [ [ [ 77.434276655190331, 23.235324547831251 ], [ 77.434479455190328, 23.235362047820388 ], [ 77.434492555190317, 23.235302047837774 ], [ 77.434289755190321, 23.235264547848633 ], [ 77.434276655190331, 23.235324547831251 ] ] ] } },
{ "type": "Feature", "properties": { }, "geometry": { "type": "Polygon", "coordinates": [ [ [ 77.434223555190329, 23.236692347435135 ], [ 77.43442405519032, 23.236736747422277 ], [ 77.434448555190329, 23.23664334744932 ], [ 77.434248055190338, 23.236598947462181 ], [ 77.434223555190329, 23.236692347435135 ] ] ] } },
{ "type": "Feature", "properties": { }, "geometry": { "type": "Polygon", "coordinates": [ [ [ 77.441957555190342, 23.235314047834297 ], [ 77.442095355190332, 23.235318947832873 ], [ 77.442098055190343, 23.235255647851204 ], [ 77.441960255190338, 23.235250747852625 ], [ 77.441957555190342, 23.235314047834297 ] ] ] } },
{ "type": "Feature", "properties": { }, "geometry": { "type": "Polygon", "coordinates": [ [ [ 77.435579755190332, 23.236703747431829 ], [ 77.435680055190318, 23.236725347425569 ], [ 77.435691555190331, 23.23667994743872 ], [ 77.435591355190326, 23.236658447444945 ], [ 77.435579755190332, 23.236703747431829 ] ] ] } },
{ "type": "Feature", "properties": { }, "geometry": { "type": "Polygon", "coordinates": [ [ [ 77.441858555190336, 23.236801247403587 ], [ 77.441994255190323, 23.23680864740145 ], [ 77.442004555190337, 23.236650347447295 ], [ 77.441868755190328, 23.23664294744944 ], [ 77.441858555190336, 23.236801247403587 ] ] ] } },
{ "type": "Feature", "properties": { }, "geometry": { "type": "Polygon", "coordinates": [ [ [ 77.435092955190342, 23.234294848129444 ], [ 77.435241855190341, 23.234324448120876 ], [ 77.435270255190332, 23.234203648155859 ], [ 77.435121355190333, 23.234174048164427 ], [ 77.435092955190342, 23.234294848129444 ] ] ] } },
{ "type": "Feature", "properties": { }, "geometry": { "type": "Polygon", "coordinates": [ [ [ 77.438650255190325, 23.232552148634088 ], [ 77.438797055190321, 23.232569448629071 ], [ 77.438810055190331, 23.232476448656001 ], [ 77.43866325519032, 23.232459148661015 ], [ 77.438650255190325, 23.232552148634088 ] ] ] } },
{ "type": "Feature", "properties": { }, "geometry": { "type": "Polygon", "coordinates": [ [ [ 77.434022355190336, 23.236355147532787 ], [ 77.434223655190323, 23.236405247518277 ], [ 77.434273455190322, 23.23623674756708 ], [ 77.434072055190342, 23.236186647581587 ], [ 77.434022355190336, 23.236355147532787 ] ] ] } },
{ "type": "Feature", "properties": { }, "geometry": { "type": "Polygon", "coordinates": [ [ [ 77.441807055190338, 23.235093847898064 ], [ 77.441804955190321, 23.235172247875358 ], [ 77.441955155190342, 23.235175647874378 ], [ 77.441957255190317, 23.235097247897077 ], [ 77.441807055190338, 23.235093847898064 ] ] ] } },
{ "type": "Feature", "properties": { }, "geometry": { "type": "Polygon", "coordinates": [ [ [ 77.440701155190325, 23.236892747377095 ], [ 77.440847955190321, 23.236901347374602 ], [ 77.440852955190323, 23.236830247395194 ], [ 77.440706055190319, 23.23682164739769 ], [ 77.440701155190325, 23.236892747377095 ] ] ] } },
{ "type": "Feature", "properties": { }, "geometry": { "type": "Polygon", "coordinates": [ [ [ 77.439298155190343, 23.233038348493306 ], [ 77.439455055190336, 23.233058948487333 ], [ 77.439464855190323, 23.23299624850549 ], [ 77.439307955190316, 23.232975648511456 ], [ 77.439298155190343, 23.233038348493306 ] ] ] } },
{ "type": "Feature", "properties": { }, "geometry": { "type": "Polygon", "coordinates": [ [ [ 77.435141155190337, 23.236441647507732 ], [ 77.435293355190325, 23.236466847500434 ], [ 77.435308155190341, 23.236391347522307 ], [ 77.435155955190339, 23.236366147529601 ], [ 77.435141155190337, 23.236441647507732 ] ] ] } },
{ "type": "Feature", "properties": { }, "geometry": { "type": "Polygon", "coordinates": [ [ [ 77.439346855190323, 23.231988648797255 ], [ 77.439456555190318, 23.232005048792505 ], [ 77.439473855190343, 23.231907348820798 ], [ 77.439364155190319, 23.231890948825548 ], [ 77.439346855190323, 23.231988648797255 ] ] ] } },
{ "type": "Feature", "properties": { }, "geometry": { "type": "Polygon", "coordinates": [ [ [ 77.442012055190332, 23.23666604744275 ], [ 77.442145155190332, 23.2366703474415 ], [ 77.44214925519033, 23.236563847472343 ], [ 77.442016155190316, 23.236559547473593 ], [ 77.442012055190332, 23.23666604744275 ] ] ] } },
{ "type": "Feature", "properties": { }, "geometry": { "type": "Polygon", "coordinates": [ [ [ 77.435616355190334, 23.236547247477155 ], [ 77.43571855519032, 23.236567847471186 ], [ 77.435728855190334, 23.236524947483616 ], [ 77.435626655190333, 23.236504247489602 ], [ 77.435616355190334, 23.236547247477155 ] ] ] } },
{ "type": "Feature", "properties": { }, "geometry": { "type": "Polygon", "coordinates": [ [ [ 77.441961955190322, 23.23514394788355 ], [ 77.442107455190339, 23.235147347882567 ], [ 77.44210975519033, 23.235063347906898 ], [ 77.441964255190328, 23.235059947907882 ], [ 77.441961955190322, 23.23514394788355 ] ] ] } },
{ "type": "Feature", "properties": { }, "geometry": { "type": "Polygon", "coordinates": [ [ [ 77.438242255190332, 23.235301847837825 ], [ 77.438415855190343, 23.235325847830875 ], [ 77.438435655190318, 23.235205347865776 ], [ 77.438261955190342, 23.235181347872722 ], [ 77.438242255190332, 23.235301847837825 ] ] ] } },
{ "type": "Feature", "properties": { }, "geometry": { "type": "Polygon", "coordinates": [ [ [ 77.440762855190343, 23.231296048997802 ], [ 77.44112355519033, 23.231302248995998 ], [ 77.441126155190318, 23.231175149032804 ], [ 77.440765355190322, 23.231168949034604 ], [ 77.440762855190343, 23.231296048997802 ] ] ] } },
{ "type": "Feature", "properties": { }, "geometry": { "type": "Polygon", "coordinates": [ [ [ 77.434186755190339, 23.23679994740397 ], [ 77.434389655190316, 23.236844947390939 ], [ 77.434416655190333, 23.236742047420741 ], [ 77.434213755190342, 23.236697047433765 ], [ 77.434186755190339, 23.23679994740397 ] ] ] } },
{ "type": "Feature", "properties": { }, "geometry": { "type": "Polygon", "coordinates": [ [ [ 77.439752355190336, 23.236911247371737 ], [ 77.439912555190318, 23.236922647368434 ], [ 77.439922055190337, 23.236810447400931 ], [ 77.439761755190318, 23.236799047404233 ], [ 77.439752355190336, 23.236911247371737 ] ] ] } },
{ "type": "Feature", "properties": { }, "geometry": { "type": "Polygon", "coordinates": [ [ [ 77.435191655190323, 23.233957048227264 ], [ 77.435338555190327, 23.233987048218573 ], [ 77.435355855190323, 23.233915348239339 ], [ 77.435209055190342, 23.233885348248027 ], [ 77.435191655190323, 23.233957048227264 ] ] ] } },
{ "type": "Feature", "properties": { }, "geometry": { "type": "Polygon", "coordinates": [ [ [ 77.434077555190342, 23.237262547269992 ], [ 77.434278155190341, 23.237295347260492 ], [ 77.434291055190329, 23.237228447279868 ], [ 77.434090455190315, 23.237195747289338 ], [ 77.434077555190342, 23.237262547269992 ] ] ] } },
{ "type": "Feature", "properties": { }, "geometry": { "type": "Polygon", "coordinates": [ [ [ 77.435629455190323, 23.236495547492126 ], [ 77.435735355190332, 23.236514647486597 ], [ 77.435746755190337, 23.236461147502091 ], [ 77.435640855190329, 23.236442047507623 ], [ 77.435629455190323, 23.236495547492126 ] ] ] } },
{ "type": "Feature", "properties": { }, "geometry": { "type": "Polygon", "coordinates": [ [ [ 77.439849055190322, 23.231692248883078 ], [ 77.440018355190318, 23.231688548884147 ], [ 77.440014355190343, 23.231535148928568 ], [ 77.439845055190332, 23.231538848927499 ], [ 77.439849055190322, 23.231692248883078 ] ] ] } },
{ "type": "Feature", "properties": { }, "geometry": { "type": "Polygon", "coordinates": [ [ [ 77.441963455190319, 23.235055647909128 ], [ 77.442110155190335, 23.235059247908083 ], [ 77.442112555190334, 23.234974847932527 ], [ 77.441965855190318, 23.234971347933538 ], [ 77.441963455190319, 23.235055647909128 ] ] ] } },
{ "type": "Feature", "properties": { }, "geometry": { "type": "Polygon", "coordinates": [ [ [ 77.435286755190333, 23.234337648117052 ], [ 77.435434955190331, 23.23436724810848 ], [ 77.435452555190324, 23.234292948129998 ], [ 77.435304355190326, 23.234263348138573 ], [ 77.435286755190333, 23.234337648117052 ] ] ] } },
{ "type": "Feature", "properties": { }, "geometry": { "type": "Polygon", "coordinates": [ [ [ 77.434106255190315, 23.237100247316999 ], [ 77.434317855190329, 23.237139547305613 ], [ 77.434339755190322, 23.237040147334408 ], [ 77.434128155190322, 23.237000847345783 ], [ 77.434106255190315, 23.237100247316999 ] ] ] } },
{ "type": "Feature", "properties": { }, "geometry": { "type": "Polygon", "coordinates": [ [ [ 77.440428855190333, 23.229281149581183 ], [ 77.441342155190327, 23.229302149575108 ], [ 77.441346855190318, 23.229132049624358 ], [ 77.440433555190339, 23.229111049630436 ], [ 77.440428855190333, 23.229281149581183 ] ] ] } },
{ "type": "Feature", "properties": { }, "geometry": { "type": "Polygon", "coordinates": [ [ [ 77.435586855190323, 23.234283248132805 ], [ 77.435791455190341, 23.234321848121624 ], [ 77.435812155190334, 23.234229448148387 ], [ 77.435607555190316, 23.234190748159591 ], [ 77.435586855190323, 23.234283248132805 ] ] ] } },
{ "type": "Feature", "properties": { }, "geometry": { "type": "Polygon", "coordinates": [ [ [ 77.435833255190332, 23.234253248141489 ], [ 77.435807055190338, 23.234358948110881 ], [ 77.436006855190342, 23.234400848098755 ], [ 77.436033055190322, 23.234295148129359 ], [ 77.435833255190332, 23.234253248141489 ] ] ] } },
{ "type": "Feature", "properties": { }, "geometry": { "type": "Polygon", "coordinates": [ [ [ 77.43330555519033, 23.236077047613325 ], [ 77.433301955190316, 23.236341047536868 ], [ 77.433791555190339, 23.236346747535219 ], [ 77.433795155190325, 23.236082747611682 ], [ 77.43330555519033, 23.236077047613325 ] ] ] } },
{ "type": "Feature", "properties": { }, "geometry": { "type": "Polygon", "coordinates": [ [ [ 77.435169455190319, 23.234027448206884 ], [ 77.435323655190317, 23.234058248197965 ], [ 77.43533905519034, 23.233993248216787 ], [ 77.435184755190335, 23.233962448225704 ], [ 77.435169455190319, 23.234027448206884 ] ] ] } },
{ "type": "Feature", "properties": { }, "geometry": { "type": "Polygon", "coordinates": [ [ [ 77.434297155190322, 23.235262347849265 ], [ 77.434494455190318, 23.235296247839454 ], [ 77.43452585519033, 23.235142147884073 ], [ 77.434328555190334, 23.235108247893894 ], [ 77.434297155190322, 23.235262347849265 ] ] ] } },
{ "type": "Feature", "properties": { }, "geometry": { "type": "Polygon", "coordinates": [ [ [ 77.434135055190339, 23.236992347348249 ], [ 77.434338055190338, 23.237027547338052 ], [ 77.434351855190343, 23.236960247357541 ], [ 77.434148855190315, 23.236925047367738 ], [ 77.434135055190339, 23.236992347348249 ] ] ] } },
{ "type": "Feature", "properties": { }, "geometry": { "type": "Polygon", "coordinates": [ [ [ 77.441946555190327, 23.237377547236687 ], [ 77.441952755190329, 23.237271747267329 ], [ 77.441875655190316, 23.237267847268459 ], [ 77.441869455190343, 23.237373747237786 ], [ 77.441946555190327, 23.237377547236687 ] ] ] } },
{ "type": "Feature", "properties": { }, "geometry": { "type": "Polygon", "coordinates": [ [ [ 77.438646555190317, 23.237745547130103 ], [ 77.438803555190333, 23.237765547124305 ], [ 77.438821355190328, 23.237647847158403 ], [ 77.43866435519034, 23.237627747164225 ], [ 77.438646555190317, 23.237745547130103 ] ] ] } },
{ "type": "Feature", "properties": { }, "geometry": { "type": "Polygon", "coordinates": [ [ [ 77.441798955190336, 23.234511248066781 ], [ 77.441950555190331, 23.234510648066951 ], [ 77.441950155190341, 23.234433548089282 ], [ 77.441798655190325, 23.234434148089115 ], [ 77.441798955190336, 23.234511248066781 ] ] ] } },
{ "type": "Feature", "properties": { }, "geometry": { "type": "Polygon", "coordinates": [ [ [ 77.441438055190318, 23.231098949054868 ], [ 77.441788055190315, 23.231100149054523 ], [ 77.44178995519033, 23.230652949184005 ], [ 77.441439955190319, 23.230651649184384 ], [ 77.441438055190318, 23.231098949054868 ] ] ] } },
{ "type": "Feature", "properties": { }, "geometry": { "type": "Polygon", "coordinates": [ [ [ 77.435863155190319, 23.234150748171171 ], [ 77.435838355190342, 23.234249048142715 ], [ 77.43602285519033, 23.234288248131353 ], [ 77.436047555190328, 23.234189948159827 ], [ 77.435863155190319, 23.234150748171171 ] ] ] } },
{ "type": "Feature", "properties": { }, "geometry": { "type": "Polygon", "coordinates": [ [ [ 77.441968355190326, 23.234697548012832 ], [ 77.442102055190333, 23.234699648012221 ], [ 77.442104255190316, 23.234587748044625 ], [ 77.441970455190315, 23.234585648045229 ], [ 77.441968355190326, 23.234697548012832 ] ] ] } },
{ "type": "Feature", "properties": { }, "geometry": { "type": "Polygon", "coordinates": [ [ [ 77.441521255190324, 23.229905349400465 ], [ 77.441668055190334, 23.229912149398494 ], [ 77.441673655190343, 23.229809549428204 ], [ 77.441526855190318, 23.229802749430171 ], [ 77.441521255190324, 23.229905349400465 ] ] ] } },
{ "type": "Feature", "properties": { }, "geometry": { "type": "Polygon", "coordinates": [ [ [ 77.439768355190324, 23.229890549404754 ], [ 77.43994945519033, 23.229889949404921 ], [ 77.439949255190342, 23.229833949421135 ], [ 77.439768155190322, 23.229834549420964 ], [ 77.439768355190324, 23.229890549404754 ] ] ] } },
{ "type": "Feature", "properties": { }, "geometry": { "type": "Polygon", "coordinates": [ [ [ 77.441807655190331, 23.235175647874378 ], [ 77.441805755190316, 23.235246547853841 ], [ 77.44195625519032, 23.235250147852796 ], [ 77.441958155190335, 23.23517914787336 ], [ 77.441807655190331, 23.235175647874378 ] ] ] } },
{ "type": "Feature", "properties": { }, "geometry": { "type": "Polygon", "coordinates": [ [ [ 77.441730455190338, 23.237371547238421 ], [ 77.441854455190324, 23.23737464723752 ], [ 77.441857855190335, 23.237260147270685 ], [ 77.441733755190342, 23.237257147271553 ], [ 77.441730455190338, 23.237371547238421 ] ] ] } },
{ "type": "Feature", "properties": { }, "geometry": { "type": "Polygon", "coordinates": [ [ [ 77.440519255190338, 23.232877948539745 ], [ 77.440538755190332, 23.233012348500829 ], [ 77.440693055190337, 23.232993348506337 ], [ 77.440673555190315, 23.232859048545219 ], [ 77.440519255190338, 23.232877948539745 ] ] ] } },
{ "type": "Feature", "properties": { }, "geometry": { "type": "Polygon", "coordinates": [ [ [ 77.440689755190334, 23.23699074734871 ], [ 77.440829255190323, 23.236998047346596 ], [ 77.440835155190342, 23.236903447373994 ], [ 77.440695655190325, 23.236896147376108 ], [ 77.440689755190334, 23.23699074734871 ] ] ] } },
{ "type": "Feature", "properties": { }, "geometry": { "type": "Polygon", "coordinates": [ [ [ 77.441802055190337, 23.23433934811656 ], [ 77.441946555190327, 23.23434034811627 ], [ 77.44194715519032, 23.234253248141489 ], [ 77.44180265519033, 23.234252348141752 ], [ 77.441802055190337, 23.23433934811656 ] ] ] } },
{ "type": "Feature", "properties": { }, "geometry": { "type": "Polygon", "coordinates": [ [ [ 77.441452855190335, 23.231342948984221 ], [ 77.441824355190334, 23.231346648983145 ], [ 77.441827155190325, 23.231107649052348 ], [ 77.441455655190325, 23.231103949053427 ], [ 77.441452855190335, 23.231342948984221 ] ] ] } },
{ "type": "Feature", "properties": { }, "geometry": { "type": "Polygon", "coordinates": [ [ [ 77.433894355190333, 23.23683404739409 ], [ 77.434092855190343, 23.236866747384624 ], [ 77.43411175519033, 23.236769747412712 ], [ 77.433913255190333, 23.236737047422185 ], [ 77.433894355190333, 23.23683404739409 ] ] ] } },
{ "type": "Feature", "properties": { }, "geometry": { "type": "Polygon", "coordinates": [ [ [ 77.440517455190317, 23.237104147315868 ], [ 77.440667655190325, 23.237112147313553 ], [ 77.440674755190315, 23.236999547346159 ], [ 77.440524555190336, 23.236991547348477 ], [ 77.440517455190317, 23.237104147315868 ] ] ] } },
{ "type": "Feature", "properties": { }, "geometry": { "type": "Polygon", "coordinates": [ [ [ 77.435646555190317, 23.236425547512397 ], [ 77.435753455190337, 23.236447747505974 ], [ 77.435763755190322, 23.236406047518042 ], [ 77.435656755190337, 23.236383847524479 ], [ 77.435646555190317, 23.236425547512397 ] ] ] } },
{ "type": "Feature", "properties": { }, "geometry": { "type": "Polygon", "coordinates": [ [ [ 77.433284855190323, 23.236868547384102 ], [ 77.433428255190321, 23.236865247385058 ], [ 77.433420855190334, 23.23659414746357 ], [ 77.433277455190321, 23.236597447462614 ], [ 77.433284855190323, 23.236868547384102 ] ] ] } },
{ "type": "Feature", "properties": { }, "geometry": { "type": "Polygon", "coordinates": [ [ [ 77.441797655190342, 23.234247548143145 ], [ 77.441946155190323, 23.234248148142967 ], [ 77.441946555190327, 23.234164548167179 ], [ 77.441798055190318, 23.23416394816735 ], [ 77.441797655190342, 23.234247548143145 ] ] ] } },
{ "type": "Feature", "properties": { }, "geometry": { "type": "Polygon", "coordinates": [ [ [ 77.435306855190333, 23.234253248141489 ], [ 77.435452355190321, 23.234284748132374 ], [ 77.435472255190334, 23.234206948154899 ], [ 77.435326755190317, 23.234175548163989 ], [ 77.435306855190333, 23.234253248141489 ] ] ] } },
{ "type": "Feature", "properties": { }, "geometry": { "type": "Polygon", "coordinates": [ [ [ 77.433850755190321, 23.237035547335736 ], [ 77.434053955190336, 23.237068847326089 ], [ 77.434072655190334, 23.236972247354068 ], [ 77.433869555190327, 23.236938947363711 ], [ 77.433850755190321, 23.237035547335736 ] ] ] } },
{ "type": "Feature", "properties": { }, "geometry": { "type": "Polygon", "coordinates": [ [ [ 77.435713455190324, 23.236108947604091 ], [ 77.435694755190326, 23.236186847581529 ], [ 77.435839155190337, 23.236216147573042 ], [ 77.435857855190321, 23.236138247595601 ], [ 77.435713455190324, 23.236108947604091 ] ] ] } },
{ "type": "Feature", "properties": { }, "geometry": { "type": "Polygon", "coordinates": [ [ [ 77.43536525519032, 23.234071148194225 ], [ 77.435508755190327, 23.234098048186436 ], [ 77.435525655190318, 23.234021548208588 ], [ 77.435382155190325, 23.233994748216347 ], [ 77.43536525519032, 23.234071148194225 ] ] ] } },
{ "type": "Feature", "properties": { }, "geometry": { "type": "Polygon", "coordinates": [ [ [ 77.440434855190333, 23.230016149368385 ], [ 77.440747355190339, 23.230027949364967 ], [ 77.440752755190331, 23.229908349399594 ], [ 77.440440255190325, 23.229896549403009 ], [ 77.440434855190333, 23.230016149368385 ] ] ] } },
{ "type": "Feature", "properties": { }, "geometry": { "type": "Polygon", "coordinates": [ [ [ 77.437689955190322, 23.237442047218003 ], [ 77.437830755190333, 23.237470547209753 ], [ 77.437879355190333, 23.237267847268459 ], [ 77.437738555190336, 23.237239447276682 ], [ 77.437689955190322, 23.237442047218003 ] ] ] } },
{ "type": "Feature", "properties": { }, "geometry": { "type": "Polygon", "coordinates": [ [ [ 77.433873055190332, 23.236933347365337 ], [ 77.434070455190323, 23.236966947355597 ], [ 77.434089255190329, 23.236873847382572 ], [ 77.433891755190317, 23.236840247392301 ], [ 77.433873055190332, 23.236933347365337 ] ] ] } },
{ "type": "Feature", "properties": { }, "geometry": { "type": "Polygon", "coordinates": [ [ [ 77.439980855190342, 23.231166149035413 ], [ 77.440364255190318, 23.231168649034689 ], [ 77.440365855190336, 23.230954649096649 ], [ 77.439982455190332, 23.230952149097376 ], [ 77.439980855190342, 23.231166149035413 ] ] ] } },
{ "type": "Feature", "properties": { }, "geometry": { "type": "Polygon", "coordinates": [ [ [ 77.439887555190339, 23.232894148535053 ], [ 77.440025855190342, 23.232910748530244 ], [ 77.440045955190328, 23.232769048571281 ], [ 77.439907755190319, 23.232752448576086 ], [ 77.439887555190339, 23.232894148535053 ] ] ] } },
{ "type": "Feature", "properties": { }, "geometry": { "type": "Polygon", "coordinates": [ [ [ 77.43532695519032, 23.234171648165116 ], [ 77.435472555190316, 23.234202448156204 ], [ 77.435494955190336, 23.234112848182153 ], [ 77.43534945519032, 23.234081948191097 ], [ 77.43532695519032, 23.234171648165116 ] ] ] } },
{ "type": "Feature", "properties": { }, "geometry": { "type": "Polygon", "coordinates": [ [ [ 77.433832655190329, 23.237127947308977 ], [ 77.434030455190339, 23.237161247299333 ], [ 77.434048055190331, 23.237072847324932 ], [ 77.433850255190336, 23.237039547334575 ], [ 77.433832655190329, 23.237127947308977 ] ] ] } },
{ "type": "Feature", "properties": { }, "geometry": { "type": "Polygon", "coordinates": [ [ [ 77.435421355190329, 23.233831048263752 ], [ 77.435387955190322, 23.23398034822052 ], [ 77.435532355190333, 23.234007548212649 ], [ 77.435565755190325, 23.233858348255847 ], [ 77.435421355190329, 23.233831048263752 ] ] ] } },
{ "type": "Feature", "properties": { }, "geometry": { "type": "Polygon", "coordinates": [ [ [ 77.433779055190342, 23.235845247680462 ], [ 77.434038155190322, 23.235893447666498 ], [ 77.434078755190328, 23.235709747719699 ], [ 77.43381965519032, 23.23566144773369 ], [ 77.433779055190342, 23.235845247680462 ] ] ] } },
{ "type": "Feature", "properties": { }, "geometry": { "type": "Polygon", "coordinates": [ [ [ 77.442022355190318, 23.237381247235614 ], [ 77.442028555190333, 23.237275647266202 ], [ 77.441955355190316, 23.237272047267247 ], [ 77.441949155190329, 23.237377647236659 ], [ 77.442022355190318, 23.237381247235614 ] ] ] } },
{ "type": "Feature", "properties": { }, "geometry": { "type": "Polygon", "coordinates": [ [ [ 77.438980155190322, 23.23456584805097 ], [ 77.439378655190339, 23.234626848033301 ], [ 77.439474155190325, 23.234100248185801 ], [ 77.439332255190322, 23.234078548192084 ], [ 77.439258955190326, 23.234483048074942 ], [ 77.439002355190325, 23.234443748086328 ], [ 77.438980155190322, 23.23456584805097 ] ] ] } },
{ "type": "Feature", "properties": { }, "geometry": { "type": "Polygon", "coordinates": [ [ [ 77.439867655190326, 23.230053849357471 ], [ 77.440291455190334, 23.230063749354606 ], [ 77.440298855190335, 23.229794449432571 ], [ 77.439974455190338, 23.229786849434774 ], [ 77.439969155190326, 23.229979749378924 ], [ 77.43986975519033, 23.229977449379589 ], [ 77.439867655190326, 23.230053849357471 ] ] ] } },
{ "type": "Feature", "properties": { }, "geometry": { "type": "Polygon", "coordinates": [ [ [ 77.433483355190319, 23.236970347354617 ], [ 77.433690355190322, 23.236965547356011 ], [ 77.433680555190335, 23.236612847458161 ], [ 77.433567155190318, 23.236615447457407 ], [ 77.433568755190336, 23.236671447441186 ], [ 77.433475155190322, 23.236673647440547 ], [ 77.433483355190319, 23.236970347354617 ] ] ] } },
{ "type": "Feature", "properties": { }, "geometry": { "type": "Polygon", "coordinates": [ [ [ 77.439988955190316, 23.231305248995135 ], [ 77.440090255190327, 23.23130594899493 ], [ 77.440089455190332, 23.231409348964995 ], [ 77.440301455190323, 23.231410748964592 ], [ 77.440302155190338, 23.231307248994554 ], [ 77.440572355190341, 23.231309048994039 ], [ 77.440573355190338, 23.231178549031817 ], [ 77.439989955190327, 23.23117474903292 ], [ 77.439988955190316, 23.231305248995135 ] ] ] } },
{ "type": "Feature", "properties": { }, "geometry": { "type": "Polygon", "coordinates": [ [ [ 77.440662755190331, 23.235885447668817 ], [ 77.440804855190336, 23.235901647664125 ], [ 77.440817455190341, 23.235808247691175 ], [ 77.440675355190322, 23.235792047695867 ], [ 77.440662755190331, 23.235885447668817 ] ] ] } },
{ "type": "Feature", "properties": { }, "geometry": { "type": "Polygon", "coordinates": [ [ [ 77.439315255190337, 23.232115648760484 ], [ 77.439394355190316, 23.232127348757089 ], [ 77.439412155190325, 23.232025848786481 ], [ 77.439333055190318, 23.232014148789869 ], [ 77.439315255190337, 23.232115648760484 ] ] ] } },
{ "type": "Feature", "properties": { }, "geometry": { "type": "Polygon", "coordinates": [ [ [ 77.433746355190323, 23.237543447188639 ], [ 77.434093655190338, 23.237643247159735 ], [ 77.434132055190318, 23.237530547192367 ], [ 77.433784755190331, 23.237430647221306 ], [ 77.433746355190323, 23.237543447188639 ] ] ] } },
{ "type": "Feature", "properties": { }, "geometry": { "type": "Polygon", "coordinates": [ [ [ 77.440850455190315, 23.231584748914205 ], [ 77.440944355190325, 23.23158604891383 ], [ 77.440945555190325, 23.231511848935313 ], [ 77.440851655190343, 23.231510548935688 ], [ 77.440850455190315, 23.231584748914205 ] ] ] } },
{ "type": "Feature", "properties": { }, "geometry": { "type": "Polygon", "coordinates": [ [ [ 77.438817055190327, 23.235485747784569 ], [ 77.438940755190316, 23.235502447779734 ], [ 77.438950055190318, 23.235444147796617 ], [ 77.438826355190329, 23.235427547801425 ], [ 77.438817055190327, 23.235485747784569 ] ] ] } },
{ "type": "Feature", "properties": { }, "geometry": { "type": "Polygon", "coordinates": [ [ [ 77.440626855190331, 23.230887249116172 ], [ 77.440687855190333, 23.230886949116258 ], [ 77.44068725519034, 23.230778649147606 ], [ 77.440626255190324, 23.230779049147497 ], [ 77.440626855190331, 23.230887249116172 ] ] ] } },
{ "type": "Feature", "properties": { }, "geometry": { "type": "Polygon", "coordinates": [ [ [ 77.438838955190334, 23.235425047802142 ], [ 77.438960755190323, 23.235439947797836 ], [ 77.438971355190333, 23.235367247818886 ], [ 77.438849455190336, 23.235352247823236 ], [ 77.438838955190334, 23.235425047802142 ] ] ] } },
{ "type": "Feature", "properties": { }, "geometry": { "type": "Polygon", "coordinates": [ [ [ 77.439327055190319, 23.236979947351841 ], [ 77.439457355190328, 23.236997647346708 ], [ 77.439472755190337, 23.236901447374574 ], [ 77.439342455190342, 23.236883847379673 ], [ 77.439327055190319, 23.236979947351841 ] ] ] } },
{ "type": "Feature", "properties": { }, "geometry": { "type": "Polygon", "coordinates": [ [ [ 77.439342555190322, 23.237375647237236 ], [ 77.439413955190318, 23.237378747236338 ], [ 77.439418655190337, 23.237286647263012 ], [ 77.439347255190327, 23.237283547263914 ], [ 77.439342555190322, 23.237375647237236 ] ] ] } },
{ "type": "Feature", "properties": { }, "geometry": { "type": "Polygon", "coordinates": [ [ [ 77.439738755190334, 23.235829847684919 ], [ 77.439888455190328, 23.235834347683614 ], [ 77.439891555190329, 23.235747947708639 ], [ 77.439741855190334, 23.235743447709943 ], [ 77.439738755190334, 23.235829847684919 ] ] ] } },
{ "type": "Feature", "properties": { }, "geometry": { "type": "Polygon", "coordinates": [ [ [ 77.439176855190325, 23.236922847368376 ], [ 77.439320555190335, 23.236943847362287 ], [ 77.439332455190325, 23.236874647382333 ], [ 77.43918875519033, 23.236853647388415 ], [ 77.439176855190325, 23.236922847368376 ] ] ] } },
{ "type": "Feature", "properties": { }, "geometry": { "type": "Polygon", "coordinates": [ [ [ 77.439793255190338, 23.23656914747081 ], [ 77.439960155190334, 23.236585747466002 ], [ 77.439970855190325, 23.236495247492211 ], [ 77.439803855190334, 23.23647854749705 ], [ 77.439793255190338, 23.23656914747081 ] ] ] } },
{ "type": "Feature", "properties": { }, "geometry": { "type": "Polygon", "coordinates": [ [ [ 77.439264455190326, 23.237369547239005 ], [ 77.439338955190337, 23.2373726472381 ], [ 77.439343655190342, 23.2372749472664 ], [ 77.439269255190325, 23.237271847267294 ], [ 77.439264455190326, 23.237369547239005 ] ] ] } },
{ "type": "Feature", "properties": { }, "geometry": { "type": "Polygon", "coordinates": [ [ [ 77.43857045519033, 23.232936648522745 ], [ 77.438679955190338, 23.232963248515045 ], [ 77.438702255190336, 23.232885548537546 ], [ 77.438592755190342, 23.232858948545243 ], [ 77.43857045519033, 23.232936648522745 ] ] ] } },
{ "type": "Feature", "properties": { }, "geometry": { "type": "Polygon", "coordinates": [ [ [ 77.440535055190324, 23.230877049119115 ], [ 77.440611455190322, 23.230876149119378 ], [ 77.440610055190334, 23.23077994914723 ], [ 77.440533655190336, 23.230780849146971 ], [ 77.440535055190324, 23.230877049119115 ] ] ] } },
{ "type": "Feature", "properties": { }, "geometry": { "type": "Polygon", "coordinates": [ [ [ 77.43771885519034, 23.238107547025255 ], [ 77.437828155190331, 23.238125847019962 ], [ 77.437851255190324, 23.238009647053619 ], [ 77.437741955190319, 23.237991347058916 ], [ 77.43771885519034, 23.238107547025255 ] ] ] } },
{ "type": "Feature", "properties": { }, "geometry": { "type": "Polygon", "coordinates": [ [ [ 77.436729755190342, 23.237524547194106 ], [ 77.436855455190326, 23.237556347184906 ], [ 77.43687675519034, 23.237485347205464 ], [ 77.436751055190342, 23.237453447214705 ], [ 77.436729755190342, 23.237524547194106 ] ] ] } },
{ "type": "Feature", "properties": { }, "geometry": { "type": "Polygon", "coordinates": [ [ [ 77.438509055190337, 23.237091647319492 ], [ 77.438648555190341, 23.237108847314506 ], [ 77.438659455190319, 23.23703444733605 ], [ 77.438520055190338, 23.237017147341067 ], [ 77.438509055190337, 23.237091647319492 ] ] ] } },
{ "type": "Feature", "properties": { }, "geometry": { "type": "Polygon", "coordinates": [ [ [ 77.440823555190335, 23.23595294764927 ], [ 77.440975355190332, 23.235966547645333 ], [ 77.440986855190332, 23.235857947676777 ], [ 77.44083495519034, 23.235844447680687 ], [ 77.440823555190335, 23.23595294764927 ] ] ] } },
{ "type": "Feature", "properties": { }, "geometry": { "type": "Polygon", "coordinates": [ [ [ 77.436921555190338, 23.226868750279603 ], [ 77.436896255190319, 23.226958750253552 ], [ 77.436997455190337, 23.226982850246568 ], [ 77.437022755190327, 23.226892750272658 ], [ 77.436921555190338, 23.226868750279603 ] ] ] } },
{ "type": "Feature", "properties": { }, "geometry": { "type": "Polygon", "coordinates": [ [ [ 77.435086255190328, 23.228822349714019 ], [ 77.43526645519033, 23.228894949693004 ], [ 77.435287855190325, 23.228850049706008 ], [ 77.43510775519033, 23.228777349727046 ], [ 77.435086255190328, 23.228822349714019 ] ] ] } },
{ "type": "Feature", "properties": { }, "geometry": { "type": "Polygon", "coordinates": [ [ [ 77.436845555190317, 23.227166650193364 ], [ 77.436826355190334, 23.227225450176341 ], [ 77.437009355190327, 23.227275950161719 ], [ 77.437028555190338, 23.227217150178742 ], [ 77.436845555190317, 23.227166650193364 ] ] ] } },
{ "type": "Feature", "properties": { }, "geometry": { "type": "Polygon", "coordinates": [ [ [ 77.437458255190336, 23.226951950255515 ], [ 77.437524555190336, 23.226965350251639 ], [ 77.437552755190325, 23.226847650285713 ], [ 77.437486455190324, 23.226834250289588 ], [ 77.437458255190336, 23.226951950255515 ] ] ] } },
{ "type": "Feature", "properties": { }, "geometry": { "type": "Polygon", "coordinates": [ [ [ 77.437593755190335, 23.227416550121021 ], [ 77.437689755190334, 23.227436450115256 ], [ 77.437720555190324, 23.227310750151648 ], [ 77.437624555190325, 23.227290850157402 ], [ 77.437593755190335, 23.227416550121021 ] ] ] } },
{ "type": "Feature", "properties": { }, "geometry": { "type": "Polygon", "coordinates": [ [ [ 77.437123655190334, 23.226286850448062 ], [ 77.437087655190339, 23.226387350418968 ], [ 77.43728385519033, 23.226446650401805 ], [ 77.43731975519033, 23.226346150430896 ], [ 77.437123655190334, 23.226286850448062 ] ] ] } },
{ "type": "Feature", "properties": { }, "geometry": { "type": "Polygon", "coordinates": [ [ [ 77.435637055190327, 23.228066449932864 ], [ 77.435720155190339, 23.228091049925748 ], [ 77.435749955190332, 23.228005649950465 ], [ 77.435666955190328, 23.227981149957561 ], [ 77.435637055190327, 23.228066449932864 ] ] ] } },
{ "type": "Feature", "properties": { }, "geometry": { "type": "Polygon", "coordinates": [ [ [ 77.435515355190319, 23.228230349885418 ], [ 77.435588355190333, 23.228260249876765 ], [ 77.43562055519034, 23.228193649896038 ], [ 77.435547555190325, 23.228163849904668 ], [ 77.435515355190319, 23.228230349885418 ] ] ] } },
{ "type": "Feature", "properties": { }, "geometry": { "type": "Polygon", "coordinates": [ [ [ 77.436129255190323, 23.227855449993953 ], [ 77.436279355190322, 23.227900449980925 ], [ 77.436332955190338, 23.227749550024612 ], [ 77.436182955190318, 23.227704450037667 ], [ 77.436129255190323, 23.227855449993953 ] ] ] } },
{ "type": "Feature", "properties": { }, "geometry": { "type": "Polygon", "coordinates": [ [ [ 77.435150455190339, 23.228680049755216 ], [ 77.435111355190315, 23.228770249729106 ], [ 77.435229455190338, 23.228813349716628 ], [ 77.435268455190325, 23.228723249742718 ], [ 77.435150455190339, 23.228680049755216 ] ] ] } },
{ "type": "Feature", "properties": { }, "geometry": { "type": "Polygon", "coordinates": [ [ [ 77.437421755190329, 23.227676450045774 ], [ 77.437490455190343, 23.227688750042219 ], [ 77.437517255190343, 23.227562450078779 ], [ 77.437448555190329, 23.22755015008234 ], [ 77.437421755190329, 23.227676450045774 ] ] ] } },
{ "type": "Feature", "properties": { }, "geometry": { "type": "Polygon", "coordinates": [ [ [ 77.436713355190335, 23.226151450487258 ], [ 77.436782355190317, 23.226168750482248 ], [ 77.436815855190332, 23.226055650514994 ], [ 77.436746855190336, 23.226038450519972 ], [ 77.436713355190335, 23.226151450487258 ] ] ] } },
{ "type": "Feature", "properties": { }, "geometry": { "type": "Polygon", "coordinates": [ [ [ 77.436319455190315, 23.228227449886251 ], [ 77.43640865519032, 23.22825174987922 ], [ 77.436466555190322, 23.228072649931068 ], [ 77.436377355190317, 23.228048349938106 ], [ 77.436319455190315, 23.228227449886251 ] ] ] } },
{ "type": "Feature", "properties": { }, "geometry": { "type": "Polygon", "coordinates": [ [ [ 77.435487455190341, 23.22855694979086 ], [ 77.435585555190343, 23.228597349779161 ], [ 77.435670155190337, 23.228424249829281 ], [ 77.435572155190343, 23.228383849840977 ], [ 77.435487455190341, 23.22855694979086 ] ] ] } },
{ "type": "Feature", "properties": { }, "geometry": { "type": "Polygon", "coordinates": [ [ [ 77.436243955190321, 23.227381550131149 ], [ 77.436181155190326, 23.227539550085407 ], [ 77.43640305519034, 23.227614050063838 ], [ 77.436465855190335, 23.227456150109553 ], [ 77.436243955190321, 23.227381550131149 ] ] ] } },
{ "type": "Feature", "properties": { }, "geometry": { "type": "Polygon", "coordinates": [ [ [ 77.437576155190342, 23.227714050034887 ], [ 77.437627455190324, 23.227724150031964 ], [ 77.437657055190343, 23.227597650068585 ], [ 77.437605755190333, 23.227587550071505 ], [ 77.437576155190342, 23.227714050034887 ] ] ] } },
{ "type": "Feature", "properties": { }, "geometry": { "type": "Polygon", "coordinates": [ [ [ 77.436606555190323, 23.225909950557167 ], [ 77.436669855190331, 23.22592845055182 ], [ 77.436693955190336, 23.225858850571967 ], [ 77.436630655190328, 23.225840350577318 ], [ 77.436606555190323, 23.225909950557167 ] ] ] } },
{ "type": "Feature", "properties": { }, "geometry": { "type": "Polygon", "coordinates": [ [ [ 77.437915655190338, 23.226651850342396 ], [ 77.438004755190335, 23.226670850336895 ], [ 77.438038255190321, 23.226538450375223 ], [ 77.437949155190324, 23.226519350380752 ], [ 77.437915655190338, 23.226651850342396 ] ] ] } },
{ "type": "Feature", "properties": { }, "geometry": { "type": "Polygon", "coordinates": [ [ [ 77.43756845519033, 23.227983449956898 ], [ 77.437552755190325, 23.228035849941723 ], [ 77.437680455190332, 23.228068149932376 ], [ 77.43769605519033, 23.228015749947541 ], [ 77.43756845519033, 23.227983449956898 ] ] ] } },
{ "type": "Feature", "properties": { }, "geometry": { "type": "Polygon", "coordinates": [ [ [ 77.437485155190316, 23.226550750371672 ], [ 77.437556055190328, 23.226565750367321 ], [ 77.437584855190323, 23.226450550400674 ], [ 77.437513955190326, 23.226435550405011 ], [ 77.437485155190316, 23.226550750371672 ] ] ] } },
{ "type": "Feature", "properties": { }, "geometry": { "type": "Polygon", "coordinates": [ [ [ 77.435953955190342, 23.228661549760574 ], [ 77.43605165519034, 23.228701849748912 ], [ 77.436127355190322, 23.228546549793872 ], [ 77.436029655190339, 23.228506249805534 ], [ 77.435953955190342, 23.228661549760574 ] ] ] } },
{ "type": "Feature", "properties": { }, "geometry": { "type": "Polygon", "coordinates": [ [ [ 77.435594755190337, 23.228600149778352 ], [ 77.435692355190326, 23.228639849766857 ], [ 77.435774455190327, 23.228469649816134 ], [ 77.435676855190323, 23.228429849827656 ], [ 77.435594755190337, 23.228600149778352 ] ] ] } },
{ "type": "Feature", "properties": { }, "geometry": { "type": "Polygon", "coordinates": [ [ [ 77.436777555190332, 23.227998749952466 ], [ 77.436897055190343, 23.228042549939783 ], [ 77.436929555190332, 23.227967549961495 ], [ 77.436810155190315, 23.227923749974181 ], [ 77.436777555190332, 23.227998749952466 ] ] ] } },
{ "type": "Feature", "properties": { }, "geometry": { "type": "Polygon", "coordinates": [ [ [ 77.436400955190337, 23.227690450041724 ], [ 77.436525355190341, 23.227739450027531 ], [ 77.436550655190331, 23.227684950043312 ], [ 77.436426355190321, 23.227636050057473 ], [ 77.436400955190337, 23.227690450041724 ] ] ] } },
{ "type": "Feature", "properties": { }, "geometry": { "type": "Polygon", "coordinates": [ [ [ 77.436433055190335, 23.228536949796641 ], [ 77.436519055190331, 23.228561949789405 ], [ 77.436579855190331, 23.228385249840567 ], [ 77.436493855190321, 23.228360249847803 ], [ 77.436433055190335, 23.228536949796641 ] ] ] } },
{ "type": "Feature", "properties": { }, "geometry": { "type": "Polygon", "coordinates": [ [ [ 77.436795755190317, 23.227551250082023 ], [ 77.436861255190323, 23.227566950077478 ], [ 77.436900155190315, 23.227430450116987 ], [ 77.436834655190324, 23.227414650121563 ], [ 77.436795755190317, 23.227551250082023 ] ] ] } },
{ "type": "Feature", "properties": { }, "geometry": { "type": "Polygon", "coordinates": [ [ [ 77.436005555190334, 23.226883450275345 ], [ 77.436060955190342, 23.22690445026927 ], [ 77.436111355190334, 23.22679205030181 ], [ 77.436055855190332, 23.226771150307862 ], [ 77.436005555190334, 23.226883450275345 ] ] ] } },
{ "type": "Feature", "properties": { }, "geometry": { "type": "Polygon", "coordinates": [ [ [ 77.436847455190318, 23.226274450451655 ], [ 77.437036555190332, 23.226332950434717 ], [ 77.437079655190317, 23.226215350468763 ], [ 77.436890555190331, 23.226156750485721 ], [ 77.436847455190318, 23.226274450451655 ] ] ] } },
{ "type": "Feature", "properties": { }, "geometry": { "type": "Polygon", "coordinates": [ [ [ 77.436474255190333, 23.227516250092147 ], [ 77.436455355190319, 23.227562950078632 ], [ 77.436583655190319, 23.227606750065952 ], [ 77.436602555190319, 23.227560050079475 ], [ 77.436474255190333, 23.227516250092147 ] ] ] } },
{ "type": "Feature", "properties": { }, "geometry": { "type": "Polygon", "coordinates": [ [ [ 77.437226255190339, 23.227694350040586 ], [ 77.437201055190329, 23.227807250007906 ], [ 77.437386755190317, 23.227842349997744 ], [ 77.437412055190322, 23.227729450030431 ], [ 77.437226255190339, 23.227694350040586 ] ] ] } },
{ "type": "Feature", "properties": { }, "geometry": { "type": "Polygon", "coordinates": [ [ [ 77.436961555190322, 23.227112850208943 ], [ 77.437061455190317, 23.227139550201212 ], [ 77.437098055190319, 23.227024150234616 ], [ 77.436998255190332, 23.226997350242371 ], [ 77.436961555190322, 23.227112850208943 ] ] ] } },
{ "type": "Feature", "properties": { }, "geometry": { "type": "Polygon", "coordinates": [ [ [ 77.437141455190329, 23.227141450200662 ], [ 77.43724125519033, 23.227165450193709 ], [ 77.437277455190326, 23.227038550230453 ], [ 77.437177655190339, 23.22701445023743 ], [ 77.437141455190329, 23.227141450200662 ] ] ] } },
{ "type": "Feature", "properties": { }, "geometry": { "type": "Polygon", "coordinates": [ [ [ 77.436958755190332, 23.2275775500744 ], [ 77.437034555190323, 23.227595150069309 ], [ 77.437068155190317, 23.227473150104629 ], [ 77.436992255190319, 23.227455550109731 ], [ 77.436958755190332, 23.2275775500744 ] ] ] } },
{ "type": "Feature", "properties": { }, "geometry": { "type": "Polygon", "coordinates": [ [ [ 77.436352055190326, 23.227818050004782 ], [ 77.436472255190324, 23.22786214999201 ], [ 77.436500255190325, 23.227797950010601 ], [ 77.436379955190318, 23.227753850023362 ], [ 77.436352055190326, 23.227818050004782 ] ] ] } },
{ "type": "Feature", "properties": { }, "geometry": { "type": "Polygon", "coordinates": [ [ [ 77.436983755190326, 23.227772750017895 ], [ 77.437044255190315, 23.227790150012861 ], [ 77.43708645519034, 23.227666350048697 ], [ 77.437025955190322, 23.227648950053734 ], [ 77.436983755190326, 23.227772750017895 ] ] ] } },
{ "type": "Feature", "properties": { }, "geometry": { "type": "Polygon", "coordinates": [ [ [ 77.43764475519032, 23.226291050446846 ], [ 77.437743355190335, 23.226316050439614 ], [ 77.437782855190335, 23.226184150477792 ], [ 77.43768425519032, 23.226159150485024 ], [ 77.43764475519032, 23.226291050446846 ] ] ] } },
{ "type": "Feature", "properties": { }, "geometry": { "type": "Polygon", "coordinates": [ [ [ 77.436957755190335, 23.226757250311888 ], [ 77.436926455190317, 23.226857350282906 ], [ 77.437118255190327, 23.226907850268287 ], [ 77.437149555190331, 23.226807750297262 ], [ 77.436957755190335, 23.226757250311888 ] ] ] } },
{ "type": "Feature", "properties": { }, "geometry": { "type": "Polygon", "coordinates": [ [ [ 77.437334755190335, 23.228053849936519 ], [ 77.437319055190329, 23.228101649922674 ], [ 77.437424655190327, 23.228130949914192 ], [ 77.437440355190333, 23.228083149928032 ], [ 77.437334755190335, 23.228053849936519 ] ] ] } },
{ "type": "Feature", "properties": { }, "geometry": { "type": "Polygon", "coordinates": [ [ [ 77.436689355190325, 23.228124049916186 ], [ 77.436631455190323, 23.228310549862197 ], [ 77.43674185519032, 23.2283395498538 ], [ 77.436799855190316, 23.228153049907789 ], [ 77.436689355190325, 23.228124049916186 ] ] ] } },
{ "type": "Feature", "properties": { }, "geometry": { "type": "Polygon", "coordinates": [ [ [ 77.437758555190342, 23.226864350280874 ], [ 77.437846955190324, 23.226881650275867 ], [ 77.437875455190337, 23.226758650311481 ], [ 77.437787055190327, 23.226741350316487 ], [ 77.437758555190342, 23.226864350280874 ] ] ] } },
{ "type": "Feature", "properties": { }, "geometry": { "type": "Polygon", "coordinates": [ [ [ 77.436243855190341, 23.228479649813245 ], [ 77.436334555190328, 23.228503249806405 ], [ 77.436388255190323, 23.228329249856785 ], [ 77.436297555190336, 23.228305549863645 ], [ 77.436243855190341, 23.228479649813245 ] ] ] } },
{ "type": "Feature", "properties": { }, "geometry": { "type": "Polygon", "coordinates": [ [ [ 77.436520455190319, 23.226543750373693 ], [ 77.436645855190321, 23.226578550363612 ], [ 77.436709955190338, 23.226383250420152 ], [ 77.436584455190342, 23.226348550430199 ], [ 77.436520455190319, 23.226543750373693 ] ] ] } },
{ "type": "Feature", "properties": { }, "geometry": { "type": "Polygon", "coordinates": [ [ [ 77.437581055190321, 23.226829550290951 ], [ 77.437647255190328, 23.226843450286928 ], [ 77.43767905519033, 23.22671535032401 ], [ 77.437612855190324, 23.226701550328013 ], [ 77.437581055190321, 23.226829550290951 ] ] ] } },
{ "type": "Feature", "properties": { }, "geometry": { "type": "Polygon", "coordinates": [ [ [ 77.437621755190335, 23.227772750017895 ], [ 77.437603055190337, 23.227845649996787 ], [ 77.43767275519032, 23.227860749992416 ], [ 77.437691455190318, 23.227787850013527 ], [ 77.437621755190335, 23.227772750017895 ] ] ] } },
{ "type": "Feature", "properties": { }, "geometry": { "type": "Polygon", "coordinates": [ [ [ 77.437260455190341, 23.227379250131818 ], [ 77.437328255190323, 23.227393250127761 ], [ 77.437374055190332, 23.227205750182041 ], [ 77.43730635519033, 23.227191750186098 ], [ 77.437260455190341, 23.227379250131818 ] ] ] } },
{ "type": "Feature", "properties": { }, "geometry": { "type": "Polygon", "coordinates": [ [ [ 77.437062555190337, 23.226481450391727 ], [ 77.437254455190342, 23.226532450376961 ], [ 77.437278755190334, 23.226455350399284 ], [ 77.437086855190316, 23.226404250414078 ], [ 77.437062555190337, 23.226481450391727 ] ] ] } },
{ "type": "Feature", "properties": { }, "geometry": { "type": "Polygon", "coordinates": [ [ [ 77.436626055190317, 23.226273550451914 ], [ 77.436735655190319, 23.226308350441837 ], [ 77.436773155190323, 23.226208850470641 ], [ 77.436663555190322, 23.226173950480742 ], [ 77.436626055190317, 23.226273550451914 ] ] ] } },
{ "type": "Feature", "properties": { }, "geometry": { "type": "Polygon", "coordinates": [ [ [ 77.437400655190331, 23.226796650300479 ], [ 77.437485955190326, 23.226815050295151 ], [ 77.43751955519032, 23.226683750333159 ], [ 77.437434155190331, 23.226665350338489 ], [ 77.437400655190331, 23.226796650300479 ] ] ] } },
{ "type": "Feature", "properties": { }, "geometry": { "type": "Polygon", "coordinates": [ [ [ 77.436824855190338, 23.227229450175184 ], [ 77.436802355190324, 23.227299850154804 ], [ 77.436980455190323, 23.227347950140878 ], [ 77.437002955190323, 23.227277650161231 ], [ 77.436824855190338, 23.227229450175184 ] ] ] } },
{ "type": "Feature", "properties": { }, "geometry": { "type": "Polygon", "coordinates": [ [ [ 77.43753135519033, 23.226958150253722 ], [ 77.437635255190315, 23.226977950247992 ], [ 77.437660755190336, 23.226865150280648 ], [ 77.437556855190323, 23.226845350286382 ], [ 77.43753135519033, 23.226958150253722 ] ] ] } },
{ "type": "Feature", "properties": { }, "geometry": { "type": "Polygon", "coordinates": [ [ [ 77.437273955190321, 23.226782050304699 ], [ 77.43724435519033, 23.226890950273184 ], [ 77.437355555190337, 23.226916550265766 ], [ 77.437385255190335, 23.226807650297292 ], [ 77.437273955190321, 23.226782050304699 ] ] ] } },
{ "type": "Feature", "properties": { }, "geometry": { "type": "Polygon", "coordinates": [ [ [ 77.435654155190321, 23.227942649968703 ], [ 77.435753755190333, 23.227976049959032 ], [ 77.435788255190317, 23.227889149984197 ], [ 77.435688755190327, 23.227855749993868 ], [ 77.435654155190321, 23.227942649968703 ] ] ] } },
{ "type": "Feature", "properties": { }, "geometry": { "type": "Polygon", "coordinates": [ [ [ 77.437727255190339, 23.226998750241968 ], [ 77.437805155190318, 23.227014150237515 ], [ 77.437834255190324, 23.22689005027344 ], [ 77.437756355190317, 23.226874650277896 ], [ 77.437727255190339, 23.226998750241968 ] ] ] } },
{ "type": "Feature", "properties": { }, "geometry": { "type": "Polygon", "coordinates": [ [ [ 77.437342355190324, 23.227388150129233 ], [ 77.437450755190341, 23.227409150123155 ], [ 77.437488855190324, 23.22724255017139 ], [ 77.437380455190336, 23.227221550177465 ], [ 77.437342355190324, 23.227388150129233 ] ] ] } },
{ "type": "Feature", "properties": { }, "geometry": { "type": "Polygon", "coordinates": [ [ [ 77.435398955190337, 23.228177449900731 ], [ 77.435510655190328, 23.228225649886777 ], [ 77.435543455190341, 23.228161549905334 ], [ 77.435431655190342, 23.228113349919287 ], [ 77.435398955190337, 23.228177449900731 ] ] ] } },
{ "type": "Feature", "properties": { }, "geometry": { "type": "Polygon", "coordinates": [ [ [ 77.436227855190324, 23.22757195007603 ], [ 77.43618755519033, 23.227688750042219 ], [ 77.436350555190316, 23.227736150028495 ], [ 77.436390755190317, 23.227619450062274 ], [ 77.436227855190324, 23.22757195007603 ] ] ] } },
{ "type": "Feature", "properties": { }, "geometry": { "type": "Polygon", "coordinates": [ [ [ 77.437959855190329, 23.226082750507143 ], [ 77.437941655190343, 23.226178050479557 ], [ 77.438093855190317, 23.226202650472434 ], [ 77.438112055190331, 23.226107450499992 ], [ 77.437959855190329, 23.226082750507143 ] ] ] } },
{ "type": "Feature", "properties": { }, "geometry": { "type": "Polygon", "coordinates": [ [ [ 77.435293255190331, 23.228713949745405 ], [ 77.435417355190324, 23.228758349732548 ], [ 77.435475055190324, 23.228622149771979 ], [ 77.43535095519033, 23.228577749784829 ], [ 77.435293255190331, 23.228713949745405 ] ] ] } },
{ "type": "Feature", "properties": { }, "geometry": { "type": "Polygon", "coordinates": [ [ [ 77.437508255190323, 23.227695550040245 ], [ 77.437570355190317, 23.22770645003709 ], [ 77.437596555190325, 23.227580750073482 ], [ 77.437534455190331, 23.227569850076637 ], [ 77.437508255190323, 23.227695550040245 ] ] ] } },
{ "type": "Feature", "properties": { }, "geometry": { "type": "Polygon", "coordinates": [ [ [ 77.436410255190324, 23.22595865054307 ], [ 77.436375955190329, 23.226074550509519 ], [ 77.436605255190315, 23.226131850492933 ], [ 77.436639555190339, 23.226015950526484 ], [ 77.436410255190324, 23.22595865054307 ] ] ] } },
{ "type": "Feature", "properties": { }, "geometry": { "type": "Polygon", "coordinates": [ [ [ 77.435476355190332, 23.228010249949136 ], [ 77.435584955190322, 23.228044749939151 ], [ 77.435618155190326, 23.227956649964653 ], [ 77.435509555190322, 23.227922049974669 ], [ 77.435476355190332, 23.228010249949136 ] ] ] } },
{ "type": "Feature", "properties": { }, "geometry": { "type": "Polygon", "coordinates": [ [ [ 77.43617685519034, 23.228426949828492 ], [ 77.436237555190317, 23.228445949822998 ], [ 77.436289855190324, 23.22830484986385 ], [ 77.436229155190333, 23.228285849869348 ], [ 77.43617685519034, 23.228426949828492 ] ] ] } },
{ "type": "Feature", "properties": { }, "geometry": { "type": "Polygon", "coordinates": [ [ [ 77.43769365519033, 23.227439650114334 ], [ 77.437814855190325, 23.227465250106921 ], [ 77.437855255190328, 23.227303550153731 ], [ 77.437734155190327, 23.227277950161138 ], [ 77.43769365519033, 23.227439650114334 ] ] ] } },
{ "type": "Feature", "properties": { }, "geometry": { "type": "Polygon", "coordinates": [ [ [ 77.435758755190321, 23.227989049955273 ], [ 77.435834055190341, 23.228011549948761 ], [ 77.435867655190322, 23.227917149976086 ], [ 77.435792355190316, 23.227894549982636 ], [ 77.435758755190321, 23.227989049955273 ] ] ] } },
{ "type": "Feature", "properties": { }, "geometry": { "type": "Polygon", "coordinates": [ [ [ 77.43715395519034, 23.227493950098609 ], [ 77.437129555190324, 23.227613450064009 ], [ 77.437221155190315, 23.227629250059437 ], [ 77.43724555519033, 23.227509750094036 ], [ 77.43715395519034, 23.227493950098609 ] ] ] } },
{ "type": "Feature", "properties": { }, "geometry": { "type": "Polygon", "coordinates": [ [ [ 77.437587255190337, 23.227912249977507 ], [ 77.437568655190333, 23.227981149957561 ], [ 77.437697855190322, 23.228010549949051 ], [ 77.437716355190332, 23.227941649969004 ], [ 77.437587255190337, 23.227912249977507 ] ] ] } },
{ "type": "Feature", "properties": { }, "geometry": { "type": "Polygon", "coordinates": [ [ [ 77.436679255190327, 23.225929650551468 ], [ 77.43680655519033, 23.22596445054139 ], [ 77.436828955190322, 23.225895150561453 ], [ 77.436701755190342, 23.22586035057153 ], [ 77.436679255190327, 23.225929650551468 ] ] ] } },
{ "type": "Feature", "properties": { }, "geometry": { "type": "Polygon", "coordinates": [ [ [ 77.435885555190339, 23.227930549972211 ], [ 77.43586375519034, 23.227985849956202 ], [ 77.435979055190316, 23.228024149945117 ], [ 77.436000855190329, 23.227968849961115 ], [ 77.435885555190339, 23.227930549972211 ] ] ] } },
{ "type": "Feature", "properties": { }, "geometry": { "type": "Polygon", "coordinates": [ [ [ 77.436381055190324, 23.227747950025076 ], [ 77.436507755190334, 23.227793650011844 ], [ 77.436528455190341, 23.227745350025828 ], [ 77.436401755190332, 23.227699550039087 ], [ 77.436381055190324, 23.227747950025076 ] ] ] } },
{ "type": "Feature", "properties": { }, "geometry": { "type": "Polygon", "coordinates": [ [ [ 77.436606055190339, 23.228599549778526 ], [ 77.436671655190324, 23.228615749773834 ], [ 77.436717955190332, 23.228458049819491 ], [ 77.436652255190324, 23.22844174982421 ], [ 77.436606055190339, 23.228599549778526 ] ] ] } },
{ "type": "Feature", "properties": { }, "geometry": { "type": "Polygon", "coordinates": [ [ [ 77.43756965519033, 23.22656985036614 ], [ 77.437659155190318, 23.226589650360406 ], [ 77.43769395519034, 23.226456550398936 ], [ 77.437604455190339, 23.226436750404666 ], [ 77.43756965519033, 23.22656985036614 ] ] ] } },
{ "type": "Feature", "properties": { }, "geometry": { "type": "Polygon", "coordinates": [ [ [ 77.436721055190318, 23.227625850060424 ], [ 77.436697855190332, 23.227675750045975 ], [ 77.436833455190325, 23.227728850030605 ], [ 77.43685665519034, 23.227678950045053 ], [ 77.436721055190318, 23.227625850060424 ] ] ] } },
{ "type": "Feature", "properties": { }, "geometry": { "type": "Polygon", "coordinates": [ [ [ 77.436846855190325, 23.227847849996149 ], [ 77.436817255190334, 23.227914949976725 ], [ 77.436927355190321, 23.227955949964855 ], [ 77.43695695519034, 23.227888849984279 ], [ 77.436846855190325, 23.227847849996149 ] ] ] } },
{ "type": "Feature", "properties": { }, "geometry": { "type": "Polygon", "coordinates": [ [ [ 77.436427955190339, 23.227628350059696 ], [ 77.436548455190319, 23.227673050046757 ], [ 77.436574455190339, 23.2276138500639 ], [ 77.436453955190316, 23.227569250076812 ], [ 77.436427955190339, 23.227628350059696 ] ] ] } },
{ "type": "Feature", "properties": { }, "geometry": { "type": "Polygon", "coordinates": [ [ [ 77.436680155190331, 23.226762150310464 ], [ 77.436658255190324, 23.226823750292638 ], [ 77.436851355190328, 23.226881650275867 ], [ 77.436873255190335, 23.226820050293707 ], [ 77.436680155190331, 23.226762150310464 ] ] ] } },
{ "type": "Feature", "properties": { }, "geometry": { "type": "Polygon", "coordinates": [ [ [ 77.437745955190337, 23.227260050166326 ], [ 77.437802855190341, 23.227272050162849 ], [ 77.437829655190328, 23.227164850193883 ], [ 77.437772755190323, 23.22715285019736 ], [ 77.437745955190337, 23.227260050166326 ] ] ] } },
{ "type": "Feature", "properties": { }, "geometry": { "type": "Polygon", "coordinates": [ [ [ 77.435383955190318, 23.228514149803246 ], [ 77.435480755190341, 23.228552849792045 ], [ 77.435561955190323, 23.228381549841639 ], [ 77.435465155190329, 23.228342749852867 ], [ 77.435383955190318, 23.228514149803246 ] ] ] } },
{ "type": "Feature", "properties": { }, "geometry": { "type": "Polygon", "coordinates": [ [ [ 77.436380355190337, 23.226714650324215 ], [ 77.436332255190322, 23.226838750288284 ], [ 77.436525555190343, 23.226902050269967 ], [ 77.43657365519033, 23.226777950305891 ], [ 77.436380355190337, 23.226714650324215 ] ] ] } },
{ "type": "Feature", "properties": { }, "geometry": { "type": "Polygon", "coordinates": [ [ [ 77.436655955190318, 23.227762550020849 ], [ 77.43663355519034, 23.227821650003737 ], [ 77.436762855190324, 23.227862949991781 ], [ 77.436785255190316, 23.227803850008886 ], [ 77.436655955190318, 23.227762550020849 ] ] ] } },
{ "type": "Feature", "properties": { }, "geometry": { "type": "Polygon", "coordinates": [ [ [ 77.436321255190322, 23.227892849983117 ], [ 77.436440755190318, 23.227935749970701 ], [ 77.436470155190335, 23.227866749990678 ], [ 77.436350555190316, 23.227823850003102 ], [ 77.436321255190322, 23.227892849983117 ] ] ] } },
{ "type": "Feature", "properties": { }, "geometry": { "type": "Polygon", "coordinates": [ [ [ 77.436146855190316, 23.226804950298078 ], [ 77.436094655190331, 23.226912950266804 ], [ 77.436212455190329, 23.226961050252882 ], [ 77.436264655190342, 23.226853050284149 ], [ 77.436146855190316, 23.226804950298078 ] ] ] } },
{ "type": "Feature", "properties": { }, "geometry": { "type": "Polygon", "coordinates": [ [ [ 77.436921855190334, 23.227752850023656 ], [ 77.436975655190338, 23.227768450019141 ], [ 77.437017855190334, 23.227645850054635 ], [ 77.436964155190338, 23.22763025005915 ], [ 77.436921855190334, 23.227752850023656 ] ] ] } },
{ "type": "Feature", "properties": { }, "geometry": { "type": "Polygon", "coordinates": [ [ [ 77.436498055190327, 23.227455550109731 ], [ 77.436476755190341, 23.227512150093336 ], [ 77.436607555190321, 23.227553750081299 ], [ 77.436628855190335, 23.22749705009771 ], [ 77.436498055190327, 23.227455550109731 ] ] ] } },
{ "type": "Feature", "properties": { }, "geometry": { "type": "Polygon", "coordinates": [ [ [ 77.437418055190321, 23.227730050030264 ], [ 77.437396455190324, 23.227829450001479 ], [ 77.437540555190324, 23.22785594999381 ], [ 77.437562255190329, 23.227756550022583 ], [ 77.437418055190321, 23.227730050030264 ] ] ] } },
{ "type": "Feature", "properties": { }, "geometry": { "type": "Polygon", "coordinates": [ [ [ 77.436654055190317, 23.226833350289855 ], [ 77.436615655190337, 23.22694115025865 ], [ 77.436808655190333, 23.226999250241828 ], [ 77.436847055190327, 23.226891450273033 ], [ 77.436654055190317, 23.226833350289855 ] ] ] } },
{ "type": "Feature", "properties": { }, "geometry": { "type": "Polygon", "coordinates": [ [ [ 77.437621255190322, 23.227244650170782 ], [ 77.437722655190342, 23.227268850163775 ], [ 77.437763555190315, 23.227124050205699 ], [ 77.437662155190338, 23.227099850212703 ], [ 77.437621255190322, 23.227244650170782 ] ] ] } },
{ "type": "Feature", "properties": { }, "geometry": { "type": "Polygon", "coordinates": [ [ [ 77.437515955190321, 23.226109850499302 ], [ 77.437649855190315, 23.226142550489829 ], [ 77.437676555190336, 23.226050150516581 ], [ 77.437542655190327, 23.226017450526054 ], [ 77.437515955190321, 23.226109850499302 ] ] ] } },
{ "type": "Feature", "properties": { }, "geometry": { "type": "Polygon", "coordinates": [ [ [ 77.436093355190337, 23.226685750332589 ], [ 77.436291155190332, 23.226761250310719 ], [ 77.436378055190332, 23.226568850366423 ], [ 77.436180355190331, 23.226493450388254 ], [ 77.436093355190337, 23.226685750332589 ] ] ] } },
{ "type": "Feature", "properties": { }, "geometry": { "type": "Polygon", "coordinates": [ [ [ 77.436952755190333, 23.22645255040009 ], [ 77.437009355190327, 23.226467750395695 ], [ 77.437048255190334, 23.226345750431012 ], [ 77.436991555190318, 23.226330450435437 ], [ 77.436952755190333, 23.22645255040009 ] ] ] } },
{ "type": "Feature", "properties": { }, "geometry": { "type": "Polygon", "coordinates": [ [ [ 77.437533355190325, 23.228111349919867 ], [ 77.437519055190336, 23.228163549904757 ], [ 77.437640355190339, 23.22819154989665 ], [ 77.437654655190329, 23.228139349911761 ], [ 77.437533355190325, 23.228111349919867 ] ] ] } },
{ "type": "Feature", "properties": { }, "geometry": { "type": "Polygon", "coordinates": [ [ [ 77.437377355190335, 23.227188850186934 ], [ 77.437494755190343, 23.227212950179961 ], [ 77.437530555190335, 23.227065350222684 ], [ 77.437413155190342, 23.227041350229637 ], [ 77.437377355190335, 23.227188850186934 ] ] ] } },
{ "type": "Feature", "properties": { }, "geometry": { "type": "Polygon", "coordinates": [ [ [ 77.436961455190342, 23.226730450319646 ], [ 77.437157255190343, 23.226787150303224 ], [ 77.437189055190316, 23.226694250330123 ], [ 77.436993255190316, 23.226637550346542 ], [ 77.436961455190342, 23.226730450319646 ] ] ] } },
{ "type": "Feature", "properties": { }, "geometry": { "type": "Polygon", "coordinates": [ [ [ 77.437656155190325, 23.22684715028586 ], [ 77.437738255190325, 23.226864750280757 ], [ 77.437771055190325, 23.226735350318226 ], [ 77.437688955190339, 23.226717750323317 ], [ 77.437656155190325, 23.22684715028586 ] ] ] } },
{ "type": "Feature", "properties": { }, "geometry": { "type": "Polygon", "coordinates": [ [ [ 77.436424855190339, 23.228258049877397 ], [ 77.436513755190333, 23.228278549871458 ], [ 77.436564155190325, 23.228094049924877 ], [ 77.436475255190331, 23.228073549930812 ], [ 77.436424855190339, 23.228258049877397 ] ] ] } },
{ "type": "Feature", "properties": { }, "geometry": { "type": "Polygon", "coordinates": [ [ [ 77.435542055190325, 23.228151849908137 ], [ 77.435635055190332, 23.22818864989749 ], [ 77.435678355190333, 23.228096049924297 ], [ 77.435585455190321, 23.22805934993492 ], [ 77.435542055190325, 23.228151849908137 ] ] ] } },
{ "type": "Feature", "properties": { }, "geometry": { "type": "Polygon", "coordinates": [ [ [ 77.437633555190331, 23.227729150030516 ], [ 77.437706355190315, 23.22774465002604 ], [ 77.437738055190323, 23.22761915006236 ], [ 77.437665255190339, 23.227603650066854 ], [ 77.437633555190331, 23.227729150030516 ] ] ] } },
{ "type": "Feature", "properties": { }, "geometry": { "type": "Polygon", "coordinates": [ [ [ 77.436337855190331, 23.228508949804759 ], [ 77.436425555190326, 23.228533549797636 ], [ 77.436484955190338, 23.228354749849402 ], [ 77.436397255190343, 23.228330049856556 ], [ 77.436337855190331, 23.228508949804759 ] ] ] } },
{ "type": "Feature", "properties": { }, "geometry": { "type": "Polygon", "coordinates": [ [ [ 77.437033055190341, 23.226555450370302 ], [ 77.437222455190323, 23.226607850355141 ], [ 77.437245455190336, 23.22653755037549 ], [ 77.437056055190325, 23.226485250390624 ], [ 77.437033055190341, 23.226555450370302 ] ] ] } },
{ "type": "Feature", "properties": { }, "geometry": { "type": "Polygon", "coordinates": [ [ [ 77.437369955190334, 23.227938949969779 ], [ 77.437353355190325, 23.227995049953538 ], [ 77.437482755190331, 23.228027349944185 ], [ 77.43749935519034, 23.227971249960429 ], [ 77.437369955190334, 23.227938949969779 ] ] ] } },
{ "type": "Feature", "properties": { }, "geometry": { "type": "Polygon", "coordinates": [ [ [ 77.436609255190319, 23.226276850450954 ], [ 77.436589155190333, 23.226338150433211 ], [ 77.436720555190334, 23.226374450422703 ], [ 77.436740655190334, 23.226313250440427 ], [ 77.436609255190319, 23.226276850450954 ] ] ] } },
{ "type": "Feature", "properties": { }, "geometry": { "type": "Polygon", "coordinates": [ [ [ 77.437497155190329, 23.226812650295848 ], [ 77.437567955190318, 23.226827550291528 ], [ 77.437600155190339, 23.226698150328993 ], [ 77.437529355190335, 23.226683250333309 ], [ 77.437497155190329, 23.226812650295848 ] ] ] } },
{ "type": "Feature", "properties": { }, "geometry": { "type": "Polygon", "coordinates": [ [ [ 77.436611355190337, 23.226951950255515 ], [ 77.436562855190317, 23.227086650216521 ], [ 77.436756255190318, 23.227145450199508 ], [ 77.436804755190337, 23.227010750238499 ], [ 77.436611355190337, 23.226951950255515 ] ] ] } },
{ "type": "Feature", "properties": { }, "geometry": { "type": "Polygon", "coordinates": [ [ [ 77.437091255190325, 23.227331050145771 ], [ 77.437226655190329, 23.227362150136766 ], [ 77.437274255190317, 23.227187150187429 ], [ 77.437138855190327, 23.227156050196434 ], [ 77.437091255190325, 23.227331050145771 ] ] ] } },
{ "type": "Feature", "properties": { }, "geometry": { "type": "Polygon", "coordinates": [ [ [ 77.437279955190334, 23.226751050313684 ], [ 77.437386355190327, 23.226775850306499 ], [ 77.437418555190334, 23.226659450340193 ], [ 77.437312155190341, 23.226634550347402 ], [ 77.437279955190334, 23.226751050313684 ] ] ] } },
{ "type": "Feature", "properties": { }, "geometry": { "type": "Polygon", "coordinates": [ [ [ 77.436868255190319, 23.227097650213341 ], [ 77.436846755190331, 23.227163550194259 ], [ 77.437030455190339, 23.227214050179644 ], [ 77.437051955190327, 23.227148150198719 ], [ 77.436868255190319, 23.227097650213341 ] ] ] } },
{ "type": "Feature", "properties": { }, "geometry": { "type": "Polygon", "coordinates": [ [ [ 77.437635955190331, 23.226980250247319 ], [ 77.437719055190342, 23.226996050242754 ], [ 77.437747155190337, 23.226870950278968 ], [ 77.437664155190319, 23.226855150283544 ], [ 77.437635955190331, 23.226980250247319 ] ] ] } },
{ "type": "Feature", "properties": { }, "geometry": { "type": "Polygon", "coordinates": [ [ [ 77.437782155190334, 23.226318150438999 ], [ 77.437891555190333, 23.226342250432026 ], [ 77.437927055190343, 23.226206050471458 ], [ 77.437817755190324, 23.226181950478431 ], [ 77.437782155190334, 23.226318150438999 ] ] ] } },
{ "type": "Feature", "properties": { }, "geometry": { "type": "Polygon", "coordinates": [ [ [ 77.437368455190324, 23.226926050263017 ], [ 77.437451755190338, 23.226940150258933 ], [ 77.437473855190319, 23.226829850290859 ], [ 77.437390555190333, 23.226815750294957 ], [ 77.437368455190324, 23.226926050263017 ] ] ] } },
{ "type": "Feature", "properties": { }, "geometry": { "type": "Polygon", "coordinates": [ [ [ 77.436361855190327, 23.227152950197326 ], [ 77.436455155190316, 23.227175850190704 ], [ 77.436507155190341, 23.226997350242371 ], [ 77.436413855190338, 23.226974450249006 ], [ 77.436361855190327, 23.227152950197326 ] ] ] } },
{ "type": "Feature", "properties": { }, "geometry": { "type": "Polygon", "coordinates": [ [ [ 77.43572795519033, 23.228100049923139 ], [ 77.435824555190322, 23.228128449914916 ], [ 77.435855455190335, 23.228039749940592 ], [ 77.435758755190321, 23.228011349948815 ], [ 77.43572795519033, 23.228100049923139 ] ] ] } },
{ "type": "Feature", "properties": { }, "geometry": { "type": "Polygon", "coordinates": [ [ [ 77.437829755190336, 23.227024650234473 ], [ 77.437923455190329, 23.227040350229927 ], [ 77.437950955190317, 23.226901650270086 ], [ 77.437857255190323, 23.226885950274625 ], [ 77.437829755190336, 23.227024650234473 ] ] ] } },
{ "type": "Feature", "properties": { }, "geometry": { "type": "Polygon", "coordinates": [ [ [ 77.43747845519033, 23.227398650126201 ], [ 77.437578255190331, 23.227420250119948 ], [ 77.437615155190329, 23.227276050161692 ], [ 77.43751525519032, 23.227254450167944 ], [ 77.43747845519033, 23.227398650126201 ] ] ] } },
{ "type": "Feature", "properties": { }, "geometry": { "type": "Polygon", "coordinates": [ [ [ 77.437043655190323, 23.227592250070153 ], [ 77.43711485519033, 23.227607150065833 ], [ 77.437144155190325, 23.227489050100029 ], [ 77.437072955190317, 23.227474150104335 ], [ 77.437043655190323, 23.227592250070153 ] ] ] } },
{ "type": "Feature", "properties": { }, "geometry": { "type": "Polygon", "coordinates": [ [ [ 77.437604155190343, 23.227851249995169 ], [ 77.437589255190332, 23.227908949978456 ], [ 77.437719155190337, 23.227937249970267 ], [ 77.437734055190333, 23.227879549986973 ], [ 77.437604155190343, 23.227851249995169 ] ] ] } },
{ "type": "Feature", "properties": { }, "geometry": { "type": "Polygon", "coordinates": [ [ [ 77.43515785519034, 23.22865484976252 ], [ 77.435276355190325, 23.228696749750387 ], [ 77.435327955190317, 23.228573549786052 ], [ 77.435209455190332, 23.228531549798213 ], [ 77.43515785519034, 23.22865484976252 ] ] ] } },
{ "type": "Feature", "properties": { }, "geometry": { "type": "Polygon", "coordinates": [ [ [ 77.435516455190324, 23.227909149978409 ], [ 77.435625855190338, 23.22794504996801 ], [ 77.435660355190322, 23.22785594999381 ], [ 77.435550955190322, 23.22782015000417 ], [ 77.435516455190324, 23.227909149978409 ] ] ] } },
{ "type": "Feature", "properties": { }, "geometry": { "type": "Polygon", "coordinates": [ [ [ 77.436090355190331, 23.228404149835097 ], [ 77.436160955190331, 23.228428549828031 ], [ 77.436221255190318, 23.228281349870645 ], [ 77.43615075519034, 23.228256849877742 ], [ 77.436090355190331, 23.228404149835097 ] ] ] } },
{ "type": "Feature", "properties": { }, "geometry": { "type": "Polygon", "coordinates": [ [ [ 77.435882155190328, 23.228023649945261 ], [ 77.435839555190341, 23.228133649913406 ], [ 77.43593125519034, 23.228163649904722 ], [ 77.43597385519034, 23.228053649936577 ], [ 77.435882155190328, 23.228023649945261 ] ] ] } },
{ "type": "Feature", "properties": { }, "geometry": { "type": "Polygon", "coordinates": [ [ [ 77.437169255190327, 23.22618785047672 ], [ 77.437142155190315, 23.226262250455179 ], [ 77.437334655190327, 23.226321450438043 ], [ 77.437361755190338, 23.226246950459618 ], [ 77.437169255190327, 23.22618785047672 ] ] ] } },
{ "type": "Feature", "properties": { }, "geometry": { "type": "Polygon", "coordinates": [ [ [ 77.435260055190327, 23.22883564971017 ], [ 77.435376055190318, 23.228882149696712 ], [ 77.435413955190342, 23.228802349719803 ], [ 77.435297955190322, 23.228755849733268 ], [ 77.435260055190327, 23.22883564971017 ] ] ] } },
{ "type": "Feature", "properties": { }, "geometry": { "type": "Polygon", "coordinates": [ [ [ 77.437296355190327, 23.227519950091089 ], [ 77.437266855190316, 23.22763505005776 ], [ 77.437394955190342, 23.227662850049715 ], [ 77.437424455190325, 23.227547650083064 ], [ 77.437296355190327, 23.227519950091089 ] ] ] } },
{ "type": "Feature", "properties": { }, "geometry": { "type": "Polygon", "coordinates": [ [ [ 77.436634055190339, 23.226136350491629 ], [ 77.436699755190332, 23.226152750486882 ], [ 77.43673395519032, 23.226036950520406 ], [ 77.436668255190341, 23.226020550525153 ], [ 77.436634055190339, 23.226136350491629 ] ] ] } },
{ "type": "Feature", "properties": { }, "geometry": { "type": "Polygon", "coordinates": [ [ [ 77.436438855190332, 23.225907150557983 ], [ 77.436578255190341, 23.22593465055002 ], [ 77.436594355190323, 23.225865550570028 ], [ 77.436454955190342, 23.225838150577957 ], [ 77.436438855190332, 23.225907150557983 ] ] ] } },
{ "type": "Feature", "properties": { }, "geometry": { "type": "Polygon", "coordinates": [ [ [ 77.435964355190336, 23.228116049918505 ], [ 77.436066855190319, 23.22814134991118 ], [ 77.436113055190333, 23.227983049957015 ], [ 77.436010555190336, 23.227957749964336 ], [ 77.435964355190336, 23.228116049918505 ] ] ] } },
{ "type": "Feature", "properties": { }, "geometry": { "type": "Polygon", "coordinates": [ [ [ 77.436755455190323, 23.227553350081415 ], [ 77.436725155190331, 23.22761915006236 ], [ 77.436856155190341, 23.227670050047625 ], [ 77.436886455190333, 23.22760425006668 ], [ 77.436755455190323, 23.227553350081415 ] ] ] } },
{ "type": "Feature", "properties": { }, "geometry": { "type": "Polygon", "coordinates": [ [ [ 77.436183555190325, 23.22819254989636 ], [ 77.436314855190332, 23.228227049886371 ], [ 77.436371055190335, 23.228046949938509 ], [ 77.436239755190343, 23.228012349948525 ], [ 77.436183555190325, 23.22819254989636 ] ] ] } },
{ "type": "Feature", "properties": { }, "geometry": { "type": "Polygon", "coordinates": [ [ [ 77.436584755190324, 23.225990650533809 ], [ 77.43664155519032, 23.226004850529698 ], [ 77.436662655190332, 23.225933350550399 ], [ 77.436605855190322, 23.225919150554503 ], [ 77.436584755190324, 23.225990650533809 ] ] ] } },
{ "type": "Feature", "properties": { }, "geometry": { "type": "Polygon", "coordinates": [ [ [ 77.437702355190339, 23.226459550398065 ], [ 77.437673655190338, 23.226573850364979 ], [ 77.437817055190322, 23.226604350356148 ], [ 77.437845855190332, 23.226490050389234 ], [ 77.437702355190339, 23.226459550398065 ] ] ] } },
{ "type": "Feature", "properties": { }, "geometry": { "type": "Polygon", "coordinates": [ [ [ 77.435390155190319, 23.228184349898733 ], [ 77.435344755190329, 23.22828414986984 ], [ 77.435529155190338, 23.228354949849344 ], [ 77.435574555190328, 23.228255249878206 ], [ 77.435390155190319, 23.228184349898733 ] ] ] } },
{ "type": "Feature", "properties": { }, "geometry": { "type": "Polygon", "coordinates": [ [ [ 77.436301955190316, 23.226919850264814 ], [ 77.43649585519033, 23.226979950247411 ], [ 77.436521955190329, 23.226908850267993 ], [ 77.436328055190316, 23.226848750285395 ], [ 77.436301955190316, 23.226919850264814 ] ] ] } },
{ "type": "Feature", "properties": { }, "geometry": { "type": "Polygon", "coordinates": [ [ [ 77.436540955190338, 23.228596449779424 ], [ 77.436593255190331, 23.22861004977549 ], [ 77.436645155190334, 23.228432849826788 ], [ 77.436600255190342, 23.228421349830121 ], [ 77.436540955190338, 23.228596449779424 ] ] ] } },
{ "type": "Feature", "properties": { }, "geometry": { "type": "Polygon", "coordinates": [ [ [ 77.436692455190325, 23.227691350041461 ], [ 77.43666675519033, 23.227754150023276 ], [ 77.436803055190339, 23.227801350009614 ], [ 77.436828855190342, 23.227738650027764 ], [ 77.436692455190325, 23.227691350041461 ] ] ] } },
{ "type": "Feature", "properties": { }, "geometry": { "type": "Polygon", "coordinates": [ [ [ 77.436281455190326, 23.227278050161114 ], [ 77.43625145519033, 23.227366450135523 ], [ 77.436492155190336, 23.227435550115516 ], [ 77.43652225519034, 23.227347050141134 ], [ 77.436281455190326, 23.227278050161114 ] ] ] } },
{ "type": "Feature", "properties": { }, "geometry": { "type": "Polygon", "coordinates": [ [ [ 77.436774955190316, 23.226489750389323 ], [ 77.436756955190333, 23.226546750372822 ], [ 77.436949955190343, 23.22659815035794 ], [ 77.436967955190326, 23.226541150374445 ], [ 77.436774955190316, 23.226489750389323 ] ] ] } },
{ "type": "Feature", "properties": { }, "geometry": { "type": "Polygon", "coordinates": [ [ [ 77.437377155190333, 23.226524250379335 ], [ 77.437470355190328, 23.226546950372757 ], [ 77.43750185519032, 23.226437250404519 ], [ 77.437408655190339, 23.226414650411058 ], [ 77.437377155190333, 23.226524250379335 ] ] ] } },
{ "type": "Feature", "properties": { }, "geometry": { "type": "Polygon", "coordinates": [ [ [ 77.436708655190316, 23.226669750337216 ], [ 77.436683555190328, 23.226741750316375 ], [ 77.436871955190327, 23.226797250300308 ], [ 77.436897055190343, 23.226725150321176 ], [ 77.436708655190316, 23.226669750337216 ] ] ] } },
{ "type": "Feature", "properties": { }, "geometry": { "type": "Polygon", "coordinates": [ [ [ 77.436077155190318, 23.228695849750647 ], [ 77.436167255190341, 23.228731249740388 ], [ 77.436238355190326, 23.228578449784639 ], [ 77.436148155190324, 23.228543049794883 ], [ 77.436077155190318, 23.228695849750647 ] ] ] } },
{ "type": "Feature", "properties": { }, "geometry": { "type": "Polygon", "coordinates": [ [ [ 77.435699655190319, 23.228641549766365 ], [ 77.435808855190317, 23.228685349753679 ], [ 77.435890055190342, 23.228514349803191 ], [ 77.435780755190322, 23.228470549815878 ], [ 77.435699655190319, 23.228641549766365 ] ] ] } },
{ "type": "Feature", "properties": { }, "geometry": { "type": "Polygon", "coordinates": [ [ [ 77.437462955190327, 23.22627995045006 ], [ 77.437437455190334, 23.226374750422615 ], [ 77.437586455190328, 23.226408650412807 ], [ 77.437611955190334, 23.226313850440246 ], [ 77.437462955190327, 23.22627995045006 ] ] ] } },
{ "type": "Feature", "properties": { }, "geometry": { "type": "Polygon", "coordinates": [ [ [ 77.435267755190338, 23.228468449816479 ], [ 77.435377855190325, 23.228511849803919 ], [ 77.435458955190327, 23.22833804985423 ], [ 77.435348955190321, 23.228294649866804 ], [ 77.435267755190338, 23.228468449816479 ] ] ] } },
{ "type": "Feature", "properties": { }, "geometry": { "type": "Polygon", "coordinates": [ [ [ 77.436430655190321, 23.226587750360949 ], [ 77.436386355190322, 23.226705550326848 ], [ 77.436580155190327, 23.226767150309019 ], [ 77.436624455190326, 23.22664935034312 ], [ 77.436430655190321, 23.226587750360949 ] ] ] } },
{ "type": "Feature", "properties": { }, "geometry": { "type": "Polygon", "coordinates": [ [ [ 77.436630355190317, 23.227830450001189 ], [ 77.436605655190334, 23.227892449983237 ], [ 77.436731755190323, 23.227934949970937 ], [ 77.436756555190343, 23.227872949988885 ], [ 77.436630355190317, 23.227830450001189 ] ] ] } },
{ "type": "Feature", "properties": { }, "geometry": { "type": "Polygon", "coordinates": [ [ [ 77.437264455190331, 23.226190550475941 ], [ 77.437341255190319, 23.226213050469429 ], [ 77.437377355190335, 23.226108950499558 ], [ 77.437300555190319, 23.226086550506054 ], [ 77.437264455190331, 23.226190550475941 ] ] ] } },
{ "type": "Feature", "properties": { }, "geometry": { "type": "Polygon", "coordinates": [ [ [ 77.437551655190319, 23.228040749940309 ], [ 77.437533655190322, 23.228103049922268 ], [ 77.437660655190328, 23.228134149913263 ], [ 77.437678755190333, 23.228071849931304 ], [ 77.437551655190319, 23.228040749940309 ] ] ] } },
{ "type": "Feature", "properties": { }, "geometry": { "type": "Polygon", "coordinates": [ [ [ 77.436537255190331, 23.227357850138013 ], [ 77.436500055190322, 23.227439850114273 ], [ 77.436631855190328, 23.22749035009965 ], [ 77.436669055190336, 23.227408350123397 ], [ 77.436537255190331, 23.227357850138013 ] ] ] } },
{ "type": "Feature", "properties": { }, "geometry": { "type": "Polygon", "coordinates": [ [ [ 77.43750055519034, 23.227224950176488 ], [ 77.43760245519033, 23.227248250169737 ], [ 77.43764475519032, 23.227092350214871 ], [ 77.437542755190336, 23.227069050221615 ], [ 77.43750055519034, 23.227224950176488 ] ] ] } },
{ "type": "Feature", "properties": { }, "geometry": { "type": "Polygon", "coordinates": [ [ [ 77.43716345519033, 23.226161550484338 ], [ 77.437259155190318, 23.226185250477474 ], [ 77.437288755190323, 23.226084350506682 ], [ 77.437193155190343, 23.226060650513546 ], [ 77.43716345519033, 23.226161550484338 ] ] ] } },
{ "type": "Feature", "properties": { }, "geometry": { "type": "Polygon", "coordinates": [ [ [ 77.436525455190335, 23.228281849870505 ], [ 77.43662535519033, 23.22830624986344 ], [ 77.436679155190333, 23.228120149917316 ], [ 77.436579255190324, 23.228095749924382 ], [ 77.436525455190335, 23.228281849870505 ] ] ] } },
{ "type": "Feature", "properties": { }, "geometry": { "type": "Polygon", "coordinates": [ [ [ 77.43680655519033, 23.226398850415634 ], [ 77.436937855190322, 23.226434450405332 ], [ 77.436975355190327, 23.226317350439238 ], [ 77.436844055190321, 23.22628185044951 ], [ 77.43680655519033, 23.226398850415634 ] ] ] } },
{ "type": "Feature", "properties": { }, "geometry": { "type": "Polygon", "coordinates": [ [ [ 77.436875155190336, 23.227086250216637 ], [ 77.436950255190339, 23.227105550211053 ], [ 77.436985555190319, 23.226989950244523 ], [ 77.436910455190315, 23.226970650250106 ], [ 77.436875155190336, 23.227086250216637 ] ] ] } },
{ "type": "Feature", "properties": { }, "geometry": { "type": "Polygon", "coordinates": [ [ [ 77.43726015519033, 23.22717595019067 ], [ 77.437343855190335, 23.227195350185053 ], [ 77.437380055190332, 23.227063450223238 ], [ 77.437296355190327, 23.227044050228855 ], [ 77.43726015519033, 23.22717595019067 ] ] ] } },
{ "type": "Feature", "properties": { }, "geometry": { "type": "Polygon", "coordinates": [ [ [ 77.437024155190329, 23.226560050368974 ], [ 77.436998955190319, 23.226628650349113 ], [ 77.437191755190327, 23.226688450331803 ], [ 77.437216955190337, 23.226619850351657 ], [ 77.437024155190329, 23.226560050368974 ] ] ] } },
{ "type": "Feature", "properties": { }, "geometry": { "type": "Polygon", "coordinates": [ [ [ 77.437370955190332, 23.227936149970589 ], [ 77.437498355190328, 23.227959449963844 ], [ 77.437513155190317, 23.227891349983558 ], [ 77.43738575519032, 23.22786804999031 ], [ 77.437370955190332, 23.227936149970589 ] ] ] } },
{ "type": "Feature", "properties": { }, "geometry": { "type": "Polygon", "coordinates": [ [ [ 77.436868355190342, 23.227562550078751 ], [ 77.436947155190325, 23.227582750072898 ], [ 77.43698615519034, 23.227454550110014 ], [ 77.436907455190337, 23.227434350115864 ], [ 77.436868355190342, 23.227562550078751 ] ] ] } },
{ "type": "Feature", "properties": { }, "geometry": { "type": "Polygon", "coordinates": [ [ [ 77.435474955190315, 23.228016149947425 ], [ 77.435434055190328, 23.228107749920905 ], [ 77.435520555190323, 23.228140449911439 ], [ 77.435561455190339, 23.22804874993799 ], [ 77.435474955190315, 23.228016149947425 ] ] ] } },
{ "type": "Feature", "properties": { }, "geometry": { "type": "Polygon", "coordinates": [ [ [ 77.437714155190321, 23.227743650026319 ], [ 77.437769955190319, 23.227755050023017 ], [ 77.437798755190343, 23.227636750057272 ], [ 77.437742955190316, 23.227625250060598 ], [ 77.437714155190321, 23.227743650026319 ] ] ] } },
{ "type": "Feature", "properties": { }, "geometry": { "type": "Polygon", "coordinates": [ [ [ 77.436898355190337, 23.226112750498459 ], [ 77.437105855190325, 23.22617665047996 ], [ 77.437152555190337, 23.226048550517049 ], [ 77.436945055190321, 23.225984650535548 ], [ 77.436898355190337, 23.226112750498459 ] ] ] } },
{ "type": "Feature", "properties": { }, "geometry": { "type": "Polygon", "coordinates": [ [ [ 77.437034255190326, 23.226894650272108 ], [ 77.437006055190338, 23.226987450245236 ], [ 77.437087755190319, 23.227008450239161 ], [ 77.437115955190322, 23.226915550266053 ], [ 77.437034255190326, 23.226894650272108 ] ] ] } },
{ "type": "Feature", "properties": { }, "geometry": { "type": "Polygon", "coordinates": [ [ [ 77.437351555190318, 23.228003649951049 ], [ 77.437338155190318, 23.228050949937348 ], [ 77.437470855190341, 23.228082749928149 ], [ 77.437484255190341, 23.228035349941866 ], [ 77.437351555190318, 23.228003649951049 ] ] ] } },
{ "type": "Feature", "properties": { }, "geometry": { "type": "Polygon", "coordinates": [ [ [ 77.437068755190339, 23.227781150015463 ], [ 77.437190155190336, 23.227804750008627 ], [ 77.437216255190322, 23.227690750041639 ], [ 77.437094855190338, 23.227667150048468 ], [ 77.437068755190339, 23.227781150015463 ] ] ] } },
{ "type": "Feature", "properties": { }, "geometry": { "type": "Polygon", "coordinates": [ [ [ 77.436563855190343, 23.227094150214349 ], [ 77.436531455190334, 23.227182150188877 ], [ 77.436700255190331, 23.227234650173678 ], [ 77.43673265519034, 23.227146550199183 ], [ 77.436563855190343, 23.227094150214349 ] ] ] } },
{ "type": "Feature", "properties": { }, "geometry": { "type": "Polygon", "coordinates": [ [ [ 77.437880755190321, 23.22647715039297 ], [ 77.438027655190339, 23.226507950384061 ], [ 77.438051655190321, 23.226411350412018 ], [ 77.437904755190331, 23.226380550420942 ], [ 77.437880755190321, 23.22647715039297 ] ] ] } },
{ "type": "Feature", "properties": { }, "geometry": { "type": "Polygon", "coordinates": [ [ [ 77.436712155190321, 23.226666950338025 ], [ 77.436899155190332, 23.226725750321002 ], [ 77.436942155190323, 23.226610350354409 ], [ 77.43675515519034, 23.226551550371436 ], [ 77.436712155190321, 23.226666950338025 ] ] ] } },
{ "type": "Feature", "properties": { }, "geometry": { "type": "Polygon", "coordinates": [ [ [ 77.437678255190335, 23.227860249992563 ], [ 77.437732355190334, 23.227873249988807 ], [ 77.437752855190325, 23.227801550009559 ], [ 77.43769885519032, 23.227788450013353 ], [ 77.437678255190335, 23.227860249992563 ] ] ] } },
{ "type": "Feature", "properties": { }, "geometry": { "type": "Polygon", "coordinates": [ [ [ 77.436162755190324, 23.227097050213512 ], [ 77.436348855190332, 23.227152050197589 ], [ 77.43640855519034, 23.226981350247009 ], [ 77.436252055190337, 23.226935050260415 ], [ 77.436177055190342, 23.227056150225351 ], [ 77.436162755190324, 23.227097050213512 ] ] ] } },
{ "type": "Feature", "properties": { }, "geometry": { "type": "Polygon", "coordinates": [ [ [ 77.436780255190342, 23.226479350392335 ], [ 77.436966955190329, 23.226533050376791 ], [ 77.436988755190328, 23.226469050395316 ], [ 77.436934555190319, 23.226453450399831 ], [ 77.436937755190343, 23.226444150402525 ], [ 77.436805155190342, 23.226406050413555 ], [ 77.436780255190342, 23.226479350392335 ] ] ] } },
{ "type": "Feature", "properties": { }, "geometry": { "type": "Polygon", "coordinates": [ [ [ 77.435923855190339, 23.227076250219536 ], [ 77.43610345519032, 23.227136550202076 ], [ 77.436168955190325, 23.226971650249816 ], [ 77.436037455190331, 23.226927550262584 ], [ 77.436045555190319, 23.226907150268485 ], [ 77.435997455190332, 23.226890950273184 ], [ 77.435923855190339, 23.227076250219536 ] ] ] } },
{ "type": "Feature", "properties": { }, "geometry": { "type": "Polygon", "coordinates": [ [ [ 77.434949555190329, 23.226414250411182 ], [ 77.435093255190324, 23.226464450396652 ], [ 77.435124155190323, 23.226389950418216 ], [ 77.434980455190328, 23.226339750432743 ], [ 77.434949555190329, 23.226414250411182 ] ] ] } },
{ "type": "Feature", "properties": { }, "geometry": { "type": "Polygon", "coordinates": [ [ [ 77.43513145519033, 23.226224850466011 ], [ 77.435378255190315, 23.226237350462391 ], [ 77.43539325519032, 23.225986450535022 ], [ 77.435146455190335, 23.225974050538614 ], [ 77.43513145519033, 23.226224850466011 ] ] ] } },
{ "type": "Feature", "properties": { }, "geometry": { "type": "Polygon", "coordinates": [ [ [ 77.434852355190316, 23.226925750263103 ], [ 77.434998155190328, 23.226982350246718 ], [ 77.435049955190337, 23.226869450279398 ], [ 77.434904155190338, 23.226812950295752 ], [ 77.434852355190316, 23.226925750263103 ] ] ] } },
{ "type": "Feature", "properties": { }, "geometry": { "type": "Polygon", "coordinates": [ [ [ 77.43483495519034, 23.226969550250416 ], [ 77.434789855190331, 23.227061250223876 ], [ 77.434901155190332, 23.227107450210504 ], [ 77.434946255190326, 23.227015750237047 ], [ 77.43483495519034, 23.226969550250416 ] ] ] } },
{ "type": "Feature", "properties": { }, "geometry": { "type": "Polygon", "coordinates": [ [ [ 77.43498215519034, 23.225745750604705 ], [ 77.435097755190327, 23.2257426506056 ], [ 77.435093355190332, 23.225602850646073 ], [ 77.434977755190317, 23.225605950645175 ], [ 77.43498215519034, 23.225745750604705 ] ] ] } },
{ "type": "Feature", "properties": { }, "geometry": { "type": "Polygon", "coordinates": [ [ [ 77.434728955190337, 23.225891450562525 ], [ 77.434881155190325, 23.225906850558069 ], [ 77.434898755190332, 23.225760250600512 ], [ 77.434772455190327, 23.225747450604207 ], [ 77.434767655190342, 23.225787350592661 ], [ 77.434720255190342, 23.225782550594047 ], [ 77.434714455190331, 23.225830850580071 ], [ 77.43473595519032, 23.225833050579435 ], [ 77.434728955190337, 23.225891450562525 ] ] ] } },
{ "type": "Feature", "properties": { }, "geometry": { "type": "Polygon", "coordinates": [ [ [ 77.42655735519034, 23.226899450270722 ], [ 77.426559255190341, 23.226957050254043 ], [ 77.426623555190318, 23.226955150254589 ], [ 77.426621655190317, 23.226897650271244 ], [ 77.42655735519034, 23.226899450270722 ] ] ] } },
{ "type": "Feature", "properties": { }, "geometry": { "type": "Polygon", "coordinates": [ [ [ 77.43148475519034, 23.227285950158823 ], [ 77.431377555190323, 23.227327450146809 ], [ 77.431441655190341, 23.227467250106343 ], [ 77.431548855190329, 23.227425750118357 ], [ 77.43148475519034, 23.227285950158823 ] ] ] } },
{ "type": "Feature", "properties": { }, "geometry": { "type": "Polygon", "coordinates": [ [ [ 77.426107455190319, 23.227149750198254 ], [ 77.42615705519033, 23.227147950198781 ], [ 77.426153855190321, 23.227074850219942 ], [ 77.426104255190324, 23.227076750219393 ], [ 77.426107455190319, 23.227149750198254 ] ] ] } },
{ "type": "Feature", "properties": { }, "geometry": { "type": "Polygon", "coordinates": [ [ [ 77.426266055190325, 23.226899050270838 ], [ 77.426268255190337, 23.226963750252107 ], [ 77.426324255190337, 23.226962150252568 ], [ 77.426321955190332, 23.226897350271326 ], [ 77.426266055190325, 23.226899050270838 ] ] ] } },
{ "type": "Feature", "properties": { }, "geometry": { "type": "Polygon", "coordinates": [ [ [ 77.431550955190332, 23.227697550039672 ], [ 77.43160645519032, 23.227823550003187 ], [ 77.431744455190326, 23.227772250018042 ], [ 77.431688955190339, 23.227646250054516 ], [ 77.431550955190332, 23.227697550039672 ] ] ] } },
{ "type": "Feature", "properties": { }, "geometry": { "type": "Polygon", "coordinates": [ [ [ 77.426326355190326, 23.22690545026898 ], [ 77.426328655190318, 23.22697145024987 ], [ 77.426386155190329, 23.226969850250338 ], [ 77.426383855190323, 23.226903750269479 ], [ 77.426326355190326, 23.22690545026898 ] ] ] } },
{ "type": "Feature", "properties": { }, "geometry": { "type": "Polygon", "coordinates": [ [ [ 77.431607755190328, 23.227240150172086 ], [ 77.43165845519033, 23.227375850132802 ], [ 77.431763355190341, 23.22734275014238 ], [ 77.431712655190339, 23.227207050181669 ], [ 77.431607755190328, 23.227240150172086 ] ] ] } },
{ "type": "Feature", "properties": { }, "geometry": { "type": "Polygon", "coordinates": [ [ [ 77.428143955190322, 23.225586250650874 ], [ 77.428335755190332, 23.225538850664591 ], [ 77.428311155190343, 23.225455050688858 ], [ 77.428119355190319, 23.225502450675133 ], [ 77.428143955190322, 23.225586250650874 ] ] ] } },
{ "type": "Feature", "properties": { }, "geometry": { "type": "Polygon", "coordinates": [ [ [ 77.426476055190321, 23.226901050270261 ], [ 77.426478555190343, 23.226973650249235 ], [ 77.426552855190337, 23.226971550249843 ], [ 77.426550455190323, 23.226898850270889 ], [ 77.426476055190321, 23.226901050270261 ] ] ] } },
{ "type": "Feature", "properties": { }, "geometry": { "type": "Polygon", "coordinates": [ [ [ 77.431477455190333, 23.227550850082135 ], [ 77.431530855190317, 23.227661050050237 ], [ 77.431601755190329, 23.227632050058627 ], [ 77.43154835519033, 23.227521750090563 ], [ 77.431477455190333, 23.227550850082135 ] ] ] } },
{ "type": "Feature", "properties": { }, "geometry": { "type": "Polygon", "coordinates": [ [ [ 77.431746155190339, 23.227442350113545 ], [ 77.431818155190328, 23.227582150073069 ], [ 77.431917355190322, 23.227538950085577 ], [ 77.431845355190319, 23.227399150126057 ], [ 77.431746155190339, 23.227442350113545 ] ] ] } },
{ "type": "Feature", "properties": { }, "geometry": { "type": "Polygon", "coordinates": [ [ [ 77.427707055190325, 23.227902749980256 ], [ 77.427635355190318, 23.227968049961358 ], [ 77.427774855190322, 23.22809744992389 ], [ 77.427846555190328, 23.228032149942798 ], [ 77.427707055190325, 23.227902749980256 ] ] ] } },
{ "type": "Feature", "properties": { }, "geometry": { "type": "Polygon", "coordinates": [ [ [ 77.431697155190335, 23.227472550104807 ], [ 77.431583155190339, 23.227515450092383 ], [ 77.431642855190319, 23.227649150053683 ], [ 77.431756855190329, 23.227606250066099 ], [ 77.431697155190335, 23.227472550104807 ] ] ] } },
{ "type": "Feature", "properties": { }, "geometry": { "type": "Polygon", "coordinates": [ [ [ 77.426178755190321, 23.226895550271845 ], [ 77.42618195519033, 23.226987650245189 ], [ 77.42625225519032, 23.226985550245793 ], [ 77.42624915519032, 23.226893550272422 ], [ 77.426178755190321, 23.226895550271845 ] ] ] } },
{ "type": "Feature", "properties": { }, "geometry": { "type": "Polygon", "coordinates": [ [ [ 77.426483355190328, 23.227031450232502 ], [ 77.426481755190338, 23.227099050212935 ], [ 77.426546155190337, 23.227100250212587 ], [ 77.426547655190333, 23.227032650232154 ], [ 77.426483355190328, 23.227031450232502 ] ] ] } },
{ "type": "Feature", "properties": { }, "geometry": { "type": "Polygon", "coordinates": [ [ [ 77.426393855190341, 23.226901650270086 ], [ 77.426396555190337, 23.226981650246916 ], [ 77.426470255190338, 23.226979550247524 ], [ 77.42646745519032, 23.226899450270722 ], [ 77.426393855190341, 23.226901650270086 ] ] ] } },
{ "type": "Feature", "properties": { }, "geometry": { "type": "Polygon", "coordinates": [ [ [ 77.431988255190319, 23.227182850188679 ], [ 77.431869255190321, 23.227228150175556 ], [ 77.43191745519033, 23.227335350144525 ], [ 77.432036455190328, 23.227290150157611 ], [ 77.431988255190319, 23.227182850188679 ] ] ] } },
{ "type": "Feature", "properties": { }, "geometry": { "type": "Polygon", "coordinates": [ [ [ 77.429409355190316, 23.2258193505834 ], [ 77.429392155190342, 23.225965950540957 ], [ 77.429600355190331, 23.225986550535005 ], [ 77.429617555190319, 23.225839950577438 ], [ 77.429409355190316, 23.2258193505834 ] ] ] } },
{ "type": "Feature", "properties": { }, "geometry": { "type": "Polygon", "coordinates": [ [ [ 77.442848655190318, 23.228377349842855 ], [ 77.442922155190317, 23.228377849842708 ], [ 77.44291205519032, 23.228275549872325 ], [ 77.44284335519032, 23.2282787498714 ], [ 77.442848655190318, 23.228377349842855 ] ] ] } },
{ "type": "Feature", "properties": { }, "geometry": { "type": "Polygon", "coordinates": [ [ [ 77.442698955190323, 23.228303249864307 ], [ 77.442826055190324, 23.228294449866862 ], [ 77.442816255190337, 23.228174449901601 ], [ 77.442689055190328, 23.228183249899057 ], [ 77.442698955190323, 23.228303249864307 ] ] ] } },
{ "type": "Feature", "properties": { }, "geometry": { "type": "Polygon", "coordinates": [ [ [ 77.430928255190324, 23.224910750846416 ], [ 77.431385555190317, 23.224950250834983 ], [ 77.431402155190327, 23.224787550882088 ], [ 77.43090955519034, 23.224745050894381 ], [ 77.430710055190332, 23.224333751013436 ], [ 77.430550055190338, 23.224399350994457 ], [ 77.430737755190322, 23.22478625088246 ], [ 77.430808555190325, 23.224757350890822 ], [ 77.430841855190337, 23.224826950870678 ], [ 77.430935955190336, 23.224835050868329 ], [ 77.430928255190324, 23.224910750846416 ] ] ] } },
{ "type": "Feature", "properties": { }, "geometry": { "type": "Polygon", "coordinates": [ [ [ 77.431043555190328, 23.224349051009018 ], [ 77.431027355190338, 23.224356951006726 ], [ 77.431009555190329, 23.224326151015642 ], [ 77.430971555190339, 23.224344651010288 ], [ 77.43098935519032, 23.224375451001372 ], [ 77.430974555190318, 23.224382650999285 ], [ 77.430959455190319, 23.224356551006842 ], [ 77.430913055190317, 23.224379151000299 ], [ 77.430928155190315, 23.224405350992722 ], [ 77.430921055190325, 23.224408750991731 ], [ 77.430928855190331, 23.224422350987794 ], [ 77.43091515519032, 23.224429050985858 ], [ 77.430950355190333, 23.224489850968258 ], [ 77.430964055190316, 23.224483150970197 ], [ 77.43100905519033, 23.224561150947618 ], [ 77.430988455190331, 23.224571150944723 ], [ 77.431046055190336, 23.224670950915833 ], [ 77.431074655190329, 23.22465695091989 ], [ 77.43108955519034, 23.224682850912387 ], [ 77.431163255190341, 23.224646950922779 ], [ 77.431148255190337, 23.224621050930271 ], [ 77.43116655519033, 23.224612150932852 ], [ 77.431142755190322, 23.224570950944781 ], [ 77.431165355190331, 23.224559950947967 ], [ 77.431124255190326, 23.224488850968541 ], [ 77.431099655190337, 23.224500850965068 ], [ 77.43105285519033, 23.224419850988514 ], [ 77.431077455190319, 23.224407850991998 ], [ 77.431043555190328, 23.224349051009018 ] ] ] } },
{ "type": "Feature", "properties": { }, "geometry": { "type": "Polygon", "coordinates": [ [ [ 77.431209955190326, 23.224465950975169 ], [ 77.431160455190323, 23.224493750967127 ], [ 77.431279255190319, 23.224672550915372 ], [ 77.431328855190316, 23.224644750923417 ], [ 77.431209955190326, 23.224465950975169 ] ] ] } },
{ "type": "Feature", "properties": { }, "geometry": { "type": "Polygon", "coordinates": [ [ [ 77.431038855190323, 23.224299451023374 ], [ 77.431128955190317, 23.224463150975989 ], [ 77.431188555190332, 23.224435350984031 ], [ 77.431098555190331, 23.224271751031388 ], [ 77.431038855190323, 23.224299451023374 ] ] ] } },
{ "type": "Feature", "properties": { }, "geometry": { "type": "Polygon", "coordinates": [ [ [ 77.435708655190339, 23.223875251146158 ], [ 77.435192655190335, 23.223770351176523 ], [ 77.435156455190324, 23.223920251133137 ], [ 77.435675655190337, 23.224025851102564 ], [ 77.435707955190324, 23.223892051141302 ], [ 77.435714955190335, 23.22389375114081 ], [ 77.435681555190328, 23.224034951099934 ], [ 77.435801855190334, 23.224059051092965 ], [ 77.435834155190321, 23.223922651132444 ], [ 77.435843655190325, 23.223924951131778 ], [ 77.435863255190341, 23.223856851151488 ], [ 77.435723755190324, 23.223822951161299 ], [ 77.435708655190339, 23.223875251146158 ] ] ] } },
{ "type": "Feature", "properties": { }, "geometry": { "type": "Polygon", "coordinates": [ [ [ 77.435513855190337, 23.224076251087979 ], [ 77.435776055190317, 23.224127951073015 ], [ 77.435791355190332, 23.22406265109192 ], [ 77.435529155190338, 23.224010851106911 ], [ 77.435513855190337, 23.224076251087979 ] ] ] } },
{ "type": "Feature", "properties": { }, "geometry": { "type": "Polygon", "coordinates": [ [ [ 77.426693155190321, 23.225178450768929 ], [ 77.426606255190322, 23.225217050757756 ], [ 77.426631755190328, 23.225265550743714 ], [ 77.426644855190332, 23.225259750745394 ], [ 77.426674355190329, 23.225315850729157 ], [ 77.426659155190322, 23.225322550727213 ], [ 77.426715455190333, 23.225429450696268 ], [ 77.42672515519034, 23.225425150697514 ], [ 77.426761855190335, 23.225494950677305 ], [ 77.426745755190339, 23.225502050675246 ], [ 77.426772855190336, 23.225553450660374 ], [ 77.42686805519034, 23.225511150672613 ], [ 77.426818355190321, 23.2254165507 ], [ 77.426846455190329, 23.225404050703617 ], [ 77.426780455190325, 23.225278550739947 ], [ 77.426752355190317, 23.225291050736331 ], [ 77.426693155190321, 23.225178450768929 ] ] ] } },
{ "type": "Feature", "properties": { }, "geometry": { "type": "Polygon", "coordinates": [ [ [ 77.425598155190329, 23.226514750382087 ], [ 77.425603255190325, 23.226580150363155 ], [ 77.425772255190324, 23.226569050366365 ], [ 77.425767155190329, 23.226503650385297 ], [ 77.425598155190329, 23.226514750382087 ] ] ] } },
{ "type": "Feature", "properties": { }, "geometry": { "type": "Polygon", "coordinates": [ [ [ 77.426318355190318, 23.226348350430261 ], [ 77.426327355190338, 23.226504050385181 ], [ 77.426441255190326, 23.226498450386803 ], [ 77.426432355190343, 23.226342850431852 ], [ 77.426318355190318, 23.226348350430261 ] ] ] } },
{ "type": "Feature", "properties": { }, "geometry": { "type": "Polygon", "coordinates": [ [ [ 77.426091755190342, 23.226497550387066 ], [ 77.426236555190343, 23.226495050387793 ], [ 77.42623335519032, 23.226338650433064 ], [ 77.426088555190319, 23.226341150432344 ], [ 77.426091755190342, 23.226497550387066 ] ] ] } },
{ "type": "Feature", "properties": { }, "geometry": { "type": "Polygon", "coordinates": [ [ [ 77.425585755190326, 23.226411650411933 ], [ 77.425590655190319, 23.22647855039256 ], [ 77.425751055190318, 23.22646845039549 ], [ 77.425746055190316, 23.226401650414829 ], [ 77.425585755190326, 23.226411650411933 ] ] ] } },
{ "type": "Feature", "properties": { }, "geometry": { "type": "Polygon", "coordinates": [ [ [ 77.425853655190323, 23.226391550417752 ], [ 77.425790155190342, 23.226397450416041 ], [ 77.425806955190339, 23.226550250371808 ], [ 77.425870455190321, 23.226544350373516 ], [ 77.425853655190323, 23.226391550417752 ] ] ] } },
{ "type": "Feature", "properties": { }, "geometry": { "type": "Polygon", "coordinates": [ [ [ 77.425620955190325, 23.226736650317847 ], [ 77.425795355190317, 23.226724250321439 ], [ 77.425790455190338, 23.226665550338435 ], [ 77.425616055190332, 23.226677850334866 ], [ 77.425620955190325, 23.226736650317847 ] ] ] } },
{ "type": "Feature", "properties": { }, "geometry": { "type": "Polygon", "coordinates": [ [ [ 77.425637055190336, 23.226788650302794 ], [ 77.425640055190328, 23.226855350283486 ], [ 77.425803355190325, 23.226849150285279 ], [ 77.425800355190333, 23.226782550304556 ], [ 77.425637055190336, 23.226788650302794 ] ] ] } },
{ "type": "Feature", "properties": { }, "geometry": { "type": "Polygon", "coordinates": [ [ [ 77.429267055190323, 23.227639650056435 ], [ 77.429228255190338, 23.227715750034399 ], [ 77.429387155190327, 23.227784150014596 ], [ 77.429425955190339, 23.227708050036629 ], [ 77.429385555190336, 23.227690650041662 ], [ 77.429401355190322, 23.227659550050671 ], [ 77.429318455190341, 23.227623850061004 ], [ 77.429302655190341, 23.227654950052003 ], [ 77.429267055190323, 23.227639650056435 ] ] ] } },
{ "type": "Feature", "properties": { }, "geometry": { "type": "Polygon", "coordinates": [ [ [ 77.429454555190333, 23.227732350029594 ], [ 77.42941575519032, 23.227808450007558 ], [ 77.429574655190336, 23.227876849987759 ], [ 77.429613455190321, 23.227800750009788 ], [ 77.429572955190338, 23.227783350014825 ], [ 77.429588855190332, 23.227752250023833 ], [ 77.429505955190322, 23.227716550034167 ], [ 77.429490055190342, 23.227747650025162 ], [ 77.429454555190333, 23.227732350029594 ] ] ] } },
{ "type": "Feature", "properties": { }, "geometry": { "type": "Polygon", "coordinates": [ [ [ 77.44091035519034, 23.224336551012637 ], [ 77.441015355190316, 23.224346951009622 ], [ 77.441033455190322, 23.224191651054575 ], [ 77.440928455190317, 23.224181351057556 ], [ 77.44091035519034, 23.224336551012637 ] ] ] } },
{ "type": "Feature", "properties": { }, "geometry": { "type": "Polygon", "coordinates": [ [ [ 77.441192055190342, 23.224446750980736 ], [ 77.441296155190329, 23.224448950980094 ], [ 77.441298055190316, 23.224371451002529 ], [ 77.441193955190329, 23.224369351003137 ], [ 77.441192055190342, 23.224446750980736 ] ] ] } },
{ "type": "Feature", "properties": { }, "geometry": { "type": "Polygon", "coordinates": [ [ [ 77.441106155190326, 23.224556550948947 ], [ 77.441278455190343, 23.224560250947881 ], [ 77.441281055190331, 23.224457350977666 ], [ 77.441108755190342, 23.224453650978738 ], [ 77.441106155190326, 23.224556550948947 ] ] ] } },
{ "type": "Feature", "properties": { }, "geometry": { "type": "Polygon", "coordinates": [ [ [ 77.441065155190316, 23.224006951108038 ], [ 77.441060455190325, 23.224089051084274 ], [ 77.441175155190322, 23.224094651082659 ], [ 77.441179855190342, 23.224012451106447 ], [ 77.441065155190316, 23.224006951108038 ] ] ] } },
{ "type": "Feature", "properties": { }, "geometry": { "type": "Polygon", "coordinates": [ [ [ 77.434058255190337, 23.226419850409552 ], [ 77.434039655190332, 23.22646275039714 ], [ 77.434005755190341, 23.226450450400701 ], [ 77.43392545519032, 23.226636950346709 ], [ 77.433999055190327, 23.226663650338981 ], [ 77.434079355190335, 23.22647715039297 ], [ 77.434072155190336, 23.226474550393721 ], [ 77.434093455190336, 23.226425350407968 ], [ 77.43408805519033, 23.226423450408518 ], [ 77.434107555190323, 23.226376250422184 ], [ 77.434050255190343, 23.226356250427976 ], [ 77.434028255190327, 23.226409350412602 ], [ 77.434058255190337, 23.226419850409552 ] ] ] } },
{ "type": "Feature", "properties": { }, "geometry": { "type": "Polygon", "coordinates": [ [ [ 77.43812985519034, 23.224672450915396 ], [ 77.438140455190322, 23.224618950930886 ], [ 77.438203255190331, 23.224633950926545 ], [ 77.438212655190327, 23.224600650936182 ], [ 77.438316855190322, 23.224621950930022 ], [ 77.438333855190336, 23.224552150950224 ], [ 77.438232255190329, 23.224531350956241 ], [ 77.438241855190341, 23.224497250966113 ], [ 77.438029955190316, 23.224446650980759 ], [ 77.438020255190338, 23.224481150970774 ], [ 77.437911855190322, 23.224455150978304 ], [ 77.437890855190318, 23.224529150956876 ], [ 77.437999355190328, 23.224555250949322 ], [ 77.43799135519032, 23.224583350941192 ], [ 77.438080655190319, 23.224604650935028 ], [ 77.438069355190322, 23.224661750918493 ], [ 77.438032755190321, 23.224655350920351 ], [ 77.438013255190342, 23.224749250893165 ], [ 77.438138255190339, 23.224771250886793 ], [ 77.438157755190332, 23.224677350913982 ], [ 77.43812985519034, 23.224672450915396 ] ] ] } },
{ "type": "Feature", "properties": { }, "geometry": { "type": "Polygon", "coordinates": [ [ [ 77.442421455190342, 23.224427150986408 ], [ 77.442558155190326, 23.224427750986234 ], [ 77.44255905519033, 23.224281151028666 ], [ 77.442422255190337, 23.224280451028875 ], [ 77.442421455190342, 23.224427150986408 ] ] ] } },
{ "type": "Feature", "properties": { }, "geometry": { "type": "Polygon", "coordinates": [ [ [ 77.434608755190325, 23.227478450103096 ], [ 77.434737655190318, 23.227531550087722 ], [ 77.43478635519034, 23.227431750116612 ], [ 77.434657455190333, 23.227378650131989 ], [ 77.434608755190325, 23.227478450103096 ] ] ] } },
{ "type": "Feature", "properties": { }, "geometry": { "type": "Polygon", "coordinates": [ [ [ 77.433591555190333, 23.226826650291795 ], [ 77.433560255190329, 23.226877750277005 ], [ 77.433726955190323, 23.226964050252015 ], [ 77.433758255190327, 23.226913050266781 ], [ 77.433591555190333, 23.226826650291795 ] ] ] } },
{ "type": "Feature", "properties": { }, "geometry": { "type": "Polygon", "coordinates": [ [ [ 77.434535655190317, 23.223938251127919 ], [ 77.434586655190316, 23.224057151093511 ], [ 77.434636155190319, 23.224039251098695 ], [ 77.434585155190334, 23.223920351133106 ], [ 77.434535655190317, 23.223938251127919 ] ] ] } },
{ "type": "Feature", "properties": { }, "geometry": { "type": "Polygon", "coordinates": [ [ [ 77.434100155190322, 23.225049550806244 ], [ 77.434165055190334, 23.225059050803488 ], [ 77.434189155190339, 23.224920450843609 ], [ 77.43412435519032, 23.224910950846365 ], [ 77.434100155190322, 23.225049550806244 ] ] ] } },
{ "type": "Feature", "properties": { }, "geometry": { "type": "Polygon", "coordinates": [ [ [ 77.436529255190337, 23.22519135076519 ], [ 77.436502255190334, 23.225260550745162 ], [ 77.436640055190324, 23.225305950732018 ], [ 77.436667055190327, 23.22523675075205 ], [ 77.436529255190337, 23.22519135076519 ] ] ] } },
{ "type": "Feature", "properties": { }, "geometry": { "type": "Polygon", "coordinates": [ [ [ 77.433997455190337, 23.224278951029305 ], [ 77.433938655190317, 23.224385050998599 ], [ 77.434016255190315, 23.224421350988084 ], [ 77.434075055190334, 23.22431535101877 ], [ 77.433997455190337, 23.224278951029305 ] ] ] } },
{ "type": "Feature", "properties": { }, "geometry": { "type": "Polygon", "coordinates": [ [ [ 77.433861455190325, 23.225980950536613 ], [ 77.433919455190335, 23.225992550533263 ], [ 77.433939555190335, 23.225907450557894 ], [ 77.433881555190339, 23.22589595056122 ], [ 77.433861455190325, 23.225980950536613 ] ] ] } },
{ "type": "Feature", "properties": { }, "geometry": { "type": "Polygon", "coordinates": [ [ [ 77.43397315519033, 23.228898349692017 ], [ 77.434074955190326, 23.228939549680089 ], [ 77.434111855190324, 23.228862549702377 ], [ 77.434009955190319, 23.228821349714313 ], [ 77.43397315519033, 23.228898349692017 ] ] ] } },
{ "type": "Feature", "properties": { }, "geometry": { "type": "Polygon", "coordinates": [ [ [ 77.434336155190337, 23.227742450026668 ], [ 77.434307355190342, 23.227802050009412 ], [ 77.434450955190343, 23.227860549992478 ], [ 77.434479755190338, 23.22780095000973 ], [ 77.434336155190337, 23.227742450026668 ] ] ] } },
{ "type": "Feature", "properties": { }, "geometry": { "type": "Polygon", "coordinates": [ [ [ 77.436740155190321, 23.225088350795005 ], [ 77.436850255190336, 23.225133150782042 ], [ 77.436881455190331, 23.225068450800769 ], [ 77.436771355190331, 23.225023650813736 ], [ 77.436740155190321, 23.225088350795005 ] ] ] } },
{ "type": "Feature", "properties": { }, "geometry": { "type": "Polygon", "coordinates": [ [ [ 77.434706555190317, 23.226424350408262 ], [ 77.434803255190332, 23.226464150396737 ], [ 77.434834455190327, 23.226400250415232 ], [ 77.434737755190341, 23.226360450426757 ], [ 77.434706555190317, 23.226424350408262 ] ] ] } },
{ "type": "Feature", "properties": { }, "geometry": { "type": "Polygon", "coordinates": [ [ [ 77.434509855190342, 23.227316250150061 ], [ 77.434468255190339, 23.227397550126511 ], [ 77.434608155190332, 23.227457950109031 ], [ 77.434649655190341, 23.227376650132566 ], [ 77.434509855190342, 23.227316250150061 ] ] ] } },
{ "type": "Feature", "properties": { }, "geometry": { "type": "Polygon", "coordinates": [ [ [ 77.434211755190319, 23.228030349943321 ], [ 77.434324355190327, 23.22807104993154 ], [ 77.434359855190337, 23.227987849955625 ], [ 77.434247255190343, 23.227947249967375 ], [ 77.434211755190319, 23.228030349943321 ] ] ] } },
{ "type": "Feature", "properties": { }, "geometry": { "type": "Polygon", "coordinates": [ [ [ 77.434542755190336, 23.226488350389733 ], [ 77.434599855190328, 23.22651095038319 ], [ 77.434639355190342, 23.226426550407616 ], [ 77.434582355190315, 23.226403950414163 ], [ 77.434542755190336, 23.226488350389733 ] ] ] } },
{ "type": "Feature", "properties": { }, "geometry": { "type": "Polygon", "coordinates": [ [ [ 77.434080355190318, 23.228714149745343 ], [ 77.434152155190318, 23.228744249736639 ], [ 77.43419105519034, 23.228665949759304 ], [ 77.434119255190325, 23.228635849768018 ], [ 77.434080355190318, 23.228714149745343 ] ] ] } },
{ "type": "Feature", "properties": { }, "geometry": { "type": "Polygon", "coordinates": [ [ [ 77.433852355190339, 23.226511750382954 ], [ 77.433924455190322, 23.226539650374875 ], [ 77.433951255190323, 23.22648115039182 ], [ 77.43387915519034, 23.226453250399889 ], [ 77.433852355190339, 23.226511750382954 ] ] ] } },
{ "type": "Feature", "properties": { }, "geometry": { "type": "Polygon", "coordinates": [ [ [ 77.433484255190322, 23.226382750420303 ], [ 77.433509455190318, 23.22640635041347 ], [ 77.433558755190319, 23.22636195042632 ], [ 77.433533555190337, 23.226338350433153 ], [ 77.433484255190322, 23.226382750420303 ] ] ] } },
{ "type": "Feature", "properties": { }, "geometry": { "type": "Polygon", "coordinates": [ [ [ 77.442404855190333, 23.224028751101734 ], [ 77.442406855190342, 23.22420485105075 ], [ 77.442596055190336, 23.224202951051307 ], [ 77.442594055190341, 23.224026851102284 ], [ 77.442404855190333, 23.224028751101734 ] ] ] } },
{ "type": "Feature", "properties": { }, "geometry": { "type": "Polygon", "coordinates": [ [ [ 77.433893355190321, 23.227391750128195 ], [ 77.433950355190319, 23.227411850122376 ], [ 77.434135455190329, 23.22696815025083 ], [ 77.434078355190323, 23.226948050256649 ], [ 77.433893355190321, 23.227391750128195 ] ] ] } },
{ "type": "Feature", "properties": { }, "geometry": { "type": "Polygon", "coordinates": [ [ [ 77.434573255190315, 23.227575650074957 ], [ 77.434690455190321, 23.227619350062309 ], [ 77.434729355190342, 23.227531250087814 ], [ 77.434612155190322, 23.227487550100459 ], [ 77.434573255190315, 23.227575650074957 ] ] ] } },
{ "type": "Feature", "properties": { }, "geometry": { "type": "Polygon", "coordinates": [ [ [ 77.433627755190315, 23.226748450314428 ], [ 77.433595355190334, 23.226805250297989 ], [ 77.433723155190336, 23.226866750280188 ], [ 77.433755555190331, 23.226809950296627 ], [ 77.433627755190315, 23.226748450314428 ] ] ] } },
{ "type": "Feature", "properties": { }, "geometry": { "type": "Polygon", "coordinates": [ [ [ 77.433835955190318, 23.226255150457238 ], [ 77.433891955190319, 23.22629775044491 ], [ 77.433962355190317, 23.226219750467482 ], [ 77.433906355190317, 23.226177150479817 ], [ 77.433835955190318, 23.226255150457238 ] ] ] } },
{ "type": "Feature", "properties": { }, "geometry": { "type": "Polygon", "coordinates": [ [ [ 77.434487755190332, 23.224909650846737 ], [ 77.433971455190317, 23.224788250881879 ], [ 77.433956355190318, 23.224842550866164 ], [ 77.434472655190319, 23.224963950831015 ], [ 77.434487755190332, 23.224909650846737 ] ] ] } },
{ "type": "Feature", "properties": { }, "geometry": { "type": "Polygon", "coordinates": [ [ [ 77.436441455190334, 23.225406350702951 ], [ 77.436580155190327, 23.225452750689517 ], [ 77.436631155190341, 23.225323950726803 ], [ 77.436492355190339, 23.225277550740238 ], [ 77.436441455190334, 23.225406350702951 ] ] ] } },
{ "type": "Feature", "properties": { }, "geometry": { "type": "Polygon", "coordinates": [ [ [ 77.434137255190336, 23.225143350779085 ], [ 77.434114355190331, 23.225227050754857 ], [ 77.434250555190332, 23.225258650745712 ], [ 77.43427355519033, 23.225174950769937 ], [ 77.434137255190336, 23.225143350779085 ] ] ] } },
{ "type": "Feature", "properties": { }, "geometry": { "type": "Polygon", "coordinates": [ [ [ 77.434373055190321, 23.227633950058078 ], [ 77.434325055190328, 23.227731150029943 ], [ 77.434472555190339, 23.227792750012103 ], [ 77.434520655190326, 23.227695550040245 ], [ 77.434373055190321, 23.227633950058078 ] ] ] } },
{ "type": "Feature", "properties": { }, "geometry": { "type": "Polygon", "coordinates": [ [ [ 77.433840355190341, 23.224250051037668 ], [ 77.433889955190324, 23.22427295103104 ], [ 77.433954955190316, 23.224153951065489 ], [ 77.433905355190333, 23.224131051072117 ], [ 77.433840355190341, 23.224250051037668 ] ] ] } },
{ "type": "Feature", "properties": { }, "geometry": { "type": "Polygon", "coordinates": [ [ [ 77.433922455190327, 23.228626049770853 ], [ 77.43405405519033, 23.228683049754352 ], [ 77.434098355190329, 23.228596749779339 ], [ 77.433966755190326, 23.228539749795836 ], [ 77.433922455190327, 23.228626049770853 ] ] ] } },
{ "type": "Feature", "properties": { }, "geometry": { "type": "Polygon", "coordinates": [ [ [ 77.433791055190326, 23.22596985053983 ], [ 77.433843355190319, 23.225981750536384 ], [ 77.433866855190331, 23.225894250561712 ], [ 77.433814555190324, 23.225882350565161 ], [ 77.433791055190326, 23.22596985053983 ] ] ] } },
{ "type": "Feature", "properties": { }, "geometry": { "type": "Polygon", "coordinates": [ [ [ 77.433577855190336, 23.224973150828351 ], [ 77.433687855190342, 23.225017850815416 ], [ 77.433738855190342, 23.224911850846102 ], [ 77.433628755190341, 23.224867150859041 ], [ 77.433577855190336, 23.224973150828351 ] ] ] } },
{ "type": "Feature", "properties": { }, "geometry": { "type": "Polygon", "coordinates": [ [ [ 77.434555455190321, 23.227223850176802 ], [ 77.434516955190333, 23.227293550156624 ], [ 77.434654455190326, 23.227357650138071 ], [ 77.434692955190329, 23.227287950158246 ], [ 77.434555455190321, 23.227223850176802 ] ] ] } },
{ "type": "Feature", "properties": { }, "geometry": { "type": "Polygon", "coordinates": [ [ [ 77.433885255190333, 23.228744349736605 ], [ 77.434014055190318, 23.228800349720391 ], [ 77.434054855190325, 23.228721149743318 ], [ 77.433926155190321, 23.228665149759532 ], [ 77.433885255190333, 23.228744349736605 ] ] ] } },
{ "type": "Feature", "properties": { }, "geometry": { "type": "Polygon", "coordinates": [ [ [ 77.43426645519034, 23.227893949982811 ], [ 77.434246855190338, 23.227939349969663 ], [ 77.434368155190342, 23.227983749956813 ], [ 77.434387855190323, 23.227938349969957 ], [ 77.43426645519034, 23.227893949982811 ] ] ] } },
{ "type": "Feature", "properties": { }, "geometry": { "type": "Polygon", "coordinates": [ [ [ 77.433429655190324, 23.226033250521475 ], [ 77.433507055190319, 23.226049950516643 ], [ 77.43352785519032, 23.225968650540178 ], [ 77.433450455190325, 23.225951950545014 ], [ 77.433429655190324, 23.226033250521475 ] ] ] } },
{ "type": "Feature", "properties": { }, "geometry": { "type": "Polygon", "coordinates": [ [ [ 77.434660955190338, 23.226541250374414 ], [ 77.434713455190334, 23.226563050368103 ], [ 77.434746655190338, 23.226495750387585 ], [ 77.434694055190334, 23.22647385039393 ], [ 77.434660955190338, 23.226541250374414 ] ] ] } },
{ "type": "Feature", "properties": { }, "geometry": { "type": "Polygon", "coordinates": [ [ [ 77.436883655190343, 23.225071150799987 ], [ 77.436997555190317, 23.225117750786499 ], [ 77.437023655190316, 23.225063850802101 ], [ 77.436909755190342, 23.225017150815621 ], [ 77.436883655190343, 23.225071150799987 ] ] ] } },
{ "type": "Feature", "properties": { }, "geometry": { "type": "Polygon", "coordinates": [ [ [ 77.434183955190321, 23.225055750804444 ], [ 77.434248755190339, 23.225068750800673 ], [ 77.434279555190329, 23.224939350838142 ], [ 77.434214855190334, 23.224926350841901 ], [ 77.434183955190321, 23.225055750804444 ] ] ] } },
{ "type": "Feature", "properties": { }, "geometry": { "type": "Polygon", "coordinates": [ [ [ 77.434433055190325, 23.227888049984514 ], [ 77.434385955190322, 23.227991149954665 ], [ 77.434522155190322, 23.228043749939438 ], [ 77.43456935519032, 23.227940649969291 ], [ 77.434433055190325, 23.227888049984514 ] ] ] } },
{ "type": "Feature", "properties": { }, "geometry": { "type": "Polygon", "coordinates": [ [ [ 77.434549755190332, 23.227645350054779 ], [ 77.434632955190338, 23.227685950043025 ], [ 77.434655855190343, 23.227646450054461 ], [ 77.434572655190337, 23.227605750066239 ], [ 77.434549755190332, 23.227645350054779 ] ] ] } },
{ "type": "Feature", "properties": { }, "geometry": { "type": "Polygon", "coordinates": [ [ [ 77.433331355190333, 23.228761849731541 ], [ 77.433376555190321, 23.228780649726094 ], [ 77.433447655190335, 23.228636449767837 ], [ 77.433402455190318, 23.228617649773291 ], [ 77.433331355190333, 23.228761849731541 ] ] ] } },
{ "type": "Feature", "properties": { }, "geometry": { "type": "Polygon", "coordinates": [ [ [ 77.434418055190321, 23.227518050091636 ], [ 77.434474855190317, 23.227543550084249 ], [ 77.434525155190329, 23.227448650111725 ], [ 77.434468355190333, 23.227423150119108 ], [ 77.434418055190321, 23.227518050091636 ] ] ] } },
{ "type": "Feature", "properties": { }, "geometry": { "type": "Polygon", "coordinates": [ [ [ 77.433789755190318, 23.226088150505579 ], [ 77.433727055190332, 23.226144050489403 ], [ 77.433816255190337, 23.226228450464969 ], [ 77.433878855190329, 23.226172550481145 ], [ 77.433789755190318, 23.226088150505579 ] ] ] } },
{ "type": "Feature", "properties": { }, "geometry": { "type": "Polygon", "coordinates": [ [ [ 77.433639855190322, 23.228108749920612 ], [ 77.433758355190335, 23.228147549909387 ], [ 77.433801855190339, 23.228035449941835 ], [ 77.433683455190319, 23.227996549953101 ], [ 77.433639855190322, 23.228108749920612 ] ] ] } },
{ "type": "Feature", "properties": { }, "geometry": { "type": "Polygon", "coordinates": [ [ [ 77.433990255190338, 23.225188150766122 ], [ 77.434106855190336, 23.225214050758623 ], [ 77.434125955190339, 23.225141450779638 ], [ 77.434009255190333, 23.225115550787137 ], [ 77.433990255190338, 23.225188150766122 ] ] ] } },
{ "type": "Feature", "properties": { }, "geometry": { "type": "Polygon", "coordinates": [ [ [ 77.434423155190316, 23.227542050084683 ], [ 77.434375755190331, 23.227628650059611 ], [ 77.434500055190327, 23.22768605004299 ], [ 77.434547455190327, 23.227599450068062 ], [ 77.434423155190316, 23.227542050084683 ] ] ] } },
{ "type": "Feature", "properties": { }, "geometry": { "type": "Polygon", "coordinates": [ [ [ 77.433921855190334, 23.226047550517332 ], [ 77.434025655190339, 23.226119350496553 ], [ 77.43406435519033, 23.226072150510216 ], [ 77.433960555190325, 23.226000250531026 ], [ 77.433921855190334, 23.226047550517332 ] ] ] } },
{ "type": "Feature", "properties": { }, "geometry": { "type": "Polygon", "coordinates": [ [ [ 77.434612155190322, 23.226521050380263 ], [ 77.434655255190322, 23.226536350375834 ], [ 77.434683555190333, 23.226469250395258 ], [ 77.434640455190319, 23.226453950399691 ], [ 77.434612155190322, 23.226521050380263 ] ] ] } },
{ "type": "Feature", "properties": { }, "geometry": { "type": "Polygon", "coordinates": [ [ [ 77.436824955190318, 23.225033850810785 ], [ 77.436878255190337, 23.22505585080442 ], [ 77.436908755190316, 23.22499365082243 ], [ 77.436855455190326, 23.224971550828823 ], [ 77.436824955190318, 23.225033850810785 ] ] ] } },
{ "type": "Feature", "properties": { }, "geometry": { "type": "Polygon", "coordinates": [ [ [ 77.434598355190332, 23.227117850207492 ], [ 77.434560355190328, 23.227193250185664 ], [ 77.434680355190338, 23.227244350170867 ], [ 77.434718455190321, 23.227168950192695 ], [ 77.434598355190332, 23.227117850207492 ] ] ] } },
{ "type": "Feature", "properties": { }, "geometry": { "type": "Polygon", "coordinates": [ [ [ 77.434288555190321, 23.225198650763076 ], [ 77.434267955190322, 23.225273750741341 ], [ 77.434379255190336, 23.225299650733842 ], [ 77.434399955190315, 23.225224550755577 ], [ 77.434288555190321, 23.225198650763076 ] ] ] } },
{ "type": "Feature", "properties": { }, "geometry": { "type": "Polygon", "coordinates": [ [ [ 77.433658655190328, 23.22447125097364 ], [ 77.433627655190335, 23.22453525095511 ], [ 77.433742355190333, 23.224582050941564 ], [ 77.433773255190331, 23.224518050960096 ], [ 77.433658655190328, 23.22447125097364 ] ] ] } },
{ "type": "Feature", "properties": { }, "geometry": { "type": "Polygon", "coordinates": [ [ [ 77.433695855190336, 23.225945850546783 ], [ 77.433774055190341, 23.22596445054139 ], [ 77.433798855190318, 23.225876350566896 ], [ 77.433720655190328, 23.225857750572281 ], [ 77.433695855190336, 23.225945850546783 ] ] ] } },
{ "type": "Feature", "properties": { }, "geometry": { "type": "Polygon", "coordinates": [ [ [ 77.433765355190332, 23.226311450440935 ], [ 77.433816755190321, 23.226353750428689 ], [ 77.433870355190336, 23.226298750444613 ], [ 77.433818955190333, 23.226256450456859 ], [ 77.433765355190332, 23.226311450440935 ] ] ] } },
{ "type": "Feature", "properties": { }, "geometry": { "type": "Polygon", "coordinates": [ [ [ 77.433346455190318, 23.226012350527526 ], [ 77.43341805519033, 23.226029450522578 ], [ 77.433440855190341, 23.225948750545935 ], [ 77.433369255190328, 23.225931650550891 ], [ 77.433346455190318, 23.226012350527526 ] ] ] } },
{ "type": "Feature", "properties": { }, "geometry": { "type": "Polygon", "coordinates": [ [ [ 77.433549555190325, 23.22469735090819 ], [ 77.433614855190342, 23.224728450899189 ], [ 77.433664455190325, 23.224640250924718 ], [ 77.43359925519033, 23.224609250933693 ], [ 77.433549555190325, 23.22469735090819 ] ] ] } },
{ "type": "Feature", "properties": { }, "geometry": { "type": "Polygon", "coordinates": [ [ [ 77.434166855190327, 23.228510149804418 ], [ 77.434253555190324, 23.228543349794798 ], [ 77.434290355190328, 23.228461949818367 ], [ 77.434203755190325, 23.228428849827946 ], [ 77.434166855190327, 23.228510149804418 ] ] ] } },
{ "type": "Feature", "properties": { }, "geometry": { "type": "Polygon", "coordinates": [ [ [ 77.434333855190317, 23.228111449919844 ], [ 77.434468155190331, 23.228162749904978 ], [ 77.434520055190333, 23.228047949938222 ], [ 77.43438575519032, 23.227996749953046 ], [ 77.434333855190317, 23.228111449919844 ] ] ] } },
{ "type": "Feature", "properties": { }, "geometry": { "type": "Polygon", "coordinates": [ [ [ 77.434213155190321, 23.226632250348075 ], [ 77.434262255190333, 23.22665035034283 ], [ 77.434355455190328, 23.22643715040455 ], [ 77.43430635519033, 23.226419050409792 ], [ 77.434213155190321, 23.226632250348075 ] ] ] } },
{ "type": "Feature", "properties": { }, "geometry": { "type": "Polygon", "coordinates": [ [ [ 77.433756955190333, 23.227874249988506 ], [ 77.433850455190338, 23.227905849979361 ], [ 77.433883955190325, 23.227822350003539 ], [ 77.433790455190334, 23.227790650012711 ], [ 77.433756955190333, 23.227874249988506 ] ] ] } },
{ "type": "Feature", "properties": { }, "geometry": { "type": "Polygon", "coordinates": [ [ [ 77.434487255190319, 23.227561050079185 ], [ 77.434562255190329, 23.22758815007133 ], [ 77.434604355190316, 23.227489650099852 ], [ 77.434529355190335, 23.227462550107703 ], [ 77.434487255190319, 23.227561050079185 ] ] ] } },
{ "type": "Feature", "properties": { }, "geometry": { "type": "Polygon", "coordinates": [ [ [ 77.433900355190318, 23.226069050511118 ], [ 77.43385395519033, 23.226119950496379 ], [ 77.43396125519034, 23.226202550472465 ], [ 77.434007655190328, 23.2261516504872 ], [ 77.433900355190318, 23.226069050511118 ] ] ] } },
{ "type": "Feature", "properties": { }, "geometry": { "type": "Polygon", "coordinates": [ [ [ 77.434062655190317, 23.22837704984294 ], [ 77.43401855519032, 23.228457549819638 ], [ 77.434134555190326, 23.228511149804113 ], [ 77.434178655190337, 23.22843064982742 ], [ 77.434062655190317, 23.22837704984294 ] ] ] } },
{ "type": "Feature", "properties": { }, "geometry": { "type": "Polygon", "coordinates": [ [ [ 77.433575855190327, 23.226362350426204 ], [ 77.433630155190343, 23.226421150409184 ], [ 77.433689955190331, 23.226374450422703 ], [ 77.433635555190321, 23.226315650439723 ], [ 77.433575855190327, 23.226362350426204 ] ] ] } },
{ "type": "Feature", "properties": { }, "geometry": { "type": "Polygon", "coordinates": [ [ [ 77.436779055190328, 23.225015650816051 ], [ 77.43681685519033, 23.225029350812083 ], [ 77.436845655190325, 23.224962150831537 ], [ 77.436807855190338, 23.224948450835505 ], [ 77.436779055190328, 23.225015650816051 ] ] ] } },
{ "type": "Feature", "properties": { }, "geometry": { "type": "Polygon", "coordinates": [ [ [ 77.433667455190317, 23.226214550468988 ], [ 77.43375765519032, 23.226296450445279 ], [ 77.433805455190324, 23.226252050458132 ], [ 77.433715255190322, 23.226170050481876 ], [ 77.433667455190317, 23.226214550468988 ] ] ] } },
{ "type": "Feature", "properties": { }, "geometry": { "type": "Polygon", "coordinates": [ [ [ 77.43415715519032, 23.225671950626065 ], [ 77.434276255190341, 23.225695950619119 ], [ 77.434315155190319, 23.225533250666217 ], [ 77.434196055190327, 23.225509250673166 ], [ 77.43415715519032, 23.225671950626065 ] ] ] } },
{ "type": "Feature", "properties": { }, "geometry": { "type": "Polygon", "coordinates": [ [ [ 77.433809455190342, 23.224549450951006 ], [ 77.43378135519032, 23.224606850934386 ], [ 77.433882655190317, 23.22464875092226 ], [ 77.43391075519034, 23.224591350938873 ], [ 77.433809455190342, 23.224549450951006 ] ] ] } },
{ "type": "Feature", "properties": { }, "geometry": { "type": "Polygon", "coordinates": [ [ [ 77.433607955190325, 23.225927950551959 ], [ 77.43367855519034, 23.225946250546659 ], [ 77.433705355190327, 23.225858750571991 ], [ 77.433634855190334, 23.225840450577294 ], [ 77.433607955190325, 23.225927950551959 ] ] ] } },
{ "type": "Feature", "properties": { }, "geometry": { "type": "Polygon", "coordinates": [ [ [ 77.433189555190324, 23.225964950541247 ], [ 77.433332355190331, 23.225997550531808 ], [ 77.433351955190318, 23.225925250552738 ], [ 77.433209155190326, 23.225892550562211 ], [ 77.433189555190324, 23.225964950541247 ] ] ] } },
{ "type": "Feature", "properties": { }, "geometry": { "type": "Polygon", "coordinates": [ [ [ 77.434598055190321, 23.226397550416021 ], [ 77.434675655190318, 23.226428250407125 ], [ 77.434705155190329, 23.226365450425305 ], [ 77.434627555190332, 23.226334650434225 ], [ 77.434598055190321, 23.226397550416021 ] ] ] } },
{ "type": "Feature", "properties": { }, "geometry": { "type": "Polygon", "coordinates": [ [ [ 77.433685455190329, 23.224779950884287 ], [ 77.433728055190315, 23.224799450878642 ], [ 77.433775055190324, 23.224712550903792 ], [ 77.433732355190315, 23.224693050909433 ], [ 77.433685455190329, 23.224779950884287 ] ] ] } },
{ "type": "Feature", "properties": { }, "geometry": { "type": "Polygon", "coordinates": [ [ [ 77.43352345519034, 23.224368651003338 ], [ 77.43357395519034, 23.224399050994535 ], [ 77.433629555190336, 23.224321051017125 ], [ 77.433579155190316, 23.224290651025921 ], [ 77.43352345519034, 23.224368651003338 ] ] ] } },
{ "type": "Feature", "properties": { }, "geometry": { "type": "Polygon", "coordinates": [ [ [ 77.434209155190331, 23.228386949840079 ], [ 77.434318655190324, 23.228429449827772 ], [ 77.434353455190333, 23.228353649849719 ], [ 77.43424405519032, 23.228311149862019 ], [ 77.434209155190331, 23.228386949840079 ] ] ] } },
{ "type": "Feature", "properties": { }, "geometry": { "type": "Polygon", "coordinates": [ [ [ 77.433405455190339, 23.228227349886286 ], [ 77.433487255190343, 23.228266149875047 ], [ 77.43350765519034, 23.228229849885562 ], [ 77.433425855190336, 23.228191049896793 ], [ 77.433405455190339, 23.228227349886286 ] ] ] } },
{ "type": "Feature", "properties": { }, "geometry": { "type": "Polygon", "coordinates": [ [ [ 77.434312655190325, 23.226193950474958 ], [ 77.434276055190338, 23.22627745045078 ], [ 77.434428855190333, 23.226334050434399 ], [ 77.43446545519032, 23.22625055045857 ], [ 77.434312655190325, 23.226193950474958 ] ] ] } },
{ "type": "Feature", "properties": { }, "geometry": { "type": "Polygon", "coordinates": [ [ [ 77.433705855190325, 23.227800250009931 ], [ 77.433757355190338, 23.227817650004901 ], [ 77.433865955190328, 23.227545250083768 ], [ 77.433814555190324, 23.227527950088767 ], [ 77.433705855190325, 23.227800250009931 ] ] ] } },
{ "type": "Feature", "properties": { }, "geometry": { "type": "Polygon", "coordinates": [ [ [ 77.434053255190335, 23.228362849847048 ], [ 77.43415275519034, 23.228405049834834 ], [ 77.434195755190331, 23.228319349859646 ], [ 77.434096155190318, 23.228277249871837 ], [ 77.434053255190335, 23.228362849847048 ] ] ] } },
{ "type": "Feature", "properties": { }, "geometry": { "type": "Polygon", "coordinates": [ [ [ 77.434267655190339, 23.226289050447431 ], [ 77.434225655190332, 23.226385050419633 ], [ 77.43439915519032, 23.226449150401077 ], [ 77.434441155190328, 23.226353150428867 ], [ 77.434267655190339, 23.226289050447431 ] ] ] } },
{ "type": "Feature", "properties": { }, "geometry": { "type": "Polygon", "coordinates": [ [ [ 77.433882955190342, 23.228759049732346 ], [ 77.433838555190334, 23.228837849709532 ], [ 77.433953855190339, 23.228892749693642 ], [ 77.433998255190332, 23.22881394971645 ], [ 77.433882955190342, 23.228759049732346 ] ] ] } },
{ "type": "Feature", "properties": { }, "geometry": { "type": "Polygon", "coordinates": [ [ [ 77.433689355190324, 23.226263150454919 ], [ 77.43363445519033, 23.226310850441116 ], [ 77.433709355190331, 23.226383650420043 ], [ 77.433764255190326, 23.22633585043388 ], [ 77.433689355190324, 23.226263150454919 ] ] ] } },
{ "type": "Feature", "properties": { }, "geometry": { "type": "Polygon", "coordinates": [ [ [ 77.434396555190332, 23.226912050267067 ], [ 77.434377155190333, 23.226951850255549 ], [ 77.434487755190332, 23.22699745024234 ], [ 77.434507155190332, 23.226957650253865 ], [ 77.434396555190332, 23.226912050267067 ] ] ] } },
{ "type": "Feature", "properties": { }, "geometry": { "type": "Polygon", "coordinates": [ [ [ 77.434835755190335, 23.224799350878669 ], [ 77.434901155190332, 23.22479975087855 ], [ 77.434901855190333, 23.224707350905291 ], [ 77.434836455190322, 23.224706950905414 ], [ 77.434835755190335, 23.224799350878669 ] ] ] } },
{ "type": "Feature", "properties": { }, "geometry": { "type": "Polygon", "coordinates": [ [ [ 77.433013255190318, 23.225920550554104 ], [ 77.433167055190339, 23.225959050542954 ], [ 77.43318785519034, 23.225888750563303 ], [ 77.433033955190325, 23.225850350574422 ], [ 77.433013255190318, 23.225920550554104 ] ] ] } },
{ "type": "Feature", "properties": { }, "geometry": { "type": "Polygon", "coordinates": [ [ [ 77.434503555190318, 23.226355650428147 ], [ 77.434569855190318, 23.226382450420385 ], [ 77.434602055190339, 23.226315250439836 ], [ 77.434535655190317, 23.226288450447598 ], [ 77.434503555190318, 23.226355650428147 ] ] ] } },
{ "type": "Feature", "properties": { }, "geometry": { "type": "Polygon", "coordinates": [ [ [ 77.433471155190333, 23.224503250964379 ], [ 77.433522455190342, 23.224526150957743 ], [ 77.43357645519032, 23.224423850987357 ], [ 77.433525155190324, 23.224400950993992 ], [ 77.433471155190333, 23.224503250964379 ] ] ] } },
{ "type": "Feature", "properties": { }, "geometry": { "type": "Polygon", "coordinates": [ [ [ 77.434687755190325, 23.227249750169303 ], [ 77.434850855190319, 23.227317050149821 ], [ 77.434889755190341, 23.227237550172834 ], [ 77.434726655190332, 23.227170250192319 ], [ 77.434687755190325, 23.227249750169303 ] ] ] } },
{ "type": "Feature", "properties": { }, "geometry": { "type": "Polygon", "coordinates": [ [ [ 77.433524355190329, 23.22695265025531 ], [ 77.43348515519034, 23.227018250236327 ], [ 77.43365185519032, 23.227102350211979 ], [ 77.433691055190337, 23.227036750230969 ], [ 77.433524355190329, 23.22695265025531 ] ] ] } },
{ "type": "Feature", "properties": { }, "geometry": { "type": "Polygon", "coordinates": [ [ [ 77.434746155190339, 23.226352550429041 ], [ 77.434877355190338, 23.226403350414341 ], [ 77.434920955190336, 23.226313950440218 ], [ 77.434790255190336, 23.226260850455589 ], [ 77.434746155190339, 23.226352550429041 ] ] ] } },
{ "type": "Feature", "properties": { }, "geometry": { "type": "Polygon", "coordinates": [ [ [ 77.434241955190316, 23.228301249864888 ], [ 77.43437665519032, 23.228351449850361 ], [ 77.434415555190341, 23.228263349875867 ], [ 77.434280855190337, 23.228213149890394 ], [ 77.434241955190316, 23.228301249864888 ] ] ] } },
{ "type": "Feature", "properties": { }, "geometry": { "type": "Polygon", "coordinates": [ [ [ 77.433115755190343, 23.2272390501724 ], [ 77.433238155190324, 23.227251050168928 ], [ 77.433247755190337, 23.227167750193043 ], [ 77.433125355190327, 23.22715575019652 ], [ 77.433115755190343, 23.2272390501724 ] ] ] } },
{ "type": "Feature", "properties": { }, "geometry": { "type": "Polygon", "coordinates": [ [ [ 77.43456925519034, 23.226562350368305 ], [ 77.434625555190337, 23.226587250361103 ], [ 77.434650655190339, 23.226539150375025 ], [ 77.434594355190328, 23.226514250382234 ], [ 77.43456925519034, 23.226562350368305 ] ] ] } },
{ "type": "Feature", "properties": { }, "geometry": { "type": "Polygon", "coordinates": [ [ [ 77.437190755190329, 23.225065850801517 ], [ 77.437158655190331, 23.225136450781079 ], [ 77.437386655190338, 23.225223950755748 ], [ 77.437418755190336, 23.225153350776193 ], [ 77.437190755190329, 23.225065850801517 ] ] ] } },
{ "type": "Feature", "properties": { }, "geometry": { "type": "Polygon", "coordinates": [ [ [ 77.442914955190318, 23.224618850930913 ], [ 77.443067855190336, 23.224620050930564 ], [ 77.443069055190335, 23.224486950969094 ], [ 77.442916155190318, 23.224485650969473 ], [ 77.442914955190318, 23.224618850930913 ] ] ] } },
{ "type": "Feature", "properties": { }, "geometry": { "type": "Polygon", "coordinates": [ [ [ 77.434103355190331, 23.228245449881044 ], [ 77.43422025519034, 23.228293249867207 ], [ 77.434260555190335, 23.228210049891292 ], [ 77.43414365519034, 23.228162249905136 ], [ 77.434103355190331, 23.228245449881044 ] ] ] } },
{ "type": "Feature", "properties": { }, "geometry": { "type": "Polygon", "coordinates": [ [ [ 77.437088455190334, 23.224566150946174 ], [ 77.437046855190331, 23.224647150922724 ], [ 77.437278655190326, 23.224747650893633 ], [ 77.437320255190329, 23.22466655091711 ], [ 77.437088455190334, 23.224566150946174 ] ] ] } },
{ "type": "Feature", "properties": { }, "geometry": { "type": "Polygon", "coordinates": [ [ [ 77.43366395519034, 23.226676350335303 ], [ 77.433789155190325, 23.226741850316341 ], [ 77.433824955190317, 23.226684050333077 ], [ 77.433699755190332, 23.226618550352043 ], [ 77.43366395519034, 23.226676350335303 ] ] ] } },
{ "type": "Feature", "properties": { }, "geometry": { "type": "Polygon", "coordinates": [ [ [ 77.442391055190342, 23.224634850926282 ], [ 77.442536655190338, 23.224637850925415 ], [ 77.442538355190322, 23.22456625094614 ], [ 77.44239285519032, 23.224563250947011 ], [ 77.442391055190342, 23.224634850926282 ] ] ] } },
{ "type": "Feature", "properties": { }, "geometry": { "type": "Polygon", "coordinates": [ [ [ 77.434780155190325, 23.224363051004964 ], [ 77.434787255190315, 23.224508850962756 ], [ 77.434846955190324, 23.224506450963453 ], [ 77.434839755190325, 23.224360651005657 ], [ 77.434780155190325, 23.224363051004964 ] ] ] } },
{ "type": "Feature", "properties": { }, "geometry": { "type": "Polygon", "coordinates": [ [ [ 77.434655555190318, 23.227366850135404 ], [ 77.434788155190319, 23.227424650118675 ], [ 77.434836755190332, 23.227330450145946 ], [ 77.434704055190323, 23.227272750162651 ], [ 77.434655555190318, 23.227366850135404 ] ] ] } },
{ "type": "Feature", "properties": { }, "geometry": { "type": "Polygon", "coordinates": [ [ [ 77.433559355190326, 23.226886450274485 ], [ 77.433524655190325, 23.226945350257431 ], [ 77.433690355190322, 23.227027850233547 ], [ 77.433725055190337, 23.226969050250567 ], [ 77.433559355190326, 23.226886450274485 ] ] ] } },
{ "type": "Feature", "properties": { }, "geometry": { "type": "Polygon", "coordinates": [ [ [ 77.434472655190319, 23.226427750407272 ], [ 77.434541755190338, 23.22644925040105 ], [ 77.434560755190319, 23.226397750415956 ], [ 77.434491655190342, 23.226376250422184 ], [ 77.434472655190319, 23.226427750407272 ] ] ] } },
{ "type": "Feature", "properties": { }, "geometry": { "type": "Polygon", "coordinates": [ [ [ 77.433478955190338, 23.227023250234879 ], [ 77.433440655190338, 23.227084050217275 ], [ 77.433599655190335, 23.227168450192845 ], [ 77.433637855190327, 23.227107650210446 ], [ 77.433478955190338, 23.227023250234879 ] ] ] } },
{ "type": "Feature", "properties": { }, "geometry": { "type": "Polygon", "coordinates": [ [ [ 77.433931155190336, 23.225993250533058 ], [ 77.433993555190341, 23.226006650529175 ], [ 77.43401425519032, 23.225924650552916 ], [ 77.433951955190338, 23.225911350556764 ], [ 77.433931155190336, 23.225993250533058 ] ] ] } },
{ "type": "Feature", "properties": { }, "geometry": { "type": "Polygon", "coordinates": [ [ [ 77.434365555190325, 23.226160050484769 ], [ 77.434413255190321, 23.22608405050677 ], [ 77.43433395519034, 23.2260421505189 ], [ 77.434286355190338, 23.226118150496902 ], [ 77.434365555190325, 23.226160050484769 ] ] ] } },
{ "type": "Feature", "properties": { }, "geometry": { "type": "Polygon", "coordinates": [ [ [ 77.434020155190339, 23.228467049816889 ], [ 77.433982355190324, 23.228535449797082 ], [ 77.43411175519033, 23.228595649779653 ], [ 77.434149455190337, 23.228527249799455 ], [ 77.434020155190339, 23.228467049816889 ] ] ] } },
{ "type": "Feature", "properties": { }, "geometry": { "type": "Polygon", "coordinates": [ [ [ 77.43415315519033, 23.228137949912171 ], [ 77.434250555190332, 23.228180149899949 ], [ 77.434293455190343, 23.228096349924208 ], [ 77.434196055190327, 23.228054149936433 ], [ 77.43415315519033, 23.228137949912171 ] ] ] } },
{ "type": "Feature", "properties": { }, "geometry": { "type": "Polygon", "coordinates": [ [ [ 77.437349255190327, 23.224674550914791 ], [ 77.437307855190326, 23.22475435089169 ], [ 77.437537155190341, 23.224854750862626 ], [ 77.437578555190342, 23.224774950885728 ], [ 77.437349255190327, 23.224674550914791 ] ] ] } },
{ "type": "Feature", "properties": { }, "geometry": { "type": "Polygon", "coordinates": [ [ [ 77.433452055190315, 23.226484750390771 ], [ 77.43349585519033, 23.226529750377743 ], [ 77.433548455190319, 23.226486650390225 ], [ 77.433504755190341, 23.226441550403276 ], [ 77.433452055190315, 23.226484750390771 ] ] ] } },
{ "type": "Feature", "properties": { }, "geometry": { "type": "Polygon", "coordinates": [ [ [ 77.438307855190331, 23.224818150873226 ], [ 77.438465255190337, 23.224849750864077 ], [ 77.438510855190316, 23.224658150919542 ], [ 77.438353455190338, 23.224626550928686 ], [ 77.438307855190331, 23.224818150873226 ] ] ] } },
{ "type": "Feature", "properties": { }, "geometry": { "type": "Polygon", "coordinates": [ [ [ 77.433554255190316, 23.226391450417783 ], [ 77.433507055190319, 23.226433350405649 ], [ 77.433607655190343, 23.226529150377917 ], [ 77.433654955190335, 23.226487150390081 ], [ 77.433554255190316, 23.226391450417783 ] ] ] } },
{ "type": "Feature", "properties": { }, "geometry": { "type": "Polygon", "coordinates": [ [ [ 77.434721755190338, 23.227164650193938 ], [ 77.434909955190321, 23.227244250170902 ], [ 77.434958855190331, 23.227146650199156 ], [ 77.434770655190334, 23.227067050222193 ], [ 77.434721755190338, 23.227164650193938 ] ] ] } },
{ "type": "Feature", "properties": { }, "geometry": { "type": "Polygon", "coordinates": [ [ [ 77.433664655190327, 23.226686850332264 ], [ 77.433631355190343, 23.226745250315354 ], [ 77.433760555190318, 23.226807450297354 ], [ 77.433793955190325, 23.226749050314258 ], [ 77.433664655190327, 23.226686850332264 ] ] ] } },
{ "type": "Feature", "properties": { }, "geometry": { "type": "Polygon", "coordinates": [ [ [ 77.434461655190319, 23.226743850315763 ], [ 77.434425355190342, 23.226820850293468 ], [ 77.434516255190317, 23.226856950283022 ], [ 77.434529555190338, 23.226828550291241 ], [ 77.434472755190342, 23.226806050297757 ], [ 77.434495655190318, 23.226757350311853 ], [ 77.434461655190319, 23.226743850315763 ] ] ] } },
{ "type": "Feature", "properties": { }, "geometry": { "type": "Polygon", "coordinates": [ [ [ 77.43369005519034, 23.227958749964046 ], [ 77.433568455190326, 23.22790834997863 ], [ 77.433535155190327, 23.227976049959032 ], [ 77.433611855190335, 23.228007849949829 ], [ 77.433510755190326, 23.228237749883274 ], [ 77.433565655190336, 23.228258149877366 ], [ 77.43369005519034, 23.227958749964046 ] ] ] } },
{ "type": "Feature", "properties": { }, "geometry": { "type": "Polygon", "coordinates": [ [ [ 77.433332455190325, 23.2247591508903 ], [ 77.433401655190323, 23.224791350880977 ], [ 77.433518955190337, 23.22457825094266 ], [ 77.433449755190338, 23.224546150951959 ], [ 77.433421355190333, 23.224597750937026 ], [ 77.433404755190324, 23.224590050939252 ], [ 77.433382255190338, 23.22463085092744 ], [ 77.433398855190333, 23.224638550925214 ], [ 77.433332455190325, 23.2247591508903 ] ] ] } },
{ "type": "Feature", "properties": { }, "geometry": { "type": "Polygon", "coordinates": [ [ [ 77.442399955190325, 23.225314550729529 ], [ 77.442570255190319, 23.22531575072918 ], [ 77.442571355190339, 23.225182750767683 ], [ 77.442401055190331, 23.225181550768028 ], [ 77.442400855190328, 23.22520675076073 ], [ 77.442382755190337, 23.225206550760785 ], [ 77.442382255190324, 23.225266350743482 ], [ 77.442400355190316, 23.225266450743447 ], [ 77.442399955190325, 23.225314550729529 ] ] ] } },
{ "type": "Feature", "properties": { }, "geometry": { "type": "Polygon", "coordinates": [ [ [ 77.442914255190331, 23.224046351096639 ], [ 77.442913555190316, 23.224184351056692 ], [ 77.443064355190316, 23.22418505105648 ], [ 77.443064555190332, 23.224156051064877 ], [ 77.443099155190339, 23.22415615106485 ], [ 77.443099355190327, 23.224101951080542 ], [ 77.443064755190335, 23.224101851080572 ], [ 77.443065055190317, 23.224046951096469 ], [ 77.442914255190331, 23.224046351096639 ] ] ] } },
{ "type": "Feature", "properties": { }, "geometry": { "type": "Polygon", "coordinates": [ [ [ 77.433462455190323, 23.2254127507011 ], [ 77.433464655190321, 23.225403350703822 ], [ 77.433388355190331, 23.225388450708138 ], [ 77.433336055190338, 23.225613950642856 ], [ 77.433412355190328, 23.225628950638516 ], [ 77.433443655190317, 23.22549375067765 ], [ 77.433600255190342, 23.225524050668877 ], [ 77.433618855190318, 23.225442950692358 ], [ 77.433462455190323, 23.2254127507011 ] ] ] } },
{ "type": "Feature", "properties": { }, "geometry": { "type": "Polygon", "coordinates": [ [ [ 77.437224955190331, 23.223907351136877 ], [ 77.437158955190341, 23.224037551099187 ], [ 77.437465355190326, 23.224168751061207 ], [ 77.43753135519033, 23.224038651098866 ], [ 77.437307155190339, 23.223942551126683 ], [ 77.437318755190319, 23.223919651133311 ], [ 77.437282155190317, 23.223903951137856 ], [ 77.437270555190338, 23.22392695113119 ], [ 77.437224955190331, 23.223907351136877 ] ] ] } },
{ "type": "Feature", "properties": { }, "geometry": { "type": "Polygon", "coordinates": [ [ [ 77.442410955190326, 23.225571850655044 ], [ 77.442567855190333, 23.225575550653971 ], [ 77.442571955190331, 23.22542635069717 ], [ 77.442406255190335, 23.225422550698266 ], [ 77.442405555190319, 23.225450450690186 ], [ 77.442374555190341, 23.225449750690387 ], [ 77.442372955190322, 23.225506450673976 ], [ 77.442412755190318, 23.225507350673716 ], [ 77.442410955190326, 23.225571850655044 ] ] ] } },
{ "type": "Feature", "properties": { }, "geometry": { "type": "Polygon", "coordinates": [ [ [ 77.430310655190326, 23.238825046817443 ], [ 77.430454655190331, 23.238827946816606 ], [ 77.430456455190324, 23.238750946838909 ], [ 77.430312455190318, 23.238748046839756 ], [ 77.430310655190326, 23.238825046817443 ] ] ] } },
{ "type": "Feature", "properties": { }, "geometry": { "type": "Polygon", "coordinates": [ [ [ 77.426801155190333, 23.226826650291795 ], [ 77.426982655190315, 23.226816550294714 ], [ 77.42699085519034, 23.22694645025711 ], [ 77.426810355190327, 23.226957350253951 ], [ 77.426801155190333, 23.226826650291795 ] ] ] } },
{ "type": "Feature", "properties": { }, "geometry": { "type": "Polygon", "coordinates": [ [ [ 77.443909055190318, 23.228875249698707 ], [ 77.443380655190325, 23.22889744969228 ], [ 77.443399455190317, 23.229309049573114 ], [ 77.443925155190328, 23.229294249577396 ], [ 77.443909055190318, 23.228875249698707 ] ] ] } },
{ "type": "Feature", "properties": { }, "geometry": { "type": "Polygon", "coordinates": [ [ [ 77.432089755190319, 23.227331150145741 ], [ 77.431956355190323, 23.227383350130626 ], [ 77.432026155190329, 23.227533750087087 ], [ 77.43215945519033, 23.227481550102201 ], [ 77.432089755190319, 23.227331150145741 ] ] ] } },
{ "type": "Feature", "properties": { }, "geometry": { "type": "Polygon", "coordinates": [ [ [ 77.439973855190317, 23.234070548194406 ], [ 77.440076555190316, 23.234052348199668 ], [ 77.440040855190333, 23.233882348248898 ], [ 77.439938155190333, 23.233900548243628 ], [ 77.439973855190317, 23.234070548194406 ] ] ] } },
{ "type": "Feature", "properties": { }, "geometry": { "type": "Polygon", "coordinates": [ [ [ 77.437754455190316, 23.237792647116461 ], [ 77.437746255190319, 23.237874147092857 ], [ 77.437892555190331, 23.237886547089268 ], [ 77.437911755190342, 23.23769404714502 ], [ 77.437634155190338, 23.237670647151795 ], [ 77.437623155190323, 23.237781547119681 ], [ 77.437754455190316, 23.237792647116461 ] ] ] } },
{ "type": "Feature", "properties": { }, "geometry": { "type": "Polygon", "coordinates": [ [ [ 77.431833006920442, 23.240895028292986 ], [ 77.431458606920444, 23.23964892877424 ], [ 77.43124840692046, 23.239702228753661 ], [ 77.431622806920444, 23.240948328272413 ], [ 77.431833006920442, 23.240895028292986 ] ] ] } },
{ "type": "Feature", "properties": { }, "geometry": { "type": "Polygon", "coordinates": [ [ [ 77.432183006920454, 23.232082131696075 ], [ 77.432025106920463, 23.231952831745989 ], [ 77.431093706920464, 23.232913431375113 ], [ 77.431251806920457, 23.233042731325195 ], [ 77.432183006920454, 23.232082131696075 ] ] ] } },
{ "type": "Feature", "properties": { }, "geometry": { "type": "Polygon", "coordinates": [ [ [ 77.434964206920441, 23.228344133139121 ], [ 77.435536506920457, 23.22715243359913 ], [ 77.43534290692044, 23.227073833629461 ], [ 77.434770306920441, 23.228265533169459 ], [ 77.434964206920441, 23.228344133139121 ] ] ] } },
{ "type": "Feature", "properties": { }, "geometry": { "type": "Polygon", "coordinates": [ [ [ 77.435043155190343, 23.229065149643727 ], [ 77.435224855190327, 23.229143349621083 ], [ 77.435297355190329, 23.228964649672825 ], [ 77.435148455190316, 23.22887714969815 ], [ 77.435043155190343, 23.229065149643727 ] ] ] } },
{ "type": "Feature", "properties": { }, "geometry": { "type": "Polygon", "coordinates": [ [ [ 77.430892755190328, 23.230396149258357 ], [ 77.430851155190339, 23.230571049207722 ], [ 77.431015555190328, 23.230604049198163 ], [ 77.431057155190331, 23.230429249248775 ], [ 77.430892755190328, 23.230396149258357 ] ] ] } },
{ "type": "Feature", "properties": { }, "geometry": { "type": "Polygon", "coordinates": [ [ [ 77.434170855190331, 23.227299050155032 ], [ 77.434215055190322, 23.227315650150228 ], [ 77.434230355190337, 23.227284250159318 ], [ 77.434269755190343, 23.22730045015463 ], [ 77.434252755190329, 23.227335550144467 ], [ 77.434308155190337, 23.227358250137897 ], [ 77.434327955190341, 23.227317650149647 ], [ 77.43430795519032, 23.227309450152024 ], [ 77.434336255190317, 23.227251050168928 ], [ 77.434355255190326, 23.227258850166674 ], [ 77.434366355190321, 23.227235950173302 ], [ 77.434359055190342, 23.227232950174169 ], [ 77.434366755190325, 23.2272169501788 ], [ 77.434339655190328, 23.227205850182013 ], [ 77.434344455190342, 23.227196050184848 ], [ 77.43431975519033, 23.227185950187778 ], [ 77.434304155190318, 23.227218450178363 ], [ 77.434276455190329, 23.227207150181641 ], [ 77.434290955190335, 23.227177050190349 ], [ 77.43427355519033, 23.227169950192405 ], [ 77.434267555190317, 23.227175550190793 ], [ 77.434234155190325, 23.227161750194782 ], [ 77.434217355190327, 23.227196050184848 ], [ 77.434238555190333, 23.227204750182334 ], [ 77.434225955190328, 23.227230450174893 ], [ 77.434256355190342, 23.227242950171281 ], [ 77.434246055190343, 23.227258050166899 ], [ 77.434214555190337, 23.227248650169621 ], [ 77.434200355190342, 23.22727385016233 ], [ 77.434187755190337, 23.227269150163693 ], [ 77.434170855190331, 23.227299050155032 ] ] ] } },
{ "type": "Feature", "properties": { }, "geometry": { "type": "Polygon", "coordinates": [ [ [ 77.434261155190327, 23.227090650215359 ], [ 77.434305355190332, 23.227107250210565 ], [ 77.434320655190319, 23.227075850219656 ], [ 77.434360055190325, 23.22709205021496 ], [ 77.43434305519034, 23.227127150204801 ], [ 77.434398555190327, 23.227149850198231 ], [ 77.434418255190323, 23.227109150210016 ], [ 77.434398355190325, 23.227101050212358 ], [ 77.434426555190342, 23.227042650229265 ], [ 77.434445555190337, 23.227050450227008 ], [ 77.434456655190331, 23.227027450233663 ], [ 77.434449355190324, 23.2270245502345 ], [ 77.434457155190316, 23.227008550239137 ], [ 77.434429955190339, 23.22699745024234 ], [ 77.434434755190324, 23.226987650245189 ], [ 77.434410055190327, 23.226977550248105 ], [ 77.434394455190329, 23.227009950238727 ], [ 77.434366755190325, 23.226998750241968 ], [ 77.434381255190331, 23.226968650250686 ], [ 77.434363855190327, 23.226961550252746 ], [ 77.434357955190322, 23.226967150251124 ], [ 77.434324455190335, 23.226953350255112 ], [ 77.434307655190324, 23.226987550245212 ], [ 77.434328855190316, 23.226996350242665 ], [ 77.434316255190339, 23.227021950235255 ], [ 77.434346655190339, 23.227034550231611 ], [ 77.434336455190333, 23.227049650227237 ], [ 77.434304855190334, 23.227040250229958 ], [ 77.434290655190324, 23.227065450222657 ], [ 77.434278055190319, 23.22706075022402 ], [ 77.434261155190327, 23.227090650215359 ] ] ] } },
{ "type": "Feature", "properties": { }, "geometry": { "type": "Polygon", "coordinates": [ [ [ 77.433983955190342, 23.227716650034139 ], [ 77.434028255190327, 23.227733250029335 ], [ 77.434043455190334, 23.227701950038394 ], [ 77.434082955190334, 23.227718150033699 ], [ 77.43406585519034, 23.22775315002357 ], [ 77.434121355190328, 23.227775950016969 ], [ 77.434141155190318, 23.227735250028754 ], [ 77.434121155190326, 23.227727050031127 ], [ 77.434149455190337, 23.227668750048004 ], [ 77.434168455190317, 23.227676450045774 ], [ 77.434179455190332, 23.227653550052402 ], [ 77.434172255190333, 23.227650550053273 ], [ 77.434179955190316, 23.227634550057903 ], [ 77.43415285519032, 23.227623550061093 ], [ 77.434157555190325, 23.227613650063955 ], [ 77.434132955190336, 23.227603650066854 ], [ 77.43411725519033, 23.227636050057473 ], [ 77.43408955519034, 23.227624750060738 ], [ 77.434104055190318, 23.227594650069459 ], [ 77.434086655190342, 23.227587650071481 ], [ 77.434080755190323, 23.227593250069859 ], [ 77.434047255190336, 23.227579450073858 ], [ 77.434030555190319, 23.227613650063955 ], [ 77.434051655190316, 23.227622350061434 ], [ 77.43403915519032, 23.227648050053993 ], [ 77.434069455190325, 23.227660550050377 ], [ 77.434059255190334, 23.227675750045975 ], [ 77.43402765519032, 23.227666350048697 ], [ 77.434013455190325, 23.22769145004143 ], [ 77.434000955190328, 23.227686750042793 ], [ 77.433983955190342, 23.227716650034139 ] ] ] } },
{ "type": "Feature", "properties": { }, "geometry": { "type": "Polygon", "coordinates": [ [ [ 77.433897255190317, 23.227923749974181 ], [ 77.433941455190322, 23.227940349969369 ], [ 77.433956755190323, 23.227908949978456 ], [ 77.433996155190329, 23.227925149973775 ], [ 77.433979155190343, 23.227960249963608 ], [ 77.434034655190317, 23.227982949957042 ], [ 77.434054355190341, 23.227942249968823 ], [ 77.434034455190329, 23.227934149971169 ], [ 77.43406275519034, 23.227875749988076 ], [ 77.434081655190326, 23.227883549985819 ], [ 77.434092755190335, 23.227860649992447 ], [ 77.434085455190342, 23.227857649993318 ], [ 77.434093255190334, 23.227841649997945 ], [ 77.434066155190322, 23.227830550001158 ], [ 77.434070855190342, 23.227820750004 ], [ 77.434046155190316, 23.227810650006923 ], [ 77.434030555190319, 23.227843049997546 ], [ 77.434002855190343, 23.227831850000786 ], [ 77.434017355190321, 23.227801750009494 ], [ 77.43399995519033, 23.227794650011553 ], [ 77.43399405519034, 23.227800250009931 ], [ 77.433960555190325, 23.22778645001393 ], [ 77.433943855190321, 23.227820750004 ], [ 77.433964955190334, 23.227829450001479 ], [ 77.433952355190343, 23.227855049994069 ], [ 77.433982755190328, 23.227867649990412 ], [ 77.433972555190337, 23.227882749986048 ], [ 77.433940955190323, 23.227873349988769 ], [ 77.433926755190328, 23.227898549981472 ], [ 77.433914155190323, 23.227893849982841 ], [ 77.433897255190317, 23.227923749974181 ] ] ] } },
{ "type": "Feature", "properties": { }, "geometry": { "type": "Polygon", "coordinates": [ [ [ 77.433806955190335, 23.228138149912109 ], [ 77.433851155190325, 23.228154749907301 ], [ 77.433866455190326, 23.228123349916391 ], [ 77.433905855190332, 23.228139549911702 ], [ 77.433888855190318, 23.228174649901536 ], [ 77.433944355190334, 23.228197449894942 ], [ 77.43396405519033, 23.228156749906724 ], [ 77.433944155190332, 23.228148549909097 ], [ 77.433972455190329, 23.228090149926004 ], [ 77.433991355190315, 23.22809794992375 ], [ 77.434002455190338, 23.228075049930375 ], [ 77.433995155190331, 23.228072049931246 ], [ 77.434002955190323, 23.228056049935876 ], [ 77.43397585519034, 23.228045049939062 ], [ 77.433980555190331, 23.228035149941924 ], [ 77.433955855190334, 23.228025149944823 ], [ 77.433940255190322, 23.228057549935439 ], [ 77.433912555190332, 23.228046249938714 ], [ 77.433927055190338, 23.228016149947425 ], [ 77.43390965519032, 23.228009049949488 ], [ 77.433903755190343, 23.228014749947832 ], [ 77.433870255190342, 23.228000849951851 ], [ 77.433853555190339, 23.228035149941924 ], [ 77.433874655190323, 23.228043849939404 ], [ 77.433862055190318, 23.22806954993197 ], [ 77.433892455190332, 23.22808204992835 ], [ 77.433882255190326, 23.228097249923955 ], [ 77.433850655190327, 23.22808784992667 ], [ 77.433836455190331, 23.228112949919407 ], [ 77.43382385519034, 23.228108249920762 ], [ 77.433806955190335, 23.228138149912109 ] ] ] } },
{ "type": "Feature", "properties": { }, "geometry": { "type": "Polygon", "coordinates": [ [ [ 77.433713055190324, 23.228339449853827 ], [ 77.433757355190338, 23.228356049849022 ], [ 77.43377255519033, 23.228324649858113 ], [ 77.433812055190316, 23.228340849853421 ], [ 77.433794955190322, 23.228375949843258 ], [ 77.433850455190338, 23.228398749836664 ], [ 77.433870255190342, 23.228358049848445 ], [ 77.433850255190336, 23.228349849850815 ], [ 77.433878555190319, 23.228291449867726 ], [ 77.433897455190319, 23.228299249865469 ], [ 77.433908555190342, 23.228276349872097 ], [ 77.433901355190315, 23.228273349872971 ], [ 77.433909055190327, 23.228257349877598 ], [ 77.433881955190316, 23.228246249880812 ], [ 77.433886655190335, 23.228236449883649 ], [ 77.433862055190318, 23.228226349886572 ], [ 77.43384635519034, 23.228258849877164 ], [ 77.433818655190322, 23.228247549880432 ], [ 77.433833155190342, 23.228217449889144 ], [ 77.433815755190324, 23.228210349891199 ], [ 77.433809855190333, 23.228215949889581 ], [ 77.433776355190318, 23.22820214989358 ], [ 77.433759655190343, 23.228236449883649 ], [ 77.433780755190327, 23.228245149881133 ], [ 77.433768255190316, 23.228270849873688 ], [ 77.433798555190336, 23.228283349870075 ], [ 77.433788355190316, 23.228298449865701 ], [ 77.433756755190331, 23.228289149868395 ], [ 77.433742555190335, 23.228314249861125 ], [ 77.433730055190338, 23.228309549862484 ], [ 77.433713055190324, 23.228339449853827 ] ] ] } },
{ "type": "Feature", "properties": { }, "geometry": { "type": "Polygon", "coordinates": [ [ [ 77.433623655190331, 23.228548149793404 ], [ 77.433667855190322, 23.2285647497886 ], [ 77.433683155190323, 23.228533349797697 ], [ 77.433722655190323, 23.228549549793001 ], [ 77.433705555190315, 23.228584649782842 ], [ 77.433761055190331, 23.228607349776265 ], [ 77.433780755190327, 23.228566749788026 ], [ 77.433760855190343, 23.228558549790396 ], [ 77.433789155190325, 23.22850014980731 ], [ 77.433808055190326, 23.228507949805042 ], [ 77.433819155190335, 23.228485049811677 ], [ 77.433811955190336, 23.228482049812545 ], [ 77.43381965519032, 23.228466049817179 ], [ 77.433792555190337, 23.228454949820392 ], [ 77.433797255190328, 23.228445149823223 ], [ 77.433772655190339, 23.22843504982615 ], [ 77.433756955190333, 23.228467549816745 ], [ 77.433729255190343, 23.228456249820013 ], [ 77.433743755190321, 23.228426149828731 ], [ 77.433726355190316, 23.22841904983078 ], [ 77.433720455190326, 23.228424649829165 ], [ 77.433686955190339, 23.228410849833153 ], [ 77.433670255190336, 23.228445149823223 ], [ 77.433691355190319, 23.228453849820706 ], [ 77.433678855190323, 23.228479549813265 ], [ 77.433709155190328, 23.228492049809649 ], [ 77.433698955190337, 23.228507149805274 ], [ 77.433667355190323, 23.228497749808 ], [ 77.433653155190342, 23.228522949800706 ], [ 77.433640555190323, 23.228518249802061 ], [ 77.433623655190331, 23.228548149793404 ] ] ] } },
{ "type": "Feature", "properties": { }, "geometry": { "type": "Polygon", "coordinates": [ [ [ 77.433525355190341, 23.228756049733217 ], [ 77.433569555190331, 23.228772649728409 ], [ 77.433584855190333, 23.228741249737499 ], [ 77.433624255190324, 23.228757449732807 ], [ 77.433607255190338, 23.228792549722652 ], [ 77.433662655190332, 23.228815249716078 ], [ 77.433682455190336, 23.228774549727863 ], [ 77.43366245519033, 23.228766349730236 ], [ 77.433690755190327, 23.228708049747116 ], [ 77.433709755190335, 23.228715749744879 ], [ 77.43372085519033, 23.228692849751514 ], [ 77.433713555190337, 23.228689949752347 ], [ 77.433721255190321, 23.228673949756985 ], [ 77.433694155190338, 23.228662849760198 ], [ 77.433698955190337, 23.228652949763067 ], [ 77.433674255190326, 23.228642949765959 ], [ 77.433658655190328, 23.228675349756578 ], [ 77.433630955190338, 23.228664149759819 ], [ 77.433645455190316, 23.228634049768537 ], [ 77.43362805519034, 23.228626949770593 ], [ 77.433622055190341, 23.228632549768975 ], [ 77.433588655190334, 23.228618749772959 ], [ 77.433571855190337, 23.228652949763067 ], [ 77.433593055190343, 23.228661749760523 ], [ 77.433580455190338, 23.228687349753105 ], [ 77.433610855190324, 23.228699849749489 ], [ 77.433600555190324, 23.228715049745087 ], [ 77.433569055190318, 23.228705649747805 ], [ 77.433554855190323, 23.228730849740508 ], [ 77.433542255190318, 23.228726049741901 ], [ 77.433525355190341, 23.228756049733217 ] ] ] } },
{ "type": "Feature", "properties": { }, "geometry": { "type": "Polygon", "coordinates": [ [ [ 77.433026955190343, 23.22936934955565 ], [ 77.433064255190331, 23.229396649547745 ], [ 77.433088555190338, 23.229370549555306 ], [ 77.433121455190332, 23.229396249547865 ], [ 77.43309435519032, 23.229425549539382 ], [ 77.43314055519032, 23.229461649528925 ], [ 77.433171955190332, 23.229427749538736 ], [ 77.433155355190323, 23.229414749542514 ], [ 77.433200355190337, 23.229366049556603 ], [ 77.433216155190323, 23.229378449553014 ], [ 77.433233855190323, 23.229359349558543 ], [ 77.433227755190316, 23.229354549559936 ], [ 77.433240155190333, 23.229341249563785 ], [ 77.433217455190331, 23.22932354956891 ], [ 77.433225055190334, 23.229315349571291 ], [ 77.433204455190321, 23.229299349575918 ], [ 77.433179555190321, 23.22932644956807 ], [ 77.433156455190328, 23.229308449573281 ], [ 77.433179555190321, 23.229283349580548 ], [ 77.433165055190315, 23.229272049583823 ], [ 77.433157555190334, 23.229275849582724 ], [ 77.433129755190336, 23.229253949589062 ], [ 77.433103155190338, 23.229282449580804 ], [ 77.433120755190316, 23.229296349576785 ], [ 77.433100855190332, 23.22931774957059 ], [ 77.433126155190322, 23.22933754956486 ], [ 77.433111655190316, 23.229349449561411 ], [ 77.433084255190337, 23.229332349566366 ], [ 77.433062955190323, 23.229352749560459 ], [ 77.433052355190341, 23.229344949562719 ], [ 77.433026955190343, 23.22936934955565 ] ] ] } },
{ "type": "Feature", "properties": { }, "geometry": { "type": "Polygon", "coordinates": [ [ [ 77.43286655519033, 23.229536649507207 ], [ 77.432903955190326, 23.229563949499308 ], [ 77.432928155190339, 23.229537849506862 ], [ 77.432961055190333, 23.229563549499431 ], [ 77.432933955190336, 23.229592849490938 ], [ 77.43298025519033, 23.229629049480462 ], [ 77.433011655190327, 23.229595049490307 ], [ 77.432995055190332, 23.229582049494073 ], [ 77.433040055190318, 23.229533349508166 ], [ 77.433055855190318, 23.229545749504581 ], [ 77.433073555190333, 23.22952664951011 ], [ 77.433067455190326, 23.229521849511499 ], [ 77.433079755190334, 23.229508549515348 ], [ 77.433057155190326, 23.229490949520439 ], [ 77.433064755190316, 23.229482649522847 ], [ 77.433044155190316, 23.229466649527478 ], [ 77.433019255190317, 23.22949374951963 ], [ 77.43299605519033, 23.229475749524848 ], [ 77.433019255190317, 23.229450649532115 ], [ 77.433004655190317, 23.229439349535383 ], [ 77.432997255190315, 23.229443149534283 ], [ 77.432969355190338, 23.229421249540628 ], [ 77.432942855190319, 23.229449849532344 ], [ 77.432960455190326, 23.229463649528345 ], [ 77.432940555190342, 23.22948504952215 ], [ 77.432965855190332, 23.22950484951642 ], [ 77.432951355190326, 23.229516749512978 ], [ 77.432923955190319, 23.22949964951793 ], [ 77.432902555190324, 23.229520049512018 ], [ 77.432891955190343, 23.229512249514276 ], [ 77.43286655519033, 23.229536649507207 ] ] ] } },
{ "type": "Feature", "properties": { }, "geometry": { "type": "Polygon", "coordinates": [ [ [ 77.432703355190327, 23.229698049460481 ], [ 77.432740655190315, 23.229725349452576 ], [ 77.432764855190328, 23.229699249460136 ], [ 77.432797755190322, 23.229724949452695 ], [ 77.432770655190339, 23.229754249444213 ], [ 77.432816955190333, 23.22979034943376 ], [ 77.432848355190316, 23.229756449443578 ], [ 77.432831755190335, 23.229743449447341 ], [ 77.432876755190321, 23.229694749461441 ], [ 77.432892555190335, 23.229707149457845 ], [ 77.432910255190336, 23.22968804946338 ], [ 77.432904155190329, 23.22968324946477 ], [ 77.432916455190338, 23.229669949468622 ], [ 77.432893855190315, 23.229652249473745 ], [ 77.432901455190319, 23.229644049476118 ], [ 77.432880855190319, 23.229628049480752 ], [ 77.43285595519032, 23.229655149472904 ], [ 77.432832755190333, 23.229637149478116 ], [ 77.43285595519032, 23.229612049485379 ], [ 77.43284135519032, 23.229600749488654 ], [ 77.432833955190318, 23.229604549487551 ], [ 77.432806055190341, 23.229582649493892 ], [ 77.432779555190322, 23.229611149485645 ], [ 77.432797155190329, 23.229625049481619 ], [ 77.432777255190317, 23.229646449475425 ], [ 77.432802555190335, 23.229666249469688 ], [ 77.432788055190315, 23.229678149466245 ], [ 77.432760655190322, 23.229660949471228 ], [ 77.432739255190327, 23.229681449465289 ], [ 77.432728755190325, 23.229673649467546 ], [ 77.432703355190327, 23.229698049460481 ] ] ] } },
{ "type": "Feature", "properties": { }, "geometry": { "type": "Polygon", "coordinates": [ [ [ 77.432520755190325, 23.229839749419455 ], [ 77.432555855190316, 23.229869549410832 ], [ 77.432582055190338, 23.229845049417925 ], [ 77.432612855190328, 23.229872849409869 ], [ 77.43258355519032, 23.229900249401936 ], [ 77.432626855190335, 23.229939449390585 ], [ 77.432660855190335, 23.229907649399795 ], [ 77.432645255190337, 23.229893549403883 ], [ 77.432693955190317, 23.229847949417085 ], [ 77.432708755190319, 23.229861349413202 ], [ 77.432727855190322, 23.229843449418389 ], [ 77.432722255190328, 23.229838349419861 ], [ 77.432735555190334, 23.229825749423512 ], [ 77.432714355190328, 23.229806749429009 ], [ 77.432722555190324, 23.229799049431236 ], [ 77.432703255190333, 23.229781649436283 ], [ 77.43267625519033, 23.229807049428924 ], [ 77.432654655190333, 23.229787549434569 ], [ 77.432679655190327, 23.229764049441371 ], [ 77.432666055190339, 23.229751849444906 ], [ 77.432658355190327, 23.229755149443946 ], [ 77.432632255190342, 23.22973144945081 ], [ 77.432603555190326, 23.229758149443086 ], [ 77.432619955190319, 23.229773149438738 ], [ 77.432598455190316, 23.22979314943295 ], [ 77.432622155190316, 23.229814649426725 ], [ 77.432606855190329, 23.22982554942357 ], [ 77.432580755190315, 23.22980664942904 ], [ 77.432557955190319, 23.229825649423539 ], [ 77.43254795519033, 23.229817149425998 ], [ 77.432520755190325, 23.229839749419455 ] ] ] } },
{ "type": "Feature", "properties": { }, "geometry": { "type": "Polygon", "coordinates": [ [ [ 77.432304255190331, 23.229915449397538 ], [ 77.432322355190337, 23.229956049385788 ], [ 77.432357455190328, 23.22994414938923 ], [ 77.432372455190318, 23.229981349378459 ], [ 77.432333355190323, 23.229994749374573 ], [ 77.432354555190315, 23.230047049359431 ], [ 77.432399955190334, 23.230031449363956 ], [ 77.432392355190331, 23.230012649369392 ], [ 77.432457455190317, 23.22999034937585 ], [ 77.432464755190324, 23.230008249370666 ], [ 77.432490255190316, 23.229999449373221 ], [ 77.432487455190326, 23.229992649375184 ], [ 77.43250535519033, 23.22998644937698 ], [ 77.432494955190336, 23.22996094938436 ], [ 77.432505955190322, 23.229957149385466 ], [ 77.432496455190318, 23.229933949392183 ], [ 77.432460255190335, 23.229946349388591 ], [ 77.432449655190339, 23.229920349396124 ], [ 77.432483155190326, 23.229908749399481 ], [ 77.432476455190326, 23.229892349404231 ], [ 77.432467955190333, 23.229892449404201 ], [ 77.43245525519032, 23.229860849413345 ], [ 77.43241695519032, 23.229873849409586 ], [ 77.432424955190342, 23.229893749403825 ], [ 77.432396255190341, 23.229903549400984 ], [ 77.432407755190326, 23.229932249392675 ], [ 77.432388855190339, 23.229936149391545 ], [ 77.432373955190329, 23.229908849399457 ], [ 77.432344455190318, 23.229917149397046 ], [ 77.432339355190322, 23.229905649400372 ], [ 77.432304255190331, 23.229915449397538 ] ] ] } },
{ "type": "Feature", "properties": { }, "geometry": { "type": "Polygon", "coordinates": [ [ [ 77.432080555190339, 23.229990649375765 ], [ 77.43209865519033, 23.230031249364011 ], [ 77.432133655190327, 23.230019249367487 ], [ 77.43214875519034, 23.230056549356686 ], [ 77.432109555190323, 23.230069949352806 ], [ 77.432130755190329, 23.230122249337665 ], [ 77.432176255190328, 23.230106649342179 ], [ 77.432168555190316, 23.230087849347626 ], [ 77.432233755190325, 23.230065549354084 ], [ 77.432240955190323, 23.230083449348896 ], [ 77.432266555190338, 23.230074649351437 ], [ 77.43226375519032, 23.230067749353445 ], [ 77.432281555190343, 23.230061649355214 ], [ 77.432271155190321, 23.230036149362597 ], [ 77.432282155190322, 23.230032349363697 ], [ 77.432272655190332, 23.230009149370414 ], [ 77.432236555190343, 23.230021549366818 ], [ 77.432225955190333, 23.229995549374348 ], [ 77.432259455190319, 23.229983949377704 ], [ 77.432252755190333, 23.229967549382454 ], [ 77.432244255190326, 23.22996764938242 ], [ 77.432231555190342, 23.229935949391606 ], [ 77.432193155190319, 23.22994894938784 ], [ 77.432201155190327, 23.229968949382044 ], [ 77.43217245519034, 23.22997874937921 ], [ 77.432184055190319, 23.230007349370929 ], [ 77.432165055190339, 23.230011349369772 ], [ 77.432150255190336, 23.229984049377673 ], [ 77.43212075519034, 23.229992349375273 ], [ 77.432115655190316, 23.22998074937863 ], [ 77.432080555190339, 23.229990649375765 ] ] ] } },
{ "type": "Feature", "properties": { }, "geometry": { "type": "Polygon", "coordinates": [ [ [ 77.431852555190318, 23.230070849352547 ], [ 77.431870655190323, 23.230111449340786 ], [ 77.43190565519032, 23.230099549344235 ], [ 77.431920755190333, 23.230136749333465 ], [ 77.431881555190316, 23.230150149329582 ], [ 77.431902755190336, 23.23020244931444 ], [ 77.431948255190321, 23.230186849318951 ], [ 77.431940555190337, 23.230168049324401 ], [ 77.432005755190318, 23.230145749330859 ], [ 77.432012955190316, 23.230163649325679 ], [ 77.432038555190331, 23.23015484932823 ], [ 77.432035755190341, 23.2301480493302 ], [ 77.432053555190322, 23.230141849331989 ], [ 77.432043155190343, 23.230116349339369 ], [ 77.432054155190329, 23.230112549340472 ], [ 77.432044655190325, 23.230089349347192 ], [ 77.432008555190336, 23.2301017493436 ], [ 77.431997955190326, 23.23007574935113 ], [ 77.432031455190327, 23.230064149354487 ], [ 77.432024755190326, 23.230047749359233 ], [ 77.432016255190319, 23.230047849359206 ], [ 77.432003555190335, 23.230016249368358 ], [ 77.431965155190326, 23.230029249364588 ], [ 77.431973255190329, 23.230049149358827 ], [ 77.431944455190333, 23.230058949355989 ], [ 77.431956055190341, 23.230087649347684 ], [ 77.431937055190332, 23.230091549346554 ], [ 77.431922255190329, 23.230064249354456 ], [ 77.431892755190319, 23.230072549352052 ], [ 77.431887655190337, 23.230061049355385 ], [ 77.431852555190318, 23.230070849352547 ] ] ] } },
{ "type": "Feature", "properties": { }, "geometry": { "type": "Polygon", "coordinates": [ [ [ 77.431562655190319, 23.23643274751031 ], [ 77.431691355190324, 23.23641844751446 ], [ 77.431656455190335, 23.236153547591169 ], [ 77.431527755190331, 23.236167847587033 ], [ 77.431562655190319, 23.23643274751031 ] ] ] } }
]
}
