{
"type": "FeatureCollection",
"name": "shadows_1pm",
"crs": { "type": "name", "properties": { "name": "urn:ogc:def:crs:OGC:1.3:CRS84" } },
"features": [
{ "type": "Feature", "properties": { }, "geometry": { "type": "Polygon", "coordinates": [ [ [ 77.427505733212129, 23.236877451963696 ], [ 77.427570633212099, 23.236832551976669 ], [ 77.427711733212107, 23.236944451944343 ], [ 77.42780383321211, 23.236867051966705 ], [ 77.427915333212113, 23.236942351944951 ], [ 77.428061033212117, 23.236805351984533 ], [ 77.428133833212115, 23.236860751968521 ], [ 77.428305633212105, 23.236697652015643 ], [ 77.428245333212104, 23.23664855202983 ], [ 77.428332933212104, 23.236564852054013 ], [ 77.42826013321212, 23.236506352070908 ], [ 77.428237333212095, 23.23651575206819 ], [ 77.42807583321212, 23.236393452103528 ], [ 77.428160033212109, 23.236315052126173 ], [ 77.428310133212108, 23.236381952106843 ], [ 77.428394333212111, 23.236303552129499 ], [ 77.428273733212109, 23.236174952166653 ], [ 77.428323833212133, 23.236118452182971 ], [ 77.428149733212109, 23.235982552222229 ], [ 77.428049633212098, 23.236068252197473 ], [ 77.427996133212119, 23.236043152204726 ], [ 77.427759533212097, 23.236259652142188 ], [ 77.427733333212117, 23.236240752147637 ], [ 77.427633233212134, 23.236321352124357 ], [ 77.427665033212108, 23.236347452116814 ], [ 77.42741133321212, 23.236591052046435 ], [ 77.427452333212116, 23.236624452036796 ], [ 77.427348733212114, 23.236722752008394 ], [ 77.427353333212125, 23.236742652002643 ], [ 77.427505733212129, 23.236877451963696 ] ], [ [ 77.427873233212111, 23.236313952126487 ], [ 77.427973433212117, 23.23622825215125 ], [ 77.428098533212122, 23.236293052132527 ], [ 77.427983633212122, 23.23638085210716 ], [ 77.427873233212111, 23.236313952126487 ] ], [ [ 77.427867533212122, 23.236587852047368 ], [ 77.427979133212133, 23.236463452083299 ], [ 77.42812473321213, 23.236564852054013 ], [ 77.427990433212116, 23.23668725201864 ], [ 77.427867533212122, 23.236587852047368 ] ] ] } },
{ "type": "Feature", "properties": { }, "geometry": { "type": "Polygon", "coordinates": [ [ [ 77.42625463321211, 23.239211451289375 ], [ 77.426252933212098, 23.239154251305902 ], [ 77.426324633212118, 23.239055651334393 ], [ 77.42624873321212, 23.239009051347853 ], [ 77.426321133212113, 23.238958851362355 ], [ 77.426244233212117, 23.238856951391799 ], [ 77.426242033212134, 23.238780551413871 ], [ 77.426174933212096, 23.238782251413376 ], [ 77.426061333212118, 23.238707251435052 ], [ 77.426000233212108, 23.238785551412423 ], [ 77.425947233212113, 23.238715351432713 ], [ 77.425828833212108, 23.238790751410924 ], [ 77.425822833212109, 23.23879095141087 ], [ 77.42582153321213, 23.238746551423702 ], [ 77.4258840332121, 23.238660551448547 ], [ 77.425817833212108, 23.23861975146033 ], [ 77.425817233212129, 23.23860045146591 ], [ 77.425887633212099, 23.238555651478848 ], [ 77.425813033212108, 23.238456751507428 ], [ 77.425811033212128, 23.238387651527386 ], [ 77.425711733212111, 23.238390151526666 ], [ 77.42561553321211, 23.238326651545016 ], [ 77.425563133212108, 23.238393751525628 ], [ 77.425552233212116, 23.238394051525542 ], [ 77.425501433212119, 23.238326651545016 ], [ 77.425389333212095, 23.238398051524388 ], [ 77.425317433212115, 23.238399851523866 ], [ 77.425319433212096, 23.238470451503467 ], [ 77.425246933212108, 23.238570151474661 ], [ 77.425306133212118, 23.238606551464144 ], [ 77.42523763321212, 23.238674151444613 ], [ 77.42532763321212, 23.23875125142234 ], [ 77.42533283321211, 23.238927951371288 ], [ 77.42525463321212, 23.238929851370731 ], [ 77.425259233212117, 23.239087951325057 ], [ 77.425271033212113, 23.239087651325139 ], [ 77.425339133212105, 23.239145951308302 ], [ 77.425342533212117, 23.23925965127545 ], [ 77.425266233212113, 23.239357251247249 ], [ 77.425334933212113, 23.239402551234157 ], [ 77.425269733212119, 23.239466951215555 ], [ 77.425350533212111, 23.239536051195586 ], [ 77.425353533212132, 23.239637951166145 ], [ 77.425438833212112, 23.239635851166753 ], [ 77.425541833212108, 23.239699151148468 ], [ 77.42559053321213, 23.239632151167822 ], [ 77.425602733212102, 23.239631851167911 ], [ 77.425655933212113, 23.239702351147535 ], [ 77.425773333212121, 23.23962765116913 ], [ 77.425847133212116, 23.239625851169645 ], [ 77.425844333212112, 23.239529551197467 ], [ 77.425901633212121, 23.23945075122024 ], [ 77.425840933212115, 23.239413551230982 ], [ 77.42584013321212, 23.239384051239508 ], [ 77.425899833212114, 23.239345951250517 ], [ 77.42583653321212, 23.239261951274784 ], [ 77.425835633212117, 23.239230751283795 ], [ 77.425959533212094, 23.23929595126496 ], [ 77.425983533212118, 23.239257451276085 ], [ 77.426039633212113, 23.239258051275911 ], [ 77.426071933212128, 23.239300751263571 ], [ 77.42621043321212, 23.23921255128905 ], [ 77.42625463321211, 23.239211451289375 ] ], [ [ 77.425720233212132, 23.238744151424392 ], [ 77.425407233212127, 23.238750851422456 ], [ 77.425400233212116, 23.238473451502603 ], [ 77.425713233212093, 23.238466751504539 ], [ 77.425720233212132, 23.238744151424392 ] ], [ [ 77.426163933212095, 23.239126551313905 ], [ 77.425853133212101, 23.239128251313417 ], [ 77.425851333212108, 23.238862151390293 ], [ 77.426162233212111, 23.238860451390792 ], [ 77.426163933212095, 23.239126551313905 ] ], [ [ 77.425735533212119, 23.239210851289549 ], [ 77.425424833212119, 23.239212151289173 ], [ 77.425423033212113, 23.238844451395408 ], [ 77.425733733212098, 23.238843151395791 ], [ 77.425798933212121, 23.238924351372326 ], [ 77.425798933212121, 23.239155551305522 ], [ 77.425735533212119, 23.239210851289549 ] ], [ [ 77.425739733212112, 23.239524751198854 ], [ 77.425433633212108, 23.239531451196914 ], [ 77.425426633212112, 23.239260551275187 ], [ 77.425732733212115, 23.239253851277123 ], [ 77.425739733212112, 23.239524751198854 ] ] ] } },
{ "type": "Feature", "properties": { }, "geometry": { "type": "Polygon", "coordinates": [ [ [ 77.430419633212125, 23.240784050834989 ], [ 77.430160333212115, 23.240240150992147 ], [ 77.430046333212132, 23.240286050978881 ], [ 77.430108733212094, 23.240416850941095 ], [ 77.43006593321212, 23.240434050936123 ], [ 77.430049433212133, 23.240399350946149 ], [ 77.429827733212107, 23.240488650920351 ], [ 77.429802033212113, 23.240558450900181 ], [ 77.429832433212113, 23.240622250881742 ], [ 77.429852933212118, 23.240614050884112 ], [ 77.429866633212114, 23.240642950875767 ], [ 77.429797633212118, 23.240670750867729 ], [ 77.42989303321211, 23.240871050809858 ], [ 77.429847233212115, 23.240889450804538 ], [ 77.429897233212131, 23.24099425077425 ], [ 77.430419633212125, 23.240784050834989 ] ], [ [ 77.429963033212118, 23.240623350881432 ], [ 77.430168533212111, 23.240541250905149 ], [ 77.430252833212123, 23.240719250853719 ], [ 77.430047333212116, 23.240801450829959 ], [ 77.429963033212118, 23.240623350881432 ] ] ] } },
{ "type": "Feature", "properties": { }, "geometry": { "type": "Polygon", "coordinates": [ [ [ 77.428405533212114, 23.240112851028929 ], [ 77.428626733212099, 23.239782251124453 ], [ 77.428259433212105, 23.23957475118441 ], [ 77.428038233212135, 23.239905351088886 ], [ 77.428405533212114, 23.240112851028929 ] ], [ [ 77.428279633212114, 23.23981805111411 ], [ 77.42840903321212, 23.239891151092987 ], [ 77.428362733212111, 23.239960351072995 ], [ 77.428233333212106, 23.23988725109411 ], [ 77.428279633212114, 23.23981805111411 ] ] ] } },
{ "type": "Feature", "properties": { }, "geometry": { "type": "Polygon", "coordinates": [ [ [ 77.429621333212111, 23.240457650929308 ], [ 77.429740733212114, 23.240131451023554 ], [ 77.429386933212115, 23.240022251055105 ], [ 77.429267533212126, 23.240348350960886 ], [ 77.429621333212111, 23.240457650929308 ] ], [ [ 77.429441233212103, 23.240239550992314 ], [ 77.429395733212118, 23.240229050995357 ], [ 77.4294051332121, 23.24019455100532 ], [ 77.429450733212121, 23.240205051002288 ], [ 77.429453833212108, 23.240193851005525 ], [ 77.42956773321211, 23.240220250997908 ], [ 77.429563133212113, 23.240237050993041 ], [ 77.42960603321211, 23.240247050990156 ], [ 77.429595633212116, 23.240284950979209 ], [ 77.429552733212134, 23.240274950982094 ], [ 77.429533833212119, 23.240343450962303 ], [ 77.429419933212131, 23.240317050969932 ], [ 77.429441233212103, 23.240239550992314 ] ] ] } },
{ "type": "Feature", "properties": { }, "geometry": { "type": "Polygon", "coordinates": [ [ [ 77.427885033212135, 23.237155551883355 ], [ 77.427859633212108, 23.237130751890518 ], [ 77.427788433212115, 23.237192251872756 ], [ 77.427813833212113, 23.237217051865589 ], [ 77.427806833212117, 23.237376351819563 ], [ 77.427779333212115, 23.23740015181269 ], [ 77.427974233212112, 23.23759065175765 ], [ 77.428007233212114, 23.237562051765916 ], [ 77.428044333212114, 23.237598351755427 ], [ 77.428107433212134, 23.237601451754536 ], [ 77.428158933212103, 23.237556951767388 ], [ 77.42819533321213, 23.237592451757131 ], [ 77.428100633212097, 23.237674251733495 ], [ 77.428134433212094, 23.237707351723937 ], [ 77.428311433212116, 23.237554551768081 ], [ 77.428252233212106, 23.237496751784779 ], [ 77.428307033212121, 23.237449351798471 ], [ 77.427949533212114, 23.237099851899451 ], [ 77.427885033212135, 23.237155551883355 ] ], [ [ 77.427930233212095, 23.237225251863219 ], [ 77.428013733212126, 23.237295751842854 ], [ 77.427993433212109, 23.23731615183695 ], [ 77.428012333212109, 23.237332051832361 ], [ 77.42797553321212, 23.237368851821735 ], [ 77.427914133212113, 23.237316951836732 ], [ 77.427930233212095, 23.237225251863219 ] ], [ [ 77.428070733212124, 23.23736415182309 ], [ 77.428165933212114, 23.23744655179928 ], [ 77.42814733321211, 23.237464651794053 ], [ 77.428004433212124, 23.237461751794889 ], [ 77.427955633212108, 23.237419551807086 ], [ 77.428025933212098, 23.237350951826908 ], [ 77.428056833212096, 23.237377651819191 ], [ 77.428070733212124, 23.23736415182309 ] ] ] } },
{ "type": "Feature", "properties": { }, "geometry": { "type": "Polygon", "coordinates": [ [ [ 77.429443933212113, 23.238447951509965 ], [ 77.42945403321211, 23.238397351524586 ], [ 77.429499333212121, 23.238404951522391 ], [ 77.429533833212119, 23.238231051572633 ], [ 77.429483033212094, 23.238222551575092 ], [ 77.42949783321211, 23.238147951596641 ], [ 77.429103333212097, 23.238081951615715 ], [ 77.429089233212096, 23.238153051595166 ], [ 77.429060633212131, 23.238148251596556 ], [ 77.4290257332121, 23.238324051545764 ], [ 77.429073233212108, 23.238331951543476 ], [ 77.429062933212109, 23.2383841515284 ], [ 77.429443933212113, 23.238447951509965 ] ], [ [ 77.429158033212119, 23.238185151585895 ], [ 77.42935883321212, 23.238218751576184 ], [ 77.42933363321211, 23.238345951539436 ], [ 77.429132833212122, 23.238312351549144 ], [ 77.429158033212119, 23.238185151585895 ] ] ] } },
{ "type": "Feature", "properties": { }, "geometry": { "type": "Polygon", "coordinates": [ [ [ 77.42665373321212, 23.238424251516815 ], [ 77.426762933212103, 23.238430551514995 ], [ 77.42726813321211, 23.237951651653361 ], [ 77.426938133212104, 23.237644351742141 ], [ 77.426960933212115, 23.237623451748181 ], [ 77.426619133212114, 23.237332951832101 ], [ 77.426551033212121, 23.237401851812194 ], [ 77.42652233321212, 23.237377551819218 ], [ 77.42647893321211, 23.237421351806564 ], [ 77.426459233212128, 23.237404651811389 ], [ 77.426427933212125, 23.237436251802258 ], [ 77.426462433212109, 23.237465051793944 ], [ 77.42640503321212, 23.237523151777154 ], [ 77.426370533212108, 23.237494351785472 ], [ 77.426308733212124, 23.237556851767422 ], [ 77.426335733212099, 23.237579851760774 ], [ 77.426270033212134, 23.237646251741591 ], [ 77.426292233212095, 23.237665051736162 ], [ 77.426123833212131, 23.237835451686927 ], [ 77.426018833212112, 23.237849251682938 ], [ 77.42665373321212, 23.238424251516815 ] ], [ [ 77.42647773321211, 23.237918851662833 ], [ 77.426664133212114, 23.237738951714807 ], [ 77.426887133212119, 23.237934051658442 ], [ 77.426700733212115, 23.238113951606465 ], [ 77.42647773321211, 23.237918851662833 ] ] ] } },
{ "type": "Feature", "properties": { }, "geometry": { "type": "Polygon", "coordinates": [ [ [ 77.427805833212119, 23.23904155133846 ], [ 77.427826533212126, 23.239013551346552 ], [ 77.427860133212135, 23.239034551340492 ], [ 77.427839333212134, 23.239062451332426 ], [ 77.427920833212127, 23.239113551317658 ], [ 77.427944933212132, 23.239080951327079 ], [ 77.427984933212102, 23.239106051319826 ], [ 77.42802173321212, 23.239056551334134 ], [ 77.428046433212117, 23.239072051329654 ], [ 77.428081233212126, 23.239024951343257 ], [ 77.428056533212114, 23.23900955134771 ], [ 77.428084233212104, 23.238972251358486 ], [ 77.427954433212108, 23.238890951381975 ], [ 77.427936233212108, 23.238915551374863 ], [ 77.427902733212107, 23.238894551380934 ], [ 77.427920933212121, 23.238869951388043 ], [ 77.427815233212129, 23.238803751407168 ], [ 77.427691833212094, 23.238970151359094 ], [ 77.427805833212119, 23.23904155133846 ] ], [ [ 77.427911633212119, 23.23901145134716 ], [ 77.427947333212117, 23.238963351361054 ], [ 77.42799443321212, 23.238992851352531 ], [ 77.427958733212122, 23.239040951338634 ], [ 77.427911633212119, 23.23901145134716 ] ] ] } },
{ "type": "Feature", "properties": { }, "geometry": { "type": "Polygon", "coordinates": [ [ [ 77.426563933212094, 23.240649150873974 ], [ 77.426576733212116, 23.240629450879666 ], [ 77.426707933212114, 23.240701450858861 ], [ 77.426742333212118, 23.240648550874145 ], [ 77.426851133212111, 23.240708350856867 ], [ 77.426910733212097, 23.240616650883361 ], [ 77.426982533212112, 23.240656050871976 ], [ 77.427101433212115, 23.240473250924801 ], [ 77.427047433212095, 23.240443650933354 ], [ 77.427036633212111, 23.240460250928553 ], [ 77.426959633212121, 23.240418050940747 ], [ 77.426970433212119, 23.240401350945568 ], [ 77.426899033212109, 23.240362150956901 ], [ 77.426804733212109, 23.240507050915031 ], [ 77.426642033212119, 23.240417750940832 ], [ 77.426510633212118, 23.240619850882435 ], [ 77.426563933212094, 23.240649150873974 ] ], [ [ 77.426878133212114, 23.240538550905928 ], [ 77.426920833212094, 23.240472750924944 ], [ 77.426990133212129, 23.240510750913966 ], [ 77.426947333212098, 23.24057655089495 ], [ 77.426878133212114, 23.240538550905928 ] ], [ [ 77.42660723321211, 23.240579150894199 ], [ 77.426652333212118, 23.240509850914222 ], [ 77.426722533212114, 23.240548350903097 ], [ 77.42667743321212, 23.240617750883047 ], [ 77.42660723321211, 23.240579150894199 ] ] ] } },
{ "type": "Feature", "properties": { }, "geometry": { "type": "Polygon", "coordinates": [ [ [ 77.430638933212123, 23.239912851086721 ], [ 77.430660233212109, 23.239906351088596 ], [ 77.430680833212108, 23.239963551072073 ], [ 77.430762233212121, 23.239938751079233 ], [ 77.430741533212114, 23.239881551095763 ], [ 77.430793633212119, 23.239865651100352 ], [ 77.430642033212095, 23.239445351221796 ], [ 77.430657933212117, 23.239383751239593 ], [ 77.430566333212113, 23.239363751245371 ], [ 77.430555233212104, 23.239406751232945 ], [ 77.430441033212119, 23.239381851240147 ], [ 77.430584733212115, 23.239271151272128 ], [ 77.430481333212114, 23.239226151285134 ], [ 77.429431933212115, 23.238997251351261 ], [ 77.429303733212109, 23.239499951206017 ], [ 77.430105433212134, 23.239674751155516 ], [ 77.43013223321212, 23.239571151185448 ], [ 77.43026143321211, 23.239599351177301 ], [ 77.430297933212117, 23.239458251218068 ], [ 77.430490033212095, 23.239500151205956 ], [ 77.430638933212123, 23.239912851086721 ] ], [ [ 77.429617633212132, 23.239219651287002 ], [ 77.429735633212118, 23.239244251279896 ], [ 77.429699033212117, 23.23939245123708 ], [ 77.429581033212116, 23.239367751244217 ], [ 77.429617633212132, 23.239219651287002 ] ], [ [ 77.430061533212125, 23.239416851230029 ], [ 77.430089533212112, 23.239326251256205 ], [ 77.430179333212124, 23.239349651249441 ], [ 77.430151433212117, 23.239440251223265 ], [ 77.430061533212125, 23.239416851230029 ] ] ] } },
{ "type": "Feature", "properties": { }, "geometry": { "type": "Polygon", "coordinates": [ [ [ 77.428498433212127, 23.23167215346735 ], [ 77.428500733212132, 23.231718253454034 ], [ 77.428550333212115, 23.231716253454611 ], [ 77.428552933212117, 23.231768853439412 ], [ 77.428694533212109, 23.23176295344112 ], [ 77.428687533212113, 23.231619153482661 ], [ 77.428810733212103, 23.231614053484133 ], [ 77.428802833212117, 23.231454153530311 ], [ 77.428672233212126, 23.231459553528762 ], [ 77.42866993321212, 23.231413853541952 ], [ 77.428521033212107, 23.23142005354017 ], [ 77.428522233212107, 23.231444253533173 ], [ 77.4284639332121, 23.231446653532483 ], [ 77.428467133212095, 23.23150975351426 ], [ 77.428415533212117, 23.231511953513621 ], [ 77.42842363321212, 23.231675253466456 ], [ 77.428498433212127, 23.23167215346735 ] ], [ [ 77.428558233212115, 23.231588953491382 ], [ 77.428670233212117, 23.231583453492973 ], [ 77.42867513321211, 23.231667353468733 ], [ 77.428563133212108, 23.231672953467118 ], [ 77.428558233212115, 23.231588953491382 ] ] ] } },
{ "type": "Feature", "properties": { }, "geometry": { "type": "Polygon", "coordinates": [ [ [ 77.429334333212097, 23.236094852189787 ], [ 77.429240633212117, 23.235757152287341 ], [ 77.428943033212121, 23.235826852267209 ], [ 77.429036733212115, 23.236164552169647 ], [ 77.429334333212097, 23.236094852189787 ] ], [ [ 77.429085733212133, 23.235923752239216 ], [ 77.429165433212134, 23.235905152244587 ], [ 77.429191533212119, 23.235999152217438 ], [ 77.429111833212119, 23.236017852212033 ], [ 77.429085733212133, 23.235923752239216 ] ] ] } },
{ "type": "Feature", "properties": { }, "geometry": { "type": "Polygon", "coordinates": [ [ [ 77.429287755353528, 23.233262755019371 ], [ 77.429509155353529, 23.23253835536811 ], [ 77.42967685535352, 23.23203145561213 ], [ 77.429688055353523, 23.232033755611031 ], [ 77.42975575535354, 23.231811055718232 ], [ 77.430207555353519, 23.231933855659122 ], [ 77.430223755353524, 23.231885555682375 ], [ 77.430324955353527, 23.231912355669472 ], [ 77.430317655353505, 23.231939555656382 ], [ 77.430454855353517, 23.231977755637985 ], [ 77.430419155353533, 23.232089655584115 ], [ 77.430448655353516, 23.232099755579249 ], [ 77.430434355353526, 23.232142655558601 ], [ 77.430729255353526, 23.232225855518553 ], [ 77.430705355353538, 23.232302555481628 ], [ 77.430788955353535, 23.232324555471038 ], [ 77.430757955353528, 23.232419055425538 ], [ 77.430673955353527, 23.232395555436852 ], [ 77.430584355353517, 23.232671855303845 ], [ 77.430430655353518, 23.232628555324684 ], [ 77.430409255353524, 23.232694255293062 ], [ 77.430395555353527, 23.232689955295125 ], [ 77.430346055353539, 23.232843355221274 ], [ 77.430359955353524, 23.232846555219737 ], [ 77.430338355353527, 23.232916055186273 ], [ 77.430298555353531, 23.232906355190948 ], [ 77.430291155353544, 23.232928755180165 ], [ 77.430300155353521, 23.23293185517867 ], [ 77.430284255353541, 23.232978255156336 ], [ 77.43027845535353, 23.2329764551572 ], [ 77.429957255353528, 23.233299155001841 ], [ 77.429837455353521, 23.23341205494749 ], [ 77.42985765535353, 23.233430654938534 ], [ 77.429795955353555, 23.233489954909988 ], [ 77.429777755353527, 23.233474454917452 ], [ 77.429707755353505, 23.233542554884657 ], [ 77.429429255353526, 23.23330225500035 ], [ 77.429287755353528, 23.233262755019371 ] ] ] } },
{ "type": "Feature", "properties": { }, "geometry": { "type": "Polygon", "coordinates": [ [ [ 77.430486233212108, 23.231653853472636 ], [ 77.430580733212111, 23.231218553598367 ], [ 77.431285533212133, 23.231345453561715 ], [ 77.431217233212109, 23.231615153483816 ], [ 77.431042833212118, 23.231579153494216 ], [ 77.431069033212111, 23.231462953527775 ], [ 77.430991933212113, 23.231452253530865 ], [ 77.430920733212119, 23.23174735344563 ], [ 77.430882933212118, 23.231742053447157 ], [ 77.430874533212133, 23.231799853430466 ], [ 77.430865533212113, 23.23182885342209 ], [ 77.43081173321211, 23.231820853424402 ], [ 77.430829233212094, 23.231738053448318 ], [ 77.430759433212117, 23.231715353454874 ], [ 77.430824833212114, 23.231410853542823 ], [ 77.430699833212117, 23.231392153548224 ], [ 77.430640333212111, 23.231691253461836 ], [ 77.430486233212108, 23.231653853472636 ] ] ] } },
{ "type": "Feature", "properties": { }, "geometry": { "type": "Polygon", "coordinates": [ [ [ 77.427926633212095, 23.231358153558041 ], [ 77.427919433212097, 23.231205853602038 ], [ 77.428490533212113, 23.231171153612056 ], [ 77.42850213321212, 23.231327453566909 ], [ 77.427926633212095, 23.231358153558041 ] ] ] } },
{ "type": "Feature", "properties": { }, "geometry": { "type": "Polygon", "coordinates": [ [ [ 77.429580133212127, 23.236579852049676 ], [ 77.429731133212115, 23.23654295206034 ], [ 77.429487633212119, 23.235702352303175 ], [ 77.429336633212117, 23.235739252292522 ], [ 77.429580133212127, 23.236579852049676 ] ] ] } },
{ "type": "Feature", "properties": { }, "geometry": { "type": "Polygon", "coordinates": [ [ [ 77.429216033212114, 23.236742952002555 ], [ 77.429499133212104, 23.23666705202448 ], [ 77.42933993321212, 23.23616525216945 ], [ 77.429056733212107, 23.236241152147525 ], [ 77.429216033212114, 23.236742952002555 ] ] ] } },
{ "type": "Feature", "properties": { }, "geometry": { "type": "Polygon", "coordinates": [ [ [ 77.435991233212121, 23.230220253886703 ], [ 77.435930833212097, 23.230199953892566 ], [ 77.435716233212105, 23.230492853807974 ], [ 77.435709033212106, 23.230526953798119 ], [ 77.435638533212114, 23.230656553760689 ], [ 77.435448833212121, 23.230644953764038 ], [ 77.435370233212112, 23.230695553749424 ], [ 77.435362233212118, 23.230739053736865 ], [ 77.435861233212108, 23.230781853724501 ], [ 77.435991233212121, 23.230220253886703 ] ] ] } },
{ "type": "Feature", "properties": { }, "geometry": { "type": "Polygon", "coordinates": [ [ [ 77.43551843321211, 23.23106105364386 ], [ 77.435549733212113, 23.230920553684438 ], [ 77.435330033212097, 23.230879253696372 ], [ 77.435298733212107, 23.231019653655817 ], [ 77.43551843321211, 23.23106105364386 ] ] ] } },
{ "type": "Feature", "properties": { }, "geometry": { "type": "Polygon", "coordinates": [ [ [ 77.426058633212108, 23.238407751521585 ], [ 77.426307933212129, 23.238631851456834 ], [ 77.426458933212118, 23.238490051497806 ], [ 77.42620963321211, 23.23826595156255 ], [ 77.426164033212117, 23.238308751550178 ], [ 77.42613143321212, 23.238279451558654 ], [ 77.426077733212097, 23.238329951544063 ], [ 77.426110333212108, 23.238359151535626 ], [ 77.426058633212108, 23.238407751521585 ] ] ] } },
{ "type": "Feature", "properties": { }, "geometry": { "type": "Polygon", "coordinates": [ [ [ 77.427382933212101, 23.23246385323867 ], [ 77.4275445332121, 23.232192053317181 ], [ 77.427529733212111, 23.232165853324751 ], [ 77.42752863321212, 23.232121953337437 ], [ 77.42758553321211, 23.232118853338331 ], [ 77.427596833212121, 23.2320801533495 ], [ 77.42762413321212, 23.232049853358252 ], [ 77.427637833212117, 23.232019453367037 ], [ 77.42769133321211, 23.232013253368827 ], [ 77.427734533212131, 23.232030953363715 ], [ 77.427757333212128, 23.232067553353144 ], [ 77.427789133212116, 23.232097953344361 ], [ 77.427821033212112, 23.232118853338331 ], [ 77.427822133212118, 23.232147053330184 ], [ 77.427810833212121, 23.232175253322033 ], [ 77.427785733212119, 23.232210853311752 ], [ 77.427901833212118, 23.232503653227177 ], [ 77.42788593321211, 23.232530753219351 ], [ 77.427858533212117, 23.232537053217531 ], [ 77.427749333212134, 23.232562153210278 ], [ 77.427722433212111, 23.232561953210336 ], [ 77.427629833212109, 23.232561153210568 ], [ 77.427547633212114, 23.232552353213109 ], [ 77.427541133212131, 23.23255175321329 ], [ 77.427446633212128, 23.232525553220849 ], [ 77.427414633212109, 23.232498953228536 ], [ 77.427398833212123, 23.232485853232323 ], [ 77.427382933212101, 23.23246385323867 ] ] ] } },
{ "type": "Feature", "properties": { }, "geometry": { "type": "Polygon", "coordinates": [ [ [ 77.429290033212112, 23.235036052495659 ], [ 77.429433433212111, 23.235148952463046 ], [ 77.429538733212127, 23.235035952495689 ], [ 77.429395433212093, 23.234923052528305 ], [ 77.429290033212112, 23.235036052495659 ] ] ] } },
{ "type": "Feature", "properties": { }, "geometry": { "type": "Polygon", "coordinates": [ [ [ 77.428424233212112, 23.235931652236935 ], [ 77.428531733212111, 23.236283052135423 ], [ 77.428706833212132, 23.236237752148508 ], [ 77.428599233212111, 23.235886352250024 ], [ 77.428424233212112, 23.235931652236935 ] ] ] } },
{ "type": "Feature", "properties": { }, "geometry": { "type": "Polygon", "coordinates": [ [ [ 77.43201863321211, 23.235830652266113 ], [ 77.432266533212115, 23.235849652260629 ], [ 77.432289233212103, 23.235598752333104 ], [ 77.432041433212135, 23.235579752338591 ], [ 77.43201863321211, 23.235830652266113 ] ] ] } },
{ "type": "Feature", "properties": { }, "geometry": { "type": "Polygon", "coordinates": [ [ [ 77.432036833212109, 23.236811451982764 ], [ 77.432105633212117, 23.237183051875409 ], [ 77.432908933212119, 23.237057651911638 ], [ 77.432840233212119, 23.23668595201902 ], [ 77.432036833212109, 23.236811451982764 ] ] ] } },
{ "type": "Feature", "properties": { }, "geometry": { "type": "Polygon", "coordinates": [ [ [ 77.431294933212115, 23.235550452347056 ], [ 77.431636333212111, 23.235376852397206 ], [ 77.431576833212119, 23.235278152425725 ], [ 77.431235433212109, 23.235451652375598 ], [ 77.431294933212115, 23.235550452347056 ] ] ] } },
{ "type": "Feature", "properties": { }, "geometry": { "type": "Polygon", "coordinates": [ [ [ 77.428512833212125, 23.233510052936477 ], [ 77.428509633212116, 23.233690452884368 ], [ 77.428572233212108, 23.233691352884101 ], [ 77.428575433212117, 23.233510952936214 ], [ 77.428512833212125, 23.233510052936477 ] ] ] } },
{ "type": "Feature", "properties": { }, "geometry": { "type": "Polygon", "coordinates": [ [ [ 77.429291633212131, 23.233455352952276 ], [ 77.429462233212121, 23.233686052885638 ], [ 77.429515733212114, 23.233652652895284 ], [ 77.429345133212109, 23.233421952961919 ], [ 77.429291633212131, 23.233455352952276 ] ] ] } },
{ "type": "Feature", "properties": { }, "geometry": { "type": "Polygon", "coordinates": [ [ [ 77.429130733212119, 23.234012752791266 ], [ 77.429146333212103, 23.234067252775521 ], [ 77.429323333212125, 23.23402435278792 ], [ 77.429307733212113, 23.233969952803626 ], [ 77.429130733212119, 23.234012752791266 ] ] ] } },
{ "type": "Feature", "properties": { }, "geometry": { "type": "Polygon", "coordinates": [ [ [ 77.429008433212118, 23.233529252930932 ], [ 77.429044433212113, 23.233577352917035 ], [ 77.429271333212114, 23.23343395295845 ], [ 77.429235333212119, 23.233385852972351 ], [ 77.429008433212118, 23.233529252930932 ] ] ] } },
{ "type": "Feature", "properties": { }, "geometry": { "type": "Polygon", "coordinates": [ [ [ 77.428965033212094, 23.234244952724186 ], [ 77.429153233212119, 23.234134052756222 ], [ 77.429098933212103, 23.234056152778727 ], [ 77.428910633212112, 23.234167052746692 ], [ 77.428965033212094, 23.234244952724186 ] ] ] } },
{ "type": "Feature", "properties": { }, "geometry": { "type": "Polygon", "coordinates": [ [ [ 77.428628633212114, 23.233206953024034 ], [ 77.428683433212115, 23.233399152968509 ], [ 77.42877303321211, 23.233377552974755 ], [ 77.428718233212109, 23.233185353030265 ], [ 77.428628633212114, 23.233206953024034 ] ] ] } },
{ "type": "Feature", "properties": { }, "geometry": { "type": "Polygon", "coordinates": [ [ [ 77.429344733212119, 23.233901852823301 ], [ 77.429398233212083, 23.233939652812381 ], [ 77.429547833212112, 23.233760752864054 ], [ 77.429494433212128, 23.233722952874977 ], [ 77.429344733212119, 23.233901852823301 ] ] ] } },
{ "type": "Feature", "properties": { }, "geometry": { "type": "Polygon", "coordinates": [ [ [ 77.428722033212125, 23.233683052886501 ], [ 77.428763033212121, 23.23373665287102 ], [ 77.429017233212107, 23.233572552918417 ], [ 77.428976233212111, 23.233518952933903 ], [ 77.428722033212125, 23.233683052886501 ] ] ] } },
{ "type": "Feature", "properties": { }, "geometry": { "type": "Polygon", "coordinates": [ [ [ 77.428493533212134, 23.233724452874544 ], [ 77.428475833212133, 23.233962552805767 ], [ 77.428594633212114, 23.233969952803626 ], [ 77.428612333212115, 23.233731952872375 ], [ 77.428493533212134, 23.233724452874544 ] ] ] } },
{ "type": "Feature", "properties": { }, "geometry": { "type": "Polygon", "coordinates": [ [ [ 77.428538533212119, 23.23406305277673 ], [ 77.428858833212132, 23.234255252721219 ], [ 77.42890493321211, 23.234190352739962 ], [ 77.428584733212134, 23.233998152795479 ], [ 77.428538533212119, 23.23406305277673 ] ] ] } },
{ "type": "Feature", "properties": { }, "geometry": { "type": "Polygon", "coordinates": [ [ [ 77.429050233212109, 23.2333015529967 ], [ 77.428955333212116, 23.233400652968079 ], [ 77.429021333212106, 23.233454052952649 ], [ 77.429116333212107, 23.233354952981273 ], [ 77.429050233212109, 23.2333015529967 ] ] ] } },
{ "type": "Feature", "properties": { }, "geometry": { "type": "Polygon", "coordinates": [ [ [ 77.42849033321211, 23.233329652988587 ], [ 77.428554633212116, 23.233444952955274 ], [ 77.428637933212102, 23.233405752966604 ], [ 77.428573533212116, 23.233290452999906 ], [ 77.42849033321211, 23.233329652988587 ] ] ] } },
{ "type": "Feature", "properties": { }, "geometry": { "type": "Polygon", "coordinates": [ [ [ 77.428857133212119, 23.233202453025335 ], [ 77.428826633212111, 23.233371052976626 ], [ 77.428911633212095, 23.23338405297287 ], [ 77.428942233212112, 23.233215453021572 ], [ 77.428857133212119, 23.233202453025335 ] ] ] } },
{ "type": "Feature", "properties": { }, "geometry": { "type": "Polygon", "coordinates": [ [ [ 77.430699733212109, 23.233579352916454 ], [ 77.430862433212113, 23.233700652881417 ], [ 77.43090053321211, 23.233657452893897 ], [ 77.43073783321212, 23.233536152928934 ], [ 77.430699733212109, 23.233579352916454 ] ] ] } },
{ "type": "Feature", "properties": { }, "geometry": { "type": "Polygon", "coordinates": [ [ [ 77.431868833212121, 23.233169253034916 ], [ 77.431795633212118, 23.233265653007074 ], [ 77.431970333212121, 23.233377752974693 ], [ 77.432043533212109, 23.233281353002535 ], [ 77.431868833212121, 23.233169253034916 ] ] ] } },
{ "type": "Feature", "properties": { }, "geometry": { "type": "Polygon", "coordinates": [ [ [ 77.430587333212102, 23.233759852864313 ], [ 77.4306613332121, 23.233839352841354 ], [ 77.430717133212113, 23.233795452854036 ], [ 77.430643133212115, 23.233716052876968 ], [ 77.430587333212102, 23.233759852864313 ] ] ] } },
{ "type": "Feature", "properties": { }, "geometry": { "type": "Polygon", "coordinates": [ [ [ 77.431239933212098, 23.234548052636637 ], [ 77.431555633212113, 23.234478752656656 ], [ 77.431362933212114, 23.23373665287102 ], [ 77.431364233212108, 23.233737552870757 ], [ 77.431864933212111, 23.233089253058022 ], [ 77.4315654332121, 23.232893953114438 ], [ 77.431064733212111, 23.2335421529272 ], [ 77.431023733212101, 23.233715752877057 ], [ 77.431239933212098, 23.234548052636637 ] ] ] } },
{ "type": "Feature", "properties": { }, "geometry": { "type": "Polygon", "coordinates": [ [ [ 77.429069633212123, 23.232053253357275 ], [ 77.4290932332121, 23.231978253378937 ], [ 77.42886573321212, 23.231917553396471 ], [ 77.42884173321211, 23.231993653374488 ], [ 77.428693733212114, 23.231954953385667 ], [ 77.428679133212114, 23.231902953400692 ], [ 77.428353633212112, 23.231980353378329 ], [ 77.428470533212121, 23.232395353258461 ], [ 77.428617333212117, 23.232360453268544 ], [ 77.429091033212117, 23.232484353232753 ], [ 77.429212833212119, 23.232090653346471 ], [ 77.429069633212123, 23.232053253357275 ] ] ] } },
{ "type": "Feature", "properties": { }, "geometry": { "type": "Polygon", "coordinates": [ [ [ 77.431649233212113, 23.233458352951406 ], [ 77.431575933212102, 23.23355475292357 ], [ 77.431750633212118, 23.233666852891179 ], [ 77.431823933212115, 23.233570452919022 ], [ 77.431649233212113, 23.233458352951406 ] ] ] } },
{ "type": "Feature", "properties": { }, "geometry": { "type": "Polygon", "coordinates": [ [ [ 77.431722433212116, 23.233361952979251 ], [ 77.431649233212113, 23.233458352951406 ], [ 77.431823933212115, 23.233570452919022 ], [ 77.431897133212118, 23.233474052946875 ], [ 77.431722433212116, 23.233361952979251 ] ] ] } },
{ "type": "Feature", "properties": { }, "geometry": { "type": "Polygon", "coordinates": [ [ [ 77.431575933212102, 23.23355475292357 ], [ 77.431502733212113, 23.233651052895745 ], [ 77.431677433212116, 23.233763152863361 ], [ 77.431750633212118, 23.233666852891179 ], [ 77.431575933212102, 23.23355475292357 ] ] ] } },
{ "type": "Feature", "properties": { }, "geometry": { "type": "Polygon", "coordinates": [ [ [ 77.431502733212113, 23.233651052895745 ], [ 77.431429533212111, 23.233747452867899 ], [ 77.431604233212113, 23.233859552835515 ], [ 77.431677433212116, 23.233763152863361 ], [ 77.431502733212113, 23.233651052895745 ] ] ] } },
{ "type": "Feature", "properties": { }, "geometry": { "type": "Polygon", "coordinates": [ [ [ 77.431795633212118, 23.233265653007074 ], [ 77.431722433212116, 23.233361952979251 ], [ 77.431897133212118, 23.233474052946875 ], [ 77.431970333212121, 23.233377752974693 ], [ 77.431795633212118, 23.233265653007074 ] ] ] } },
{ "type": "Feature", "properties": { }, "geometry": { "type": "Polygon", "coordinates": [ [ [ 77.435792833212133, 23.227685754618683 ], [ 77.436134533212098, 23.227827354577791 ], [ 77.436265533212108, 23.227560254654929 ], [ 77.435923733212121, 23.227418754695798 ], [ 77.435792833212133, 23.227685754618683 ] ] ] } },
{ "type": "Feature", "properties": { }, "geometry": { "type": "Polygon", "coordinates": [ [ [ 77.443379733212126, 23.229373054131393 ], [ 77.443366633212108, 23.228968854248123 ], [ 77.443259533212114, 23.22897175424729 ], [ 77.443294233212114, 23.230045353937218 ], [ 77.443407633212118, 23.23004225393812 ], [ 77.443394133212109, 23.229626754058117 ], [ 77.443987533212109, 23.229610554062802 ], [ 77.444003933212116, 23.230117053916516 ], [ 77.444169633212113, 23.230112553917809 ], [ 77.444166733212114, 23.230021853944017 ], [ 77.444269333212119, 23.230019053944815 ], [ 77.444234533212111, 23.228945654254826 ], [ 77.44413783321211, 23.228948254254078 ], [ 77.444134633212116, 23.228851254282095 ], [ 77.44396683321213, 23.228855854280763 ], [ 77.44398303321212, 23.229356554136157 ], [ 77.443379733212126, 23.229373054131393 ] ] ] } },
{ "type": "Feature", "properties": { }, "geometry": { "type": "Polygon", "coordinates": [ [ [ 77.440222033212123, 23.225020255388415 ], [ 77.440219433212107, 23.225349555293327 ], [ 77.440069933212101, 23.225348555293621 ], [ 77.440066833212114, 23.22573845518103 ], [ 77.440262433212098, 23.225739855180628 ], [ 77.440262333212118, 23.225760955174533 ], [ 77.440610333212121, 23.225763355173832 ], [ 77.4406140332121, 23.225304555306327 ], [ 77.441195333212107, 23.225308455305203 ], [ 77.441196433212127, 23.225170155345136 ], [ 77.441129933212125, 23.22516965534528 ], [ 77.441131033212116, 23.225034855384209 ], [ 77.441389833212114, 23.225036555383717 ], [ 77.441390933212119, 23.224889355426217 ], [ 77.440643233212114, 23.224884255427689 ], [ 77.440642133212094, 23.225023055387613 ], [ 77.440222033212123, 23.225020255388415 ] ] ] } },
{ "type": "Feature", "properties": { }, "geometry": { "type": "Polygon", "coordinates": [ [ [ 77.440363033212108, 23.226042355093266 ], [ 77.440522733212134, 23.226041455093533 ], [ 77.440521233212095, 23.225802155162633 ], [ 77.440361533212112, 23.225802955162404 ], [ 77.440363033212108, 23.226042355093266 ] ] ] } },
{ "type": "Feature", "properties": { }, "geometry": { "type": "Polygon", "coordinates": [ [ [ 77.443565433212115, 23.241986150487637 ], [ 77.443810733212118, 23.242227450417911 ], [ 77.444006933212108, 23.242059050466573 ], [ 77.443761633212119, 23.241817750536306 ], [ 77.443565433212115, 23.241986150487637 ] ] ] } },
{ "type": "Feature", "properties": { }, "geometry": { "type": "Polygon", "coordinates": [ [ [ 77.441424633212108, 23.225797555163965 ], [ 77.441424633212108, 23.225982655110506 ], [ 77.441587433212121, 23.225982655110506 ], [ 77.441587433212121, 23.225797555163965 ], [ 77.441424633212108, 23.225797555163965 ] ] ] } },
{ "type": "Feature", "properties": { }, "geometry": { "type": "Polygon", "coordinates": [ [ [ 77.442331033212128, 23.231075353639731 ], [ 77.442332633212118, 23.231284253579389 ], [ 77.442623533212114, 23.231282353579939 ], [ 77.442622033212132, 23.231073453640278 ], [ 77.442331033212128, 23.231075353639731 ] ] ] } },
{ "type": "Feature", "properties": { }, "geometry": { "type": "Polygon", "coordinates": [ [ [ 77.443489833212112, 23.230946253677011 ], [ 77.44349203321211, 23.231178053610066 ], [ 77.443726033212101, 23.231176153610615 ], [ 77.443723833212118, 23.230944453677541 ], [ 77.443489833212112, 23.230946253677011 ] ] ] } },
{ "type": "Feature", "properties": { }, "geometry": { "type": "Polygon", "coordinates": [ [ [ 77.443668833212115, 23.23135635355856 ], [ 77.443666233212113, 23.231514453512904 ], [ 77.443994833212116, 23.231519053511573 ], [ 77.443997433212118, 23.231360953557243 ], [ 77.443668833212115, 23.23135635355856 ] ] ] } },
{ "type": "Feature", "properties": { }, "geometry": { "type": "Polygon", "coordinates": [ [ [ 77.442329633212111, 23.231484153521652 ], [ 77.442498533212117, 23.231494453518678 ], [ 77.442511633212121, 23.231312253571303 ], [ 77.442342833212095, 23.231302053574257 ], [ 77.442329633212111, 23.231484153521652 ] ] ] } },
{ "type": "Feature", "properties": { }, "geometry": { "type": "Polygon", "coordinates": [ [ [ 77.443466433212109, 23.231358153558041 ], [ 77.44346473321211, 23.231525253509783 ], [ 77.443574633212108, 23.23152625350949 ], [ 77.443576233212113, 23.231359153557758 ], [ 77.443466433212109, 23.231358153558041 ] ] ] } },
{ "type": "Feature", "properties": { }, "geometry": { "type": "Polygon", "coordinates": [ [ [ 77.4405903332121, 23.225955055118479 ], [ 77.441164433212109, 23.22596035511695 ], [ 77.441166433212118, 23.225778055169588 ], [ 77.440592333212095, 23.225772755171121 ], [ 77.4405903332121, 23.225955055118479 ] ] ] } },
{ "type": "Feature", "properties": { }, "geometry": { "type": "Polygon", "coordinates": [ [ [ 77.441357433212119, 23.224062355665023 ], [ 77.441351333212111, 23.22431475559214 ], [ 77.44151413321211, 23.224318155591153 ], [ 77.441520233212103, 23.224065655664067 ], [ 77.441357433212119, 23.224062355665023 ] ] ] } },
{ "type": "Feature", "properties": { }, "geometry": { "type": "Polygon", "coordinates": [ [ [ 77.443425033212108, 23.241787950544914 ], [ 77.443575233212115, 23.241935750502204 ], [ 77.44373433321212, 23.241799150541677 ], [ 77.443584133212099, 23.241651450584357 ], [ 77.443425033212108, 23.241787950544914 ] ] ] } },
{ "type": "Feature", "properties": { }, "geometry": { "type": "Polygon", "coordinates": [ [ [ 77.442608933212114, 23.229684354041481 ], [ 77.442865533212114, 23.229680754042523 ], [ 77.44287093321212, 23.22999895395062 ], [ 77.443147033212114, 23.229994953951778 ], [ 77.443132033212095, 23.229106754208299 ], [ 77.442851033212108, 23.229110754207145 ], [ 77.442855733212113, 23.229391254126131 ], [ 77.442604033212106, 23.22939485412509 ], [ 77.442608933212114, 23.229684354041481 ] ] ] } },
{ "type": "Feature", "properties": { }, "geometry": { "type": "Polygon", "coordinates": [ [ [ 77.427213433212103, 23.23868575144126 ], [ 77.42757093321211, 23.238901751378858 ], [ 77.427699833212117, 23.238721651430886 ], [ 77.427621933212109, 23.238674551444497 ], [ 77.427577133212111, 23.238737151426413 ], [ 77.427526933212121, 23.238706751435195 ], [ 77.427571633212111, 23.238644151453283 ], [ 77.427390333212117, 23.238534651484915 ], [ 77.427429633212114, 23.23847975150078 ], [ 77.427381633212121, 23.238450751509163 ], [ 77.427213433212103, 23.23868575144126 ] ] ] } },
{ "type": "Feature", "properties": { }, "geometry": { "type": "Polygon", "coordinates": [ [ [ 77.428385233212111, 23.240583250893014 ], [ 77.428464333212105, 23.240605650886536 ], [ 77.428433033212102, 23.240698650859667 ], [ 77.428527233212122, 23.24072535085195 ], [ 77.428558533212126, 23.240632450878799 ], [ 77.428740533212121, 23.240684150863853 ], [ 77.42879313321211, 23.240527750909049 ], [ 77.428599933212126, 23.240472850924913 ], [ 77.428623833212114, 23.240401750945459 ], [ 77.428545733212118, 23.240379550951872 ], [ 77.428521733212108, 23.240450650931329 ], [ 77.428437833212101, 23.240426750938234 ], [ 77.428385233212111, 23.240583250893014 ] ] ] } },
{ "type": "Feature", "properties": { }, "geometry": { "type": "Polygon", "coordinates": [ [ [ 77.427029133212116, 23.238905051377898 ], [ 77.427131633212113, 23.238957351362789 ], [ 77.427160233212135, 23.238909951376488 ], [ 77.427344033212108, 23.239003751349387 ], [ 77.427308133212108, 23.239063151332225 ], [ 77.42739673321212, 23.239108451319137 ], [ 77.427489233212128, 23.238955551363311 ], [ 77.427114233212123, 23.238764151418607 ], [ 77.427083633212106, 23.238814851403966 ], [ 77.427045633212117, 23.238795351409603 ], [ 77.427014833212098, 23.238846251394889 ], [ 77.427052933212124, 23.23886565138929 ], [ 77.427029133212116, 23.238905051377898 ] ] ] } },
{ "type": "Feature", "properties": { }, "geometry": { "type": "Polygon", "coordinates": [ [ [ 77.428911433212107, 23.240454150930312 ], [ 77.429018933212106, 23.240484550921533 ], [ 77.429088633212118, 23.240276050981773 ], [ 77.428937433212127, 23.240233350994114 ], [ 77.42892503321211, 23.24027025098345 ], [ 77.428848533212104, 23.240248650989692 ], [ 77.428824033212095, 23.240321950968514 ], [ 77.428860533212116, 23.240332250965537 ], [ 77.428856533212098, 23.240344250962071 ], [ 77.428894833212127, 23.24035505095895 ], [ 77.428891133212119, 23.24036615095574 ], [ 77.428936633212118, 23.240378950952046 ], [ 77.428911433212107, 23.240454150930312 ] ] ] } },
{ "type": "Feature", "properties": { }, "geometry": { "type": "Polygon", "coordinates": [ [ [ 77.428808033212121, 23.23697735193484 ], [ 77.428844433212134, 23.237114651895173 ], [ 77.428875133212117, 23.237107851897139 ], [ 77.428887633212128, 23.237155051883498 ], [ 77.428856933212117, 23.237161951881507 ], [ 77.428929833212123, 23.237437851801801 ], [ 77.428972033212105, 23.237428451804512 ], [ 77.428983133212114, 23.237470651792325 ], [ 77.428944433212123, 23.237479351789808 ], [ 77.428977533212105, 23.237604651753607 ], [ 77.429216833212109, 23.237551151769058 ], [ 77.429050833212116, 23.236923151950496 ], [ 77.428808033212121, 23.23697735193484 ] ] ] } },
{ "type": "Feature", "properties": { }, "geometry": { "type": "Polygon", "coordinates": [ [ [ 77.426658333212117, 23.239930751081541 ], [ 77.426599833212109, 23.240012351057967 ], [ 77.426650733212114, 23.240043151049065 ], [ 77.426554433212118, 23.240177451010268 ], [ 77.426494033212109, 23.24014085102084 ], [ 77.426575833212112, 23.240026751053808 ], [ 77.426474833212112, 23.239965651071465 ], [ 77.426390633212108, 23.240082951037564 ], [ 77.426343933212124, 23.240054651045746 ], [ 77.426440133212125, 23.239920651084464 ], [ 77.42637073321211, 23.239878751096573 ], [ 77.426308133212132, 23.239966051071342 ], [ 77.426187333212113, 23.239892851092495 ], [ 77.426094933212113, 23.240021751055249 ], [ 77.426267133212107, 23.240126051025118 ], [ 77.426293433212109, 23.240089351035717 ], [ 77.426357933212131, 23.240128451024422 ], [ 77.426310533212117, 23.24019455100532 ], [ 77.426550333212106, 23.240339850963338 ], [ 77.426729133212106, 23.240090651035349 ], [ 77.426935533212131, 23.240215650999229 ], [ 77.426994033212111, 23.240134151022776 ], [ 77.426658333212117, 23.239930751081541 ] ] ] } },
{ "type": "Feature", "properties": { }, "geometry": { "type": "Polygon", "coordinates": [ [ [ 77.429930533212115, 23.238111551607155 ], [ 77.430354233212114, 23.238191751583987 ], [ 77.430396833212114, 23.238001851638852 ], [ 77.429973133212115, 23.237921651662024 ], [ 77.429930533212115, 23.238111551607155 ] ] ] } },
{ "type": "Feature", "properties": { }, "geometry": { "type": "Polygon", "coordinates": [ [ [ 77.430253433212116, 23.241766050551242 ], [ 77.430370033212114, 23.24173425056043 ], [ 77.430324233212119, 23.241592150601491 ], [ 77.430207533212126, 23.241623950592302 ], [ 77.430253433212116, 23.241766050551242 ] ] ] } },
{ "type": "Feature", "properties": { }, "geometry": { "type": "Polygon", "coordinates": [ [ [ 77.427330733212102, 23.239741351136267 ], [ 77.427549233212119, 23.239859251102203 ], [ 77.427828133212117, 23.239422951228264 ], [ 77.427609733212108, 23.239305051262331 ], [ 77.427330733212102, 23.239741351136267 ] ] ] } },
{ "type": "Feature", "properties": { }, "geometry": { "type": "Polygon", "coordinates": [ [ [ 77.4263735332121, 23.239758651131272 ], [ 77.426524433212109, 23.239848351105355 ], [ 77.426681733212106, 23.239624751169959 ], [ 77.426629333212119, 23.239593551178977 ], [ 77.426613433212097, 23.239616151172445 ], [ 77.426514933212104, 23.239557651189347 ], [ 77.4263735332121, 23.239758651131272 ] ] ] } },
{ "type": "Feature", "properties": { }, "geometry": { "type": "Polygon", "coordinates": [ [ [ 77.427817133212116, 23.24026775098417 ], [ 77.428157733212103, 23.240456550929618 ], [ 77.428197433212134, 23.240396050947108 ], [ 77.428248133212094, 23.240424150938981 ], [ 77.428311633212104, 23.240327450966927 ], [ 77.428260933212115, 23.240299350975043 ], [ 77.428366533212113, 23.240138551021506 ], [ 77.428025833212118, 23.239949751076058 ], [ 77.427817133212116, 23.24026775098417 ] ] ] } },
{ "type": "Feature", "properties": { }, "geometry": { "type": "Polygon", "coordinates": [ [ [ 77.42987133321212, 23.241669750579067 ], [ 77.43035143321211, 23.241531850618912 ], [ 77.430297033212113, 23.24137185066515 ], [ 77.430199233212107, 23.241399950657026 ], [ 77.430194133212126, 23.241384950661359 ], [ 77.430073933212114, 23.241419450651396 ], [ 77.43007903321211, 23.241434450647059 ], [ 77.429816833212115, 23.241509750625301 ], [ 77.42987133321212, 23.241669750579067 ] ] ] } },
{ "type": "Feature", "properties": { }, "geometry": { "type": "Polygon", "coordinates": [ [ [ 77.428954233212096, 23.240096951033522 ], [ 77.429125633212124, 23.240144851019686 ], [ 77.429199133212123, 23.239923151083744 ], [ 77.428948033212109, 23.239852951104027 ], [ 77.428908533212109, 23.23997225106956 ], [ 77.428964133212119, 23.239987851065045 ], [ 77.428958733212113, 23.240004051060367 ], [ 77.428982833212117, 23.240010751058431 ], [ 77.428954233212096, 23.240096951033522 ] ] ] } },
{ "type": "Feature", "properties": { }, "geometry": { "type": "Polygon", "coordinates": [ [ [ 77.427210233212108, 23.240380950951469 ], [ 77.427401133212115, 23.240114151028557 ], [ 77.427161333212112, 23.23996925107042 ], [ 77.427114933212096, 23.240034051051698 ], [ 77.427211533212116, 23.240092351034853 ], [ 77.427130433212113, 23.240205651002121 ], [ 77.427157633212119, 23.240222050997382 ], [ 77.427094133212108, 23.240310750971755 ], [ 77.427210233212108, 23.240380950951469 ] ] ] } },
{ "type": "Feature", "properties": { }, "geometry": { "type": "Polygon", "coordinates": [ [ [ 77.429961133212117, 23.237759151708968 ], [ 77.430176133212115, 23.237712151722551 ], [ 77.430089733212114, 23.237377951819102 ], [ 77.429874633212108, 23.237424851805553 ], [ 77.429897233212131, 23.237512151780336 ], [ 77.430036033212119, 23.237481851789081 ], [ 77.430073133212119, 23.237625451747601 ], [ 77.429934333212103, 23.237655751738849 ], [ 77.429961133212117, 23.237759151708968 ] ] ] } },
{ "type": "Feature", "properties": { }, "geometry": { "type": "Polygon", "coordinates": [ [ [ 77.428040433212104, 23.238501151494599 ], [ 77.428380633212115, 23.238708651434639 ], [ 77.428479033212113, 23.238572451473999 ], [ 77.428198733212099, 23.238401551523378 ], [ 77.428121333212118, 23.23828155155805 ], [ 77.428048133212116, 23.238382851528776 ], [ 77.428045233212117, 23.238381051529299 ], [ 77.427991333212134, 23.238455651507739 ], [ 77.42804823321211, 23.23849035149772 ], [ 77.428040433212104, 23.238501151494599 ] ] ] } },
{ "type": "Feature", "properties": { }, "geometry": { "type": "Polygon", "coordinates": [ [ [ 77.428182933212113, 23.237768051706396 ], [ 77.428449233212135, 23.237969851648103 ], [ 77.428413733212096, 23.23800945163666 ], [ 77.428467733212116, 23.238050351624835 ], [ 77.428503333212106, 23.238010751636285 ], [ 77.428741933212109, 23.238191551584045 ], [ 77.428827733212117, 23.238095951611658 ], [ 77.428353333212115, 23.237736451715531 ], [ 77.428419333212105, 23.237662951736766 ], [ 77.428334733212125, 23.237598851755283 ], [ 77.428182933212113, 23.237768051706396 ] ] ] } },
{ "type": "Feature", "properties": { }, "geometry": { "type": "Polygon", "coordinates": [ [ [ 77.430636633212117, 23.241475750635129 ], [ 77.430415133212108, 23.241529750619524 ], [ 77.430557333212121, 23.242022650477097 ], [ 77.430792433212119, 23.241965350493654 ], [ 77.430803233212117, 23.241999250483858 ], [ 77.431076333212133, 23.241925850505066 ], [ 77.431067633212109, 23.24189855051295 ], [ 77.431304433212119, 23.241838550530293 ], [ 77.43126013321212, 23.241690850572965 ], [ 77.431290933212111, 23.241683050575226 ], [ 77.431304333212111, 23.241727850562281 ], [ 77.431380733212109, 23.241708450567888 ], [ 77.431367333212094, 23.241663750580805 ], [ 77.431420033212106, 23.241650350584678 ], [ 77.431343233212104, 23.24139465065856 ], [ 77.431183333212104, 23.241435250646834 ], [ 77.431154233212112, 23.2413384506748 ], [ 77.430909133212111, 23.241400650656832 ], [ 77.430894733212099, 23.241355150669978 ], [ 77.430873833212118, 23.241360750668356 ], [ 77.430825033212116, 23.241195050716239 ], [ 77.430582233212121, 23.241255450698784 ], [ 77.430632433212111, 23.241425650649603 ], [ 77.430621633212127, 23.241428550648767 ], [ 77.430636633212117, 23.241475750635129 ] ] ] } },
{ "type": "Feature", "properties": { }, "geometry": { "type": "Polygon", "coordinates": [ [ [ 77.430703233212114, 23.240693450861169 ], [ 77.430948033212132, 23.240630250879434 ], [ 77.430982433212108, 23.240568450897289 ], [ 77.430956033212126, 23.240482350922171 ], [ 77.430865733212116, 23.240409050943349 ], [ 77.43078373321211, 23.240491950919395 ], [ 77.430696533212114, 23.240447950932108 ], [ 77.430676533212093, 23.240470650925541 ], [ 77.430703933212101, 23.240499350917258 ], [ 77.430671733212094, 23.24054555090391 ], [ 77.430684033212131, 23.240572550896108 ], [ 77.430667533212116, 23.240576850894865 ], [ 77.430703233212114, 23.240693450861169 ] ] ] } },
{ "type": "Feature", "properties": { }, "geometry": { "type": "Polygon", "coordinates": [ [ [ 77.426174733212108, 23.241239250703465 ], [ 77.426422833212129, 23.241367350666454 ], [ 77.426447133212108, 23.241327650677924 ], [ 77.426531633212107, 23.24137135066529 ], [ 77.426602833212115, 23.241254950698931 ], [ 77.426646033212108, 23.241277350692457 ], [ 77.426681033212134, 23.241220150708983 ], [ 77.426553233212118, 23.241154150728054 ], [ 77.426597633212126, 23.24108155074903 ], [ 77.42634183321212, 23.240949450787195 ], [ 77.426327133212112, 23.240972350780584 ], [ 77.426269233212111, 23.240982450777668 ], [ 77.426213033212107, 23.241070050752352 ], [ 77.426239233212115, 23.24110925074103 ], [ 77.426224733212123, 23.241131950734466 ], [ 77.426236533212119, 23.241138050732708 ], [ 77.426174733212108, 23.241239250703465 ] ] ] } },
{ "type": "Feature", "properties": { }, "geometry": { "type": "Polygon", "coordinates": [ [ [ 77.431534933212106, 23.238136351599998 ], [ 77.431553733212112, 23.238212151578093 ], [ 77.431351433212114, 23.238254351565899 ], [ 77.431380533212121, 23.23837215153187 ], [ 77.431764033212104, 23.23829205155501 ], [ 77.431734933212113, 23.23817425158904 ], [ 77.431633233212111, 23.238195551582891 ], [ 77.43161393321212, 23.238117151605547 ], [ 77.431848633212113, 23.23805985162209 ], [ 77.431830333212105, 23.23799635164044 ], [ 77.431788233212117, 23.238006551637493 ], [ 77.431774833212103, 23.237959951650957 ], [ 77.431521733212108, 23.238021651633129 ], [ 77.431508833212106, 23.237976751646102 ], [ 77.431422933212119, 23.237997751640037 ], [ 77.431467733212116, 23.238152751595251 ], [ 77.431534933212106, 23.238136351599998 ] ] ] } },
{ "type": "Feature", "properties": { }, "geometry": { "type": "Polygon", "coordinates": [ [ [ 77.427037633212109, 23.239031051341499 ], [ 77.426935133212126, 23.239179951298478 ], [ 77.427049433212105, 23.239246351279288 ], [ 77.427037533212115, 23.239263851274234 ], [ 77.427116933212119, 23.239309951260918 ], [ 77.427129833212106, 23.239291251266319 ], [ 77.427215833212102, 23.239341151251903 ], [ 77.427248533212122, 23.239293551265654 ], [ 77.427234133212124, 23.239285251268047 ], [ 77.427270933212114, 23.239231751283512 ], [ 77.427285633212108, 23.239240251281046 ], [ 77.427317633212112, 23.239193751294486 ], [ 77.427230033212112, 23.2391428513092 ], [ 77.427225333212121, 23.239149751307199 ], [ 77.427118033212111, 23.239087351325228 ], [ 77.42712273321213, 23.239080451327226 ], [ 77.427037633212109, 23.239031051341499 ] ] ] } },
{ "type": "Feature", "properties": { }, "geometry": { "type": "Polygon", "coordinates": [ [ [ 77.427691433212118, 23.240648450874168 ], [ 77.427646433212118, 23.240711050856081 ], [ 77.42762683321213, 23.240699150859523 ], [ 77.427589933212118, 23.240750450844704 ], [ 77.427609433212112, 23.240762350841262 ], [ 77.427542533212105, 23.240855250814423 ], [ 77.4276333332121, 23.240910450798467 ], [ 77.427622133212111, 23.240925850794021 ], [ 77.427725833212122, 23.240988950775787 ], [ 77.427718933212105, 23.240998550773018 ], [ 77.427766433212113, 23.241027350764693 ], [ 77.427782233212113, 23.241005350771047 ], [ 77.427808133212096, 23.241021050766516 ], [ 77.427829933212109, 23.240990750775268 ], [ 77.42785553321211, 23.24100635077076 ], [ 77.42788473321211, 23.240965850782462 ], [ 77.427916233212102, 23.240985050776914 ], [ 77.427976633212126, 23.240901050801185 ], [ 77.427906933212114, 23.24085865081344 ], [ 77.427946633212116, 23.240803650829331 ], [ 77.427691433212118, 23.240648450874168 ] ] ] } },
{ "type": "Feature", "properties": { }, "geometry": { "type": "Polygon", "coordinates": [ [ [ 77.424075233212093, 23.239837451108503 ], [ 77.424110633212095, 23.239836451108793 ], [ 77.424111733212115, 23.239871051098788 ], [ 77.424241933212116, 23.239867351099868 ], [ 77.42424073321213, 23.239832751109866 ], [ 77.424270333212121, 23.239831951110094 ], [ 77.42426843321212, 23.239774351126737 ], [ 77.424400033212109, 23.239770551127833 ], [ 77.42439673321212, 23.239672451156181 ], [ 77.424523133212119, 23.239668851157223 ], [ 77.424516533212099, 23.239472251214018 ], [ 77.424359833212108, 23.23947675121272 ], [ 77.424360733212126, 23.239503851204887 ], [ 77.42432133321212, 23.23950495120458 ], [ 77.424324233212118, 23.239589051180271 ], [ 77.424260933212096, 23.239590851179752 ], [ 77.42421403321211, 23.23963045116831 ], [ 77.424216033212119, 23.239691351150714 ], [ 77.424115533212117, 23.239694251149881 ], [ 77.42411643321212, 23.239722151141816 ], [ 77.424071333212112, 23.239723351141475 ], [ 77.424075233212093, 23.239837451108503 ] ] ] } },
{ "type": "Feature", "properties": { }, "geometry": { "type": "Polygon", "coordinates": [ [ [ 77.431581833212121, 23.238942351367125 ], [ 77.431587133212119, 23.238959451362188 ], [ 77.431562933212135, 23.238965851360337 ], [ 77.43161193321211, 23.239124151314606 ], [ 77.431696533212119, 23.239102051320987 ], [ 77.431690833212102, 23.239083751326273 ], [ 77.431742433212122, 23.239070251330169 ], [ 77.43174813321211, 23.23908855132488 ], [ 77.431805133212109, 23.239073651329186 ], [ 77.431798633212125, 23.239052951335168 ], [ 77.431854333212115, 23.239038351339385 ], [ 77.431860733212119, 23.239059151333379 ], [ 77.431915333212118, 23.239044951337483 ], [ 77.431909733212109, 23.239026851342707 ], [ 77.431963633212135, 23.239012751346788 ], [ 77.431969233212115, 23.239030851341557 ], [ 77.432026433212101, 23.23901585134589 ], [ 77.432019333212111, 23.238992951352508 ], [ 77.432074133212112, 23.238978651356636 ], [ 77.432081233212116, 23.239001551350015 ], [ 77.432161733212112, 23.238980551356086 ], [ 77.432103333212112, 23.238792051410549 ], [ 77.431697433212108, 23.238898051379927 ], [ 77.431686833212098, 23.238863751389832 ], [ 77.431614033212114, 23.238882851384314 ], [ 77.431628633212114, 23.238930151370646 ], [ 77.431581833212121, 23.238942351367125 ] ] ] } },
{ "type": "Feature", "properties": { }, "geometry": { "type": "Polygon", "coordinates": [ [ [ 77.425691933212121, 23.241896050513677 ], [ 77.425876533212133, 23.24199595048481 ], [ 77.425889233212118, 23.24197605049056 ], [ 77.42591833321211, 23.241991850485995 ], [ 77.42594873321211, 23.241944450499691 ], [ 77.425932833212116, 23.241935850502177 ], [ 77.42595973321211, 23.24189385051432 ], [ 77.425987533212108, 23.241908850509976 ], [ 77.426048333212108, 23.241813950537402 ], [ 77.426014433212117, 23.241795550542719 ], [ 77.426082333212108, 23.241689650573317 ], [ 77.426170233212119, 23.24173725055957 ], [ 77.426024133212124, 23.241965150493712 ], [ 77.42606753321212, 23.24198865048692 ], [ 77.426014833212108, 23.242070750463192 ], [ 77.426106233212096, 23.242120250448892 ], [ 77.4263771332121, 23.24169755057104 ], [ 77.426336733212125, 23.241675650577363 ], [ 77.426320733212108, 23.241700650570138 ], [ 77.426278933212117, 23.24167805057667 ], [ 77.426265733212134, 23.241698550570746 ], [ 77.426209433212108, 23.241668050579555 ], [ 77.426197033212119, 23.241687250574014 ], [ 77.426102333212114, 23.241636050588809 ], [ 77.426140133212115, 23.241577150605824 ], [ 77.425959033212109, 23.241479150634145 ], [ 77.425935033212127, 23.241516650623304 ], [ 77.425904833212115, 23.241500350628016 ], [ 77.425857433212116, 23.241574250606661 ], [ 77.425887633212099, 23.241590650601925 ], [ 77.42580343321211, 23.241721950563985 ], [ 77.425791733212108, 23.241715650565808 ], [ 77.425769533212105, 23.241750250555803 ], [ 77.425781233212106, 23.241756550553987 ], [ 77.425691933212121, 23.241896050513677 ] ] ] } },
{ "type": "Feature", "properties": { }, "geometry": { "type": "Polygon", "coordinates": [ [ [ 77.429035633212109, 23.241653150583865 ], [ 77.429080533212115, 23.241729550561786 ], [ 77.429141233212121, 23.241699450570486 ], [ 77.429096233212135, 23.241623050592562 ], [ 77.429035633212109, 23.241653150583865 ] ] ] } },
{ "type": "Feature", "properties": { }, "geometry": { "type": "Polygon", "coordinates": [ [ [ 77.42924753321212, 23.24183115053243 ], [ 77.429309833212102, 23.241790450544194 ], [ 77.429275333212118, 23.241745850557081 ], [ 77.429213033212093, 23.241786450545352 ], [ 77.42924753321212, 23.24183115053243 ] ] ] } },
{ "type": "Feature", "properties": { }, "geometry": { "type": "Polygon", "coordinates": [ [ [ 77.428753333212114, 23.239412451231299 ], [ 77.42898703321211, 23.239492351208213 ], [ 77.429164033212103, 23.239054851334618 ], [ 77.428930333212108, 23.238975051357681 ], [ 77.428753333212114, 23.239412451231299 ] ] ] } },
{ "type": "Feature", "properties": { }, "geometry": { "type": "Polygon", "coordinates": [ [ [ 77.427083733212115, 23.239799751119399 ], [ 77.427135233212113, 23.239827651111327 ], [ 77.427210633212113, 23.239709651145429 ], [ 77.427159133212115, 23.23968185115346 ], [ 77.427083733212115, 23.239799751119399 ] ] ] } },
{ "type": "Feature", "properties": { }, "geometry": { "type": "Polygon", "coordinates": [ [ [ 77.429514333212111, 23.238534751484892 ], [ 77.429581833212112, 23.238544751481999 ], [ 77.429614633212111, 23.238356851536292 ], [ 77.429547233212119, 23.238346851539177 ], [ 77.429514333212111, 23.238534751484892 ] ] ] } },
{ "type": "Feature", "properties": { }, "geometry": { "type": "Polygon", "coordinates": [ [ [ 77.429157333212117, 23.241501550627671 ], [ 77.42923413321212, 23.241457450640418 ], [ 77.42919463321212, 23.241399450657173 ], [ 77.429117933212112, 23.24144355064443 ], [ 77.429157333212117, 23.241501550627671 ] ] ] } },
{ "type": "Feature", "properties": { }, "geometry": { "type": "Polygon", "coordinates": [ [ [ 77.425964133212119, 23.240769050839329 ], [ 77.426035933212106, 23.240810950827221 ], [ 77.426071633212118, 23.240759250842157 ], [ 77.425999933212111, 23.240717350854268 ], [ 77.425964133212119, 23.240769050839329 ] ] ] } },
{ "type": "Feature", "properties": { }, "geometry": { "type": "Polygon", "coordinates": [ [ [ 77.430141333212106, 23.240185451007957 ], [ 77.430267433212109, 23.24019225100599 ], [ 77.430275633212119, 23.24006325104326 ], [ 77.430149533212116, 23.240056551045196 ], [ 77.430141333212106, 23.240185451007957 ] ] ] } },
{ "type": "Feature", "properties": { }, "geometry": { "type": "Polygon", "coordinates": [ [ [ 77.429037233212114, 23.241492250630358 ], [ 77.429111433212128, 23.241565950609061 ], [ 77.429169833212114, 23.241516350623389 ], [ 77.4290956332121, 23.241442650644689 ], [ 77.429037233212114, 23.241492250630358 ] ] ] } },
{ "type": "Feature", "properties": { }, "geometry": { "type": "Polygon", "coordinates": [ [ [ 77.425210433212115, 23.242167450435254 ], [ 77.425384033212111, 23.2422586504089 ], [ 77.425586533212112, 23.241933350502904 ], [ 77.425412933212115, 23.241842050529279 ], [ 77.425210433212115, 23.242167450435254 ] ] ] } },
{ "type": "Feature", "properties": { }, "geometry": { "type": "Polygon", "coordinates": [ [ [ 77.424233433212109, 23.241461650639202 ], [ 77.424353433212104, 23.241401250656654 ], [ 77.424300633212127, 23.241312650682254 ], [ 77.424180633212103, 23.241373050664802 ], [ 77.424233433212109, 23.241461650639202 ] ] ] } },
{ "type": "Feature", "properties": { }, "geometry": { "type": "Polygon", "coordinates": [ [ [ 77.430522233212102, 23.238747951423296 ], [ 77.430520033212119, 23.238827451400322 ], [ 77.430627333212115, 23.238829951399602 ], [ 77.430629533212098, 23.238750451422568 ], [ 77.430522233212102, 23.238747951423296 ] ] ] } },
{ "type": "Feature", "properties": { }, "geometry": { "type": "Polygon", "coordinates": [ [ [ 77.428953133212133, 23.241425450649661 ], [ 77.429015833212119, 23.241492550630273 ], [ 77.429063833212112, 23.241454750641196 ], [ 77.429001133212111, 23.241387650660585 ], [ 77.428953133212133, 23.241425450649661 ] ] ] } },
{ "type": "Feature", "properties": { }, "geometry": { "type": "Polygon", "coordinates": [ [ [ 77.424666633212112, 23.240115951028038 ], [ 77.424729933212106, 23.240177551010238 ], [ 77.425023033212113, 23.239923051083771 ], [ 77.42495973321212, 23.239861551101544 ], [ 77.424666633212112, 23.240115951028038 ] ] ] } },
{ "type": "Feature", "properties": { }, "geometry": { "type": "Polygon", "coordinates": [ [ [ 77.428094833212128, 23.240610850885037 ], [ 77.428151733212104, 23.240640850876364 ], [ 77.428225433212134, 23.240522550910548 ], [ 77.428168533212116, 23.240492550919218 ], [ 77.428094833212128, 23.240610850885037 ] ] ] } },
{ "type": "Feature", "properties": { }, "geometry": { "type": "Polygon", "coordinates": [ [ [ 77.428894133212111, 23.240827750822366 ], [ 77.428958733212113, 23.24084645081696 ], [ 77.428987633212117, 23.240762050841354 ], [ 77.428922933212107, 23.240743350846756 ], [ 77.428894133212111, 23.240827750822366 ] ] ] } },
{ "type": "Feature", "properties": { }, "geometry": { "type": "Polygon", "coordinates": [ [ [ 77.431992733212113, 23.239394051236612 ], [ 77.432059833212108, 23.239599851177154 ], [ 77.432171333212096, 23.239569151186021 ], [ 77.432104333212095, 23.239363351245483 ], [ 77.431992733212113, 23.239394051236612 ] ] ] } },
{ "type": "Feature", "properties": { }, "geometry": { "type": "Polygon", "coordinates": [ [ [ 77.429063733212118, 23.240971950780697 ], [ 77.429162033212108, 23.240992550774742 ], [ 77.429181333212114, 23.240914950797176 ], [ 77.429083133212117, 23.240894250803152 ], [ 77.429063733212118, 23.240971950780697 ] ] ] } },
{ "type": "Feature", "properties": { }, "geometry": { "type": "Polygon", "coordinates": [ [ [ 77.427206333212126, 23.239861951101428 ], [ 77.427265033212109, 23.239894251092093 ], [ 77.427340133212098, 23.239779051125378 ], [ 77.427281433212116, 23.23974675113471 ], [ 77.427206333212126, 23.239861951101428 ] ] ] } },
{ "type": "Feature", "properties": { }, "geometry": { "type": "Polygon", "coordinates": [ [ [ 77.42956733321212, 23.2382858515568 ], [ 77.429647833212115, 23.238297751553368 ], [ 77.429667933212102, 23.238182551586643 ], [ 77.42958743321212, 23.238170651590085 ], [ 77.42956733321212, 23.2382858515568 ] ] ] } },
{ "type": "Feature", "properties": { }, "geometry": { "type": "Polygon", "coordinates": [ [ [ 77.431949133212115, 23.240357050958373 ], [ 77.432111433212128, 23.24032065096889 ], [ 77.432059933212116, 23.240126651024944 ], [ 77.431897633212117, 23.240162951014451 ], [ 77.431949133212115, 23.240357050958373 ] ] ] } },
{ "type": "Feature", "properties": { }, "geometry": { "type": "Polygon", "coordinates": [ [ [ 77.42745713321213, 23.239468251215179 ], [ 77.427569133212131, 23.239300651263601 ], [ 77.427449833212108, 23.239233351283051 ], [ 77.427337833212121, 23.239400951234629 ], [ 77.42745713321213, 23.239468251215179 ] ] ] } },
{ "type": "Feature", "properties": { }, "geometry": { "type": "Polygon", "coordinates": [ [ [ 77.429655833212109, 23.238324051545764 ], [ 77.429782633212113, 23.238348151538798 ], [ 77.429811333212115, 23.238220051575809 ], [ 77.429684633212119, 23.238195951582775 ], [ 77.429655833212109, 23.238324051545764 ] ] ] } },
{ "type": "Feature", "properties": { }, "geometry": { "type": "Polygon", "coordinates": [ [ [ 77.427648233212111, 23.239039151339156 ], [ 77.427599233212121, 23.239110051318676 ], [ 77.427705833212116, 23.239172251300705 ], [ 77.42775483321212, 23.239101351321182 ], [ 77.427648233212111, 23.239039151339156 ] ] ] } },
{ "type": "Feature", "properties": { }, "geometry": { "type": "Polygon", "coordinates": [ [ [ 77.427143333212129, 23.239829951110668 ], [ 77.42719823321211, 23.239859951102002 ], [ 77.427274733212116, 23.239741651136182 ], [ 77.427219733212127, 23.239711651144855 ], [ 77.427143333212129, 23.239829951110668 ] ] ] } },
{ "type": "Feature", "properties": { }, "geometry": { "type": "Polygon", "coordinates": [ [ [ 77.431829133212119, 23.237335451831385 ], [ 77.431916533212117, 23.237319251836063 ], [ 77.432050033212121, 23.237242051858363 ], [ 77.43202253321212, 23.237116751894561 ], [ 77.431790433212129, 23.237159951882084 ], [ 77.431829133212119, 23.237335451831385 ] ] ] } },
{ "type": "Feature", "properties": { }, "geometry": { "type": "Polygon", "coordinates": [ [ [ 77.424857333212103, 23.240297950975442 ], [ 77.424961733212115, 23.240386850949765 ], [ 77.42503243321211, 23.24031685096999 ], [ 77.425049133212127, 23.240331050965878 ], [ 77.425084533212114, 23.240295950976023 ], [ 77.425113133212108, 23.240320350968975 ], [ 77.425173033212118, 23.240261050986113 ], [ 77.425317433212115, 23.240383850950632 ], [ 77.425264033212116, 23.240436750935345 ], [ 77.42524313321212, 23.240418950940487 ], [ 77.425203233212116, 23.240458550929048 ], [ 77.425195533212118, 23.240451950930947 ], [ 77.425143433212114, 23.240503750915984 ], [ 77.425153533212111, 23.240512350913505 ], [ 77.42512753321212, 23.240538050906075 ], [ 77.425076033212108, 23.240494150918757 ], [ 77.424944033212114, 23.240624950880964 ], [ 77.42491233321212, 23.240597950888763 ], [ 77.424861633212117, 23.240648250874223 ], [ 77.424922733212128, 23.240700350859179 ], [ 77.424899533212098, 23.24072335085253 ], [ 77.424717933212108, 23.240568750897204 ], [ 77.424798633212106, 23.240488750920324 ], [ 77.424831633212108, 23.240516750912228 ], [ 77.424918833212104, 23.240430250937223 ], [ 77.424834933212111, 23.24035605095866 ], [ 77.424580233212112, 23.240584050892785 ], [ 77.424778633212114, 23.240753050843949 ], [ 77.424810233212114, 23.240721650853018 ], [ 77.42483423321211, 23.240742050847128 ], [ 77.424786733212116, 23.240789150833521 ], [ 77.424920733212119, 23.240903250800546 ], [ 77.42542363321212, 23.240404550944653 ], [ 77.425394733212116, 23.240379950951752 ], [ 77.42542643321211, 23.240348450960855 ], [ 77.425370933212108, 23.240301150974524 ], [ 77.42534583321212, 23.24032605096733 ], [ 77.425305633212119, 23.240291750977242 ], [ 77.425330633212127, 23.240266950984402 ], [ 77.42528503321212, 23.240228050995647 ], [ 77.425258333212113, 23.240254450988015 ], [ 77.42521273321212, 23.240215650999229 ], [ 77.425245733212108, 23.240182951008677 ], [ 77.425193033212111, 23.240138051021649 ], [ 77.425151133212111, 23.240179551009657 ], [ 77.425119233212115, 23.240152351017517 ], [ 77.425075433212115, 23.240195751004975 ], [ 77.425086533212109, 23.240205151002264 ], [ 77.425031333212104, 23.240259850986458 ], [ 77.425023633212106, 23.240253350988333 ], [ 77.425009033212135, 23.24026785098415 ], [ 77.424961733212115, 23.240227550995787 ], [ 77.424922333212109, 23.240266650984491 ], [ 77.424904333212098, 23.24025135098891 ], [ 77.424857333212103, 23.240297950975442 ] ] ] } },
{ "type": "Feature", "properties": { }, "geometry": { "type": "Polygon", "coordinates": [ [ [ 77.432212033212096, 23.239275051270997 ], [ 77.432228033212112, 23.239329351255311 ], [ 77.432348133212116, 23.23929935126398 ], [ 77.432369633212119, 23.239372351242881 ], [ 77.432444733212094, 23.23935365124829 ], [ 77.432407133212124, 23.239226451285042 ], [ 77.432212033212096, 23.239275051270997 ] ] ] } },
{ "type": "Feature", "properties": { }, "geometry": { "type": "Polygon", "coordinates": [ [ [ 77.428078733212118, 23.2405881508916 ], [ 77.428134333212114, 23.240501250916704 ], [ 77.428072733212119, 23.240467950926327 ], [ 77.42803633321212, 23.240524850909889 ], [ 77.428019733212111, 23.24051585091248 ], [ 77.428000533212128, 23.240545850903818 ], [ 77.428078733212118, 23.2405881508916 ] ] ] } },
{ "type": "Feature", "properties": { }, "geometry": { "type": "Polygon", "coordinates": [ [ [ 77.431269633212111, 23.23724255185822 ], [ 77.431305033212112, 23.237424351805689 ], [ 77.431329233212111, 23.237420351806858 ], [ 77.431338833212095, 23.237469951792523 ], [ 77.431745433212114, 23.237403151811822 ], [ 77.431700433212129, 23.237171851878649 ], [ 77.431269633212111, 23.23724255185822 ] ] ] } },
{ "type": "Feature", "properties": { }, "geometry": { "type": "Polygon", "coordinates": [ [ [ 77.425420333212102, 23.241806050539687 ], [ 77.425625533212127, 23.241912050509054 ], [ 77.425654533212096, 23.241864650522754 ], [ 77.425580633212121, 23.241826450533789 ], [ 77.42560763321211, 23.241782450546502 ], [ 77.425476233212109, 23.241714650566099 ], [ 77.425420333212102, 23.241806050539687 ] ] ] } },
{ "type": "Feature", "properties": { }, "geometry": { "type": "Polygon", "coordinates": [ [ [ 77.430605333212114, 23.240476550923844 ], [ 77.430652933212116, 23.240508650914567 ], [ 77.43067553321211, 23.240457450929366 ], [ 77.430618833212108, 23.240281550980185 ], [ 77.430534533212125, 23.240304550973537 ], [ 77.430544733212102, 23.240335950964472 ], [ 77.430558833212118, 23.240332150965568 ], [ 77.430605333212114, 23.240476550923844 ] ] ] } },
{ "type": "Feature", "properties": { }, "geometry": { "type": "Polygon", "coordinates": [ [ [ 77.432233033212114, 23.238422251517395 ], [ 77.432274433212115, 23.238569151474945 ], [ 77.43223413321212, 23.238578751472176 ], [ 77.432251433212116, 23.238640051454471 ], [ 77.432274733212097, 23.238634451456083 ], [ 77.432350033212117, 23.238901451378947 ], [ 77.43246433321211, 23.238874251386797 ], [ 77.432330433212115, 23.238399151524067 ], [ 77.432233033212114, 23.238422251517395 ] ] ] } },
{ "type": "Feature", "properties": { }, "geometry": { "type": "Polygon", "coordinates": [ [ [ 77.430162833212123, 23.238632151456748 ], [ 77.430335833212112, 23.23866545144713 ], [ 77.430426133212109, 23.238268751561744 ], [ 77.430253133212119, 23.238235551571325 ], [ 77.430208633212118, 23.238431051514848 ], [ 77.430103433212111, 23.23841085152069 ], [ 77.430075333212116, 23.238534051485093 ], [ 77.430180533212095, 23.238554351479227 ], [ 77.430162833212123, 23.238632151456748 ] ] ] } },
{ "type": "Feature", "properties": { }, "geometry": { "type": "Polygon", "coordinates": [ [ [ 77.423963433212108, 23.24024115099186 ], [ 77.42415233321212, 23.240420950939907 ], [ 77.424260333212118, 23.240325150967585 ], [ 77.424201933212117, 23.240269450983686 ], [ 77.42416783321211, 23.240299650974958 ], [ 77.424117833212094, 23.240252050988705 ], [ 77.424151833212107, 23.24022185099744 ], [ 77.42407143321212, 23.240145351019539 ], [ 77.423963433212108, 23.24024115099186 ] ] ] } },
{ "type": "Feature", "properties": { }, "geometry": { "type": "Polygon", "coordinates": [ [ [ 77.431720533212115, 23.239628151168979 ], [ 77.432023433212109, 23.239556351189723 ], [ 77.431976733212124, 23.239390251237715 ], [ 77.431894533212116, 23.239409751232081 ], [ 77.431874633212132, 23.239339051252511 ], [ 77.431784633212104, 23.239360351246347 ], [ 77.431804533212116, 23.239431151225897 ], [ 77.431673833212116, 23.239462151216941 ], [ 77.431720533212115, 23.239628151168979 ] ] ] } },
{ "type": "Feature", "properties": { }, "geometry": { "type": "Polygon", "coordinates": [ [ [ 77.424587533212133, 23.24187965051842 ], [ 77.424731833212121, 23.241952250497441 ], [ 77.42471803321213, 23.241975450490731 ], [ 77.424820133212123, 23.242026750475912 ], [ 77.424833933212113, 23.242003550482615 ], [ 77.425059933212111, 23.242117250449763 ], [ 77.425273933212111, 23.241757950553588 ], [ 77.424801533212118, 23.241520350622238 ], [ 77.424619633212131, 23.241718250565057 ], [ 77.424587533212133, 23.24187965051842 ] ] ] } },
{ "type": "Feature", "properties": { }, "geometry": { "type": "Polygon", "coordinates": [ [ [ 77.425990633212109, 23.241234150704933 ], [ 77.426049533212108, 23.241262950696616 ], [ 77.42622113321211, 23.240967250782059 ], [ 77.426162333212133, 23.240938350790412 ], [ 77.425990633212109, 23.241234150704933 ] ] ] } },
{ "type": "Feature", "properties": { }, "geometry": { "type": "Polygon", "coordinates": [ [ [ 77.438095333212132, 23.239444151222138 ], [ 77.438179133212117, 23.239469551214803 ], [ 77.438226733212133, 23.239336451253259 ], [ 77.438142933212134, 23.239311151260569 ], [ 77.438095333212132, 23.239444151222138 ] ] ] } },
{ "type": "Feature", "properties": { }, "geometry": { "type": "Polygon", "coordinates": [ [ [ 77.433005733212099, 23.239842551107028 ], [ 77.4331773332121, 23.239801851118788 ], [ 77.433126933212108, 23.239622751170536 ], [ 77.432955433212115, 23.239663551158749 ], [ 77.433005733212099, 23.239842551107028 ] ] ] } },
{ "type": "Feature", "properties": { }, "geometry": { "type": "Polygon", "coordinates": [ [ [ 77.433089533212126, 23.239314451259613 ], [ 77.433202933212115, 23.239307151261723 ], [ 77.433191233212114, 23.23915595130541 ], [ 77.433077933212118, 23.239163351303279 ], [ 77.433089533212126, 23.239314451259613 ] ] ] } },
{ "type": "Feature", "properties": { }, "geometry": { "type": "Polygon", "coordinates": [ [ [ 77.434623833212129, 23.239105051320117 ], [ 77.43480613321212, 23.239140151309982 ], [ 77.434820533212104, 23.239077251328144 ], [ 77.434638133212118, 23.239042151338289 ], [ 77.434623833212129, 23.239105051320117 ] ] ] } },
{ "type": "Feature", "properties": { }, "geometry": { "type": "Polygon", "coordinates": [ [ [ 77.432869633212135, 23.23954615119267 ], [ 77.433101633212118, 23.239491951208329 ], [ 77.433083133212122, 23.239425151227628 ], [ 77.432851133212111, 23.239479351211969 ], [ 77.432869633212135, 23.23954615119267 ] ] ] } },
{ "type": "Feature", "properties": { }, "geometry": { "type": "Polygon", "coordinates": [ [ [ 77.433772833212103, 23.238469151503843 ], [ 77.433967033212113, 23.23852775148691 ], [ 77.43402603321212, 23.238362551534639 ], [ 77.43383183321211, 23.238304051551541 ], [ 77.433772833212103, 23.238469151503843 ] ] ] } },
{ "type": "Feature", "properties": { }, "geometry": { "type": "Polygon", "coordinates": [ [ [ 77.438435233212104, 23.239526751198273 ], [ 77.43851683321212, 23.23955045119143 ], [ 77.438561133212133, 23.239421651228643 ], [ 77.438479533212117, 23.239397951235492 ], [ 77.438435233212104, 23.239526751198273 ] ] ] } },
{ "type": "Feature", "properties": { }, "geometry": { "type": "Polygon", "coordinates": [ [ [ 77.433123133212121, 23.239523351199253 ], [ 77.433314833212108, 23.239481451211365 ], [ 77.433282933212112, 23.239358051247017 ], [ 77.433091133212116, 23.239399951234912 ], [ 77.433123133212121, 23.239523351199253 ] ] ] } },
{ "type": "Feature", "properties": { }, "geometry": { "type": "Polygon", "coordinates": [ [ [ 77.433441633212112, 23.23994355107785 ], [ 77.433610633212112, 23.239909051087817 ], [ 77.433592033212093, 23.239832151110036 ], [ 77.433423033212108, 23.239866651100066 ], [ 77.433441633212112, 23.23994355107785 ] ] ] } },
{ "type": "Feature", "properties": { }, "geometry": { "type": "Polygon", "coordinates": [ [ [ 77.438886833212109, 23.239316651258985 ], [ 77.439110133212111, 23.239380751240461 ], [ 77.439142933212111, 23.239284151268372 ], [ 77.438919633212123, 23.239220051286896 ], [ 77.438886833212109, 23.239316651258985 ] ] ] } },
{ "type": "Feature", "properties": { }, "geometry": { "type": "Polygon", "coordinates": [ [ [ 77.433406733212095, 23.239763651129834 ], [ 77.43357643321211, 23.239724251141212 ], [ 77.43352623321212, 23.239542151193824 ], [ 77.433356633212114, 23.239581551182443 ], [ 77.433406733212095, 23.239763651129834 ] ] ] } },
{ "type": "Feature", "properties": { }, "geometry": { "type": "Polygon", "coordinates": [ [ [ 77.438195833212134, 23.239484251210555 ], [ 77.438317133212109, 23.239516651201196 ], [ 77.438368133212109, 23.239355851247652 ], [ 77.438246833212119, 23.239323451257015 ], [ 77.438195833212134, 23.239484251210555 ] ] ] } },
{ "type": "Feature", "properties": { }, "geometry": { "type": "Polygon", "coordinates": [ [ [ 77.432651633212117, 23.238065151620564 ], [ 77.432877133212102, 23.238150451595917 ], [ 77.432942333212111, 23.238004751638012 ], [ 77.43271693321212, 23.237919551662628 ], [ 77.432651633212117, 23.238065151620564 ] ] ] } },
{ "type": "Feature", "properties": { }, "geometry": { "type": "Polygon", "coordinates": [ [ [ 77.433349733212097, 23.23799105164197 ], [ 77.43332413321211, 23.238088651613776 ], [ 77.43353533321212, 23.238135451600247 ], [ 77.433560933212135, 23.238037851628452 ], [ 77.433349733212097, 23.23799105164197 ] ] ] } },
{ "type": "Feature", "properties": { }, "geometry": { "type": "Polygon", "coordinates": [ [ [ 77.433378533212121, 23.238288151556134 ], [ 77.433560933212135, 23.238366251533574 ], [ 77.43362263321211, 23.238244651568699 ], [ 77.43344023321211, 23.238166651591243 ], [ 77.433378533212121, 23.238288151556134 ] ] ] } },
{ "type": "Feature", "properties": { }, "geometry": { "type": "Polygon", "coordinates": [ [ [ 77.434165133212119, 23.238973751358053 ], [ 77.434404533212131, 23.239031651341325 ], [ 77.434423433212118, 23.238965551360423 ], [ 77.434184033212119, 23.238907651377151 ], [ 77.434165133212119, 23.238973751358053 ] ] ] } },
{ "type": "Feature", "properties": { }, "geometry": { "type": "Polygon", "coordinates": [ [ [ 77.433607933212116, 23.238400751523606 ], [ 77.433720033212126, 23.23844875150974 ], [ 77.433786233212118, 23.238318151547467 ], [ 77.433674133212108, 23.238270151561341 ], [ 77.433607933212116, 23.238400751523606 ] ] ] } },
{ "type": "Feature", "properties": { }, "geometry": { "type": "Polygon", "coordinates": [ [ [ 77.433323633212112, 23.239455551218846 ], [ 77.433425533212116, 23.239432751225433 ], [ 77.433392533212114, 23.239308151261433 ], [ 77.43329053321213, 23.23933095125485 ], [ 77.433323633212112, 23.239455551218846 ] ] ] } },
{ "type": "Feature", "properties": { }, "geometry": { "type": "Polygon", "coordinates": [ [ [ 77.433081833212114, 23.240663050869951 ], [ 77.433457733212123, 23.240573350895875 ], [ 77.433338833212105, 23.240152651017429 ], [ 77.432962833212116, 23.240242350991512 ], [ 77.433081833212114, 23.240663050869951 ] ] ] } },
{ "type": "Feature", "properties": { }, "geometry": { "type": "Polygon", "coordinates": [ [ [ 77.437955533212133, 23.239407751232658 ], [ 77.438074533212117, 23.239438051223907 ], [ 77.438118633212113, 23.239291651266203 ], [ 77.437999633212115, 23.239261351274958 ], [ 77.437955533212133, 23.239407751232658 ] ] ] } },
{ "type": "Feature", "properties": { }, "geometry": { "type": "Polygon", "coordinates": [ [ [ 77.433471133212109, 23.237997751640037 ], [ 77.433601433212132, 23.238023351632638 ], [ 77.433652433212117, 23.237804051695996 ], [ 77.433522033212114, 23.237778451703395 ], [ 77.433471133212109, 23.237997751640037 ] ] ] } },
{ "type": "Feature", "properties": { }, "geometry": { "type": "Polygon", "coordinates": [ [ [ 77.437912133212109, 23.239598751177468 ], [ 77.43802923321212, 23.239623451170338 ], [ 77.438064433212119, 23.239482151211167 ], [ 77.437947333212094, 23.239457551218269 ], [ 77.437912133212109, 23.239598751177468 ] ] ] } },
{ "type": "Feature", "properties": { }, "geometry": { "type": "Polygon", "coordinates": [ [ [ 77.43390293321211, 23.237906551666391 ], [ 77.434080333212108, 23.237946851654748 ], [ 77.434134033212118, 23.23774725171241 ], [ 77.433956633212119, 23.237706951724054 ], [ 77.43390293321211, 23.237906551666391 ] ] ] } },
{ "type": "Feature", "properties": { }, "geometry": { "type": "Polygon", "coordinates": [ [ [ 77.438034533212104, 23.239624451170044 ], [ 77.438133733212112, 23.23965025116259 ], [ 77.438174033212121, 23.23951895120053 ], [ 77.438074833212113, 23.239493151207984 ], [ 77.438034533212104, 23.239624451170044 ] ] ] } },
{ "type": "Feature", "properties": { }, "geometry": { "type": "Polygon", "coordinates": [ [ [ 77.432819333212123, 23.239384751239303 ], [ 77.433070133212112, 23.239353951248198 ], [ 77.433040033212109, 23.239147251307926 ], [ 77.432789233212119, 23.239178051299021 ], [ 77.432819333212123, 23.239384751239303 ] ] ] } },
{ "type": "Feature", "properties": { }, "geometry": { "type": "Polygon", "coordinates": [ [ [ 77.43319823321211, 23.239777851125726 ], [ 77.433365133212121, 23.239741451136243 ], [ 77.433323433212124, 23.239579651182996 ], [ 77.433156433212105, 23.239616051172476 ], [ 77.43319823321211, 23.239777851125726 ] ] ] } },
{ "type": "Feature", "properties": { }, "geometry": { "type": "Polygon", "coordinates": [ [ [ 77.434364333212116, 23.237816651692356 ], [ 77.434296133212115, 23.238040751627612 ], [ 77.434536233212114, 23.238102451609791 ], [ 77.434604333212107, 23.237878251674559 ], [ 77.434364333212116, 23.237816651692356 ] ] ] } },
{ "type": "Feature", "properties": { }, "geometry": { "type": "Polygon", "coordinates": [ [ [ 77.438923733212121, 23.241102850742877 ], [ 77.439124833212119, 23.24112995073504 ], [ 77.43915313321213, 23.240952650786273 ], [ 77.438952033212118, 23.240925550794106 ], [ 77.438923733212121, 23.241102850742877 ] ] ] } },
{ "type": "Feature", "properties": { }, "geometry": { "type": "Polygon", "coordinates": [ [ [ 77.434638533212109, 23.238899851379404 ], [ 77.434794933212132, 23.238965451360446 ], [ 77.434851933212116, 23.238850851393561 ], [ 77.434695533212107, 23.238785251412516 ], [ 77.434638533212109, 23.238899851379404 ] ] ] } },
{ "type": "Feature", "properties": { }, "geometry": { "type": "Polygon", "coordinates": [ [ [ 77.433681433212115, 23.237870851676703 ], [ 77.433867633212117, 23.237917051663356 ], [ 77.433930233212109, 23.237703651725003 ], [ 77.433744033212108, 23.237657451738354 ], [ 77.433681433212115, 23.237870851676703 ] ] ] } },
{ "type": "Feature", "properties": { }, "geometry": { "type": "Polygon", "coordinates": [ [ [ 77.434769333212117, 23.23792755166032 ], [ 77.434886033212109, 23.237947651654515 ], [ 77.434927533212132, 23.237744351713246 ], [ 77.434810833212097, 23.237724251719051 ], [ 77.434769333212117, 23.23792755166032 ] ] ] } },
{ "type": "Feature", "properties": { }, "geometry": { "type": "Polygon", "coordinates": [ [ [ 77.434435333212107, 23.2390822513267 ], [ 77.434524733212115, 23.239102951320724 ], [ 77.43455433321212, 23.238995751351698 ], [ 77.434464833212118, 23.238975051357681 ], [ 77.434435333212107, 23.2390822513267 ] ] ] } },
{ "type": "Feature", "properties": { }, "geometry": { "type": "Polygon", "coordinates": [ [ [ 77.433287333212121, 23.239301551263349 ], [ 77.433389933212112, 23.239276951270451 ], [ 77.433346333212128, 23.239123651314742 ], [ 77.433243833212117, 23.239148351307609 ], [ 77.433287333212121, 23.239301551263349 ] ] ] } },
{ "type": "Feature", "properties": { }, "geometry": { "type": "Polygon", "coordinates": [ [ [ 77.43833203321212, 23.239511951202552 ], [ 77.438423133212112, 23.239538251194954 ], [ 77.43846673321211, 23.239410751231791 ], [ 77.43837553321211, 23.239384451239388 ], [ 77.43833203321212, 23.239511951202552 ] ] ] } },
{ "type": "Feature", "properties": { }, "geometry": { "type": "Polygon", "coordinates": [ [ [ 77.434877933212121, 23.238207251579507 ], [ 77.435127333212108, 23.238260251564199 ], [ 77.4351801332121, 23.238050451624808 ], [ 77.434930733212113, 23.237997451640123 ], [ 77.434877933212121, 23.238207251579507 ] ] ] } },
{ "type": "Feature", "properties": { }, "geometry": { "type": "Polygon", "coordinates": [ [ [ 77.433337333212108, 23.237954351652576 ], [ 77.43344963321212, 23.237974951646621 ], [ 77.433495333212107, 23.237765051707264 ], [ 77.433337633212091, 23.237736051715643 ], [ 77.433305533212121, 23.237883751672978 ], [ 77.433337333212108, 23.237954351652576 ] ] ] } },
{ "type": "Feature", "properties": { }, "geometry": { "type": "Polygon", "coordinates": [ [ [ 77.438146533212119, 23.239638951165862 ], [ 77.438264733212108, 23.2396692511571 ], [ 77.438287233212108, 23.23959505117854 ], [ 77.438271433212108, 23.239590951179721 ], [ 77.438283233212118, 23.239551951190993 ], [ 77.438180833212101, 23.23952575119856 ], [ 77.438146533212119, 23.239638951165862 ] ] ] } },
{ "type": "Feature", "properties": { }, "geometry": { "type": "Polygon", "coordinates": [ [ [ 77.433245833212126, 23.23765895173792 ], [ 77.43364273321211, 23.237732851716576 ], [ 77.433710833212118, 23.237424151805754 ], [ 77.433274233212117, 23.237342751829278 ], [ 77.433246433212119, 23.237468851792844 ], [ 77.433286133212121, 23.237476251790703 ], [ 77.433245833212126, 23.23765895173792 ] ] ] } },
{ "type": "Feature", "properties": { }, "geometry": { "type": "Polygon", "coordinates": [ [ [ 77.43427713321212, 23.238186351585547 ], [ 77.434216733212125, 23.23837505153103 ], [ 77.434470633212129, 23.238443651511215 ], [ 77.434430633212116, 23.238568851475033 ], [ 77.434674233212107, 23.238634651456024 ], [ 77.434774633212115, 23.238320651546747 ], [ 77.43427713321212, 23.238186351585547 ] ] ] } },
{ "type": "Feature", "properties": { }, "geometry": { "type": "Polygon", "coordinates": [ [ [ 77.432498133212121, 23.239504851204604 ], [ 77.432707333212122, 23.23946665121564 ], [ 77.432692333212117, 23.239397451235636 ], [ 77.432786633212118, 23.239380251240604 ], [ 77.43276833321211, 23.239295751265022 ], [ 77.432738633212125, 23.239301251263427 ], [ 77.432718233212114, 23.239207151290618 ], [ 77.43244453321212, 23.239257151276174 ], [ 77.432498133212121, 23.239504851204604 ] ] ] } },
{ "type": "Feature", "properties": { }, "geometry": { "type": "Polygon", "coordinates": [ [ [ 77.438283833212111, 23.23967125115653 ], [ 77.438365833212117, 23.239691151150769 ], [ 77.43839953321212, 23.239573751184697 ], [ 77.438290033212112, 23.239547251192352 ], [ 77.438278233212131, 23.239588651180387 ], [ 77.438294433212121, 23.239592551179264 ], [ 77.438283033212116, 23.239632551167709 ], [ 77.438294233212119, 23.239635251166931 ], [ 77.438283833212111, 23.23967125115653 ] ] ] } },
{ "type": "Feature", "properties": { }, "geometry": { "type": "Polygon", "coordinates": [ [ [ 77.44353613321212, 23.238389551526843 ], [ 77.443532833212117, 23.238505651493295 ], [ 77.443575233212115, 23.238506651493005 ], [ 77.443574033212116, 23.238546551481484 ], [ 77.443657233212093, 23.238548551480903 ], [ 77.443658333212113, 23.238510451491916 ], [ 77.443639333212118, 23.238510051492025 ], [ 77.44364273321213, 23.238392051526116 ], [ 77.44353613321212, 23.238389551526843 ] ] ] } },
{ "type": "Feature", "properties": { }, "geometry": { "type": "Polygon", "coordinates": [ [ [ 77.443718333212132, 23.239322051257417 ], [ 77.443818833212106, 23.239272151271834 ], [ 77.443774933212126, 23.239197351293448 ], [ 77.443674333212115, 23.239247251279028 ], [ 77.443718333212132, 23.239322051257417 ] ] ] } },
{ "type": "Feature", "properties": { }, "geometry": { "type": "Polygon", "coordinates": [ [ [ 77.441948033212128, 23.240331250965831 ], [ 77.441971533212097, 23.240362850956696 ], [ 77.442051933212113, 23.240312250971311 ], [ 77.442028533212095, 23.240280750980414 ], [ 77.441948033212128, 23.240331250965831 ] ] ] } },
{ "type": "Feature", "properties": { }, "geometry": { "type": "Polygon", "coordinates": [ [ [ 77.441707933212115, 23.239705251146706 ], [ 77.44177383321211, 23.239798351119799 ], [ 77.44185433321212, 23.239750251133707 ], [ 77.441788433212125, 23.239657251160573 ], [ 77.441707933212115, 23.239705251146706 ] ] ] } },
{ "type": "Feature", "properties": { }, "geometry": { "type": "Polygon", "coordinates": [ [ [ 77.443444733212104, 23.239256051276488 ], [ 77.443468833212094, 23.239290151266633 ], [ 77.443511033212104, 23.239264851273944 ], [ 77.4434869332121, 23.239230851283768 ], [ 77.443444733212104, 23.239256051276488 ] ] ] } },
{ "type": "Feature", "properties": { }, "geometry": { "type": "Polygon", "coordinates": [ [ [ 77.441990933212111, 23.240175951010695 ], [ 77.442103633212113, 23.240114351028499 ], [ 77.442047633212113, 23.240028051053432 ], [ 77.441935033212118, 23.240089651035635 ], [ 77.441990933212111, 23.240175951010695 ] ] ] } },
{ "type": "Feature", "properties": { }, "geometry": { "type": "Polygon", "coordinates": [ [ [ 77.44224043321212, 23.239260451275214 ], [ 77.442365133212121, 23.239198751293042 ], [ 77.442310133212118, 23.239104751320202 ], [ 77.442185433212103, 23.239166351302405 ], [ 77.44224043321212, 23.239260451275214 ] ] ] } },
{ "type": "Feature", "properties": { }, "geometry": { "type": "Polygon", "coordinates": [ [ [ 77.4417589332121, 23.239006551348581 ], [ 77.441911833212117, 23.239012751346788 ], [ 77.441916633212116, 23.238911051376171 ], [ 77.441763833212107, 23.23890485137796 ], [ 77.4417589332121, 23.239006551348581 ] ] ] } },
{ "type": "Feature", "properties": { }, "geometry": { "type": "Polygon", "coordinates": [ [ [ 77.442189433212121, 23.239871651098618 ], [ 77.442276633212117, 23.239823551112519 ], [ 77.442159233212109, 23.239643851164445 ], [ 77.442072033212114, 23.239691851150575 ], [ 77.442189433212121, 23.239871651098618 ] ] ] } },
{ "type": "Feature", "properties": { }, "geometry": { "type": "Polygon", "coordinates": [ [ [ 77.443063133212121, 23.238986251354444 ], [ 77.443112833212112, 23.238976051357387 ], [ 77.443096133212109, 23.238907051377321 ], [ 77.443046433212132, 23.238917251374374 ], [ 77.443063133212121, 23.238986251354444 ] ] ] } },
{ "type": "Feature", "properties": { }, "geometry": { "type": "Polygon", "coordinates": [ [ [ 77.443249533212111, 23.239367651244244 ], [ 77.44329023321211, 23.239420851228875 ], [ 77.443380033212094, 23.239362851245634 ], [ 77.443339433212103, 23.239309651260999 ], [ 77.443249533212111, 23.239367651244244 ] ] ] } },
{ "type": "Feature", "properties": { }, "geometry": { "type": "Polygon", "coordinates": [ [ [ 77.442445633212117, 23.24029925097507 ], [ 77.442554233212121, 23.240248750989664 ], [ 77.442479233212111, 23.240112551029021 ], [ 77.442370633212121, 23.240163051014427 ], [ 77.442445633212117, 23.24029925097507 ] ] ] } },
{ "type": "Feature", "properties": { }, "geometry": { "type": "Polygon", "coordinates": [ [ [ 77.44248443321213, 23.239657251160573 ], [ 77.442534833212108, 23.239732951138699 ], [ 77.442655533212118, 23.239665151158292 ], [ 77.442605133212126, 23.239589451180159 ], [ 77.44248443321213, 23.239657251160573 ] ] ] } },
{ "type": "Feature", "properties": { }, "geometry": { "type": "Polygon", "coordinates": [ [ [ 77.442075433212111, 23.239669551157018 ], [ 77.442174733212127, 23.239612851173401 ], [ 77.442042633212097, 23.239417651229804 ], [ 77.441943333212095, 23.239474251213448 ], [ 77.442075433212111, 23.239669551157018 ] ] ] } },
{ "type": "Feature", "properties": { }, "geometry": { "type": "Polygon", "coordinates": [ [ [ 77.441480033212102, 23.238893151381333 ], [ 77.441549733212113, 23.23889565138062 ], [ 77.44155553321211, 23.23875745142054 ], [ 77.441485733212119, 23.238754951421271 ], [ 77.441480033212102, 23.238893151381333 ] ] ] } },
{ "type": "Feature", "properties": { }, "geometry": { "type": "Polygon", "coordinates": [ [ [ 77.442155733212118, 23.239098851321906 ], [ 77.442288833212132, 23.23909395132333 ], [ 77.442283433212125, 23.238967151359958 ], [ 77.442150233212118, 23.238972051358544 ], [ 77.442155733212118, 23.239098851321906 ] ] ] } },
{ "type": "Feature", "properties": { }, "geometry": { "type": "Polygon", "coordinates": [ [ [ 77.441488033212096, 23.239599251177324 ], [ 77.441509833212109, 23.239629051168709 ], [ 77.441575533212131, 23.239588351180473 ], [ 77.441553733212132, 23.239558651189064 ], [ 77.441488033212096, 23.239599251177324 ] ] ] } },
{ "type": "Feature", "properties": { }, "geometry": { "type": "Polygon", "coordinates": [ [ [ 77.442580333212106, 23.239403351233932 ], [ 77.4425421332121, 23.239334351253866 ], [ 77.442491633212128, 23.239357951247051 ], [ 77.44252983321212, 23.239426951227106 ], [ 77.442580333212106, 23.239403351233932 ] ] ] } },
{ "type": "Feature", "properties": { }, "geometry": { "type": "Polygon", "coordinates": [ [ [ 77.443244233212113, 23.238951051364612 ], [ 77.443266633212119, 23.238993951352214 ], [ 77.443304233212118, 23.238977251357042 ], [ 77.443281733212118, 23.238934451369406 ], [ 77.443244233212113, 23.238951051364612 ] ] ] } },
{ "type": "Feature", "properties": { }, "geometry": { "type": "Polygon", "coordinates": [ [ [ 77.441526933212103, 23.239420651228933 ], [ 77.441603433212094, 23.239543251193513 ], [ 77.441694633212094, 23.239495151207404 ], [ 77.441618133212117, 23.239372551242827 ], [ 77.441526933212103, 23.239420651228933 ] ] ] } },
{ "type": "Feature", "properties": { }, "geometry": { "type": "Polygon", "coordinates": [ [ [ 77.443212033212106, 23.23981555111483 ], [ 77.44329383321211, 23.239769951128007 ], [ 77.443248333212111, 23.239700951147945 ], [ 77.443166533212121, 23.239746551134765 ], [ 77.443212033212106, 23.23981555111483 ] ] ] } },
{ "type": "Feature", "properties": { }, "geometry": { "type": "Polygon", "coordinates": [ [ [ 77.441783133212112, 23.239922151084027 ], [ 77.441901133212113, 23.240088551035956 ], [ 77.441966233212113, 23.240049451047252 ], [ 77.441848233212113, 23.239883151095299 ], [ 77.441783133212112, 23.239922151084027 ] ] ] } },
{ "type": "Feature", "properties": { }, "geometry": { "type": "Polygon", "coordinates": [ [ [ 77.442093533212116, 23.239213851288682 ], [ 77.442015733212102, 23.239070151330203 ], [ 77.441897233212117, 23.239124251314568 ], [ 77.441975033212131, 23.239267951273053 ], [ 77.442093533212116, 23.239213851288682 ] ] ] } },
{ "type": "Feature", "properties": { }, "geometry": { "type": "Polygon", "coordinates": [ [ [ 77.443033033212131, 23.239635651166815 ], [ 77.443081733212111, 23.239627351169204 ], [ 77.44306363321212, 23.239537951195036 ], [ 77.443014933212112, 23.239546251192639 ], [ 77.443033033212131, 23.239635651166815 ] ] ] } },
{ "type": "Feature", "properties": { }, "geometry": { "type": "Polygon", "coordinates": [ [ [ 77.443402633212131, 23.238733451427482 ], [ 77.44353973321212, 23.238734851427072 ], [ 77.443541533212098, 23.238586551469922 ], [ 77.443404433212109, 23.238585051470356 ], [ 77.443402633212131, 23.238733451427482 ] ] ] } },
{ "type": "Feature", "properties": { }, "geometry": { "type": "Polygon", "coordinates": [ [ [ 77.442626933212097, 23.238487151498646 ], [ 77.442769933212119, 23.238495351496272 ], [ 77.442776433212117, 23.238399051524095 ], [ 77.442633433212109, 23.238390851526464 ], [ 77.442626933212097, 23.238487151498646 ] ] ] } },
{ "type": "Feature", "properties": { }, "geometry": { "type": "Polygon", "coordinates": [ [ [ 77.441742833212103, 23.240431050936987 ], [ 77.441811233212107, 23.240396550946958 ], [ 77.441728433212106, 23.240257950987008 ], [ 77.44166013321211, 23.240292450977041 ], [ 77.441742833212103, 23.240431050936987 ] ] ] } },
{ "type": "Feature", "properties": { }, "geometry": { "type": "Polygon", "coordinates": [ [ [ 77.442589133212095, 23.238876551386134 ], [ 77.442625333212106, 23.238876251386227 ], [ 77.442624733212114, 23.238807251406161 ], [ 77.442588433212109, 23.238807551406076 ], [ 77.442589133212095, 23.238876551386134 ] ] ] } },
{ "type": "Feature", "properties": { }, "geometry": { "type": "Polygon", "coordinates": [ [ [ 77.441753233212125, 23.238560451477461 ], [ 77.441829833212125, 23.23855975147767 ], [ 77.441828533212117, 23.238430351515053 ], [ 77.441751933212117, 23.238431051514848 ], [ 77.441753233212125, 23.238560451477461 ] ] ] } },
{ "type": "Feature", "properties": { }, "geometry": { "type": "Polygon", "coordinates": [ [ [ 77.443269133212098, 23.238725251429848 ], [ 77.443388533212115, 23.23872655142948 ], [ 77.44339013321212, 23.238597651466716 ], [ 77.443270733212103, 23.238596351467098 ], [ 77.443269133212098, 23.238725251429848 ] ] ] } },
{ "type": "Feature", "properties": { }, "geometry": { "type": "Polygon", "coordinates": [ [ [ 77.44375653321211, 23.239410751231791 ], [ 77.443728333212121, 23.239368851243896 ], [ 77.443698633212094, 23.239385651239047 ], [ 77.443726833212096, 23.239427551226935 ], [ 77.44375653321211, 23.239410751231791 ] ] ] } },
{ "type": "Feature", "properties": { }, "geometry": { "type": "Polygon", "coordinates": [ [ [ 77.442100933212103, 23.240546950903507 ], [ 77.442137133212114, 23.240525950909571 ], [ 77.442114233212109, 23.240492450919252 ], [ 77.442078033212098, 23.240513450913184 ], [ 77.442100933212103, 23.240546950903507 ] ] ] } },
{ "type": "Feature", "properties": { }, "geometry": { "type": "Polygon", "coordinates": [ [ [ 77.441801833212125, 23.239837151108588 ], [ 77.441874233212104, 23.239796451120348 ], [ 77.44185283321211, 23.239764251129657 ], [ 77.441780433212131, 23.23980485111792 ], [ 77.441801833212125, 23.239837151108588 ] ] ] } },
{ "type": "Feature", "properties": { }, "geometry": { "type": "Polygon", "coordinates": [ [ [ 77.443497033212111, 23.239223451285916 ], [ 77.44351883321211, 23.239253451277239 ], [ 77.443577933212111, 23.23921705128776 ], [ 77.443556033212118, 23.239187051296422 ], [ 77.443497033212111, 23.239223451285916 ] ] ] } },
{ "type": "Feature", "properties": { }, "geometry": { "type": "Polygon", "coordinates": [ [ [ 77.441875633212121, 23.240226550996081 ], [ 77.441911133212116, 23.240274350982268 ], [ 77.441995633212102, 23.240221350997583 ], [ 77.44196013321212, 23.240173551011395 ], [ 77.441875633212121, 23.240226550996081 ] ] ] } },
{ "type": "Feature", "properties": { }, "geometry": { "type": "Polygon", "coordinates": [ [ [ 77.441606033212111, 23.239227151284837 ], [ 77.441702233212098, 23.239433251225286 ], [ 77.44177733321213, 23.239403651233843 ], [ 77.441681133212114, 23.23919755129339 ], [ 77.441606033212111, 23.239227151284837 ] ] ] } },
{ "type": "Feature", "properties": { }, "geometry": { "type": "Polygon", "coordinates": [ [ [ 77.44193763321212, 23.239045151337422 ], [ 77.442047233212108, 23.239044851337507 ], [ 77.442046833212117, 23.238905151377875 ], [ 77.441937233212116, 23.238905451377789 ], [ 77.44193763321212, 23.239045151337422 ] ] ] } },
{ "type": "Feature", "properties": { }, "geometry": { "type": "Polygon", "coordinates": [ [ [ 77.443123533212116, 23.238808151405898 ], [ 77.443140333212114, 23.238862951390061 ], [ 77.443235533212118, 23.238838251397201 ], [ 77.44321873321212, 23.238783551413007 ], [ 77.443123533212116, 23.238808151405898 ] ] ] } },
{ "type": "Feature", "properties": { }, "geometry": { "type": "Polygon", "coordinates": [ [ [ 77.44346353321211, 23.239196951293561 ], [ 77.443479933212117, 23.239219351287087 ], [ 77.443557733212117, 23.239171351300964 ], [ 77.443541233212116, 23.239148851307458 ], [ 77.44346353321211, 23.239196951293561 ] ] ] } },
{ "type": "Feature", "properties": { }, "geometry": { "type": "Polygon", "coordinates": [ [ [ 77.442045933212114, 23.240174751011043 ], [ 77.442086733212108, 23.240218350998447 ], [ 77.442172533212116, 23.240150551018036 ], [ 77.442131733212108, 23.240106951030636 ], [ 77.442045933212114, 23.240174751011043 ] ] ] } },
{ "type": "Feature", "properties": { }, "geometry": { "type": "Polygon", "coordinates": [ [ [ 77.442366433212115, 23.239467451215408 ], [ 77.442492533212118, 23.23940705123286 ], [ 77.442380333212114, 23.23920925129001 ], [ 77.442254233212125, 23.239269651272561 ], [ 77.442366433212115, 23.239467451215408 ] ] ] } },
{ "type": "Feature", "properties": { }, "geometry": { "type": "Polygon", "coordinates": [ [ [ 77.441750933212106, 23.238768751417279 ], [ 77.441750933212106, 23.238894451380965 ], [ 77.441890333212115, 23.238894451380965 ], [ 77.441890333212115, 23.238768751417279 ], [ 77.441750933212106, 23.238768751417279 ] ] ] } },
{ "type": "Feature", "properties": { }, "geometry": { "type": "Polygon", "coordinates": [ [ [ 77.442174733212127, 23.239612851173401 ], [ 77.442287333212121, 23.239556151189785 ], [ 77.442170533212121, 23.239360151246416 ], [ 77.442057833212132, 23.239416851230029 ], [ 77.442174733212127, 23.239612851173401 ] ] ] } },
{ "type": "Feature", "properties": { }, "geometry": { "type": "Polygon", "coordinates": [ [ [ 77.442674233212117, 23.239262251274692 ], [ 77.442870033212102, 23.239151351306734 ], [ 77.442831733212117, 23.239094151323265 ], [ 77.442635933212117, 23.239205151291195 ], [ 77.442674233212117, 23.239262251274692 ] ] ] } },
{ "type": "Feature", "properties": { }, "geometry": { "type": "Polygon", "coordinates": [ [ [ 77.443001433212103, 23.239196351293735 ], [ 77.44304033321211, 23.23924995127825 ], [ 77.443098733212096, 23.2392141512886 ], [ 77.443059833212118, 23.239160551304078 ], [ 77.443001433212103, 23.239196351293735 ] ] ] } },
{ "type": "Feature", "properties": { }, "geometry": { "type": "Polygon", "coordinates": [ [ [ 77.442487133212111, 23.240057651044882 ], [ 77.442599833212114, 23.23999975106161 ], [ 77.442523633212105, 23.239874751097727 ], [ 77.44241103321211, 23.239932651080995 ], [ 77.442487133212111, 23.240057651044882 ] ] ] } },
{ "type": "Feature", "properties": { }, "geometry": { "type": "Polygon", "coordinates": [ [ [ 77.442453633212111, 23.239665851158083 ], [ 77.442532733212119, 23.239621451170912 ], [ 77.442474333212104, 23.239533451196341 ], [ 77.44239523321211, 23.239577851183508 ], [ 77.442453633212111, 23.239665851158083 ] ] ] } },
{ "type": "Feature", "properties": { }, "geometry": { "type": "Polygon", "coordinates": [ [ [ 77.441935133212112, 23.239460751217347 ], [ 77.442038633212121, 23.239407451232747 ], [ 77.441957733212135, 23.239274751271086 ], [ 77.441854233212112, 23.239328051255686 ], [ 77.441935133212112, 23.239460751217347 ] ] ] } },
{ "type": "Feature", "properties": { }, "geometry": { "type": "Polygon", "coordinates": [ [ [ 77.442139833212096, 23.238957451362761 ], [ 77.44226813321211, 23.238950951364636 ], [ 77.44225863321212, 23.238792151410522 ], [ 77.44213033321212, 23.238798651408644 ], [ 77.442139833212096, 23.238957451362761 ] ] ] } },
{ "type": "Feature", "properties": { }, "geometry": { "type": "Polygon", "coordinates": [ [ [ 77.441694533212114, 23.23969045115097 ], [ 77.441767033212116, 23.239653551161638 ], [ 77.441721433212109, 23.239578151183427 ], [ 77.44164903321213, 23.239615151172735 ], [ 77.441694533212114, 23.23969045115097 ] ] ] } },
{ "type": "Feature", "properties": { }, "geometry": { "type": "Polygon", "coordinates": [ [ [ 77.442380933212135, 23.238338751541516 ], [ 77.442496233212111, 23.238344051539986 ], [ 77.442500133212135, 23.238271151561047 ], [ 77.442384833212117, 23.238265851562574 ], [ 77.442380933212135, 23.238338751541516 ] ] ] } },
{ "type": "Feature", "properties": { }, "geometry": { "type": "Polygon", "coordinates": [ [ [ 77.442043233212118, 23.239387351238548 ], [ 77.442157233212114, 23.23932945125528 ], [ 77.442097733212108, 23.239230451283884 ], [ 77.441983733212112, 23.23928835126716 ], [ 77.442043233212118, 23.239387351238548 ] ] ] } },
{ "type": "Feature", "properties": { }, "geometry": { "type": "Polygon", "coordinates": [ [ [ 77.442534133212106, 23.239437851223961 ], [ 77.442621933212109, 23.239567851186404 ], [ 77.442660433212112, 23.239545851192752 ], [ 77.442572633212095, 23.239415851230316 ], [ 77.442534133212106, 23.239437851223961 ] ] ] } },
{ "type": "Feature", "properties": { }, "geometry": { "type": "Polygon", "coordinates": [ [ [ 77.44357953321213, 23.238978251356745 ], [ 77.443568133212111, 23.238832751398792 ], [ 77.44350693321212, 23.238836851397604 ], [ 77.443518333212126, 23.238982251355594 ], [ 77.44357953321213, 23.238978251356745 ] ] ] } },
{ "type": "Feature", "properties": { }, "geometry": { "type": "Polygon", "coordinates": [ [ [ 77.441587233212118, 23.240241350991806 ], [ 77.441691933212113, 23.240182151008913 ], [ 77.441620233212134, 23.240075151039825 ], [ 77.441515633212134, 23.240134251022752 ], [ 77.441587233212118, 23.240241350991806 ] ] ] } },
{ "type": "Feature", "properties": { }, "geometry": { "type": "Polygon", "coordinates": [ [ [ 77.443377633212108, 23.239668251157386 ], [ 77.443402533212094, 23.239709051145603 ], [ 77.443440833212108, 23.239689351151295 ], [ 77.443415833212114, 23.239648551163082 ], [ 77.443377633212108, 23.239668251157386 ] ] ] } },
{ "type": "Feature", "properties": { }, "geometry": { "type": "Polygon", "coordinates": [ [ [ 77.441732133212113, 23.240152551017456 ], [ 77.441858233212116, 23.240077451039156 ], [ 77.441755633212111, 23.239932251081107 ], [ 77.441629633212116, 23.240007451059387 ], [ 77.441732133212113, 23.240152551017456 ] ] ] } },
{ "type": "Feature", "properties": { }, "geometry": { "type": "Polygon", "coordinates": [ [ [ 77.442930433212126, 23.239503751204929 ], [ 77.442896333212119, 23.239530251197262 ], [ 77.44294793321211, 23.239586351181053 ], [ 77.442982033212118, 23.239559851188712 ], [ 77.442930433212126, 23.239503751204929 ] ] ] } },
{ "type": "Feature", "properties": { }, "geometry": { "type": "Polygon", "coordinates": [ [ [ 77.44183063321212, 23.238705651435513 ], [ 77.441991233212107, 23.23871095143398 ], [ 77.441997133212112, 23.238559151477837 ], [ 77.441836533212111, 23.238553851479374 ], [ 77.44183063321212, 23.238705651435513 ] ] ] } },
{ "type": "Feature", "properties": { }, "geometry": { "type": "Polygon", "coordinates": [ [ [ 77.443545633212111, 23.238722251430715 ], [ 77.4436633332121, 23.23872355143034 ], [ 77.443665033212113, 23.238589851468966 ], [ 77.443547333212095, 23.238588651469318 ], [ 77.443545633212111, 23.238722251430715 ] ] ] } },
{ "type": "Feature", "properties": { }, "geometry": { "type": "Polygon", "coordinates": [ [ [ 77.442633433212109, 23.23835555153666 ], [ 77.442775533212114, 23.238363651534325 ], [ 77.44278093321212, 23.238284651557148 ], [ 77.442638833212115, 23.238276451559521 ], [ 77.442633433212109, 23.23835555153666 ] ] ] } },
{ "type": "Feature", "properties": { }, "geometry": { "type": "Polygon", "coordinates": [ [ [ 77.441724733212098, 23.240244350990935 ], [ 77.441755533212131, 23.240285650979008 ], [ 77.441802433212132, 23.240256050987554 ], [ 77.441771633212113, 23.240214750999488 ], [ 77.441724733212098, 23.240244350990935 ] ] ] } },
{ "type": "Feature", "properties": { }, "geometry": { "type": "Polygon", "coordinates": [ [ [ 77.44186623321211, 23.240459450928782 ], [ 77.441892433212118, 23.24049555091835 ], [ 77.44196883321213, 23.240448750931872 ], [ 77.441942633212108, 23.240412550942327 ], [ 77.44186623321211, 23.240459450928782 ] ] ] } },
{ "type": "Feature", "properties": { }, "geometry": { "type": "Polygon", "coordinates": [ [ [ 77.44264473321212, 23.23880935140555 ], [ 77.442642533212108, 23.238871651387559 ], [ 77.442722933212096, 23.238874051386855 ], [ 77.442725233212116, 23.238811851404829 ], [ 77.44264473321212, 23.23880935140555 ] ] ] } },
{ "type": "Feature", "properties": { }, "geometry": { "type": "Polygon", "coordinates": [ [ [ 77.441727733212133, 23.238676251444009 ], [ 77.441812433212107, 23.238678851443254 ], [ 77.441816533212119, 23.238567951475297 ], [ 77.441731833212131, 23.238565351476044 ], [ 77.441727733212133, 23.238676251444009 ] ] ] } },
{ "type": "Feature", "properties": { }, "geometry": { "type": "Polygon", "coordinates": [ [ [ 77.443299233212116, 23.238414051519758 ], [ 77.443295933212113, 23.238531651485783 ], [ 77.443409833212115, 23.238534351485004 ], [ 77.443413133212132, 23.238416751518983 ], [ 77.443299233212116, 23.238414051519758 ] ] ] } },
{ "type": "Feature", "properties": { }, "geometry": { "type": "Polygon", "coordinates": [ [ [ 77.443741733212107, 23.239358951246761 ], [ 77.443806133212121, 23.239325751256342 ], [ 77.443789133212121, 23.23929795126438 ], [ 77.443724833212102, 23.239331251254757 ], [ 77.443741733212107, 23.239358951246761 ] ] ] } },
{ "type": "Feature", "properties": { }, "geometry": { "type": "Polygon", "coordinates": [ [ [ 77.44186623321211, 23.24043845093485 ], [ 77.441925233212118, 23.240401550945517 ], [ 77.441875733212115, 23.240334850964789 ], [ 77.441816733212093, 23.240371750954125 ], [ 77.44186623321211, 23.24043845093485 ] ] ] } },
{ "type": "Feature", "properties": { }, "geometry": { "type": "Polygon", "coordinates": [ [ [ 77.44185953321211, 23.239747151134598 ], [ 77.441895233212108, 23.239796351120383 ], [ 77.441951533212134, 23.239761851130346 ], [ 77.441915833212121, 23.239712651144561 ], [ 77.44185953321211, 23.239747151134598 ] ] ] } },
{ "type": "Feature", "properties": { }, "geometry": { "type": "Polygon", "coordinates": [ [ [ 77.443542633212118, 23.239330051255106 ], [ 77.443621733212126, 23.239280751269348 ], [ 77.443584333212115, 23.239230051284007 ], [ 77.443505233212107, 23.239279351269754 ], [ 77.443542633212118, 23.239330051255106 ] ] ] } },
{ "type": "Feature", "properties": { }, "geometry": { "type": "Polygon", "coordinates": [ [ [ 77.441834033212118, 23.240167351013181 ], [ 77.441872233212109, 23.240214650999519 ], [ 77.441944633212103, 23.240165451013738 ], [ 77.441906433212097, 23.24011805102743 ], [ 77.441834033212118, 23.240167351013181 ] ] ] } },
{ "type": "Feature", "properties": { }, "geometry": { "type": "Polygon", "coordinates": [ [ [ 77.441435733212131, 23.239209851289836 ], [ 77.441472833212103, 23.239283651268511 ], [ 77.441559933212133, 23.23924665127921 ], [ 77.441522933212113, 23.2391729513005 ], [ 77.441435733212131, 23.239209851289836 ] ] ] } },
{ "type": "Feature", "properties": { }, "geometry": { "type": "Polygon", "coordinates": [ [ [ 77.441918533212117, 23.238858651391311 ], [ 77.442023133212118, 23.238858651391311 ], [ 77.442023133212118, 23.238749051422978 ], [ 77.441918533212117, 23.238749051422978 ], [ 77.441918533212117, 23.238858651391311 ] ] ] } },
{ "type": "Feature", "properties": { }, "geometry": { "type": "Polygon", "coordinates": [ [ [ 77.442286033212113, 23.239791551121765 ], [ 77.442397333212128, 23.239734851138149 ], [ 77.442298833212121, 23.239571551185332 ], [ 77.442187533212135, 23.239628251168948 ], [ 77.442286033212113, 23.239791551121765 ] ] ] } },
{ "type": "Feature", "properties": { }, "geometry": { "type": "Polygon", "coordinates": [ [ [ 77.44298743321211, 23.238846351394862 ], [ 77.443018133212121, 23.238903451378363 ], [ 77.443075133212119, 23.238877651385817 ], [ 77.443044433212094, 23.238820451402347 ], [ 77.44298743321211, 23.238846351394862 ] ] ] } },
{ "type": "Feature", "properties": { }, "geometry": { "type": "Polygon", "coordinates": [ [ [ 77.443442733212109, 23.239241951280562 ], [ 77.443472233212134, 23.239223451285916 ], [ 77.443455533212116, 23.239200951292407 ], [ 77.44342603321212, 23.23921945128706 ], [ 77.443442733212109, 23.239241951280562 ] ] ] } },
{ "type": "Feature", "properties": { }, "geometry": { "type": "Polygon", "coordinates": [ [ [ 77.442268533212115, 23.240178451009974 ], [ 77.44237113321212, 23.240131751023469 ], [ 77.442300033212121, 23.239999951061545 ], [ 77.442197533212109, 23.240046651048061 ], [ 77.442268533212115, 23.240178451009974 ] ] ] } },
{ "type": "Feature", "properties": { }, "geometry": { "type": "Polygon", "coordinates": [ [ [ 77.441372733212106, 23.238889451382406 ], [ 77.44146393321212, 23.23889075138203 ], [ 77.441466033212109, 23.238756551420806 ], [ 77.441374833212109, 23.238755351421155 ], [ 77.441372733212106, 23.238889451382406 ] ] ] } },
{ "type": "Feature", "properties": { }, "geometry": { "type": "Polygon", "coordinates": [ [ [ 77.442879433212113, 23.239158751304601 ], [ 77.442906933212114, 23.239194851294169 ], [ 77.442953833212115, 23.239164651302893 ], [ 77.442926333212114, 23.239128551313325 ], [ 77.442879433212113, 23.239158751304601 ] ] ] } },
{ "type": "Feature", "properties": { }, "geometry": { "type": "Polygon", "coordinates": [ [ [ 77.443061133212112, 23.239256051276488 ], [ 77.443100433212109, 23.239312651260132 ], [ 77.44315403321211, 23.239281251269205 ], [ 77.443114833212107, 23.239224651285561 ], [ 77.443061133212112, 23.239256051276488 ] ] ] } },
{ "type": "Feature", "properties": { }, "geometry": { "type": "Polygon", "coordinates": [ [ [ 77.44147063321212, 23.23950195120544 ], [ 77.441537633212121, 23.239467451215408 ], [ 77.441461633212114, 23.239342651251462 ], [ 77.441394633212113, 23.239377251241475 ], [ 77.44147063321212, 23.23950195120544 ] ] ] } },
{ "type": "Feature", "properties": { }, "geometry": { "type": "Polygon", "coordinates": [ [ [ 77.442211433212094, 23.238318551547355 ], [ 77.442340033212105, 23.238324151545736 ], [ 77.442343833212135, 23.238250251567084 ], [ 77.44221523321211, 23.238244651568699 ], [ 77.442211433212094, 23.238318551547355 ] ] ] } },
{ "type": "Feature", "properties": { }, "geometry": { "type": "Polygon", "coordinates": [ [ [ 77.44274933321212, 23.239937551079585 ], [ 77.442786733212131, 23.239998751061897 ], [ 77.442847733212119, 23.239967351070973 ], [ 77.442810333212108, 23.239906151088654 ], [ 77.44274933321212, 23.239937551079585 ] ] ] } },
{ "type": "Feature", "properties": { }, "geometry": { "type": "Polygon", "coordinates": [ [ [ 77.441859633212118, 23.239880751095992 ], [ 77.441973733212095, 23.240038551050393 ], [ 77.442038533212113, 23.239998951061835 ], [ 77.441924433212094, 23.239841251107411 ], [ 77.441859633212118, 23.239880751095992 ] ] ] } },
{ "type": "Feature", "properties": { }, "geometry": { "type": "Polygon", "coordinates": [ [ [ 77.441844733212108, 23.23928625126776 ], [ 77.441953033212101, 23.239237551281835 ], [ 77.441891333212112, 23.239121751315285 ], [ 77.441783133212112, 23.239170451301224 ], [ 77.441844733212108, 23.23928625126776 ] ] ] } },
{ "type": "Feature", "properties": { }, "geometry": { "type": "Polygon", "coordinates": [ [ [ 77.442861333212107, 23.239625751169676 ], [ 77.442879133212116, 23.23964835116314 ], [ 77.44292543321211, 23.239617551172039 ], [ 77.442907633212116, 23.239594951178574 ], [ 77.442861333212107, 23.239625751169676 ] ] ] } },
{ "type": "Feature", "properties": { }, "geometry": { "type": "Polygon", "coordinates": [ [ [ 77.443611633212129, 23.238976951357124 ], [ 77.443732233212117, 23.238971751358633 ], [ 77.443724233212123, 23.238815851403672 ], [ 77.443603633212135, 23.238821051402169 ], [ 77.443611633212129, 23.238976951357124 ] ] ] } },
{ "type": "Feature", "properties": { }, "geometry": { "type": "Polygon", "coordinates": [ [ [ 77.442804133212121, 23.2383803515295 ], [ 77.442943433212122, 23.238390351526608 ], [ 77.442953833212115, 23.238266651562352 ], [ 77.442814533212129, 23.238256751565206 ], [ 77.442804133212121, 23.2383803515295 ] ] ] } },
{ "type": "Feature", "properties": { }, "geometry": { "type": "Polygon", "coordinates": [ [ [ 77.44159933321211, 23.240482750922059 ], [ 77.441718733212099, 23.240421150939856 ], [ 77.44164793321211, 23.240305350973316 ], [ 77.441528533212107, 23.240366950955508 ], [ 77.44159933321211, 23.240482750922059 ] ] ] } },
{ "type": "Feature", "properties": { }, "geometry": { "type": "Polygon", "coordinates": [ [ [ 77.441466533212107, 23.240073651040259 ], [ 77.441508033212116, 23.240134851022578 ], [ 77.441611433212103, 23.24007585103962 ], [ 77.441569933212108, 23.240014551057328 ], [ 77.441466533212107, 23.240073651040259 ] ] ] } },
{ "type": "Feature", "properties": { }, "geometry": { "type": "Polygon", "coordinates": [ [ [ 77.441596633212114, 23.238674951444381 ], [ 77.441692833212116, 23.238678151443452 ], [ 77.441697133212116, 23.238564751476222 ], [ 77.441600933212115, 23.238561651477116 ], [ 77.441596633212114, 23.238674951444381 ] ] ] } },
{ "type": "Feature", "properties": { }, "geometry": { "type": "Polygon", "coordinates": [ [ [ 77.442868033212108, 23.239519851200267 ], [ 77.442913733212109, 23.239503351205034 ], [ 77.442873433212128, 23.239409051232283 ], [ 77.442827833212121, 23.239425551227516 ], [ 77.442868033212108, 23.239519851200267 ] ] ] } },
{ "type": "Feature", "properties": { }, "geometry": { "type": "Polygon", "coordinates": [ [ [ 77.442647033212097, 23.238246851568064 ], [ 77.442795333212104, 23.238255351565616 ], [ 77.442802333212114, 23.238151951595487 ], [ 77.44265413321213, 23.238143451597939 ], [ 77.442647033212097, 23.238246851568064 ] ] ] } },
{ "type": "Feature", "properties": { }, "geometry": { "type": "Polygon", "coordinates": [ [ [ 77.443647233212118, 23.23959125117964 ], [ 77.443780633212086, 23.239509151203364 ], [ 77.443727733212128, 23.239436451224361 ], [ 77.44359423321211, 23.23951855120065 ], [ 77.443647233212118, 23.23959125117964 ] ] ] } },
{ "type": "Feature", "properties": { }, "geometry": { "type": "Polygon", "coordinates": [ [ [ 77.442005733212113, 23.240410150943024 ], [ 77.442056633212118, 23.240482850922024 ], [ 77.442153033212108, 23.24042585093849 ], [ 77.442102033212123, 23.2403531509595 ], [ 77.442005733212113, 23.240410150943024 ] ] ] } },
{ "type": "Feature", "properties": { }, "geometry": { "type": "Polygon", "coordinates": [ [ [ 77.441965433212118, 23.240465550927023 ], [ 77.441894533212135, 23.240506950915066 ], [ 77.441964233212119, 23.240607950885874 ], [ 77.44203523321211, 23.240566650897815 ], [ 77.441965433212118, 23.240465550927023 ] ] ] } },
{ "type": "Feature", "properties": { }, "geometry": { "type": "Polygon", "coordinates": [ [ [ 77.442483133212107, 23.239532751196538 ], [ 77.442554233212121, 23.239494551207578 ], [ 77.442508933212125, 23.239423351228147 ], [ 77.442437833212111, 23.239461551217119 ], [ 77.442460333212125, 23.239495751207237 ], [ 77.442483133212107, 23.239532751196538 ] ] ] } },
{ "type": "Feature", "properties": { }, "geometry": { "type": "Polygon", "coordinates": [ [ [ 77.442308133212109, 23.239051551335571 ], [ 77.44237113321212, 23.23904935133621 ], [ 77.442369733212118, 23.239014451346293 ], [ 77.442465733212131, 23.239011151347245 ], [ 77.442455033212113, 23.23875395142155 ], [ 77.442296033212131, 23.238759451419966 ], [ 77.442308133212109, 23.239051551335571 ] ] ] } },
{ "type": "Feature", "properties": { }, "geometry": { "type": "Polygon", "coordinates": [ [ [ 77.441935933212108, 23.239827251111446 ], [ 77.442044633212106, 23.239984951065889 ], [ 77.442108233212124, 23.239948051076549 ], [ 77.442080733212109, 23.23990815108807 ], [ 77.442108733212109, 23.239891851092786 ], [ 77.442076733212119, 23.239845451106195 ], [ 77.442053433212109, 23.239858951102295 ], [ 77.442004233212103, 23.239787551122919 ], [ 77.441935933212108, 23.239827251111446 ] ] ] } },
{ "type": "Feature", "properties": { }, "geometry": { "type": "Polygon", "coordinates": [ [ [ 77.441495733212093, 23.238672551445074 ], [ 77.441582233212117, 23.238675151444319 ], [ 77.441586233212121, 23.23855925147781 ], [ 77.441499733212112, 23.238556751478534 ], [ 77.441498833212108, 23.238582651471049 ], [ 77.441522833212133, 23.238583351470851 ], [ 77.441521833212107, 23.238610651462956 ], [ 77.441497933212133, 23.238609951463157 ], [ 77.441495733212093, 23.238672551445074 ] ] ] } },
{ "type": "Feature", "properties": { }, "geometry": { "type": "Polygon", "coordinates": [ [ [ 77.43410663321211, 23.241711250567075 ], [ 77.43419073321212, 23.241692750572422 ], [ 77.434162933212107, 23.241586850603024 ], [ 77.434190233212121, 23.241580850604755 ], [ 77.434156133212113, 23.24144985064261 ], [ 77.433866833212107, 23.241513350624263 ], [ 77.43387123321213, 23.24153035061935 ], [ 77.433604233212108, 23.241591450601693 ], [ 77.433697833212108, 23.241937150501805 ], [ 77.43397003321212, 23.241874950519772 ], [ 77.433968333212121, 23.241868650521599 ], [ 77.434137333212107, 23.241832450532051 ], [ 77.43410663321211, 23.241711250567075 ] ] ] } },
{ "type": "Feature", "properties": { }, "geometry": { "type": "Polygon", "coordinates": [ [ [ 77.434236033212116, 23.239248151278769 ], [ 77.434236433212121, 23.23924605127938 ], [ 77.434157833212097, 23.239232651283249 ], [ 77.434128633212111, 23.239376751241615 ], [ 77.434085633212121, 23.239369951243578 ], [ 77.434171133212104, 23.239594051178834 ], [ 77.434197033212115, 23.239591751179496 ], [ 77.43420693321211, 23.239562051188077 ], [ 77.434336933212109, 23.239585151181405 ], [ 77.434369933212125, 23.239428551226652 ], [ 77.434384933212115, 23.239431551225781 ], [ 77.434400133212108, 23.239366851244473 ], [ 77.43442203321213, 23.23936965124367 ], [ 77.434428233212131, 23.239328751255481 ], [ 77.434405133212124, 23.239325751256342 ], [ 77.434414333212118, 23.239274451271175 ], [ 77.43429933321211, 23.239257151276174 ], [ 77.434299133212107, 23.239257851275966 ], [ 77.434236033212116, 23.239248151278769 ] ] ] } },
{ "type": "Feature", "properties": { }, "geometry": { "type": "Polygon", "coordinates": [ [ [ 77.433277033212107, 23.241856050525232 ], [ 77.433307733212118, 23.241847450527718 ], [ 77.43335413321212, 23.241998350484117 ], [ 77.433420533212114, 23.241981150489089 ], [ 77.433425833212112, 23.241998350484117 ], [ 77.433533733212101, 23.241970050492295 ], [ 77.433419733212119, 23.241604050598049 ], [ 77.433312333212115, 23.241632250589909 ], [ 77.433305733212123, 23.24161265059557 ], [ 77.433205233212121, 23.241641050587361 ], [ 77.433277033212107, 23.241856050525232 ] ] ] } },
{ "type": "Feature", "properties": { }, "geometry": { "type": "Polygon", "coordinates": [ [ [ 77.434741333212102, 23.239538351194923 ], [ 77.434756133212119, 23.239468851215008 ], [ 77.434745933212128, 23.239467051215527 ], [ 77.434760633212093, 23.239393351236817 ], [ 77.434631833212123, 23.239371751243059 ], [ 77.434599133212117, 23.239514751201739 ], [ 77.43454923321211, 23.239506451204139 ], [ 77.434531933212114, 23.239594751178625 ], [ 77.434725033212118, 23.239626851169355 ], [ 77.434742433212122, 23.239538551194865 ], [ 77.434741333212102, 23.239538351194923 ] ] ] } },
{ "type": "Feature", "properties": { }, "geometry": { "type": "Polygon", "coordinates": [ [ [ 77.432939933212111, 23.23877725141482 ], [ 77.432929833212114, 23.238714551432945 ], [ 77.43298533321213, 23.238705051435684 ], [ 77.432975933212134, 23.238658851449038 ], [ 77.432806533212116, 23.238687851440655 ], [ 77.432789933212121, 23.23860575146438 ], [ 77.432638533212113, 23.238631551456923 ], [ 77.432635433212113, 23.238616351461314 ], [ 77.432552633212111, 23.23863045145724 ], [ 77.432605133212107, 23.238883151384233 ], [ 77.432971933212116, 23.238824651401131 ], [ 77.432962233212109, 23.238773751415842 ], [ 77.432939933212111, 23.23877725141482 ] ] ] } },
{ "type": "Feature", "properties": { }, "geometry": { "type": "Polygon", "coordinates": [ [ [ 77.432148233212118, 23.241167550724178 ], [ 77.432227533212114, 23.241438150645994 ], [ 77.432473533212118, 23.241377250663589 ], [ 77.432406733212133, 23.241149650729355 ], [ 77.432457733212118, 23.24113715073296 ], [ 77.432465933212114, 23.241165350724817 ], [ 77.432611833212135, 23.241129650735129 ], [ 77.432675733212108, 23.241350250671392 ], [ 77.432775833212119, 23.241325750678467 ], [ 77.432712733212099, 23.241107850741436 ], [ 77.432877933212097, 23.241067450753107 ], [ 77.432854933212113, 23.240987950776077 ], [ 77.432148233212118, 23.241167550724178 ] ] ] } },
{ "type": "Feature", "properties": { }, "geometry": { "type": "Polygon", "coordinates": [ [ [ 77.432485333212099, 23.241533250618513 ], [ 77.432486633212108, 23.241537750617205 ], [ 77.432305333212113, 23.241583750603922 ], [ 77.432336433212114, 23.241687250574014 ], [ 77.432325033212109, 23.24168975057329 ], [ 77.432351633212107, 23.24178955054445 ], [ 77.432366233212107, 23.241786250545406 ], [ 77.432442633212119, 23.242040550471923 ], [ 77.432650033212099, 23.241987950487118 ], [ 77.432577333212095, 23.241746050557023 ], [ 77.432600433212116, 23.241740250558696 ], [ 77.432573933212126, 23.241652150584159 ], [ 77.432550933212113, 23.241658050582448 ], [ 77.432527733212112, 23.241581050604697 ], [ 77.43254403321211, 23.241576850605906 ], [ 77.432527033212111, 23.241522350621661 ], [ 77.432485333212099, 23.241533250618513 ] ] ] } },
{ "type": "Feature", "properties": { }, "geometry": { "type": "Polygon", "coordinates": [ [ [ 77.436568044282822, 23.24099420103483 ], [ 77.436628944282816, 23.241005901030331 ], [ 77.436628344282823, 23.241009301029017 ], [ 77.436647144282816, 23.241023901023393 ], [ 77.436684644282835, 23.241025001022965 ], [ 77.436726644282814, 23.241047501014304 ], [ 77.436754344282818, 23.241039601017341 ], [ 77.43675624428279, 23.241030401020893 ], [ 77.436771444282826, 23.241033301019772 ], [ 77.436816744282822, 23.241012801027672 ], [ 77.436821844282818, 23.240994301034799 ], [ 77.436833844282802, 23.240995201034455 ], [ 77.436861044282821, 23.24088120107837 ], [ 77.436849844282804, 23.24087910107918 ], [ 77.436850444282825, 23.2408523010895 ], [ 77.436821044282823, 23.240815201103796 ], [ 77.436617644282805, 23.240776101118861 ], [ 77.436568044282822, 23.24099420103483 ] ] ] } },
{ "type": "Feature", "properties": { }, "geometry": { "type": "Polygon", "coordinates": [ [ [ 77.43350373321212, 23.240185251008011 ], [ 77.433519033212121, 23.240239050992464 ], [ 77.433592933212111, 23.240221350997583 ], [ 77.433577733212118, 23.240167551013123 ], [ 77.43350373321212, 23.240185251008011 ] ] ] } },
{ "type": "Feature", "properties": { }, "geometry": { "type": "Polygon", "coordinates": [ [ [ 77.432916233212111, 23.241449750642637 ], [ 77.432979133212115, 23.241640450587536 ], [ 77.433404233212116, 23.241522150621716 ], [ 77.433341333212113, 23.241331450676828 ], [ 77.432916233212111, 23.241449750642637 ] ] ] } },
{ "type": "Feature", "properties": { }, "geometry": { "type": "Polygon", "coordinates": [ [ [ 77.433252133212108, 23.238540551483212 ], [ 77.433254333212119, 23.238734751427103 ], [ 77.433534633212119, 23.238779151414274 ], [ 77.433577433212108, 23.238669351445999 ], [ 77.433252133212108, 23.238540551483212 ] ] ] } },
{ "type": "Feature", "properties": { }, "geometry": { "type": "Polygon", "coordinates": [ [ [ 77.434302233212108, 23.24052765090908 ], [ 77.434397533212135, 23.240502650916302 ], [ 77.434305733212099, 23.240207451001602 ], [ 77.434210433212115, 23.240232550994342 ], [ 77.434302233212108, 23.24052765090908 ] ] ] } },
{ "type": "Feature", "properties": { }, "geometry": { "type": "Polygon", "coordinates": [ [ [ 77.43324953321212, 23.238939951367819 ], [ 77.43354683321212, 23.238946051366053 ], [ 77.433550533212113, 23.238795451409569 ], [ 77.433253133212119, 23.238789351411324 ], [ 77.43324953321212, 23.238939951367819 ] ] ] } },
{ "type": "Feature", "properties": { }, "geometry": { "type": "Polygon", "coordinates": [ [ [ 77.434408433212127, 23.24049605091821 ], [ 77.434418933212129, 23.240560450899601 ], [ 77.434524033212114, 23.24054605090376 ], [ 77.434513533212112, 23.240481550922397 ], [ 77.434408433212127, 23.24049605091821 ] ] ] } },
{ "type": "Feature", "properties": { }, "geometry": { "type": "Polygon", "coordinates": [ [ [ 77.43337113321212, 23.242033950473829 ], [ 77.433382533212125, 23.242084650459184 ], [ 77.433564933212111, 23.242050150469147 ], [ 77.43355353321212, 23.241999450483792 ], [ 77.43337113321212, 23.242033950473829 ] ] ] } },
{ "type": "Feature", "properties": { }, "geometry": { "type": "Polygon", "coordinates": [ [ [ 77.433541633212116, 23.240317350969839 ], [ 77.433621733212121, 23.240298250975357 ], [ 77.433605933212121, 23.240242350991512 ], [ 77.433525833212116, 23.240261550985966 ], [ 77.433541633212116, 23.240317350969839 ] ] ] } },
{ "type": "Feature", "properties": { }, "geometry": { "type": "Polygon", "coordinates": [ [ [ 77.43701113321211, 23.24132925067746 ], [ 77.437259233212117, 23.241366850666591 ], [ 77.437279033212107, 23.241256250698548 ], [ 77.437030933212114, 23.241218650709421 ], [ 77.43701113321211, 23.24132925067746 ] ] ] } },
{ "type": "Feature", "properties": { }, "geometry": { "type": "Polygon", "coordinates": [ [ [ 77.432477633212116, 23.238316251548017 ], [ 77.432494333212119, 23.238406351521984 ], [ 77.432636433212096, 23.2383841515284 ], [ 77.432619833212115, 23.238294051554433 ], [ 77.432477633212116, 23.238316251548017 ] ] ] } },
{ "type": "Feature", "properties": { }, "geometry": { "type": "Polygon", "coordinates": [ [ [ 77.433538833212125, 23.240322850968248 ], [ 77.433556233212101, 23.2403749509532 ], [ 77.43364273321211, 23.240350650960224 ], [ 77.43362533321212, 23.240298450975303 ], [ 77.433538833212125, 23.240322850968248 ] ] ] } },
{ "type": "Feature", "properties": { }, "geometry": { "type": "Polygon", "coordinates": [ [ [ 77.433180433212115, 23.242027350475738 ], [ 77.43320493321211, 23.242111450451436 ], [ 77.433327633212102, 23.24208125046016 ], [ 77.433303133212107, 23.241997150484469 ], [ 77.433180433212115, 23.242027350475738 ] ] ] } },
{ "type": "Feature", "properties": { }, "geometry": { "type": "Polygon", "coordinates": [ [ [ 77.432515433212117, 23.238445451510692 ], [ 77.432534633212114, 23.23854035148327 ], [ 77.432670833212114, 23.238517151489972 ], [ 77.432687233212121, 23.238598251466545 ], [ 77.432837833212119, 23.238572551473972 ], [ 77.432806233212133, 23.23839585152502 ], [ 77.432515433212117, 23.238445451510692 ] ] ] } },
{ "type": "Feature", "properties": { }, "geometry": { "type": "Polygon", "coordinates": [ [ [ 77.433774833212098, 23.241493750629925 ], [ 77.433753133212107, 23.241426750649286 ], [ 77.433826533212127, 23.241408750654482 ], [ 77.433796933212093, 23.241306850683934 ], [ 77.433766833212104, 23.241314250681789 ], [ 77.433731333212108, 23.241202950713951 ], [ 77.433594533212116, 23.241239850703291 ], [ 77.433686233212114, 23.241518050622908 ], [ 77.433774833212098, 23.241493750629925 ] ] ] } },
{ "type": "Feature", "properties": { }, "geometry": { "type": "Polygon", "coordinates": [ [ [ 77.43409043321212, 23.240010351058544 ], [ 77.4336491332121, 23.240121051026559 ], [ 77.433982633212096, 23.241243950702106 ], [ 77.434417433212104, 23.24113485073363 ], [ 77.434172833212116, 23.240311350971577 ], [ 77.434098733212096, 23.240329950966206 ], [ 77.434072233212106, 23.240240550992038 ], [ 77.43415283321211, 23.240220250997908 ], [ 77.43409043321212, 23.240010351058544 ] ] ] } },
{ "type": "Feature", "properties": { }, "geometry": { "type": "Polygon", "coordinates": [ [ [ 77.433303533212111, 23.240907150799419 ], [ 77.43330403321211, 23.240908750798958 ], [ 77.43363053321211, 23.240830450821583 ], [ 77.433570333212117, 23.240618750882756 ], [ 77.43325343321213, 23.240694750860794 ], [ 77.433250333212115, 23.240683750863973 ], [ 77.433113133212117, 23.240716750854446 ], [ 77.433175933212112, 23.240937850790552 ], [ 77.433303533212111, 23.240907150799419 ] ] ] } },
{ "type": "Feature", "properties": { }, "geometry": { "type": "Polygon", "coordinates": [ [ [ 77.434781333212129, 23.239727251140337 ], [ 77.434809633212097, 23.23961015117418 ], [ 77.434788733212116, 23.239605951175388 ], [ 77.434807233212098, 23.239528951197642 ], [ 77.43476633321211, 23.239520651200039 ], [ 77.434738833212108, 23.239635051166985 ], [ 77.434707933212096, 23.239628751168805 ], [ 77.434688733212113, 23.239708451145773 ], [ 77.434781333212129, 23.239727251140337 ] ] ] } },
{ "type": "Feature", "properties": { }, "geometry": { "type": "Polygon", "coordinates": [ [ [ 77.436393433212118, 23.238388651527099 ], [ 77.43638023321212, 23.23846995150361 ], [ 77.436519533212106, 23.238489051498096 ], [ 77.436532733212118, 23.238407751521585 ], [ 77.436393433212118, 23.238388651527099 ] ] ] } },
{ "type": "Feature", "properties": { }, "geometry": { "type": "Polygon", "coordinates": [ [ [ 77.436365933212116, 23.238552551479746 ], [ 77.436350833212117, 23.238645551452873 ], [ 77.436480633212113, 23.238663451447703 ], [ 77.436495833212106, 23.2385703514746 ], [ 77.436365933212116, 23.238552551479746 ] ] ] } },
{ "type": "Feature", "properties": { }, "geometry": { "type": "Polygon", "coordinates": [ [ [ 77.436680333212109, 23.237928051660177 ], [ 77.436818233212122, 23.237949551653966 ], [ 77.43684173321212, 23.237821451690976 ], [ 77.436703833212121, 23.237800051697153 ], [ 77.436680333212109, 23.237928051660177 ] ] ] } },
{ "type": "Feature", "properties": { }, "geometry": { "type": "Polygon", "coordinates": [ [ [ 77.436437133212095, 23.238249051567433 ], [ 77.436426933212118, 23.238304451551429 ], [ 77.436560433212122, 23.238325151545446 ], [ 77.436570633212114, 23.238269751561457 ], [ 77.436437133212095, 23.238249051567433 ] ] ] } },
{ "type": "Feature", "properties": { }, "geometry": { "type": "Polygon", "coordinates": [ [ [ 77.436480633212113, 23.238834151398386 ], [ 77.436585233212114, 23.238850751393588 ], [ 77.436599133212113, 23.23877685141494 ], [ 77.436494533212112, 23.238760151419772 ], [ 77.436480633212113, 23.238834151398386 ] ] ] } },
{ "type": "Feature", "properties": { }, "geometry": { "type": "Polygon", "coordinates": [ [ [ 77.436634033212101, 23.238124651603371 ], [ 77.436623433212119, 23.238197051582457 ], [ 77.436750133212129, 23.238212751577922 ], [ 77.436760733212111, 23.238140351598837 ], [ 77.436634033212101, 23.238124651603371 ] ] ] } },
{ "type": "Feature", "properties": { }, "geometry": { "type": "Polygon", "coordinates": [ [ [ 77.436527733212131, 23.238598251466545 ], [ 77.436648633212116, 23.238616951461147 ], [ 77.436661533212117, 23.238546951481364 ], [ 77.436540633212118, 23.238528151486801 ], [ 77.436527733212131, 23.238598251466545 ] ] ] } },
{ "type": "Feature", "properties": { }, "geometry": { "type": "Polygon", "coordinates": [ [ [ 77.436525033212121, 23.238606151464261 ], [ 77.436510633212123, 23.238685051441468 ], [ 77.436636633212132, 23.238704451435858 ], [ 77.436651033212115, 23.23862555145865 ], [ 77.436525033212121, 23.238606151464261 ] ] ] } },
{ "type": "Feature", "properties": { }, "geometry": { "type": "Polygon", "coordinates": [ [ [ 77.436294633212128, 23.238936051368945 ], [ 77.436403533212129, 23.238952051364318 ], [ 77.436422533212109, 23.238841951396132 ], [ 77.436313633212109, 23.238825951400756 ], [ 77.436294633212128, 23.238936051368945 ] ] ] } },
{ "type": "Feature", "properties": { }, "geometry": { "type": "Polygon", "coordinates": [ [ [ 77.436517833212122, 23.237923351661532 ], [ 77.436492433212109, 23.238061351621663 ], [ 77.436617033212116, 23.238080751616057 ], [ 77.436642433212128, 23.23794265165596 ], [ 77.436517833212122, 23.237923351661532 ] ] ] } },
{ "type": "Feature", "properties": { }, "geometry": { "type": "Polygon", "coordinates": [ [ [ 77.436444433212102, 23.238933951369557 ], [ 77.43658153321212, 23.238954051363745 ], [ 77.436597833212119, 23.238860251390847 ], [ 77.436460733212115, 23.238840151396655 ], [ 77.436444433212102, 23.238933951369557 ] ] ] } },
{ "type": "Feature", "properties": { }, "geometry": { "type": "Polygon", "coordinates": [ [ [ 77.436579233212115, 23.238359451535537 ], [ 77.436563733212111, 23.238443751511184 ], [ 77.43669493321211, 23.238464151505283 ], [ 77.436710433212099, 23.238379751529671 ], [ 77.436579233212115, 23.238359451535537 ] ] ] } },
{ "type": "Feature", "properties": { }, "geometry": { "type": "Polygon", "coordinates": [ [ [ 77.436372033212095, 23.238475551501995 ], [ 77.436360833212106, 23.238543951482232 ], [ 77.436504133212111, 23.238563651476532 ], [ 77.43651523321212, 23.238495251496303 ], [ 77.436372033212095, 23.238475551501995 ] ] ] } },
{ "type": "Feature", "properties": { }, "geometry": { "type": "Polygon", "coordinates": [ [ [ 77.436464833212113, 23.238166951591154 ], [ 77.436598233212109, 23.238187651585179 ], [ 77.43661743321212, 23.238083451615278 ], [ 77.436484033212125, 23.238062751621264 ], [ 77.436464833212113, 23.238166951591154 ] ] ] } },
{ "type": "Feature", "properties": { }, "geometry": { "type": "Polygon", "coordinates": [ [ [ 77.436494733212115, 23.238750951422425 ], [ 77.436618733212129, 23.238770051416907 ], [ 77.436629533212113, 23.238710851434014 ], [ 77.436505533212113, 23.238691751439529 ], [ 77.436494733212115, 23.238750951422425 ] ] ] } },
{ "type": "Feature", "properties": { }, "geometry": { "type": "Polygon", "coordinates": [ [ [ 77.436607333212109, 23.238282551557756 ], [ 77.436731533212111, 23.238302551551978 ], [ 77.436746433212107, 23.238224451574542 ], [ 77.436622333212114, 23.238204451580316 ], [ 77.436607333212109, 23.238282551557756 ] ] ] } },
{ "type": "Feature", "properties": { }, "geometry": { "type": "Polygon", "coordinates": [ [ [ 77.436667033212103, 23.238049651625044 ], [ 77.436654433212112, 23.238118151605249 ], [ 77.436768733212105, 23.23813595160011 ], [ 77.43678133321211, 23.238067351619925 ], [ 77.436667033212103, 23.238049651625044 ] ] ] } },
{ "type": "Feature", "properties": { }, "geometry": { "type": "Polygon", "coordinates": [ [ [ 77.436547733212109, 23.238525051487692 ], [ 77.436668933212118, 23.238541651482894 ], [ 77.436681133212119, 23.238466851504505 ], [ 77.436559933212109, 23.238450251509303 ], [ 77.436547733212109, 23.238525051487692 ] ] ] } },
{ "type": "Feature", "properties": { }, "geometry": { "type": "Polygon", "coordinates": [ [ [ 77.436344533212107, 23.238649851451633 ], [ 77.43633443321211, 23.238712051433662 ], [ 77.436460533212113, 23.238729351428663 ], [ 77.436470533212102, 23.238667151446638 ], [ 77.436344533212107, 23.238649851451633 ] ] ] } },
{ "type": "Feature", "properties": { }, "geometry": { "type": "Polygon", "coordinates": [ [ [ 77.436402833212114, 23.238305451551138 ], [ 77.4363889332121, 23.238381051529299 ], [ 77.436524933212112, 23.238402151523204 ], [ 77.436538833212097, 23.238326551545047 ], [ 77.436402833212114, 23.238305451551138 ] ] ] } },
{ "type": "Feature", "properties": { }, "geometry": { "type": "Polygon", "coordinates": [ [ [ 77.436326633212104, 23.238719451431525 ], [ 77.436314633212106, 23.238792751410347 ], [ 77.436450233212113, 23.238811451404949 ], [ 77.436462233212126, 23.238738051426154 ], [ 77.436326633212104, 23.238719451431525 ] ] ] } },
{ "type": "Feature", "properties": { }, "geometry": { "type": "Polygon", "coordinates": [ [ [ 77.436676133212117, 23.237950251653761 ], [ 77.436659333212134, 23.238041551627379 ], [ 77.436797433212121, 23.238063051621175 ], [ 77.436814233212118, 23.237971651647584 ], [ 77.436676133212117, 23.237950251653761 ] ] ] } },
{ "type": "Feature", "properties": { }, "geometry": { "type": "Polygon", "coordinates": [ [ [ 77.436460633212121, 23.238171051589966 ], [ 77.43644653321212, 23.23824755156787 ], [ 77.436573133212107, 23.238267251562178 ], [ 77.436587233212109, 23.238190651584308 ], [ 77.436460633212121, 23.238171051589966 ] ] ] } },
{ "type": "Feature", "properties": { }, "geometry": { "type": "Polygon", "coordinates": [ [ [ 77.43653933321211, 23.237790051700046 ], [ 77.436516133212109, 23.237916051663642 ], [ 77.436649233212108, 23.237936651657687 ], [ 77.436672433212124, 23.237810751694063 ], [ 77.43653933321211, 23.237790051700046 ] ] ] } },
{ "type": "Feature", "properties": { }, "geometry": { "type": "Polygon", "coordinates": [ [ [ 77.436596833212121, 23.238284751557121 ], [ 77.43658393321212, 23.238355151536783 ], [ 77.436714033212112, 23.238375351530934 ], [ 77.4367269332121, 23.238304951551282 ], [ 77.436596833212121, 23.238284751557121 ] ] ] } },
{ "type": "Feature", "properties": { }, "geometry": { "type": "Polygon", "coordinates": [ [ [ 77.428053233212111, 23.232709453167736 ], [ 77.428040233212116, 23.232710653167384 ], [ 77.428028733212116, 23.232716253165769 ], [ 77.428020433212112, 23.232725453163113 ], [ 77.428016633212096, 23.232736953159794 ], [ 77.428017933212104, 23.232748853156355 ], [ 77.428024033212111, 23.232759353153316 ], [ 77.428034033212114, 23.232766953151121 ], [ 77.428046533212111, 23.232770453150113 ], [ 77.428059433212127, 23.232769353150434 ], [ 77.428070933212112, 23.232763753152049 ], [ 77.428079233212131, 23.232754553154706 ], [ 77.428083033212104, 23.232743053158028 ], [ 77.428081833212104, 23.232731153161463 ], [ 77.428075733212097, 23.232720653164495 ], [ 77.428065633212128, 23.232712953166718 ], [ 77.428053233212111, 23.232709453167736 ] ] ] } },
{ "type": "Feature", "properties": { }, "geometry": { "type": "Polygon", "coordinates": [ [ [ 77.430640433212105, 23.229588954069037 ], [ 77.430753933212117, 23.229598854066179 ], [ 77.430769433212106, 23.229448854109506 ], [ 77.430655933212108, 23.22943905411233 ], [ 77.430640433212105, 23.229588954069037 ] ] ] } },
{ "type": "Feature", "properties": { }, "geometry": { "type": "Polygon", "coordinates": [ [ [ 77.430489333212108, 23.230330353854907 ], [ 77.430684533212116, 23.230354253848002 ], [ 77.430701833212112, 23.230235553882288 ], [ 77.430506533212096, 23.230211653889189 ], [ 77.430489333212108, 23.230330353854907 ] ] ] } },
{ "type": "Feature", "properties": { }, "geometry": { "type": "Polygon", "coordinates": [ [ [ 77.430227333212102, 23.228952754252774 ], [ 77.430189233212133, 23.229036154228684 ], [ 77.43039363321212, 23.229114854205957 ], [ 77.430431633212109, 23.22903145423005 ], [ 77.430227333212102, 23.228952754252774 ] ] ] } },
{ "type": "Feature", "properties": { }, "geometry": { "type": "Polygon", "coordinates": [ [ [ 77.42936793321212, 23.231922553395034 ], [ 77.429496433212108, 23.231952953386251 ], [ 77.429532433212117, 23.231824553423333 ], [ 77.4294039332121, 23.231794053432147 ], [ 77.42936793321212, 23.231922553395034 ] ] ] } },
{ "type": "Feature", "properties": { }, "geometry": { "type": "Polygon", "coordinates": [ [ [ 77.425608333212097, 23.229547554080991 ], [ 77.425723233212111, 23.229560354077293 ], [ 77.425740033212108, 23.229433454113945 ], [ 77.425625133212108, 23.229420654117643 ], [ 77.425608333212097, 23.229547554080991 ] ] ] } },
{ "type": "Feature", "properties": { }, "geometry": { "type": "Polygon", "coordinates": [ [ [ 77.425198433212117, 23.229823054001425 ], [ 77.425236933212119, 23.229823654001255 ], [ 77.425238633212132, 23.229733554027277 ], [ 77.425200133212101, 23.229732854027475 ], [ 77.425198433212117, 23.229823054001425 ] ] ] } },
{ "type": "Feature", "properties": { }, "geometry": { "type": "Polygon", "coordinates": [ [ [ 77.43029053321213, 23.23132685356709 ], [ 77.430388233212113, 23.231342953562439 ], [ 77.430444533212125, 23.231056053645307 ], [ 77.430346833212113, 23.231039853649989 ], [ 77.43029053321213, 23.23132685356709 ] ] ] } },
{ "type": "Feature", "properties": { }, "geometry": { "type": "Polygon", "coordinates": [ [ [ 77.426972233212098, 23.229052754223893 ], [ 77.426976633212121, 23.229148854196136 ], [ 77.427201933212118, 23.229140254198629 ], [ 77.427197533212109, 23.229044154226379 ], [ 77.426972233212098, 23.229052754223893 ] ] ] } },
{ "type": "Feature", "properties": { }, "geometry": { "type": "Polygon", "coordinates": [ [ [ 77.428819433212112, 23.231569153497098 ], [ 77.428838833212126, 23.231715053454966 ], [ 77.4290506332121, 23.231691353461802 ], [ 77.429031333212095, 23.231545453503944 ], [ 77.428819433212112, 23.231569153497098 ] ] ] } },
{ "type": "Feature", "properties": { }, "geometry": { "type": "Polygon", "coordinates": [ [ [ 77.424302933212132, 23.228416154407757 ], [ 77.424409633212093, 23.228414454408242 ], [ 77.424408733212118, 23.228366754422019 ], [ 77.424302033212115, 23.228368454421524 ], [ 77.424302933212132, 23.228416154407757 ] ] ] } },
{ "type": "Feature", "properties": { }, "geometry": { "type": "Polygon", "coordinates": [ [ [ 77.4241998332121, 23.228509754380713 ], [ 77.424245733212103, 23.228509554380775 ], [ 77.424245533212115, 23.228439654400965 ], [ 77.424199633212112, 23.228439754400934 ], [ 77.4241998332121, 23.228509754380713 ] ] ] } },
{ "type": "Feature", "properties": { }, "geometry": { "type": "Polygon", "coordinates": [ [ [ 77.427709533212109, 23.228303454440294 ], [ 77.427774433212107, 23.228364054422794 ], [ 77.427834433212112, 23.22830985443845 ], [ 77.427845133212102, 23.228319854435554 ], [ 77.427872233212128, 23.228295354442633 ], [ 77.427861533212095, 23.228285354445525 ], [ 77.427926633212095, 23.228226654462478 ], [ 77.42786183321212, 23.228166054479978 ], [ 77.427709533212109, 23.228303454440294 ] ] ] } },
{ "type": "Feature", "properties": { }, "geometry": { "type": "Polygon", "coordinates": [ [ [ 77.426352033212112, 23.229914153975109 ], [ 77.426460233212111, 23.229963153960956 ], [ 77.426547433212107, 23.229800454007957 ], [ 77.426439233212108, 23.229751554022073 ], [ 77.426352033212112, 23.229914153975109 ] ] ] } },
{ "type": "Feature", "properties": { }, "geometry": { "type": "Polygon", "coordinates": [ [ [ 77.430284133212126, 23.228411854408996 ], [ 77.430208533212124, 23.228477954389895 ], [ 77.43031313321211, 23.228579054360701 ], [ 77.430388733212126, 23.228512954379791 ], [ 77.430284133212126, 23.228411854408996 ] ] ] } },
{ "type": "Feature", "properties": { }, "geometry": { "type": "Polygon", "coordinates": [ [ [ 77.424513633212115, 23.22837145442066 ], [ 77.424514533212104, 23.22842435440538 ], [ 77.424633333212114, 23.228422554405903 ], [ 77.424632433212111, 23.228369754421148 ], [ 77.424513633212115, 23.22837145442066 ] ] ] } },
{ "type": "Feature", "properties": { }, "geometry": { "type": "Polygon", "coordinates": [ [ [ 77.42468773321211, 23.228409454409682 ], [ 77.424774233212105, 23.228408854409857 ], [ 77.424773733212106, 23.228354654425509 ], [ 77.424687233212111, 23.228355254425338 ], [ 77.42468773321211, 23.228409454409682 ] ] ] } },
{ "type": "Feature", "properties": { }, "geometry": { "type": "Polygon", "coordinates": [ [ [ 77.427511333212109, 23.228482854388485 ], [ 77.427581633212114, 23.228549654369193 ], [ 77.427645533212129, 23.228492954385572 ], [ 77.427650533212116, 23.228497654384213 ], [ 77.427676233212125, 23.228474854390797 ], [ 77.427671233212124, 23.228470154392156 ], [ 77.427733133212115, 23.228415054408067 ], [ 77.427662833212125, 23.22834825442736 ], [ 77.427511333212109, 23.228482854388485 ] ] ] } },
{ "type": "Feature", "properties": { }, "geometry": { "type": "Polygon", "coordinates": [ [ [ 77.426967433212113, 23.230174753899846 ], [ 77.427096033212095, 23.230180953898056 ], [ 77.427103333212116, 23.230053153934971 ], [ 77.426974733212106, 23.230046953936753 ], [ 77.426967433212113, 23.230174753899846 ] ] ] } },
{ "type": "Feature", "properties": { }, "geometry": { "type": "Polygon", "coordinates": [ [ [ 77.425612233212121, 23.229594454067453 ], [ 77.425592333212109, 23.229707454034809 ], [ 77.42575483321211, 23.229731754027792 ], [ 77.425774833212117, 23.229618754060425 ], [ 77.425612233212121, 23.229594454067453 ] ] ] } },
{ "type": "Feature", "properties": { }, "geometry": { "type": "Polygon", "coordinates": [ [ [ 77.424169933212113, 23.2291711541897 ], [ 77.424304733212111, 23.229179954187156 ], [ 77.42431223321212, 23.229082454215316 ], [ 77.424177433212108, 23.22907365421786 ], [ 77.424169933212113, 23.2291711541897 ] ] ] } },
{ "type": "Feature", "properties": { }, "geometry": { "type": "Polygon", "coordinates": [ [ [ 77.424426533212099, 23.228431854403219 ], [ 77.424505933212117, 23.228430654403564 ], [ 77.424504633212109, 23.228361854423426 ], [ 77.424425233212105, 23.228363154423057 ], [ 77.424426533212099, 23.228431854403219 ] ] ] } },
{ "type": "Feature", "properties": { }, "geometry": { "type": "Polygon", "coordinates": [ [ [ 77.424481733212119, 23.229356254136235 ], [ 77.424611033212116, 23.229374354131018 ], [ 77.424630333212107, 23.229258054164607 ], [ 77.424500933212116, 23.229239954169831 ], [ 77.424481733212119, 23.229356254136235 ] ] ] } },
{ "type": "Feature", "properties": { }, "geometry": { "type": "Polygon", "coordinates": [ [ [ 77.428864433212112, 23.228468054392764 ], [ 77.429026033212111, 23.228543354371016 ], [ 77.429117533212121, 23.228377654418871 ], [ 77.4289558332121, 23.228302354440615 ], [ 77.428864433212112, 23.228468054392764 ] ] ] } },
{ "type": "Feature", "properties": { }, "geometry": { "type": "Polygon", "coordinates": [ [ [ 77.426103833212096, 23.229643154053377 ], [ 77.426244733212116, 23.22968885404018 ], [ 77.426270633212113, 23.229621554059619 ], [ 77.426129633212113, 23.229575854072827 ], [ 77.426103833212096, 23.229643154053377 ] ] ] } },
{ "type": "Feature", "properties": { }, "geometry": { "type": "Polygon", "coordinates": [ [ [ 77.430422333212135, 23.230283053868565 ], [ 77.430467633212103, 23.230286053867701 ], [ 77.430474433212098, 23.230199053892825 ], [ 77.430429133212115, 23.230196053893692 ], [ 77.430422333212135, 23.230283053868565 ] ] ] } },
{ "type": "Feature", "properties": { }, "geometry": { "type": "Polygon", "coordinates": [ [ [ 77.430138133212111, 23.228271254449595 ], [ 77.430059433212094, 23.228344354428483 ], [ 77.430174733212112, 23.22844915439822 ], [ 77.430253433212116, 23.228375954419363 ], [ 77.430138133212111, 23.228271254449595 ] ] ] } },
{ "type": "Feature", "properties": { }, "geometry": { "type": "Polygon", "coordinates": [ [ [ 77.427907733212095, 23.228641454342682 ], [ 77.42804733321212, 23.228694554327351 ], [ 77.42809353321212, 23.228591954356975 ], [ 77.427953933212109, 23.22853895437229 ], [ 77.427907733212095, 23.228641454342682 ] ] ] } },
{ "type": "Feature", "properties": { }, "geometry": { "type": "Polygon", "coordinates": [ [ [ 77.425432733212119, 23.22968985403989 ], [ 77.425485833212107, 23.229696654037934 ], [ 77.425519433212116, 23.229474254102165 ], [ 77.42546623321212, 23.229467454104125 ], [ 77.425432733212119, 23.22968985403989 ] ] ] } },
{ "type": "Feature", "properties": { }, "geometry": { "type": "Polygon", "coordinates": [ [ [ 77.439380533212116, 23.236864651967398 ], [ 77.43952313321212, 23.236886151961183 ], [ 77.43953773321212, 23.236804451984788 ], [ 77.43939513321213, 23.236782951991003 ], [ 77.439380533212116, 23.236864651967398 ] ] ] } },
{ "type": "Feature", "properties": { }, "geometry": { "type": "Polygon", "coordinates": [ [ [ 77.43730203321212, 23.237145951886127 ], [ 77.437268733212107, 23.237282351846723 ], [ 77.437348033212118, 23.237298751841987 ], [ 77.437381333212116, 23.237162351881391 ], [ 77.43730203321212, 23.237145951886127 ] ] ] } },
{ "type": "Feature", "properties": { }, "geometry": { "type": "Polygon", "coordinates": [ [ [ 77.437165533212109, 23.237426651805034 ], [ 77.437240033212134, 23.237441951800612 ], [ 77.437271233212115, 23.237314051837561 ], [ 77.437196833212113, 23.237298651842014 ], [ 77.437165533212109, 23.237426651805034 ] ] ] } },
{ "type": "Feature", "properties": { }, "geometry": { "type": "Polygon", "coordinates": [ [ [ 77.437221933212115, 23.234998652506462 ], [ 77.43737743321212, 23.235018952500599 ], [ 77.437392633212113, 23.234920952528913 ], [ 77.437237133212108, 23.234900652534776 ], [ 77.437221933212115, 23.234998652506462 ] ] ] } },
{ "type": "Feature", "properties": { }, "geometry": { "type": "Polygon", "coordinates": [ [ [ 77.4374474332121, 23.236943251944687 ], [ 77.437539533212117, 23.236953651941686 ], [ 77.437555733212108, 23.236832851976587 ], [ 77.437463633212118, 23.236822451979585 ], [ 77.4374474332121, 23.236943251944687 ] ] ] } },
{ "type": "Feature", "properties": { }, "geometry": { "type": "Polygon", "coordinates": [ [ [ 77.437427033212117, 23.237092851901473 ], [ 77.437515933212111, 23.237101551898956 ], [ 77.437530533212126, 23.236974651935618 ], [ 77.437441633212117, 23.236966051938104 ], [ 77.437427033212117, 23.237092851901473 ] ] ] } },
{ "type": "Feature", "properties": { }, "geometry": { "type": "Polygon", "coordinates": [ [ [ 77.438866133212116, 23.23681155198274 ], [ 77.438990933212096, 23.236832451976696 ], [ 77.439007033212107, 23.236751152000185 ], [ 77.438882233212112, 23.236730252006229 ], [ 77.438866133212116, 23.23681155198274 ] ] ] } },
{ "type": "Feature", "properties": { }, "geometry": { "type": "Polygon", "coordinates": [ [ [ 77.437334233212113, 23.237077751905836 ], [ 77.437421833212113, 23.237084951903753 ], [ 77.437434433212118, 23.236956151940966 ], [ 77.437346833212118, 23.236948851943076 ], [ 77.437334233212113, 23.237077751905836 ] ] ] } },
{ "type": "Feature", "properties": { }, "geometry": { "type": "Polygon", "coordinates": [ [ [ 77.438925433212106, 23.236555752056638 ], [ 77.439042033212104, 23.236575252051004 ], [ 77.439058733212121, 23.236491152075295 ], [ 77.438942133212109, 23.236471552080964 ], [ 77.438925433212106, 23.236555752056638 ] ] ] } },
{ "type": "Feature", "properties": { }, "geometry": { "type": "Polygon", "coordinates": [ [ [ 77.437275733212118, 23.234689752595699 ], [ 77.43725703321212, 23.234798852564186 ], [ 77.437414133212116, 23.234821652557592 ], [ 77.437432833212114, 23.234712552589109 ], [ 77.437275733212118, 23.234689752595699 ] ] ] } },
{ "type": "Feature", "properties": { }, "geometry": { "type": "Polygon", "coordinates": [ [ [ 77.437507133212108, 23.237486351787791 ], [ 77.437537233212112, 23.237362951823442 ], [ 77.437463733212113, 23.237347851827796 ], [ 77.437433533212129, 23.237471151792178 ], [ 77.437507133212108, 23.237486351787791 ] ] ] } },
{ "type": "Feature", "properties": { }, "geometry": { "type": "Polygon", "coordinates": [ [ [ 77.439646333212096, 23.230450953820078 ], [ 77.439991733212111, 23.230442253822584 ], [ 77.439986033212122, 23.230254453876828 ], [ 77.439640733212116, 23.230263253874288 ], [ 77.439646333212096, 23.230450953820078 ] ] ] } },
{ "type": "Feature", "properties": { }, "geometry": { "type": "Polygon", "coordinates": [ [ [ 77.439277833212117, 23.236674252022407 ], [ 77.439399833212136, 23.236692652017091 ], [ 77.439415133212108, 23.236607052041819 ], [ 77.439293133212118, 23.236588652047132 ], [ 77.439277833212117, 23.236674252022407 ] ] ] } },
{ "type": "Feature", "properties": { }, "geometry": { "type": "Polygon", "coordinates": [ [ [ 77.437397333212118, 23.234593452623521 ], [ 77.437510333212103, 23.234604252620393 ], [ 77.437518233212117, 23.234534352640591 ], [ 77.437405233212104, 23.234523552643711 ], [ 77.437397333212118, 23.234593452623521 ] ] ] } },
{ "type": "Feature", "properties": { }, "geometry": { "type": "Polygon", "coordinates": [ [ [ 77.429915333212122, 23.228427554404455 ], [ 77.429963333212115, 23.2284180544072 ], [ 77.429939833212117, 23.228318854435852 ], [ 77.429891933212119, 23.228328354433106 ], [ 77.429915333212122, 23.228427554404455 ] ] ] } },
{ "type": "Feature", "properties": { }, "geometry": { "type": "Polygon", "coordinates": [ [ [ 77.437253633212109, 23.237427351804833 ], [ 77.437329133212131, 23.237442851800356 ], [ 77.43735343321211, 23.237343651829011 ], [ 77.437277833212107, 23.237328051833515 ], [ 77.437253633212109, 23.237427351804833 ] ] ] } },
{ "type": "Feature", "properties": { }, "geometry": { "type": "Polygon", "coordinates": [ [ [ 77.42989143321212, 23.228745854312528 ], [ 77.429994633212118, 23.228768954305856 ], [ 77.430030233212122, 23.228635054344529 ], [ 77.429926933212116, 23.228611954351202 ], [ 77.42989143321212, 23.228745854312528 ] ] ] } },
{ "type": "Feature", "properties": { }, "geometry": { "type": "Polygon", "coordinates": [ [ [ 77.429577733212113, 23.230365853844649 ], [ 77.429613333212117, 23.23036675384439 ], [ 77.42961543321212, 23.230298353864146 ], [ 77.429579733212108, 23.230297453864409 ], [ 77.429577733212113, 23.230365853844649 ] ] ] } },
{ "type": "Feature", "properties": { }, "geometry": { "type": "Polygon", "coordinates": [ [ [ 77.439249733212094, 23.236839251974729 ], [ 77.439364333212112, 23.236856451969761 ], [ 77.43937663321212, 23.236787551989668 ], [ 77.439262033212117, 23.236770251994674 ], [ 77.439249733212094, 23.236839251974729 ] ] ] } },
{ "type": "Feature", "properties": { }, "geometry": { "type": "Polygon", "coordinates": [ [ [ 77.432303433212113, 23.230596353778076 ], [ 77.432327133212112, 23.230671953756239 ], [ 77.432622233212115, 23.230588153780445 ], [ 77.432597233212135, 23.23051375380194 ], [ 77.432303433212113, 23.230596353778076 ] ] ] } },
{ "type": "Feature", "properties": { }, "geometry": { "type": "Polygon", "coordinates": [ [ [ 77.439015333212112, 23.236735152004808 ], [ 77.43913433321211, 23.236755051999065 ], [ 77.439149133212112, 23.2366801520207 ], [ 77.439030133212114, 23.236660252026446 ], [ 77.439015333212112, 23.236735152004808 ] ] ] } },
{ "type": "Feature", "properties": { }, "geometry": { "type": "Polygon", "coordinates": [ [ [ 77.428291333212115, 23.230095653922692 ], [ 77.428417933212131, 23.230141653909399 ], [ 77.428496333212109, 23.229959453962032 ], [ 77.428369733212122, 23.229913453975314 ], [ 77.428291333212115, 23.230095653922692 ] ] ] } },
{ "type": "Feature", "properties": { }, "geometry": { "type": "Polygon", "coordinates": [ [ [ 77.437363033212094, 23.23693225194787 ], [ 77.437440733212128, 23.236941451945217 ], [ 77.437457933212116, 23.236819751980367 ], [ 77.437380333212104, 23.236810551983023 ], [ 77.437363033212094, 23.23693225194787 ] ] ] } },
{ "type": "Feature", "properties": { }, "geometry": { "type": "Polygon", "coordinates": [ [ [ 77.437244233212112, 23.237060851910719 ], [ 77.437324633212114, 23.23706895190837 ], [ 77.437338433212133, 23.236953051941864 ], [ 77.437258033212117, 23.236944951944196 ], [ 77.437244233212112, 23.237060851910719 ] ] ] } },
{ "type": "Feature", "properties": { }, "geometry": { "type": "Polygon", "coordinates": [ [ [ 77.42565803321213, 23.230118053916222 ], [ 77.425659733212115, 23.230227453884627 ], [ 77.425916933212093, 23.23022405388561 ], [ 77.425915233212123, 23.230114653917205 ], [ 77.42565803321213, 23.230118053916222 ] ] ] } },
{ "type": "Feature", "properties": { }, "geometry": { "type": "Polygon", "coordinates": [ [ [ 77.439405433212116, 23.23677125199438 ], [ 77.439527633212109, 23.236789751989036 ], [ 77.439542333212117, 23.236707052012928 ], [ 77.439420233212118, 23.236688652018241 ], [ 77.439405433212116, 23.23677125199438 ] ] ] } },
{ "type": "Feature", "properties": { }, "geometry": { "type": "Polygon", "coordinates": [ [ [ 77.42875723321211, 23.230350753849009 ], [ 77.428790833212105, 23.230511853802479 ], [ 77.428822933212118, 23.230506253804098 ], [ 77.428789333212109, 23.230345053850659 ], [ 77.42875723321211, 23.230350753849009 ] ] ] } },
{ "type": "Feature", "properties": { }, "geometry": { "type": "Polygon", "coordinates": [ [ [ 77.437549033212093, 23.237341651829592 ], [ 77.437656333212118, 23.237354351825921 ], [ 77.437677233212113, 23.23720465186917 ], [ 77.437569933212117, 23.23719205187281 ], [ 77.437549033212093, 23.237341651829592 ] ] ] } },
{ "type": "Feature", "properties": { }, "geometry": { "type": "Polygon", "coordinates": [ [ [ 77.428745133212132, 23.228395154413818 ], [ 77.42884413321211, 23.228403254411475 ], [ 77.428855033212116, 23.228290254444111 ], [ 77.428756033212125, 23.22828215444645 ], [ 77.428745133212132, 23.228395154413818 ] ] ] } },
{ "type": "Feature", "properties": { }, "geometry": { "type": "Polygon", "coordinates": [ [ [ 77.437175333212096, 23.237263951852039 ], [ 77.43725193321211, 23.237279751847478 ], [ 77.437283233212128, 23.237151651884481 ], [ 77.437206633212128, 23.237135851889047 ], [ 77.437175333212096, 23.237263951852039 ] ] ] } },
{ "type": "Feature", "properties": { }, "geometry": { "type": "Polygon", "coordinates": [ [ [ 77.43012953321211, 23.230285753867786 ], [ 77.43017843321212, 23.230291153866226 ], [ 77.430193233212108, 23.230177753898982 ], [ 77.430144333212127, 23.230172353900542 ], [ 77.43012953321211, 23.230285753867786 ] ] ] } },
{ "type": "Feature", "properties": { }, "geometry": { "type": "Polygon", "coordinates": [ [ [ 77.439408533212116, 23.236678152021273 ], [ 77.439530433212113, 23.236696552015964 ], [ 77.439544233212118, 23.236619552038199 ], [ 77.439422233212127, 23.236601152043523 ], [ 77.439408533212116, 23.236678152021273 ] ] ] } },
{ "type": "Feature", "properties": { }, "geometry": { "type": "Polygon", "coordinates": [ [ [ 77.430303233212101, 23.228703354324811 ], [ 77.430405833212134, 23.228756954309322 ], [ 77.430482333212112, 23.228633354345021 ], [ 77.430379733212121, 23.228579754360496 ], [ 77.430303233212101, 23.228703354324811 ] ] ] } },
{ "type": "Feature", "properties": { }, "geometry": { "type": "Polygon", "coordinates": [ [ [ 77.42960993321212, 23.230529753797317 ], [ 77.429610933212118, 23.230584253781576 ], [ 77.42988513321211, 23.230579953782815 ], [ 77.429884133212099, 23.230525453798553 ], [ 77.42960993321212, 23.230529753797317 ] ] ] } },
{ "type": "Feature", "properties": { }, "geometry": { "type": "Polygon", "coordinates": [ [ [ 77.439073633212118, 23.236481952077959 ], [ 77.439197733212112, 23.236502752071946 ], [ 77.43921403321211, 23.23642075209564 ], [ 77.439089933212131, 23.23639995210165 ], [ 77.439073633212118, 23.236481952077959 ] ] ] } },
{ "type": "Feature", "properties": { }, "geometry": { "type": "Polygon", "coordinates": [ [ [ 77.428168833212112, 23.230052853935049 ], [ 77.428284733212095, 23.23009265392356 ], [ 77.428362533212123, 23.229901653978725 ], [ 77.428246633212112, 23.229861753990242 ], [ 77.428168833212112, 23.230052853935049 ] ] ] } },
{ "type": "Feature", "properties": { }, "geometry": { "type": "Polygon", "coordinates": [ [ [ 77.439259333212121, 23.236761551997184 ], [ 77.439393933212116, 23.236781851991321 ], [ 77.439408333212114, 23.236701252014601 ], [ 77.439273733212119, 23.236680952020468 ], [ 77.439259333212121, 23.236761551997184 ] ] ] } },
{ "type": "Feature", "properties": { }, "geometry": { "type": "Polygon", "coordinates": [ [ [ 77.42945673321212, 23.230432253825473 ], [ 77.429487833212107, 23.230433953824981 ], [ 77.429508833212111, 23.230204253891326 ], [ 77.4294714332121, 23.230211153889339 ], [ 77.42945673321212, 23.230432253825473 ] ] ] } },
{ "type": "Feature", "properties": { }, "geometry": { "type": "Polygon", "coordinates": [ [ [ 77.439005033212098, 23.236832651976641 ], [ 77.439123933212102, 23.236852551970891 ], [ 77.439142033212093, 23.236761551997184 ], [ 77.439023133212103, 23.236741652002934 ], [ 77.439005033212098, 23.236832651976641 ] ] ] } },
{ "type": "Feature", "properties": { }, "geometry": { "type": "Polygon", "coordinates": [ [ [ 77.430076933212121, 23.228696854326685 ], [ 77.43008293321212, 23.22876835430603 ], [ 77.430151833212108, 23.228763454307455 ], [ 77.430145833212109, 23.228691954328092 ], [ 77.430076933212121, 23.228696854326685 ] ] ] } },
{ "type": "Feature", "properties": { }, "geometry": { "type": "Polygon", "coordinates": [ [ [ 77.437555533212105, 23.236974651935618 ], [ 77.437629433212095, 23.236979651934174 ], [ 77.437638933212114, 23.236862051968146 ], [ 77.43756493321213, 23.236857051969587 ], [ 77.437555533212105, 23.236974651935618 ] ] ] } },
{ "type": "Feature", "properties": { }, "geometry": { "type": "Polygon", "coordinates": [ [ [ 77.429819733212113, 23.228830954287957 ], [ 77.429881233212114, 23.228859154279807 ], [ 77.429929233212121, 23.228770754305337 ], [ 77.429867833212114, 23.228742554313484 ], [ 77.429819733212113, 23.228830954287957 ] ] ] } },
{ "type": "Feature", "properties": { }, "geometry": { "type": "Polygon", "coordinates": [ [ [ 77.437519833212107, 23.237315751837077 ], [ 77.437550033212119, 23.237192251872756 ], [ 77.437483433212108, 23.237178551876713 ], [ 77.437453233212111, 23.237301951841062 ], [ 77.437519833212107, 23.237315751837077 ] ] ] } },
{ "type": "Feature", "properties": { }, "geometry": { "type": "Polygon", "coordinates": [ [ [ 77.430277133212115, 23.228968254248301 ], [ 77.43038613321211, 23.228777454303401 ], [ 77.430308533212113, 23.228739954314232 ], [ 77.430199533212132, 23.228930854259097 ], [ 77.430277133212115, 23.228968254248301 ] ] ] } },
{ "type": "Feature", "properties": { }, "geometry": { "type": "Polygon", "coordinates": [ [ [ 77.43726373321212, 23.236915051952842 ], [ 77.437341833212116, 23.236922351950728 ], [ 77.437354633212109, 23.236806651984153 ], [ 77.437276633212093, 23.23679935198626 ], [ 77.43726373321212, 23.236915051952842 ] ] ] } },
{ "type": "Feature", "properties": { }, "geometry": { "type": "Polygon", "coordinates": [ [ [ 77.431874333212107, 23.23064625376367 ], [ 77.432019333212111, 23.230654553761269 ], [ 77.432025633212106, 23.230561753788077 ], [ 77.431880633212117, 23.230553453790467 ], [ 77.431874333212107, 23.23064625376367 ] ] ] } },
{ "type": "Feature", "properties": { }, "geometry": { "type": "Polygon", "coordinates": [ [ [ 77.437146633212109, 23.237046451914871 ], [ 77.437236533212115, 23.237054151912645 ], [ 77.437248333212111, 23.236938651946019 ], [ 77.437158433212119, 23.236930851948276 ], [ 77.437146633212109, 23.237046451914871 ] ] ] } },
{ "type": "Feature", "properties": { }, "geometry": { "type": "Polygon", "coordinates": [ [ [ 77.431384833212121, 23.2287310543168 ], [ 77.431406133212121, 23.22883145428781 ], [ 77.431571133212103, 23.228801854296357 ], [ 77.431549833212102, 23.228701554325326 ], [ 77.431384833212121, 23.2287310543168 ] ] ] } },
{ "type": "Feature", "properties": { }, "geometry": { "type": "Polygon", "coordinates": [ [ [ 77.437161533212134, 23.236902651956417 ], [ 77.43725863321211, 23.236910751954078 ], [ 77.437269933212107, 23.236795651987329 ], [ 77.437172733212108, 23.236787551989668 ], [ 77.437161533212134, 23.236902651956417 ] ] ] } },
{ "type": "Feature", "properties": { }, "geometry": { "type": "Polygon", "coordinates": [ [ [ 77.427015933212118, 23.229429954114956 ], [ 77.427226733212109, 23.229417554118537 ], [ 77.427221133212129, 23.229336854141842 ], [ 77.427010233212116, 23.229349254138267 ], [ 77.427015933212118, 23.229429954114956 ] ] ] } },
{ "type": "Feature", "properties": { }, "geometry": { "type": "Polygon", "coordinates": [ [ [ 77.440721933212117, 23.237136051888992 ], [ 77.440868733212113, 23.237143451886851 ], [ 77.440876833212116, 23.237007651926081 ], [ 77.44073003321212, 23.237000251928226 ], [ 77.440721933212117, 23.237136051888992 ] ] ] } },
{ "type": "Feature", "properties": { }, "geometry": { "type": "Polygon", "coordinates": [ [ [ 77.428798533212117, 23.230322753857099 ], [ 77.42883343321212, 23.23051375380194 ], [ 77.428893933212095, 23.230504353804651 ], [ 77.428859033212106, 23.230313353859813 ], [ 77.428798533212117, 23.230322753857099 ] ] ] } },
{ "type": "Feature", "properties": { }, "geometry": { "type": "Polygon", "coordinates": [ [ [ 77.437437433212111, 23.234994352507705 ], [ 77.437529233212118, 23.235008652503581 ], [ 77.437549333212118, 23.234899452535121 ], [ 77.437457533212111, 23.234885152539249 ], [ 77.437437433212111, 23.234994352507705 ] ] ] } },
{ "type": "Feature", "properties": { }, "geometry": { "type": "Polygon", "coordinates": [ [ [ 77.429974333212115, 23.228931054259043 ], [ 77.430025733212133, 23.22883145428781 ], [ 77.429960833212121, 23.228803154295985 ], [ 77.429909433212103, 23.228902754267217 ], [ 77.429974333212115, 23.228931054259043 ] ] ] } },
{ "type": "Feature", "properties": { }, "geometry": { "type": "Polygon", "coordinates": [ [ [ 77.437515533212135, 23.237494951785298 ], [ 77.437620233212101, 23.237516551779066 ], [ 77.437655633212103, 23.237371451820984 ], [ 77.437551033212117, 23.237349851827219 ], [ 77.437515533212135, 23.237494951785298 ] ] ] } },
{ "type": "Feature", "properties": { }, "geometry": { "type": "Polygon", "coordinates": [ [ [ 77.43169333321211, 23.230585253781282 ], [ 77.43182073321212, 23.230602453776317 ], [ 77.431838433212121, 23.230491753808288 ], [ 77.43171103321211, 23.23047445381329 ], [ 77.43169333321211, 23.230585253781282 ] ] ] } },
{ "type": "Feature", "properties": { }, "geometry": { "type": "Polygon", "coordinates": [ [ [ 77.426166733212114, 23.229924653972084 ], [ 77.42624753321212, 23.229714254032853 ], [ 77.426067733212108, 23.229655954049679 ], [ 77.425986933212101, 23.229866453988894 ], [ 77.426166733212114, 23.229924653972084 ] ] ] } },
{ "type": "Feature", "properties": { }, "geometry": { "type": "Polygon", "coordinates": [ [ [ 77.440017333212111, 23.230608953774443 ], [ 77.440238633212118, 23.230606453775167 ], [ 77.440233933212113, 23.230251953877548 ], [ 77.440012633212135, 23.230254453876828 ], [ 77.440017333212111, 23.230608953774443 ] ] ] } },
{ "type": "Feature", "properties": { }, "geometry": { "type": "Polygon", "coordinates": [ [ [ 77.430815533212112, 23.228385354416645 ], [ 77.430776833212121, 23.228429254403963 ], [ 77.43082983321213, 23.228468754392555 ], [ 77.43086853321212, 23.22842485440524 ], [ 77.430815533212112, 23.228385354416645 ] ] ] } },
{ "type": "Feature", "properties": { }, "geometry": { "type": "Polygon", "coordinates": [ [ [ 77.437048633212115, 23.237398751813092 ], [ 77.437159033212126, 23.237421551806506 ], [ 77.437189933212125, 23.237295351842974 ], [ 77.437079433212119, 23.237272551849554 ], [ 77.437048633212115, 23.237398751813092 ] ] ] } },
{ "type": "Feature", "properties": { }, "geometry": { "type": "Polygon", "coordinates": [ [ [ 77.427012733212123, 23.229591454068316 ], [ 77.427221033212106, 23.229586454069761 ], [ 77.427218033212114, 23.229480354100403 ], [ 77.427009733212117, 23.229485254098986 ], [ 77.427012733212123, 23.229591454068316 ] ] ] } },
{ "type": "Feature", "properties": { }, "geometry": { "type": "Polygon", "coordinates": [ [ [ 77.440315733212103, 23.23677525199323 ], [ 77.440476133212115, 23.236783351990887 ], [ 77.440483533212102, 23.236660052026505 ], [ 77.440323133212118, 23.236651952028851 ], [ 77.440315733212103, 23.23677525199323 ] ] ] } },
{ "type": "Feature", "properties": { }, "geometry": { "type": "Polygon", "coordinates": [ [ [ 77.429524633212111, 23.230416053830151 ], [ 77.429559133212109, 23.230417253829803 ], [ 77.429567233212111, 23.230231853883353 ], [ 77.429532633212119, 23.230230553883725 ], [ 77.429524633212111, 23.230416053830151 ] ] ] } },
{ "type": "Feature", "properties": { }, "geometry": { "type": "Polygon", "coordinates": [ [ [ 77.437461333212127, 23.234867352544388 ], [ 77.437555233212109, 23.234882752539946 ], [ 77.437576533212109, 23.234773052571633 ], [ 77.437482633212113, 23.234757652576086 ], [ 77.437461333212127, 23.234867352544388 ] ] ] } },
{ "type": "Feature", "properties": { }, "geometry": { "type": "Polygon", "coordinates": [ [ [ 77.437169033212115, 23.237276151848512 ], [ 77.437201333212116, 23.237143951886708 ], [ 77.437108933212116, 23.237124951892195 ], [ 77.437076633212115, 23.23725705185403 ], [ 77.437169033212115, 23.237276151848512 ] ] ] } },
{ "type": "Feature", "properties": { }, "geometry": { "type": "Polygon", "coordinates": [ [ [ 77.438941533212102, 23.236464552082989 ], [ 77.439062333212121, 23.23648475207715 ], [ 77.439078933212102, 23.236400952101359 ], [ 77.438958133212125, 23.236380752107195 ], [ 77.438941533212102, 23.236464552082989 ] ] ] } },
{ "type": "Feature", "properties": { }, "geometry": { "type": "Polygon", "coordinates": [ [ [ 77.43942923321211, 23.236587652047422 ], [ 77.439551333212108, 23.236606052042106 ], [ 77.439563633212103, 23.23653705206204 ], [ 77.439441533212118, 23.236518652067357 ], [ 77.43942923321211, 23.236587652047422 ] ] ] } },
{ "type": "Feature", "properties": { }, "geometry": { "type": "Polygon", "coordinates": [ [ [ 77.437338633212121, 23.237443551800148 ], [ 77.437429033212112, 23.23746215179478 ], [ 77.437454933212123, 23.237356151825402 ], [ 77.437364533212119, 23.23733755183078 ], [ 77.437338633212121, 23.237443551800148 ] ] ] } },
{ "type": "Feature", "properties": { }, "geometry": { "type": "Polygon", "coordinates": [ [ [ 77.438894833212117, 23.236624552036762 ], [ 77.439021533212113, 23.236645752030636 ], [ 77.439034733212097, 23.236579352049823 ], [ 77.438907933212136, 23.236558152055945 ], [ 77.438894833212117, 23.236624552036762 ] ] ] } },
{ "type": "Feature", "properties": { }, "geometry": { "type": "Polygon", "coordinates": [ [ [ 77.439285933212119, 23.236579552049761 ], [ 77.439410333212123, 23.236598252044359 ], [ 77.439423533212135, 23.2365240520658 ], [ 77.439299233212111, 23.236505352071198 ], [ 77.439285933212119, 23.236579552049761 ] ] ] } },
{ "type": "Feature", "properties": { }, "geometry": { "type": "Polygon", "coordinates": [ [ [ 77.439036633212112, 23.236656152027635 ], [ 77.439157333212094, 23.236676352021796 ], [ 77.439172333212113, 23.236600452043724 ], [ 77.439051733212111, 23.23658025204956 ], [ 77.439036633212112, 23.236656152027635 ] ] ] } },
{ "type": "Feature", "properties": { }, "geometry": { "type": "Polygon", "coordinates": [ [ [ 77.438853633212119, 23.236911351953907 ], [ 77.438983533212109, 23.236933051947641 ], [ 77.43900243321211, 23.236837751975163 ], [ 77.43887253321212, 23.236815951981466 ], [ 77.438853633212119, 23.236911351953907 ] ] ] } },
{ "type": "Feature", "properties": { }, "geometry": { "type": "Polygon", "coordinates": [ [ [ 77.437522533212132, 23.237089651902394 ], [ 77.437595633212112, 23.237095951900571 ], [ 77.437606833212115, 23.236987151932006 ], [ 77.437533733212121, 23.236980851933829 ], [ 77.437522533212132, 23.237089651902394 ] ] ] } },
{ "type": "Feature", "properties": { }, "geometry": { "type": "Polygon", "coordinates": [ [ [ 77.438881733212114, 23.236724652007844 ], [ 77.439007433212097, 23.236745652001776 ], [ 77.439025433212109, 23.236654752028034 ], [ 77.438899733212097, 23.236633652034133 ], [ 77.438881733212114, 23.236724652007844 ] ] ] } },
{ "type": "Feature", "properties": { }, "geometry": { "type": "Polygon", "coordinates": [ [ [ 77.440154333212107, 23.236765151996142 ], [ 77.440305133212121, 23.236769451994903 ], [ 77.440309233212119, 23.236648352029885 ], [ 77.440158433212119, 23.236644052031128 ], [ 77.440154333212107, 23.236765151996142 ] ] ] } },
{ "type": "Feature", "properties": { }, "geometry": { "type": "Polygon", "coordinates": [ [ [ 77.439055933212117, 23.236573352051554 ], [ 77.439183333212114, 23.23659475204537 ], [ 77.439200433212108, 23.236508752070215 ], [ 77.439072933212103, 23.236487452076368 ], [ 77.439055933212117, 23.236573352051554 ] ] ] } },
{ "type": "Feature", "properties": { }, "geometry": { "type": "Polygon", "coordinates": [ [ [ 77.437351333212121, 23.237287751845162 ], [ 77.437438933212135, 23.237305851839935 ], [ 77.43747023321211, 23.237182651875525 ], [ 77.437472533212116, 23.237168651879571 ], [ 77.437384833212121, 23.237150551884802 ], [ 77.437383233212117, 23.23715715188289 ], [ 77.437351333212121, 23.237287751845162 ] ] ] } },
{ "type": "Feature", "properties": { }, "geometry": { "type": "Polygon", "coordinates": [ [ [ 77.436001033212108, 23.240046551048085 ], [ 77.435982533212112, 23.240134951022544 ], [ 77.436107933212114, 23.240157151016128 ], [ 77.43612643321211, 23.2400686510417 ], [ 77.436001033212108, 23.240046551048085 ] ] ] } },
{ "type": "Feature", "properties": { }, "geometry": { "type": "Polygon", "coordinates": [ [ [ 77.436162533212112, 23.241322250679477 ], [ 77.436237833212104, 23.241341350673959 ], [ 77.436272633212113, 23.241225750707361 ], [ 77.436197333212121, 23.241206650712883 ], [ 77.436162533212112, 23.241322250679477 ] ] ] } },
{ "type": "Feature", "properties": { }, "geometry": { "type": "Polygon", "coordinates": [ [ [ 77.437254433212132, 23.238738351426061 ], [ 77.437369933212111, 23.238754651421353 ], [ 77.437402933212113, 23.238556551478599 ], [ 77.437287533212114, 23.2385402514833 ], [ 77.437254433212132, 23.238738351426061 ] ] ] } },
{ "type": "Feature", "properties": { }, "geometry": { "type": "Polygon", "coordinates": [ [ [ 77.436460733212115, 23.239825851111853 ], [ 77.436561033212115, 23.239853451103883 ], [ 77.436600633212109, 23.239732051138958 ], [ 77.436500233212101, 23.239704451146931 ], [ 77.436460733212115, 23.239825851111853 ] ] ] } },
{ "type": "Feature", "properties": { }, "geometry": { "type": "Polygon", "coordinates": [ [ [ 77.436422233212113, 23.24139215065928 ], [ 77.436456633212117, 23.241277650692368 ], [ 77.436354633212119, 23.241251750699853 ], [ 77.436320233212101, 23.241366250666758 ], [ 77.436422233212113, 23.24139215065928 ] ] ] } },
{ "type": "Feature", "properties": { }, "geometry": { "type": "Polygon", "coordinates": [ [ [ 77.436080833212117, 23.240406350944127 ], [ 77.436204833212116, 23.240427950937885 ], [ 77.436221233212109, 23.240348650960797 ], [ 77.436097133212115, 23.240327050967036 ], [ 77.436080833212117, 23.240406350944127 ] ] ] } },
{ "type": "Feature", "properties": { }, "geometry": { "type": "Polygon", "coordinates": [ [ [ 77.436505833212109, 23.240001551061091 ], [ 77.436598133212129, 23.240029751052944 ], [ 77.436645233212118, 23.239899151090675 ], [ 77.436552933212099, 23.239871051098788 ], [ 77.436505833212109, 23.240001551061091 ] ] ] } },
{ "type": "Feature", "properties": { }, "geometry": { "type": "Polygon", "coordinates": [ [ [ 77.437200133212116, 23.238292851554782 ], [ 77.43731903321212, 23.238311251549462 ], [ 77.437339833212121, 23.238198151582136 ], [ 77.437220933212117, 23.238179751587456 ], [ 77.437200133212116, 23.238292851554782 ] ] ] } },
{ "type": "Feature", "properties": { }, "geometry": { "type": "Polygon", "coordinates": [ [ [ 77.436260233212124, 23.24054985090266 ], [ 77.436242933212128, 23.240627850880127 ], [ 77.436386633212123, 23.240654750872359 ], [ 77.436403833212097, 23.240576650894919 ], [ 77.436260233212124, 23.24054985090266 ] ] ] } },
{ "type": "Feature", "properties": { }, "geometry": { "type": "Polygon", "coordinates": [ [ [ 77.436710933212112, 23.239179051298741 ], [ 77.436797233212118, 23.239188251296074 ], [ 77.436814033212116, 23.239055951334304 ], [ 77.436727733212109, 23.239046651336988 ], [ 77.436710933212112, 23.239179051298741 ] ] ] } },
{ "type": "Feature", "properties": { }, "geometry": { "type": "Polygon", "coordinates": [ [ [ 77.43632373321212, 23.240995950773758 ], [ 77.436456633212117, 23.241027550764631 ], [ 77.436475133212113, 23.240962050783562 ], [ 77.436342233212116, 23.240930450792693 ], [ 77.43632373321212, 23.240995950773758 ] ] ] } },
{ "type": "Feature", "properties": { }, "geometry": { "type": "Polygon", "coordinates": [ [ [ 77.437213033212132, 23.240156151016421 ], [ 77.437278233212112, 23.240172451011706 ], [ 77.437304633212122, 23.240083351037455 ], [ 77.437239433212113, 23.240067051042168 ], [ 77.437213033212132, 23.240156151016421 ] ] ] } },
{ "type": "Feature", "properties": { }, "geometry": { "type": "Polygon", "coordinates": [ [ [ 77.436407733212121, 23.239961951072534 ], [ 77.436503233212107, 23.239988951064735 ], [ 77.436540733212112, 23.239876851097119 ], [ 77.436445233212098, 23.239849851104921 ], [ 77.436407733212121, 23.239961951072534 ] ] ] } },
{ "type": "Feature", "properties": { }, "geometry": { "type": "Polygon", "coordinates": [ [ [ 77.436021033212114, 23.240648650874117 ], [ 77.436149833212113, 23.240669550868081 ], [ 77.436164933212112, 23.240591250890699 ], [ 77.436036133212099, 23.24057025089677 ], [ 77.436021033212114, 23.240648650874117 ] ] ] } },
{ "type": "Feature", "properties": { }, "geometry": { "type": "Polygon", "coordinates": [ [ [ 77.436859333212112, 23.240067951041905 ], [ 77.4369318332121, 23.240088951035833 ], [ 77.436966233212118, 23.23998865106482 ], [ 77.436893733212116, 23.239967651070888 ], [ 77.436859333212112, 23.240067951041905 ] ] ] } },
{ "type": "Feature", "properties": { }, "geometry": { "type": "Polygon", "coordinates": [ [ [ 77.436774833212112, 23.238998251350974 ], [ 77.436863233212108, 23.239008151348113 ], [ 77.436877533212112, 23.238900851379118 ], [ 77.436789033212108, 23.238890851382003 ], [ 77.436774833212112, 23.238998251350974 ] ] ] } },
{ "type": "Feature", "properties": { }, "geometry": { "type": "Polygon", "coordinates": [ [ [ 77.437837633212098, 23.240356750958462 ], [ 77.43787563321213, 23.240241250991833 ], [ 77.437796733212124, 23.24021935099816 ], [ 77.437758833212101, 23.240334950964755 ], [ 77.437837633212098, 23.240356750958462 ] ] ] } },
{ "type": "Feature", "properties": { }, "geometry": { "type": "Polygon", "coordinates": [ [ [ 77.437331933212121, 23.238302351552033 ], [ 77.437316833212094, 23.23838575152794 ], [ 77.437433433212121, 23.238403551522801 ], [ 77.43744853321212, 23.238320251546863 ], [ 77.437331933212121, 23.238302351552033 ] ] ] } },
{ "type": "Feature", "properties": { }, "geometry": { "type": "Polygon", "coordinates": [ [ [ 77.436412033212108, 23.239149151307377 ], [ 77.436532933212121, 23.239163151303327 ], [ 77.436550633212121, 23.239034151340601 ], [ 77.436429733212108, 23.23902015134464 ], [ 77.436412033212108, 23.239149151307377 ] ] ] } },
{ "type": "Feature", "properties": { }, "geometry": { "type": "Polygon", "coordinates": [ [ [ 77.436221833212116, 23.239849951104894 ], [ 77.436203133212118, 23.239929151082006 ], [ 77.436311233212109, 23.239950851075736 ], [ 77.43633003321213, 23.239871651098618 ], [ 77.436221833212116, 23.239849951104894 ] ] ] } },
{ "type": "Feature", "properties": { }, "geometry": { "type": "Polygon", "coordinates": [ [ [ 77.436910933212118, 23.23795225165318 ], [ 77.437091333212095, 23.237978951645466 ], [ 77.43711253321213, 23.237858351680309 ], [ 77.436932133212125, 23.237831551688053 ], [ 77.436910933212118, 23.23795225165318 ] ] ] } },
{ "type": "Feature", "properties": { }, "geometry": { "type": "Polygon", "coordinates": [ [ [ 77.436279133212111, 23.2404718509252 ], [ 77.436262933212134, 23.240544750904139 ], [ 77.436414633212109, 23.24057315089593 ], [ 77.43643073321212, 23.240500250916998 ], [ 77.436279133212111, 23.2404718509252 ] ] ] } },
{ "type": "Feature", "properties": { }, "geometry": { "type": "Polygon", "coordinates": [ [ [ 77.436703933212115, 23.239343851251121 ], [ 77.436779533212118, 23.239352951248492 ], [ 77.436795433212112, 23.23924115128079 ], [ 77.436719833212123, 23.23923205128342 ], [ 77.436703933212115, 23.239343851251121 ] ] ] } },
{ "type": "Feature", "properties": { }, "geometry": { "type": "Polygon", "coordinates": [ [ [ 77.435941833212112, 23.240291750977242 ], [ 77.435927133212118, 23.240352250959763 ], [ 77.436055133212108, 23.240378650952128 ], [ 77.43606993321211, 23.24031815096961 ], [ 77.435941833212112, 23.240291750977242 ] ] ] } },
{ "type": "Feature", "properties": { }, "geometry": { "type": "Polygon", "coordinates": [ [ [ 77.436349133212104, 23.240927350793587 ], [ 77.436477733212101, 23.240958050784716 ], [ 77.436498933212135, 23.240882850806447 ], [ 77.43637033321211, 23.240852150815318 ], [ 77.436349133212104, 23.240927350793587 ] ] ] } },
{ "type": "Feature", "properties": { }, "geometry": { "type": "Polygon", "coordinates": [ [ [ 77.436422433212115, 23.239300551263625 ], [ 77.436439233212113, 23.239194351294316 ], [ 77.436360133212119, 23.239183751297375 ], [ 77.436343333212108, 23.239290051266668 ], [ 77.436422433212115, 23.239300551263625 ] ] ] } },
{ "type": "Feature", "properties": { }, "geometry": { "type": "Polygon", "coordinates": [ [ [ 77.438082433212116, 23.240430250937223 ], [ 77.438173533212108, 23.240455450929939 ], [ 77.438207533212122, 23.240351950959848 ], [ 77.438116433212116, 23.240326750967125 ], [ 77.438082433212116, 23.240430250937223 ] ] ] } },
{ "type": "Feature", "properties": { }, "geometry": { "type": "Polygon", "coordinates": [ [ [ 77.437907933212117, 23.240385050950284 ], [ 77.437947633212119, 23.240264350985157 ], [ 77.437887433212097, 23.240247650989978 ], [ 77.437847833212132, 23.240368350955105 ], [ 77.437907933212117, 23.240385050950284 ] ] ] } },
{ "type": "Feature", "properties": { }, "geometry": { "type": "Polygon", "coordinates": [ [ [ 77.43734433321211, 23.238240451569919 ], [ 77.437333533212112, 23.238300051552699 ], [ 77.437455033212103, 23.238318651547321 ], [ 77.437465833212116, 23.23825905156454 ], [ 77.43734433321211, 23.238240451569919 ] ] ] } },
{ "type": "Feature", "properties": { }, "geometry": { "type": "Polygon", "coordinates": [ [ [ 77.43672923321212, 23.241294350687543 ], [ 77.436813733212119, 23.241311550682571 ], [ 77.436842233212104, 23.241193650716642 ], [ 77.436757733212133, 23.241176450721607 ], [ 77.43672923321212, 23.241294350687543 ] ] ] } },
{ "type": "Feature", "properties": { }, "geometry": { "type": "Polygon", "coordinates": [ [ [ 77.437120633212118, 23.240157151016128 ], [ 77.437202733212104, 23.240178551009951 ], [ 77.437237833212109, 23.240064951042772 ], [ 77.437155633212114, 23.240043551048952 ], [ 77.437120633212118, 23.240157151016128 ] ] ] } },
{ "type": "Feature", "properties": { }, "geometry": { "type": "Polygon", "coordinates": [ [ [ 77.437100933212108, 23.237997551640092 ], [ 77.437200033212108, 23.238010551636339 ], [ 77.437221333212108, 23.237873651675891 ], [ 77.437122233212108, 23.237860651679643 ], [ 77.437100933212108, 23.237997551640092 ] ] ] } },
{ "type": "Feature", "properties": { }, "geometry": { "type": "Polygon", "coordinates": [ [ [ 77.436774033212117, 23.240047151047918 ], [ 77.43685633321212, 23.240069751041389 ], [ 77.436891833212115, 23.239960451072967 ], [ 77.436809533212113, 23.239937951079465 ], [ 77.436774033212117, 23.240047151047918 ] ] ] } },
{ "type": "Feature", "properties": { }, "geometry": { "type": "Polygon", "coordinates": [ [ [ 77.436104333212114, 23.240319450969231 ], [ 77.436222933212093, 23.240342250962644 ], [ 77.436241833212108, 23.240259350986598 ], [ 77.436123133212135, 23.240236550993181 ], [ 77.436104333212114, 23.240319450969231 ] ] ] } },
{ "type": "Feature", "properties": { }, "geometry": { "type": "Polygon", "coordinates": [ [ [ 77.437260533212111, 23.238924051372411 ], [ 77.437342433212109, 23.238932851369864 ], [ 77.437358433212111, 23.238807051406216 ], [ 77.437276533212113, 23.23879825140876 ], [ 77.437260533212111, 23.238924051372411 ] ] ] } },
{ "type": "Feature", "properties": { }, "geometry": { "type": "Polygon", "coordinates": [ [ [ 77.436690333212098, 23.240014951057219 ], [ 77.436765233212114, 23.240036251051059 ], [ 77.436798733212129, 23.23993675107981 ], [ 77.436723833212113, 23.239915451085963 ], [ 77.436690333212098, 23.240014951057219 ] ] ] } },
{ "type": "Feature", "properties": { }, "geometry": { "type": "Polygon", "coordinates": [ [ [ 77.435959933212118, 23.240227050995934 ], [ 77.435944833212119, 23.240289050978017 ], [ 77.436071633212109, 23.240315150970478 ], [ 77.436086733212093, 23.240253150988391 ], [ 77.435959933212118, 23.240227050995934 ] ] ] } },
{ "type": "Feature", "properties": { }, "geometry": { "type": "Polygon", "coordinates": [ [ [ 77.4363676332121, 23.240843450817831 ], [ 77.436494433212118, 23.240873650809107 ], [ 77.436512433212116, 23.24080975082757 ], [ 77.436385633212126, 23.240779550836294 ], [ 77.4363676332121, 23.240843450817831 ] ] ] } },
{ "type": "Feature", "properties": { }, "geometry": { "type": "Polygon", "coordinates": [ [ [ 77.438269833212118, 23.240805150828898 ], [ 77.438233233212117, 23.240876850808178 ], [ 77.438352333212123, 23.240928250793331 ], [ 77.43838893321211, 23.240856550814048 ], [ 77.438269833212118, 23.240805150828898 ] ] ] } },
{ "type": "Feature", "properties": { }, "geometry": { "type": "Polygon", "coordinates": [ [ [ 77.437484133212109, 23.241096950744577 ], [ 77.437562033212117, 23.241114550739489 ], [ 77.437592133212107, 23.241001750772085 ], [ 77.437514333212121, 23.240984150777177 ], [ 77.437484133212109, 23.241096950744577 ] ] ] } },
{ "type": "Feature", "properties": { }, "geometry": { "type": "Polygon", "coordinates": [ [ [ 77.437191733212117, 23.23814675159699 ], [ 77.437346333212119, 23.23816565159153 ], [ 77.437362033212111, 23.238056851622964 ], [ 77.437207533212103, 23.238037951628421 ], [ 77.437191733212117, 23.23814675159699 ] ] ] } },
{ "type": "Feature", "properties": { }, "geometry": { "type": "Polygon", "coordinates": [ [ [ 77.435863833212125, 23.241110650740623 ], [ 77.435939533212121, 23.24112605073617 ], [ 77.435970933212133, 23.240996050773738 ], [ 77.435895133212114, 23.240980650778187 ], [ 77.435863833212125, 23.241110650740623 ] ] ] } },
{ "type": "Feature", "properties": { }, "geometry": { "type": "Polygon", "coordinates": [ [ [ 77.435719233212112, 23.241200950714532 ], [ 77.435798033212109, 23.241220950708751 ], [ 77.435827033212135, 23.2411245507366 ], [ 77.435748233212109, 23.241104450742412 ], [ 77.435719233212112, 23.241200950714532 ] ] ] } },
{ "type": "Feature", "properties": { }, "geometry": { "type": "Polygon", "coordinates": [ [ [ 77.437144833212116, 23.239038951339211 ], [ 77.43732023321212, 23.23905755133384 ], [ 77.437333433212117, 23.238953451363919 ], [ 77.43715793321212, 23.238934751369317 ], [ 77.437144833212116, 23.239038951339211 ] ] ] } },
{ "type": "Feature", "properties": { }, "geometry": { "type": "Polygon", "coordinates": [ [ [ 77.43737903321211, 23.24022185099744 ], [ 77.437493633212114, 23.240254750987933 ], [ 77.437527533212119, 23.240155251016677 ], [ 77.437412933212116, 23.240122251026218 ], [ 77.43737903321211, 23.24022185099744 ] ] ] } },
{ "type": "Feature", "properties": { }, "geometry": { "type": "Polygon", "coordinates": [ [ [ 77.438065633212119, 23.240890050804367 ], [ 77.438023133212113, 23.240960650783968 ], [ 77.438133433212116, 23.241016650767783 ], [ 77.438175933212094, 23.240946150788151 ], [ 77.438065633212119, 23.240890050804367 ] ] ] } },
{ "type": "Feature", "properties": { }, "geometry": { "type": "Polygon", "coordinates": [ [ [ 77.438229933212114, 23.240314550970652 ], [ 77.43830403321212, 23.240335150964704 ], [ 77.438343733212108, 23.240214350999608 ], [ 77.438269633212101, 23.240193751005553 ], [ 77.438229933212114, 23.240314550970652 ] ] ] } },
{ "type": "Feature", "properties": { }, "geometry": { "type": "Polygon", "coordinates": [ [ [ 77.435822833212129, 23.24076165084147 ], [ 77.43579593321212, 23.240881550806822 ], [ 77.435904633212132, 23.240902150800867 ], [ 77.435931633212107, 23.240782350835481 ], [ 77.435822833212129, 23.24076165084147 ] ] ] } },
{ "type": "Feature", "properties": { }, "geometry": { "type": "Polygon", "coordinates": [ [ [ 77.436563733212111, 23.239854051103709 ], [ 77.436662433212135, 23.239881051095907 ], [ 77.436703333212122, 23.239754751132399 ], [ 77.436604633212113, 23.239727751140201 ], [ 77.436563733212111, 23.239854051103709 ] ] ] } },
{ "type": "Feature", "properties": { }, "geometry": { "type": "Polygon", "coordinates": [ [ [ 77.437566633212114, 23.241116650738885 ], [ 77.437639533212106, 23.241131950734466 ], [ 77.437666633212132, 23.241022550766079 ], [ 77.437593733212111, 23.241007250770497 ], [ 77.437566633212114, 23.241116650738885 ] ] ] } },
{ "type": "Feature", "properties": { }, "geometry": { "type": "Polygon", "coordinates": [ [ [ 77.437059033212108, 23.239391751237278 ], [ 77.437143833212133, 23.239401451234482 ], [ 77.437157733212103, 23.239298651264178 ], [ 77.437072833212113, 23.239288951266985 ], [ 77.437059033212108, 23.239391751237278 ] ] ] } },
{ "type": "Feature", "properties": { }, "geometry": { "type": "Polygon", "coordinates": [ [ [ 77.436718433212135, 23.241458550640093 ], [ 77.436857733212108, 23.241493950629863 ], [ 77.43689223321212, 23.24137905066307 ], [ 77.436752933212119, 23.241343750673266 ], [ 77.436718433212135, 23.241458550640093 ] ] ] } },
{ "type": "Feature", "properties": { }, "geometry": { "type": "Polygon", "coordinates": [ [ [ 77.436510333212098, 23.239312251260252 ], [ 77.436526933212107, 23.2392068512907 ], [ 77.436443933212132, 23.239195751293906 ], [ 77.436427333212109, 23.239301151263462 ], [ 77.436510333212098, 23.239312251260252 ] ] ] } },
{ "type": "Feature", "properties": { }, "geometry": { "type": "Polygon", "coordinates": [ [ [ 77.435755433212108, 23.24106605075351 ], [ 77.435837533212094, 23.241082750748689 ], [ 77.435865133212118, 23.240968550781684 ], [ 77.435782933212096, 23.240951850786505 ], [ 77.435755433212108, 23.24106605075351 ] ] ] } },
{ "type": "Feature", "properties": { }, "geometry": { "type": "Polygon", "coordinates": [ [ [ 77.436218233212117, 23.240811550827047 ], [ 77.436201133212123, 23.240888850804716 ], [ 77.436348933212116, 23.240916450796739 ], [ 77.43636603321211, 23.240839150819067 ], [ 77.436218233212117, 23.240811550827047 ] ] ] } },
{ "type": "Feature", "properties": { }, "geometry": { "type": "Polygon", "coordinates": [ [ [ 77.437718533212134, 23.238920851373337 ], [ 77.437782033212116, 23.238553751479397 ], [ 77.437660633212118, 23.238535951484543 ], [ 77.437597133212108, 23.238903051378479 ], [ 77.437718533212134, 23.238920851373337 ] ] ] } },
{ "type": "Feature", "properties": { }, "geometry": { "type": "Polygon", "coordinates": [ [ [ 77.436820933212118, 23.241310350682923 ], [ 77.436906533212095, 23.24132775067789 ], [ 77.43693963321212, 23.241190650717506 ], [ 77.436854033212114, 23.241173150722563 ], [ 77.436820933212118, 23.241310350682923 ] ] ] } },
{ "type": "Feature", "properties": { }, "geometry": { "type": "Polygon", "coordinates": [ [ [ 77.437792233212093, 23.241175650721839 ], [ 77.437842333212117, 23.241187950718288 ], [ 77.437879233212115, 23.241061550754804 ], [ 77.437829133212134, 23.241049150758389 ], [ 77.437792233212093, 23.241175650721839 ] ] ] } },
{ "type": "Feature", "properties": { }, "geometry": { "type": "Polygon", "coordinates": [ [ [ 77.438341133212106, 23.24049215091933 ], [ 77.438409333212121, 23.240511650913703 ], [ 77.43844973321211, 23.240392650948088 ], [ 77.438381533212123, 23.240373050953746 ], [ 77.438341133212106, 23.24049215091933 ] ] ] } },
{ "type": "Feature", "properties": { }, "geometry": { "type": "Polygon", "coordinates": [ [ [ 77.438060933212114, 23.240266850984433 ], [ 77.438147133212112, 23.240291650977269 ], [ 77.43819033321212, 23.240165151013816 ], [ 77.438104233212115, 23.240140251021014 ], [ 77.438060933212114, 23.240266850984433 ] ] ] } },
{ "type": "Feature", "properties": { }, "geometry": { "type": "Polygon", "coordinates": [ [ [ 77.437629933212108, 23.240310250971895 ], [ 77.437752733212108, 23.240344250962071 ], [ 77.437794533212127, 23.240217050998822 ], [ 77.437671733212113, 23.24018305100865 ], [ 77.437629933212108, 23.240310250971895 ] ] ] } },
{ "type": "Feature", "properties": { }, "geometry": { "type": "Polygon", "coordinates": [ [ [ 77.437153433212117, 23.239408751232368 ], [ 77.437234033212107, 23.239415551230405 ], [ 77.437244633212117, 23.239308951261201 ], [ 77.437164033212113, 23.239302151263168 ], [ 77.437153433212117, 23.239408751232368 ] ] ] } },
{ "type": "Feature", "properties": { }, "geometry": { "type": "Polygon", "coordinates": [ [ [ 77.438228233212101, 23.240880750807051 ], [ 77.438193633212094, 23.240948550787461 ], [ 77.438310733212134, 23.240999050772871 ], [ 77.438345333212126, 23.240931350792433 ], [ 77.438228233212101, 23.240880750807051 ] ] ] } },
{ "type": "Feature", "properties": { }, "geometry": { "type": "Polygon", "coordinates": [ [ [ 77.437432333212115, 23.24008315103751 ], [ 77.437535033212114, 23.240112151029134 ], [ 77.437573933212121, 23.239995751062764 ], [ 77.437471233212108, 23.239966751071144 ], [ 77.437432333212115, 23.24008315103751 ] ] ] } },
{ "type": "Feature", "properties": { }, "geometry": { "type": "Polygon", "coordinates": [ [ [ 77.436014533212116, 23.239890851093072 ], [ 77.436172133212111, 23.239923451083659 ], [ 77.436196633212134, 23.239823751112461 ], [ 77.436039033212126, 23.239791051121909 ], [ 77.436014533212116, 23.239890851093072 ] ] ] } },
{ "type": "Feature", "properties": { }, "geometry": { "type": "Polygon", "coordinates": [ [ [ 77.436607333212109, 23.239325151256519 ], [ 77.436624533212111, 23.239216051288043 ], [ 77.436532933212121, 23.23920385129157 ], [ 77.436515733212119, 23.23931295126005 ], [ 77.436607333212109, 23.239325151256519 ] ] ] } },
{ "type": "Feature", "properties": { }, "geometry": { "type": "Polygon", "coordinates": [ [ [ 77.435825533212096, 23.241260550697312 ], [ 77.435942533212113, 23.241290250688728 ], [ 77.435975233212119, 23.241181750720077 ], [ 77.435858233212116, 23.241152050728662 ], [ 77.435825533212096, 23.241260550697312 ] ] ] } },
{ "type": "Feature", "properties": { }, "geometry": { "type": "Polygon", "coordinates": [ [ [ 77.437464033212109, 23.239344651250882 ], [ 77.437445833212109, 23.239485751210122 ], [ 77.437629933212108, 23.239505751204344 ], [ 77.437648133212107, 23.239364651245108 ], [ 77.437464033212109, 23.239344651250882 ] ] ] } },
{ "type": "Feature", "properties": { }, "geometry": { "type": "Polygon", "coordinates": [ [ [ 77.436961433212119, 23.239034951340368 ], [ 77.437048033212108, 23.239044251337681 ], [ 77.437063333212109, 23.238922851372759 ], [ 77.43697673321212, 23.238913651375416 ], [ 77.436961433212119, 23.239034951340368 ] ] ] } },
{ "type": "Feature", "properties": { }, "geometry": { "type": "Polygon", "coordinates": [ [ [ 77.435921133212133, 23.24035605095866 ], [ 77.435900533212134, 23.240440450934269 ], [ 77.436032733212116, 23.240467650926419 ], [ 77.436053333212115, 23.240383250950803 ], [ 77.435921133212133, 23.24035605095866 ] ] ] } },
{ "type": "Feature", "properties": { }, "geometry": { "type": "Polygon", "coordinates": [ [ [ 77.438142733212118, 23.240729250850826 ], [ 77.438274833212105, 23.240773550838028 ], [ 77.438304933212109, 23.240698150859821 ], [ 77.438172833212107, 23.240653750872646 ], [ 77.438142733212118, 23.240729250850826 ] ] ] } },
{ "type": "Feature", "properties": { }, "geometry": { "type": "Polygon", "coordinates": [ [ [ 77.438310733212134, 23.240718150854033 ], [ 77.438440133212112, 23.240779750836236 ], [ 77.438507133212113, 23.240660950870559 ], [ 77.438377733212107, 23.24059935088836 ], [ 77.438310733212134, 23.240718150854033 ] ] ] } },
{ "type": "Feature", "properties": { }, "geometry": { "type": "Polygon", "coordinates": [ [ [ 77.436198533212121, 23.239267251273258 ], [ 77.436340233212121, 23.239286151267788 ], [ 77.436356733212108, 23.239181851297925 ], [ 77.436214933212099, 23.239162951303388 ], [ 77.436198533212121, 23.239267251273258 ] ] ] } },
{ "type": "Feature", "properties": { }, "geometry": { "type": "Polygon", "coordinates": [ [ [ 77.437381133212099, 23.238034251629486 ], [ 77.437525133212119, 23.238051851624402 ], [ 77.437545833212099, 23.237908951665695 ], [ 77.437401833212135, 23.237891351670775 ], [ 77.437381133212099, 23.238034251629486 ] ] ] } },
{ "type": "Feature", "properties": { }, "geometry": { "type": "Polygon", "coordinates": [ [ [ 77.436980533212108, 23.239376351241731 ], [ 77.437050733212118, 23.239384751239303 ], [ 77.437067333212113, 23.239268451272906 ], [ 77.436997133212117, 23.239259951275365 ], [ 77.436980533212108, 23.239376351241731 ] ] ] } },
{ "type": "Feature", "properties": { }, "geometry": { "type": "Polygon", "coordinates": [ [ [ 77.43715793321212, 23.23844475151089 ], [ 77.437144433212097, 23.238519651489248 ], [ 77.437280233212121, 23.2385402514833 ], [ 77.437293633212121, 23.238465351504946 ], [ 77.43715793321212, 23.23844475151089 ] ] ] } },
{ "type": "Feature", "properties": { }, "geometry": { "type": "Polygon", "coordinates": [ [ [ 77.438149533212112, 23.241022450766106 ], [ 77.438104433212104, 23.241103050742815 ], [ 77.438203033212133, 23.241149550729386 ], [ 77.438248133212127, 23.24106895075267 ], [ 77.438149533212112, 23.241022450766106 ] ] ] } },
{ "type": "Feature", "properties": { }, "geometry": { "type": "Polygon", "coordinates": [ [ [ 77.43841693321211, 23.240527850909022 ], [ 77.438575933212121, 23.240573450895848 ], [ 77.438619433212111, 23.240445350932855 ], [ 77.43846033321212, 23.240399750946029 ], [ 77.43841693321211, 23.240527850909022 ] ] ] } },
{ "type": "Feature", "properties": { }, "geometry": { "type": "Polygon", "coordinates": [ [ [ 77.43666753321213, 23.239880051096193 ], [ 77.436739333212103, 23.239900851090184 ], [ 77.436781233212116, 23.239778851125433 ], [ 77.436709433212116, 23.239758051131442 ], [ 77.43666753321213, 23.239880051096193 ] ] ] } },
{ "type": "Feature", "properties": { }, "geometry": { "type": "Polygon", "coordinates": [ [ [ 77.436879933212111, 23.239368351244035 ], [ 77.436972033212101, 23.239379351240864 ], [ 77.43698863321211, 23.23926255127461 ], [ 77.436896633212115, 23.239251451277813 ], [ 77.436879933212111, 23.239368351244035 ] ] ] } },
{ "type": "Feature", "properties": { }, "geometry": { "type": "Polygon", "coordinates": [ [ [ 77.436651733212102, 23.241266550695574 ], [ 77.436723933212122, 23.24128125069133 ], [ 77.436751633212111, 23.241166450724492 ], [ 77.436679333212112, 23.241151750728751 ], [ 77.436651733212102, 23.241266550695574 ] ] ] } },
{ "type": "Feature", "properties": { }, "geometry": { "type": "Polygon", "coordinates": [ [ [ 77.437167733212107, 23.240007551059353 ], [ 77.437245333212118, 23.240030551052712 ], [ 77.437285133212114, 23.239916851085564 ], [ 77.437207533212103, 23.239893951092181 ], [ 77.437167733212107, 23.240007551059353 ] ] ] } },
{ "type": "Feature", "properties": { }, "geometry": { "type": "Polygon", "coordinates": [ [ [ 77.438019933212118, 23.240962150783538 ], [ 77.437972033212134, 23.241038150761575 ], [ 77.438096133212113, 23.241104150742498 ], [ 77.438144033212112, 23.24102815076446 ], [ 77.438019933212118, 23.240962150783538 ] ] ] } },
{ "type": "Feature", "properties": { }, "geometry": { "type": "Polygon", "coordinates": [ [ [ 77.436827833212121, 23.239924951083218 ], [ 77.436920433212109, 23.239951051075682 ], [ 77.436959133212099, 23.239835151109169 ], [ 77.436866533212111, 23.239809051116712 ], [ 77.436827833212121, 23.239924951083218 ] ] ] } },
{ "type": "Feature", "properties": { }, "geometry": { "type": "Polygon", "coordinates": [ [ [ 77.43582783321213, 23.240755250843314 ], [ 77.435942433212119, 23.240776950837045 ], [ 77.435957633212112, 23.24070935085658 ], [ 77.435843033212123, 23.240687550862873 ], [ 77.43582783321213, 23.240755250843314 ] ] ] } },
{ "type": "Feature", "properties": { }, "geometry": { "type": "Polygon", "coordinates": [ [ [ 77.436161333212112, 23.240078451038865 ], [ 77.436292733212113, 23.240099251032856 ], [ 77.436306833212114, 23.240023851054652 ], [ 77.436175433212114, 23.240003151060634 ], [ 77.436161333212112, 23.240078451038865 ] ] ] } },
{ "type": "Feature", "properties": { }, "geometry": { "type": "Polygon", "coordinates": [ [ [ 77.436693833212118, 23.239333851254013 ], [ 77.436710633212115, 23.239227251284813 ], [ 77.436629533212113, 23.23921645128793 ], [ 77.436612733212115, 23.239323051257127 ], [ 77.436693833212118, 23.239333851254013 ] ] ] } },
{ "type": "Feature", "properties": { }, "geometry": { "type": "Polygon", "coordinates": [ [ [ 77.43628033321211, 23.241183050719705 ], [ 77.436352233212119, 23.241197650715485 ], [ 77.436380133212111, 23.241081650749003 ], [ 77.436308333212111, 23.24106705075322 ], [ 77.43628033321211, 23.241183050719705 ] ] ] } },
{ "type": "Feature", "properties": { }, "geometry": { "type": "Polygon", "coordinates": [ [ [ 77.436864933212121, 23.23902755134251 ], [ 77.436959233212107, 23.239037551339614 ], [ 77.436975033212121, 23.238912551375737 ], [ 77.436880733212121, 23.238902451378657 ], [ 77.436864933212121, 23.23902755134251 ] ] ] } },
{ "type": "Feature", "properties": { }, "geometry": { "type": "Polygon", "coordinates": [ [ [ 77.437874733212112, 23.24133835067483 ], [ 77.438005433212112, 23.241373450664689 ], [ 77.438038833212119, 23.24126865069497 ], [ 77.437908133212119, 23.241233550705111 ], [ 77.437874733212112, 23.24133835067483 ] ] ] } },
{ "type": "Feature", "properties": { }, "geometry": { "type": "Polygon", "coordinates": [ [ [ 77.437153033212113, 23.23890865137686 ], [ 77.437249933212115, 23.238919051373863 ], [ 77.437265833212109, 23.238794051409975 ], [ 77.437168933212121, 23.238783651412973 ], [ 77.437153033212113, 23.23890865137686 ] ] ] } },
{ "type": "Feature", "properties": { }, "geometry": { "type": "Polygon", "coordinates": [ [ [ 77.438113733212106, 23.240801250830025 ], [ 77.43822473321211, 23.240851850815403 ], [ 77.438269533212122, 23.24077865083655 ], [ 77.438148733212117, 23.240736450848747 ], [ 77.438113733212106, 23.240801250830025 ] ] ] } },
{ "type": "Feature", "properties": { }, "geometry": { "type": "Polygon", "coordinates": [ [ [ 77.438310733212134, 23.240727350851373 ], [ 77.438271833212127, 23.240803550829355 ], [ 77.438393133212116, 23.240855950814215 ], [ 77.438432133212117, 23.240779750836236 ], [ 77.438310733212134, 23.240727350851373 ] ] ] } },
{ "type": "Feature", "properties": { }, "geometry": { "type": "Polygon", "coordinates": [ [ [ 77.437420133212115, 23.241241750702745 ], [ 77.437523333212098, 23.241265450695892 ], [ 77.437556233212121, 23.241144650730796 ], [ 77.437452933212114, 23.241120950737646 ], [ 77.437420133212115, 23.241241750702745 ] ] ] } },
{ "type": "Feature", "properties": { }, "geometry": { "type": "Polygon", "coordinates": [ [ [ 77.437070433212114, 23.239239551281258 ], [ 77.437155833212117, 23.239249851278284 ], [ 77.437177033212109, 23.239101551321134 ], [ 77.437091533212111, 23.239091251324105 ], [ 77.437070433212114, 23.239239551281258 ] ] ] } },
{ "type": "Feature", "properties": { }, "geometry": { "type": "Polygon", "coordinates": [ [ [ 77.436430133212113, 23.24059295089021 ], [ 77.436535933212113, 23.2406182508829 ], [ 77.436560133212097, 23.240532550907663 ], [ 77.436454333212112, 23.240507350914939 ], [ 77.436430133212113, 23.24059295089021 ] ] ] } },
{ "type": "Feature", "properties": { }, "geometry": { "type": "Polygon", "coordinates": [ [ [ 77.437670933212104, 23.24017715101035 ], [ 77.43786113321211, 23.240232050994489 ], [ 77.437910133212114, 23.240088751035895 ], [ 77.437719933212108, 23.240033851051759 ], [ 77.437670933212104, 23.24017715101035 ] ] ] } },
{ "type": "Feature", "properties": { }, "geometry": { "type": "Polygon", "coordinates": [ [ [ 77.436615233212109, 23.239992151063806 ], [ 77.436683533212104, 23.240013251057711 ], [ 77.436718433212135, 23.239918051085215 ], [ 77.436650133212098, 23.239896951091314 ], [ 77.436615233212109, 23.239992151063806 ] ] ] } },
{ "type": "Feature", "properties": { }, "geometry": { "type": "Polygon", "coordinates": [ [ [ 77.438262633212119, 23.240469650925832 ], [ 77.438335833212122, 23.240490550919798 ], [ 77.438372433212109, 23.240382750950943 ], [ 77.438299233212135, 23.240361850956987 ], [ 77.438262633212119, 23.240469650925832 ] ] ] } },
{ "type": "Feature", "properties": { }, "geometry": { "type": "Polygon", "coordinates": [ [ [ 77.435867833212114, 23.240626350880557 ], [ 77.435853933212115, 23.240688050862737 ], [ 77.435966133212119, 23.24070935085658 ], [ 77.435980033212118, 23.240647650874404 ], [ 77.435867833212114, 23.240626350880557 ] ] ] } },
{ "type": "Feature", "properties": { }, "geometry": { "type": "Polygon", "coordinates": [ [ [ 77.43754563321211, 23.239111351318293 ], [ 77.437699933212116, 23.239130851312659 ], [ 77.437729033212122, 23.238935651369054 ], [ 77.437574733212116, 23.238916151374696 ], [ 77.43754563321211, 23.239111351318293 ] ] ] } },
{ "type": "Feature", "properties": { }, "geometry": { "type": "Polygon", "coordinates": [ [ [ 77.436985933212114, 23.238111051607305 ], [ 77.437074933212102, 23.238126551602829 ], [ 77.437097833212107, 23.238014951635073 ], [ 77.437008833212118, 23.237999451639542 ], [ 77.436985933212114, 23.238111051607305 ] ] ] } },
{ "type": "Feature", "properties": { }, "geometry": { "type": "Polygon", "coordinates": [ [ [ 77.437640733212106, 23.24113825073265 ], [ 77.43778883321211, 23.241172950722621 ], [ 77.437823733212127, 23.241046850759059 ], [ 77.437675733212117, 23.241012250769057 ], [ 77.437640733212106, 23.24113825073265 ] ] ] } },
{ "type": "Feature", "properties": { }, "geometry": { "type": "Polygon", "coordinates": [ [ [ 77.438152133212114, 23.2402939509766 ], [ 77.438224233212111, 23.240314750970601 ], [ 77.438266533212115, 23.240190951006362 ], [ 77.438194433212132, 23.240170151012379 ], [ 77.438152133212114, 23.2402939509766 ] ] ] } },
{ "type": "Feature", "properties": { }, "geometry": { "type": "Polygon", "coordinates": [ [ [ 77.437051533212113, 23.239051751335516 ], [ 77.437138333212118, 23.239061051332829 ], [ 77.437154533212109, 23.238932751369905 ], [ 77.437067733212118, 23.238923451372582 ], [ 77.437051533212113, 23.239051751335516 ] ] ] } },
{ "type": "Feature", "properties": { }, "geometry": { "type": "Polygon", "coordinates": [ [ [ 77.438042733212114, 23.241163950725223 ], [ 77.438000533212119, 23.241242350702571 ], [ 77.438125833212112, 23.241299150686157 ], [ 77.4381679332121, 23.241220750708809 ], [ 77.438042733212114, 23.241163950725223 ] ] ] } },
{ "type": "Feature", "properties": { }, "geometry": { "type": "Polygon", "coordinates": [ [ [ 77.437985233212117, 23.240393750947764 ], [ 77.438020033212098, 23.240287750978393 ], [ 77.437955933212123, 23.240270050983511 ], [ 77.437921133212114, 23.24037595095291 ], [ 77.437985233212117, 23.240393750947764 ] ] ] } },
{ "type": "Feature", "properties": { }, "geometry": { "type": "Polygon", "coordinates": [ [ [ 77.436746333212113, 23.23989855109085 ], [ 77.436818533212104, 23.23991895108496 ], [ 77.436858433212109, 23.23980005111931 ], [ 77.436786233212118, 23.239779551125231 ], [ 77.436746333212113, 23.23989855109085 ] ] ] } },
{ "type": "Feature", "properties": { }, "geometry": { "type": "Polygon", "coordinates": [ [ [ 77.43849713321211, 23.240364450956228 ], [ 77.43864673321211, 23.240409450943226 ], [ 77.438687533212118, 23.24029495097631 ], [ 77.438537933212118, 23.24024995098932 ], [ 77.43849713321211, 23.240364450956228 ] ] ] } },
{ "type": "Feature", "properties": { }, "geometry": { "type": "Polygon", "coordinates": [ [ [ 77.437365433212094, 23.238156651594128 ], [ 77.437501333212111, 23.238173251589334 ], [ 77.43751633321213, 23.238069751619236 ], [ 77.437380433212113, 23.238053151624037 ], [ 77.437365433212094, 23.238156651594128 ] ] ] } },
{ "type": "Feature", "properties": { }, "geometry": { "type": "Polygon", "coordinates": [ [ [ 77.435883333212118, 23.24055575090096 ], [ 77.435867933212123, 23.240623450881397 ], [ 77.435988333212109, 23.240646550874718 ], [ 77.436003733212118, 23.240578850894281 ], [ 77.435883333212118, 23.24055575090096 ] ] ] } },
{ "type": "Feature", "properties": { }, "geometry": { "type": "Polygon", "coordinates": [ [ [ 77.437688833212121, 23.241285550690083 ], [ 77.437774733212123, 23.241306150684132 ], [ 77.437804333212114, 23.241202150714184 ], [ 77.437718433212112, 23.241181550720135 ], [ 77.437688833212121, 23.241285550690083 ] ] ] } },
{ "type": "Feature", "properties": { }, "geometry": { "type": "Polygon", "coordinates": [ [ [ 77.437032333212102, 23.240133551022954 ], [ 77.437116033212135, 23.240153751017115 ], [ 77.437149633212101, 23.240036251051059 ], [ 77.437066033212133, 23.240016051056898 ], [ 77.437032333212102, 23.240133551022954 ] ] ] } },
{ "type": "Feature", "properties": { }, "geometry": { "type": "Polygon", "coordinates": [ [ [ 77.436032533212099, 23.241130550734873 ], [ 77.436099433212135, 23.241144150730946 ], [ 77.436129633212119, 23.24101855076723 ], [ 77.436062833212119, 23.241004950771163 ], [ 77.436032533212099, 23.241130550734873 ] ] ] } },
{ "type": "Feature", "properties": { }, "geometry": { "type": "Polygon", "coordinates": [ [ [ 77.436181933212112, 23.24000175106103 ], [ 77.436310033212123, 23.240022051055167 ], [ 77.436322233212096, 23.239957051073951 ], [ 77.436194133212126, 23.23993675107981 ], [ 77.436181933212112, 23.24000175106103 ] ] ] } },
{ "type": "Feature", "properties": { }, "geometry": { "type": "Polygon", "coordinates": [ [ [ 77.436900733212113, 23.23919275129478 ], [ 77.436967933212117, 23.239200851292438 ], [ 77.436985933212114, 23.239075051328786 ], [ 77.436918633212102, 23.239066951331118 ], [ 77.436900733212113, 23.23919275129478 ] ] ] } },
{ "type": "Feature", "properties": { }, "geometry": { "type": "Polygon", "coordinates": [ [ [ 77.436085233212111, 23.239700651148031 ], [ 77.436064233212093, 23.239789851122254 ], [ 77.436191633212118, 23.239815151114946 ], [ 77.436212633212122, 23.239725951140723 ], [ 77.436085233212111, 23.239700651148031 ] ] ] } },
{ "type": "Feature", "properties": { }, "geometry": { "type": "Polygon", "coordinates": [ [ [ 77.43712753321212, 23.238584151470619 ], [ 77.437264433212121, 23.23860575146438 ], [ 77.437276233212103, 23.238542351482693 ], [ 77.437139333212116, 23.238520851488904 ], [ 77.43712753321212, 23.238584151470619 ] ] ] } },
{ "type": "Feature", "properties": { }, "geometry": { "type": "Polygon", "coordinates": [ [ [ 77.437772533212097, 23.241321850679597 ], [ 77.437869433212114, 23.241347150672283 ], [ 77.437901733212115, 23.241242650702482 ], [ 77.437804833212112, 23.241217350709793 ], [ 77.437772533212097, 23.241321850679597 ] ] ] } },
{ "type": "Feature", "properties": { }, "geometry": { "type": "Polygon", "coordinates": [ [ [ 77.437971133212116, 23.240229950995094 ], [ 77.438048133212121, 23.240252250988654 ], [ 77.438089433212113, 23.240131251023623 ], [ 77.438012533212117, 23.240109051030029 ], [ 77.437971133212116, 23.240229950995094 ] ] ] } },
{ "type": "Feature", "properties": { }, "geometry": { "type": "Polygon", "coordinates": [ [ [ 77.437299233212116, 23.238466951504474 ], [ 77.43728743321212, 23.238531951485697 ], [ 77.43740393321211, 23.238549851480524 ], [ 77.437415733212106, 23.238484751499335 ], [ 77.437299233212116, 23.238466951504474 ] ] ] } },
{ "type": "Feature", "properties": { }, "geometry": { "type": "Polygon", "coordinates": [ [ [ 77.438105533212109, 23.240803350829417 ], [ 77.438060633212103, 23.240884650805921 ], [ 77.438177633212106, 23.240942050789339 ], [ 77.438229733212111, 23.240861150812712 ], [ 77.438105533212109, 23.240803350829417 ] ] ] } },
{ "type": "Feature", "properties": { }, "geometry": { "type": "Polygon", "coordinates": [ [ [ 77.437162933212107, 23.239252451277526 ], [ 77.437243233212115, 23.239260651275156 ], [ 77.437260633212119, 23.239116451316828 ], [ 77.437180333212112, 23.239108351319167 ], [ 77.437162933212107, 23.239252451277526 ] ] ] } },
{ "type": "Feature", "properties": { }, "geometry": { "type": "Polygon", "coordinates": [ [ [ 77.436795133212115, 23.238841251396337 ], [ 77.436810433212116, 23.238725151429879 ], [ 77.436706633212125, 23.238713651433201 ], [ 77.43669133321211, 23.238829651399687 ], [ 77.436795133212115, 23.238841251396337 ] ] ] } },
{ "type": "Feature", "properties": { }, "geometry": { "type": "Polygon", "coordinates": [ [ [ 77.436404333212124, 23.240682750864263 ], [ 77.436527033212116, 23.240712050855798 ], [ 77.436551233212114, 23.240626250880585 ], [ 77.436428533212109, 23.240597050889022 ], [ 77.436404333212124, 23.240682750864263 ] ] ] } },
{ "type": "Feature", "properties": { }, "geometry": { "type": "Polygon", "coordinates": [ [ [ 77.43760053321212, 23.241277550692395 ], [ 77.437681933212119, 23.241296650686881 ], [ 77.437715133212109, 23.241176850721494 ], [ 77.437633633212116, 23.241157850726982 ], [ 77.43760053321212, 23.241277550692395 ] ] ] } },
{ "type": "Feature", "properties": { }, "geometry": { "type": "Polygon", "coordinates": [ [ [ 77.435903533212098, 23.240445850932716 ], [ 77.43588753321211, 23.240511350913788 ], [ 77.436008333212115, 23.240536250906594 ], [ 77.436024233212123, 23.240470750925521 ], [ 77.435903533212098, 23.240445850932716 ] ] ] } },
{ "type": "Feature", "properties": { }, "geometry": { "type": "Polygon", "coordinates": [ [ [ 77.436196733212114, 23.240895750802714 ], [ 77.436180333212121, 23.240969950781274 ], [ 77.43631033321212, 23.24099425077425 ], [ 77.436326733212113, 23.240919950795728 ], [ 77.436196733212114, 23.240895750802714 ] ] ] } },
{ "type": "Feature", "properties": { }, "geometry": { "type": "Polygon", "coordinates": [ [ [ 77.438176733212131, 23.240650450873595 ], [ 77.438306533212113, 23.240695550860558 ], [ 77.438357633212107, 23.240571350896449 ], [ 77.438227833212096, 23.240526250909483 ], [ 77.438176733212131, 23.240650450873595 ] ] ] } },
{ "type": "Feature", "properties": { }, "geometry": { "type": "Polygon", "coordinates": [ [ [ 77.437366133212109, 23.238052451624231 ], [ 77.437389533212098, 23.237890351671069 ], [ 77.437230733212132, 23.237870951676673 ], [ 77.437207233212135, 23.238033051629838 ], [ 77.437366133212109, 23.238052451624231 ] ] ] } },
{ "type": "Feature", "properties": { }, "geometry": { "type": "Polygon", "coordinates": [ [ [ 77.43697713321211, 23.239208151290331 ], [ 77.437059333212119, 23.239218051287466 ], [ 77.437077733212121, 23.23908855132488 ], [ 77.436995633212121, 23.239078651327741 ], [ 77.43697713321211, 23.239208151290331 ] ] ] } },
{ "type": "Feature", "properties": { }, "geometry": { "type": "Polygon", "coordinates": [ [ [ 77.437242733212116, 23.239414551230691 ], [ 77.437346633212115, 23.239425051227656 ], [ 77.437359833212099, 23.239314151259705 ], [ 77.437255933212114, 23.239303651262734 ], [ 77.437242733212116, 23.239414551230691 ] ] ] } },
{ "type": "Feature", "properties": { }, "geometry": { "type": "Polygon", "coordinates": [ [ [ 77.437176033212111, 23.238364151534181 ], [ 77.437161333212103, 23.238440551512102 ], [ 77.437293933212118, 23.238462051505895 ], [ 77.437308533212132, 23.238385551527998 ], [ 77.437176033212111, 23.238364151534181 ] ] ] } },
{ "type": "Feature", "properties": { }, "geometry": { "type": "Polygon", "coordinates": [ [ [ 77.438178133212134, 23.240947150787868 ], [ 77.438141233212122, 23.241014250768476 ], [ 77.438262533212125, 23.241070650752182 ], [ 77.438299533212117, 23.241003550771566 ], [ 77.438178133212134, 23.240947150787868 ] ] ] } },
{ "type": "Feature", "properties": { }, "geometry": { "type": "Polygon", "coordinates": [ [ [ 77.436359133212108, 23.24120125071444 ], [ 77.436453533212116, 23.241220450708891 ], [ 77.436482133212095, 23.241101950743133 ], [ 77.436387733212101, 23.241082750748689 ], [ 77.436359133212108, 23.24120125071444 ] ] ] } },
{ "type": "Feature", "properties": { }, "geometry": { "type": "Polygon", "coordinates": [ [ [ 77.437313133212115, 23.23839055152655 ], [ 77.43730083321212, 23.238463851505372 ], [ 77.437422933212105, 23.238481051500404 ], [ 77.437435133212119, 23.238407751521585 ], [ 77.437313133212115, 23.23839055152655 ] ] ] } },
{ "type": "Feature", "properties": { }, "geometry": { "type": "Polygon", "coordinates": [ [ [ 77.437085833212109, 23.238141851598403 ], [ 77.437175433212118, 23.238157451593892 ], [ 77.437197833212096, 23.238048851625269 ], [ 77.437108133212121, 23.238033251629787 ], [ 77.437085833212109, 23.238141851598403 ] ] ] } },
{ "type": "Feature", "properties": { }, "geometry": { "type": "Polygon", "coordinates": [ [ [ 77.436903933212108, 23.238726451429503 ], [ 77.436817333212105, 23.238716951432249 ], [ 77.436799933212129, 23.238849551393933 ], [ 77.436886533212117, 23.238859151391168 ], [ 77.436903933212108, 23.238726451429503 ] ] ] } },
{ "type": "Feature", "properties": { }, "geometry": { "type": "Polygon", "coordinates": [ [ [ 77.435950333212134, 23.24112605073617 ], [ 77.436023633212116, 23.241140950731864 ], [ 77.436055433212104, 23.241008950770006 ], [ 77.435982133212107, 23.240994050774308 ], [ 77.435950333212134, 23.24112605073617 ] ] ] } },
{ "type": "Feature", "properties": { }, "geometry": { "type": "Polygon", "coordinates": [ [ [ 77.436993533212117, 23.238887451382986 ], [ 77.437139733212135, 23.238903151378448 ], [ 77.437156533212104, 23.238771251416562 ], [ 77.437010333212115, 23.238755551421093 ], [ 77.436993533212117, 23.238887451382986 ] ] ] } },
{ "type": "Feature", "properties": { }, "geometry": { "type": "Polygon", "coordinates": [ [ [ 77.437992933212115, 23.240404350944701 ], [ 77.438077633212117, 23.240427850937916 ], [ 77.438111133212118, 23.24032585096738 ], [ 77.438026433212116, 23.240302350974176 ], [ 77.437992933212115, 23.240404350944701 ] ] ] } },
{ "type": "Feature", "properties": { }, "geometry": { "type": "Polygon", "coordinates": [ [ [ 77.436073433212115, 23.241305750684248 ], [ 77.436156633212121, 23.241326850678149 ], [ 77.436193533212133, 23.241204150713603 ], [ 77.436110333212127, 23.241183050719705 ], [ 77.436073433212115, 23.241305750684248 ] ] ] } },
{ "type": "Feature", "properties": { }, "geometry": { "type": "Polygon", "coordinates": [ [ [ 77.438312733212115, 23.240322550968344 ], [ 77.438398633212117, 23.240347250961207 ], [ 77.438438533212121, 23.240229850995124 ], [ 77.438352633212119, 23.240205151002264 ], [ 77.438312733212115, 23.240322550968344 ] ] ] } },
{ "type": "Feature", "properties": { }, "geometry": { "type": "Polygon", "coordinates": [ [ [ 77.438192133212112, 23.240441950933839 ], [ 77.438260833212112, 23.24046265092786 ], [ 77.438291733212097, 23.240376050952879 ], [ 77.438222933212117, 23.240355350958861 ], [ 77.438192133212112, 23.240441950933839 ] ] ] } },
{ "type": "Feature", "properties": { }, "geometry": { "type": "Polygon", "coordinates": [ [ [ 77.435964933212119, 23.241272150693959 ], [ 77.436061833212094, 23.241296750686846 ], [ 77.436091933212097, 23.24119635071586 ], [ 77.435995133212103, 23.241171750722973 ], [ 77.435964933212119, 23.241272150693959 ] ] ] } },
{ "type": "Feature", "properties": { }, "geometry": { "type": "Polygon", "coordinates": [ [ [ 77.437100133212112, 23.238720051431347 ], [ 77.437247333212099, 23.238739951425604 ], [ 77.437263933212108, 23.238636551455475 ], [ 77.437116733212108, 23.238616551461259 ], [ 77.437100133212112, 23.238720051431347 ] ] ] } },
{ "type": "Feature", "properties": { }, "geometry": { "type": "Polygon", "coordinates": [ [ [ 77.43750423321211, 23.239339651252333 ], [ 77.437643433212116, 23.239354851247942 ], [ 77.437667333212119, 23.239169751301425 ], [ 77.437528033212118, 23.239154651305782 ], [ 77.43750423321211, 23.239339651252333 ] ] ] } },
{ "type": "Feature", "properties": { }, "geometry": { "type": "Polygon", "coordinates": [ [ [ 77.436244733212106, 23.239742651135899 ], [ 77.436222533212117, 23.239824051112375 ], [ 77.436339833212116, 23.239851151104549 ], [ 77.436362133212128, 23.239769751128069 ], [ 77.436244733212106, 23.239742651135899 ] ] ] } },
{ "type": "Feature", "properties": { }, "geometry": { "type": "Polygon", "coordinates": [ [ [ 77.436965333212115, 23.238108551608025 ], [ 77.436988933212106, 23.237994251641052 ], [ 77.43688833321211, 23.237976751646102 ], [ 77.436864733212104, 23.238091051613083 ], [ 77.436965333212115, 23.238108551608025 ] ] ] } },
{ "type": "Feature", "properties": { }, "geometry": { "type": "Polygon", "coordinates": [ [ [ 77.436666733212121, 23.241328250677739 ], [ 77.436627933212108, 23.241457350640449 ], [ 77.43670833321211, 23.241477750634548 ], [ 77.436747133212108, 23.241348650671856 ], [ 77.436666733212121, 23.241328250677739 ] ] ] } },
{ "type": "Feature", "properties": { }, "geometry": { "type": "Polygon", "coordinates": [ [ [ 77.436107533212109, 23.241142150731516 ], [ 77.436189733212117, 23.241158850726695 ], [ 77.43622033321212, 23.241031850763395 ], [ 77.436138133212097, 23.241015150768213 ], [ 77.436107533212109, 23.241142150731516 ] ] ] } },
{ "type": "Feature", "properties": { }, "geometry": { "type": "Polygon", "coordinates": [ [ [ 77.438089633212101, 23.241109850740855 ], [ 77.438060033212111, 23.241168050724035 ], [ 77.438171333212125, 23.24121585071023 ], [ 77.438200933212102, 23.241157550727074 ], [ 77.438089633212101, 23.241109850740855 ] ] ] } },
{ "type": "Feature", "properties": { }, "geometry": { "type": "Polygon", "coordinates": [ [ [ 77.437077233212108, 23.239982451066609 ], [ 77.437164033212113, 23.240005951059818 ], [ 77.437203333212125, 23.239883251095268 ], [ 77.437116533212119, 23.239859851102032 ], [ 77.437077233212108, 23.239982451066609 ] ] ] } },
{ "type": "Feature", "properties": { }, "geometry": { "type": "Polygon", "coordinates": [ [ [ 77.437525733212112, 23.241262250696821 ], [ 77.437595533212118, 23.241279150691938 ], [ 77.437630233212133, 23.241157350727129 ], [ 77.437560433212113, 23.241140550731984 ], [ 77.437525733212112, 23.241262250696821 ] ] ] } },
{ "type": "Feature", "properties": { }, "geometry": { "type": "Polygon", "coordinates": [ [ [ 77.438409233212113, 23.240342150962675 ], [ 77.438485533212116, 23.240363350956546 ], [ 77.438511033212109, 23.240285550979031 ], [ 77.438434733212134, 23.240264350985157 ], [ 77.438409233212113, 23.240342150962675 ] ] ] } },
{ "type": "Feature", "properties": { }, "geometry": { "type": "Polygon", "coordinates": [ [ [ 77.437252733212119, 23.239247551278943 ], [ 77.437360633212094, 23.239258451275791 ], [ 77.437374833212118, 23.239139751310095 ], [ 77.437266933212115, 23.239128851313239 ], [ 77.437252733212119, 23.239247551278943 ] ] ] } },
{ "type": "Feature", "properties": { }, "geometry": { "type": "Polygon", "coordinates": [ [ [ 77.436300533212105, 23.240375850952937 ], [ 77.436280833212095, 23.240465150927132 ], [ 77.436439433212115, 23.240494750918582 ], [ 77.436459133212125, 23.240405550944359 ], [ 77.436300533212105, 23.240375850952937 ] ] ] } },
{ "type": "Feature", "properties": { }, "geometry": { "type": "Polygon", "coordinates": [ [ [ 77.436085233212111, 23.239691451150687 ], [ 77.436221333212103, 23.239722251141796 ], [ 77.436242733212111, 23.239642351164875 ], [ 77.436106633212134, 23.239611551173773 ], [ 77.436085233212111, 23.239691451150687 ] ] ] } },
{ "type": "Feature", "properties": { }, "geometry": { "type": "Polygon", "coordinates": [ [ [ 77.436557233212113, 23.241306050684162 ], [ 77.436521733212132, 23.241424250650006 ], [ 77.436623333212111, 23.241450050642548 ], [ 77.436658833212121, 23.241331850676705 ], [ 77.436557233212113, 23.241306050684162 ] ] ] } },
{ "type": "Feature", "properties": { }, "geometry": { "type": "Polygon", "coordinates": [ [ [ 77.43620063321211, 23.241162950725506 ], [ 77.436277933212125, 23.241178650720972 ], [ 77.436306233212107, 23.241061050754951 ], [ 77.436229033212101, 23.241045350759492 ], [ 77.43620063321211, 23.241162950725506 ] ] ] } },
{ "type": "Feature", "properties": { }, "geometry": { "type": "Polygon", "coordinates": [ [ [ 77.437882533212118, 23.240205151002264 ], [ 77.437967433212108, 23.240229650995186 ], [ 77.438009833212121, 23.240105851030954 ], [ 77.437924933212116, 23.240081351038032 ], [ 77.437882533212118, 23.240205151002264 ] ] ] } },
{ "type": "Feature", "properties": { }, "geometry": { "type": "Polygon", "coordinates": [ [ [ 77.436017133212118, 23.239975651068569 ], [ 77.436002833212115, 23.240043951048833 ], [ 77.436129433212116, 23.240066351042366 ], [ 77.436143733212134, 23.239998051062098 ], [ 77.436017133212118, 23.239975651068569 ] ] ] } },
{ "type": "Feature", "properties": { }, "geometry": { "type": "Polygon", "coordinates": [ [ [ 77.437363033212094, 23.238164651591816 ], [ 77.437350033212113, 23.238236551571045 ], [ 77.437475333212106, 23.238255751565493 ], [ 77.437488433212096, 23.238183851586268 ], [ 77.437363033212094, 23.238164651591816 ] ] ] } },
{ "type": "Feature", "properties": { }, "geometry": { "type": "Polygon", "coordinates": [ [ [ 77.436985133212119, 23.23888345138414 ], [ 77.437005533212115, 23.238738151426123 ], [ 77.436908633212127, 23.238726651429449 ], [ 77.436888233212116, 23.238871951387466 ], [ 77.436985133212119, 23.23888345138414 ] ] ] } },
{ "type": "Feature", "properties": { }, "geometry": { "type": "Polygon", "coordinates": [ [ [ 77.437341433212111, 23.240063151043291 ], [ 77.437421833212113, 23.240087251036325 ], [ 77.43746343321213, 23.23997025107013 ], [ 77.437383033212114, 23.239946151077095 ], [ 77.437341433212111, 23.240063151043291 ] ] ] } },
{ "type": "Feature", "properties": { }, "geometry": { "type": "Polygon", "coordinates": [ [ [ 77.436041133212129, 23.240566350897893 ], [ 77.436164833212118, 23.240588650891453 ], [ 77.436180133212133, 23.240516850912197 ], [ 77.436056433212116, 23.240494550918644 ], [ 77.436041133212129, 23.240566350897893 ] ] ] } },
{ "type": "Feature", "properties": { }, "geometry": { "type": "Polygon", "coordinates": [ [ [ 77.436939433212117, 23.240088451035977 ], [ 77.437013033212111, 23.240108351030226 ], [ 77.437044833212113, 23.240008851058981 ], [ 77.436971333212114, 23.239988951064735 ], [ 77.436939433212117, 23.240088451035977 ] ] ] } },
{ "type": "Feature", "properties": { }, "geometry": { "type": "Polygon", "coordinates": [ [ [ 77.436131133212129, 23.240228950995384 ], [ 77.436253133212105, 23.240249250989521 ], [ 77.436266433212111, 23.240182051008933 ], [ 77.436144333212113, 23.240161651014834 ], [ 77.436131133212129, 23.240228950995384 ] ] ] } },
{ "type": "Feature", "properties": { }, "geometry": { "type": "Polygon", "coordinates": [ [ [ 77.436656733212118, 23.238989651353453 ], [ 77.436772033212108, 23.239002551349724 ], [ 77.436786833212111, 23.238889951382266 ], [ 77.43667153321212, 23.238877151385967 ], [ 77.436656733212118, 23.238989651353453 ] ] ] } },
{ "type": "Feature", "properties": { }, "geometry": { "type": "Polygon", "coordinates": [ [ [ 77.436459633212095, 23.240505450915496 ], [ 77.436563633212117, 23.240530250908325 ], [ 77.436586833212132, 23.240448350931992 ], [ 77.436482733212117, 23.240423550939148 ], [ 77.436459633212095, 23.240505450915496 ] ] ] } },
{ "type": "Feature", "properties": { }, "geometry": { "type": "Polygon", "coordinates": [ [ [ 77.435981233212132, 23.240140451020956 ], [ 77.435960833212121, 23.240224350996716 ], [ 77.436090533212123, 23.240251050988995 ], [ 77.436111033212114, 23.240167151013242 ], [ 77.435981233212132, 23.240140451020956 ] ] ] } },
{ "type": "Feature", "properties": { }, "geometry": { "type": "Polygon", "coordinates": [ [ [ 77.436250433212109, 23.239738051137223 ], [ 77.436370133212122, 23.239766951128878 ], [ 77.436390733212122, 23.239695151149618 ], [ 77.436271033212108, 23.239666151157998 ], [ 77.436250433212109, 23.239738051137223 ] ] ] } },
{ "type": "Feature", "properties": { }, "geometry": { "type": "Polygon", "coordinates": [ [ [ 77.436542633212113, 23.239160251304167 ], [ 77.436632133212115, 23.239170551301193 ], [ 77.436649233212108, 23.239046051337166 ], [ 77.436559733212107, 23.239035651340171 ], [ 77.436542633212113, 23.239160251304167 ] ] ] } },
{ "type": "Feature", "properties": { }, "geometry": { "type": "Polygon", "coordinates": [ [ [ 77.43646353321212, 23.241290150688755 ], [ 77.436433733212112, 23.241389350660093 ], [ 77.436518733212097, 23.241410950653851 ], [ 77.436548533212118, 23.241311750682517 ], [ 77.43646353321212, 23.241290150688755 ] ] ] } },
{ "type": "Feature", "properties": { }, "geometry": { "type": "Polygon", "coordinates": [ [ [ 77.436787433212118, 23.239351651248871 ], [ 77.436870633212109, 23.239361651245979 ], [ 77.436886633212126, 23.239249351278421 ], [ 77.436803433212134, 23.239239351281313 ], [ 77.436787433212118, 23.239351651248871 ] ] ] } },
{ "type": "Feature", "properties": { }, "geometry": { "type": "Polygon", "coordinates": [ [ [ 77.437195933212109, 23.238295151554112 ], [ 77.437183733212109, 23.238362051534786 ], [ 77.43731143321213, 23.238381851529066 ], [ 77.437323733212096, 23.238314951548389 ], [ 77.437195933212109, 23.238295151554112 ] ] ] } },
{ "type": "Feature", "properties": { }, "geometry": { "type": "Polygon", "coordinates": [ [ [ 77.436244733212106, 23.24135675066951 ], [ 77.436312833212114, 23.241374050664515 ], [ 77.436349333212121, 23.241252850699532 ], [ 77.43628113321212, 23.241235550704531 ], [ 77.436244733212106, 23.24135675066951 ] ] ] } },
{ "type": "Feature", "properties": { }, "geometry": { "type": "Polygon", "coordinates": [ [ [ 77.436461733212113, 23.241235850704445 ], [ 77.436546733212111, 23.241253150699446 ], [ 77.436574633212118, 23.241137550732844 ], [ 77.436489633212133, 23.241120250737847 ], [ 77.436461733212113, 23.241235850704445 ] ] ] } },
{ "type": "Feature", "properties": { }, "geometry": { "type": "Polygon", "coordinates": [ [ [ 77.435971333212123, 23.240797250831179 ], [ 77.435946133212099, 23.240909350798784 ], [ 77.436083233212116, 23.240935450791245 ], [ 77.436108433212112, 23.240823350823636 ], [ 77.435971333212123, 23.240797250831179 ] ] ] } },
{ "type": "Feature", "properties": { }, "geometry": { "type": "Polygon", "coordinates": [ [ [ 77.436040733212124, 23.239906051088678 ], [ 77.436027233212101, 23.239970651070013 ], [ 77.436149933212121, 23.239992251063779 ], [ 77.436163433212116, 23.239927651082439 ], [ 77.436040733212124, 23.239906051088678 ] ] ] } },
{ "type": "Feature", "properties": { }, "geometry": { "type": "Polygon", "coordinates": [ [ [ 77.437283233212128, 23.240196751004689 ], [ 77.43736953321212, 23.240220950997696 ], [ 77.437404733212134, 23.240115451028178 ], [ 77.437318433212099, 23.240091151035202 ], [ 77.437283233212128, 23.240196751004689 ] ] ] } },
{ "type": "Feature", "properties": { }, "geometry": { "type": "Polygon", "coordinates": [ [ [ 77.43605653321211, 23.240493450918958 ], [ 77.436189233212104, 23.24051695091217 ], [ 77.436205333212101, 23.2404403509343 ], [ 77.43607263321212, 23.240416850941095 ], [ 77.43605653321211, 23.240493450918958 ] ] ] } },
{ "type": "Feature", "properties": { }, "geometry": { "type": "Polygon", "coordinates": [ [ [ 77.436145233212116, 23.240154951016766 ], [ 77.436275233212115, 23.240174651011081 ], [ 77.436288033212094, 23.240103851031531 ], [ 77.436157933212115, 23.240084151037223 ], [ 77.436145233212116, 23.240154951016766 ] ] ] } },
{ "type": "Feature", "properties": { }, "geometry": { "type": "Polygon", "coordinates": [ [ [ 77.435998333212098, 23.240733550849583 ], [ 77.436131733212093, 23.240757550842645 ], [ 77.436149333212114, 23.240675150866458 ], [ 77.436015933212119, 23.24065115087339 ], [ 77.435998333212098, 23.240733550849583 ] ] ] } },
{ "type": "Feature", "properties": { }, "geometry": { "type": "Polygon", "coordinates": [ [ [ 77.437250033212109, 23.240031451052452 ], [ 77.437326633212123, 23.240055851045401 ], [ 77.437369133212115, 23.239943351077908 ], [ 77.437292533212116, 23.239918851084983 ], [ 77.437250033212109, 23.240031451052452 ] ] ] } },
{ "type": "Feature", "properties": { }, "geometry": { "type": "Polygon", "coordinates": [ [ [ 77.437664333212112, 23.238505151493438 ], [ 77.437779833212119, 23.238520951488876 ], [ 77.437809933212108, 23.238335051542588 ], [ 77.437694333212107, 23.238319251547157 ], [ 77.437664333212112, 23.238505151493438 ] ] ] } },
{ "type": "Feature", "properties": { }, "geometry": { "type": "Polygon", "coordinates": [ [ [ 77.436922633212106, 23.239958851073425 ], [ 77.437002233212112, 23.239982551066582 ], [ 77.437044933212121, 23.239861551101544 ], [ 77.436965233212106, 23.239837851108391 ], [ 77.436922633212106, 23.239958851073425 ] ] ] } },
{ "type": "Feature", "properties": { }, "geometry": { "type": "Polygon", "coordinates": [ [ [ 77.436810233212128, 23.239188451296023 ], [ 77.436890633212116, 23.239198051293247 ], [ 77.436909433212122, 23.239065751331466 ], [ 77.436829033212106, 23.239056151334243 ], [ 77.436810233212128, 23.239188451296023 ] ] ] } },
{ "type": "Feature", "properties": { }, "geometry": { "type": "Polygon", "coordinates": [ [ [ 77.436405333212107, 23.240689750862238 ], [ 77.436382533212111, 23.240770650838861 ], [ 77.436513633212115, 23.240801950829816 ], [ 77.43653653321212, 23.240721050853193 ], [ 77.436405333212107, 23.240689750862238 ] ] ] } },
{ "type": "Feature", "properties": { }, "geometry": { "type": "Polygon", "coordinates": [ [ [ 77.436548933212109, 23.24126665069555 ], [ 77.436639233212119, 23.241284950690261 ], [ 77.436673833212097, 23.241149350729444 ], [ 77.436576933212123, 23.241150650729058 ], [ 77.436548933212109, 23.24126665069555 ] ] ] } },
{ "type": "Feature", "properties": { }, "geometry": { "type": "Polygon", "coordinates": [ [ [ 77.438071033212111, 23.241095550744987 ], [ 77.437958333212109, 23.241037650761712 ], [ 77.437929633212107, 23.241084750748101 ], [ 77.437888633212097, 23.241074550751058 ], [ 77.437848133212114, 23.241212750711117 ], [ 77.437976933212127, 23.241244650701901 ], [ 77.438071033212111, 23.241095550744987 ] ] ] } },
{ "type": "Feature", "properties": { }, "geometry": { "type": "Polygon", "coordinates": [ [ [ 77.436234233212105, 23.239126751313844 ], [ 77.436408233212106, 23.239146951308008 ], [ 77.436426333212097, 23.239015251346057 ], [ 77.436374333212129, 23.239009251347795 ], [ 77.436365933212116, 23.239070651330053 ], [ 77.436243833212117, 23.239056551334134 ], [ 77.436234233212105, 23.239126751313844 ] ] ] } },
{ "type": "Feature", "properties": { }, "geometry": { "type": "Polygon", "coordinates": [ [ [ 77.432917433212111, 23.228160554481562 ], [ 77.433013733212121, 23.228245854456933 ], [ 77.433064833212114, 23.22819725447097 ], [ 77.432968533212119, 23.228111954495606 ], [ 77.432917433212111, 23.228160554481562 ] ] ] } },
{ "type": "Feature", "properties": { }, "geometry": { "type": "Polygon", "coordinates": [ [ [ 77.43041613321212, 23.228928454259798 ], [ 77.430495933212114, 23.228980454244777 ], [ 77.430601133212107, 23.228844154284143 ], [ 77.430521333212113, 23.228792054299188 ], [ 77.43041613321212, 23.228928454259798 ] ] ] } },
{ "type": "Feature", "properties": { }, "geometry": { "type": "Polygon", "coordinates": [ [ [ 77.429184633212117, 23.228534754373495 ], [ 77.42936553321212, 23.228622154348255 ], [ 77.429405433212111, 23.228552654368329 ], [ 77.429224533212135, 23.228465154393593 ], [ 77.429184633212117, 23.228534754373495 ] ] ] } },
{ "type": "Feature", "properties": { }, "geometry": { "type": "Polygon", "coordinates": [ [ [ 77.432717533212113, 23.228180554475792 ], [ 77.43278133321212, 23.228252754454935 ], [ 77.432893933212128, 23.228168754479199 ], [ 77.432830133212107, 23.228096554500048 ], [ 77.432717533212113, 23.228180554475792 ] ] ] } },
{ "type": "Feature", "properties": { }, "geometry": { "type": "Polygon", "coordinates": [ [ [ 77.429334433212119, 23.229123454203474 ], [ 77.429422333212116, 23.229156754193856 ], [ 77.429481733212114, 23.229024754231983 ], [ 77.429393833212103, 23.228991354241629 ], [ 77.429334433212119, 23.229123454203474 ] ] ] } },
{ "type": "Feature", "properties": { }, "geometry": { "type": "Polygon", "coordinates": [ [ [ 77.432423733212119, 23.229608654063345 ], [ 77.432630433212111, 23.229492554096876 ], [ 77.432593333212111, 23.229436754112992 ], [ 77.432386633212118, 23.229552854079461 ], [ 77.432423733212119, 23.229608654063345 ] ] ] } },
{ "type": "Feature", "properties": { }, "geometry": { "type": "Polygon", "coordinates": [ [ [ 77.432324633212104, 23.228776754303606 ], [ 77.432423533212116, 23.228854254281224 ], [ 77.432480633212123, 23.228792754298986 ], [ 77.432381833212133, 23.228715254321372 ], [ 77.432324633212104, 23.228776754303606 ] ] ] } },
{ "type": "Feature", "properties": { }, "geometry": { "type": "Polygon", "coordinates": [ [ [ 77.431745933212113, 23.228633454344997 ], [ 77.431836333212118, 23.228730754316889 ], [ 77.431894933212121, 23.228684754330175 ], [ 77.431804533212116, 23.228587454358276 ], [ 77.431745933212113, 23.228633454344997 ] ] ] } },
{ "type": "Feature", "properties": { }, "geometry": { "type": "Polygon", "coordinates": [ [ [ 77.431830433212113, 23.229879353985169 ], [ 77.431912633212093, 23.229859853990796 ], [ 77.431892533212121, 23.229788354011447 ], [ 77.431810333212113, 23.229807854005813 ], [ 77.431830433212113, 23.229879353985169 ] ] ] } },
{ "type": "Feature", "properties": { }, "geometry": { "type": "Polygon", "coordinates": [ [ [ 77.432178333212107, 23.229074054217744 ], [ 77.432291233212098, 23.229168654190421 ], [ 77.432352833212121, 23.229106554208361 ], [ 77.432240033212111, 23.229011954235684 ], [ 77.432178333212107, 23.229074054217744 ] ] ] } },
{ "type": "Feature", "properties": { }, "geometry": { "type": "Polygon", "coordinates": [ [ [ 77.431930933212115, 23.229859453990912 ], [ 77.432072433212113, 23.229820954002033 ], [ 77.432049133212118, 23.229748654022909 ], [ 77.43190763321212, 23.229787154011792 ], [ 77.431930933212115, 23.229859453990912 ] ] ] } },
{ "type": "Feature", "properties": { }, "geometry": { "type": "Polygon", "coordinates": [ [ [ 77.4297000332121, 23.228545954370269 ], [ 77.429745733212116, 23.22856665436429 ], [ 77.429773233212103, 23.228515554379044 ], [ 77.42972753321213, 23.22849475438505 ], [ 77.4297000332121, 23.228545954370269 ] ] ] } },
{ "type": "Feature", "properties": { }, "geometry": { "type": "Polygon", "coordinates": [ [ [ 77.427849033212112, 23.229567054075364 ], [ 77.427846933212123, 23.229419754117906 ], [ 77.427783033212108, 23.229420554117674 ], [ 77.427783233212097, 23.229439154112303 ], [ 77.427734033212118, 23.229439754112128 ], [ 77.427734633212111, 23.229482354099829 ], [ 77.427707233212104, 23.229482654099733 ], [ 77.427708433212118, 23.229568654074907 ], [ 77.427849033212112, 23.229567054075364 ] ] ] } },
{ "type": "Feature", "properties": { }, "geometry": { "type": "Polygon", "coordinates": [ [ [ 77.440369433212112, 23.234026652787247 ], [ 77.440477233212121, 23.234002252794298 ], [ 77.440427433212108, 23.233816352847995 ], [ 77.440319733212121, 23.233840752840948 ], [ 77.440369433212112, 23.234026652787247 ] ] ] } },
{ "type": "Feature", "properties": { }, "geometry": { "type": "Polygon", "coordinates": [ [ [ 77.442003033212131, 23.234260452719713 ], [ 77.442152533212109, 23.234261652719365 ], [ 77.442154233212108, 23.23408625277003 ], [ 77.442004733212116, 23.234085052770379 ], [ 77.442003033212131, 23.234260452719713 ] ] ] } },
{ "type": "Feature", "properties": { }, "geometry": { "type": "Polygon", "coordinates": [ [ [ 77.440008833212104, 23.234666352602449 ], [ 77.440317233212113, 23.234676652599482 ], [ 77.440324133212115, 23.234502452649807 ], [ 77.440015733212121, 23.234492152652781 ], [ 77.440008833212104, 23.234666352602449 ] ] ] } },
{ "type": "Feature", "properties": { }, "geometry": { "type": "Polygon", "coordinates": [ [ [ 77.442001133212116, 23.234067452775456 ], [ 77.442145633212121, 23.23406985277477 ], [ 77.442149033212132, 23.233896852824746 ], [ 77.442004533212113, 23.233894452825435 ], [ 77.442001133212116, 23.234067452775456 ] ] ] } },
{ "type": "Feature", "properties": { }, "geometry": { "type": "Polygon", "coordinates": [ [ [ 77.441321033212134, 23.234007152792877 ], [ 77.441522233212098, 23.234007152792877 ], [ 77.441522233212098, 23.233906752821881 ], [ 77.441321033212134, 23.233906752821881 ], [ 77.441321033212134, 23.234007152792877 ] ] ] } },
{ "type": "Feature", "properties": { }, "geometry": { "type": "Polygon", "coordinates": [ [ [ 77.44185953321211, 23.234071052774425 ], [ 77.44199413321212, 23.234069652774828 ], [ 77.441991833212114, 23.233892052826121 ], [ 77.441857333212113, 23.233893452825725 ], [ 77.44185953321211, 23.234071052774425 ] ] ] } },
{ "type": "Feature", "properties": { }, "geometry": { "type": "Polygon", "coordinates": [ [ [ 77.442004333212111, 23.234344852695326 ], [ 77.442146533212124, 23.234345152695241 ], [ 77.442146733212113, 23.234267252717746 ], [ 77.442004533212113, 23.234266952717835 ], [ 77.442004333212111, 23.234344852695326 ] ] ] } },
{ "type": "Feature", "properties": { }, "geometry": { "type": "Polygon", "coordinates": [ [ [ 77.440326633212123, 23.234678752598878 ], [ 77.440498533212121, 23.234681052598212 ], [ 77.440500533212116, 23.234549152636315 ], [ 77.440328633212118, 23.234546952636954 ], [ 77.440326633212123, 23.234678752598878 ] ] ] } },
{ "type": "Feature", "properties": { }, "geometry": { "type": "Polygon", "coordinates": [ [ [ 77.440480233212114, 23.234001052794643 ], [ 77.44058753321211, 23.233977652801407 ], [ 77.440538633212114, 23.233787852856231 ], [ 77.440431233212109, 23.233811252849474 ], [ 77.440480233212114, 23.234001052794643 ] ] ] } },
{ "type": "Feature", "properties": { }, "geometry": { "type": "Polygon", "coordinates": [ [ [ 77.439745933212109, 23.234593152623599 ], [ 77.440003933212111, 23.234606152619843 ], [ 77.440010533212117, 23.234494952651968 ], [ 77.439752533212115, 23.234481952655727 ], [ 77.439745933212109, 23.234593152623599 ] ] ] } },
{ "type": "Feature", "properties": { }, "geometry": { "type": "Polygon", "coordinates": [ [ [ 77.438431833212135, 23.234580752627185 ], [ 77.438559933212133, 23.234589352624702 ], [ 77.438569133212127, 23.234472452658469 ], [ 77.438441133212109, 23.234463952660931 ], [ 77.438431833212135, 23.234580752627185 ] ] ] } },
{ "type": "Feature", "properties": { }, "geometry": { "type": "Polygon", "coordinates": [ [ [ 77.442004333212111, 23.234445952666125 ], [ 77.442146533212124, 23.234445252666333 ], [ 77.442145933212103, 23.234349252694063 ], [ 77.442003833212127, 23.234350052693827 ], [ 77.442004333212111, 23.234445952666125 ] ] ] } },
{ "type": "Feature", "properties": { }, "geometry": { "type": "Polygon", "coordinates": [ [ [ 77.431689233212097, 23.230769853727963 ], [ 77.431909833212117, 23.230791653721667 ], [ 77.431919433212116, 23.230709553745388 ], [ 77.431698833212096, 23.230687753751678 ], [ 77.431689233212097, 23.230769853727963 ] ] ] } },
{ "type": "Feature", "properties": { }, "geometry": { "type": "Polygon", "coordinates": [ [ [ 77.43299453321211, 23.229910153976267 ], [ 77.43288983321213, 23.230003153949404 ], [ 77.433043433212134, 23.230149253907214 ], [ 77.433148133212114, 23.230056253934073 ], [ 77.43299453321211, 23.229910153976267 ] ] ] } },
{ "type": "Feature", "properties": { }, "geometry": { "type": "Polygon", "coordinates": [ [ [ 77.427386033212116, 23.229016654234318 ], [ 77.42757793321212, 23.229007554236951 ], [ 77.427568933212129, 23.228847554283156 ], [ 77.427376933212102, 23.228856754280503 ], [ 77.427386033212116, 23.229016654234318 ] ] ] } },
{ "type": "Feature", "properties": { }, "geometry": { "type": "Polygon", "coordinates": [ [ [ 77.432641133212115, 23.230173253900283 ], [ 77.432709533212105, 23.23037165384298 ], [ 77.432977733212127, 23.230293653865505 ], [ 77.432909333212109, 23.230095253922805 ], [ 77.432641133212115, 23.230173253900283 ] ] ] } },
{ "type": "Feature", "properties": { }, "geometry": { "type": "Polygon", "coordinates": [ [ [ 77.428663733212105, 23.228932954258493 ], [ 77.428742633212124, 23.228954654252227 ], [ 77.428727733212114, 23.229000454239003 ], [ 77.428781733212119, 23.229015254234724 ], [ 77.428812933212114, 23.228919454262392 ], [ 77.428680133212097, 23.228882854272968 ], [ 77.428663733212105, 23.228932954258493 ] ] ] } },
{ "type": "Feature", "properties": { }, "geometry": { "type": "Polygon", "coordinates": [ [ [ 77.43603433321212, 23.241487550631717 ], [ 77.436123533212111, 23.241508550625653 ], [ 77.436153533212121, 23.241400750656801 ], [ 77.436064333212116, 23.241379850662835 ], [ 77.43603433321212, 23.241487550631717 ] ] ] } },
{ "type": "Feature", "properties": { }, "geometry": { "type": "Polygon", "coordinates": [ [ [ 77.437307433212112, 23.240681050864751 ], [ 77.437432433212109, 23.240704250858052 ], [ 77.43744893321211, 23.240629250879721 ], [ 77.437323933212113, 23.240606050886424 ], [ 77.437307433212112, 23.240681050864751 ] ] ] } },
{ "type": "Feature", "properties": { }, "geometry": { "type": "Polygon", "coordinates": [ [ [ 77.437201633212112, 23.240396950946845 ], [ 77.437325933212108, 23.240416050941324 ], [ 77.437347633212113, 23.240297250975644 ], [ 77.437223333212117, 23.240278150981162 ], [ 77.437201633212112, 23.240396950946845 ] ] ] } },
{ "type": "Feature", "properties": { }, "geometry": { "type": "Polygon", "coordinates": [ [ [ 77.437139133212114, 23.241559050611059 ], [ 77.437262333212118, 23.241580550604844 ], [ 77.437277633212119, 23.24150695062611 ], [ 77.437154333212135, 23.241485450632318 ], [ 77.437139133212114, 23.241559050611059 ] ] ] } },
{ "type": "Feature", "properties": { }, "geometry": { "type": "Polygon", "coordinates": [ [ [ 77.436970533212119, 23.241533450618451 ], [ 77.437126633212117, 23.241561750610277 ], [ 77.437145033212119, 23.241475850635101 ], [ 77.436988933212106, 23.241447550643276 ], [ 77.436970533212119, 23.241533450618451 ] ] ] } },
{ "type": "Feature", "properties": { }, "geometry": { "type": "Polygon", "coordinates": [ [ [ 77.436969533212121, 23.24048595092113 ], [ 77.437075933212114, 23.240510950913905 ], [ 77.437106233212106, 23.240402350945281 ], [ 77.436999833212113, 23.240377350952503 ], [ 77.436969533212121, 23.24048595092113 ] ] ] } },
{ "type": "Feature", "properties": { }, "geometry": { "type": "Polygon", "coordinates": [ [ [ 77.436978533212113, 23.241612450595632 ], [ 77.436957733212111, 23.241691450572795 ], [ 77.437087833212118, 23.241720250564477 ], [ 77.437108533212111, 23.241641350587273 ], [ 77.436978533212113, 23.241612450595632 ] ] ] } },
{ "type": "Feature", "properties": { }, "geometry": { "type": "Polygon", "coordinates": [ [ [ 77.437003333212118, 23.241427950648934 ], [ 77.437125633212119, 23.24144585064376 ], [ 77.437136333212109, 23.241384550661472 ], [ 77.437014033212108, 23.24136655066668 ], [ 77.437003333212118, 23.241427950648934 ] ] ] } },
{ "type": "Feature", "properties": { }, "geometry": { "type": "Polygon", "coordinates": [ [ [ 77.436728233212122, 23.240409250943287 ], [ 77.436810633212133, 23.24043115093696 ], [ 77.436838533212111, 23.240342450962586 ], [ 77.436756133212114, 23.240320550968921 ], [ 77.436728233212122, 23.240409250943287 ] ] ] } },
{ "type": "Feature", "properties": { }, "geometry": { "type": "Polygon", "coordinates": [ [ [ 77.436474933212097, 23.241574750606521 ], [ 77.436558433212113, 23.241592550601379 ], [ 77.436583533212115, 23.241493450630013 ], [ 77.436500033212113, 23.241475550635183 ], [ 77.436474933212097, 23.241574750606521 ] ] ] } },
{ "type": "Feature", "properties": { }, "geometry": { "type": "Polygon", "coordinates": [ [ [ 77.436273033212132, 23.242055350467641 ], [ 77.436381533212128, 23.242074650462069 ], [ 77.436406933212112, 23.241954350496833 ], [ 77.436298433212116, 23.241935050502413 ], [ 77.436273033212132, 23.242055350467641 ] ] ] } },
{ "type": "Feature", "properties": { }, "geometry": { "type": "Polygon", "coordinates": [ [ [ 77.43726733321212, 23.240838850819152 ], [ 77.437401733212113, 23.240863850811934 ], [ 77.437434833212109, 23.240713550855364 ], [ 77.437300433212116, 23.240688550862586 ], [ 77.43726733321212, 23.240838850819152 ] ] ] } },
{ "type": "Feature", "properties": { }, "geometry": { "type": "Polygon", "coordinates": [ [ [ 77.436663533212112, 23.240270050983511 ], [ 77.436700533212118, 23.240154151017002 ], [ 77.436626833212102, 23.240134351022718 ], [ 77.436589833212096, 23.240250250989227 ], [ 77.436663533212112, 23.240270050983511 ] ] ] } },
{ "type": "Feature", "properties": { }, "geometry": { "type": "Polygon", "coordinates": [ [ [ 77.436344133212117, 23.240292250977095 ], [ 77.436431333212127, 23.240315450970392 ], [ 77.436466333212124, 23.240204451002466 ], [ 77.436379133212114, 23.240181251009169 ], [ 77.436344133212117, 23.240292250977095 ] ] ] } },
{ "type": "Feature", "properties": { }, "geometry": { "type": "Polygon", "coordinates": [ [ [ 77.436173033212114, 23.242047150470015 ], [ 77.436263333212111, 23.242063250465367 ], [ 77.436292033212112, 23.241927150504686 ], [ 77.436201733212116, 23.241911050509348 ], [ 77.436173033212114, 23.242047150470015 ] ] ] } },
{ "type": "Feature", "properties": { }, "geometry": { "type": "Polygon", "coordinates": [ [ [ 77.437341033212121, 23.240409950943086 ], [ 77.437466933212107, 23.240433350936321 ], [ 77.437488033212105, 23.240337750963953 ], [ 77.437362133212133, 23.240314350970706 ], [ 77.437341033212121, 23.240409950943086 ] ] ] } },
{ "type": "Feature", "properties": { }, "geometry": { "type": "Polygon", "coordinates": [ [ [ 77.437208733212103, 23.241079950749491 ], [ 77.437183833212103, 23.241202050714211 ], [ 77.437315933212119, 23.241224750707655 ], [ 77.437340833212119, 23.241102650742931 ], [ 77.437208733212103, 23.241079950749491 ] ] ] } },
{ "type": "Feature", "properties": { }, "geometry": { "type": "Polygon", "coordinates": [ [ [ 77.437132133212117, 23.241561950610212 ], [ 77.437117333212115, 23.24163355058953 ], [ 77.43724643321211, 23.241656050583028 ], [ 77.437261233212112, 23.241584550603687 ], [ 77.437132133212117, 23.241561950610212 ] ] ] } },
{ "type": "Feature", "properties": { }, "geometry": { "type": "Polygon", "coordinates": [ [ [ 77.436497233212123, 23.240201651003272 ], [ 77.436572933212119, 23.240222050997382 ], [ 77.436607833212108, 23.240112851028929 ], [ 77.436532033212117, 23.240092451034826 ], [ 77.436497233212123, 23.240201651003272 ] ] ] } },
{ "type": "Feature", "properties": { }, "geometry": { "type": "Polygon", "coordinates": [ [ [ 77.437251633212114, 23.240923450794714 ], [ 77.437240533212119, 23.240977850778997 ], [ 77.43736043321212, 23.240998450773045 ], [ 77.437371433212121, 23.240944050788762 ], [ 77.437251633212114, 23.240923450794714 ] ] ] } },
{ "type": "Feature", "properties": { }, "geometry": { "type": "Polygon", "coordinates": [ [ [ 77.436085133212103, 23.242008350481232 ], [ 77.436170633212114, 23.242023550476837 ], [ 77.436193833212116, 23.241913550508624 ], [ 77.436108433212112, 23.241898350513011 ], [ 77.436085133212103, 23.242008350481232 ] ] ] } },
{ "type": "Feature", "properties": { }, "geometry": { "type": "Polygon", "coordinates": [ [ [ 77.437056233212118, 23.241962650494436 ], [ 77.437038733212106, 23.242047050470045 ], [ 77.437158833212123, 23.242068050463981 ], [ 77.437176233212114, 23.241983650488361 ], [ 77.437056233212118, 23.241962650494436 ] ] ] } },
{ "type": "Feature", "properties": { }, "geometry": { "type": "Polygon", "coordinates": [ [ [ 77.437212733212107, 23.241061450754835 ], [ 77.437348433212108, 23.241084750748101 ], [ 77.437364933212109, 23.241003550771566 ], [ 77.437229233212108, 23.240980250778303 ], [ 77.437212733212107, 23.241061450754835 ] ] ] } },
{ "type": "Feature", "properties": { }, "geometry": { "type": "Polygon", "coordinates": [ [ [ 77.436814033212116, 23.240433050936407 ], [ 77.436889333212108, 23.240453050930633 ], [ 77.436919633212113, 23.240356650958493 ], [ 77.43684443321213, 23.240336650964267 ], [ 77.436814033212116, 23.240433050936407 ] ] ] } },
{ "type": "Feature", "properties": { }, "geometry": { "type": "Polygon", "coordinates": [ [ [ 77.436938633212094, 23.24177205054951 ], [ 77.437069033212126, 23.241800950541158 ], [ 77.4370881332121, 23.241728250562165 ], [ 77.436957733212111, 23.241699250570548 ], [ 77.436938633212094, 23.24177205054951 ] ] ] } },
{ "type": "Feature", "properties": { }, "geometry": { "type": "Polygon", "coordinates": [ [ [ 77.437148133212119, 23.241478250634401 ], [ 77.437271133212121, 23.24149975062819 ], [ 77.437289233212113, 23.241412250653475 ], [ 77.437166233212125, 23.241390850659663 ], [ 77.437148133212119, 23.241478250634401 ] ] ] } },
{ "type": "Feature", "properties": { }, "geometry": { "type": "Polygon", "coordinates": [ [ [ 77.437265333212096, 23.240852450815229 ], [ 77.437251533212134, 23.240920650795527 ], [ 77.437367633212119, 23.240940550789773 ], [ 77.437381433212124, 23.240872350809479 ], [ 77.437265333212096, 23.240852450815229 ] ] ] } },
{ "type": "Feature", "properties": { }, "geometry": { "type": "Polygon", "coordinates": [ [ [ 77.436465733212117, 23.240327350966947 ], [ 77.436527933212105, 23.240343850962184 ], [ 77.436563633212117, 23.240230650994899 ], [ 77.436501433212101, 23.24021405099969 ], [ 77.436465733212117, 23.240327350966947 ] ] ] } },
{ "type": "Feature", "properties": { }, "geometry": { "type": "Polygon", "coordinates": [ [ [ 77.436894933212116, 23.240463650927566 ], [ 77.436961733212115, 23.240480850922602 ], [ 77.436991233212126, 23.24038415095054 ], [ 77.436924433212113, 23.240366950955508 ], [ 77.436894933212116, 23.240463650927566 ] ] ] } },
{ "type": "Feature", "properties": { }, "geometry": { "type": "Polygon", "coordinates": [ [ [ 77.436627333212115, 23.240390850948607 ], [ 77.436720933212115, 23.240415750941413 ], [ 77.436751933212122, 23.24031725096987 ], [ 77.436658333212108, 23.240292350977072 ], [ 77.436627333212115, 23.240390850948607 ] ] ] } },
{ "type": "Feature", "properties": { }, "geometry": { "type": "Polygon", "coordinates": [ [ [ 77.436392233212118, 23.241562950609929 ], [ 77.436464833212113, 23.241578450605452 ], [ 77.436494633212106, 23.241460850639431 ], [ 77.436421933212102, 23.241445350643907 ], [ 77.436392233212118, 23.241562950609929 ] ] ] } },
{ "type": "Feature", "properties": { }, "geometry": { "type": "Polygon", "coordinates": [ [ [ 77.436111633212121, 23.241894050514258 ], [ 77.436142133212115, 23.241749750555954 ], [ 77.436002733212121, 23.241724950563114 ], [ 77.435972233212098, 23.241869150521453 ], [ 77.436111633212121, 23.241894050514258 ] ] ] } },
{ "type": "Feature", "properties": { }, "geometry": { "type": "Polygon", "coordinates": [ [ [ 77.437115933212112, 23.241642150587047 ], [ 77.437098833212119, 23.241725250563029 ], [ 77.437233633212102, 23.241748750556241 ], [ 77.437250833212119, 23.241665750580225 ], [ 77.437115933212112, 23.241642150587047 ] ] ] } },
{ "type": "Feature", "properties": { }, "geometry": { "type": "Polygon", "coordinates": [ [ [ 77.436531433212124, 23.240359350957707 ], [ 77.436615333212117, 23.24038165095126 ], [ 77.43664873321211, 23.240275550981917 ], [ 77.436564833212117, 23.24025325098836 ], [ 77.436531433212124, 23.240359350957707 ] ] ] } },
{ "type": "Feature", "properties": { }, "geometry": { "type": "Polygon", "coordinates": [ [ [ 77.437106133212126, 23.240899350801676 ], [ 77.437089833212113, 23.240979550778508 ], [ 77.437209733212114, 23.241000150772553 ], [ 77.437226033212099, 23.240919950795728 ], [ 77.437106133212126, 23.240899350801676 ] ] ] } },
{ "type": "Feature", "properties": { }, "geometry": { "type": "Polygon", "coordinates": [ [ [ 77.436564133212116, 23.241612350595656 ], [ 77.436649633212127, 23.241632750589762 ], [ 77.436679733212117, 23.241526150620558 ], [ 77.436594233212119, 23.241505750626459 ], [ 77.436564133212116, 23.241612350595656 ] ] ] } },
{ "type": "Feature", "properties": { }, "geometry": { "type": "Polygon", "coordinates": [ [ [ 77.43621243321212, 23.241544250615334 ], [ 77.436283733212107, 23.241561050610475 ], [ 77.436321933212113, 23.241424250650006 ], [ 77.436250633212111, 23.241407450654862 ], [ 77.43621243321212, 23.241544250615334 ] ] ] } },
{ "type": "Feature", "properties": { }, "geometry": { "type": "Polygon", "coordinates": [ [ [ 77.437092533212095, 23.241730250561584 ], [ 77.437077733212121, 23.241801550540984 ], [ 77.43722023321213, 23.241826450533789 ], [ 77.437235033212133, 23.24175515055439 ], [ 77.437092533212095, 23.241730250561584 ] ] ] } },
{ "type": "Feature", "properties": { }, "geometry": { "type": "Polygon", "coordinates": [ [ [ 77.437086033212111, 23.240982550777634 ], [ 77.437047233212112, 23.241172950722621 ], [ 77.43716823321212, 23.241193750716612 ], [ 77.43720693321211, 23.241003350771628 ], [ 77.437086033212111, 23.240982550777634 ] ] ] } },
{ "type": "Feature", "properties": { }, "geometry": { "type": "Polygon", "coordinates": [ [ [ 77.437125533212097, 23.240818850824937 ], [ 77.437109733212111, 23.2408968508024 ], [ 77.437233833212133, 23.240918150796247 ], [ 77.437249733212099, 23.240840150818784 ], [ 77.437125533212097, 23.240818850824937 ] ] ] } },
{ "type": "Feature", "properties": { }, "geometry": { "type": "Polygon", "coordinates": [ [ [ 77.436657933212118, 23.241633850589448 ], [ 77.436730033212115, 23.241652050584182 ], [ 77.436762233212093, 23.241544250615334 ], [ 77.43669013321211, 23.241526050620596 ], [ 77.436657933212118, 23.241633850589448 ] ] ] } },
{ "type": "Feature", "properties": { }, "geometry": { "type": "Polygon", "coordinates": [ [ [ 77.43707743321211, 23.241808250539048 ], [ 77.437048833212103, 23.241946250499169 ], [ 77.437188433212114, 23.241970650492117 ], [ 77.437217033212107, 23.241832650532 ], [ 77.43707743321211, 23.241808250539048 ] ] ] } },
{ "type": "Feature", "properties": { }, "geometry": { "type": "Polygon", "coordinates": [ [ [ 77.436118333212121, 23.241890650515238 ], [ 77.436197433212129, 23.241905250511014 ], [ 77.436228233212105, 23.241764150551791 ], [ 77.43614923321212, 23.241749550556005 ], [ 77.436118333212121, 23.241890650515238 ] ] ] } },
{ "type": "Feature", "properties": { }, "geometry": { "type": "Polygon", "coordinates": [ [ [ 77.436969633212101, 23.241608650596731 ], [ 77.437108733212114, 23.241633850589448 ], [ 77.437123333212114, 23.241565950609061 ], [ 77.436984233212129, 23.241540750616348 ], [ 77.436969633212101, 23.241608650596731 ] ] ] } },
{ "type": "Feature", "properties": { }, "geometry": { "type": "Polygon", "coordinates": [ [ [ 77.436201533212127, 23.241904850511137 ], [ 77.43628113321212, 23.241920150506711 ], [ 77.43631033321212, 23.241792650543552 ], [ 77.436230733212113, 23.241777250548004 ], [ 77.436201533212127, 23.241904850511137 ] ] ] } },
{ "type": "Feature", "properties": { }, "geometry": { "type": "Polygon", "coordinates": [ [ [ 77.43630003321212, 23.24155455061236 ], [ 77.436381033212115, 23.241571950607327 ], [ 77.436411733212111, 23.241450950642292 ], [ 77.436330733212117, 23.241433650647288 ], [ 77.43630003321212, 23.24155455061236 ] ] ] } },
{ "type": "Feature", "properties": { }, "geometry": { "type": "Polygon", "coordinates": [ [ [ 77.436869433212109, 23.242087350458402 ], [ 77.437001733212099, 23.242109650451955 ], [ 77.437014633212101, 23.24204545047051 ], [ 77.436882333212111, 23.24202305047698 ], [ 77.436869433212109, 23.242087350458402 ] ] ] } },
{ "type": "Feature", "properties": { }, "geometry": { "type": "Polygon", "coordinates": [ [ [ 77.43700593321212, 23.240362050956925 ], [ 77.437110633212114, 23.240387050949703 ], [ 77.437149133212117, 23.24025085098906 ], [ 77.437044433212108, 23.240225850996282 ], [ 77.43700593321212, 23.240362050956925 ] ] ] } },
{ "type": "Feature", "properties": { }, "geometry": { "type": "Polygon", "coordinates": [ [ [ 77.436434033212109, 23.241733650560604 ], [ 77.436499733212131, 23.241749550556005 ], [ 77.436533333212111, 23.241632050589963 ], [ 77.436467733212098, 23.241616150594556 ], [ 77.436434033212109, 23.241733650560604 ] ] ] } },
{ "type": "Feature", "properties": { }, "geometry": { "type": "Polygon", "coordinates": [ [ [ 77.436742433212117, 23.24165975058196 ], [ 77.436846633212113, 23.241684550574792 ], [ 77.436880833212115, 23.241563150609871 ], [ 77.436776633212119, 23.241538350617034 ], [ 77.436742433212117, 23.24165975058196 ] ] ] } },
{ "type": "Feature", "properties": { }, "geometry": { "type": "Polygon", "coordinates": [ [ [ 77.436128133212094, 23.241526250620534 ], [ 77.436209033212108, 23.241544550615249 ], [ 77.436244133212114, 23.241413250653192 ], [ 77.436163333212107, 23.241395050658443 ], [ 77.436128133212094, 23.241526250620534 ] ] ] } },
{ "type": "Feature", "properties": { }, "geometry": { "type": "Polygon", "coordinates": [ [ [ 77.437325533212118, 23.240594750889692 ], [ 77.437458933212113, 23.240619550882524 ], [ 77.437471933212095, 23.24056055089957 ], [ 77.437338533212099, 23.240535750906737 ], [ 77.437325533212118, 23.240594750889692 ] ] ] } },
{ "type": "Feature", "properties": { }, "geometry": { "type": "Polygon", "coordinates": [ [ [ 77.436473133212118, 23.240195451005061 ], [ 77.436511033212128, 23.240076651039395 ], [ 77.436416733212113, 23.240051351046699 ], [ 77.436378833212117, 23.240170151012379 ], [ 77.436473133212118, 23.240195451005061 ] ] ] } },
{ "type": "Feature", "properties": { }, "geometry": { "type": "Polygon", "coordinates": [ [ [ 77.436502433212112, 23.241757750553635 ], [ 77.436614933212113, 23.241784850545809 ], [ 77.436647133212119, 23.24167225057835 ], [ 77.436534733212127, 23.241645050586207 ], [ 77.436502433212112, 23.241757750553635 ] ] ] } },
{ "type": "Feature", "properties": { }, "geometry": { "type": "Polygon", "coordinates": [ [ [ 77.436622033212117, 23.241802350540755 ], [ 77.436711533212119, 23.241823950534513 ], [ 77.436748033212126, 23.241696550571326 ], [ 77.436658433212116, 23.241674950577572 ], [ 77.436622033212117, 23.241802350540755 ] ] ] } },
{ "type": "Feature", "properties": { }, "geometry": { "type": "Polygon", "coordinates": [ [ [ 77.436883333212108, 23.242013550479722 ], [ 77.437025433212099, 23.242043150471179 ], [ 77.437047633212117, 23.241953050497212 ], [ 77.436905533212112, 23.241923450505762 ], [ 77.436883333212108, 23.242013550479722 ] ] ] } },
{ "type": "Feature", "properties": { }, "geometry": { "type": "Polygon", "coordinates": [ [ [ 77.436915133212111, 23.240348350960886 ], [ 77.436997533212107, 23.240368550955047 ], [ 77.437038533212117, 23.240227350995848 ], [ 77.436956133212121, 23.240207151001684 ], [ 77.436915133212111, 23.240348350960886 ] ] ] } },
{ "type": "Feature", "properties": { }, "geometry": { "type": "Polygon", "coordinates": [ [ [ 77.43619703321211, 23.241690750573003 ], [ 77.436275933212116, 23.241709050567714 ], [ 77.436305033212108, 23.241603850598111 ], [ 77.436226033212122, 23.241585450603427 ], [ 77.43619703321211, 23.241690750573003 ] ] ] } },
{ "type": "Feature", "properties": { }, "geometry": { "type": "Polygon", "coordinates": [ [ [ 77.436900733212113, 23.241913750508566 ], [ 77.43703083321212, 23.241939650501081 ], [ 77.437062533212114, 23.241804850540028 ], [ 77.436932533212115, 23.241778950547516 ], [ 77.436900733212113, 23.241913750508566 ] ] ] } },
{ "type": "Feature", "properties": { }, "geometry": { "type": "Polygon", "coordinates": [ [ [ 77.436787133212121, 23.240153351017231 ], [ 77.436742233212115, 23.240294050976573 ], [ 77.436906833212134, 23.240338350963771 ], [ 77.436951733212112, 23.240197651004429 ], [ 77.436787133212121, 23.240153351017231 ] ] ] } },
{ "type": "Feature", "properties": { }, "geometry": { "type": "Polygon", "coordinates": [ [ [ 77.437168333212128, 23.240559250899949 ], [ 77.437301033212108, 23.240583950892805 ], [ 77.437315133212124, 23.240519850911326 ], [ 77.437182433212115, 23.240495150918466 ], [ 77.437168333212128, 23.240559250899949 ] ] ] } },
{ "type": "Feature", "properties": { }, "geometry": { "type": "Polygon", "coordinates": [ [ [ 77.436362633212113, 23.241706850568349 ], [ 77.436434433212114, 23.241722450563842 ], [ 77.4364612332121, 23.241618350593921 ], [ 77.436389533212122, 23.241602750598425 ], [ 77.436362633212113, 23.241706850568349 ] ] ] } },
{ "type": "Feature", "properties": { }, "geometry": { "type": "Polygon", "coordinates": [ [ [ 77.436723833212113, 23.241804650540089 ], [ 77.436804133212121, 23.241824050534483 ], [ 77.436834433212113, 23.241718250565057 ], [ 77.436754033212111, 23.241698850570657 ], [ 77.436723833212113, 23.241804650540089 ] ] ] } },
{ "type": "Feature", "properties": { }, "geometry": { "type": "Polygon", "coordinates": [ [ [ 77.437225033212115, 23.240409750943144 ], [ 77.437211033212108, 23.240486650920921 ], [ 77.437316233212115, 23.240502850916243 ], [ 77.437330233212109, 23.240425950938462 ], [ 77.437225033212115, 23.240409750943144 ] ] ] } },
{ "type": "Feature", "properties": { }, "geometry": { "type": "Polygon", "coordinates": [ [ [ 77.436278533212104, 23.241705650568694 ], [ 77.436351333212116, 23.241722550563814 ], [ 77.43638183321211, 23.241611950595768 ], [ 77.43630913321212, 23.241595050600655 ], [ 77.436278533212104, 23.241705650568694 ] ] ] } },
{ "type": "Feature", "properties": { }, "geometry": { "type": "Polygon", "coordinates": [ [ [ 77.435950433212113, 23.241982150488795 ], [ 77.43607353321211, 23.242004150482444 ], [ 77.436096533212108, 23.241894950513991 ], [ 77.435973433212098, 23.241873050520326 ], [ 77.435950433212113, 23.241982150488795 ] ] ] } },
{ "type": "Feature", "properties": { }, "geometry": { "type": "Polygon", "coordinates": [ [ [ 77.437150533212119, 23.240656350871891 ], [ 77.437286433212108, 23.24068165086458 ], [ 77.437304733212102, 23.240598450888619 ], [ 77.437168833212112, 23.24057315089593 ], [ 77.437150533212119, 23.240656350871891 ] ] ] } },
{ "type": "Feature", "properties": { }, "geometry": { "type": "Polygon", "coordinates": [ [ [ 77.436292033212112, 23.241927150504686 ], [ 77.436426533212114, 23.24195195049753 ], [ 77.436452633212113, 23.241832450532051 ], [ 77.436318233212106, 23.241807650539222 ], [ 77.436292033212112, 23.241927150504686 ] ] ] } },
{ "type": "Feature", "properties": { }, "geometry": { "type": "Polygon", "coordinates": [ [ [ 77.437117733212119, 23.240806050828638 ], [ 77.437252433212109, 23.240828850822048 ], [ 77.437270333212112, 23.240739650847825 ], [ 77.437135533212114, 23.240716850854405 ], [ 77.437117733212119, 23.240806050828638 ] ] ] } },
{ "type": "Feature", "properties": { }, "geometry": { "type": "Polygon", "coordinates": [ [ [ 77.43733403321211, 23.240521650910811 ], [ 77.437455333212114, 23.240544250904282 ], [ 77.437478033212116, 23.240441050934095 ], [ 77.437356733212127, 23.240418450940634 ], [ 77.43733403321211, 23.240521650910811 ] ] ] } },
{ "type": "Feature", "properties": { }, "geometry": { "type": "Polygon", "coordinates": [ [ [ 77.435732833212114, 23.24201585047906 ], [ 77.435718833212121, 23.242105950453027 ], [ 77.435821533212106, 23.242119350449151 ], [ 77.435835433212134, 23.242029250475184 ], [ 77.435732833212114, 23.24201585047906 ] ] ] } },
{ "type": "Feature", "properties": { }, "geometry": { "type": "Polygon", "coordinates": [ [ [ 77.435782433212111, 23.241706950568314 ], [ 77.43592063321212, 23.241725350563001 ], [ 77.435932933212115, 23.241646950585654 ], [ 77.43579473321212, 23.241628550590971 ], [ 77.435782433212111, 23.241706950568314 ] ] ] } },
{ "type": "Feature", "properties": { }, "geometry": { "type": "Polygon", "coordinates": [ [ [ 77.435603433212108, 23.241807150539369 ], [ 77.435591633212098, 23.241881850517778 ], [ 77.435720133212129, 23.241898950512837 ], [ 77.435731833212117, 23.241824250534428 ], [ 77.435603433212108, 23.241807150539369 ] ] ] } },
{ "type": "Feature", "properties": { }, "geometry": { "type": "Polygon", "coordinates": [ [ [ 77.435662733212112, 23.24147415063559 ], [ 77.435799433212097, 23.241494850629604 ], [ 77.435810333212117, 23.241434050647175 ], [ 77.435673633212105, 23.241413350653158 ], [ 77.435662733212112, 23.24147415063559 ] ] ] } },
{ "type": "Feature", "properties": { }, "geometry": { "type": "Polygon", "coordinates": [ [ [ 77.435813233212116, 23.241529850619493 ], [ 77.435937333212124, 23.241548650614057 ], [ 77.435947733212103, 23.241490750630788 ], [ 77.435823633212109, 23.241471950636221 ], [ 77.435813233212116, 23.241529850619493 ] ] ] } },
{ "type": "Feature", "properties": { }, "geometry": { "type": "Polygon", "coordinates": [ [ [ 77.435755933212121, 23.241781850546676 ], [ 77.435901433212095, 23.241801250541073 ], [ 77.435912833212129, 23.24172895056196 ], [ 77.435767333212112, 23.24170955056757 ], [ 77.435755933212121, 23.241781850546676 ] ] ] } },
{ "type": "Feature", "properties": { }, "geometry": { "type": "Polygon", "coordinates": [ [ [ 77.435577933212116, 23.241950750497878 ], [ 77.435703433212112, 23.24196745049305 ], [ 77.435713433212101, 23.24190445051125 ], [ 77.435587833212111, 23.241887750516078 ], [ 77.435577933212116, 23.241950750497878 ] ] ] } },
{ "type": "Feature", "properties": { }, "geometry": { "type": "Polygon", "coordinates": [ [ [ 77.435742533212121, 23.241840450529736 ], [ 77.435868733212118, 23.241857250524895 ], [ 77.435877633212129, 23.241800950541158 ], [ 77.435751433212133, 23.241784150546014 ], [ 77.435742533212121, 23.241840450529736 ] ] ] } },
{ "type": "Feature", "properties": { }, "geometry": { "type": "Polygon", "coordinates": [ [ [ 77.435676133212112, 23.241407550654827 ], [ 77.435812333212112, 23.241427250649146 ], [ 77.435834833212112, 23.241295850687106 ], [ 77.435698733212135, 23.241276150692805 ], [ 77.435676133212112, 23.241407550654827 ] ] ] } },
{ "type": "Feature", "properties": { }, "geometry": { "type": "Polygon", "coordinates": [ [ [ 77.435730533212109, 23.241810850538297 ], [ 77.435752833212121, 23.24166885057933 ], [ 77.435610633212107, 23.241649950584794 ], [ 77.435588333212124, 23.24179195054376 ], [ 77.435730533212109, 23.241810850538297 ] ] ] } },
{ "type": "Feature", "properties": { }, "geometry": { "type": "Polygon", "coordinates": [ [ [ 77.435656033212112, 23.241488950631311 ], [ 77.435641233212124, 23.241571550607446 ], [ 77.435791533212125, 23.241594250600887 ], [ 77.435806333212113, 23.241511650624755 ], [ 77.435656033212112, 23.241488950631311 ] ] ] } },
{ "type": "Feature", "properties": { }, "geometry": { "type": "Polygon", "coordinates": [ [ [ 77.435835533212114, 23.241469850636829 ], [ 77.435968433212125, 23.241489950631021 ], [ 77.435989433212114, 23.24137285066486 ], [ 77.435856533212103, 23.241352750670668 ], [ 77.435835533212114, 23.241469850636829 ] ] ] } },
{ "type": "Feature", "properties": { }, "geometry": { "type": "Polygon", "coordinates": [ [ [ 77.435822333212101, 23.241546250614757 ], [ 77.435808233212114, 23.241624650592094 ], [ 77.435916833212119, 23.241641150587331 ], [ 77.43593093321212, 23.241562650610021 ], [ 77.435822333212101, 23.241546250614757 ] ] ] } },
{ "type": "Feature", "properties": { }, "geometry": { "type": "Polygon", "coordinates": [ [ [ 77.435627733212115, 23.241646050585913 ], [ 77.435771733212107, 23.241664350580628 ], [ 77.435782033212121, 23.241596050600364 ], [ 77.435638033212115, 23.24157775060565 ], [ 77.435627733212115, 23.241646050585913 ] ] ] } },
{ "type": "Feature", "properties": { }, "geometry": { "type": "Polygon", "coordinates": [ [ [ 77.435723433212132, 23.241961850494665 ], [ 77.435716433212107, 23.242008850481085 ], [ 77.435822733212106, 23.242022150477244 ], [ 77.435829733212117, 23.241975050490851 ], [ 77.435723433212132, 23.241961850494665 ] ] ] } },
{ "type": "Feature", "properties": { }, "geometry": { "type": "Polygon", "coordinates": [ [ [ 77.435578633212117, 23.241963850494084 ], [ 77.435569033212118, 23.242036750473027 ], [ 77.435707133212134, 23.242052150468574 ], [ 77.435716733212118, 23.241979250489639 ], [ 77.435578633212117, 23.241963850494084 ] ] ] } },
{ "type": "Feature", "properties": { }, "geometry": { "type": "Polygon", "coordinates": [ [ [ 77.435732133212113, 23.241956950496082 ], [ 77.435859633212118, 23.24197415049111 ], [ 77.435877333212119, 23.241864050522921 ], [ 77.435749633212112, 23.241846850527896 ], [ 77.435732133212113, 23.241956950496082 ] ] ] } },
{ "type": "Feature", "properties": { }, "geometry": { "type": "Polygon", "coordinates": [ [ [ 77.442509233212107, 23.23490835253255 ], [ 77.442430333212116, 23.234943752522327 ], [ 77.442486933212109, 23.235050352491527 ], [ 77.4425658332121, 23.235014952501757 ], [ 77.442509233212107, 23.23490835253255 ] ] ] } },
{ "type": "Feature", "properties": { }, "geometry": { "type": "Polygon", "coordinates": [ [ [ 77.443061133212112, 23.236558952055713 ], [ 77.443175033212086, 23.23656615205363 ], [ 77.443179833212128, 23.236500752072523 ], [ 77.443066033212119, 23.236493652074582 ], [ 77.443061133212112, 23.236558952055713 ] ] ] } },
{ "type": "Feature", "properties": { }, "geometry": { "type": "Polygon", "coordinates": [ [ [ 77.442846233212123, 23.23470025259266 ], [ 77.442930833212117, 23.234859652546618 ], [ 77.44307433321211, 23.23479535256519 ], [ 77.442989733212116, 23.234635852611273 ], [ 77.442846233212123, 23.23470025259266 ] ] ] } },
{ "type": "Feature", "properties": { }, "geometry": { "type": "Polygon", "coordinates": [ [ [ 77.442745133212114, 23.237162451881364 ], [ 77.442742433212118, 23.237281351847013 ], [ 77.442821233212115, 23.237282851846579 ], [ 77.442823933212111, 23.237163951880927 ], [ 77.442745133212114, 23.237162451881364 ] ] ] } },
{ "type": "Feature", "properties": { }, "geometry": { "type": "Polygon", "coordinates": [ [ [ 77.442840833212117, 23.234726052585209 ], [ 77.44277343321211, 23.234756252576485 ], [ 77.442834933212126, 23.234872152543012 ], [ 77.442902333212118, 23.234841952551729 ], [ 77.442840833212117, 23.234726052585209 ] ] ] } },
{ "type": "Feature", "properties": { }, "geometry": { "type": "Polygon", "coordinates": [ [ [ 77.443571933212112, 23.234088052769518 ], [ 77.443643033212112, 23.234084052770669 ], [ 77.44364003321212, 23.23403965278349 ], [ 77.443568933212106, 23.234043652782336 ], [ 77.443571933212112, 23.234088052769518 ] ] ] } },
{ "type": "Feature", "properties": { }, "geometry": { "type": "Polygon", "coordinates": [ [ [ 77.442570833212116, 23.236609152041211 ], [ 77.442450733212112, 23.236606752041904 ], [ 77.442448033212131, 23.236723252008247 ], [ 77.44256813321212, 23.236725552007584 ], [ 77.442570833212116, 23.236609152041211 ] ] ] } },
{ "type": "Feature", "properties": { }, "geometry": { "type": "Polygon", "coordinates": [ [ [ 77.442724033212116, 23.237168851879513 ], [ 77.442646533212113, 23.237165751880415 ], [ 77.442641833212107, 23.237264351851923 ], [ 77.442719333212111, 23.237267451851025 ], [ 77.442724033212116, 23.237168851879513 ] ] ] } },
{ "type": "Feature", "properties": { }, "geometry": { "type": "Polygon", "coordinates": [ [ [ 77.442414733212104, 23.234928552526714 ], [ 77.442340033212105, 23.234962052517037 ], [ 77.442408033212132, 23.235090152480034 ], [ 77.442482733212117, 23.23505665248971 ], [ 77.442414733212104, 23.234928552526714 ] ] ] } },
{ "type": "Feature", "properties": { }, "geometry": { "type": "Polygon", "coordinates": [ [ [ 77.443465633212114, 23.234055152779014 ], [ 77.443470633212115, 23.234120852760032 ], [ 77.443503133212133, 23.234118852760613 ], [ 77.443498133212117, 23.234053052779625 ], [ 77.443465633212114, 23.234055152779014 ] ] ] } },
{ "type": "Feature", "properties": { }, "geometry": { "type": "Polygon", "coordinates": [ [ [ 77.443595733212121, 23.233962052805907 ], [ 77.443600333212117, 23.234018352789647 ], [ 77.443669833212113, 23.234013552791033 ], [ 77.443665233212116, 23.233957152807324 ], [ 77.443595733212121, 23.233962052805907 ] ] ] } },
{ "type": "Feature", "properties": { }, "geometry": { "type": "Polygon", "coordinates": [ [ [ 77.442501133212119, 23.234875752541967 ], [ 77.442564933212097, 23.234995952507244 ], [ 77.44264593321212, 23.23495965251773 ], [ 77.442582133212113, 23.234839452552457 ], [ 77.442501133212119, 23.234875752541967 ] ] ] } },
{ "type": "Feature", "properties": { }, "geometry": { "type": "Polygon", "coordinates": [ [ [ 77.442806633212115, 23.237303951840484 ], [ 77.442803633212108, 23.237403851811621 ], [ 77.442892033212118, 23.237406051810989 ], [ 77.44289503321211, 23.237306151839846 ], [ 77.442806633212115, 23.237303951840484 ] ] ] } },
{ "type": "Feature", "properties": { }, "geometry": { "type": "Polygon", "coordinates": [ [ [ 77.442558033212109, 23.237160551881914 ], [ 77.442552933212113, 23.23727305184941 ], [ 77.442634033212116, 23.237276151848512 ], [ 77.442639133212111, 23.237163651881009 ], [ 77.442558033212109, 23.237160551881914 ] ] ] } },
{ "type": "Feature", "properties": { }, "geometry": { "type": "Polygon", "coordinates": [ [ [ 77.443674333212115, 23.234720452586831 ], [ 77.443653733212116, 23.234767452573248 ], [ 77.443732233212117, 23.234796452564872 ], [ 77.443752833212116, 23.234749352578479 ], [ 77.443674333212115, 23.234720452586831 ] ] ] } },
{ "type": "Feature", "properties": { }, "geometry": { "type": "Polygon", "coordinates": [ [ [ 77.442372633212116, 23.237142751887053 ], [ 77.442361433212113, 23.23725185185554 ], [ 77.442443533212113, 23.237259051853449 ], [ 77.442454833212111, 23.237149851885 ], [ 77.442372633212116, 23.237142751887053 ] ] ] } },
{ "type": "Feature", "properties": { }, "geometry": { "type": "Polygon", "coordinates": [ [ [ 77.443776333212128, 23.234760052575385 ], [ 77.443749133212108, 23.2348451525508 ], [ 77.443812033212097, 23.234862152545894 ], [ 77.443839233212117, 23.234777052570475 ], [ 77.443776333212128, 23.234760052575385 ] ] ] } },
{ "type": "Feature", "properties": { }, "geometry": { "type": "Polygon", "coordinates": [ [ [ 77.442707533212115, 23.237309651838835 ], [ 77.44270433321212, 23.237411951809278 ], [ 77.44279823321213, 23.237414451808558 ], [ 77.442801433212111, 23.237312151838115 ], [ 77.442707533212115, 23.237309651838835 ] ] ] } },
{ "type": "Feature", "properties": { }, "geometry": { "type": "Polygon", "coordinates": [ [ [ 77.443707533212105, 23.234986852509874 ], [ 77.443741633212113, 23.235022752499503 ], [ 77.443784233212114, 23.234988552509382 ], [ 77.443750133212106, 23.234952652519755 ], [ 77.443707533212105, 23.234986852509874 ] ] ] } },
{ "type": "Feature", "properties": { }, "geometry": { "type": "Polygon", "coordinates": [ [ [ 77.442606333212126, 23.237403951811594 ], [ 77.442612333212125, 23.237298551842038 ], [ 77.442529333212121, 23.237294551843195 ], [ 77.442523333212122, 23.237399951812748 ], [ 77.442606333212126, 23.237403951811594 ] ] ] } },
{ "type": "Feature", "properties": { }, "geometry": { "type": "Polygon", "coordinates": [ [ [ 77.442616333212115, 23.237398351813209 ], [ 77.442684733212118, 23.237399051813007 ], [ 77.442685733212116, 23.237305251840109 ], [ 77.442617333212112, 23.237304651840276 ], [ 77.442616333212115, 23.237398351813209 ] ] ] } },
{ "type": "Feature", "properties": { }, "geometry": { "type": "Polygon", "coordinates": [ [ [ 77.44350973321211, 23.233872052831909 ], [ 77.443510333212132, 23.23390685282185 ], [ 77.443539033212119, 23.233906452821969 ], [ 77.443538333212103, 23.233871652832015 ], [ 77.44350973321211, 23.233872052831909 ] ] ] } },
{ "type": "Feature", "properties": { }, "geometry": { "type": "Polygon", "coordinates": [ [ [ 77.442114733212108, 23.237107551897225 ], [ 77.442112033212112, 23.237234451860562 ], [ 77.442196933212102, 23.237235951860129 ], [ 77.442199633212113, 23.237109051896795 ], [ 77.442114733212108, 23.237107551897225 ] ] ] } },
{ "type": "Feature", "properties": { }, "geometry": { "type": "Polygon", "coordinates": [ [ [ 77.442087633212097, 23.237388151816159 ], [ 77.44217413321212, 23.237389351815814 ], [ 77.442176033212135, 23.237277351848171 ], [ 77.442089533212112, 23.237276151848512 ], [ 77.442087633212097, 23.237388151816159 ] ] ] } },
{ "type": "Feature", "properties": { }, "geometry": { "type": "Polygon", "coordinates": [ [ [ 77.442668133212109, 23.234804252562625 ], [ 77.442596333212109, 23.234836452553321 ], [ 77.44265813321212, 23.23495285251969 ], [ 77.442729933212135, 23.234920752528968 ], [ 77.442668133212109, 23.234804252562625 ] ] ] } },
{ "type": "Feature", "properties": { }, "geometry": { "type": "Polygon", "coordinates": [ [ [ 77.442663233212116, 23.236405752099969 ], [ 77.442660433212112, 23.236483052077642 ], [ 77.442781833212109, 23.236486752076573 ], [ 77.442784633212113, 23.236409452098904 ], [ 77.442663233212116, 23.236405752099969 ] ] ] } },
{ "type": "Feature", "properties": { }, "geometry": { "type": "Polygon", "coordinates": [ [ [ 77.442748733212099, 23.234920652528995 ], [ 77.442830933212107, 23.234883752539655 ], [ 77.442760733212111, 23.234751552577848 ], [ 77.442678533212117, 23.234788352567215 ], [ 77.442748733212099, 23.234920652528995 ] ] ] } },
{ "type": "Feature", "properties": { }, "geometry": { "type": "Polygon", "coordinates": [ [ [ 77.443223133212115, 23.236654452028123 ], [ 77.443220433212133, 23.236729452006458 ], [ 77.44335853321212, 23.236733652005242 ], [ 77.44336123321213, 23.236658652026907 ], [ 77.443223133212115, 23.236654452028123 ] ] ] } },
{ "type": "Feature", "properties": { }, "geometry": { "type": "Polygon", "coordinates": [ [ [ 77.442423233212097, 23.236754451999239 ], [ 77.442423633212101, 23.236819251980517 ], [ 77.442546333212121, 23.236818551980715 ], [ 77.442545933212116, 23.23675385199941 ], [ 77.442423233212097, 23.236754451999239 ] ] ] } },
{ "type": "Feature", "properties": { }, "geometry": { "type": "Polygon", "coordinates": [ [ [ 77.442492233212121, 23.235620552326811 ], [ 77.442618033212113, 23.235623952325827 ], [ 77.44262103321212, 23.235529352353151 ], [ 77.442495233212114, 23.235525952354138 ], [ 77.442492233212121, 23.235620552326811 ] ] ] } },
{ "type": "Feature", "properties": { }, "geometry": { "type": "Polygon", "coordinates": [ [ [ 77.443070433212114, 23.236582652048867 ], [ 77.443064833212119, 23.236657652027201 ], [ 77.443179633212111, 23.236664852025122 ], [ 77.443185133212111, 23.236589852046787 ], [ 77.443070433212114, 23.236582652048867 ] ] ] } },
{ "type": "Feature", "properties": { }, "geometry": { "type": "Polygon", "coordinates": [ [ [ 77.44292353321211, 23.237283151846491 ], [ 77.442926833212113, 23.237171051878878 ], [ 77.442834433212113, 23.237168751879544 ], [ 77.44283103321213, 23.237280851847157 ], [ 77.44292353321211, 23.237283151846491 ] ] ] } },
{ "type": "Feature", "properties": { }, "geometry": { "type": "Polygon", "coordinates": [ [ [ 77.443049333212102, 23.236825451978721 ], [ 77.443160833212119, 23.236832451976696 ], [ 77.443165733212112, 23.236765551996026 ], [ 77.443054233212109, 23.236758551998051 ], [ 77.443049333212102, 23.236825451978721 ] ] ] } },
{ "type": "Feature", "properties": { }, "geometry": { "type": "Polygon", "coordinates": [ [ [ 77.442639133212111, 23.236942251944981 ], [ 77.442637933212112, 23.237065251909446 ], [ 77.442750633212114, 23.23706605190921 ], [ 77.442751733212134, 23.236943151944715 ], [ 77.442639133212111, 23.236942251944981 ] ] ] } },
{ "type": "Feature", "properties": { }, "geometry": { "type": "Polygon", "coordinates": [ [ [ 77.442278733212106, 23.235152752461953 ], [ 77.442401633212114, 23.235097652477865 ], [ 77.442336133212109, 23.234974252513513 ], [ 77.442238333212103, 23.235018052500862 ], [ 77.442249933212125, 23.235039952494535 ], [ 77.442224833212109, 23.235051152491302 ], [ 77.442278733212106, 23.235152752461953 ] ] ] } },
{ "type": "Feature", "properties": { }, "geometry": { "type": "Polygon", "coordinates": [ [ [ 77.438288533212102, 23.233163453036592 ], [ 77.438270333212117, 23.233164553036275 ], [ 77.438254033212118, 23.233171953034134 ], [ 77.43824203321212, 23.233184553030501 ], [ 77.438236233212095, 23.233200453025901 ], [ 77.438237433212095, 23.23321715302108 ], [ 77.438245533212097, 23.233232153016747 ], [ 77.438259233212108, 23.233243153013575 ], [ 77.438276433212096, 23.233248453012038 ], [ 77.438294633212124, 23.233247353012363 ], [ 77.438310933212122, 23.23323995301449 ], [ 77.438322933212135, 23.233227353018137 ], [ 77.438328733212103, 23.233211553022699 ], [ 77.438327533212103, 23.233194853027527 ], [ 77.438319433212101, 23.23317985303186 ], [ 77.438305733212118, 23.233168853035028 ], [ 77.438288533212102, 23.233163453036592 ] ] ] } },
{ "type": "Feature", "properties": { }, "geometry": { "type": "Polygon", "coordinates": [ [ [ 77.438824133212094, 23.23270695316846 ], [ 77.438981233212132, 23.23272915316204 ], [ 77.439003733212118, 23.23259495320081 ], [ 77.438846533212129, 23.232572753207215 ], [ 77.438824133212094, 23.23270695316846 ] ] ] } },
{ "type": "Feature", "properties": { }, "geometry": { "type": "Polygon", "coordinates": [ [ [ 77.435795733212132, 23.233400952967994 ], [ 77.43593253321211, 23.233432052959007 ], [ 77.435950533212093, 23.233365252978299 ], [ 77.435813733212115, 23.233334152987293 ], [ 77.435795733212132, 23.233400952967994 ] ] ] } },
{ "type": "Feature", "properties": { }, "geometry": { "type": "Polygon", "coordinates": [ [ [ 77.43857253321211, 23.231666953468853 ], [ 77.438653833212101, 23.231663653469806 ], [ 77.438646833212132, 23.231515453512614 ], [ 77.438565533212113, 23.231518753511658 ], [ 77.43857253321211, 23.231666953468853 ] ] ] } },
{ "type": "Feature", "properties": { }, "geometry": { "type": "Polygon", "coordinates": [ [ [ 77.438380833212108, 23.232950753098031 ], [ 77.438490333212116, 23.23296835309295 ], [ 77.438512733212093, 23.232851053126836 ], [ 77.438403233212114, 23.232833453131921 ], [ 77.438380833212108, 23.232950753098031 ] ] ] } },
{ "type": "Feature", "properties": { }, "geometry": { "type": "Polygon", "coordinates": [ [ [ 77.437717333212134, 23.232715953165851 ], [ 77.437689833212119, 23.23280535314003 ], [ 77.437818933212114, 23.232838853130357 ], [ 77.437846433212101, 23.232749353156212 ], [ 77.437717333212134, 23.232715953165851 ] ] ] } },
{ "type": "Feature", "properties": { }, "geometry": { "type": "Polygon", "coordinates": [ [ [ 77.438972833212119, 23.231830753421541 ], [ 77.439051933212113, 23.231831553421308 ], [ 77.439053533212117, 23.23169885345964 ], [ 77.438974433212096, 23.231698053459866 ], [ 77.438972833212119, 23.231830753421541 ] ] ] } },
{ "type": "Feature", "properties": { }, "geometry": { "type": "Polygon", "coordinates": [ [ [ 77.4375812332121, 23.233208153023678 ], [ 77.437715533212113, 23.233242953013637 ], [ 77.437742633212125, 23.233154753039106 ], [ 77.437608333212125, 23.233119953049162 ], [ 77.4375812332121, 23.233208153023678 ] ] ] } },
{ "type": "Feature", "properties": { }, "geometry": { "type": "Polygon", "coordinates": [ [ [ 77.438184733212125, 23.233490952941992 ], [ 77.438269033212109, 23.233494952940834 ], [ 77.438277233212105, 23.233347752983356 ], [ 77.438192933212108, 23.233343752984513 ], [ 77.438184733212125, 23.233490952941992 ] ] ] } },
{ "type": "Feature", "properties": { }, "geometry": { "type": "Polygon", "coordinates": [ [ [ 77.43594393321213, 23.233453652952765 ], [ 77.436076033212117, 23.23348445294387 ], [ 77.43609993321212, 23.233397952968861 ], [ 77.435967833212118, 23.233367152977749 ], [ 77.43594393321213, 23.233453652952765 ] ] ] } },
{ "type": "Feature", "properties": { }, "geometry": { "type": "Polygon", "coordinates": [ [ [ 77.438298433212111, 23.232547753214433 ], [ 77.438377333212102, 23.232566653208977 ], [ 77.438407533212114, 23.232460253239712 ], [ 77.438328633212095, 23.232441353245168 ], [ 77.438298433212111, 23.232547753214433 ] ] ] } },
{ "type": "Feature", "properties": { }, "geometry": { "type": "Polygon", "coordinates": [ [ [ 77.438778233212119, 23.232883053117586 ], [ 77.438882733212111, 23.232907453110538 ], [ 77.438911833212103, 23.232802153140955 ], [ 77.438807433212133, 23.232777753148003 ], [ 77.438778233212119, 23.232883053117586 ] ] ] } },
{ "type": "Feature", "properties": { }, "geometry": { "type": "Polygon", "coordinates": [ [ [ 77.437861733212102, 23.232738853159237 ], [ 77.437987133212104, 23.232771353149857 ], [ 77.438011433212111, 23.232692053172762 ], [ 77.437886033212109, 23.232659453182176 ], [ 77.437861733212102, 23.232738853159237 ] ] ] } },
{ "type": "Feature", "properties": { }, "geometry": { "type": "Polygon", "coordinates": [ [ [ 77.438894433212113, 23.231825953422927 ], [ 77.438965433212118, 23.231826653422718 ], [ 77.438966933212114, 23.231702353458626 ], [ 77.438895833212115, 23.231701653458831 ], [ 77.438894433212113, 23.231825953422927 ] ] ] } },
{ "type": "Feature", "properties": { }, "geometry": { "type": "Polygon", "coordinates": [ [ [ 77.437879433212103, 23.23203135336361 ], [ 77.438020633212133, 23.23205935335551 ], [ 77.438041333212098, 23.231971153380989 ], [ 77.437900233212119, 23.231943053389102 ], [ 77.437879433212103, 23.23203135336361 ] ] ] } },
{ "type": "Feature", "properties": { }, "geometry": { "type": "Polygon", "coordinates": [ [ [ 77.438610733212116, 23.231843753417788 ], [ 77.438699233212105, 23.231844653417529 ], [ 77.438700833212096, 23.231713753455338 ], [ 77.43861233321212, 23.231712853455598 ], [ 77.438610733212116, 23.231843753417788 ] ] ] } },
{ "type": "Feature", "properties": { }, "geometry": { "type": "Polygon", "coordinates": [ [ [ 77.4381667332121, 23.232760653152948 ], [ 77.438238533212115, 23.232777053148215 ], [ 77.438272133212109, 23.232652253184256 ], [ 77.438200233212115, 23.232635953188964 ], [ 77.4381667332121, 23.232760653152948 ] ] ] } },
{ "type": "Feature", "properties": { }, "geometry": { "type": "Polygon", "coordinates": [ [ [ 77.438464933212103, 23.23260355319832 ], [ 77.438541033212118, 23.232621753193065 ], [ 77.438575933212121, 23.232498853228563 ], [ 77.43849983321212, 23.232480653233818 ], [ 77.438464933212103, 23.23260355319832 ] ] ] } },
{ "type": "Feature", "properties": { }, "geometry": { "type": "Polygon", "coordinates": [ [ [ 77.437836833212103, 23.232181853320128 ], [ 77.43782003321212, 23.23224995330046 ], [ 77.437958833212122, 23.232278853292112 ], [ 77.437975633212119, 23.232210753311783 ], [ 77.437836833212103, 23.232181853320128 ] ] ] } },
{ "type": "Feature", "properties": { }, "geometry": { "type": "Polygon", "coordinates": [ [ [ 77.439103733212107, 23.231642753475843 ], [ 77.43920063321211, 23.231638853476966 ], [ 77.439193733212107, 23.23149365351891 ], [ 77.439096733212111, 23.231497553517787 ], [ 77.439103733212107, 23.231642753475843 ] ] ] } },
{ "type": "Feature", "properties": { }, "geometry": { "type": "Polygon", "coordinates": [ [ [ 77.438655333212111, 23.232723153163771 ], [ 77.438626733212118, 23.232826453133939 ], [ 77.438759033212094, 23.232857353125016 ], [ 77.438787533212121, 23.232754053154849 ], [ 77.438655333212111, 23.232723153163771 ] ] ] } },
{ "type": "Feature", "properties": { }, "geometry": { "type": "Polygon", "coordinates": [ [ [ 77.437863533212109, 23.232102153343149 ], [ 77.437999833212132, 23.23213065333492 ], [ 77.43801623321211, 23.232064353354069 ], [ 77.437879933212116, 23.232035853362301 ], [ 77.437863533212109, 23.232102153343149 ] ] ] } },
{ "type": "Feature", "properties": { }, "geometry": { "type": "Polygon", "coordinates": [ [ [ 77.437907033212113, 23.233490352942169 ], [ 77.437914533212123, 23.233357052980672 ], [ 77.437823533212097, 23.233352752981911 ], [ 77.437816133212124, 23.233486152943378 ], [ 77.437907033212113, 23.233490352942169 ] ] ] } },
{ "type": "Feature", "properties": { }, "geometry": { "type": "Polygon", "coordinates": [ [ [ 77.438130233212107, 23.231743853446645 ], [ 77.438241333212119, 23.231767153439911 ], [ 77.438255133212095, 23.231711453456004 ], [ 77.43814413321212, 23.231688153462731 ], [ 77.438130233212107, 23.231743853446645 ] ] ] } },
{ "type": "Feature", "properties": { }, "geometry": { "type": "Polygon", "coordinates": [ [ [ 77.438912733212121, 23.232153453328337 ], [ 77.438922833212118, 23.232034853362588 ], [ 77.4387972332121, 23.232025753365214 ], [ 77.438787133212116, 23.232144353330963 ], [ 77.438912733212121, 23.232153453328337 ] ] ] } },
{ "type": "Feature", "properties": { }, "geometry": { "type": "Polygon", "coordinates": [ [ [ 77.438826033212109, 23.23151605351244 ], [ 77.438833133212128, 23.23166585346917 ], [ 77.438920633212106, 23.231662253470208 ], [ 77.438913533212116, 23.231512453513481 ], [ 77.438826033212109, 23.23151605351244 ] ] ] } },
{ "type": "Feature", "properties": { }, "geometry": { "type": "Polygon", "coordinates": [ [ [ 77.438141533212118, 23.232908953110108 ], [ 77.438217233212114, 23.232921153106588 ], [ 77.438243233212134, 23.232785053145893 ], [ 77.438167533212095, 23.23277285314942 ], [ 77.438141533212118, 23.232908953110108 ] ] ] } },
{ "type": "Feature", "properties": { }, "geometry": { "type": "Polygon", "coordinates": [ [ [ 77.437699433212103, 23.233856552836382 ], [ 77.437827433212121, 23.233865252833873 ], [ 77.43783623321211, 23.233755452865591 ], [ 77.437708133212112, 23.233746852868073 ], [ 77.437699433212103, 23.233856552836382 ] ] ] } },
{ "type": "Feature", "properties": { }, "geometry": { "type": "Polygon", "coordinates": [ [ [ 77.437644233212112, 23.233466352949105 ], [ 77.437734533212108, 23.233470652947858 ], [ 77.43774343321212, 23.233311652993788 ], [ 77.437653033212129, 23.233307352995027 ], [ 77.437644233212112, 23.233466352949105 ] ] ] } },
{ "type": "Feature", "properties": { }, "geometry": { "type": "Polygon", "coordinates": [ [ [ 77.437728733212097, 23.233616352905763 ], [ 77.437813933212098, 23.233619352904899 ], [ 77.437819433212127, 23.233487752942917 ], [ 77.437734233212112, 23.233484752943784 ], [ 77.437728733212097, 23.233616352905763 ] ] ] } },
{ "type": "Feature", "properties": { }, "geometry": { "type": "Polygon", "coordinates": [ [ [ 77.439007633212114, 23.231649753473825 ], [ 77.43908843321212, 23.231646453474774 ], [ 77.439081733212134, 23.231505953515356 ], [ 77.439000933212114, 23.231509253514403 ], [ 77.439007633212114, 23.231649753473825 ] ] ] } },
{ "type": "Feature", "properties": { }, "geometry": { "type": "Polygon", "coordinates": [ [ [ 77.438000233212108, 23.231639253476853 ], [ 77.438138933212116, 23.23166255347013 ], [ 77.438162633212116, 23.231537153506348 ], [ 77.438021533212108, 23.231553353501663 ], [ 77.438000233212108, 23.231639253476853 ] ] ] } },
{ "type": "Feature", "properties": { }, "geometry": { "type": "Polygon", "coordinates": [ [ [ 77.437946633212121, 23.231814653426195 ], [ 77.43792583321212, 23.231902653400773 ], [ 77.438073833212115, 23.23193215339225 ], [ 77.438094633212117, 23.231844153417672 ], [ 77.437946633212121, 23.231814653426195 ] ] ] } },
{ "type": "Feature", "properties": { }, "geometry": { "type": "Polygon", "coordinates": [ [ [ 77.438735133212134, 23.231520753511081 ], [ 77.438741733212126, 23.231660153470813 ], [ 77.438828033212133, 23.231656653471831 ], [ 77.438821433212112, 23.231517253512092 ], [ 77.438735133212134, 23.231520753511081 ] ] ] } },
{ "type": "Feature", "properties": { }, "geometry": { "type": "Polygon", "coordinates": [ [ [ 77.438222833212109, 23.232922853106089 ], [ 77.438302633212118, 23.232935653102391 ], [ 77.438327933212108, 23.232803353140611 ], [ 77.438248033212119, 23.232790453144336 ], [ 77.438222833212109, 23.232922853106089 ] ] ] } },
{ "type": "Feature", "properties": { }, "geometry": { "type": "Polygon", "coordinates": [ [ [ 77.437734433212114, 23.23263355318965 ], [ 77.437869133212118, 23.232668453179571 ], [ 77.437897533212109, 23.23257595320629 ], [ 77.437762833212133, 23.232540953216404 ], [ 77.437734433212114, 23.23263355318965 ] ] ] } },
{ "type": "Feature", "properties": { }, "geometry": { "type": "Polygon", "coordinates": [ [ [ 77.437525033212111, 23.233849552838407 ], [ 77.437657833212114, 23.233855652836642 ], [ 77.437664233212118, 23.233738852870381 ], [ 77.437531433212101, 23.233732652872174 ], [ 77.437525033212111, 23.233849552838407 ] ] ] } },
{ "type": "Feature", "properties": { }, "geometry": { "type": "Polygon", "coordinates": [ [ [ 77.438123433212112, 23.231750053444852 ], [ 77.438102833212099, 23.231838953419178 ], [ 77.438229033212096, 23.231863553412072 ], [ 77.438249633212109, 23.231774653437746 ], [ 77.438123433212112, 23.231750053444852 ] ] ] } },
{ "type": "Feature", "properties": { }, "geometry": { "type": "Polygon", "coordinates": [ [ [ 77.438730233212112, 23.232353253270613 ], [ 77.438859633212118, 23.232369253265993 ], [ 77.43886893321212, 23.232305953284285 ], [ 77.438739533212114, 23.232289953288902 ], [ 77.438730233212112, 23.232353253270613 ] ] ] } },
{ "type": "Feature", "properties": { }, "geometry": { "type": "Polygon", "coordinates": [ [ [ 77.438539133212132, 23.233191353028534 ], [ 77.438674433212114, 23.233222953019407 ], [ 77.438697933212111, 23.233138053043934 ], [ 77.438562633212115, 23.233106453053058 ], [ 77.438539133212132, 23.233191353028534 ] ] ] } },
{ "type": "Feature", "properties": { }, "geometry": { "type": "Polygon", "coordinates": [ [ [ 77.438536533212115, 23.233487552942975 ], [ 77.438632233212118, 23.233492052941674 ], [ 77.438640233212112, 23.233348652983093 ], [ 77.438544433212115, 23.233344152984401 ], [ 77.438536533212115, 23.233487552942975 ] ] ] } },
{ "type": "Feature", "properties": { }, "geometry": { "type": "Polygon", "coordinates": [ [ [ 77.436222833212113, 23.233487552942975 ], [ 77.436262433212093, 23.233358152980355 ], [ 77.436164833212118, 23.233332952987634 ], [ 77.43612523321211, 23.233462352950252 ], [ 77.436222833212113, 23.233487552942975 ] ] ] } },
{ "type": "Feature", "properties": { }, "geometry": { "type": "Polygon", "coordinates": [ [ [ 77.438288333212114, 23.232548053214355 ], [ 77.438319233212113, 23.232439053245841 ], [ 77.438247933212097, 23.232422053250751 ], [ 77.438217033212112, 23.232530953219296 ], [ 77.438288333212114, 23.232548053214355 ] ] ] } },
{ "type": "Feature", "properties": { }, "geometry": { "type": "Polygon", "coordinates": [ [ [ 77.438716133212097, 23.233094353056551 ], [ 77.438850733212107, 23.233125753047478 ], [ 77.438870733212113, 23.233053453068372 ], [ 77.438736133212117, 23.233021953077465 ], [ 77.438716133212097, 23.233094353056551 ] ] ] } },
{ "type": "Feature", "properties": { }, "geometry": { "type": "Polygon", "coordinates": [ [ [ 77.437878533212128, 23.232653053184023 ], [ 77.438002933212118, 23.232685353174698 ], [ 77.438030233212118, 23.232596553200345 ], [ 77.437905833212113, 23.232564253209674 ], [ 77.437878533212128, 23.232653053184023 ] ] ] } },
{ "type": "Feature", "properties": { }, "geometry": { "type": "Polygon", "coordinates": [ [ [ 77.438789333212114, 23.231841253418509 ], [ 77.438881533212125, 23.231842153418249 ], [ 77.438883233212096, 23.231697653459985 ], [ 77.438791133212121, 23.231696753460245 ], [ 77.438789333212114, 23.231841253418509 ] ] ] } },
{ "type": "Feature", "properties": { }, "geometry": { "type": "Polygon", "coordinates": [ [ [ 77.43885283321211, 23.232571753207505 ], [ 77.439006833212119, 23.232589353202425 ], [ 77.43901823321211, 23.232505453226654 ], [ 77.438864233212129, 23.232487753231773 ], [ 77.43885283321211, 23.232571753207505 ] ] ] } },
{ "type": "Feature", "properties": { }, "geometry": { "type": "Polygon", "coordinates": [ [ [ 77.438332433212111, 23.232797753142229 ], [ 77.438404333212119, 23.232814153137493 ], [ 77.438438133212117, 23.232688553173773 ], [ 77.438366233212108, 23.232672253178482 ], [ 77.438332433212111, 23.232797753142229 ] ] ] } },
{ "type": "Feature", "properties": { }, "geometry": { "type": "Polygon", "coordinates": [ [ [ 77.437610933212113, 23.233115853050343 ], [ 77.437741733212121, 23.233149753040554 ], [ 77.437765733212103, 23.233071553063141 ], [ 77.437634933212124, 23.233037653072934 ], [ 77.437610933212113, 23.233115853050343 ] ] ] } },
{ "type": "Feature", "properties": { }, "geometry": { "type": "Polygon", "coordinates": [ [ [ 77.438417333212115, 23.232434753247077 ], [ 77.438487933212116, 23.232451753242163 ], [ 77.438525433212121, 23.232320153280181 ], [ 77.43845483321212, 23.232303153285091 ], [ 77.438417333212115, 23.232434753247077 ] ] ] } },
{ "type": "Feature", "properties": { }, "geometry": { "type": "Polygon", "coordinates": [ [ [ 77.438524633212111, 23.233272853004991 ], [ 77.438651133212133, 23.233302452996444 ], [ 77.438672133212108, 23.233226453018396 ], [ 77.438545633212115, 23.233196853026939 ], [ 77.438524633212111, 23.233272853004991 ] ] ] } },
{ "type": "Feature", "properties": { }, "geometry": { "type": "Polygon", "coordinates": [ [ [ 77.438272933212119, 23.233492152941643 ], [ 77.438351533212128, 23.233495852940578 ], [ 77.438359633212102, 23.233350352982605 ], [ 77.438281133212115, 23.233346652983677 ], [ 77.438272933212119, 23.233492152941643 ] ] ] } },
{ "type": "Feature", "properties": { }, "geometry": { "type": "Polygon", "coordinates": [ [ [ 77.438387933212127, 23.232586253203319 ], [ 77.438460033212124, 23.23260355319832 ], [ 77.438494133212117, 23.232483453233016 ], [ 77.43842203321212, 23.232466153238008 ], [ 77.438387933212127, 23.232586253203319 ] ] ] } },
{ "type": "Feature", "properties": { }, "geometry": { "type": "Polygon", "coordinates": [ [ [ 77.438722633212109, 23.233012153080299 ], [ 77.438874233212118, 23.233047553070069 ], [ 77.438905133212117, 23.232935653102391 ], [ 77.438753633212116, 23.232900253112625 ], [ 77.438722633212109, 23.233012153080299 ] ] ] } },
{ "type": "Feature", "properties": { }, "geometry": { "type": "Polygon", "coordinates": [ [ [ 77.437831133212114, 23.232836553131023 ], [ 77.437956833212112, 23.232869153121602 ], [ 77.43798423321212, 23.232779953147364 ], [ 77.437858533212093, 23.232747353156785 ], [ 77.437831133212114, 23.232836553131023 ] ] ] } },
{ "type": "Feature", "properties": { }, "geometry": { "type": "Polygon", "coordinates": [ [ [ 77.43799763321212, 23.233490652942081 ], [ 77.438079333212116, 23.233494452940977 ], [ 77.43808733321211, 23.233350952982423 ], [ 77.4380056332121, 23.233347052983557 ], [ 77.43799763321212, 23.233490652942081 ] ] ] } },
{ "type": "Feature", "properties": { }, "geometry": { "type": "Polygon", "coordinates": [ [ [ 77.438711333212112, 23.231842553418133 ], [ 77.43878133321212, 23.231843253417932 ], [ 77.438783033212118, 23.231704953457879 ], [ 77.438712933212116, 23.23170425345808 ], [ 77.438711333212112, 23.231842553418133 ] ] ] } },
{ "type": "Feature", "properties": { }, "geometry": { "type": "Polygon", "coordinates": [ [ [ 77.438248133212127, 23.2327791531476 ], [ 77.438326133212115, 23.232796853142489 ], [ 77.438360533212119, 23.232668853179458 ], [ 77.438282633212111, 23.232651053184604 ], [ 77.438248133212127, 23.2327791531476 ] ] ] } },
{ "type": "Feature", "properties": { }, "geometry": { "type": "Polygon", "coordinates": [ [ [ 77.438494633212102, 23.232452953241822 ], [ 77.438582033212114, 23.232473953235758 ], [ 77.438621033212101, 23.232336953275333 ], [ 77.438533633212103, 23.232315953281397 ], [ 77.438494633212102, 23.232452953241822 ] ] ] } },
{ "type": "Feature", "properties": { }, "geometry": { "type": "Polygon", "coordinates": [ [ [ 77.438940733212107, 23.232025953365159 ], [ 77.439103333212131, 23.232037053361957 ], [ 77.439112833212121, 23.23191965339586 ], [ 77.438950233212111, 23.231908553399073 ], [ 77.438940733212107, 23.232025953365159 ] ] ] } },
{ "type": "Feature", "properties": { }, "geometry": { "type": "Polygon", "coordinates": [ [ [ 77.437863633212118, 23.232104153342572 ], [ 77.43784413321211, 23.232177553321367 ], [ 77.437978033212119, 23.232207453312739 ], [ 77.437997433212118, 23.232134153333902 ], [ 77.437863633212118, 23.232104153342572 ] ] ] } },
{ "type": "Feature", "properties": { }, "geometry": { "type": "Polygon", "coordinates": [ [ [ 77.438148633212109, 23.231686753463137 ], [ 77.438265533212117, 23.231712553455687 ], [ 77.438302733212112, 23.231570453496733 ], [ 77.438185833212117, 23.23154465350418 ], [ 77.438148633212109, 23.231686753463137 ] ] ] } },
{ "type": "Feature", "properties": { }, "geometry": { "type": "Polygon", "coordinates": [ [ [ 77.437508433212116, 23.233451752953318 ], [ 77.437502733212128, 23.233589752913456 ], [ 77.437609333212109, 23.233593552912357 ], [ 77.43761513321212, 23.233455552952215 ], [ 77.437508433212116, 23.233451752953318 ] ] ] } },
{ "type": "Feature", "properties": { }, "geometry": { "type": "Polygon", "coordinates": [ [ [ 77.438363233212115, 23.23165965347096 ], [ 77.43847733321212, 23.231665153469368 ], [ 77.438470333212109, 23.231518453511743 ], [ 77.43841263321211, 23.231524153510101 ], [ 77.438363233212115, 23.23165965347096 ] ] ] } },
{ "type": "Feature", "properties": { }, "geometry": { "type": "Polygon", "coordinates": [ [ [ 77.438047433212105, 23.232011853369233 ], [ 77.438159533212101, 23.232035753362329 ], [ 77.438177733212129, 23.231963553383181 ], [ 77.438065733212113, 23.231939653390086 ], [ 77.438047433212105, 23.232011853369233 ] ] ] } },
{ "type": "Feature", "properties": { }, "geometry": { "type": "Polygon", "coordinates": [ [ [ 77.43791433321212, 23.233490452942135 ], [ 77.437989933212094, 23.233493952941124 ], [ 77.437997733212129, 23.233354252981478 ], [ 77.437922133212098, 23.233350752982485 ], [ 77.43791433321212, 23.233490452942135 ] ] ] } },
{ "type": "Feature", "properties": { }, "geometry": { "type": "Polygon", "coordinates": [ [ [ 77.438934433212125, 23.232146053330471 ], [ 77.439074233212125, 23.232156753327374 ], [ 77.439084633212104, 23.232042153360478 ], [ 77.438944833212119, 23.232031453363575 ], [ 77.438934433212125, 23.232146053330471 ] ] ] } },
{ "type": "Feature", "properties": { }, "geometry": { "type": "Polygon", "coordinates": [ [ [ 77.438050633212114, 23.232898053113257 ], [ 77.438133233212127, 23.232911353109415 ], [ 77.438160533212113, 23.232768753150598 ], [ 77.438077933212099, 23.232755353154477 ], [ 77.438050633212114, 23.232898053113257 ] ] ] } },
{ "type": "Feature", "properties": { }, "geometry": { "type": "Polygon", "coordinates": [ [ [ 77.437748333212113, 23.233148553040895 ], [ 77.437870333212118, 23.233180253031744 ], [ 77.437894133212112, 23.233103053054041 ], [ 77.437772033212113, 23.233071453063172 ], [ 77.437748333212113, 23.233148553040895 ] ] ] } },
{ "type": "Feature", "properties": { }, "geometry": { "type": "Polygon", "coordinates": [ [ [ 77.437872733212117, 23.233875052831038 ], [ 77.43801893321212, 23.233886152827829 ], [ 77.438028733212121, 23.233776752859438 ], [ 77.437882533212118, 23.23376565286264 ], [ 77.437872733212117, 23.233875052831038 ] ] ] } },
{ "type": "Feature", "properties": { }, "geometry": { "type": "Polygon", "coordinates": [ [ [ 77.437986733212099, 23.232238553303748 ], [ 77.43810743321211, 23.232263253296619 ], [ 77.438126333212111, 23.23218545331909 ], [ 77.4380056332121, 23.232160653326257 ], [ 77.437986733212099, 23.232238553303748 ] ] ] } },
{ "type": "Feature", "properties": { }, "geometry": { "type": "Polygon", "coordinates": [ [ [ 77.437612133212113, 23.233612952906757 ], [ 77.437722833212121, 23.23361685290563 ], [ 77.437728733212097, 23.233474352946786 ], [ 77.437618033212132, 23.233470452947916 ], [ 77.437612133212113, 23.233612952906757 ] ] ] } },
{ "type": "Feature", "properties": { }, "geometry": { "type": "Polygon", "coordinates": [ [ [ 77.438437033212111, 23.231716053454676 ], [ 77.438435533212129, 23.231843953417727 ], [ 77.438524033212104, 23.231844753417498 ], [ 77.438525533212129, 23.231716953454409 ], [ 77.438437033212111, 23.231716053454676 ] ] ] } },
{ "type": "Feature", "properties": { }, "geometry": { "type": "Polygon", "coordinates": [ [ [ 77.438029433212122, 23.232083353348578 ], [ 77.4381418332121, 23.232106953341763 ], [ 77.438158533212118, 23.232039653361205 ], [ 77.438046133212126, 23.232015953368048 ], [ 77.438029433212122, 23.232083353348578 ] ] ] } },
{ "type": "Feature", "properties": { }, "geometry": { "type": "Polygon", "coordinates": [ [ [ 77.438456133212114, 23.233492152941643 ], [ 77.438532733212128, 23.233495752940605 ], [ 77.438540333212131, 23.233359652979921 ], [ 77.438463733212117, 23.233356052980959 ], [ 77.438456133212114, 23.233492152941643 ] ] ] } },
{ "type": "Feature", "properties": { }, "geometry": { "type": "Polygon", "coordinates": [ [ [ 77.43772133321211, 23.23324385301337 ], [ 77.437846933212114, 23.233276453003956 ], [ 77.437874133212119, 23.233187953029514 ], [ 77.437748533212115, 23.233155353038935 ], [ 77.43772133321211, 23.23324385301337 ] ] ] } },
{ "type": "Feature", "properties": { }, "geometry": { "type": "Polygon", "coordinates": [ [ [ 77.439062633212117, 23.231837553419577 ], [ 77.439171133212113, 23.23183865341926 ], [ 77.439172933212134, 23.231690753461979 ], [ 77.439064333212116, 23.231689653462297 ], [ 77.439062633212117, 23.231837553419577 ] ] ] } },
{ "type": "Feature", "properties": { }, "geometry": { "type": "Polygon", "coordinates": [ [ [ 77.438005333212118, 23.232157053327288 ], [ 77.438128433212114, 23.232183953319527 ], [ 77.438147133212112, 23.232111753340376 ], [ 77.438024033212116, 23.232084853348148 ], [ 77.438005333212118, 23.232157053327288 ] ] ] } },
{ "type": "Feature", "properties": { }, "geometry": { "type": "Polygon", "coordinates": [ [ [ 77.438257533212095, 23.232399353257303 ], [ 77.438336733212097, 23.232418353251816 ], [ 77.438375333212107, 23.232282553291043 ], [ 77.43829613321212, 23.232263553296526 ], [ 77.438257533212095, 23.232399353257303 ] ] ] } },
{ "type": "Feature", "properties": { }, "geometry": { "type": "Polygon", "coordinates": [ [ [ 77.438710133212112, 23.232450953242402 ], [ 77.438848933212114, 23.232468553237322 ], [ 77.438863233212118, 23.232373053264901 ], [ 77.43872443321213, 23.232355553269954 ], [ 77.438710133212112, 23.232450953242402 ] ] ] } },
{ "type": "Feature", "properties": { }, "geometry": { "type": "Polygon", "coordinates": [ [ [ 77.4385698332121, 23.233102953054065 ], [ 77.438689833212123, 23.233130953045979 ], [ 77.438715933212109, 23.23303625307333 ], [ 77.438596033212107, 23.233008253081429 ], [ 77.4385698332121, 23.233102953054065 ] ] ] } },
{ "type": "Feature", "properties": { }, "geometry": { "type": "Polygon", "coordinates": [ [ [ 77.438639233212115, 23.233487252943064 ], [ 77.438700133212109, 23.233490052942251 ], [ 77.438707833212121, 23.233350952982423 ], [ 77.438647033212121, 23.233348052983271 ], [ 77.438639233212115, 23.233487252943064 ] ] ] } },
{ "type": "Feature", "properties": { }, "geometry": { "type": "Polygon", "coordinates": [ [ [ 77.437869633212117, 23.233639552899067 ], [ 77.437948733212124, 23.233642352898258 ], [ 77.437954333212133, 23.233508752936849 ], [ 77.437875233212125, 23.233505952937659 ], [ 77.437869633212117, 23.233639552899067 ] ] ] } },
{ "type": "Feature", "properties": { }, "geometry": { "type": "Polygon", "coordinates": [ [ [ 77.436091733212109, 23.233254853010191 ], [ 77.43631433321211, 23.233299852997192 ], [ 77.436335933212106, 23.233209653023248 ], [ 77.43611333321212, 23.233164653036248 ], [ 77.436091733212109, 23.233254853010191 ] ] ] } },
{ "type": "Feature", "properties": { }, "geometry": { "type": "Polygon", "coordinates": [ [ [ 77.438864233212129, 23.232482253233364 ], [ 77.43901783321212, 23.23250075322801 ], [ 77.439034933212127, 23.232381153262565 ], [ 77.438881233212101, 23.232362653267909 ], [ 77.438864233212129, 23.232482253233364 ] ] ] } },
{ "type": "Feature", "properties": { }, "geometry": { "type": "Polygon", "coordinates": [ [ [ 77.437996533212129, 23.23164455347532 ], [ 77.437976933212127, 23.23172225345288 ], [ 77.438121133212135, 23.231752953444015 ], [ 77.438140733212109, 23.231675253466456 ], [ 77.437996533212129, 23.23164455347532 ] ] ] } },
{ "type": "Feature", "properties": { }, "geometry": { "type": "Polygon", "coordinates": [ [ [ 77.438710333212114, 23.233099953054936 ], [ 77.438665133212112, 23.233263353007739 ], [ 77.438823733212118, 23.233300352997048 ], [ 77.438868833212112, 23.233136953044244 ], [ 77.438710333212114, 23.233099953054936 ] ] ] } },
{ "type": "Feature", "properties": { }, "geometry": { "type": "Polygon", "coordinates": [ [ [ 77.438352333212123, 23.231848553416402 ], [ 77.438424133212109, 23.23184935341617 ], [ 77.438425833212122, 23.231704553457988 ], [ 77.438354033212107, 23.231703853458193 ], [ 77.438352333212123, 23.231848553416402 ] ] ] } },
{ "type": "Feature", "properties": { }, "geometry": { "type": "Polygon", "coordinates": [ [ [ 77.438483533212136, 23.231664653469519 ], [ 77.438563133212114, 23.231661453470448 ], [ 77.438556433212113, 23.231521353510907 ], [ 77.438476833212121, 23.231524553509981 ], [ 77.438483533212136, 23.231664653469519 ] ] ] } },
{ "type": "Feature", "properties": { }, "geometry": { "type": "Polygon", "coordinates": [ [ [ 77.43841103321212, 23.232822153135182 ], [ 77.43851563321212, 23.232845853128328 ], [ 77.438552233212121, 23.232710053167562 ], [ 77.438447633212107, 23.232686253174435 ], [ 77.43841103321212, 23.232822153135182 ] ] ] } },
{ "type": "Feature", "properties": { }, "geometry": { "type": "Polygon", "coordinates": [ [ [ 77.437637833212108, 23.232955053096791 ], [ 77.43775843321211, 23.232986353087753 ], [ 77.437789233212115, 23.232886253116664 ], [ 77.437668633212112, 23.232854953125713 ], [ 77.437637833212108, 23.232955053096791 ] ] ] } },
{ "type": "Feature", "properties": { }, "geometry": { "type": "Polygon", "coordinates": [ [ [ 77.438344833212113, 23.232418453251785 ], [ 77.438410133212116, 23.232434153247254 ], [ 77.438448233212114, 23.232300453285873 ], [ 77.438382933212097, 23.232284753290404 ], [ 77.438344833212113, 23.232418453251785 ] ] ] } },
{ "type": "Feature", "properties": { }, "geometry": { "type": "Polygon", "coordinates": [ [ [ 77.438356633212123, 23.233491152941934 ], [ 77.438446133212111, 23.233495352940718 ], [ 77.438454133212119, 23.233351752982205 ], [ 77.438364633212117, 23.233347552983414 ], [ 77.438356633212123, 23.233491152941934 ] ] ] } },
{ "type": "Feature", "properties": { }, "geometry": { "type": "Polygon", "coordinates": [ [ [ 77.437948133212103, 23.231810153427489 ], [ 77.438094033212096, 23.231840653418683 ], [ 77.438115333212096, 23.231754453443582 ], [ 77.437969533212126, 23.231723953452384 ], [ 77.437948133212103, 23.231810153427489 ] ] ] } },
{ "type": "Feature", "properties": { }, "geometry": { "type": "Polygon", "coordinates": [ [ [ 77.438083533212094, 23.233490352942169 ], [ 77.438180633212113, 23.233494952940834 ], [ 77.438188633212135, 23.233350752982485 ], [ 77.438091533212116, 23.23334625298379 ], [ 77.438083533212094, 23.233490352942169 ] ] ] } },
{ "type": "Feature", "properties": { }, "geometry": { "type": "Polygon", "coordinates": [ [ [ 77.438743733212121, 23.232280353291678 ], [ 77.438884033212105, 23.232300853285754 ], [ 77.438897133212109, 23.232225053307658 ], [ 77.438756933212119, 23.232204553313576 ], [ 77.438743733212121, 23.232280353291678 ] ] ] } },
{ "type": "Feature", "properties": { }, "geometry": { "type": "Polygon", "coordinates": [ [ [ 77.438810933212096, 23.232021353366491 ], [ 77.438933533212108, 23.232031653363517 ], [ 77.43894433321212, 23.231923453394771 ], [ 77.438821733212095, 23.231913053397768 ], [ 77.438810933212096, 23.232021353366491 ] ] ] } },
{ "type": "Feature", "properties": { }, "geometry": { "type": "Polygon", "coordinates": [ [ [ 77.437790633212103, 23.232962853094541 ], [ 77.437920633212116, 23.232996553084803 ], [ 77.437944633212112, 23.232918453107359 ], [ 77.437814633212113, 23.232884753117098 ], [ 77.437790633212103, 23.232962853094541 ] ] ] } },
{ "type": "Feature", "properties": { }, "geometry": { "type": "Polygon", "coordinates": [ [ [ 77.438531933212133, 23.231844053417696 ], [ 77.438606233212127, 23.231844853417471 ], [ 77.438607733212109, 23.231715753454758 ], [ 77.438533533212123, 23.231715053454966 ], [ 77.438531933212133, 23.231844053417696 ] ] ] } },
{ "type": "Feature", "properties": { }, "geometry": { "type": "Polygon", "coordinates": [ [ [ 77.438072733212095, 23.232741153158571 ], [ 77.438159433212135, 23.232760953152855 ], [ 77.438192933212108, 23.232636553188783 ], [ 77.438106233212125, 23.232616853194482 ], [ 77.438072733212095, 23.232741153158571 ] ] ] } },
{ "type": "Feature", "properties": { }, "geometry": { "type": "Polygon", "coordinates": [ [ [ 77.4375137332121, 23.233298452997598 ], [ 77.437505533212118, 23.233444752955336 ], [ 77.437637333212109, 23.233450952953543 ], [ 77.437645533212105, 23.233304652995805 ], [ 77.4375137332121, 23.233298452997598 ] ] ] } },
{ "type": "Feature", "properties": { }, "geometry": { "type": "Polygon", "coordinates": [ [ [ 77.437928833212098, 23.232509653225446 ], [ 77.438060433212115, 23.232532553218828 ], [ 77.43807943321211, 23.232440253245485 ], [ 77.437947833212121, 23.232417353252103 ], [ 77.437928833212098, 23.232509653225446 ] ] ] } },
{ "type": "Feature", "properties": { }, "geometry": { "type": "Polygon", "coordinates": [ [ [ 77.435533533212123, 23.233375352975386 ], [ 77.43562573321212, 23.233401852967731 ], [ 77.435654733212104, 23.233316652992343 ], [ 77.435562533212121, 23.233290153 ], [ 77.435533533212123, 23.233375352975386 ] ] ] } },
{ "type": "Feature", "properties": { }, "geometry": { "type": "Polygon", "coordinates": [ [ [ 77.438894533212121, 23.232361153268336 ], [ 77.439035933212111, 23.232376753263839 ], [ 77.439049033212115, 23.232276953292658 ], [ 77.438907533212117, 23.232261353297165 ], [ 77.438894533212121, 23.232361153268336 ] ] ] } },
{ "type": "Feature", "properties": { }, "geometry": { "type": "Polygon", "coordinates": [ [ [ 77.43776633321211, 23.233063753065391 ], [ 77.437891033212111, 23.233096153056032 ], [ 77.437915733212108, 23.233015553079312 ], [ 77.437791033212108, 23.232983253088648 ], [ 77.43776633321211, 23.233063753065391 ] ] ] } },
{ "type": "Feature", "properties": { }, "geometry": { "type": "Polygon", "coordinates": [ [ [ 77.43774503321211, 23.233446252954902 ], [ 77.437806233212115, 23.233449152954069 ], [ 77.43781213321212, 23.233343152984684 ], [ 77.437750933212115, 23.233340252985517 ], [ 77.43774503321211, 23.233446252954902 ] ] ] } },
{ "type": "Feature", "properties": { }, "geometry": { "type": "Polygon", "coordinates": [ [ [ 77.43795503321212, 23.232334353276084 ], [ 77.438076933212116, 23.232360653268483 ], [ 77.438099733212113, 23.232271153294338 ], [ 77.437977833212116, 23.232244853301932 ], [ 77.43795503321212, 23.232334353276084 ] ] ] } },
{ "type": "Feature", "properties": { }, "geometry": { "type": "Polygon", "coordinates": [ [ [ 77.438059133212121, 23.2338966528248 ], [ 77.438193933212119, 23.233903452822837 ], [ 77.438200833212107, 23.233787952856201 ], [ 77.43806603321211, 23.233781152858164 ], [ 77.438059133212121, 23.2338966528248 ] ] ] } },
{ "type": "Feature", "properties": { }, "geometry": { "type": "Polygon", "coordinates": [ [ [ 77.438709533212119, 23.233477252945946 ], [ 77.438794033212119, 23.233481252944799 ], [ 77.438801233212118, 23.233352852981884 ], [ 77.43871663321211, 23.233348852983038 ], [ 77.438709533212119, 23.233477252945946 ] ] ] } },
{ "type": "Feature", "properties": { }, "geometry": { "type": "Polygon", "coordinates": [ [ [ 77.438420633212118, 23.233650552895892 ], [ 77.438508333212098, 23.233653652894994 ], [ 77.438514033212115, 23.233517352934367 ], [ 77.438426333212107, 23.233514252935262 ], [ 77.438420633212118, 23.233650552895892 ] ] ] } },
{ "type": "Feature", "properties": { }, "geometry": { "type": "Polygon", "coordinates": [ [ [ 77.435435133212124, 23.233359152980061 ], [ 77.435522933212098, 23.233379852974078 ], [ 77.435547533212116, 23.233292052999445 ], [ 77.435459633212133, 23.233271353005428 ], [ 77.435435133212124, 23.233359152980061 ] ] ] } },
{ "type": "Feature", "properties": { }, "geometry": { "type": "Polygon", "coordinates": [ [ [ 77.439004533212113, 23.231646953474627 ], [ 77.438997833212099, 23.231505253515554 ], [ 77.438918033212119, 23.231508453514635 ], [ 77.438924733212119, 23.231650153473705 ], [ 77.439004533212113, 23.231646953474627 ] ] ] } },
{ "type": "Feature", "properties": { }, "geometry": { "type": "Polygon", "coordinates": [ [ [ 77.438651033212111, 23.231519053511573 ], [ 77.4386574332121, 23.231653053472861 ], [ 77.438737033212107, 23.231649853473794 ], [ 77.438730633212117, 23.231515853512505 ], [ 77.438651033212111, 23.231519053511573 ] ] ] } },
{ "type": "Feature", "properties": { }, "geometry": { "type": "Polygon", "coordinates": [ [ [ 77.438307833212107, 23.232931153103692 ], [ 77.438374433212118, 23.232941853100602 ], [ 77.438397433212117, 23.232821453135386 ], [ 77.43833083321212, 23.232810753138473 ], [ 77.438307833212107, 23.232931153103692 ] ] ] } },
{ "type": "Feature", "properties": { }, "geometry": { "type": "Polygon", "coordinates": [ [ [ 77.43774103321212, 23.232637953188387 ], [ 77.437718633212114, 23.232710953167299 ], [ 77.437853733212108, 23.232745953157195 ], [ 77.437876133212114, 23.23267295317827 ], [ 77.43774103321212, 23.232637953188387 ] ] ] } },
{ "type": "Feature", "properties": { }, "geometry": { "type": "Polygon", "coordinates": [ [ [ 77.438164633212111, 23.232376453263917 ], [ 77.438248333212115, 23.232396553258113 ], [ 77.438286733212109, 23.232261453297138 ], [ 77.438203033212133, 23.232241353302943 ], [ 77.438164633212111, 23.232376453263917 ] ] ] } },
{ "type": "Feature", "properties": { }, "geometry": { "type": "Polygon", "coordinates": [ [ [ 77.43808453321212, 23.231917053396614 ], [ 77.438188333212111, 23.231937153390806 ], [ 77.438205133212108, 23.231863553412072 ], [ 77.438101433212111, 23.23184355341785 ], [ 77.43808453321212, 23.231917053396614 ] ] ] } },
{ "type": "Feature", "properties": { }, "geometry": { "type": "Polygon", "coordinates": [ [ [ 77.437962533212129, 23.233650052896031 ], [ 77.438059433212103, 23.233653452895052 ], [ 77.438065333212108, 23.233512352935808 ], [ 77.437968333212112, 23.233508952936798 ], [ 77.437962533212129, 23.233650052896031 ] ] ] } },
{ "type": "Feature", "properties": { }, "geometry": { "type": "Polygon", "coordinates": [ [ [ 77.435208333212103, 23.233286053001184 ], [ 77.435293633212126, 23.233312352993583 ], [ 77.435323133212108, 23.233231453016952 ], [ 77.435397433212117, 23.233254353010334 ], [ 77.435453833212108, 23.233099853054963 ], [ 77.435380833212108, 23.233077353061471 ], [ 77.435405433212111, 23.233010053080907 ], [ 77.435318733212114, 23.23298335308861 ], [ 77.435208333212103, 23.233286053001184 ] ] ] } },
{ "type": "Feature", "properties": { }, "geometry": { "type": "Polygon", "coordinates": [ [ [ 77.435142633212109, 23.23326815300635 ], [ 77.435272033212129, 23.232970553092319 ], [ 77.435177533212126, 23.232935853102337 ], [ 77.435147433212123, 23.233005053082341 ], [ 77.435070933212117, 23.232977053090433 ], [ 77.435003533212125, 23.233132153045634 ], [ 77.435096633212112, 23.233166353035756 ], [ 77.435064733212116, 23.233239553014613 ], [ 77.435142633212109, 23.23326815300635 ] ] ] } },
{ "type": "Feature", "properties": { }, "geometry": { "type": "Polygon", "coordinates": [ [ [ 77.443012333212096, 23.237741951713939 ], [ 77.442911033212098, 23.23773615171562 ], [ 77.442903433212109, 23.237849151682969 ], [ 77.443004733212106, 23.237854951681292 ], [ 77.443012333212096, 23.237741951713939 ] ] ] } },
{ "type": "Feature", "properties": { }, "geometry": { "type": "Polygon", "coordinates": [ [ [ 77.443549833212117, 23.237345251828554 ], [ 77.443456233212117, 23.237341751829565 ], [ 77.443451133212093, 23.237456451796426 ], [ 77.443544833212115, 23.237459951795415 ], [ 77.443549833212117, 23.237345251828554 ] ] ] } },
{ "type": "Feature", "properties": { }, "geometry": { "type": "Polygon", "coordinates": [ [ [ 77.443499233212108, 23.237774851704437 ], [ 77.443492533212094, 23.237874651675604 ], [ 77.443598233212114, 23.237880651673869 ], [ 77.443604933212114, 23.237780851702702 ], [ 77.443499233212108, 23.237774851704437 ] ] ] } },
{ "type": "Feature", "properties": { }, "geometry": { "type": "Polygon", "coordinates": [ [ [ 77.442673933212106, 23.237931551659159 ], [ 77.442667033212118, 23.238031851630183 ], [ 77.442817833212118, 23.238040551627673 ], [ 77.442824633212098, 23.237940251656653 ], [ 77.442673933212106, 23.237931551659159 ] ] ] } },
{ "type": "Feature", "properties": { }, "geometry": { "type": "Polygon", "coordinates": [ [ [ 77.442914233212093, 23.236830251977342 ], [ 77.442796433212109, 23.236822851979472 ], [ 77.442790233212108, 23.236906651955263 ], [ 77.442908033212134, 23.236913951953156 ], [ 77.442914233212093, 23.236830251977342 ] ] ] } },
{ "type": "Feature", "properties": { }, "geometry": { "type": "Polygon", "coordinates": [ [ [ 77.443738533212112, 23.238420551517887 ], [ 77.443897533212109, 23.238418051518604 ], [ 77.443896133212121, 23.238346551539262 ], [ 77.443737233212119, 23.238348951538569 ], [ 77.443738533212112, 23.238420551517887 ] ] ] } },
{ "type": "Feature", "properties": { }, "geometry": { "type": "Polygon", "coordinates": [ [ [ 77.442831633212108, 23.238061151621725 ], [ 77.442825133212111, 23.238138251599441 ], [ 77.44296093321212, 23.238147951596641 ], [ 77.442967433212118, 23.238070851618918 ], [ 77.442831633212108, 23.238061151621725 ] ] ] } },
{ "type": "Feature", "properties": { }, "geometry": { "type": "Polygon", "coordinates": [ [ [ 77.443288933212102, 23.237309951838746 ], [ 77.443202233212119, 23.237308851839064 ], [ 77.443200533212121, 23.237429051804344 ], [ 77.443287333212112, 23.237430051804054 ], [ 77.443288933212102, 23.237309951838746 ] ] ] } },
{ "type": "Feature", "properties": { }, "geometry": { "type": "Polygon", "coordinates": [ [ [ 77.443173233212107, 23.237537351773057 ], [ 77.443160433212114, 23.237685151730354 ], [ 77.443260433212117, 23.237692551728212 ], [ 77.443273333212133, 23.237544751770915 ], [ 77.443173233212107, 23.237537351773057 ] ] ] } },
{ "type": "Feature", "properties": { }, "geometry": { "type": "Polygon", "coordinates": [ [ [ 77.443764333212116, 23.23855195147992 ], [ 77.4437782332121, 23.238616651461232 ], [ 77.443924433212132, 23.23859025146885 ], [ 77.443910533212119, 23.238525551487541 ], [ 77.443764333212116, 23.23855195147992 ] ] ] } },
{ "type": "Feature", "properties": { }, "geometry": { "type": "Polygon", "coordinates": [ [ [ 77.442224833212109, 23.238152851595224 ], [ 77.442220533212108, 23.23823595157122 ], [ 77.442348833212094, 23.238241551569597 ], [ 77.442353133212109, 23.238158351593633 ], [ 77.442224833212109, 23.238152851595224 ] ] ] } },
{ "type": "Feature", "properties": { }, "geometry": { "type": "Polygon", "coordinates": [ [ [ 77.442894933212116, 23.237723651719225 ], [ 77.442800133212103, 23.237718251720789 ], [ 77.442791733212104, 23.237843351684642 ], [ 77.442886433212109, 23.237848751683082 ], [ 77.442894933212116, 23.237723651719225 ] ] ] } },
{ "type": "Feature", "properties": { }, "geometry": { "type": "Polygon", "coordinates": [ [ [ 77.443739633212118, 23.237219051865015 ], [ 77.443731733212118, 23.237343051829185 ], [ 77.443814533212119, 23.237347551827884 ], [ 77.443822533212114, 23.237223551863707 ], [ 77.443739633212118, 23.237219051865015 ] ] ] } },
{ "type": "Feature", "properties": { }, "geometry": { "type": "Polygon", "coordinates": [ [ [ 77.442628333212113, 23.238497951495521 ], [ 77.442622333212114, 23.238586251470011 ], [ 77.442733133212116, 23.238592651468164 ], [ 77.442739233212109, 23.238504351493674 ], [ 77.442628333212113, 23.238497951495521 ] ] ] } },
{ "type": "Feature", "properties": { }, "geometry": { "type": "Polygon", "coordinates": [ [ [ 77.443749333212111, 23.238276951559378 ], [ 77.443748733212118, 23.238336351542213 ], [ 77.443892833212104, 23.238337551541864 ], [ 77.443893433212111, 23.238278251558995 ], [ 77.443749333212111, 23.238276951559378 ] ] ] } },
{ "type": "Feature", "properties": { }, "geometry": { "type": "Polygon", "coordinates": [ [ [ 77.442825733212118, 23.23815495159462 ], [ 77.442819033212118, 23.238233651571882 ], [ 77.442960333212127, 23.238243751568962 ], [ 77.442967033212113, 23.238164951591727 ], [ 77.442825733212118, 23.23815495159462 ] ] ] } },
{ "type": "Feature", "properties": { }, "geometry": { "type": "Polygon", "coordinates": [ [ [ 77.44328313321212, 23.23754695177028 ], [ 77.44327123321213, 23.237683551730814 ], [ 77.443383633212107, 23.237691851728417 ], [ 77.443395533212112, 23.237555151767907 ], [ 77.44328313321212, 23.23754695177028 ] ] ] } },
{ "type": "Feature", "properties": { }, "geometry": { "type": "Polygon", "coordinates": [ [ [ 77.443050233212119, 23.236917951952002 ], [ 77.443037733212108, 23.237087251903088 ], [ 77.4431714332121, 23.237095651900663 ], [ 77.443183933212111, 23.236926251949605 ], [ 77.443050233212119, 23.236917951952002 ] ] ] } },
{ "type": "Feature", "properties": { }, "geometry": { "type": "Polygon", "coordinates": [ [ [ 77.442233533212104, 23.238081351615882 ], [ 77.442230333212109, 23.238143651597881 ], [ 77.442355533212123, 23.238149151596293 ], [ 77.442358733212117, 23.238086751614329 ], [ 77.442233533212104, 23.238081351615882 ] ] ] } },
{ "type": "Feature", "properties": { }, "geometry": { "type": "Polygon", "coordinates": [ [ [ 77.443028433212106, 23.237162951881214 ], [ 77.443024433212116, 23.237279551847532 ], [ 77.443108933212116, 23.237281951846843 ], [ 77.443112933212134, 23.237165451880493 ], [ 77.443028433212106, 23.237162951881214 ] ] ] } },
{ "type": "Feature", "properties": { }, "geometry": { "type": "Polygon", "coordinates": [ [ [ 77.443825733212108, 23.237380451818382 ], [ 77.443744833212122, 23.2373772518193 ], [ 77.443740133212117, 23.237477051790474 ], [ 77.443821033212132, 23.237480251789552 ], [ 77.443825733212108, 23.237380451818382 ] ] ] } },
{ "type": "Feature", "properties": { }, "geometry": { "type": "Polygon", "coordinates": [ [ [ 77.442800533212093, 23.238392651525945 ], [ 77.442791433212122, 23.238500751494712 ], [ 77.442938633212108, 23.238511151491714 ], [ 77.442947733212122, 23.238403051522941 ], [ 77.442800533212093, 23.238392651525945 ] ] ] } },
{ "type": "Feature", "properties": { }, "geometry": { "type": "Polygon", "coordinates": [ [ [ 77.443296633212114, 23.237179551876423 ], [ 77.44320813321211, 23.237177551876997 ], [ 77.443204733212127, 23.237302951840771 ], [ 77.443293333212111, 23.237304951840194 ], [ 77.443296633212114, 23.237179551876423 ] ] ] } },
{ "type": "Feature", "properties": { }, "geometry": { "type": "Polygon", "coordinates": [ [ [ 77.442824033212133, 23.236504152071539 ], [ 77.442819133212112, 23.236570752052302 ], [ 77.442920333212115, 23.236577152050454 ], [ 77.442925233212108, 23.236510452069723 ], [ 77.442824033212133, 23.236504152071539 ] ] ] } },
{ "type": "Feature", "properties": { }, "geometry": { "type": "Polygon", "coordinates": [ [ [ 77.443746333212133, 23.238198151582136 ], [ 77.443745633212117, 23.238267451562116 ], [ 77.443911333212114, 23.238268751561744 ], [ 77.443911933212121, 23.238199351581788 ], [ 77.443746333212133, 23.238198151582136 ] ] ] } },
{ "type": "Feature", "properties": { }, "geometry": { "type": "Polygon", "coordinates": [ [ [ 77.443092233212113, 23.236082152193458 ], [ 77.443086433212116, 23.236160152170925 ], [ 77.443222833212118, 23.236168752168439 ], [ 77.443228633212129, 23.236090752190975 ], [ 77.443092233212113, 23.236082152193458 ] ] ] } },
{ "type": "Feature", "properties": { }, "geometry": { "type": "Polygon", "coordinates": [ [ [ 77.443115433212114, 23.237729551717525 ], [ 77.443024933212115, 23.237724351719027 ], [ 77.443017133212095, 23.237840151685575 ], [ 77.443107633212108, 23.237845251684099 ], [ 77.443115433212114, 23.237729551717525 ] ] ] } },
{ "type": "Feature", "properties": { }, "geometry": { "type": "Polygon", "coordinates": [ [ [ 77.44372373321211, 23.237775951704119 ], [ 77.443714733212104, 23.237909151665637 ], [ 77.443822333212111, 23.237915151663902 ], [ 77.443831233212109, 23.237781951702392 ], [ 77.44372373321211, 23.237775951704119 ] ] ] } },
{ "type": "Feature", "properties": { }, "geometry": { "type": "Polygon", "coordinates": [ [ [ 77.44340663321212, 23.237544351771028 ], [ 77.443394433212134, 23.237684751730463 ], [ 77.443504833212117, 23.23769285172812 ], [ 77.443517133212112, 23.237552451768689 ], [ 77.44340663321212, 23.237544351771028 ] ] ] } },
{ "type": "Feature", "properties": { }, "geometry": { "type": "Polygon", "coordinates": [ [ [ 77.443053233212112, 23.236665852024828 ], [ 77.443047433212129, 23.236744252002186 ], [ 77.4431726332121, 23.236752051999929 ], [ 77.443178433212111, 23.236673652022581 ], [ 77.443053233212112, 23.236665852024828 ] ] ] } },
{ "type": "Feature", "properties": { }, "geometry": { "type": "Polygon", "coordinates": [ [ [ 77.443720833212112, 23.237337751830715 ], [ 77.443728233212113, 23.237222551863997 ], [ 77.443653633212094, 23.237218451865182 ], [ 77.443646233212135, 23.237333751831876 ], [ 77.443720833212112, 23.237337751830715 ] ] ] } },
{ "type": "Feature", "properties": { }, "geometry": { "type": "Polygon", "coordinates": [ [ [ 77.443668533212104, 23.236309852127675 ], [ 77.443664033212116, 23.236399752101704 ], [ 77.443841733212096, 23.236407152099567 ], [ 77.443846233212113, 23.236317252125538 ], [ 77.443668533212104, 23.236309852127675 ] ] ] } },
{ "type": "Feature", "properties": { }, "geometry": { "type": "Polygon", "coordinates": [ [ [ 77.443244733212111, 23.236322452124035 ], [ 77.443241733212119, 23.236406552099737 ], [ 77.443371433212121, 23.236410452098617 ], [ 77.443374433212114, 23.236326352122912 ], [ 77.443244733212111, 23.236322452124035 ] ] ] } },
{ "type": "Feature", "properties": { }, "geometry": { "type": "Polygon", "coordinates": [ [ [ 77.443120033212097, 23.23717035187908 ], [ 77.443121333212133, 23.237286851845425 ], [ 77.443194333212105, 23.237286051845647 ], [ 77.443192933212117, 23.237169651879285 ], [ 77.443120033212097, 23.23717035187908 ] ] ] } },
{ "type": "Feature", "properties": { }, "geometry": { "type": "Polygon", "coordinates": [ [ [ 77.442619033212111, 23.238600151465999 ], [ 77.442612633212121, 23.238694051438866 ], [ 77.442747233212117, 23.23870175143664 ], [ 77.442753533212112, 23.238607951463738 ], [ 77.442619033212111, 23.238600151465999 ] ] ] } },
{ "type": "Feature", "properties": { }, "geometry": { "type": "Polygon", "coordinates": [ [ [ 77.442824333212116, 23.236410752098539 ], [ 77.442818133212114, 23.236494652074288 ], [ 77.442928933212116, 23.23650165207227 ], [ 77.442935133212103, 23.236417652096534 ], [ 77.442824333212116, 23.236410752098539 ] ] ] } },
{ "type": "Feature", "properties": { }, "geometry": { "type": "Polygon", "coordinates": [ [ [ 77.443214833212096, 23.236902251956536 ], [ 77.443350233212115, 23.236906351955355 ], [ 77.443355133212108, 23.236769651994837 ], [ 77.443219733212118, 23.236765551996026 ], [ 77.443214833212096, 23.236902251956536 ] ] ] } },
{ "type": "Feature", "properties": { }, "geometry": { "type": "Polygon", "coordinates": [ [ [ 77.443740233212111, 23.238097351611266 ], [ 77.443738133212108, 23.238184551586066 ], [ 77.443891733212112, 23.238187651585179 ], [ 77.443893833212115, 23.238100451610364 ], [ 77.443740233212111, 23.238097351611266 ] ] ] } },
{ "type": "Feature", "properties": { }, "geometry": { "type": "Polygon", "coordinates": [ [ [ 77.44231973321213, 23.237667551735438 ], [ 77.442211133212112, 23.237665651735988 ], [ 77.442208533212124, 23.237793551699038 ], [ 77.44231703321212, 23.237795451698489 ], [ 77.44231973321213, 23.237667551735438 ] ] ] } },
{ "type": "Feature", "properties": { }, "geometry": { "type": "Polygon", "coordinates": [ [ [ 77.443265933212103, 23.23617245216737 ], [ 77.443389933212117, 23.236176152166301 ], [ 77.443392733212121, 23.236097852188919 ], [ 77.443268733212108, 23.236094152189992 ], [ 77.443265933212103, 23.23617245216737 ] ] ] } },
{ "type": "Feature", "properties": { }, "geometry": { "type": "Polygon", "coordinates": [ [ [ 77.443254733212115, 23.238016051634752 ], [ 77.443270233212132, 23.238181751586879 ], [ 77.443321933212133, 23.238177751588037 ], [ 77.443306533212109, 23.23801195163594 ], [ 77.443254733212115, 23.238016051634752 ] ] ] } },
{ "type": "Feature", "properties": { }, "geometry": { "type": "Polygon", "coordinates": [ [ [ 77.442777633212117, 23.236860151968699 ], [ 77.442778433212098, 23.236778151992386 ], [ 77.442651633212122, 23.236777151992673 ], [ 77.442650833212127, 23.236859151968986 ], [ 77.442777633212117, 23.236860151968699 ] ] ] } },
{ "type": "Feature", "properties": { }, "geometry": { "type": "Polygon", "coordinates": [ [ [ 77.443315033212116, 23.237300551841468 ], [ 77.443439233212118, 23.237307251839528 ], [ 77.443447633212116, 23.237177351877055 ], [ 77.44332333321212, 23.237170651878998 ], [ 77.443315033212116, 23.237300551841468 ] ] ] } },
{ "type": "Feature", "properties": { }, "geometry": { "type": "Polygon", "coordinates": [ [ [ 77.442806333212118, 23.236650052029397 ], [ 77.442924133212117, 23.236657452027259 ], [ 77.442929433212129, 23.236585952047914 ], [ 77.442811633212102, 23.236578552050055 ], [ 77.442806333212118, 23.236650052029397 ] ] ] } },
{ "type": "Feature", "properties": { }, "geometry": { "type": "Polygon", "coordinates": [ [ [ 77.442673033212117, 23.236287752134061 ], [ 77.442675833212121, 23.236399152101878 ], [ 77.442883633212119, 23.236394852103125 ], [ 77.442880933212095, 23.236283352135338 ], [ 77.442673033212117, 23.236287752134061 ] ] ] } },
{ "type": "Feature", "properties": { }, "geometry": { "type": "Polygon", "coordinates": [ [ [ 77.442241933212102, 23.237998451639832 ], [ 77.442236233212114, 23.238071551618717 ], [ 77.442358933212105, 23.238079551616401 ], [ 77.442364633212108, 23.238006451637528 ], [ 77.442241933212102, 23.237998451639832 ] ] ] } },
{ "type": "Feature", "properties": { }, "geometry": { "type": "Polygon", "coordinates": [ [ [ 77.442649233212109, 23.236681952020174 ], [ 77.442648433212113, 23.236766651995712 ], [ 77.442777233212112, 23.236767651995418 ], [ 77.442778033212107, 23.23668305201986 ], [ 77.442649233212109, 23.236681952020174 ] ] ] } },
{ "type": "Feature", "properties": { }, "geometry": { "type": "Polygon", "coordinates": [ [ [ 77.443239533212122, 23.236483852077409 ], [ 77.443356133212134, 23.236487352076399 ], [ 77.443358733212108, 23.236414752097375 ], [ 77.443242133212095, 23.236411152098409 ], [ 77.443239533212122, 23.236483852077409 ] ] ] } },
{ "type": "Feature", "properties": { }, "geometry": { "type": "Polygon", "coordinates": [ [ [ 77.44333483321212, 23.236939851945671 ], [ 77.443223233212109, 23.236936551946624 ], [ 77.443217933212125, 23.237084751903815 ], [ 77.443329433212114, 23.237088151902832 ], [ 77.44333483321212, 23.236939851945671 ] ] ] } },
{ "type": "Feature", "properties": { }, "geometry": { "type": "Polygon", "coordinates": [ [ [ 77.443558033212099, 23.237207051868474 ], [ 77.443549433212127, 23.237341051829763 ], [ 77.443640133212114, 23.237345951828349 ], [ 77.443648733212115, 23.237212051867036 ], [ 77.443558033212099, 23.237207051868474 ] ] ] } },
{ "type": "Feature", "properties": { }, "geometry": { "type": "Polygon", "coordinates": [ [ [ 77.443494833212114, 23.236218652154022 ], [ 77.443639633212115, 23.236222352152954 ], [ 77.443642233212117, 23.236136652177716 ], [ 77.443497433212116, 23.236132952178782 ], [ 77.443494833212114, 23.236218652154022 ] ] ] } },
{ "type": "Feature", "properties": { }, "geometry": { "type": "Polygon", "coordinates": [ [ [ 77.442401533212106, 23.238112451606895 ], [ 77.442398033212115, 23.238175651588637 ], [ 77.442512833212106, 23.238180851587135 ], [ 77.442516233212118, 23.238117751605373 ], [ 77.442401533212106, 23.238112451606895 ] ] ] } },
{ "type": "Feature", "properties": { }, "geometry": { "type": "Polygon", "coordinates": [ [ [ 77.442917333212108, 23.23674355200238 ], [ 77.44280103321212, 23.236736252004494 ], [ 77.442795233212109, 23.236815451981609 ], [ 77.442911433212103, 23.236822751979503 ], [ 77.442917333212108, 23.23674355200238 ] ] ] } },
{ "type": "Feature", "properties": { }, "geometry": { "type": "Polygon", "coordinates": [ [ [ 77.442711933212109, 23.237529051775446 ], [ 77.442698833212134, 23.237680251731767 ], [ 77.442799233212114, 23.23768765172963 ], [ 77.442812333212117, 23.237536451773313 ], [ 77.442711933212109, 23.237529051775446 ] ] ] } },
{ "type": "Feature", "properties": { }, "geometry": { "type": "Polygon", "coordinates": [ [ [ 77.44348413321211, 23.236238452148303 ], [ 77.443475733212111, 23.236330252121782 ], [ 77.443636033212101, 23.236342552118234 ], [ 77.44364433321212, 23.236250752144752 ], [ 77.44348413321211, 23.236238452148303 ] ] ] } },
{ "type": "Feature", "properties": { }, "geometry": { "type": "Polygon", "coordinates": [ [ [ 77.442396833212115, 23.238183351586422 ], [ 77.442393033212099, 23.238252651566391 ], [ 77.442507433212114, 23.238257851564892 ], [ 77.442511233212102, 23.238188551584912 ], [ 77.442396833212115, 23.238183351586422 ] ] ] } },
{ "type": "Feature", "properties": { }, "geometry": { "type": "Polygon", "coordinates": [ [ [ 77.443047133212119, 23.237537151773111 ], [ 77.442930833212117, 23.237528651775563 ], [ 77.442918033212109, 23.2376749517333 ], [ 77.443034333212111, 23.237683451730838 ], [ 77.443047133212119, 23.237537151773111 ] ] ] } },
{ "type": "Feature", "properties": { }, "geometry": { "type": "Polygon", "coordinates": [ [ [ 77.443239733212096, 23.236501352072356 ], [ 77.443236633212123, 23.236586752047678 ], [ 77.443358733212108, 23.23659045204661 ], [ 77.443361733212114, 23.236505052071287 ], [ 77.443239733212096, 23.236501352072356 ] ] ] } },
{ "type": "Feature", "properties": { }, "geometry": { "type": "Polygon", "coordinates": [ [ [ 77.442789933212111, 23.237008451925849 ], [ 77.442785133212112, 23.237072851907243 ], [ 77.44289863321211, 23.237079951905194 ], [ 77.442903433212109, 23.237015551923808 ], [ 77.442789933212111, 23.237008451925849 ] ] ] } },
{ "type": "Feature", "properties": { }, "geometry": { "type": "Polygon", "coordinates": [ [ [ 77.44355583321213, 23.237375251819884 ], [ 77.443554133212118, 23.237454751796914 ], [ 77.44362223321211, 23.237455951796562 ], [ 77.443623933212109, 23.237376451819536 ], [ 77.44355583321213, 23.237375251819884 ] ] ] } },
{ "type": "Feature", "properties": { }, "geometry": { "type": "Polygon", "coordinates": [ [ [ 77.443473733212116, 23.236391252104163 ], [ 77.44346833321211, 23.236463052083419 ], [ 77.443619933212105, 23.236472552080674 ], [ 77.443625333212111, 23.23640075210141 ], [ 77.443473733212116, 23.236391252104163 ] ] ] } },
{ "type": "Feature", "properties": { }, "geometry": { "type": "Polygon", "coordinates": [ [ [ 77.443524233212116, 23.237560751766292 ], [ 77.443511733212119, 23.237704351724801 ], [ 77.443693033212099, 23.237717751720929 ], [ 77.443705533212096, 23.237574051762444 ], [ 77.443524233212116, 23.237560751766292 ] ] ] } },
{ "type": "Feature", "properties": { }, "geometry": { "type": "Polygon", "coordinates": [ [ [ 77.443458433212115, 23.237177051877147 ], [ 77.44345013321211, 23.237306851839644 ], [ 77.443532933212111, 23.237311351838343 ], [ 77.44354133321211, 23.237181551875842 ], [ 77.443458433212115, 23.237177051877147 ] ] ] } },
{ "type": "Feature", "properties": { }, "geometry": { "type": "Polygon", "coordinates": [ [ [ 77.443734533212123, 23.237375551819799 ], [ 77.443650633212116, 23.237371051821096 ], [ 77.4436432332121, 23.237488151787268 ], [ 77.443727133212121, 23.237492651785967 ], [ 77.443734533212123, 23.237375551819799 ] ] ] } },
{ "type": "Feature", "properties": { }, "geometry": { "type": "Polygon", "coordinates": [ [ [ 77.442666433212125, 23.238046951625822 ], [ 77.442661133212113, 23.238125151603228 ], [ 77.44279833321211, 23.238133051600947 ], [ 77.442803633212108, 23.238054851623541 ], [ 77.442666433212125, 23.238046951625822 ] ] ] } },
{ "type": "Feature", "properties": { }, "geometry": { "type": "Polygon", "coordinates": [ [ [ 77.443111433212124, 23.237323351834878 ], [ 77.443108733212114, 23.237416351808008 ], [ 77.443191433212121, 23.237418351807435 ], [ 77.443194033212109, 23.237325351834301 ], [ 77.443111433212124, 23.237323351834878 ] ] ] } },
{ "type": "Feature", "properties": { }, "geometry": { "type": "Polygon", "coordinates": [ [ [ 77.442915533212116, 23.237541551771837 ], [ 77.442818133212114, 23.237534451773886 ], [ 77.44280623321211, 23.237671251734369 ], [ 77.442903633212111, 23.237678451732283 ], [ 77.442915533212116, 23.237541551771837 ] ] ] } },
{ "type": "Feature", "properties": { }, "geometry": { "type": "Polygon", "coordinates": [ [ [ 77.443748933212106, 23.237997551640092 ], [ 77.443745133212119, 23.23808745161412 ], [ 77.443897333212121, 23.238093051612505 ], [ 77.443901133212123, 23.238003051638504 ], [ 77.443748933212106, 23.237997551640092 ] ] ] } },
{ "type": "Feature", "properties": { }, "geometry": { "type": "Polygon", "coordinates": [ [ [ 77.443472733212118, 23.236510452069723 ], [ 77.44346863321212, 23.23664725203021 ], [ 77.443604933212114, 23.236650652029219 ], [ 77.443608933212118, 23.23651385206874 ], [ 77.443472733212118, 23.236510452069723 ] ] ] } },
{ "type": "Feature", "properties": { }, "geometry": { "type": "Polygon", "coordinates": [ [ [ 77.443261433212101, 23.237741651714028 ], [ 77.443252933212122, 23.237869051677222 ], [ 77.443359333212115, 23.237875051675484 ], [ 77.443367933212102, 23.237747651712294 ], [ 77.443261433212101, 23.237741651714028 ] ] ] } },
{ "type": "Feature", "properties": { }, "geometry": { "type": "Polygon", "coordinates": [ [ [ 77.44308373321212, 23.236314252126405 ], [ 77.443203133212108, 23.236321752124237 ], [ 77.443213433212108, 23.236182052164594 ], [ 77.44309403321212, 23.236174552166766 ], [ 77.44308373321212, 23.236314252126405 ] ] ] } },
{ "type": "Feature", "properties": { }, "geometry": { "type": "Polygon", "coordinates": [ [ [ 77.442792233212117, 23.236910051954283 ], [ 77.442786633212108, 23.236986551932187 ], [ 77.442903533212117, 23.236993851930073 ], [ 77.44290923321212, 23.236917351952169 ], [ 77.442792233212117, 23.236910051954283 ] ] ] } },
{ "type": "Feature", "properties": { }, "geometry": { "type": "Polygon", "coordinates": [ [ [ 77.443306733212111, 23.237344751828697 ], [ 77.443306033212096, 23.237441451800759 ], [ 77.443421333212115, 23.237442151800554 ], [ 77.443422033212116, 23.237345451828492 ], [ 77.443306733212111, 23.237344751828697 ] ] ] } },
{ "type": "Feature", "properties": { }, "geometry": { "type": "Polygon", "coordinates": [ [ [ 77.442560433212108, 23.237694451727663 ], [ 77.442443333212111, 23.237686751729886 ], [ 77.442433333212122, 23.237816751692332 ], [ 77.442550333212125, 23.237824451690106 ], [ 77.442560433212108, 23.237694451727663 ] ] ] } },
{ "type": "Feature", "properties": { }, "geometry": { "type": "Polygon", "coordinates": [ [ [ 77.442800833212118, 23.236664452025231 ], [ 77.442800233212111, 23.236734852004901 ], [ 77.442934033212111, 23.23673575200463 ], [ 77.44293453321211, 23.236665452024944 ], [ 77.442800833212118, 23.236664452025231 ] ] ] } },
{ "type": "Feature", "properties": { }, "geometry": { "type": "Polygon", "coordinates": [ [ [ 77.442428333212121, 23.236973451935967 ], [ 77.442424933212124, 23.237074351906813 ], [ 77.442544533212114, 23.237077751905836 ], [ 77.442547933212111, 23.236976951934952 ], [ 77.442428333212121, 23.236973451935967 ] ] ] } },
{ "type": "Feature", "properties": { }, "geometry": { "type": "Polygon", "coordinates": [ [ [ 77.443461333212113, 23.23665645202755 ], [ 77.443461733212132, 23.236740552003251 ], [ 77.443617233212109, 23.236739952003422 ], [ 77.443616833212118, 23.236655852027724 ], [ 77.443461333212113, 23.23665645202755 ] ] ] } },
{ "type": "Feature", "properties": { }, "geometry": { "type": "Polygon", "coordinates": [ [ [ 77.443248133212109, 23.237734851715999 ], [ 77.443137133212119, 23.237728551717815 ], [ 77.443128033212105, 23.237863251678899 ], [ 77.443239033212109, 23.237869551677079 ], [ 77.443248133212109, 23.237734851715999 ] ] ] } },
{ "type": "Feature", "properties": { }, "geometry": { "type": "Polygon", "coordinates": [ [ [ 77.443799933212105, 23.23871475143288 ], [ 77.44381613321211, 23.23879045141101 ], [ 77.44398703321211, 23.238759651419912 ], [ 77.443970933212128, 23.238683951441782 ], [ 77.443799933212105, 23.23871475143288 ] ] ] } },
{ "type": "Feature", "properties": { }, "geometry": { "type": "Polygon", "coordinates": [ [ [ 77.4436657332121, 23.23623645214888 ], [ 77.443846333212122, 23.236250752144752 ], [ 77.443855833212112, 23.236149152174104 ], [ 77.443675233212119, 23.236134852178232 ], [ 77.4436657332121, 23.23623645214888 ] ] ] } },
{ "type": "Feature", "properties": { }, "geometry": { "type": "Polygon", "coordinates": [ [ [ 77.442405333212122, 23.238022151632983 ], [ 77.442401333212118, 23.238096051611642 ], [ 77.442517533212111, 23.238101351610112 ], [ 77.44252153321213, 23.238027451631456 ], [ 77.442405333212122, 23.238022151632983 ] ] ] } },
{ "type": "Feature", "properties": { }, "geometry": { "type": "Polygon", "coordinates": [ [ [ 77.443378733212128, 23.237739251714718 ], [ 77.443369633212114, 23.237873451675945 ], [ 77.443482733212107, 23.237879851674101 ], [ 77.443491733212099, 23.237745651712871 ], [ 77.443378733212128, 23.237739251714718 ] ] ] } },
{ "type": "Feature", "properties": { }, "geometry": { "type": "Polygon", "coordinates": [ [ [ 77.44325313321211, 23.236300952130247 ], [ 77.443362633212118, 23.236304252129294 ], [ 77.443367033212112, 23.236180352165086 ], [ 77.443257633212127, 23.236176952166076 ], [ 77.44325313321211, 23.236300952130247 ] ] ] } },
{ "type": "Feature", "properties": { }, "geometry": { "type": "Polygon", "coordinates": [ [ [ 77.442647033212097, 23.236863151967832 ], [ 77.442646433212118, 23.236924051950233 ], [ 77.442768433212109, 23.23692495194998 ], [ 77.44276903321213, 23.236864151967538 ], [ 77.442647033212097, 23.236863151967832 ] ] ] } },
{ "type": "Feature", "properties": { }, "geometry": { "type": "Polygon", "coordinates": [ [ [ 77.442843333212124, 23.237950551653672 ], [ 77.442835733212121, 23.238041451627417 ], [ 77.442991533212108, 23.238052551624207 ], [ 77.442999133212112, 23.237961651650465 ], [ 77.442843333212124, 23.237950551653672 ] ] ] } },
{ "type": "Feature", "properties": { }, "geometry": { "type": "Polygon", "coordinates": [ [ [ 77.4437818332121, 23.238634051456202 ], [ 77.443795333212108, 23.23870705143511 ], [ 77.443956933212121, 23.238681751442417 ], [ 77.443943433212098, 23.238608751463509 ], [ 77.4437818332121, 23.238634051456202 ] ] ] } },
{ "type": "Feature", "properties": { }, "geometry": { "type": "Polygon", "coordinates": [ [ [ 77.443638333212121, 23.236589352046927 ], [ 77.443636833212111, 23.236680752020526 ], [ 77.443818533212124, 23.236683152019832 ], [ 77.443820033212106, 23.236591752046238 ], [ 77.443638333212121, 23.236589352046927 ] ] ] } },
{ "type": "Feature", "properties": { }, "geometry": { "type": "Polygon", "coordinates": [ [ [ 77.442654733212109, 23.236615152039473 ], [ 77.442654233212096, 23.236677252021536 ], [ 77.44278093321212, 23.23667825202125 ], [ 77.442781533212113, 23.236616152039186 ], [ 77.442654733212109, 23.236615152039473 ] ] ] } },
{ "type": "Feature", "properties": { }, "geometry": { "type": "Polygon", "coordinates": [ [ [ 77.443060433212111, 23.237529151775419 ], [ 77.443049433212096, 23.237656051738757 ], [ 77.44312873321212, 23.237661951737053 ], [ 77.443139733212107, 23.237535051773719 ], [ 77.443060433212111, 23.237529151775419 ] ] ] } },
{ "type": "Feature", "properties": { }, "geometry": { "type": "Polygon", "coordinates": [ [ [ 77.443759033212118, 23.238541651482894 ], [ 77.44391393321213, 23.238520051489132 ], [ 77.443899833212114, 23.238434651513806 ], [ 77.443744933212102, 23.238456251507571 ], [ 77.443759033212118, 23.238541651482894 ] ] ] } },
{ "type": "Feature", "properties": { }, "geometry": { "type": "Polygon", "coordinates": [ [ [ 77.443023733212129, 23.237290851844268 ], [ 77.44301903321211, 23.2374146518085 ], [ 77.443096833212124, 23.237417151807776 ], [ 77.443101533212115, 23.23729335184354 ], [ 77.443023733212129, 23.237290851844268 ] ] ] } },
{ "type": "Feature", "properties": { }, "geometry": { "type": "Polygon", "coordinates": [ [ [ 77.442689633212098, 23.237725751718621 ], [ 77.44268063321212, 23.237860051679817 ], [ 77.442782633212133, 23.237865851678144 ], [ 77.44279163321211, 23.237731551716948 ], [ 77.442689633212098, 23.237725751718621 ] ] ] } },
{ "type": "Feature", "properties": { }, "geometry": { "type": "Polygon", "coordinates": [ [ [ 77.442794733212125, 23.236516452067988 ], [ 77.44266843321212, 23.236513052068972 ], [ 77.442665533212093, 23.236606852041874 ], [ 77.442791733212104, 23.236610252040894 ], [ 77.442794733212125, 23.236516452067988 ] ] ] } },
{ "type": "Feature", "properties": { }, "geometry": { "type": "Polygon", "coordinates": [ [ [ 77.442422233212113, 23.23794055165656 ], [ 77.442418433212111, 23.238012451635793 ], [ 77.442529533212124, 23.238017551634321 ], [ 77.44253343321212, 23.237945651655092 ], [ 77.442422233212113, 23.23794055165656 ] ] ] } },
{ "type": "Feature", "properties": { }, "geometry": { "type": "Polygon", "coordinates": [ [ [ 77.443828033212114, 23.236540252061122 ], [ 77.443833633212108, 23.236415052097286 ], [ 77.443659433212119, 23.236408352099225 ], [ 77.443653033212129, 23.236549952058315 ], [ 77.443774433212113, 23.236554552056987 ], [ 77.443775133212128, 23.236538152061719 ], [ 77.443828033212114, 23.236540252061122 ] ] ] } },
{ "type": "Feature", "properties": { }, "geometry": { "type": "Polygon", "coordinates": [ [ [ 77.442367333212104, 23.237920151662454 ], [ 77.442297633212121, 23.237915851663704 ], [ 77.442299033212095, 23.237896451669304 ], [ 77.44224683321211, 23.237893251670229 ], [ 77.442239233212121, 23.237995951640556 ], [ 77.442361233212111, 23.238003451638388 ], [ 77.442367333212104, 23.237920151662454 ] ] ] } },
{ "type": "Feature", "properties": { }, "geometry": { "type": "Polygon", "coordinates": [ [ [ 77.443072033212118, 23.236327452122591 ], [ 77.443061633212125, 23.236467452082149 ], [ 77.443176333212108, 23.236474652080069 ], [ 77.44318013321211, 23.236422352095175 ], [ 77.44319743321212, 23.236423452094861 ], [ 77.443201133212114, 23.236373052109421 ], [ 77.443179133212112, 23.236371752109797 ], [ 77.443181933212102, 23.2363343521206 ], [ 77.443072033212118, 23.236327452122591 ] ] ] } },
{ "type": "Feature", "properties": { }, "geometry": { "type": "Polygon", "coordinates": [ [ [ 77.443753433212109, 23.237574151762416 ], [ 77.443751833212119, 23.237713651722114 ], [ 77.443807733212111, 23.237714251721943 ], [ 77.443807633212117, 23.237730851717149 ], [ 77.443842733212108, 23.23773125171703 ], [ 77.443843233212121, 23.237690751728735 ], [ 77.443838433212107, 23.237690751728735 ], [ 77.443839733212101, 23.237574951762184 ], [ 77.443753433212109, 23.237574151762416 ] ] ] } },
{ "type": "Feature", "properties": { }, "geometry": { "type": "Polygon", "coordinates": [ [ [ 77.438648633212111, 23.238803851407141 ], [ 77.438798833212118, 23.238819251402692 ], [ 77.438808533212097, 23.238739951425604 ], [ 77.438658333212132, 23.238724451430084 ], [ 77.438648633212111, 23.238803851407141 ] ] ] } },
{ "type": "Feature", "properties": { }, "geometry": { "type": "Polygon", "coordinates": [ [ [ 77.438432933212113, 23.239093151323562 ], [ 77.438581733212132, 23.23911475131732 ], [ 77.438605533212097, 23.238976651357213 ], [ 77.438456733212121, 23.238954951363485 ], [ 77.438432933212113, 23.239093151323562 ] ] ] } },
{ "type": "Feature", "properties": { }, "geometry": { "type": "Polygon", "coordinates": [ [ [ 77.439089033212099, 23.238662051448109 ], [ 77.439144433212121, 23.238680451442796 ], [ 77.439189133212111, 23.238567251475498 ], [ 77.439133633212094, 23.238548751480842 ], [ 77.439089033212099, 23.238662051448109 ] ] ] } },
{ "type": "Feature", "properties": { }, "geometry": { "type": "Polygon", "coordinates": [ [ [ 77.43858863321212, 23.238490651497631 ], [ 77.438621033212101, 23.238388751527069 ], [ 77.438549433212117, 23.238369451532648 ], [ 77.438516933212114, 23.23847145150318 ], [ 77.43858863321212, 23.238490651497631 ] ] ] } },
{ "type": "Feature", "properties": { }, "geometry": { "type": "Polygon", "coordinates": [ [ [ 77.438214933212109, 23.238668051446382 ], [ 77.438195233212099, 23.238788251411648 ], [ 77.438352033212098, 23.238809951405379 ], [ 77.438371733212108, 23.238689751440109 ], [ 77.438214933212109, 23.238668051446382 ] ] ] } },
{ "type": "Feature", "properties": { }, "geometry": { "type": "Polygon", "coordinates": [ [ [ 77.43824753321212, 23.238560051477585 ], [ 77.438396333212111, 23.238580351471718 ], [ 77.43841893321212, 23.238441151511935 ], [ 77.438270033212106, 23.238420751517825 ], [ 77.43824753321212, 23.238560051477585 ] ] ] } },
{ "type": "Feature", "properties": { }, "geometry": { "type": "Polygon", "coordinates": [ [ [ 77.439019133212113, 23.238472451502886 ], [ 77.439098433212109, 23.23850155149448 ], [ 77.439152933212114, 23.238376451530627 ], [ 77.439073633212118, 23.238347251539061 ], [ 77.439019133212113, 23.238472451502886 ] ] ] } },
{ "type": "Feature", "properties": { }, "geometry": { "type": "Polygon", "coordinates": [ [ [ 77.438537033212128, 23.238337851541775 ], [ 77.438645933212115, 23.238366051533632 ], [ 77.438689033212128, 23.238225451574248 ], [ 77.438580133212113, 23.238197251582399 ], [ 77.438537033212128, 23.238337851541775 ] ] ] } },
{ "type": "Feature", "properties": { }, "geometry": { "type": "Polygon", "coordinates": [ [ [ 77.438150233212099, 23.238986951354242 ], [ 77.438136633212096, 23.239067151331071 ], [ 77.438306033212129, 23.239091351324074 ], [ 77.438319633212117, 23.239011151347245 ], [ 77.438150233212099, 23.238986951354242 ] ] ] } },
{ "type": "Feature", "properties": { }, "geometry": { "type": "Polygon", "coordinates": [ [ [ 77.439148433212097, 23.238686351441089 ], [ 77.439188233212121, 23.238698751437504 ], [ 77.439230133212121, 23.238585251470301 ], [ 77.43919023321213, 23.238572851473883 ], [ 77.439148433212097, 23.238686351441089 ] ] ] } },
{ "type": "Feature", "properties": { }, "geometry": { "type": "Polygon", "coordinates": [ [ [ 77.439102833212118, 23.238510651491854 ], [ 77.439203133212104, 23.23854755148119 ], [ 77.439262033212117, 23.238412451520222 ], [ 77.439161633212109, 23.238375451530917 ], [ 77.439102833212118, 23.238510651491854 ] ] ] } },
{ "type": "Feature", "properties": { }, "geometry": { "type": "Polygon", "coordinates": [ [ [ 77.436469533212119, 23.242028650475362 ], [ 77.436453333212114, 23.242124750447591 ], [ 77.436587433212097, 23.242143850442073 ], [ 77.436603633212115, 23.24204775046984 ], [ 77.436469533212119, 23.242028650475362 ] ] ] } },
{ "type": "Feature", "properties": { }, "geometry": { "type": "Polygon", "coordinates": [ [ [ 77.4392180332121, 23.238542951482518 ], [ 77.439325733212101, 23.238582451471103 ], [ 77.43938063321211, 23.238456051507626 ], [ 77.439272933212109, 23.238416551519038 ], [ 77.4392180332121, 23.238542951482518 ] ] ] } },
{ "type": "Feature", "properties": { }, "geometry": { "type": "Polygon", "coordinates": [ [ [ 77.439245233212134, 23.238725851429678 ], [ 77.43929183321211, 23.238599651466142 ], [ 77.439237933212112, 23.238582851470994 ], [ 77.439191433212116, 23.23870905143453 ], [ 77.439245233212134, 23.238725851429678 ] ] ] } },
{ "type": "Feature", "properties": { }, "geometry": { "type": "Polygon", "coordinates": [ [ [ 77.436493433212107, 23.24193635050203 ], [ 77.436477633212121, 23.242027150475792 ], [ 77.436607033212113, 23.242046150470301 ], [ 77.436622833212112, 23.241955350496543 ], [ 77.436493433212107, 23.24193635050203 ] ] ] } },
{ "type": "Feature", "properties": { }, "geometry": { "type": "Polygon", "coordinates": [ [ [ 77.439344533212093, 23.238580651471626 ], [ 77.439421033212128, 23.238605651464407 ], [ 77.439473933212113, 23.238468851503931 ], [ 77.439397533212116, 23.238443851511153 ], [ 77.439344533212093, 23.238580651471626 ] ] ] } },
{ "type": "Feature", "properties": { }, "geometry": { "type": "Polygon", "coordinates": [ [ [ 77.438473333212102, 23.238855651392171 ], [ 77.438618133212117, 23.238874451386746 ], [ 77.438628233212128, 23.238808551405782 ], [ 77.438483433212099, 23.238789751411211 ], [ 77.438473333212102, 23.238855651392171 ] ] ] } },
{ "type": "Feature", "properties": { }, "geometry": { "type": "Polygon", "coordinates": [ [ [ 77.436514733212121, 23.241823350534688 ], [ 77.436496033212109, 23.241933250502932 ], [ 77.436624133212121, 23.241951650497615 ], [ 77.436642733212111, 23.241841750529371 ], [ 77.436514733212121, 23.241823350534688 ] ] ] } },
{ "type": "Feature", "properties": { }, "geometry": { "type": "Polygon", "coordinates": [ [ [ 77.438220033212119, 23.238659551448826 ], [ 77.438376833212118, 23.238681251442568 ], [ 77.438393033212108, 23.238582551471076 ], [ 77.438236133212115, 23.238560851477352 ], [ 77.438220033212119, 23.238659551448826 ] ] ] } },
{ "type": "Feature", "properties": { }, "geometry": { "type": "Polygon", "coordinates": [ [ [ 77.438614933212108, 23.239054951334591 ], [ 77.438606633212117, 23.239134751311536 ], [ 77.438734533212099, 23.239145951308302 ], [ 77.438742833212117, 23.239066151331354 ], [ 77.438614933212108, 23.239054951334591 ] ] ] } },
{ "type": "Feature", "properties": { }, "geometry": { "type": "Polygon", "coordinates": [ [ [ 77.438657633212117, 23.238719451431525 ], [ 77.438820633212117, 23.238737051426444 ], [ 77.438830433212118, 23.23866005144869 ], [ 77.438667433212103, 23.238642451453767 ], [ 77.438657633212117, 23.238719451431525 ] ] ] } },
{ "type": "Feature", "properties": { }, "geometry": { "type": "Polygon", "coordinates": [ [ [ 77.438921433212101, 23.238599851466077 ], [ 77.438985933212123, 23.238619851460303 ], [ 77.439028133212119, 23.238505251493411 ], [ 77.438963633212097, 23.238485251499196 ], [ 77.438921433212101, 23.238599851466077 ] ] ] } },
{ "type": "Feature", "properties": { }, "geometry": { "type": "Polygon", "coordinates": [ [ [ 77.438553033212116, 23.239323951256871 ], [ 77.438688533212115, 23.23934645125037 ], [ 77.438708033212095, 23.23924745127897 ], [ 77.43857253321211, 23.239224951285475 ], [ 77.438553033212116, 23.239323951256871 ] ] ] } },
{ "type": "Feature", "properties": { }, "geometry": { "type": "Polygon", "coordinates": [ [ [ 77.439032133212109, 23.23861595146143 ], [ 77.439069333212117, 23.238511651491564 ], [ 77.439031133212097, 23.238500151494886 ], [ 77.438993933212117, 23.238604451464756 ], [ 77.439032133212109, 23.23861595146143 ] ] ] } },
{ "type": "Feature", "properties": { }, "geometry": { "type": "Polygon", "coordinates": [ [ [ 77.438320233212096, 23.238176351588436 ], [ 77.438445933212108, 23.238194351583235 ], [ 77.438457333212114, 23.238126751602771 ], [ 77.438331733212124, 23.238108751607964 ], [ 77.438320233212096, 23.238176351588436 ] ] ] } },
{ "type": "Feature", "properties": { }, "geometry": { "type": "Polygon", "coordinates": [ [ [ 77.43877613321213, 23.238552651479718 ], [ 77.43885403321211, 23.238575851473012 ], [ 77.438896133212111, 23.238456651507452 ], [ 77.438818333212126, 23.238433351514182 ], [ 77.43877613321213, 23.238552651479718 ] ] ] } },
{ "type": "Feature", "properties": { }, "geometry": { "type": "Polygon", "coordinates": [ [ [ 77.439028333212093, 23.238632151456748 ], [ 77.439087333212115, 23.238651751451087 ], [ 77.439130233212111, 23.238542851482549 ], [ 77.439071333212098, 23.238523151488241 ], [ 77.439028333212093, 23.238632151456748 ] ] ] } },
{ "type": "Feature", "properties": { }, "geometry": { "type": "Polygon", "coordinates": [ [ [ 77.438603933212107, 23.238491351497427 ], [ 77.438689133212094, 23.238514251490809 ], [ 77.438725233212125, 23.238400751523606 ], [ 77.43864003321211, 23.238377851530224 ], [ 77.438603933212107, 23.238491351497427 ] ] ] } },
{ "type": "Feature", "properties": { }, "geometry": { "type": "Polygon", "coordinates": [ [ [ 77.438856733212106, 23.238584251470584 ], [ 77.43891593321213, 23.238600751465821 ], [ 77.438954433212118, 23.238484151499506 ], [ 77.438895333212116, 23.23846765150428 ], [ 77.438856733212106, 23.238584251470584 ] ] ] } },
{ "type": "Feature", "properties": { }, "geometry": { "type": "Polygon", "coordinates": [ [ [ 77.438802433212118, 23.238397951524409 ], [ 77.43888073321213, 23.238418251518542 ], [ 77.438917333212117, 23.238298751553074 ], [ 77.438839133212113, 23.238278451558937 ], [ 77.438802433212118, 23.238397951524409 ] ] ] } },
{ "type": "Feature", "properties": { }, "geometry": { "type": "Polygon", "coordinates": [ [ [ 77.43850383321211, 23.238692651439269 ], [ 77.438633033212113, 23.238709451434417 ], [ 77.438646633212116, 23.238620651460071 ], [ 77.438517433212112, 23.23860385146493 ], [ 77.43850383321211, 23.238692651439269 ] ] ] } },
{ "type": "Feature", "properties": { }, "geometry": { "type": "Polygon", "coordinates": [ [ [ 77.438276133212113, 23.238417251518836 ], [ 77.438428133212113, 23.238439051512536 ], [ 77.438441133212109, 23.238362451534673 ], [ 77.438289133212109, 23.238340651540966 ], [ 77.438276133212113, 23.238417251518836 ] ] ] } },
{ "type": "Feature", "properties": { }, "geometry": { "type": "Polygon", "coordinates": [ [ [ 77.438290233212115, 23.238338451541608 ], [ 77.438443433212115, 23.238360351535281 ], [ 77.438455833212117, 23.238286651556567 ], [ 77.438302733212112, 23.238264751562898 ], [ 77.438290233212115, 23.238338451541608 ] ] ] } },
{ "type": "Feature", "properties": { }, "geometry": { "type": "Polygon", "coordinates": [ [ [ 77.438155833212107, 23.23922275128611 ], [ 77.438269633212101, 23.2392383512816 ], [ 77.4382792332121, 23.239179151298703 ], [ 77.438165333212126, 23.239163651303187 ], [ 77.438155833212107, 23.23922275128611 ] ] ] } },
{ "type": "Feature", "properties": { }, "geometry": { "type": "Polygon", "coordinates": [ [ [ 77.439311033212121, 23.238707951434851 ], [ 77.439347833212111, 23.238607951463738 ], [ 77.439297933212131, 23.238592451468211 ], [ 77.439261033212119, 23.238692351439354 ], [ 77.439311033212121, 23.238707951434851 ] ] ] } },
{ "type": "Feature", "properties": { }, "geometry": { "type": "Polygon", "coordinates": [ [ [ 77.438124833212115, 23.238255751565493 ], [ 77.438272533212114, 23.238278751558852 ], [ 77.438290933212116, 23.238178951587681 ], [ 77.438143233212116, 23.238155951594333 ], [ 77.438124833212115, 23.238255751565493 ] ] ] } },
{ "type": "Feature", "properties": { }, "geometry": { "type": "Polygon", "coordinates": [ [ [ 77.439311033212121, 23.238722151430743 ], [ 77.439400533212108, 23.238749951422715 ], [ 77.439443133212109, 23.238634651456024 ], [ 77.439353533212113, 23.23860675146409 ], [ 77.439311033212121, 23.238722151430743 ] ] ] } },
{ "type": "Feature", "properties": { }, "geometry": { "type": "Polygon", "coordinates": [ [ [ 77.438386433212116, 23.239295651265049 ], [ 77.4385449332121, 23.239319651258107 ], [ 77.438561433212115, 23.239228051284574 ], [ 77.438402933212117, 23.239204051291512 ], [ 77.438386433212116, 23.239295651265049 ] ] ] } },
{ "type": "Feature", "properties": { }, "geometry": { "type": "Polygon", "coordinates": [ [ [ 77.438627633212121, 23.238876851386053 ], [ 77.438785833212108, 23.238895751380589 ], [ 77.438796033212114, 23.238823051401592 ], [ 77.438637833212113, 23.238804151407052 ], [ 77.438627633212121, 23.238876851386053 ] ] ] } },
{ "type": "Feature", "properties": { }, "geometry": { "type": "Polygon", "coordinates": [ [ [ 77.438164833212113, 23.238896351380419 ], [ 77.438150133212133, 23.238983451355246 ], [ 77.438316433212108, 23.239007251348376 ], [ 77.438331133212117, 23.238920151373542 ], [ 77.438164833212113, 23.238896351380419 ] ] ] } },
{ "type": "Feature", "properties": { }, "geometry": { "type": "Polygon", "coordinates": [ [ [ 77.43867163321211, 23.23837115153216 ], [ 77.438784533212129, 23.238400351523719 ], [ 77.438828833212128, 23.238255651565527 ], [ 77.438716033212131, 23.238226351573989 ], [ 77.43867163321211, 23.23837115153216 ] ] ] } },
{ "type": "Feature", "properties": { }, "geometry": { "type": "Polygon", "coordinates": [ [ [ 77.438013333212112, 23.238817151403303 ], [ 77.438165133212109, 23.238834851398188 ], [ 77.438177733212129, 23.238743451424586 ], [ 77.438025933212117, 23.238725751429705 ], [ 77.438013333212112, 23.238817151403303 ] ] ] } },
{ "type": "Feature", "properties": { }, "geometry": { "type": "Polygon", "coordinates": [ [ [ 77.438193233212118, 23.238789951411157 ], [ 77.438175133212113, 23.238890151382204 ], [ 77.438334333212097, 23.238914551375153 ], [ 77.438352433212103, 23.238814351404105 ], [ 77.438193233212118, 23.238789951411157 ] ] ] } },
{ "type": "Feature", "properties": { }, "geometry": { "type": "Polygon", "coordinates": [ [ [ 77.438130833212114, 23.23814675159699 ], [ 77.438292333212118, 23.238172551589535 ], [ 77.438317533212128, 23.238038951628134 ], [ 77.43815603321211, 23.238013151635592 ], [ 77.438130833212114, 23.23814675159699 ] ] ] } },
{ "type": "Feature", "properties": { }, "geometry": { "type": "Polygon", "coordinates": [ [ [ 77.437984833212113, 23.239019551344818 ], [ 77.437965033212095, 23.239163851303125 ], [ 77.438105433212129, 23.239180051298451 ], [ 77.438125233212133, 23.23903575134014 ], [ 77.437984833212113, 23.239019551344818 ] ] ] } },
{ "type": "Feature", "properties": { }, "geometry": { "type": "Polygon", "coordinates": [ [ [ 77.438457933212121, 23.238948051365472 ], [ 77.438609733212132, 23.238967751359791 ], [ 77.438623533212123, 23.238878051385704 ], [ 77.438471633212117, 23.238858351391396 ], [ 77.438457933212121, 23.238948051365472 ] ] ] } },
{ "type": "Feature", "properties": { }, "geometry": { "type": "Polygon", "coordinates": [ [ [ 77.437984333212114, 23.239014751346208 ], [ 77.43812443321211, 23.239033551340775 ], [ 77.438141533212118, 23.238926351371752 ], [ 77.438001433212122, 23.238907551377181 ], [ 77.437984333212114, 23.239014751346208 ] ] ] } },
{ "type": "Feature", "properties": { }, "geometry": { "type": "Polygon", "coordinates": [ [ [ 77.438097833212126, 23.238365751533717 ], [ 77.438078333212104, 23.238479551500838 ], [ 77.438250333212096, 23.238504451493643 ], [ 77.438269833212118, 23.238390651526526 ], [ 77.438097833212126, 23.238365751533717 ] ] ] } },
{ "type": "Feature", "properties": { }, "geometry": { "type": "Polygon", "coordinates": [ [ [ 77.438302333212135, 23.238259551564397 ], [ 77.438466433212128, 23.238283051557612 ], [ 77.438479833212114, 23.238204351580347 ], [ 77.438315633212113, 23.238180851587135 ], [ 77.438302333212135, 23.238259551564397 ] ] ] } },
{ "type": "Feature", "properties": { }, "geometry": { "type": "Polygon", "coordinates": [ [ [ 77.436648033212109, 23.241978250489922 ], [ 77.4367719332121, 23.241996350484698 ], [ 77.43679283321211, 23.24187575051954 ], [ 77.436668933212118, 23.241857650524775 ], [ 77.436648033212109, 23.241978250489922 ] ] ] } },
{ "type": "Feature", "properties": { }, "geometry": { "type": "Polygon", "coordinates": [ [ [ 77.438698733212135, 23.238516951490038 ], [ 77.438773633212108, 23.238537051484226 ], [ 77.438809933212113, 23.238423251517109 ], [ 77.438735033212112, 23.238403151522913 ], [ 77.438698733212135, 23.238516951490038 ] ] ] } },
{ "type": "Feature", "properties": { }, "geometry": { "type": "Polygon", "coordinates": [ [ [ 77.43803873321211, 23.238675551444206 ], [ 77.438200433212117, 23.238696351438193 ], [ 77.438213633212115, 23.238609351463339 ], [ 77.438051933212108, 23.238588551469345 ], [ 77.43803873321211, 23.238675551444206 ] ] ] } },
{ "type": "Feature", "properties": { }, "geometry": { "type": "Polygon", "coordinates": [ [ [ 77.43848133321211, 23.238780751413813 ], [ 77.438639233212115, 23.238801251407889 ], [ 77.438652333212119, 23.238716151432477 ], [ 77.438494433212128, 23.238695651438402 ], [ 77.43848133321211, 23.238780751413813 ] ] ] } },
{ "type": "Feature", "properties": { }, "geometry": { "type": "Polygon", "coordinates": [ [ [ 77.438122633212117, 23.239154751305758 ], [ 77.438292833212131, 23.239179151298703 ], [ 77.438307233212129, 23.239094251323241 ], [ 77.438137033212101, 23.239069851330289 ], [ 77.438122633212117, 23.239154751305758 ] ] ] } },
{ "type": "Feature", "properties": { }, "geometry": { "type": "Polygon", "coordinates": [ [ [ 77.438006333212115, 23.238905651377731 ], [ 77.438155533212111, 23.238922651372818 ], [ 77.438166333212109, 23.2388427513959 ], [ 77.438017133212128, 23.238825751400817 ], [ 77.438006333212115, 23.238905651377731 ] ] ] } },
{ "type": "Feature", "properties": { }, "geometry": { "type": "Polygon", "coordinates": [ [ [ 77.438402033212114, 23.239200551292527 ], [ 77.438565333212097, 23.239224951285475 ], [ 77.438583833212135, 23.239120151315749 ], [ 77.43842053321211, 23.239095851322773 ], [ 77.438402033212114, 23.239200551292527 ] ] ] } },
{ "type": "Feature", "properties": { }, "geometry": { "type": "Polygon", "coordinates": [ [ [ 77.438578733212111, 23.239216851287814 ], [ 77.438718933212101, 23.239240251281046 ], [ 77.438735333212094, 23.239157451304976 ], [ 77.438595133212104, 23.239134051311741 ], [ 77.438578733212111, 23.239216851287814 ] ] ] } },
{ "type": "Feature", "properties": { }, "geometry": { "type": "Polygon", "coordinates": [ [ [ 77.438618433212099, 23.238970451359005 ], [ 77.43860963321211, 23.239050151335977 ], [ 77.438755333212129, 23.239063751332047 ], [ 77.438764133212118, 23.238984051355075 ], [ 77.438618433212099, 23.238970451359005 ] ] ] } },
{ "type": "Feature", "properties": { }, "geometry": { "type": "Polygon", "coordinates": [ [ [ 77.436630633212118, 23.242059250466522 ], [ 77.436755533212121, 23.242077550461232 ], [ 77.43676913321211, 23.241998950483943 ], [ 77.436644233212121, 23.241980650489229 ], [ 77.436630633212118, 23.242059250466522 ] ] ] } },
{ "type": "Feature", "properties": { }, "geometry": { "type": "Polygon", "coordinates": [ [ [ 77.438061933212111, 23.238586151470038 ], [ 77.438211933212116, 23.238605051464578 ], [ 77.438224633212116, 23.238519651489248 ], [ 77.438074733212119, 23.238500751494712 ], [ 77.438061933212111, 23.238586151470038 ] ] ] } },
{ "type": "Feature", "properties": { }, "geometry": { "type": "Polygon", "coordinates": [ [ [ 77.438896933212106, 23.238448451509825 ], [ 77.438995833212118, 23.238474051502429 ], [ 77.439035033212107, 23.238346151539375 ], [ 77.43893613321211, 23.238320551546771 ], [ 77.438896933212106, 23.238448451509825 ] ] ] } },
{ "type": "Feature", "properties": { }, "geometry": { "type": "Polygon", "coordinates": [ [ [ 77.438100533212108, 23.238358751535742 ], [ 77.438268333212122, 23.238383751528517 ], [ 77.438285933212114, 23.238284051557319 ], [ 77.438118233212109, 23.238258951564575 ], [ 77.438100533212108, 23.238358751535742 ] ] ] } },
{ "type": "Feature", "properties": { }, "geometry": { "type": "Polygon", "coordinates": [ [ [ 77.438634233212127, 23.238882851384314 ], [ 77.438622433212103, 23.23896395136088 ], [ 77.43877733321213, 23.238982951355396 ], [ 77.438789133212111, 23.238901751378858 ], [ 77.438634233212127, 23.238882851384314 ] ] ] } },
{ "type": "Feature", "properties": { }, "geometry": { "type": "Polygon", "coordinates": [ [ [ 77.429645633212132, 23.23436565268932 ], [ 77.42961663321212, 23.234371752687561 ], [ 77.429592033212117, 23.23438705268314 ], [ 77.429575133212111, 23.234409452676665 ], [ 77.429568133212115, 23.234436052668986 ], [ 77.429572033212111, 23.234463052661184 ], [ 77.4295863332121, 23.234487052654256 ], [ 77.429609033212117, 23.234504552649199 ], [ 77.429637133212125, 23.234513452646624 ], [ 77.42966683321211, 23.234512352646941 ], [ 77.429694133212109, 23.234501452650093 ], [ 77.429715233212107, 23.234482252655642 ], [ 77.429727433212108, 23.23445735266283 ], [ 77.429728933212118, 23.234430152670686 ], [ 77.429719633212116, 23.234404152678195 ], [ 77.429700833212095, 23.234383052684294 ], [ 77.429674933212112, 23.234369652688159 ], [ 77.429645633212132, 23.23436565268932 ] ] ] } },
{ "type": "Feature", "properties": { }, "geometry": { "type": "Polygon", "coordinates": [ [ [ 77.432897333212111, 23.229247554167639 ], [ 77.43308693321211, 23.229047954225287 ], [ 77.43302643321212, 23.22899945423929 ], [ 77.432836833212107, 23.229198954181676 ], [ 77.432897333212111, 23.229247554167639 ] ] ] } },
{ "type": "Feature", "properties": { }, "geometry": { "type": "Polygon", "coordinates": [ [ [ 77.428709533212114, 23.235506852359656 ], [ 77.428736033212104, 23.235630652323891 ], [ 77.428872533212115, 23.235605952331035 ], [ 77.428846133212105, 23.235482252366761 ], [ 77.428709533212114, 23.235506852359656 ] ] ] } },
{ "type": "Feature", "properties": { }, "geometry": { "type": "Polygon", "coordinates": [ [ [ 77.430655233212136, 23.228935054257892 ], [ 77.430790733212106, 23.228726754318046 ], [ 77.430723133212112, 23.228689654328761 ], [ 77.430587633212113, 23.228897954268611 ], [ 77.430655233212136, 23.228935054257892 ] ] ] } },
{ "type": "Feature", "properties": { }, "geometry": { "type": "Polygon", "coordinates": [ [ [ 77.42584843321211, 23.228324754434144 ], [ 77.42593323321212, 23.228324054434346 ], [ 77.425932733212107, 23.228273954448813 ], [ 77.425847933212111, 23.228274654448615 ], [ 77.42584843321211, 23.228324754434144 ] ] ] } },
{ "type": "Feature", "properties": { }, "geometry": { "type": "Polygon", "coordinates": [ [ [ 77.426699333212113, 23.22895175425306 ], [ 77.426700733212115, 23.229108254207873 ], [ 77.426788333212116, 23.22910755420807 ], [ 77.426786933212114, 23.228951054253269 ], [ 77.426699333212113, 23.22895175425306 ] ] ] } },
{ "type": "Feature", "properties": { }, "geometry": { "type": "Polygon", "coordinates": [ [ [ 77.429429133212111, 23.228705254324257 ], [ 77.429506633212128, 23.228744054313054 ], [ 77.429582433212119, 23.228616554349873 ], [ 77.429504933212115, 23.228577654361104 ], [ 77.429429133212111, 23.228705254324257 ] ] ] } },
{ "type": "Feature", "properties": { }, "geometry": { "type": "Polygon", "coordinates": [ [ [ 77.427261733212134, 23.229813954004054 ], [ 77.427260833212102, 23.229930453970404 ], [ 77.427472333212123, 23.229931753970032 ], [ 77.427473133212118, 23.229815254003675 ], [ 77.427261733212134, 23.229813954004054 ] ] ] } },
{ "type": "Feature", "properties": { }, "geometry": { "type": "Polygon", "coordinates": [ [ [ 77.431544133212114, 23.229931153970202 ], [ 77.431738533212126, 23.229887053982939 ], [ 77.431721133212108, 23.22982235400163 ], [ 77.43152673321211, 23.229866453988894 ], [ 77.431544133212114, 23.229931153970202 ] ] ] } },
{ "type": "Feature", "properties": { }, "geometry": { "type": "Polygon", "coordinates": [ [ [ 77.432311233212118, 23.237460951795121 ], [ 77.432370233212112, 23.237670451734594 ], [ 77.432563833212129, 23.237624351747915 ], [ 77.432504833212121, 23.237414851808442 ], [ 77.432311233212118, 23.237460951795121 ] ] ] } },
{ "type": "Feature", "properties": { }, "geometry": { "type": "Polygon", "coordinates": [ [ [ 77.426431633212118, 23.229401154123273 ], [ 77.426430833212123, 23.229486954098494 ], [ 77.42651873321212, 23.22948755409832 ], [ 77.426519533212115, 23.229401754123106 ], [ 77.426431633212118, 23.229401154123273 ] ] ] } },
{ "type": "Feature", "properties": { }, "geometry": { "type": "Polygon", "coordinates": [ [ [ 77.426125033212116, 23.230059353933175 ], [ 77.426195433212115, 23.230095953922607 ], [ 77.426264833212116, 23.229983153955185 ], [ 77.426194433212103, 23.229946553965753 ], [ 77.426125033212116, 23.230059353933175 ] ] ] } },
{ "type": "Feature", "properties": { }, "geometry": { "type": "Polygon", "coordinates": [ [ [ 77.425910833212114, 23.229321254146345 ], [ 77.4260391332121, 23.229370354132175 ], [ 77.426090333212116, 23.229257454164777 ], [ 77.425962033212102, 23.229208254178989 ], [ 77.425910833212114, 23.229321254146345 ] ] ] } },
{ "type": "Feature", "properties": { }, "geometry": { "type": "Polygon", "coordinates": [ [ [ 77.425543233212096, 23.228362854423143 ], [ 77.425756433212115, 23.228354254425625 ], [ 77.425753433212094, 23.22829195444362 ], [ 77.425540233212118, 23.228300654441103 ], [ 77.425543233212096, 23.228362854423143 ] ] ] } },
{ "type": "Feature", "properties": { }, "geometry": { "type": "Polygon", "coordinates": [ [ [ 77.431013733212097, 23.228141354487111 ], [ 77.430844733212112, 23.228322554434779 ], [ 77.43090843321211, 23.228372754420285 ], [ 77.43107743321211, 23.228191554472609 ], [ 77.431013733212097, 23.228141354487111 ] ] ] } },
{ "type": "Feature", "properties": { }, "geometry": { "type": "Polygon", "coordinates": [ [ [ 77.431963833212109, 23.22933275414303 ], [ 77.432057933212135, 23.229417954118418 ], [ 77.43211173321211, 23.229367854132892 ], [ 77.432017633212112, 23.229282654157501 ], [ 77.431963833212109, 23.22933275414303 ] ] ] } },
{ "type": "Feature", "properties": { }, "geometry": { "type": "Polygon", "coordinates": [ [ [ 77.431254333212109, 23.228541954371419 ], [ 77.431344633212134, 23.228623354347906 ], [ 77.43147773321212, 23.228498554383947 ], [ 77.431387433212095, 23.228417154407463 ], [ 77.431254333212109, 23.228541954371419 ] ] ] } },
{ "type": "Feature", "properties": { }, "geometry": { "type": "Polygon", "coordinates": [ [ [ 77.431623933212109, 23.236457852084925 ], [ 77.431638533212109, 23.23657245205181 ], [ 77.431855733212117, 23.236549052058574 ], [ 77.431841133212103, 23.23643435209171 ], [ 77.431623933212109, 23.236457852084925 ] ] ] } },
{ "type": "Feature", "properties": { }, "geometry": { "type": "Polygon", "coordinates": [ [ [ 77.432614333212101, 23.237638351743868 ], [ 77.432915933212115, 23.237637151744217 ], [ 77.432914433212119, 23.237326451833983 ], [ 77.432612733212096, 23.237327751833604 ], [ 77.432614333212101, 23.237638351743868 ] ] ] } },
{ "type": "Feature", "properties": { }, "geometry": { "type": "Polygon", "coordinates": [ [ [ 77.431716433212117, 23.22901055423608 ], [ 77.431657833212128, 23.229066354219967 ], [ 77.431749033212128, 23.229147154196632 ], [ 77.431807633212117, 23.229091254212776 ], [ 77.431716433212117, 23.22901055423608 ] ] ] } },
{ "type": "Feature", "properties": { }, "geometry": { "type": "Polygon", "coordinates": [ [ [ 77.431770733212119, 23.229142354198022 ], [ 77.431865333212116, 23.229223754174509 ], [ 77.431909533212121, 23.229180354187047 ], [ 77.431815033212104, 23.229098954210553 ], [ 77.431770733212119, 23.229142354198022 ] ] ] } },
{ "type": "Feature", "properties": { }, "geometry": { "type": "Polygon", "coordinates": [ [ [ 77.426419033212113, 23.228175554477232 ], [ 77.426455933212111, 23.22821565446565 ], [ 77.426549233212128, 23.228143154486588 ], [ 77.426512333212116, 23.228103054498174 ], [ 77.426419033212113, 23.228175554477232 ] ] ] } },
{ "type": "Feature", "properties": { }, "geometry": { "type": "Polygon", "coordinates": [ [ [ 77.424325633212106, 23.229195654182622 ], [ 77.424463733212121, 23.22920805417904 ], [ 77.42447613321211, 23.22909075421293 ], [ 77.424338033212109, 23.229078454216477 ], [ 77.424325633212106, 23.229195654182622 ] ] ] } },
{ "type": "Feature", "properties": { }, "geometry": { "type": "Polygon", "coordinates": [ [ [ 77.426712133212135, 23.229489654097712 ], [ 77.426712133212135, 23.229591954068169 ], [ 77.426766433212109, 23.229591954068169 ], [ 77.426766433212109, 23.229489654097712 ], [ 77.426712133212135, 23.229489654097712 ] ] ] } },
{ "type": "Feature", "properties": { }, "geometry": { "type": "Polygon", "coordinates": [ [ [ 77.426334633212122, 23.230153053906111 ], [ 77.426416533212105, 23.230202453891849 ], [ 77.426465133212105, 23.230134353911513 ], [ 77.426383333212115, 23.230084953925775 ], [ 77.426334633212122, 23.230153053906111 ] ] ] } },
{ "type": "Feature", "properties": { }, "geometry": { "type": "Polygon", "coordinates": [ [ [ 77.430437633212108, 23.230559253788794 ], [ 77.430756733212135, 23.230603453776027 ], [ 77.430782033212125, 23.230448853820675 ], [ 77.430462933212112, 23.230404653833446 ], [ 77.430437633212108, 23.230559253788794 ] ] ] } },
{ "type": "Feature", "properties": { }, "geometry": { "type": "Polygon", "coordinates": [ [ [ 77.429714333212118, 23.234900352534865 ], [ 77.42980143321212, 23.23496595251591 ], [ 77.429830533212126, 23.234933352525324 ], [ 77.429743433212096, 23.234867752544275 ], [ 77.429714333212118, 23.234900352534865 ] ] ] } },
{ "type": "Feature", "properties": { }, "geometry": { "type": "Polygon", "coordinates": [ [ [ 77.431274033212134, 23.236486852076542 ], [ 77.431430533212108, 23.236466852082319 ], [ 77.431399233212119, 23.236259552142204 ], [ 77.431242633212108, 23.236279552136434 ], [ 77.431274033212134, 23.236486852076542 ] ] ] } },
{ "type": "Feature", "properties": { }, "geometry": { "type": "Polygon", "coordinates": [ [ [ 77.431590533212116, 23.231863853411983 ], [ 77.431641833212097, 23.231901653401064 ], [ 77.431994833212116, 23.231497653517749 ], [ 77.43194353321212, 23.231459853528669 ], [ 77.431590533212116, 23.231863853411983 ] ] ] } },
{ "type": "Feature", "properties": { }, "geometry": { "type": "Polygon", "coordinates": [ [ [ 77.425124133212094, 23.229172254189383 ], [ 77.425278133212117, 23.229178554187563 ], [ 77.425281433212135, 23.229110454207238 ], [ 77.425127433212111, 23.22910425420902 ], [ 77.425124133212094, 23.229172254189383 ] ] ] } },
{ "type": "Feature", "properties": { }, "geometry": { "type": "Polygon", "coordinates": [ [ [ 77.427690233212132, 23.229695554038251 ], [ 77.42785513321212, 23.229696554037961 ], [ 77.427855933212101, 23.229585754069959 ], [ 77.427691033212128, 23.229584754070249 ], [ 77.427690233212132, 23.229695554038251 ] ] ] } },
{ "type": "Feature", "properties": { }, "geometry": { "type": "Polygon", "coordinates": [ [ [ 77.426346233212115, 23.228219254464616 ], [ 77.426382733212094, 23.228258854453173 ], [ 77.426443933212113, 23.228211254466927 ], [ 77.42640743321212, 23.228171554478386 ], [ 77.426346233212115, 23.228219254464616 ] ] ] } },
{ "type": "Feature", "properties": { }, "geometry": { "type": "Polygon", "coordinates": [ [ [ 77.430873033212109, 23.22904885422502 ], [ 77.430986033212108, 23.22911975420455 ], [ 77.431094333212116, 23.228974054246621 ], [ 77.430981333212117, 23.228903154267101 ], [ 77.430873033212109, 23.22904885422502 ] ] ] } },
{ "type": "Feature", "properties": { }, "geometry": { "type": "Polygon", "coordinates": [ [ [ 77.429650533212126, 23.230286953867438 ], [ 77.429861833212129, 23.230418353829492 ], [ 77.429959833212109, 23.23028525386793 ], [ 77.42974853321212, 23.230153853905879 ], [ 77.429650533212126, 23.230286953867438 ] ] ] } },
{ "type": "Feature", "properties": { }, "geometry": { "type": "Polygon", "coordinates": [ [ [ 77.429769733212126, 23.229431454114525 ], [ 77.430177733212133, 23.229622954059217 ], [ 77.430278433212109, 23.229441754111551 ], [ 77.42987053321211, 23.22925025416686 ], [ 77.429769733212126, 23.229431454114525 ] ] ] } },
{ "type": "Feature", "properties": { }, "geometry": { "type": "Polygon", "coordinates": [ [ [ 77.42966253321211, 23.234717152587777 ], [ 77.429730833212119, 23.234744352579931 ], [ 77.429754733212121, 23.234693552594603 ], [ 77.42968653321212, 23.234666352602449 ], [ 77.42966253321211, 23.234717152587777 ] ] ] } },
{ "type": "Feature", "properties": { }, "geometry": { "type": "Polygon", "coordinates": [ [ [ 77.425128533212103, 23.228925254260719 ], [ 77.425376333212128, 23.228900254267941 ], [ 77.425362833212105, 23.228787554300489 ], [ 77.425115133212117, 23.228812454293294 ], [ 77.425128533212103, 23.228925254260719 ] ] ] } },
{ "type": "Feature", "properties": { }, "geometry": { "type": "Polygon", "coordinates": [ [ [ 77.424521033212116, 23.229198854181703 ], [ 77.424639133212111, 23.229211254178118 ], [ 77.424654033212107, 23.229092354212462 ], [ 77.424535933212113, 23.229079854216067 ], [ 77.424521033212116, 23.229198854181703 ] ] ] } },
{ "type": "Feature", "properties": { }, "geometry": { "type": "Polygon", "coordinates": [ [ [ 77.424723333212114, 23.22895135425318 ], [ 77.424918433212113, 23.228937954257056 ], [ 77.424908333212102, 23.228814454292717 ], [ 77.424713333212111, 23.228827854288845 ], [ 77.424723333212114, 23.22895135425318 ] ] ] } },
{ "type": "Feature", "properties": { }, "geometry": { "type": "Polygon", "coordinates": [ [ [ 77.430287433212129, 23.231545553503921 ], [ 77.43045083321212, 23.231565153498256 ], [ 77.430472333212123, 23.231414153541877 ], [ 77.430308933212117, 23.231394553547535 ], [ 77.430287433212129, 23.231545553503921 ] ] ] } },
{ "type": "Feature", "properties": { }, "geometry": { "type": "Polygon", "coordinates": [ [ [ 77.430082633212095, 23.228177354476713 ], [ 77.430256033212117, 23.228320854435275 ], [ 77.430319033212115, 23.228256554453843 ], [ 77.430145733212115, 23.228113054495282 ], [ 77.430082633212095, 23.228177354476713 ] ] ] } },
{ "type": "Feature", "properties": { }, "geometry": { "type": "Polygon", "coordinates": [ [ [ 77.426763733212098, 23.23006055393283 ], [ 77.42684403321212, 23.229939153967891 ], [ 77.426704933212108, 23.229861453990331 ], [ 77.4266246332121, 23.229982853955278 ], [ 77.426763733212098, 23.23006055393283 ] ] ] } },
{ "type": "Feature", "properties": { }, "geometry": { "type": "Polygon", "coordinates": [ [ [ 77.432021533212094, 23.22894655425457 ], [ 77.432116333212107, 23.229041454227161 ], [ 77.432185833212117, 23.228982754244115 ], [ 77.432091033212117, 23.228887954271489 ], [ 77.432021533212094, 23.22894655425457 ] ] ] } },
{ "type": "Feature", "properties": { }, "geometry": { "type": "Polygon", "coordinates": [ [ [ 77.424782633212118, 23.22862435434762 ], [ 77.425022733212117, 23.228620954348603 ], [ 77.425022033212102, 23.228574654361974 ], [ 77.424781833212123, 23.228577954361022 ], [ 77.424782633212118, 23.22862435434762 ] ] ] } },
{ "type": "Feature", "properties": { }, "geometry": { "type": "Polygon", "coordinates": [ [ [ 77.427017633212117, 23.229305054151034 ], [ 77.427200133212096, 23.229296754153424 ], [ 77.427195433212134, 23.229207754179132 ], [ 77.427012833212103, 23.229215954176766 ], [ 77.427017633212117, 23.229305054151034 ] ] ] } },
{ "type": "Feature", "properties": { }, "geometry": { "type": "Polygon", "coordinates": [ [ [ 77.425459233212095, 23.228880854273541 ], [ 77.425698733212116, 23.228872554275942 ], [ 77.425694133212119, 23.22875865430883 ], [ 77.425454633212112, 23.228766854306464 ], [ 77.425459233212095, 23.228880854273541 ] ] ] } },
{ "type": "Feature", "properties": { }, "geometry": { "type": "Polygon", "coordinates": [ [ [ 77.432407633212108, 23.229281554157819 ], [ 77.432440133212111, 23.229309654149702 ], [ 77.432481533212112, 23.229269154161397 ], [ 77.432449033212109, 23.22924115416949 ], [ 77.432407633212108, 23.229281554157819 ] ] ] } },
{ "type": "Feature", "properties": { }, "geometry": { "type": "Polygon", "coordinates": [ [ [ 77.42497593321211, 23.229381754128873 ], [ 77.424975633212128, 23.229236154170927 ], [ 77.424858433212108, 23.229236454170838 ], [ 77.424858733212119, 23.229382054128788 ], [ 77.42497593321211, 23.229381754128873 ] ] ] } },
{ "type": "Feature", "properties": { }, "geometry": { "type": "Polygon", "coordinates": [ [ [ 77.429823433212107, 23.230137053910731 ], [ 77.429996933212109, 23.230247153878935 ], [ 77.43015193321213, 23.230040953938495 ], [ 77.429978433212113, 23.229930853970288 ], [ 77.429823433212107, 23.230137053910731 ] ] ] } },
{ "type": "Feature", "properties": { }, "geometry": { "type": "Polygon", "coordinates": [ [ [ 77.431130033212128, 23.236678752021103 ], [ 77.431151733212118, 23.236887651960757 ], [ 77.431286433212108, 23.236875851964161 ], [ 77.431264833212097, 23.23666695202451 ], [ 77.431130033212128, 23.236678752021103 ] ] ] } },
{ "type": "Feature", "properties": { }, "geometry": { "type": "Polygon", "coordinates": [ [ [ 77.428728333212121, 23.229960453961741 ], [ 77.428837933212108, 23.229685454041164 ], [ 77.428746633212114, 23.229654754050031 ], [ 77.428637033212127, 23.229929753970605 ], [ 77.428728333212121, 23.229960453961741 ] ] ] } },
{ "type": "Feature", "properties": { }, "geometry": { "type": "Polygon", "coordinates": [ [ [ 77.425288633212134, 23.229070954218642 ], [ 77.425279433212111, 23.229209354178671 ], [ 77.425448133212114, 23.229218754175957 ], [ 77.425457333212108, 23.229080354215924 ], [ 77.425288633212134, 23.229070954218642 ] ] ] } },
{ "type": "Feature", "properties": { }, "geometry": { "type": "Polygon", "coordinates": [ [ [ 77.428999633212115, 23.235183052453198 ], [ 77.429125133212111, 23.235077952483561 ], [ 77.42901623321211, 23.234968152515279 ], [ 77.4288907332121, 23.235073252484916 ], [ 77.428999633212115, 23.235183052453198 ] ] ] } },
{ "type": "Feature", "properties": { }, "geometry": { "type": "Polygon", "coordinates": [ [ [ 77.431210533212123, 23.236122352181837 ], [ 77.431216833212119, 23.236218652154022 ], [ 77.431329333212119, 23.236212452155812 ], [ 77.431323033212109, 23.236116152183641 ], [ 77.431210533212123, 23.236122352181837 ] ] ] } },
{ "type": "Feature", "properties": { }, "geometry": { "type": "Polygon", "coordinates": [ [ [ 77.427434233212111, 23.229985653954465 ], [ 77.427318433212108, 23.230083753926127 ], [ 77.427488033212128, 23.23025275387732 ], [ 77.427603833212117, 23.230154653905657 ], [ 77.427434233212111, 23.229985653954465 ] ] ] } },
{ "type": "Feature", "properties": { }, "geometry": { "type": "Polygon", "coordinates": [ [ [ 77.427400033212109, 23.229648354051875 ], [ 77.427599033212132, 23.229645954052572 ], [ 77.427597533212108, 23.229540454083047 ], [ 77.427398533212113, 23.229542754082381 ], [ 77.427400033212109, 23.229648354051875 ] ] ] } },
{ "type": "Feature", "properties": { }, "geometry": { "type": "Polygon", "coordinates": [ [ [ 77.432283033212116, 23.2293522541374 ], [ 77.432315933212109, 23.229389754126569 ], [ 77.432344633212097, 23.229368554132691 ], [ 77.432311833212111, 23.229330954143549 ], [ 77.432283033212116, 23.2293522541374 ] ] ] } },
{ "type": "Feature", "properties": { }, "geometry": { "type": "Polygon", "coordinates": [ [ [ 77.428318633212115, 23.231485853521157 ], [ 77.428384633212119, 23.231480853522608 ], [ 77.428376933212121, 23.231395953547128 ], [ 77.428310933212117, 23.23140105354565 ], [ 77.428318633212115, 23.231485853521157 ] ] ] } },
{ "type": "Feature", "properties": { }, "geometry": { "type": "Polygon", "coordinates": [ [ [ 77.4245756332121, 23.229864553989437 ], [ 77.424724433212134, 23.229855453992066 ], [ 77.424717033212104, 23.22975395402138 ], [ 77.424568333212093, 23.229762954018781 ], [ 77.4245756332121, 23.229864553989437 ] ] ] } },
{ "type": "Feature", "properties": { }, "geometry": { "type": "Polygon", "coordinates": [ [ [ 77.428868633212105, 23.229573754073424 ], [ 77.428986633212119, 23.229307554150306 ], [ 77.428901133212094, 23.22927555415955 ], [ 77.428783133212107, 23.229541754082668 ], [ 77.428868633212105, 23.229573754073424 ] ] ] } },
{ "type": "Feature", "properties": { }, "geometry": { "type": "Polygon", "coordinates": [ [ [ 77.432724333212121, 23.229445554110448 ], [ 77.432845933212121, 23.229322854145888 ], [ 77.432777633212112, 23.229265654162408 ], [ 77.432656033212112, 23.229388354126975 ], [ 77.432724333212121, 23.229445554110448 ] ] ] } },
{ "type": "Feature", "properties": { }, "geometry": { "type": "Polygon", "coordinates": [ [ [ 77.426384533212129, 23.229628754057547 ], [ 77.426384233212119, 23.22969575403819 ], [ 77.426533233212112, 23.229696354038015 ], [ 77.426533533212108, 23.229629354057373 ], [ 77.426384533212129, 23.229628754057547 ] ] ] } },
{ "type": "Feature", "properties": { }, "geometry": { "type": "Polygon", "coordinates": [ [ [ 77.430983933212119, 23.228860454279435 ], [ 77.431085433212118, 23.228926654260309 ], [ 77.431165533212109, 23.228822954290266 ], [ 77.43106403321211, 23.22875675430938 ], [ 77.430983933212119, 23.228860454279435 ] ] ] } },
{ "type": "Feature", "properties": { }, "geometry": { "type": "Polygon", "coordinates": [ [ [ 77.425538733212107, 23.229273454160154 ], [ 77.42565023321211, 23.229325654145082 ], [ 77.425702333212129, 23.22923185417217 ], [ 77.425590833212112, 23.229179654187245 ], [ 77.425538733212107, 23.229273454160154 ] ] ] } },
{ "type": "Feature", "properties": { }, "geometry": { "type": "Polygon", "coordinates": [ [ [ 77.426539133212117, 23.230298553864092 ], [ 77.426541633212111, 23.230406253832985 ], [ 77.426681633212127, 23.23040355383376 ], [ 77.426679133212119, 23.230295853864874 ], [ 77.426539133212117, 23.230298553864092 ] ] ] } },
{ "type": "Feature", "properties": { }, "geometry": { "type": "Polygon", "coordinates": [ [ [ 77.424283133212114, 23.228936554257455 ], [ 77.424513033212108, 23.228943554255437 ], [ 77.424516233212131, 23.228855154280961 ], [ 77.424286333212109, 23.22884805428302 ], [ 77.424283133212114, 23.228936554257455 ] ] ] } },
{ "type": "Feature", "properties": { }, "geometry": { "type": "Polygon", "coordinates": [ [ [ 77.431414333212118, 23.2284045544111 ], [ 77.431495233212118, 23.228477054390158 ], [ 77.431631333212096, 23.228348854427185 ], [ 77.431550433212109, 23.228276354448123 ], [ 77.431414333212118, 23.2284045544111 ] ] ] } },
{ "type": "Feature", "properties": { }, "geometry": { "type": "Polygon", "coordinates": [ [ [ 77.432094533212123, 23.229681854042202 ], [ 77.432159233212133, 23.229792754010173 ], [ 77.432268133212119, 23.229739054025686 ], [ 77.432203433212109, 23.229628154057711 ], [ 77.432094533212123, 23.229681854042202 ] ] ] } },
{ "type": "Feature", "properties": { }, "geometry": { "type": "Polygon", "coordinates": [ [ [ 77.426787933212111, 23.22948215409988 ], [ 77.426787833212103, 23.229292254154728 ], [ 77.426665233212105, 23.229292254154728 ], [ 77.426665233212105, 23.22948215409988 ], [ 77.426787933212111, 23.22948215409988 ] ] ] } },
{ "type": "Feature", "properties": { }, "geometry": { "type": "Polygon", "coordinates": [ [ [ 77.42724953321212, 23.230090853924082 ], [ 77.427257533212114, 23.229865953989034 ], [ 77.42712833321211, 23.229862053990157 ], [ 77.427120333212116, 23.230086953925206 ], [ 77.42724953321212, 23.230090853924082 ] ] ] } },
{ "type": "Feature", "properties": { }, "geometry": { "type": "Polygon", "coordinates": [ [ [ 77.432388333212117, 23.229242254169169 ], [ 77.432452733212102, 23.229179954187156 ], [ 77.432372733212119, 23.229110154207323 ], [ 77.432308333212134, 23.229172354189359 ], [ 77.432388333212117, 23.229242254169169 ] ] ] } },
{ "type": "Feature", "properties": { }, "geometry": { "type": "Polygon", "coordinates": [ [ [ 77.430862833212117, 23.229071954218352 ], [ 77.430761233212124, 23.229219154175837 ], [ 77.430914133212113, 23.229308354150078 ], [ 77.431015833212115, 23.229161154192585 ], [ 77.430862833212117, 23.229071954218352 ] ] ] } },
{ "type": "Feature", "properties": { }, "geometry": { "type": "Polygon", "coordinates": [ [ [ 77.424932933212119, 23.228938554256878 ], [ 77.425116733212136, 23.228928954259647 ], [ 77.425109833212119, 23.22881685429202 ], [ 77.424926033212103, 23.228826454289255 ], [ 77.424932933212119, 23.228938554256878 ] ] ] } },
{ "type": "Feature", "properties": { }, "geometry": { "type": "Polygon", "coordinates": [ [ [ 77.424608633212117, 23.22863015434595 ], [ 77.424762933212108, 23.228630554345834 ], [ 77.424763133212124, 23.228570654363136 ], [ 77.424608833212119, 23.228570254363245 ], [ 77.424608633212117, 23.22863015434595 ] ] ] } },
{ "type": "Feature", "properties": { }, "geometry": { "type": "Polygon", "coordinates": [ [ [ 77.430957333212135, 23.236168252168586 ], [ 77.431032033212134, 23.236160552170809 ], [ 77.431005133212111, 23.235938752234887 ], [ 77.430930533212106, 23.235946352232688 ], [ 77.430957333212135, 23.236168252168586 ] ] ] } },
{ "type": "Feature", "properties": { }, "geometry": { "type": "Polygon", "coordinates": [ [ [ 77.432525333212126, 23.228815254292485 ], [ 77.43247373321212, 23.228861154279233 ], [ 77.432650833212094, 23.229029054230736 ], [ 77.432702333212106, 23.228983054244026 ], [ 77.432525333212126, 23.228815254292485 ] ] ] } },
{ "type": "Feature", "properties": { }, "geometry": { "type": "Polygon", "coordinates": [ [ [ 77.42394743321212, 23.228558854366536 ], [ 77.42394473321211, 23.228616754349815 ], [ 77.424454533212113, 23.228636754344041 ], [ 77.424457233212109, 23.22857875436079 ], [ 77.42394743321212, 23.228558854366536 ] ] ] } },
{ "type": "Feature", "properties": { }, "geometry": { "type": "Polygon", "coordinates": [ [ [ 77.426888433212113, 23.230063653931936 ], [ 77.427001133212116, 23.229900353979097 ], [ 77.426944833212133, 23.229867553988576 ], [ 77.42683223321211, 23.2300308539414 ], [ 77.426888433212113, 23.230063653931936 ] ] ] } },
{ "type": "Feature", "properties": { }, "geometry": { "type": "Polygon", "coordinates": [ [ [ 77.424813433212108, 23.230427753826778 ], [ 77.424969033212093, 23.230552253790815 ], [ 77.425060233212108, 23.23045595381863 ], [ 77.424904633212108, 23.230331453854586 ], [ 77.424813433212108, 23.230427753826778 ] ] ] } },
{ "type": "Feature", "properties": { }, "geometry": { "type": "Polygon", "coordinates": [ [ [ 77.424919733212121, 23.229153054194935 ], [ 77.425076033212108, 23.229154554194494 ], [ 77.425076933212125, 23.229072554218178 ], [ 77.424920633212125, 23.22907115421858 ], [ 77.424919733212121, 23.229153054194935 ] ] ] } },
{ "type": "Feature", "properties": { }, "geometry": { "type": "Polygon", "coordinates": [ [ [ 77.426908333212111, 23.229160254192848 ], [ 77.426905433212113, 23.228943354255488 ], [ 77.426810333212117, 23.228944454255174 ], [ 77.42681323321213, 23.229161354192531 ], [ 77.426908333212111, 23.229160254192848 ] ] ] } },
{ "type": "Feature", "properties": { }, "geometry": { "type": "Polygon", "coordinates": [ [ [ 77.426493633212118, 23.229127354202351 ], [ 77.426577633212119, 23.229126154202696 ], [ 77.426575233212105, 23.228973254246853 ], [ 77.426491233212104, 23.228974354246535 ], [ 77.426493633212118, 23.229127354202351 ] ] ] } },
{ "type": "Feature", "properties": { }, "geometry": { "type": "Polygon", "coordinates": [ [ [ 77.425512933212119, 23.229132654200825 ], [ 77.425550933212108, 23.229144854197294 ], [ 77.425570033212111, 23.229094854211734 ], [ 77.425531933212113, 23.229082654215254 ], [ 77.425512933212119, 23.229132654200825 ] ] ] } },
{ "type": "Feature", "properties": { }, "geometry": { "type": "Polygon", "coordinates": [ [ [ 77.429063933212106, 23.231514653512843 ], [ 77.429068133212112, 23.231667053468826 ], [ 77.42970113321212, 23.231652253473101 ], [ 77.429696933212114, 23.231499853517118 ], [ 77.429063933212106, 23.231514653512843 ] ] ] } },
{ "type": "Feature", "properties": { }, "geometry": { "type": "Polygon", "coordinates": [ [ [ 77.431913833212121, 23.228811454293584 ], [ 77.43196333321211, 23.228772354304876 ], [ 77.431891433212115, 23.228695454327084 ], [ 77.431841933212098, 23.228734554315789 ], [ 77.431913833212121, 23.228811454293584 ] ] ] } },
{ "type": "Feature", "properties": { }, "geometry": { "type": "Polygon", "coordinates": [ [ [ 77.426687633212126, 23.229116354205527 ], [ 77.426689033212114, 23.228968854248123 ], [ 77.426608533212118, 23.228968254248301 ], [ 77.426607133212116, 23.229115654205735 ], [ 77.426687633212126, 23.229116354205527 ] ] ] } },
{ "type": "Feature", "properties": { }, "geometry": { "type": "Polygon", "coordinates": [ [ [ 77.431297533212117, 23.236637252033088 ], [ 77.431314733212119, 23.236839251974729 ], [ 77.431630833212125, 23.236816551981292 ], [ 77.431613633212109, 23.236614552039654 ], [ 77.431297533212117, 23.236637252033088 ] ] ] } },
{ "type": "Feature", "properties": { }, "geometry": { "type": "Polygon", "coordinates": [ [ [ 77.427789133212116, 23.229311154149269 ], [ 77.427922333212109, 23.229034854229067 ], [ 77.427803233212117, 23.228986354243073 ], [ 77.427670033212124, 23.229262754163251 ], [ 77.427789133212116, 23.229311154149269 ] ] ] } },
{ "type": "Feature", "properties": { }, "geometry": { "type": "Polygon", "coordinates": [ [ [ 77.431123233212119, 23.228673154333524 ], [ 77.431208533212128, 23.228737954314809 ], [ 77.431323833212133, 23.22860975435184 ], [ 77.431238533212124, 23.228544954370552 ], [ 77.431123233212119, 23.228673154333524 ] ] ] } },
{ "type": "Feature", "properties": { }, "geometry": { "type": "Polygon", "coordinates": [ [ [ 77.431014033212108, 23.231695153460709 ], [ 77.430979633212118, 23.231855353414439 ], [ 77.431190133212112, 23.231893553403406 ], [ 77.431224533212117, 23.231733353449673 ], [ 77.431014033212108, 23.231695153460709 ] ] ] } },
{ "type": "Feature", "properties": { }, "geometry": { "type": "Polygon", "coordinates": [ [ [ 77.431922733212105, 23.228827554288937 ], [ 77.432001433212108, 23.228915254263612 ], [ 77.432057133212112, 23.228873054275798 ], [ 77.431978333212115, 23.228785354301124 ], [ 77.431922733212105, 23.228827554288937 ] ] ] } },
{ "type": "Feature", "properties": { }, "geometry": { "type": "Polygon", "coordinates": [ [ [ 77.426411033212119, 23.228414654408187 ], [ 77.426453133212107, 23.228463554394061 ], [ 77.42671453321212, 23.228273354448994 ], [ 77.426672433212133, 23.22822445446311 ], [ 77.426411033212119, 23.228414654408187 ] ] ] } },
{ "type": "Feature", "properties": { }, "geometry": { "type": "Polygon", "coordinates": [ [ [ 77.42914723321212, 23.230294553865239 ], [ 77.429510033212111, 23.230087453925062 ], [ 77.429428033212105, 23.229966153960088 ], [ 77.429065233212114, 23.230173353900248 ], [ 77.42914723321212, 23.230294553865239 ] ] ] } },
{ "type": "Feature", "properties": { }, "geometry": { "type": "Polygon", "coordinates": [ [ [ 77.425267033212108, 23.230196353893607 ], [ 77.4253897332121, 23.230198853892887 ], [ 77.425393833212112, 23.230033753940571 ], [ 77.425271133212121, 23.230031253941291 ], [ 77.425267033212108, 23.230196353893607 ] ] ] } },
{ "type": "Feature", "properties": { }, "geometry": { "type": "Polygon", "coordinates": [ [ [ 77.431998733212112, 23.236230452150622 ], [ 77.432126833212109, 23.23623355214972 ], [ 77.432128333212134, 23.236179552165321 ], [ 77.432000233212094, 23.236176452166212 ], [ 77.431998733212112, 23.236230452150622 ] ] ] } },
{ "type": "Feature", "properties": { }, "geometry": { "type": "Polygon", "coordinates": [ [ [ 77.426360233212094, 23.229401054123301 ], [ 77.42636523321211, 23.229479454100666 ], [ 77.426421033212108, 23.229476454101533 ], [ 77.426416033212107, 23.229398054124168 ], [ 77.426360233212094, 23.229401054123301 ] ] ] } },
{ "type": "Feature", "properties": { }, "geometry": { "type": "Polygon", "coordinates": [ [ [ 77.426094633212102, 23.230317253858686 ], [ 77.426277633212123, 23.230422653828246 ], [ 77.426337833212116, 23.230334453853722 ], [ 77.426154933212104, 23.230228953884193 ], [ 77.426094633212102, 23.230317253858686 ] ] ] } },
{ "type": "Feature", "properties": { }, "geometry": { "type": "Polygon", "coordinates": [ [ [ 77.425773333212121, 23.229164254191694 ], [ 77.425700733212111, 23.22929485415397 ], [ 77.425824133212117, 23.22935275413726 ], [ 77.425896733212113, 23.22922215417497 ], [ 77.425773333212121, 23.229164254191694 ] ] ] } },
{ "type": "Feature", "properties": { }, "geometry": { "type": "Polygon", "coordinates": [ [ [ 77.42393373321211, 23.237248751856431 ], [ 77.423960833212121, 23.237325351834301 ], [ 77.424295233212121, 23.237225451863164 ], [ 77.424268133212095, 23.23714895188526 ], [ 77.42393373321211, 23.237248751856431 ] ] ] } },
{ "type": "Feature", "properties": { }, "geometry": { "type": "Polygon", "coordinates": [ [ [ 77.430878933212114, 23.236369052110579 ], [ 77.43089773321212, 23.236525552065366 ], [ 77.431026133212114, 23.236512552069119 ], [ 77.431007433212116, 23.236356052114328 ], [ 77.430878933212114, 23.236369052110579 ] ] ] } },
{ "type": "Feature", "properties": { }, "geometry": { "type": "Polygon", "coordinates": [ [ [ 77.425249633212118, 23.22860195435409 ], [ 77.425298633212108, 23.228598954354961 ], [ 77.425283233212113, 23.228390054415282 ], [ 77.425234233212109, 23.228393154414395 ], [ 77.425249633212118, 23.22860195435409 ] ] ] } },
{ "type": "Feature", "properties": { }, "geometry": { "type": "Polygon", "coordinates": [ [ [ 77.428291633212112, 23.228213054466408 ], [ 77.428472133212111, 23.228217854465015 ], [ 77.428476833212102, 23.228070054507704 ], [ 77.428296333212117, 23.228065154509117 ], [ 77.428291633212112, 23.228213054466408 ] ] ] } },
{ "type": "Feature", "properties": { }, "geometry": { "type": "Polygon", "coordinates": [ [ [ 77.430933533212112, 23.232001953372095 ], [ 77.431144133212115, 23.232143653331164 ], [ 77.431205933212112, 23.23206615335355 ], [ 77.430995333212124, 23.23192445339448 ], [ 77.430933533212112, 23.232001953372095 ] ] ] } },
{ "type": "Feature", "properties": { }, "geometry": { "type": "Polygon", "coordinates": [ [ [ 77.43084643321211, 23.232106753341821 ], [ 77.431089133212112, 23.232270653294485 ], [ 77.431149533212107, 23.232195053316321 ], [ 77.43090683321212, 23.232031153363661 ], [ 77.43084643321211, 23.232106753341821 ] ] ] } },
{ "type": "Feature", "properties": { }, "geometry": { "type": "Polygon", "coordinates": [ [ [ 77.43195113321211, 23.229325454145144 ], [ 77.432007833212111, 23.229270054161137 ], [ 77.431917333212112, 23.229191854183721 ], [ 77.431860633212125, 23.229247154167751 ], [ 77.43195113321211, 23.229325454145144 ] ] ] } },
{ "type": "Feature", "properties": { }, "geometry": { "type": "Polygon", "coordinates": [ [ [ 77.431642033212114, 23.236788051989524 ], [ 77.431871333212115, 23.236764651996285 ], [ 77.431861933212119, 23.236686852018764 ], [ 77.431632633212104, 23.236710252012003 ], [ 77.431642033212114, 23.236788051989524 ] ] ] } },
{ "type": "Feature", "properties": { }, "geometry": { "type": "Polygon", "coordinates": [ [ [ 77.42637823321212, 23.229603854064734 ], [ 77.426553933212105, 23.229601554065393 ], [ 77.426552233212121, 23.229495454096043 ], [ 77.426376533212121, 23.229497854095349 ], [ 77.42637823321212, 23.229603854064734 ] ] ] } },
{ "type": "Feature", "properties": { }, "geometry": { "type": "Polygon", "coordinates": [ [ [ 77.424772033212108, 23.229162154192299 ], [ 77.424915533212129, 23.229164654191578 ], [ 77.424916833212109, 23.229103154209341 ], [ 77.424773333212102, 23.22910075421003 ], [ 77.424772033212108, 23.229162154192299 ] ] ] } },
{ "type": "Feature", "properties": { }, "geometry": { "type": "Polygon", "coordinates": [ [ [ 77.431454233212108, 23.236580452049505 ], [ 77.431582633212116, 23.236566252053599 ], [ 77.431520933212113, 23.236094252189961 ], [ 77.431392533212119, 23.236108452185864 ], [ 77.431454233212108, 23.236580452049505 ] ] ] } },
{ "type": "Feature", "properties": { }, "geometry": { "type": "Polygon", "coordinates": [ [ [ 77.425476133212101, 23.229242654169056 ], [ 77.425514133212133, 23.229259854164081 ], [ 77.42556683321213, 23.229161854192391 ], [ 77.425528833212098, 23.229144654197352 ], [ 77.425476133212101, 23.229242654169056 ] ] ] } },
{ "type": "Feature", "properties": { }, "geometry": { "type": "Polygon", "coordinates": [ [ [ 77.425326033212116, 23.228369654421179 ], [ 77.425531233212098, 23.228364754422593 ], [ 77.425529633212108, 23.228309354438593 ], [ 77.42532453321212, 23.228314354437149 ], [ 77.425326033212116, 23.228369654421179 ] ] ] } },
{ "type": "Feature", "properties": { }, "geometry": { "type": "Polygon", "coordinates": [ [ [ 77.426361133212112, 23.229364554133848 ], [ 77.426517433212112, 23.229362754134364 ], [ 77.426516133212104, 23.229267654161831 ], [ 77.426359833212103, 23.229269454161308 ], [ 77.426361133212112, 23.229364554133848 ] ] ] } },
{ "type": "Feature", "properties": { }, "geometry": { "type": "Polygon", "coordinates": [ [ [ 77.432280233212111, 23.2297175540319 ], [ 77.432418433212121, 23.229638654054678 ], [ 77.432361333212114, 23.229554154079089 ], [ 77.432223033212125, 23.229633154056266 ], [ 77.432280233212111, 23.2297175540319 ] ] ] } },
{ "type": "Feature", "properties": { }, "geometry": { "type": "Polygon", "coordinates": [ [ [ 77.426197533212118, 23.23011595391683 ], [ 77.42628863321211, 23.230166053902352 ], [ 77.426375433212115, 23.230032653940881 ], [ 77.426284433212132, 23.229982553955356 ], [ 77.426197533212118, 23.23011595391683 ] ] ] } },
{ "type": "Feature", "properties": { }, "geometry": { "type": "Polygon", "coordinates": [ [ [ 77.43138413321212, 23.231513953513044 ], [ 77.431559833212106, 23.231541053505218 ], [ 77.4315855332121, 23.231400853545711 ], [ 77.431409833212115, 23.231373653553572 ], [ 77.43138413321212, 23.231513953513044 ] ] ] } },
{ "type": "Feature", "properties": { }, "geometry": { "type": "Polygon", "coordinates": [ [ [ 77.424312933212121, 23.23053995379437 ], [ 77.42439123321212, 23.23058305378192 ], [ 77.424371433212087, 23.230613453773138 ], [ 77.424407333212116, 23.230633253767426 ], [ 77.424492133212127, 23.230503353804938 ], [ 77.424377933212114, 23.230440453823107 ], [ 77.424312933212121, 23.23053995379437 ] ] ] } },
{ "type": "Feature", "properties": { }, "geometry": { "type": "Polygon", "coordinates": [ [ [ 77.429140633212114, 23.229745954023695 ], [ 77.42917613321211, 23.229757554020345 ], [ 77.429165933212118, 23.229783754012775 ], [ 77.429228833212107, 23.229804354006824 ], [ 77.429337033212121, 23.229525254087431 ], [ 77.429238733212102, 23.229493054096732 ], [ 77.429140633212114, 23.229745954023695 ] ] ] } },
{ "type": "Feature", "properties": { }, "geometry": { "type": "Polygon", "coordinates": [ [ [ 77.431760433212119, 23.23517505245551 ], [ 77.431754033212115, 23.235305952417693 ], [ 77.431836433212112, 23.235309352416706 ], [ 77.431827633212109, 23.235487652365201 ], [ 77.432016533212135, 23.235495552362917 ], [ 77.432031733212128, 23.235186252452269 ], [ 77.431760433212119, 23.23517505245551 ] ] ] } },
{ "type": "Feature", "properties": { }, "geometry": { "type": "Polygon", "coordinates": [ [ [ 77.428242333212111, 23.229760454019505 ], [ 77.428300633212118, 23.229780454013731 ], [ 77.428361933212116, 23.229629654057284 ], [ 77.42853533321211, 23.229689154040095 ], [ 77.428720833212111, 23.229232354172026 ], [ 77.428489033212117, 23.229152854194989 ], [ 77.428242333212111, 23.229760454019505 ] ] ] } },
{ "type": "Feature", "properties": { }, "geometry": { "type": "Polygon", "coordinates": [ [ [ 77.430002433212124, 23.231636953477516 ], [ 77.430268833212111, 23.231669353468163 ], [ 77.430288233212124, 23.231535053506953 ], [ 77.430192833212118, 23.231523453510299 ], [ 77.430210433212096, 23.231401253545588 ], [ 77.430039433212116, 23.231380453551608 ], [ 77.430002433212124, 23.231636953477516 ] ] ] } },
{ "type": "Feature", "properties": { }, "geometry": { "type": "Polygon", "coordinates": [ [ [ 77.435113333212115, 23.231721953452965 ], [ 77.435074333212114, 23.231851853415446 ], [ 77.43526063321211, 23.231899053401815 ], [ 77.435299633212125, 23.231769253439303 ], [ 77.435113333212115, 23.231721953452965 ] ] ] } },
{ "type": "Feature", "properties": { }, "geometry": { "type": "Polygon", "coordinates": [ [ [ 77.435146633212128, 23.231564153498542 ], [ 77.435340733212115, 23.231610053485294 ], [ 77.43536673321212, 23.231517253512092 ], [ 77.435172633212119, 23.23147135352535 ], [ 77.435146633212128, 23.231564153498542 ] ] ] } },
{ "type": "Feature", "properties": { }, "geometry": { "type": "Polygon", "coordinates": [ [ [ 77.43502013321212, 23.232129953335122 ], [ 77.434983433212111, 23.232250953300177 ], [ 77.435163633212113, 23.232297053286853 ], [ 77.435200333212123, 23.232176053321801 ], [ 77.43502013321212, 23.232129953335122 ] ] ] } },
{ "type": "Feature", "properties": { }, "geometry": { "type": "Polygon", "coordinates": [ [ [ 77.435201933212113, 23.232570453207884 ], [ 77.435409833212134, 23.232603653198293 ], [ 77.435432933212098, 23.232481753233497 ], [ 77.43522503321212, 23.232448453243123 ], [ 77.435201933212113, 23.232570453207884 ] ] ] } },
{ "type": "Feature", "properties": { }, "geometry": { "type": "Polygon", "coordinates": [ [ [ 77.435223033212125, 23.231282553579881 ], [ 77.435417133212113, 23.2313278535668 ], [ 77.43544453321212, 23.231228953595366 ], [ 77.43525033321211, 23.231183753608416 ], [ 77.435223033212125, 23.231282553579881 ] ] ] } },
{ "type": "Feature", "properties": { }, "geometry": { "type": "Polygon", "coordinates": [ [ [ 77.434942433212115, 23.232390053259994 ], [ 77.434909933212111, 23.23250465322689 ], [ 77.43510073321211, 23.23255025321372 ], [ 77.435133133212105, 23.232435653246817 ], [ 77.434942433212115, 23.232390053259994 ] ] ] } },
{ "type": "Feature", "properties": { }, "geometry": { "type": "Polygon", "coordinates": [ [ [ 77.435194033212113, 23.231370253554548 ], [ 77.435169733212106, 23.231464353527368 ], [ 77.43537073321211, 23.231508153514724 ], [ 77.435394933212123, 23.231414053541901 ], [ 77.435194033212113, 23.231370253554548 ] ] ] } },
{ "type": "Feature", "properties": { }, "geometry": { "type": "Polygon", "coordinates": [ [ [ 77.434870033212121, 23.232657853182634 ], [ 77.435050833212117, 23.232705653168829 ], [ 77.435096133212113, 23.232560853210654 ], [ 77.434915333212103, 23.232513053224462 ], [ 77.434870033212121, 23.232657853182634 ] ] ] } },
{ "type": "Feature", "properties": { }, "geometry": { "type": "Polygon", "coordinates": [ [ [ 77.435229433212129, 23.232442253244912 ], [ 77.435432233212126, 23.232478253234515 ], [ 77.43545883321211, 23.232351853271027 ], [ 77.435256033212113, 23.232315853281428 ], [ 77.435229433212129, 23.232442253244912 ] ] ] } },
{ "type": "Feature", "properties": { }, "geometry": { "type": "Polygon", "coordinates": [ [ [ 77.435196533212121, 23.231362953556658 ], [ 77.435384333212099, 23.231405553544356 ], [ 77.435404933212112, 23.231328453566622 ], [ 77.435217233212128, 23.231285953578901 ], [ 77.435196533212121, 23.231362953556658 ] ] ] } },
{ "type": "Feature", "properties": { }, "geometry": { "type": "Polygon", "coordinates": [ [ [ 77.435381633212117, 23.231899453401699 ], [ 77.435572933212114, 23.231943853388881 ], [ 77.435602333212131, 23.231836953419752 ], [ 77.435411033212134, 23.231792553432573 ], [ 77.435381633212117, 23.231899453401699 ] ] ] } },
{ "type": "Feature", "properties": { }, "geometry": { "type": "Polygon", "coordinates": [ [ [ 77.435330733212126, 23.23205745335606 ], [ 77.435527733212112, 23.232099353343962 ], [ 77.435566033212112, 23.231947253387894 ], [ 77.435369033212098, 23.231905353399988 ], [ 77.435330733212126, 23.23205745335606 ] ] ] } },
{ "type": "Feature", "properties": { }, "geometry": { "type": "Polygon", "coordinates": [ [ [ 77.435074133212112, 23.231859153413339 ], [ 77.435036833212109, 23.231986953376428 ], [ 77.435226533212131, 23.232033753362916 ], [ 77.435263933212113, 23.231905953399817 ], [ 77.435074133212112, 23.231859153413339 ] ] ] } },
{ "type": "Feature", "properties": { }, "geometry": { "type": "Polygon", "coordinates": [ [ [ 77.43504673321209, 23.23199765337333 ], [ 77.435009433212116, 23.232124353336733 ], [ 77.435200433212117, 23.232171953322982 ], [ 77.435237833212099, 23.232045253359587 ], [ 77.43504673321209, 23.23199765337333 ] ] ] } },
{ "type": "Feature", "properties": { }, "geometry": { "type": "Polygon", "coordinates": [ [ [ 77.435293433212095, 23.232178853320995 ], [ 77.435487233212115, 23.232222453308399 ], [ 77.435517833212117, 23.232107753341534 ], [ 77.435324033212098, 23.232064153354127 ], [ 77.435293433212095, 23.232178853320995 ] ] ] } },
{ "type": "Feature", "properties": { }, "geometry": { "type": "Polygon", "coordinates": [ [ [ 77.435263333212106, 23.232310053283101 ], [ 77.43545913321212, 23.232347353272324 ], [ 77.435487233212115, 23.232222453308399 ], [ 77.4352914332121, 23.232185153319175 ], [ 77.435263333212106, 23.232310053283101 ] ] ] } },
{ "type": "Feature", "properties": { }, "geometry": { "type": "Polygon", "coordinates": [ [ [ 77.435126533212113, 23.231654453472466 ], [ 77.435320333212118, 23.231695153460709 ], [ 77.435340233212116, 23.231614853483901 ], [ 77.435146433212097, 23.231574153495657 ], [ 77.435126533212113, 23.231654453472466 ] ] ] } },
{ "type": "Feature", "properties": { }, "geometry": { "type": "Polygon", "coordinates": [ [ [ 77.434943933212111, 23.232384153261698 ], [ 77.43513503321212, 23.232431953247886 ], [ 77.435171033212114, 23.232310353283008 ], [ 77.434979933212119, 23.232262553296813 ], [ 77.434943933212111, 23.232384153261698 ] ] ] } },
{ "type": "Feature", "properties": { }, "geometry": { "type": "Polygon", "coordinates": [ [ [ 77.443684433212113, 23.235815052270617 ], [ 77.443679433212111, 23.235923752239216 ], [ 77.443750633212133, 23.235926552238407 ], [ 77.443755533212126, 23.235817752269838 ], [ 77.443684433212113, 23.235815052270617 ] ] ] } },
{ "type": "Feature", "properties": { }, "geometry": { "type": "Polygon", "coordinates": [ [ [ 77.443486033212125, 23.235801452274551 ], [ 77.44348053321211, 23.235922152239681 ], [ 77.443573833212113, 23.235925752238643 ], [ 77.44357923321212, 23.235805052273506 ], [ 77.443486033212125, 23.235801452274551 ] ] ] } },
{ "type": "Feature", "properties": { }, "geometry": { "type": "Polygon", "coordinates": [ [ [ 77.44366443321212, 23.235955552230031 ], [ 77.443653133212109, 23.236076552195073 ], [ 77.443741233212094, 23.236083552193062 ], [ 77.443752533212106, 23.235962552228006 ], [ 77.44366443321212, 23.235955552230031 ] ] ] } },
{ "type": "Feature", "properties": { }, "geometry": { "type": "Polygon", "coordinates": [ [ [ 77.443476433212098, 23.235950652231441 ], [ 77.443466833212113, 23.236052352202062 ], [ 77.443562933212121, 23.236059952199874 ], [ 77.443572433212111, 23.235958252229253 ], [ 77.443476433212098, 23.235950652231441 ] ] ] } },
{ "type": "Feature", "properties": { }, "geometry": { "type": "Polygon", "coordinates": [ [ [ 77.44375803321212, 23.235979452223134 ], [ 77.44374863321211, 23.236079252194294 ], [ 77.443822233212117, 23.236085052192625 ], [ 77.443831533212119, 23.23598525222145 ], [ 77.44375803321212, 23.235979452223134 ] ] ] } },
{ "type": "Feature", "properties": { }, "geometry": { "type": "Polygon", "coordinates": [ [ [ 77.443582533212108, 23.235948352232114 ], [ 77.443572633212113, 23.236053952201601 ], [ 77.443641933212135, 23.236059452200017 ], [ 77.443651833212115, 23.235953852230526 ], [ 77.443582533212108, 23.235948352232114 ] ] ] } },
{ "type": "Feature", "properties": { }, "geometry": { "type": "Polygon", "coordinates": [ [ [ 77.443592633212106, 23.23580105227467 ], [ 77.443587633212118, 23.235911252242833 ], [ 77.443670133212095, 23.235914452241907 ], [ 77.44367513321211, 23.235804252273741 ], [ 77.443592633212106, 23.23580105227467 ] ] ] } },
{ "type": "Feature", "properties": { }, "geometry": { "type": "Polygon", "coordinates": [ [ [ 77.443763333212118, 23.235826452267322 ], [ 77.443757733212095, 23.235949752231704 ], [ 77.443837133212114, 23.235952752230844 ], [ 77.443842733212108, 23.235829552266434 ], [ 77.443763333212118, 23.235826452267322 ] ] ] } },
{ "type": "Feature", "properties": { }, "geometry": { "type": "Polygon", "coordinates": [ [ [ 77.430406633212101, 23.228239654458719 ], [ 77.430501233212112, 23.228324554434199 ], [ 77.43059463321211, 23.22823665445959 ], [ 77.430499933212133, 23.228151754484106 ], [ 77.430406633212101, 23.228239654458719 ] ] ] } },
{ "type": "Feature", "properties": { }, "geometry": { "type": "Polygon", "coordinates": [ [ [ 77.425243833212093, 23.229809554005318 ], [ 77.425271433212117, 23.229809054005468 ], [ 77.425270633212108, 23.229770554016579 ], [ 77.425242933212132, 23.229771054016439 ], [ 77.425243833212093, 23.229809554005318 ] ] ] } },
{ "type": "Feature", "properties": { }, "geometry": { "type": "Polygon", "coordinates": [ [ [ 77.43110813321212, 23.230354353847972 ], [ 77.431522233212121, 23.230573153784775 ], [ 77.43167663321212, 23.230369153843696 ], [ 77.431265933212117, 23.230138053910448 ], [ 77.43110813321212, 23.230354353847972 ] ] ] } },
{ "type": "Feature", "properties": { }, "geometry": { "type": "Polygon", "coordinates": [ [ [ 77.431280433212109, 23.229071954218352 ], [ 77.431427433212107, 23.229156254194002 ], [ 77.431496733212114, 23.229054054223525 ], [ 77.431349733212116, 23.228969854247836 ], [ 77.431280433212109, 23.229071954218352 ] ] ] } },
{ "type": "Feature", "properties": { }, "geometry": { "type": "Polygon", "coordinates": [ [ [ 77.428635333212114, 23.230224753885402 ], [ 77.428733433212116, 23.230130053912752 ], [ 77.42868693321212, 23.230089453924482 ], [ 77.428588833212117, 23.2301842538971 ], [ 77.428635333212114, 23.230224753885402 ] ] ] } },
{ "type": "Feature", "properties": { }, "geometry": { "type": "Polygon", "coordinates": [ [ [ 77.431176933212114, 23.22921185417794 ], [ 77.431301833212103, 23.229268054161714 ], [ 77.431363433212113, 23.229152654195051 ], [ 77.431238533212124, 23.229096354211304 ], [ 77.431176933212114, 23.22921185417794 ] ] ] } },
{ "type": "Feature", "properties": { }, "geometry": { "type": "Polygon", "coordinates": [ [ [ 77.432464733212115, 23.228485554387706 ], [ 77.432550633212117, 23.22855825436671 ], [ 77.432606633212117, 23.228502354382851 ], [ 77.432520833212109, 23.228429654403847 ], [ 77.432464733212115, 23.228485554387706 ] ] ] } },
{ "type": "Feature", "properties": { }, "geometry": { "type": "Polygon", "coordinates": [ [ [ 77.425882233212121, 23.228468254392705 ], [ 77.426041833212111, 23.228465954393371 ], [ 77.426040533212117, 23.228390754415081 ], [ 77.425880933212113, 23.228393054414418 ], [ 77.425882233212121, 23.228468254392705 ] ] ] } },
{ "type": "Feature", "properties": { }, "geometry": { "type": "Polygon", "coordinates": [ [ [ 77.431912133212109, 23.230509453803176 ], [ 77.432017033212119, 23.230517653800806 ], [ 77.432024833212111, 23.230433653825074 ], [ 77.43191983321212, 23.230425453827436 ], [ 77.431912133212109, 23.230509453803176 ] ] ] } },
{ "type": "Feature", "properties": { }, "geometry": { "type": "Polygon", "coordinates": [ [ [ 77.430608533212109, 23.230079953927234 ], [ 77.430996133212119, 23.23030565386204 ], [ 77.431141233212117, 23.230096153922545 ], [ 77.430733633212114, 23.22987815398551 ], [ 77.430608533212109, 23.230079953927234 ] ] ] } },
{ "type": "Feature", "properties": { }, "geometry": { "type": "Polygon", "coordinates": [ [ [ 77.424793433212102, 23.228410854409276 ], [ 77.424983933212104, 23.228408954409822 ], [ 77.424983333212111, 23.228358254424464 ], [ 77.424792933212117, 23.228360154423918 ], [ 77.424793433212102, 23.228410854409276 ] ] ] } },
{ "type": "Feature", "properties": { }, "geometry": { "type": "Polygon", "coordinates": [ [ [ 77.429944033212109, 23.236832251976761 ], [ 77.429898833212121, 23.236697352015732 ], [ 77.42973153321212, 23.236744752002036 ], [ 77.429776733212108, 23.236879551963089 ], [ 77.429944033212109, 23.236832251976761 ] ] ] } },
{ "type": "Feature", "properties": { }, "geometry": { "type": "Polygon", "coordinates": [ [ [ 77.432068033212133, 23.230543053793472 ], [ 77.432189933212101, 23.23054725379226 ], [ 77.432195233212113, 23.230415053830434 ], [ 77.432073333212116, 23.230410853831653 ], [ 77.432068033212133, 23.230543053793472 ] ] ] } },
{ "type": "Feature", "properties": { }, "geometry": { "type": "Polygon", "coordinates": [ [ [ 77.427926233212133, 23.228105754497392 ], [ 77.427988633212109, 23.228168354479315 ], [ 77.428053333212119, 23.228113954495022 ], [ 77.428064833212133, 23.228125454491703 ], [ 77.428100433212109, 23.228095554500335 ], [ 77.428088933212109, 23.228084054503658 ], [ 77.42814643321212, 23.228035654517633 ], [ 77.428084233212104, 23.22797315453569 ], [ 77.427926233212133, 23.228105754497392 ] ] ] } },
{ "type": "Feature", "properties": { }, "geometry": { "type": "Polygon", "coordinates": [ [ [ 77.432229433212129, 23.228667754335081 ], [ 77.432316733212133, 23.228743154313314 ], [ 77.432373233212104, 23.228687854329284 ], [ 77.43228583321212, 23.228612554351027 ], [ 77.432229433212129, 23.228667754335081 ] ] ] } },
{ "type": "Feature", "properties": { }, "geometry": { "type": "Polygon", "coordinates": [ [ [ 77.427325233212116, 23.228300454441161 ], [ 77.427417233212111, 23.228403454411417 ], [ 77.427519833212116, 23.228326154433741 ], [ 77.427427833212121, 23.228223154463485 ], [ 77.427325233212116, 23.228300454441161 ] ] ] } },
{ "type": "Feature", "properties": { }, "geometry": { "type": "Polygon", "coordinates": [ [ [ 77.427036333212115, 23.230287353867325 ], [ 77.427191733212112, 23.23042205382842 ], [ 77.427315333212121, 23.230301653863194 ], [ 77.42715993321211, 23.230166953902106 ], [ 77.427036333212115, 23.230287353867325 ] ] ] } },
{ "type": "Feature", "properties": { }, "geometry": { "type": "Polygon", "coordinates": [ [ [ 77.431953233212099, 23.228257154453665 ], [ 77.432033133212116, 23.228364554422651 ], [ 77.432118733212121, 23.228310754438187 ], [ 77.432038833212104, 23.228203354469205 ], [ 77.431953233212099, 23.228257154453665 ] ] ] } },
{ "type": "Feature", "properties": { }, "geometry": { "type": "Polygon", "coordinates": [ [ [ 77.432585233212123, 23.230395453836103 ], [ 77.432649733212116, 23.230589553780046 ], [ 77.432760933212094, 23.230558353789053 ], [ 77.432643333212113, 23.230204553891237 ], [ 77.432492633212121, 23.23024685387902 ], [ 77.432545733212109, 23.230406553832896 ], [ 77.432585233212123, 23.230395453836103 ] ] ] } },
{ "type": "Feature", "properties": { }, "geometry": { "type": "Polygon", "coordinates": [ [ [ 77.424263033212114, 23.228457654395768 ], [ 77.424263033212114, 23.228529754374946 ], [ 77.424319433212119, 23.228529754374946 ], [ 77.424319433212119, 23.228457654395768 ], [ 77.424263033212114, 23.228457654395768 ] ] ] } },
{ "type": "Feature", "properties": { }, "geometry": { "type": "Polygon", "coordinates": [ [ [ 77.43107983321211, 23.229434054113774 ], [ 77.431284233212111, 23.22949725409552 ], [ 77.431354533212101, 23.229305354150938 ], [ 77.431150133212114, 23.229242154169199 ], [ 77.43107983321211, 23.229434054113774 ] ] ] } },
{ "type": "Feature", "properties": { }, "geometry": { "type": "Polygon", "coordinates": [ [ [ 77.43039513321213, 23.228245854456933 ], [ 77.430336733212116, 23.228306354439464 ], [ 77.43042043321212, 23.228374454419797 ], [ 77.430478733212126, 23.228313854437292 ], [ 77.43039513321213, 23.228245854456933 ] ] ] } },
{ "type": "Feature", "properties": { }, "geometry": { "type": "Polygon", "coordinates": [ [ [ 77.427993633212111, 23.230053953934735 ], [ 77.428107633212107, 23.23008585392552 ], [ 77.428187133212106, 23.229845653994904 ], [ 77.428073233212132, 23.229813754004109 ], [ 77.427993633212111, 23.230053953934735 ] ] ] } },
{ "type": "Feature", "properties": { }, "geometry": { "type": "Polygon", "coordinates": [ [ [ 77.430541433212113, 23.228180354475846 ], [ 77.430603133212117, 23.228240754458408 ], [ 77.430705333212117, 23.228152554483877 ], [ 77.430643633212114, 23.228092254501295 ], [ 77.430541433212113, 23.228180354475846 ] ] ] } },
{ "type": "Feature", "properties": { }, "geometry": { "type": "Polygon", "coordinates": [ [ [ 77.426121433212117, 23.228444754399483 ], [ 77.426212533212123, 23.228443654399804 ], [ 77.42621083321211, 23.22832345443452 ], [ 77.426119833212113, 23.22832445443423 ], [ 77.426121433212117, 23.228444754399483 ] ] ] } },
{ "type": "Feature", "properties": { }, "geometry": { "type": "Polygon", "coordinates": [ [ [ 77.432655833212095, 23.228653754339131 ], [ 77.43274103321211, 23.228731354316714 ], [ 77.432798133212117, 23.228678454331995 ], [ 77.43271303321211, 23.228600854354411 ], [ 77.432655833212095, 23.228653754339131 ] ] ] } },
{ "type": "Feature", "properties": { }, "geometry": { "type": "Polygon", "coordinates": [ [ [ 77.431078233212119, 23.229444154110858 ], [ 77.431018033212126, 23.229608754063317 ], [ 77.431225933212104, 23.229672954044769 ], [ 77.431286133212097, 23.229508454092283 ], [ 77.431078233212119, 23.229444154110858 ] ] ] } },
{ "type": "Feature", "properties": { }, "geometry": { "type": "Polygon", "coordinates": [ [ [ 77.428449533212103, 23.230145553908283 ], [ 77.428576433212086, 23.230194453894157 ], [ 77.428620433212117, 23.230098153921965 ], [ 77.428493533212134, 23.230049153936118 ], [ 77.428449533212103, 23.230145553908283 ] ] ] } },
{ "type": "Feature", "properties": { }, "geometry": { "type": "Polygon", "coordinates": [ [ [ 77.432561333212107, 23.228564354364948 ], [ 77.43264513321212, 23.228633254345048 ], [ 77.432698633212112, 23.228578254360933 ], [ 77.432614833212114, 23.228509354380829 ], [ 77.432561333212107, 23.228564354364948 ] ] ] } },
{ "type": "Feature", "properties": { }, "geometry": { "type": "Polygon", "coordinates": [ [ [ 77.432762533212099, 23.228733854315998 ], [ 77.432838633212114, 23.228803754295811 ], [ 77.432887533212096, 23.228758854308769 ], [ 77.432811433212109, 23.22868885432899 ], [ 77.432762533212099, 23.228733854315998 ] ] ] } },
{ "type": "Feature", "properties": { }, "geometry": { "type": "Polygon", "coordinates": [ [ [ 77.43195503321212, 23.230771153727588 ], [ 77.432343733212107, 23.230782853724214 ], [ 77.432347333212121, 23.230682853753095 ], [ 77.432299033212132, 23.230681353753521 ], [ 77.432302333212135, 23.230588353780387 ], [ 77.432030833212096, 23.230580153782761 ], [ 77.432027533212121, 23.230673253755867 ], [ 77.431958633212119, 23.230671153756472 ], [ 77.43195503321212, 23.230771153727588 ] ] ] } },
{ "type": "Feature", "properties": { }, "geometry": { "type": "Polygon", "coordinates": [ [ [ 77.443862133212107, 23.235248552434271 ], [ 77.443777433212105, 23.235242952435893 ], [ 77.443767633212119, 23.23536855239961 ], [ 77.443852333212121, 23.235374152397991 ], [ 77.443862133212107, 23.235248552434271 ] ] ] } },
{ "type": "Feature", "properties": { }, "geometry": { "type": "Polygon", "coordinates": [ [ [ 77.443272033212125, 23.23571085230072 ], [ 77.443268833212116, 23.235775952281912 ], [ 77.443379133212119, 23.23578065228056 ], [ 77.443382433212093, 23.235715552299368 ], [ 77.443272033212125, 23.23571085230072 ] ] ] } },
{ "type": "Feature", "properties": { }, "geometry": { "type": "Polygon", "coordinates": [ [ [ 77.442704233212112, 23.234021452788745 ], [ 77.442704933212099, 23.234081152771505 ], [ 77.44282323321211, 23.234080052771827 ], [ 77.442822533212123, 23.234020352789063 ], [ 77.442704233212112, 23.234021452788745 ] ] ] } },
{ "type": "Feature", "properties": { }, "geometry": { "type": "Polygon", "coordinates": [ [ [ 77.442693233212097, 23.235750552289254 ], [ 77.442690333212113, 23.235839452263573 ], [ 77.442819033212118, 23.235842952262555 ], [ 77.44282193321213, 23.23575405228824 ], [ 77.442693233212097, 23.235750552289254 ] ] ] } },
{ "type": "Feature", "properties": { }, "geometry": { "type": "Polygon", "coordinates": [ [ [ 77.442328433212111, 23.235803752273885 ], [ 77.44232653321211, 23.23587335225378 ], [ 77.442460633212107, 23.235876352252912 ], [ 77.442462533212094, 23.235806752273017 ], [ 77.442328433212111, 23.235803752273885 ] ] ] } },
{ "type": "Feature", "properties": { }, "geometry": { "type": "Polygon", "coordinates": [ [ [ 77.442679633212109, 23.234279952714079 ], [ 77.442680533212112, 23.234366152689176 ], [ 77.442843433212118, 23.234364752689579 ], [ 77.442842533212129, 23.234278552714482 ], [ 77.442679633212109, 23.234279952714079 ] ] ] } },
{ "type": "Feature", "properties": { }, "geometry": { "type": "Polygon", "coordinates": [ [ [ 77.44248843321212, 23.235764752285153 ], [ 77.44248603321212, 23.235839552263542 ], [ 77.4426120332121, 23.235842852262593 ], [ 77.442614433212114, 23.235768152284169 ], [ 77.44248843321212, 23.235764752285153 ] ] ] } },
{ "type": "Feature", "properties": { }, "geometry": { "type": "Polygon", "coordinates": [ [ [ 77.442348933212116, 23.236153352172888 ], [ 77.44229853321211, 23.236262252141426 ], [ 77.442376333212124, 23.236292652132647 ], [ 77.442426733212116, 23.236183752164106 ], [ 77.442348933212116, 23.236153352172888 ] ] ] } },
{ "type": "Feature", "properties": { }, "geometry": { "type": "Polygon", "coordinates": [ [ [ 77.442338433212115, 23.235632452323372 ], [ 77.442339433212112, 23.235721052297777 ], [ 77.442467533212124, 23.235719752298149 ], [ 77.442466533212126, 23.235631152323748 ], [ 77.442338433212115, 23.235632452323372 ] ] ] } },
{ "type": "Feature", "properties": { }, "geometry": { "type": "Polygon", "coordinates": [ [ [ 77.443142833212107, 23.235453652375028 ], [ 77.443138833212117, 23.235525852354165 ], [ 77.443242933212119, 23.235530752352751 ], [ 77.443246933212123, 23.235458552373608 ], [ 77.443142833212107, 23.235453652375028 ] ] ] } },
{ "type": "Feature", "properties": { }, "geometry": { "type": "Polygon", "coordinates": [ [ [ 77.44369723321212, 23.235236252437826 ], [ 77.443686033212117, 23.235379652396404 ], [ 77.443760133212095, 23.235384552394983 ], [ 77.443771333212112, 23.235241152436412 ], [ 77.44369723321212, 23.235236252437826 ] ] ] } },
{ "type": "Feature", "properties": { }, "geometry": { "type": "Polygon", "coordinates": [ [ [ 77.443109733212111, 23.235952452230929 ], [ 77.4431051332121, 23.236034452207235 ], [ 77.443239833212118, 23.236040752205419 ], [ 77.443244333212121, 23.235958752229109 ], [ 77.443109733212111, 23.235952452230929 ] ] ] } },
{ "type": "Feature", "properties": { }, "geometry": { "type": "Polygon", "coordinates": [ [ [ 77.442360233212113, 23.23630865212802 ], [ 77.442305633212115, 23.236403852100519 ], [ 77.442371333212108, 23.236435752091307 ], [ 77.442426033212101, 23.236340552118801 ], [ 77.442360233212113, 23.23630865212802 ] ] ] } },
{ "type": "Feature", "properties": { }, "geometry": { "type": "Polygon", "coordinates": [ [ [ 77.442685433212134, 23.235920352240203 ], [ 77.442682833212103, 23.236004052216018 ], [ 77.442812633212114, 23.236007552215007 ], [ 77.442815233212116, 23.235923852239189 ], [ 77.442685433212134, 23.235920352240203 ] ] ] } },
{ "type": "Feature", "properties": { }, "geometry": { "type": "Polygon", "coordinates": [ [ [ 77.442848233212118, 23.235777952281339 ], [ 77.442844033212111, 23.235854452259236 ], [ 77.442972033212115, 23.235860452257505 ], [ 77.442976233212107, 23.235783952279601 ], [ 77.442848233212118, 23.235777952281339 ] ] ] } },
{ "type": "Feature", "properties": { }, "geometry": { "type": "Polygon", "coordinates": [ [ [ 77.442126233212093, 23.236216852154541 ], [ 77.442059133212098, 23.236318252125248 ], [ 77.442129933212115, 23.236357752113836 ], [ 77.442197033212111, 23.236256352143133 ], [ 77.442126233212093, 23.236216852154541 ] ] ] } },
{ "type": "Feature", "properties": { }, "geometry": { "type": "Polygon", "coordinates": [ [ [ 77.442332433212115, 23.235726052296329 ], [ 77.442331633212106, 23.235797652275643 ], [ 77.442471133212109, 23.235798852275291 ], [ 77.442471933212119, 23.235727352295957 ], [ 77.442332433212115, 23.235726052296329 ] ] ] } },
{ "type": "Feature", "properties": { }, "geometry": { "type": "Polygon", "coordinates": [ [ [ 77.442697133212121, 23.234189952740074 ], [ 77.442698033212096, 23.234274952715527 ], [ 77.442836833212112, 23.234273652715899 ], [ 77.442835933212109, 23.23418865274045 ], [ 77.442697133212121, 23.234189952740074 ] ] ] } },
{ "type": "Feature", "properties": { }, "geometry": { "type": "Polygon", "coordinates": [ [ [ 77.442436233212121, 23.233952352808707 ], [ 77.442434833212104, 23.234043052782514 ], [ 77.442572333212112, 23.234044752782019 ], [ 77.442573633212135, 23.233954052808212 ], [ 77.442436233212121, 23.233952352808707 ] ] ] } },
{ "type": "Feature", "properties": { }, "geometry": { "type": "Polygon", "coordinates": [ [ [ 77.442502133212102, 23.235682152309014 ], [ 77.442499833212111, 23.235755052287953 ], [ 77.442620033212108, 23.235758252287031 ], [ 77.442622333212114, 23.235685352308089 ], [ 77.442502133212102, 23.235682152309014 ] ] ] } },
{ "type": "Feature", "properties": { }, "geometry": { "type": "Polygon", "coordinates": [ [ [ 77.442270233212113, 23.234394852680886 ], [ 77.442392433212135, 23.234393652681231 ], [ 77.442391633212111, 23.234318252703009 ], [ 77.44226933321211, 23.234319452702671 ], [ 77.442270233212113, 23.234394852680886 ] ] ] } },
{ "type": "Feature", "properties": { }, "geometry": { "type": "Polygon", "coordinates": [ [ [ 77.443609233212115, 23.235244952435313 ], [ 77.443598233212114, 23.235385152394812 ], [ 77.443682833212094, 23.235390752393201 ], [ 77.443693833212095, 23.235250452433721 ], [ 77.443609233212115, 23.235244952435313 ] ] ] } },
{ "type": "Feature", "properties": { }, "geometry": { "type": "Polygon", "coordinates": [ [ [ 77.443391933212126, 23.235551052346885 ], [ 77.443395933212116, 23.23546985237034 ], [ 77.443277933212102, 23.235464852371791 ], [ 77.443273833212118, 23.235546152348302 ], [ 77.443391933212126, 23.235551052346885 ] ] ] } },
{ "type": "Feature", "properties": { }, "geometry": { "type": "Polygon", "coordinates": [ [ [ 77.443254033212114, 23.235933952236273 ], [ 77.443249733212113, 23.236020052211398 ], [ 77.443386933212125, 23.236025852209725 ], [ 77.443391233212097, 23.235939852234562 ], [ 77.443254033212114, 23.235933952236273 ] ] ] } },
{ "type": "Feature", "properties": { }, "geometry": { "type": "Polygon", "coordinates": [ [ [ 77.442498033212118, 23.236364152111992 ], [ 77.442436133212112, 23.236338252119474 ], [ 77.442387833212109, 23.236435952091249 ], [ 77.442449733212101, 23.236461752083795 ], [ 77.442498033212118, 23.236364152111992 ] ] ] } },
{ "type": "Feature", "properties": { }, "geometry": { "type": "Polygon", "coordinates": [ [ [ 77.442454933212105, 23.234048452780954 ], [ 77.442453833212113, 23.234128852757721 ], [ 77.442583733212118, 23.23413045275726 ], [ 77.442584933212132, 23.234050052780489 ], [ 77.442454933212105, 23.234048452780954 ] ] ] } },
{ "type": "Feature", "properties": { }, "geometry": { "type": "Polygon", "coordinates": [ [ [ 77.442855333212108, 23.235696452304882 ], [ 77.442851433212113, 23.235768452284077 ], [ 77.442975833212117, 23.235774252282404 ], [ 77.442979833212121, 23.235702252303202 ], [ 77.442855333212108, 23.235696452304882 ] ] ] } },
{ "type": "Feature", "properties": { }, "geometry": { "type": "Polygon", "coordinates": [ [ [ 77.442437533212114, 23.233871052832189 ], [ 77.442436433212109, 23.233947652810066 ], [ 77.442567633212107, 23.233949252809609 ], [ 77.442568733212113, 23.233872652831735 ], [ 77.442437533212114, 23.233871052832189 ] ] ] } },
{ "type": "Feature", "properties": { }, "geometry": { "type": "Polygon", "coordinates": [ [ [ 77.44243353321211, 23.234310952705123 ], [ 77.442432233212116, 23.23440155267895 ], [ 77.442579033212112, 23.234403352678434 ], [ 77.442580333212106, 23.234312752704604 ], [ 77.44243353321211, 23.234310952705123 ] ] ] } },
{ "type": "Feature", "properties": { }, "geometry": { "type": "Polygon", "coordinates": [ [ [ 77.443274633212113, 23.235617752327617 ], [ 77.44327163321212, 23.235704652302509 ], [ 77.443394833212096, 23.235708152301505 ], [ 77.443397833212117, 23.235621352326579 ], [ 77.443274633212113, 23.235617752327617 ] ] ] } },
{ "type": "Feature", "properties": { }, "geometry": { "type": "Polygon", "coordinates": [ [ [ 77.442516133212123, 23.236209152156768 ], [ 77.442446133212115, 23.236182852164365 ], [ 77.442395533212121, 23.236296552131517 ], [ 77.442465533212115, 23.236322852123923 ], [ 77.442516133212123, 23.236209152156768 ] ] ] } },
{ "type": "Feature", "properties": { }, "geometry": { "type": "Polygon", "coordinates": [ [ [ 77.443513833212094, 23.23523225243898 ], [ 77.443503433212115, 23.235365552400474 ], [ 77.443587733212098, 23.235371152398852 ], [ 77.44359813321212, 23.235237852437372 ], [ 77.443513833212094, 23.23523225243898 ] ] ] } },
{ "type": "Feature", "properties": { }, "geometry": { "type": "Polygon", "coordinates": [ [ [ 77.443264533212115, 23.235877452252591 ], [ 77.443262333212118, 23.235921952239735 ], [ 77.443372833212109, 23.23592665223838 ], [ 77.443375033212121, 23.235882152251236 ], [ 77.443264533212115, 23.235877452252591 ] ] ] } },
{ "type": "Feature", "properties": { }, "geometry": { "type": "Polygon", "coordinates": [ [ [ 77.442244133212128, 23.233958352806976 ], [ 77.442244933212123, 23.234034752784911 ], [ 77.442392233212104, 23.234033252785345 ], [ 77.442391333212115, 23.233956852807413 ], [ 77.442244133212128, 23.233958352806976 ] ] ] } },
{ "type": "Feature", "properties": { }, "geometry": { "type": "Polygon", "coordinates": [ [ [ 77.44270163321211, 23.23567395231138 ], [ 77.442699833212131, 23.235733452294188 ], [ 77.442821233212115, 23.235736752293239 ], [ 77.442823133212116, 23.235677152310462 ], [ 77.44270163321211, 23.23567395231138 ] ] ] } },
{ "type": "Feature", "properties": { }, "geometry": { "type": "Polygon", "coordinates": [ [ [ 77.442153033212108, 23.236333652120798 ], [ 77.442198533212121, 23.23635675211413 ], [ 77.442249433212112, 23.236272352138506 ], [ 77.442204033212136, 23.236249152145209 ], [ 77.442153033212108, 23.236333652120798 ] ] ] } },
{ "type": "Feature", "properties": { }, "geometry": { "type": "Polygon", "coordinates": [ [ [ 77.442264933212115, 23.23412705275824 ], [ 77.442404533212127, 23.234125652758649 ], [ 77.442403533212101, 23.234042052782797 ], [ 77.442264033212098, 23.234043352782422 ], [ 77.442264933212115, 23.23412705275824 ] ] ] } },
{ "type": "Feature", "properties": { }, "geometry": { "type": "Polygon", "coordinates": [ [ [ 77.442685233212103, 23.234099752766131 ], [ 77.442686133212121, 23.234180852742703 ], [ 77.442834133212116, 23.234179452743113 ], [ 77.442833333212121, 23.234098352766534 ], [ 77.442685233212103, 23.234099752766131 ] ] ] } },
{ "type": "Feature", "properties": { }, "geometry": { "type": "Polygon", "coordinates": [ [ [ 77.442088033212116, 23.236065252198337 ], [ 77.442029733212109, 23.236179252165407 ], [ 77.442095133212121, 23.236207552157236 ], [ 77.442153533212121, 23.236093552190162 ], [ 77.442088033212116, 23.236065252198337 ] ] ] } },
{ "type": "Feature", "properties": { }, "geometry": { "type": "Polygon", "coordinates": [ [ [ 77.442693133212117, 23.234449752665025 ], [ 77.442836933212121, 23.234448452665397 ], [ 77.442836133212126, 23.234371552687616 ], [ 77.442692333212108, 23.234372852687244 ], [ 77.442693133212117, 23.234449752665025 ] ] ] } },
{ "type": "Feature", "properties": { }, "geometry": { "type": "Polygon", "coordinates": [ [ [ 77.44226803321213, 23.234220052731384 ], [ 77.442269133212108, 23.234312652704634 ], [ 77.442401133212101, 23.234311352705006 ], [ 77.442400133212118, 23.234218752731756 ], [ 77.44226803321213, 23.234220052731384 ] ] ] } },
{ "type": "Feature", "properties": { }, "geometry": { "type": "Polygon", "coordinates": [ [ [ 77.443742133212112, 23.235423452383749 ], [ 77.443668933212095, 23.235422052384152 ], [ 77.443666633212118, 23.235522752355067 ], [ 77.443739733212112, 23.235524252354633 ], [ 77.443742133212112, 23.235423452383749 ] ] ] } },
{ "type": "Feature", "properties": { }, "geometry": { "type": "Polygon", "coordinates": [ [ [ 77.44247023321212, 23.236489152075876 ], [ 77.442566533212116, 23.236526552065076 ], [ 77.442616433212095, 23.236417752096507 ], [ 77.442520133212113, 23.23638045210728 ], [ 77.44247023321212, 23.236489152075876 ] ] ] } },
{ "type": "Feature", "properties": { }, "geometry": { "type": "Polygon", "coordinates": [ [ [ 77.442325033212114, 23.235970052225841 ], [ 77.442323633212112, 23.236048752203104 ], [ 77.442457133212116, 23.236109052185682 ], [ 77.442459133212111, 23.235975652224226 ], [ 77.442325033212114, 23.235970052225841 ] ] ] } },
{ "type": "Feature", "properties": { }, "geometry": { "type": "Polygon", "coordinates": [ [ [ 77.442271633212115, 23.236276752137236 ], [ 77.442221133212115, 23.236375252108786 ], [ 77.44229733321211, 23.236408252099249 ], [ 77.442347833212111, 23.236309852127675 ], [ 77.442271633212115, 23.236276752137236 ] ] ] } },
{ "type": "Feature", "properties": { }, "geometry": { "type": "Polygon", "coordinates": [ [ [ 77.443121933212112, 23.235788752278218 ], [ 77.443117333212115, 23.235872952253896 ], [ 77.44325553321211, 23.235879452252007 ], [ 77.443260133212121, 23.23579525227634 ], [ 77.443121933212112, 23.235788752278218 ] ] ] } },
{ "type": "Feature", "properties": { }, "geometry": { "type": "Polygon", "coordinates": [ [ [ 77.442181933212126, 23.236073852195855 ], [ 77.442133233212118, 23.236184552163881 ], [ 77.442209333212119, 23.236212752155733 ], [ 77.442257933212119, 23.23610215218768 ], [ 77.442181933212126, 23.236073852195855 ] ] ] } },
{ "type": "Feature", "properties": { }, "geometry": { "type": "Polygon", "coordinates": [ [ [ 77.442713133212109, 23.235494852363122 ], [ 77.442710833212118, 23.235567052342265 ], [ 77.442835533212119, 23.235570452341282 ], [ 77.44283783321211, 23.235498252362142 ], [ 77.442713133212109, 23.235494852363122 ] ] ] } },
{ "type": "Feature", "properties": { }, "geometry": { "type": "Polygon", "coordinates": [ [ [ 77.443134933212107, 23.235624252325739 ], [ 77.443131033212111, 23.235694652305401 ], [ 77.44325313321211, 23.235700352303756 ], [ 77.44325703321212, 23.2356299523241 ], [ 77.443134933212107, 23.235624252325739 ] ] ] } },
{ "type": "Feature", "properties": { }, "geometry": { "type": "Polygon", "coordinates": [ [ [ 77.442837533212099, 23.235935352235867 ], [ 77.442832733212114, 23.236023152210503 ], [ 77.442947333212132, 23.23602845220897 ], [ 77.442952233212111, 23.235940752234306 ], [ 77.442837533212099, 23.235935352235867 ] ] ] } },
{ "type": "Feature", "properties": { }, "geometry": { "type": "Polygon", "coordinates": [ [ [ 77.442534633212119, 23.236219652153732 ], [ 77.442489633212119, 23.236342252118313 ], [ 77.442606933212119, 23.236386552105522 ], [ 77.442609633212115, 23.236241152147525 ], [ 77.442534633212119, 23.236219652153732 ] ] ] } },
{ "type": "Feature", "properties": { }, "geometry": { "type": "Polygon", "coordinates": [ [ [ 77.442256933212121, 23.234402552678663 ], [ 77.442257733212131, 23.234473252658237 ], [ 77.442407233212109, 23.234471752658674 ], [ 77.442406433212113, 23.234401152679066 ], [ 77.442256933212121, 23.234402552678663 ] ] ] } },
{ "type": "Feature", "properties": { }, "geometry": { "type": "Polygon", "coordinates": [ [ [ 77.442432833212095, 23.234222852730575 ], [ 77.442431733212118, 23.2342968527092 ], [ 77.442574333212107, 23.234298652708674 ], [ 77.442575433212113, 23.234224652730052 ], [ 77.442432833212095, 23.234222852730575 ] ] ] } },
{ "type": "Feature", "properties": { }, "geometry": { "type": "Polygon", "coordinates": [ [ [ 77.443749833212109, 23.235530652352775 ], [ 77.443830433212113, 23.235534252351741 ], [ 77.443836133212102, 23.235426152382963 ], [ 77.443755533212126, 23.235422552384005 ], [ 77.443749833212109, 23.235530652352775 ] ] ] } },
{ "type": "Feature", "properties": { }, "geometry": { "type": "Polygon", "coordinates": [ [ [ 77.44284453321211, 23.235863252256692 ], [ 77.442840833212117, 23.235930152237362 ], [ 77.442962433212116, 23.235935752235754 ], [ 77.44296613321211, 23.235868852255084 ], [ 77.44284453321211, 23.235863252256692 ] ] ] } },
{ "type": "Feature", "properties": { }, "geometry": { "type": "Polygon", "coordinates": [ [ [ 77.442500233212115, 23.235672352311841 ], [ 77.442614033212095, 23.235675452310947 ], [ 77.442615633212128, 23.23562695232496 ], [ 77.442501733212126, 23.235623952325827 ], [ 77.442500233212115, 23.235672352311841 ] ] ] } },
{ "type": "Feature", "properties": { }, "geometry": { "type": "Polygon", "coordinates": [ [ [ 77.442332433212115, 23.23588685224988 ], [ 77.442330733212117, 23.235960352228648 ], [ 77.44246083321211, 23.235962852227921 ], [ 77.442462533212094, 23.23588935224916 ], [ 77.442332433212115, 23.23588685224988 ] ] ] } },
{ "type": "Feature", "properties": { }, "geometry": { "type": "Polygon", "coordinates": [ [ [ 77.443477233212136, 23.23550515236014 ], [ 77.443555033212135, 23.235509752358819 ], [ 77.443561733212121, 23.235414252386406 ], [ 77.443483933212121, 23.235409552387768 ], [ 77.443477233212136, 23.23550515236014 ] ] ] } },
{ "type": "Feature", "properties": { }, "geometry": { "type": "Polygon", "coordinates": [ [ [ 77.442248933212113, 23.233950152809342 ], [ 77.442384433212112, 23.233948852809721 ], [ 77.442383333212121, 23.233857252836184 ], [ 77.442247933212116, 23.233858552835809 ], [ 77.442248933212113, 23.233950152809342 ] ] ] } },
{ "type": "Feature", "properties": { }, "geometry": { "type": "Polygon", "coordinates": [ [ [ 77.442706233212135, 23.235586752336573 ], [ 77.442703833212121, 23.235663052314532 ], [ 77.442828533212122, 23.235666352313576 ], [ 77.442830933212107, 23.23559005233562 ], [ 77.442706233212135, 23.235586752336573 ] ] ] } },
{ "type": "Feature", "properties": { }, "geometry": { "type": "Polygon", "coordinates": [ [ [ 77.443124733212116, 23.235702352303175 ], [ 77.443120433212101, 23.235781052280444 ], [ 77.443251233212109, 23.235787152278682 ], [ 77.44325553321211, 23.235708452301417 ], [ 77.443124733212116, 23.235702352303175 ] ] ] } },
{ "type": "Feature", "properties": { }, "geometry": { "type": "Polygon", "coordinates": [ [ [ 77.442337833212122, 23.236150352173759 ], [ 77.442261233212093, 23.236118452182971 ], [ 77.442211333212114, 23.236219852153681 ], [ 77.44228783321212, 23.236251652144489 ], [ 77.442337833212122, 23.236150352173759 ] ] ] } },
{ "type": "Feature", "properties": { }, "geometry": { "type": "Polygon", "coordinates": [ [ [ 77.442862433212099, 23.23560135233236 ], [ 77.442857733212122, 23.235684852308228 ], [ 77.442989133212123, 23.23569095230647 ], [ 77.442993833212114, 23.235607452330594 ], [ 77.442862433212099, 23.23560135233236 ] ] ] } },
{ "type": "Feature", "properties": { }, "geometry": { "type": "Polygon", "coordinates": [ [ [ 77.443141633212107, 23.235534752351597 ], [ 77.443138133212102, 23.235598152333274 ], [ 77.443244133212119, 23.23560315233183 ], [ 77.44324763321211, 23.235539652350187 ], [ 77.443141633212107, 23.235534752351597 ] ] ] } },
{ "type": "Feature", "properties": { }, "geometry": { "type": "Polygon", "coordinates": [ [ [ 77.442686033212098, 23.235847252261319 ], [ 77.442683833212115, 23.235916352241357 ], [ 77.442813333212129, 23.235919852240343 ], [ 77.442815533212126, 23.235850752260308 ], [ 77.442686033212098, 23.235847252261319 ] ] ] } },
{ "type": "Feature", "properties": { }, "geometry": { "type": "Polygon", "coordinates": [ [ [ 77.442497733212107, 23.236072352196288 ], [ 77.442493533212101, 23.236112752184617 ], [ 77.442600133212125, 23.236154052172687 ], [ 77.442602333212108, 23.236074852195561 ], [ 77.442497733212107, 23.236072352196288 ] ] ] } },
{ "type": "Feature", "properties": { }, "geometry": { "type": "Polygon", "coordinates": [ [ [ 77.442261633212112, 23.234143652753449 ], [ 77.442262433212107, 23.234214652732941 ], [ 77.442396833212115, 23.234213352733313 ], [ 77.44239603321212, 23.234142352753821 ], [ 77.442261633212112, 23.234143652753449 ] ] ] } },
{ "type": "Feature", "properties": { }, "geometry": { "type": "Polygon", "coordinates": [ [ [ 77.442671333212118, 23.234457152662891 ], [ 77.442672333212101, 23.23454795263666 ], [ 77.442836433212108, 23.234546452637101 ], [ 77.442835533212119, 23.234455652663325 ], [ 77.442671333212118, 23.234457152662891 ] ] ] } },
{ "type": "Feature", "properties": { }, "geometry": { "type": "Polygon", "coordinates": [ [ [ 77.44358113321212, 23.235429952381875 ], [ 77.443575133212121, 23.235548252347698 ], [ 77.443657233212093, 23.23555175234668 ], [ 77.4436633332121, 23.235433452380857 ], [ 77.44358113321212, 23.235429952381875 ] ] ] } },
{ "type": "Feature", "properties": { }, "geometry": { "type": "Polygon", "coordinates": [ [ [ 77.443264533212115, 23.235860452257505 ], [ 77.443372933212117, 23.235865152256149 ], [ 77.443376833212099, 23.235787952278454 ], [ 77.443268433212111, 23.235783352279782 ], [ 77.443264533212115, 23.235860452257505 ] ] ] } },
{ "type": "Feature", "properties": { }, "geometry": { "type": "Polygon", "coordinates": [ [ [ 77.442865133212109, 23.235499352361821 ], [ 77.44286023321213, 23.235587152336461 ], [ 77.442986733212109, 23.235593052334753 ], [ 77.442991533212108, 23.235505252360117 ], [ 77.442865133212109, 23.235499352361821 ] ] ] } },
{ "type": "Feature", "properties": { }, "geometry": { "type": "Polygon", "coordinates": [ [ [ 77.442687733212111, 23.233907252821741 ], [ 77.442688933212111, 23.234010852791808 ], [ 77.44284843321212, 23.234009352792253 ], [ 77.442847333212114, 23.233905752822167 ], [ 77.442687733212111, 23.233907252821741 ] ] ] } },
{ "type": "Feature", "properties": { }, "geometry": { "type": "Polygon", "coordinates": [ [ [ 77.442436233212121, 23.234139652754607 ], [ 77.442435033212135, 23.234216752732333 ], [ 77.442578333212111, 23.234218552731811 ], [ 77.442579433212117, 23.234141452754084 ], [ 77.442436233212121, 23.234139652754607 ] ] ] } },
{ "type": "Feature", "properties": { }, "geometry": { "type": "Polygon", "coordinates": [ [ [ 77.442438333212124, 23.234407052677362 ], [ 77.442438033212099, 23.234426752671673 ], [ 77.442450433212116, 23.234426952671615 ], [ 77.442449633212121, 23.234479852656335 ], [ 77.442591733212126, 23.234481652655809 ], [ 77.442592833212117, 23.234408952676809 ], [ 77.442438333212124, 23.234407052677362 ] ] ] } },
{ "type": "Feature", "properties": { }, "geometry": { "type": "Polygon", "coordinates": [ [ [ 77.442605433212108, 23.236042252204985 ], [ 77.442610833212115, 23.235872252254094 ], [ 77.442492233212121, 23.235869052255019 ], [ 77.442491233212124, 23.235900152246039 ], [ 77.442482033212116, 23.235899952246093 ], [ 77.442478833212121, 23.236001652216711 ], [ 77.442490833212133, 23.236001952216622 ], [ 77.442489633212119, 23.236039152205876 ], [ 77.442605433212108, 23.236042252204985 ] ] ] } },
{ "type": "Feature", "properties": { }, "geometry": { "type": "Polygon", "coordinates": [ [ [ 77.439619433212101, 23.241781850546676 ], [ 77.439619733212126, 23.24181235053787 ], [ 77.439670633212131, 23.241812050537956 ], [ 77.439670433212129, 23.241781550546765 ], [ 77.439619433212101, 23.241781850546676 ] ] ] } },
{ "type": "Feature", "properties": { }, "geometry": { "type": "Polygon", "coordinates": [ [ [ 77.441427433212112, 23.2385402514833 ], [ 77.441510633212104, 23.238540651483181 ], [ 77.441511233212111, 23.238426251516238 ], [ 77.441428033212119, 23.23842585151635 ], [ 77.441427433212112, 23.2385402514833 ] ] ] } },
{ "type": "Feature", "properties": { }, "geometry": { "type": "Polygon", "coordinates": [ [ [ 77.44105053321212, 23.240130051023961 ], [ 77.441084733212108, 23.240183751008441 ], [ 77.4411947332121, 23.240124651025521 ], [ 77.441160533212098, 23.240070951041041 ], [ 77.44105053321212, 23.240130051023961 ] ] ] } },
{ "type": "Feature", "properties": { }, "geometry": { "type": "Polygon", "coordinates": [ [ [ 77.43977823321211, 23.240072951040457 ], [ 77.439862333212133, 23.240097251033433 ], [ 77.439903233212121, 23.239977751067961 ], [ 77.439819133212097, 23.239953451074982 ], [ 77.43977823321211, 23.240072951040457 ] ] ] } },
{ "type": "Feature", "properties": { }, "geometry": { "type": "Polygon", "coordinates": [ [ [ 77.441694033212116, 23.238548251480985 ], [ 77.44170203321211, 23.238413951519789 ], [ 77.441612133212118, 23.238409351521121 ], [ 77.441604033212116, 23.238543651482324 ], [ 77.441694033212116, 23.238548251480985 ] ] ] } },
{ "type": "Feature", "properties": { }, "geometry": { "type": "Polygon", "coordinates": [ [ [ 77.440797133212115, 23.239885451094633 ], [ 77.440765533212101, 23.240007251059446 ], [ 77.440913733212128, 23.240002951060685 ], [ 77.440942633212117, 23.239929851081804 ], [ 77.440797133212115, 23.239885451094633 ] ] ] } },
{ "type": "Feature", "properties": { }, "geometry": { "type": "Polygon", "coordinates": [ [ [ 77.439729733212133, 23.238584751470441 ], [ 77.439854033212114, 23.238635451455789 ], [ 77.439885333212118, 23.238570651474515 ], [ 77.439761033212108, 23.238519951489163 ], [ 77.439729733212133, 23.238584751470441 ] ] ] } },
{ "type": "Feature", "properties": { }, "geometry": { "type": "Polygon", "coordinates": [ [ [ 77.440615033212111, 23.239929851081804 ], [ 77.440761933212116, 23.239969851070246 ], [ 77.440790233212113, 23.23988205109562 ], [ 77.440643433212117, 23.239842051107178 ], [ 77.440615033212111, 23.239929851081804 ] ] ] } },
{ "type": "Feature", "properties": { }, "geometry": { "type": "Polygon", "coordinates": [ [ [ 77.439515833212113, 23.241756850553898 ], [ 77.439619633212118, 23.24176095055272 ], [ 77.439622433212108, 23.24170135056994 ], [ 77.439518633212117, 23.241697250571125 ], [ 77.439515833212113, 23.241756850553898 ] ] ] } },
{ "type": "Feature", "properties": { }, "geometry": { "type": "Polygon", "coordinates": [ [ [ 77.440768433212114, 23.239419651229227 ], [ 77.440739333212107, 23.239493651207837 ], [ 77.44087843321212, 23.23953985119449 ], [ 77.440907533212126, 23.239465851215872 ], [ 77.440768433212114, 23.239419651229227 ] ] ] } },
{ "type": "Feature", "properties": { }, "geometry": { "type": "Polygon", "coordinates": [ [ [ 77.439541533212108, 23.239037551339614 ], [ 77.439669833212108, 23.239088951324767 ], [ 77.439697033212099, 23.239031651341325 ], [ 77.439568733212113, 23.238980151356202 ], [ 77.439541533212108, 23.239037551339614 ] ] ] } },
{ "type": "Feature", "properties": { }, "geometry": { "type": "Polygon", "coordinates": [ [ [ 77.44071463321211, 23.240382050951144 ], [ 77.440759533212102, 23.240450850931275 ], [ 77.440884233212117, 23.240382050951144 ], [ 77.440839433212133, 23.240313350971 ], [ 77.44071463321211, 23.240382050951144 ] ] ] } },
{ "type": "Feature", "properties": { }, "geometry": { "type": "Polygon", "coordinates": [ [ [ 77.43956293321213, 23.239492051208298 ], [ 77.439690533212115, 23.239542951193595 ], [ 77.43972133321212, 23.239477651212461 ], [ 77.439593733212106, 23.239426751227168 ], [ 77.43956293321213, 23.239492051208298 ] ] ] } },
{ "type": "Feature", "properties": { }, "geometry": { "type": "Polygon", "coordinates": [ [ [ 77.4410621332121, 23.239142751309227 ], [ 77.441186033212119, 23.2391826512977 ], [ 77.441229233212113, 23.239069251330459 ], [ 77.441105333212121, 23.239029351341987 ], [ 77.4410621332121, 23.239142751309227 ] ] ] } },
{ "type": "Feature", "properties": { }, "geometry": { "type": "Polygon", "coordinates": [ [ [ 77.439545133212107, 23.240179351009719 ], [ 77.439654933212125, 23.240211251000495 ], [ 77.439695033212104, 23.240094851034137 ], [ 77.439585233212114, 23.240062951043345 ], [ 77.439545133212107, 23.240179351009719 ] ] ] } },
{ "type": "Feature", "properties": { }, "geometry": { "type": "Polygon", "coordinates": [ [ [ 77.441177933212117, 23.24034045096316 ], [ 77.441286033212108, 23.240282350979953 ], [ 77.441229733212111, 23.240193951005494 ], [ 77.441121733212114, 23.240252050988705 ], [ 77.441177933212117, 23.24034045096316 ] ] ] } },
{ "type": "Feature", "properties": { }, "geometry": { "type": "Polygon", "coordinates": [ [ [ 77.440775933212109, 23.239412751231214 ], [ 77.44090613321211, 23.23945595121873 ], [ 77.440939633212125, 23.239370951243288 ], [ 77.44080943321211, 23.239327751255775 ], [ 77.440775933212109, 23.239412751231214 ] ] ] } },
{ "type": "Feature", "properties": { }, "geometry": { "type": "Polygon", "coordinates": [ [ [ 77.439378933212112, 23.239441651222865 ], [ 77.439530033212108, 23.239502351205324 ], [ 77.439563333212135, 23.239432451225522 ], [ 77.439412133212102, 23.239371751243059 ], [ 77.439378933212112, 23.239441651222865 ] ] ] } },
{ "type": "Feature", "properties": { }, "geometry": { "type": "Polygon", "coordinates": [ [ [ 77.440030333212121, 23.238968851359466 ], [ 77.440147733212129, 23.239011551347133 ], [ 77.440173833212114, 23.238950951364636 ], [ 77.440056433212121, 23.238908251376976 ], [ 77.440030333212121, 23.238968851359466 ] ] ] } },
{ "type": "Feature", "properties": { }, "geometry": { "type": "Polygon", "coordinates": [ [ [ 77.44061903321213, 23.240233250994144 ], [ 77.440668133212114, 23.240308350972441 ], [ 77.440793733212118, 23.240239150992441 ], [ 77.440744733212114, 23.240164051014137 ], [ 77.44061903321213, 23.240233250994144 ] ] ] } },
{ "type": "Feature", "properties": { }, "geometry": { "type": "Polygon", "coordinates": [ [ [ 77.439532433212122, 23.240170951012143 ], [ 77.439569433212114, 23.24006365104314 ], [ 77.439459333212127, 23.240031651052391 ], [ 77.439422433212115, 23.240138851021424 ], [ 77.439532433212122, 23.240170951012143 ] ] ] } },
{ "type": "Feature", "properties": { }, "geometry": { "type": "Polygon", "coordinates": [ [ [ 77.439346733212133, 23.239504551204686 ], [ 77.439494433212118, 23.239563851187558 ], [ 77.439521733212104, 23.23950635120417 ], [ 77.439374033212118, 23.23944715122127 ], [ 77.439346733212133, 23.239504551204686 ] ] ] } },
{ "type": "Feature", "properties": { }, "geometry": { "type": "Polygon", "coordinates": [ [ [ 77.441333533212116, 23.238548251480985 ], [ 77.441422933212095, 23.238548751480842 ], [ 77.441423633212111, 23.238422651517279 ], [ 77.441334233212118, 23.238422251517395 ], [ 77.441333533212116, 23.238548251480985 ] ] ] } },
{ "type": "Feature", "properties": { }, "geometry": { "type": "Polygon", "coordinates": [ [ [ 77.43978373321211, 23.238949251365131 ], [ 77.439904433212121, 23.238997251351261 ], [ 77.439933733212115, 23.238935051369232 ], [ 77.439813033212118, 23.238887051383106 ], [ 77.43978373321211, 23.238949251365131 ] ] ] } },
{ "type": "Feature", "properties": { }, "geometry": { "type": "Polygon", "coordinates": [ [ [ 77.440875233212097, 23.240284050979472 ], [ 77.441001033212117, 23.240216250999051 ], [ 77.440954333212133, 23.240142951020232 ], [ 77.440828533212112, 23.240210751000642 ], [ 77.440875233212097, 23.240284050979472 ] ] ] } },
{ "type": "Feature", "properties": { }, "geometry": { "type": "Polygon", "coordinates": [ [ [ 77.439294433212112, 23.241783450546215 ], [ 77.439390033212106, 23.241783650546157 ], [ 77.439390133212129, 23.241740250558696 ], [ 77.43929453321212, 23.241740050558757 ], [ 77.439294433212112, 23.241783450546215 ] ] ] } },
{ "type": "Feature", "properties": { }, "geometry": { "type": "Polygon", "coordinates": [ [ [ 77.441591933212109, 23.238543251482429 ], [ 77.441592733212119, 23.238416251519123 ], [ 77.44151803321212, 23.238415851519239 ], [ 77.441517233212124, 23.238542851482549 ], [ 77.441591933212109, 23.238543251482429 ] ] ] } },
{ "type": "Feature", "properties": { }, "geometry": { "type": "Polygon", "coordinates": [ [ [ 77.441211533212112, 23.240128851024306 ], [ 77.441334233212118, 23.240059851044244 ], [ 77.441280733212096, 23.239979551067446 ], [ 77.441158033212119, 23.240048551047508 ], [ 77.441211533212112, 23.240128851024306 ] ] ] } },
{ "type": "Feature", "properties": { }, "geometry": { "type": "Polygon", "coordinates": [ [ [ 77.441674533212108, 23.239008251348086 ], [ 77.441756533212114, 23.239011051347276 ], [ 77.441760333212116, 23.238917651374255 ], [ 77.44167833321211, 23.238914851375075 ], [ 77.441674533212108, 23.239008251348086 ] ] ] } },
{ "type": "Feature", "properties": { }, "geometry": { "type": "Polygon", "coordinates": [ [ [ 77.440881733212109, 23.23915245130642 ], [ 77.441010433212114, 23.239195251294049 ], [ 77.441036533212113, 23.239129051313181 ], [ 77.440907833212108, 23.239086251325546 ], [ 77.440881733212109, 23.23915245130642 ] ] ] } },
{ "type": "Feature", "properties": { }, "geometry": { "type": "Polygon", "coordinates": [ [ [ 77.440488833212115, 23.241227550706842 ], [ 77.44058203321211, 23.241254050699187 ], [ 77.440622333212119, 23.241134550733719 ], [ 77.440529033212115, 23.241108050741374 ], [ 77.440488833212115, 23.241227550706842 ] ] ] } },
{ "type": "Feature", "properties": { }, "geometry": { "type": "Polygon", "coordinates": [ [ [ 77.439414633212124, 23.241681750575605 ], [ 77.439411533212123, 23.241749250556094 ], [ 77.439506833212121, 23.241753050554998 ], [ 77.43951003321213, 23.241685450574533 ], [ 77.439414633212124, 23.241681750575605 ] ] ] } },
{ "type": "Feature", "properties": { }, "geometry": { "type": "Polygon", "coordinates": [ [ [ 77.441580633212112, 23.239004251349236 ], [ 77.441665433212108, 23.239007151348403 ], [ 77.441668833212134, 23.238923851372473 ], [ 77.441584033212109, 23.238920951373309 ], [ 77.441580633212112, 23.239004251349236 ] ] ] } },
{ "type": "Feature", "properties": { }, "geometry": { "type": "Polygon", "coordinates": [ [ [ 77.440932033212121, 23.238988951353662 ], [ 77.440898833212117, 23.239077151328178 ], [ 77.441043933212114, 23.239123351314827 ], [ 77.441077133212119, 23.23903515134031 ], [ 77.440932033212121, 23.238988951353662 ] ] ] } },
{ "type": "Feature", "properties": { }, "geometry": { "type": "Polygon", "coordinates": [ [ [ 77.439821433212117, 23.239510351203013 ], [ 77.439934133212105, 23.239551451191144 ], [ 77.439965633212111, 23.239478351212256 ], [ 77.439852933212094, 23.239437351224108 ], [ 77.439821433212117, 23.239510351203013 ] ] ] } },
{ "type": "Feature", "properties": { }, "geometry": { "type": "Polygon", "coordinates": [ [ [ 77.438527433212116, 23.239587451180732 ], [ 77.438476633212105, 23.239742351135984 ], [ 77.43857563321211, 23.239769751128069 ], [ 77.438626433212093, 23.239614851172824 ], [ 77.438527433212116, 23.239587451180732 ] ] ] } },
{ "type": "Feature", "properties": { }, "geometry": { "type": "Polygon", "coordinates": [ [ [ 77.439348433212118, 23.239954251074753 ], [ 77.439383133212118, 23.239838351108244 ], [ 77.439313933212119, 23.23982095111327 ], [ 77.439279233212119, 23.23993675107981 ], [ 77.439348433212118, 23.239954251074753 ] ] ] } },
{ "type": "Feature", "properties": { }, "geometry": { "type": "Polygon", "coordinates": [ [ [ 77.44135453321212, 23.239884051095039 ], [ 77.441380833212108, 23.239924151083457 ], [ 77.441481633212121, 23.239868551099519 ], [ 77.441455333212119, 23.239828451111109 ], [ 77.44135453321212, 23.239884051095039 ] ] ] } },
{ "type": "Feature", "properties": { }, "geometry": { "type": "Polygon", "coordinates": [ [ [ 77.439572633212109, 23.238973751358053 ], [ 77.439712233212134, 23.239029751341874 ], [ 77.439747033212115, 23.238956451363048 ], [ 77.439607533212111, 23.23890045137923 ], [ 77.439572633212109, 23.238973751358053 ] ] ] } },
{ "type": "Feature", "properties": { }, "geometry": { "type": "Polygon", "coordinates": [ [ [ 77.440759833212113, 23.240103451031647 ], [ 77.440815933212107, 23.240203051002869 ], [ 77.440956133212126, 23.240136251022168 ], [ 77.440900033212117, 23.240036751050916 ], [ 77.440759833212113, 23.240103451031647 ] ] ] } },
{ "type": "Feature", "properties": { }, "geometry": { "type": "Polygon", "coordinates": [ [ [ 77.439954233212106, 23.239587951180596 ], [ 77.440096533212113, 23.239635551166842 ], [ 77.440151333212114, 23.239497351206769 ], [ 77.440009033212121, 23.239449751220519 ], [ 77.439954233212106, 23.239587951180596 ] ] ] } },
{ "type": "Feature", "properties": { }, "geometry": { "type": "Polygon", "coordinates": [ [ [ 77.43979593321211, 23.239594151178803 ], [ 77.439907633212115, 23.23963485116704 ], [ 77.439930733212108, 23.239581251182532 ], [ 77.439819033212117, 23.23954065119425 ], [ 77.43979593321211, 23.239594151178803 ] ] ] } },
{ "type": "Feature", "properties": { }, "geometry": { "type": "Polygon", "coordinates": [ [ [ 77.441694233212104, 23.239934751080387 ], [ 77.441643333212113, 23.239861151101653 ], [ 77.441563233212094, 23.239907951088128 ], [ 77.441614233212121, 23.239981551066869 ], [ 77.441694233212104, 23.239934751080387 ] ] ] } },
{ "type": "Feature", "properties": { }, "geometry": { "type": "Polygon", "coordinates": [ [ [ 77.441131333212127, 23.238545351481822 ], [ 77.441244933212104, 23.238535851484567 ], [ 77.441244933212104, 23.23842925151537 ], [ 77.441162833212118, 23.23842645151618 ], [ 77.441131333212127, 23.238545351481822 ] ] ] } },
{ "type": "Feature", "properties": { }, "geometry": { "type": "Polygon", "coordinates": [ [ [ 77.441584633212116, 23.23975305113289 ], [ 77.441607233212125, 23.239783651124046 ], [ 77.44168773321212, 23.239733651138494 ], [ 77.44166523321212, 23.239703051147337 ], [ 77.441584633212116, 23.23975305113289 ] ] ] } },
{ "type": "Feature", "properties": { }, "geometry": { "type": "Polygon", "coordinates": [ [ [ 77.439313133212124, 23.239592051179404 ], [ 77.439274233212103, 23.239672951156031 ], [ 77.439408933212107, 23.239727751140201 ], [ 77.439447933212108, 23.23964685116357 ], [ 77.439313133212124, 23.239592051179404 ] ] ] } },
{ "type": "Feature", "properties": { }, "geometry": { "type": "Polygon", "coordinates": [ [ [ 77.44166013321211, 23.238913951375331 ], [ 77.441746233212129, 23.238913651375416 ], [ 77.441745633212093, 23.238775251415401 ], [ 77.441659433212109, 23.238775651415288 ], [ 77.44166013321211, 23.238913951375331 ] ] ] } },
{ "type": "Feature", "properties": { }, "geometry": { "type": "Polygon", "coordinates": [ [ [ 77.439317233212094, 23.240146851019109 ], [ 77.439404733212115, 23.240172351011736 ], [ 77.439456033212124, 23.240023651054699 ], [ 77.43936843321211, 23.239998151062068 ], [ 77.439317233212094, 23.240146851019109 ] ] ] } },
{ "type": "Feature", "properties": { }, "geometry": { "type": "Polygon", "coordinates": [ [ [ 77.439878433212115, 23.23933915125248 ], [ 77.439989033212115, 23.239379351240864 ], [ 77.440014933212112, 23.239319251258227 ], [ 77.439904333212098, 23.239279051269843 ], [ 77.439878433212115, 23.23933915125248 ] ] ] } },
{ "type": "Feature", "properties": { }, "geometry": { "type": "Polygon", "coordinates": [ [ [ 77.44156733321212, 23.239895451091741 ], [ 77.441638533212128, 23.239853751103794 ], [ 77.44159933321211, 23.239797051120181 ], [ 77.441528133212117, 23.239838651108155 ], [ 77.44156733321212, 23.239895451091741 ] ] ] } },
{ "type": "Feature", "properties": { }, "geometry": { "type": "Polygon", "coordinates": [ [ [ 77.438558633212111, 23.239529851197378 ], [ 77.43875763321212, 23.239581751182385 ], [ 77.438794633212126, 23.239462051216972 ], [ 77.438595633212117, 23.239410051231992 ], [ 77.438558633212111, 23.239529851197378 ] ] ] } },
{ "type": "Feature", "properties": { }, "geometry": { "type": "Polygon", "coordinates": [ [ [ 77.440933533212103, 23.239475651213038 ], [ 77.441072333212119, 23.239523951199082 ], [ 77.441094733212111, 23.239469751214745 ], [ 77.440955833212115, 23.239421451228697 ], [ 77.440933533212103, 23.239475651213038 ] ] ] } },
{ "type": "Feature", "properties": { }, "geometry": { "type": "Polygon", "coordinates": [ [ [ 77.44119313321211, 23.240534250907171 ], [ 77.441133033212111, 23.240566350897893 ], [ 77.441203633212112, 23.240678050865622 ], [ 77.441263733212111, 23.240645950874889 ], [ 77.44119313321211, 23.240534250907171 ] ] ] } },
{ "type": "Feature", "properties": { }, "geometry": { "type": "Polygon", "coordinates": [ [ [ 77.441129733212108, 23.238964151360829 ], [ 77.441257133212119, 23.239001751349964 ], [ 77.441279833212121, 23.238936751368744 ], [ 77.44115243321211, 23.238899151379602 ], [ 77.441129733212108, 23.238964151360829 ] ] ] } },
{ "type": "Feature", "properties": { }, "geometry": { "type": "Polygon", "coordinates": [ [ [ 77.439971633212124, 23.23912495131437 ], [ 77.44008773321211, 23.239167251302145 ], [ 77.44012083321212, 23.239090451324333 ], [ 77.44000473321212, 23.239048251336527 ], [ 77.439971633212124, 23.23912495131437 ] ] ] } },
{ "type": "Feature", "properties": { }, "geometry": { "type": "Polygon", "coordinates": [ [ [ 77.439719833212123, 23.239764551129564 ], [ 77.439688433212112, 23.23984515110628 ], [ 77.43982323321211, 23.239889551093448 ], [ 77.439854633212121, 23.239808951116743 ], [ 77.439719833212123, 23.239764551129564 ] ] ] } },
{ "type": "Feature", "properties": { }, "geometry": { "type": "Polygon", "coordinates": [ [ [ 77.441362633212123, 23.240363050956635 ], [ 77.441487833212108, 23.240292450977041 ], [ 77.441446833212126, 23.240231150994749 ], [ 77.441321733212106, 23.240301750974353 ], [ 77.441362633212123, 23.240363050956635 ] ] ] } },
{ "type": "Feature", "properties": { }, "geometry": { "type": "Polygon", "coordinates": [ [ [ 77.439891433212111, 23.239268451272906 ], [ 77.440021333212101, 23.239315751259241 ], [ 77.440043333212131, 23.239264551274029 ], [ 77.439913433212112, 23.239217251287702 ], [ 77.439891433212111, 23.239268451272906 ] ] ] } },
{ "type": "Feature", "properties": { }, "geometry": { "type": "Polygon", "coordinates": [ [ [ 77.440684833212117, 23.239746251134857 ], [ 77.440818233212113, 23.239790551122056 ], [ 77.440848133212114, 23.239714551144012 ], [ 77.440714733212118, 23.23967015115684 ], [ 77.440684833212117, 23.239746251134857 ] ] ] } },
{ "type": "Feature", "properties": { }, "geometry": { "type": "Polygon", "coordinates": [ [ [ 77.441426933212114, 23.240004951060111 ], [ 77.441470233212115, 23.240067351042079 ], [ 77.441569633212097, 23.240009151058896 ], [ 77.44152633321211, 23.239946751076921 ], [ 77.441426933212114, 23.240004951060111 ] ] ] } },
{ "type": "Feature", "properties": { }, "geometry": { "type": "Polygon", "coordinates": [ [ [ 77.4409563332121, 23.239412451231299 ], [ 77.44110193321211, 23.239463151216654 ], [ 77.441123333212133, 23.239411151231675 ], [ 77.440977733212108, 23.239360551246296 ], [ 77.4409563332121, 23.239412451231299 ] ] ] } },
{ "type": "Feature", "properties": { }, "geometry": { "type": "Polygon", "coordinates": [ [ [ 77.439925733212121, 23.239215251288279 ], [ 77.440042633212101, 23.239257851275966 ], [ 77.440080633212119, 23.239169651301456 ], [ 77.43996373321211, 23.239127151313728 ], [ 77.439925733212121, 23.239215251288279 ] ] ] } },
{ "type": "Feature", "properties": { }, "geometry": { "type": "Polygon", "coordinates": [ [ [ 77.439507433212114, 23.241802750540636 ], [ 77.439604733212136, 23.241809550538669 ], [ 77.439607733212114, 23.241773250549162 ], [ 77.4395591332121, 23.241769850550142 ], [ 77.439510433212135, 23.241766450551129 ], [ 77.439507433212114, 23.241802750540636 ] ] ] } },
{ "type": "Feature", "properties": { }, "geometry": { "type": "Polygon", "coordinates": [ [ [ 77.441190733212096, 23.240352550959678 ], [ 77.441238733212117, 23.2404244509389 ], [ 77.441352533212125, 23.240360350957417 ], [ 77.441304433212096, 23.240288350978222 ], [ 77.441190733212096, 23.240352550959678 ] ] ] } },
{ "type": "Feature", "properties": { }, "geometry": { "type": "Polygon", "coordinates": [ [ [ 77.439870033212117, 23.240099451032798 ], [ 77.439945733212099, 23.240120451026737 ], [ 77.439981233212109, 23.240012651057881 ], [ 77.439905633212106, 23.239991651063949 ], [ 77.439870033212117, 23.240099451032798 ] ] ] } },
{ "type": "Feature", "properties": { }, "geometry": { "type": "Polygon", "coordinates": [ [ [ 77.43976913321211, 23.240234950993649 ], [ 77.43980733321213, 23.240117251027659 ], [ 77.439704933212113, 23.240089251035752 ], [ 77.439666733212135, 23.240206851001769 ], [ 77.43976913321211, 23.240234950993649 ] ] ] } },
{ "type": "Feature", "properties": { }, "geometry": { "type": "Polygon", "coordinates": [ [ [ 77.440992933212115, 23.240457850929246 ], [ 77.441035733212118, 23.2405251509098 ], [ 77.441142433212107, 23.240467750926381 ], [ 77.441099633212119, 23.240400450945831 ], [ 77.440992933212115, 23.240457850929246 ] ] ] } },
{ "type": "Feature", "properties": { }, "geometry": { "type": "Polygon", "coordinates": [ [ [ 77.441283033212116, 23.239788451122664 ], [ 77.441322233212119, 23.239847251105669 ], [ 77.441424933212119, 23.239789451122373 ], [ 77.441385733212115, 23.239730651139361 ], [ 77.441283033212116, 23.239788451122664 ] ] ] } },
{ "type": "Feature", "properties": { }, "geometry": { "type": "Polygon", "coordinates": [ [ [ 77.440812233212114, 23.239325251256496 ], [ 77.440941533212097, 23.239368251244066 ], [ 77.440973633212124, 23.239286551267671 ], [ 77.440844333212098, 23.23924365128007 ], [ 77.440812233212114, 23.239325251256496 ] ] ] } },
{ "type": "Feature", "properties": { }, "geometry": { "type": "Polygon", "coordinates": [ [ [ 77.439473433212115, 23.239204451291393 ], [ 77.43960803321211, 23.239258551275768 ], [ 77.439652433212103, 23.239165051302781 ], [ 77.439517833212108, 23.239111051318382 ], [ 77.439473433212115, 23.239204451291393 ] ] ] } },
{ "type": "Feature", "properties": { }, "geometry": { "type": "Polygon", "coordinates": [ [ [ 77.441318133212121, 23.240285950978915 ], [ 77.441438133212117, 23.240218350998447 ], [ 77.441395233212106, 23.240154151017002 ], [ 77.44127523321211, 23.240221750997467 ], [ 77.441318133212121, 23.240285950978915 ] ] ] } },
{ "type": "Feature", "properties": { }, "geometry": { "type": "Polygon", "coordinates": [ [ [ 77.441221433212121, 23.238661851448171 ], [ 77.441227533212128, 23.238546651481453 ], [ 77.441138133212121, 23.238553851479374 ], [ 77.44110193321211, 23.238660451448574 ], [ 77.441221433212121, 23.238661851448171 ] ] ] } },
{ "type": "Feature", "properties": { }, "geometry": { "type": "Polygon", "coordinates": [ [ [ 77.440870933212111, 23.240295950976023 ], [ 77.440912433212119, 23.240361250957161 ], [ 77.441041233212104, 23.240291950977188 ], [ 77.440999633212115, 23.240226750996019 ], [ 77.440870933212111, 23.240295950976023 ] ] ] } },
{ "type": "Feature", "properties": { }, "geometry": { "type": "Polygon", "coordinates": [ [ [ 77.439396533212133, 23.24178955054445 ], [ 77.439500433212118, 23.241795050542862 ], [ 77.439502833212131, 23.2417575505537 ], [ 77.439398833212095, 23.241752050555291 ], [ 77.439396533212133, 23.24178955054445 ] ] ] } },
{ "type": "Feature", "properties": { }, "geometry": { "type": "Polygon", "coordinates": [ [ [ 77.44013153321211, 23.238744551424276 ], [ 77.440248133212108, 23.238786951412028 ], [ 77.440285833212116, 23.238699551437271 ], [ 77.440169233212103, 23.238657151449523 ], [ 77.44013153321211, 23.238744551424276 ] ] ] } },
{ "type": "Feature", "properties": { }, "geometry": { "type": "Polygon", "coordinates": [ [ [ 77.439786533212128, 23.240255950987578 ], [ 77.43987093321212, 23.240278550981049 ], [ 77.439908433212111, 23.240160251015237 ], [ 77.439824133212113, 23.240137651021762 ], [ 77.439786533212128, 23.240255950987578 ] ] ] } },
{ "type": "Feature", "properties": { }, "geometry": { "type": "Polygon", "coordinates": [ [ [ 77.438892533212112, 23.239631151168116 ], [ 77.439021333212125, 23.239664751158404 ], [ 77.43906443321211, 23.239525151198738 ], [ 77.438935733212134, 23.239491551208445 ], [ 77.438892533212112, 23.239631151168116 ] ] ] } },
{ "type": "Feature", "properties": { }, "geometry": { "type": "Polygon", "coordinates": [ [ [ 77.44084133321212, 23.2392383512816 ], [ 77.44097483321211, 23.239282751268775 ], [ 77.441007633212109, 23.239199251292899 ], [ 77.440874233212114, 23.2391549513057 ], [ 77.44084133321212, 23.2392383512816 ] ] ] } },
{ "type": "Feature", "properties": { }, "geometry": { "type": "Polygon", "coordinates": [ [ [ 77.4392429332121, 23.241712450566727 ], [ 77.439294933212111, 23.241712150566816 ], [ 77.43929453321212, 23.241669650579095 ], [ 77.439242633212118, 23.241670050578985 ], [ 77.4392429332121, 23.241712450566727 ] ] ] } },
{ "type": "Feature", "properties": { }, "geometry": { "type": "Polygon", "coordinates": [ [ [ 77.440096833212095, 23.239211151289464 ], [ 77.44005573321212, 23.239318651258401 ], [ 77.440213933212121, 23.239369851243609 ], [ 77.440255133212119, 23.239262351274668 ], [ 77.440096833212095, 23.239211151289464 ] ] ] } },
{ "type": "Feature", "properties": { }, "geometry": { "type": "Polygon", "coordinates": [ [ [ 77.441413333212097, 23.238651151451258 ], [ 77.441489833212117, 23.238653151450681 ], [ 77.441492833212109, 23.238555051479022 ], [ 77.441416333212118, 23.238553051479602 ], [ 77.441413333212097, 23.238651151451258 ] ] ] } },
{ "type": "Feature", "properties": { }, "geometry": { "type": "Polygon", "coordinates": [ [ [ 77.439593333212102, 23.239424251227888 ], [ 77.4397245332121, 23.239476451212809 ], [ 77.439768333212115, 23.239383651239621 ], [ 77.439637033212122, 23.239331451254699 ], [ 77.439593333212102, 23.239424251227888 ] ] ] } },
{ "type": "Feature", "properties": { }, "geometry": { "type": "Polygon", "coordinates": [ [ [ 77.438836633212119, 23.239807251117227 ], [ 77.438959633212107, 23.239841251107411 ], [ 77.439003933212121, 23.23970605114647 ], [ 77.438881033212112, 23.239671951156321 ], [ 77.438836633212119, 23.239807251117227 ] ] ] } },
{ "type": "Feature", "properties": { }, "geometry": { "type": "Polygon", "coordinates": [ [ [ 77.439355733212111, 23.239964551071782 ], [ 77.439434633212116, 23.239984551066009 ], [ 77.439473133212118, 23.239856051103132 ], [ 77.439394133212119, 23.239836151108875 ], [ 77.439355733212111, 23.239964551071782 ] ] ] } },
{ "type": "Feature", "properties": { }, "geometry": { "type": "Polygon", "coordinates": [ [ [ 77.439861433212116, 23.239849451105037 ], [ 77.440003333212118, 23.239897351091198 ], [ 77.4400534332121, 23.239771951127427 ], [ 77.439911533212126, 23.23972405114127 ], [ 77.439861433212116, 23.239849451105037 ] ] ] } },
{ "type": "Feature", "properties": { }, "geometry": { "type": "Polygon", "coordinates": [ [ [ 77.440156333212116, 23.239083051326475 ], [ 77.440110933212097, 23.239204651291345 ], [ 77.440271433212118, 23.239255151276744 ], [ 77.440316833212108, 23.23913365131185 ], [ 77.440156333212116, 23.239083051326475 ] ] ] } },
{ "type": "Feature", "properties": { }, "geometry": { "type": "Polygon", "coordinates": [ [ [ 77.439720233212128, 23.239754751132399 ], [ 77.439851333212104, 23.239802451118614 ], [ 77.439885133212101, 23.23972405114127 ], [ 77.439754033212097, 23.239676251155078 ], [ 77.439720233212128, 23.239754751132399 ] ] ] } },
{ "type": "Feature", "properties": { }, "geometry": { "type": "Polygon", "coordinates": [ [ [ 77.439635533212098, 23.239324451256728 ], [ 77.439767333212103, 23.239376851241587 ], [ 77.439802533212116, 23.239302251263137 ], [ 77.439670633212131, 23.239249851278284 ], [ 77.439635533212098, 23.239324451256728 ] ] ] } },
{ "type": "Feature", "properties": { }, "geometry": { "type": "Polygon", "coordinates": [ [ [ 77.440007033212112, 23.239446251221537 ], [ 77.440148033212111, 23.239493251207954 ], [ 77.440194533212107, 23.239375251242048 ], [ 77.4400534332121, 23.239328351255601 ], [ 77.440007033212112, 23.239446251221537 ] ] ] } },
{ "type": "Feature", "properties": { }, "geometry": { "type": "Polygon", "coordinates": [ [ [ 77.440802433212113, 23.239873151098188 ], [ 77.440930533212111, 23.23990825108805 ], [ 77.440956133212126, 23.239829351110846 ], [ 77.440828133212108, 23.239794251120991 ], [ 77.440802433212113, 23.239873151098188 ] ] ] } },
{ "type": "Feature", "properties": { }, "geometry": { "type": "Polygon", "coordinates": [ [ [ 77.438691233212111, 23.239782251124453 ], [ 77.438731433212112, 23.239659551159907 ], [ 77.438626733212118, 23.239630551168279 ], [ 77.438586533212117, 23.239753251132832 ], [ 77.438691233212111, 23.239782251124453 ] ] ] } },
{ "type": "Feature", "properties": { }, "geometry": { "type": "Polygon", "coordinates": [ [ [ 77.440651933212109, 23.239827551111361 ], [ 77.440784733212112, 23.239870651098904 ], [ 77.440813933212112, 23.239794651120871 ], [ 77.440681133212095, 23.239751551133324 ], [ 77.440651933212109, 23.239827551111361 ] ] ] } },
{ "type": "Feature", "properties": { }, "geometry": { "type": "Polygon", "coordinates": [ [ [ 77.44153543321211, 23.239681351153603 ], [ 77.441555033212111, 23.239707851145948 ], [ 77.441637433212108, 23.239656751160716 ], [ 77.441617933212115, 23.239630151168402 ], [ 77.44153543321211, 23.239681351153603 ] ] ] } },
{ "type": "Feature", "properties": { }, "geometry": { "type": "Polygon", "coordinates": [ [ [ 77.440989933212109, 23.239358551246873 ], [ 77.441123833212117, 23.239405151233409 ], [ 77.441145433212114, 23.239352651248581 ], [ 77.441011533212119, 23.239306051262041 ], [ 77.440989933212109, 23.239358551246873 ] ] ] } },
{ "type": "Feature", "properties": { }, "geometry": { "type": "Polygon", "coordinates": [ [ [ 77.439959233212107, 23.239618851171667 ], [ 77.439917933212129, 23.239722251141796 ], [ 77.440049733212135, 23.239766751128929 ], [ 77.440091033212113, 23.239663251158838 ], [ 77.439959233212107, 23.239618851171667 ] ] ] } },
{ "type": "Feature", "properties": { }, "geometry": { "type": "Polygon", "coordinates": [ [ [ 77.439762133212099, 23.239672151156263 ], [ 77.439883633212119, 23.239716351143489 ], [ 77.439912933212099, 23.239648451163113 ], [ 77.439791433212108, 23.239604151175907 ], [ 77.439762133212099, 23.239672151156263 ] ] ] } },
{ "type": "Feature", "properties": { }, "geometry": { "type": "Polygon", "coordinates": [ [ [ 77.439527033212102, 23.239555951189839 ], [ 77.43965183321211, 23.239605851175419 ], [ 77.439681733212097, 23.23954265119368 ], [ 77.439556933212131, 23.2394927512081 ], [ 77.439527033212102, 23.239555951189839 ] ] ] } },
{ "type": "Feature", "properties": { }, "geometry": { "type": "Polygon", "coordinates": [ [ [ 77.439501933212114, 23.24000515106005 ], [ 77.439542133212129, 23.239880051096193 ], [ 77.439479333212134, 23.239863051101107 ], [ 77.439439133212119, 23.23998815106496 ], [ 77.439501933212114, 23.24000515106005 ] ] ] } },
{ "type": "Feature", "properties": { }, "geometry": { "type": "Polygon", "coordinates": [ [ [ 77.439513633212115, 23.23909915132182 ], [ 77.439634333212112, 23.239147551307834 ], [ 77.43966053321212, 23.239092351323791 ], [ 77.439539933212103, 23.239043951337766 ], [ 77.439513633212115, 23.23909915132182 ] ] ] } },
{ "type": "Feature", "properties": { }, "geometry": { "type": "Polygon", "coordinates": [ [ [ 77.44164673321211, 23.239856851102903 ], [ 77.441730833212105, 23.239807551117142 ], [ 77.441713633212117, 23.239782751124309 ], [ 77.441629533212094, 23.239832051110064 ], [ 77.44164673321211, 23.239856851102903 ] ] ] } },
{ "type": "Feature", "properties": { }, "geometry": { "type": "Polygon", "coordinates": [ [ [ 77.441265133212113, 23.240218150998508 ], [ 77.441393533212135, 23.240145851019395 ], [ 77.441342233212097, 23.240069051041583 ], [ 77.441213933212126, 23.240141451020669 ], [ 77.441265133212113, 23.240218150998508 ] ] ] } },
{ "type": "Feature", "properties": { }, "geometry": { "type": "Polygon", "coordinates": [ [ [ 77.440201733212106, 23.23894125136745 ], [ 77.440351433212115, 23.238995151351865 ], [ 77.440406133212122, 23.238867151388849 ], [ 77.440256433212113, 23.238813151404454 ], [ 77.440201733212106, 23.23894125136745 ] ] ] } },
{ "type": "Feature", "properties": { }, "geometry": { "type": "Polygon", "coordinates": [ [ [ 77.438369033212112, 23.239692751150312 ], [ 77.438479133212113, 23.239721451142014 ], [ 77.438516433212115, 23.239600551176952 ], [ 77.438406333212114, 23.239571851185246 ], [ 77.438369033212112, 23.239692751150312 ] ] ] } },
{ "type": "Feature", "properties": { }, "geometry": { "type": "Polygon", "coordinates": [ [ [ 77.439489733212113, 23.239652151162037 ], [ 77.439632733212093, 23.239703051147337 ], [ 77.439667133212112, 23.23962125117097 ], [ 77.439524133212117, 23.239570351185677 ], [ 77.439489733212113, 23.239652151162037 ] ] ] } },
{ "type": "Feature", "properties": { }, "geometry": { "type": "Polygon", "coordinates": [ [ [ 77.44147303321212, 23.239752451133068 ], [ 77.441526733212115, 23.239829951110668 ], [ 77.441601033212109, 23.239786551123213 ], [ 77.441547333212128, 23.239708951145634 ], [ 77.44147303321212, 23.239752451133068 ] ] ] } },
{ "type": "Feature", "properties": { }, "geometry": { "type": "Polygon", "coordinates": [ [ [ 77.440924833212122, 23.239544851193045 ], [ 77.441038833212104, 23.239585551181285 ], [ 77.441059933212131, 23.239535651195702 ], [ 77.44094593321212, 23.239495051207438 ], [ 77.440924833212122, 23.239544851193045 ] ] ] } },
{ "type": "Feature", "properties": { }, "geometry": { "type": "Polygon", "coordinates": [ [ [ 77.440619633212108, 23.240227550995787 ], [ 77.440737733212117, 23.240162451014601 ], [ 77.440675933212106, 23.240067651041993 ], [ 77.440557733212131, 23.240132751023182 ], [ 77.440619633212108, 23.240227550995787 ] ] ] } },
{ "type": "Feature", "properties": { }, "geometry": { "type": "Polygon", "coordinates": [ [ [ 77.440069933212101, 23.238887451382986 ], [ 77.4401659332121, 23.238922451372876 ], [ 77.440196633212111, 23.238851151393472 ], [ 77.440100633212111, 23.238816151403586 ], [ 77.440069933212101, 23.238887451382986 ] ] ] } },
{ "type": "Feature", "properties": { }, "geometry": { "type": "Polygon", "coordinates": [ [ [ 77.439842633212109, 23.238797451408988 ], [ 77.439971433212094, 23.238837351397464 ], [ 77.439997033212109, 23.238767651417604 ], [ 77.43986823321211, 23.238727751429128 ], [ 77.439842633212109, 23.238797451408988 ] ] ] } },
{ "type": "Feature", "properties": { }, "geometry": { "type": "Polygon", "coordinates": [ [ [ 77.439514633212113, 23.24001625105684 ], [ 77.439605033212104, 23.240040951049711 ], [ 77.439648633212116, 23.239905951088712 ], [ 77.439558233212111, 23.239881351095821 ], [ 77.439514633212113, 23.24001625105684 ] ] ] } },
{ "type": "Feature", "properties": { }, "geometry": { "type": "Polygon", "coordinates": [ [ [ 77.44140713321211, 23.239662251159128 ], [ 77.441468133212112, 23.239750351133672 ], [ 77.441543933212103, 23.23970605114647 ], [ 77.441482933212114, 23.239617951171926 ], [ 77.44140713321211, 23.239662251159128 ] ] ] } },
{ "type": "Feature", "properties": { }, "geometry": { "type": "Polygon", "coordinates": [ [ [ 77.44087693321211, 23.239636151166668 ], [ 77.441021433212128, 23.239684751152623 ], [ 77.441052133212111, 23.239607651174897 ], [ 77.44090763321212, 23.239559051188944 ], [ 77.44087693321211, 23.239636151166668 ] ] ] } },
{ "type": "Feature", "properties": { }, "geometry": { "type": "Polygon", "coordinates": [ [ [ 77.439282933212112, 23.24177645054824 ], [ 77.439281633212133, 23.241730850561414 ], [ 77.43923893321211, 23.241731950561093 ], [ 77.439240333212112, 23.241777550547919 ], [ 77.439282933212112, 23.24177645054824 ] ] ] } },
{ "type": "Feature", "properties": { }, "geometry": { "type": "Polygon", "coordinates": [ [ [ 77.439877033212099, 23.238645351452934 ], [ 77.439937633212111, 23.238667651446494 ], [ 77.439968433212115, 23.238597151466866 ], [ 77.439907833212132, 23.238574751473337 ], [ 77.439877033212099, 23.238645351452934 ] ] ] } },
{ "type": "Feature", "properties": { }, "geometry": { "type": "Polygon", "coordinates": [ [ [ 77.440824633212102, 23.240542250904863 ], [ 77.440874233212114, 23.2406182508829 ], [ 77.441000933212109, 23.24054845090307 ], [ 77.440951333212112, 23.240472450925029 ], [ 77.440824633212102, 23.240542250904863 ] ] ] } },
{ "type": "Feature", "properties": { }, "geometry": { "type": "Polygon", "coordinates": [ [ [ 77.439618633212106, 23.240024851054365 ], [ 77.439694333212117, 23.240045251048464 ], [ 77.439726533212109, 23.239944151077676 ], [ 77.439650833212113, 23.239923851083542 ], [ 77.439618633212106, 23.240024851054365 ] ] ] } },
{ "type": "Feature", "properties": { }, "geometry": { "type": "Polygon", "coordinates": [ [ [ 77.440983533212133, 23.24045295093066 ], [ 77.441087633212121, 23.240396950946845 ], [ 77.441035833212126, 23.240315550970362 ], [ 77.440931633212131, 23.240371550954183 ], [ 77.440983533212133, 23.24045295093066 ] ] ] } },
{ "type": "Feature", "properties": { }, "geometry": { "type": "Polygon", "coordinates": [ [ [ 77.439838233212129, 23.238797751408903 ], [ 77.439814633212109, 23.238855651392171 ], [ 77.439936733212107, 23.238897751380012 ], [ 77.439960333212127, 23.238839851396737 ], [ 77.439838233212129, 23.238797751408903 ] ] ] } },
{ "type": "Feature", "properties": { }, "geometry": { "type": "Polygon", "coordinates": [ [ [ 77.439703933212115, 23.23915195130656 ], [ 77.439817533212121, 23.239197151293506 ], [ 77.439865233212132, 23.239095851322773 ], [ 77.439751633212097, 23.239050751335814 ], [ 77.439703933212115, 23.23915195130656 ] ] ] } },
{ "type": "Feature", "properties": { }, "geometry": { "type": "Polygon", "coordinates": [ [ [ 77.441538033212126, 23.240504050915899 ], [ 77.441590533212107, 23.240477750923496 ], [ 77.441522833212133, 23.24036375095644 ], [ 77.441470333212123, 23.240390050948832 ], [ 77.441538033212126, 23.240504050915899 ] ] ] } },
{ "type": "Feature", "properties": { }, "geometry": { "type": "Polygon", "coordinates": [ [ [ 77.440768233212111, 23.24046405092745 ], [ 77.4408153332121, 23.240536150906621 ], [ 77.440940633212108, 23.240467150926559 ], [ 77.440893533212105, 23.240394950947419 ], [ 77.440768233212111, 23.24046405092745 ] ] ] } },
{ "type": "Feature", "properties": { }, "geometry": { "type": "Polygon", "coordinates": [ [ [ 77.438774533212111, 23.239590851179752 ], [ 77.438879833212113, 23.239618251171841 ], [ 77.438918033212119, 23.239494651207551 ], [ 77.438812733212117, 23.239467251215469 ], [ 77.438774533212111, 23.239590851179752 ] ] ] } },
{ "type": "Feature", "properties": { }, "geometry": { "type": "Polygon", "coordinates": [ [ [ 77.441560533212112, 23.238894851380845 ], [ 77.441650233212115, 23.238897851379981 ], [ 77.441654933212121, 23.238777051414885 ], [ 77.441565233212117, 23.238774051415749 ], [ 77.441560533212112, 23.238894851380845 ] ] ] } },
{ "type": "Feature", "properties": { }, "geometry": { "type": "Polygon", "coordinates": [ [ [ 77.441251033212112, 23.240502250916418 ], [ 77.441198033212117, 23.240530750908178 ], [ 77.441272433212134, 23.240647550874431 ], [ 77.441325533212122, 23.240618950882695 ], [ 77.441251033212112, 23.240502250916418 ] ] ] } },
{ "type": "Feature", "properties": { }, "geometry": { "type": "Polygon", "coordinates": [ [ [ 77.439179433212104, 23.239868951099407 ], [ 77.439273933212121, 23.239895451091741 ], [ 77.439303533212112, 23.239806451117463 ], [ 77.439208933212129, 23.239779951125115 ], [ 77.439179433212104, 23.239868951099407 ] ] ] } },
{ "type": "Feature", "properties": { }, "geometry": { "type": "Polygon", "coordinates": [ [ [ 77.439110033212117, 23.240075451039736 ], [ 77.43921283321211, 23.240105351031094 ], [ 77.439273733212119, 23.239928551082183 ], [ 77.439170933212097, 23.239898651090819 ], [ 77.439110033212117, 23.240075451039736 ] ] ] } },
{ "type": "Feature", "properties": { }, "geometry": { "type": "Polygon", "coordinates": [ [ [ 77.4412658332121, 23.240512050913583 ], [ 77.441353133212118, 23.240650050873707 ], [ 77.441550233212112, 23.240544650904166 ], [ 77.441462933212108, 23.240406750944004 ], [ 77.4412658332121, 23.240512050913583 ] ] ] } },
{ "type": "Feature", "properties": { }, "geometry": { "type": "Polygon", "coordinates": [ [ [ 77.441634633212132, 23.23982245111284 ], [ 77.441712533212112, 23.239776651126071 ], [ 77.441688333212113, 23.23974185113612 ], [ 77.441610433212119, 23.239787751122869 ], [ 77.441634633212132, 23.23982245111284 ] ] ] } },
{ "type": "Feature", "properties": { }, "geometry": { "type": "Polygon", "coordinates": [ [ [ 77.441260433212108, 23.238539051483645 ], [ 77.441330533212096, 23.238539351483563 ], [ 77.441331133212131, 23.23842695151604 ], [ 77.441261133212109, 23.238426551516149 ], [ 77.441260433212108, 23.238539051483645 ] ] ] } },
{ "type": "Feature", "properties": { }, "geometry": { "type": "Polygon", "coordinates": [ [ [ 77.43975293321212, 23.239019451344845 ], [ 77.439842533212115, 23.23905355133499 ], [ 77.439871933212117, 23.238988151353894 ], [ 77.439782333212108, 23.238954051363745 ], [ 77.43975293321212, 23.239019451344845 ] ] ] } },
{ "type": "Feature", "properties": { }, "geometry": { "type": "Polygon", "coordinates": [ [ [ 77.441558533212117, 23.239708651145715 ], [ 77.441586733212119, 23.239746951134649 ], [ 77.441666833212111, 23.239697251149014 ], [ 77.441638633212108, 23.239658951160074 ], [ 77.441558533212117, 23.239708651145715 ] ] ] } },
{ "type": "Feature", "properties": { }, "geometry": { "type": "Polygon", "coordinates": [ [ [ 77.441368933212118, 23.239601251176744 ], [ 77.441404033212095, 23.239651951162095 ], [ 77.441482233212128, 23.239606251175303 ], [ 77.441447133212108, 23.239555551189955 ], [ 77.441368933212118, 23.239601251176744 ] ] ] } },
{ "type": "Feature", "properties": { }, "geometry": { "type": "Polygon", "coordinates": [ [ [ 77.439456033212124, 23.239275951270741 ], [ 77.439582533212103, 23.239326751256058 ], [ 77.439612233212102, 23.239264251274115 ], [ 77.439485733212109, 23.239213451288794 ], [ 77.439456033212124, 23.239275951270741 ] ] ] } },
{ "type": "Feature", "properties": { }, "geometry": { "type": "Polygon", "coordinates": [ [ [ 77.440096633212121, 23.238805551406649 ], [ 77.440209433212118, 23.238846551394804 ], [ 77.440233533212108, 23.238790751410924 ], [ 77.440120633212118, 23.238749651422797 ], [ 77.440096633212121, 23.238805551406649 ] ] ] } },
{ "type": "Feature", "properties": { }, "geometry": { "type": "Polygon", "coordinates": [ [ [ 77.439661733212105, 23.239240051281108 ], [ 77.439792333212111, 23.239291951266118 ], [ 77.439830633212111, 23.239210451289665 ], [ 77.439700033212119, 23.239158551304662 ], [ 77.439661733212105, 23.239240051281108 ] ] ] } },
{ "type": "Feature", "properties": { }, "geometry": { "type": "Polygon", "coordinates": [ [ [ 77.441541333212129, 23.239666251157967 ], [ 77.441612633212102, 23.239620451171206 ], [ 77.441587533212115, 23.239587451180732 ], [ 77.441516233212099, 23.239633151167531 ], [ 77.441541333212129, 23.239666251157967 ] ] ] } },
{ "type": "Feature", "properties": { }, "geometry": { "type": "Polygon", "coordinates": [ [ [ 77.441127533212111, 23.240562250899085 ], [ 77.441057433212123, 23.240598550888592 ], [ 77.441136533212116, 23.240727450851345 ], [ 77.441206633212119, 23.240691150861835 ], [ 77.441127533212111, 23.240562250899085 ] ] ] } },
{ "type": "Feature", "properties": { }, "geometry": { "type": "Polygon", "coordinates": [ [ [ 77.441409533212124, 23.239967251071 ], [ 77.441431833212107, 23.239999651061638 ], [ 77.441517133212116, 23.239949951075999 ], [ 77.441494833212133, 23.239917551085359 ], [ 77.441409533212124, 23.239967251071 ] ] ] } },
{ "type": "Feature", "properties": { }, "geometry": { "type": "Polygon", "coordinates": [ [ [ 77.439656833212098, 23.238740351425488 ], [ 77.439620133212117, 23.238815351403819 ], [ 77.439773833212115, 23.238878951385441 ], [ 77.439810633212105, 23.23880395140711 ], [ 77.439656833212098, 23.238740351425488 ] ] ] } },
{ "type": "Feature", "properties": { }, "geometry": { "type": "Polygon", "coordinates": [ [ [ 77.441058833212111, 23.239157051305089 ], [ 77.441004833212119, 23.239298751264155 ], [ 77.441135133212114, 23.239340651252043 ], [ 77.441189133212106, 23.239198951292984 ], [ 77.441058833212111, 23.239157051305089 ] ] ] } },
{ "type": "Feature", "properties": { }, "geometry": { "type": "Polygon", "coordinates": [ [ [ 77.43940393321212, 23.239361151246126 ], [ 77.439563633212103, 23.239425251227608 ], [ 77.439599533212117, 23.239349851249383 ], [ 77.439439733212112, 23.239285751267907 ], [ 77.43940393321212, 23.239361151246126 ] ] ] } },
{ "type": "Feature", "properties": { }, "geometry": { "type": "Polygon", "coordinates": [ [ [ 77.439689033212119, 23.238664951447277 ], [ 77.439654533212106, 23.238736351426642 ], [ 77.43980583321212, 23.238798051408818 ], [ 77.439840333212118, 23.23872655142948 ], [ 77.439689033212119, 23.238664951447277 ] ] ] } },
{ "type": "Feature", "properties": { }, "geometry": { "type": "Polygon", "coordinates": [ [ [ 77.440836633212101, 23.239769651128093 ], [ 77.440959933212113, 23.239803451118327 ], [ 77.440976133212104, 23.23975365113272 ], [ 77.440852833212119, 23.239719851142482 ], [ 77.440836633212101, 23.239769651128093 ] ] ] } },
{ "type": "Feature", "properties": { }, "geometry": { "type": "Polygon", "coordinates": [ [ [ 77.439842733212117, 23.239424451227833 ], [ 77.439970733212107, 23.23947105121437 ], [ 77.440003733212123, 23.2393944512365 ], [ 77.439875733212133, 23.239347851249963 ], [ 77.439842733212117, 23.239424451227833 ] ] ] } },
{ "type": "Feature", "properties": { }, "geometry": { "type": "Polygon", "coordinates": [ [ [ 77.441126733212116, 23.240727550851314 ], [ 77.441053133212122, 23.240608750885649 ], [ 77.440994733212108, 23.240639250876832 ], [ 77.441068333212115, 23.240758050842505 ], [ 77.441126733212116, 23.240727550851314 ] ] ] } },
{ "type": "Feature", "properties": { }, "geometry": { "type": "Polygon", "coordinates": [ [ [ 77.441377333212117, 23.239929251081978 ], [ 77.441402733212115, 23.239967051071062 ], [ 77.441497233212118, 23.239913451086544 ], [ 77.441471933212114, 23.239875651097467 ], [ 77.441377333212117, 23.239929251081978 ] ] ] } },
{ "type": "Feature", "properties": { }, "geometry": { "type": "Polygon", "coordinates": [ [ [ 77.439609533212121, 23.238897051380206 ], [ 77.439737333212108, 23.238948251365422 ], [ 77.43976913321211, 23.238881351384752 ], [ 77.439641433212117, 23.238830051399571 ], [ 77.439609533212121, 23.238897051380206 ] ] ] } },
{ "type": "Feature", "properties": { }, "geometry": { "type": "Polygon", "coordinates": [ [ [ 77.441324533212097, 23.238654851450196 ], [ 77.44140983321212, 23.238657051449557 ], [ 77.441413033212129, 23.238554151479285 ], [ 77.441327633212126, 23.23855195147992 ], [ 77.441324533212097, 23.238654851450196 ] ] ] } },
{ "type": "Feature", "properties": { }, "geometry": { "type": "Polygon", "coordinates": [ [ [ 77.441327533212117, 23.239846451105898 ], [ 77.4413522332121, 23.239883751095125 ], [ 77.441451833212113, 23.23982815111119 ], [ 77.441427133212116, 23.239790751122001 ], [ 77.441327533212117, 23.239846451105898 ] ] ] } },
{ "type": "Feature", "properties": { }, "geometry": { "type": "Polygon", "coordinates": [ [ [ 77.441459433212131, 23.239547051192403 ], [ 77.441486033212101, 23.239585451181316 ], [ 77.441556033212109, 23.239544551193131 ], [ 77.441529433212096, 23.239506151204232 ], [ 77.441459433212131, 23.239547051192403 ] ] ] } },
{ "type": "Feature", "properties": { }, "geometry": { "type": "Polygon", "coordinates": [ [ [ 77.441237233212135, 23.238660951448427 ], [ 77.441322133212097, 23.238663151447795 ], [ 77.441325533212122, 23.23855285147966 ], [ 77.441240533212095, 23.238550651480299 ], [ 77.441237233212135, 23.238660951448427 ] ] ] } },
{ "type": "Feature", "properties": { }, "geometry": { "type": "Polygon", "coordinates": [ [ [ 77.439729933212135, 23.238596851466951 ], [ 77.439696833212111, 23.238665251447191 ], [ 77.439839533212108, 23.238723451430364 ], [ 77.439872633212104, 23.238654951450165 ], [ 77.439729933212135, 23.238596851466951 ] ] ] } },
{ "type": "Feature", "properties": { }, "geometry": { "type": "Polygon", "coordinates": [ [ [ 77.441284933212117, 23.239785751123442 ], [ 77.441383533212118, 23.239729451139706 ], [ 77.441357633212121, 23.239691251150749 ], [ 77.441259133212114, 23.239747551134482 ], [ 77.441284933212117, 23.239785751123442 ] ] ] } },
{ "type": "Feature", "properties": { }, "geometry": { "type": "Polygon", "coordinates": [ [ [ 77.439339633212114, 23.239508651203504 ], [ 77.439304933212114, 23.239581651182412 ], [ 77.439457833212117, 23.239642951164704 ], [ 77.439492433212109, 23.239570051185765 ], [ 77.439339633212114, 23.239508651203504 ] ] ] } },
{ "type": "Feature", "properties": { }, "geometry": { "type": "Polygon", "coordinates": [ [ [ 77.439215933212125, 23.240106851030664 ], [ 77.439311833212116, 23.240134751022605 ], [ 77.439360133212134, 23.239994651063085 ], [ 77.4392642332121, 23.239966751071144 ], [ 77.439215933212125, 23.240106851030664 ] ] ] } },
{ "type": "Feature", "properties": { }, "geometry": { "type": "Polygon", "coordinates": [ [ [ 77.439899033212114, 23.238661151448369 ], [ 77.439875433212109, 23.238726451429503 ], [ 77.440008133212118, 23.238767151417743 ], [ 77.440031833212117, 23.238701851436605 ], [ 77.439899033212114, 23.238661151448369 ] ] ] } },
{ "type": "Feature", "properties": { }, "geometry": { "type": "Polygon", "coordinates": [ [ [ 77.440671733212113, 23.240316150970191 ], [ 77.440709333212112, 23.240373750953548 ], [ 77.440844033212116, 23.240299550974989 ], [ 77.440806433212117, 23.240241950991631 ], [ 77.440671733212113, 23.240316150970191 ] ] ] } },
{ "type": "Feature", "properties": { }, "geometry": { "type": "Polygon", "coordinates": [ [ [ 77.440938133212114, 23.238982951355396 ], [ 77.441076633212106, 23.239025051343226 ], [ 77.44110583321212, 23.238944251366579 ], [ 77.44096723321212, 23.238902151378738 ], [ 77.440938133212114, 23.238982951355396 ] ] ] } },
{ "type": "Feature", "properties": { }, "geometry": { "type": "Polygon", "coordinates": [ [ [ 77.441677233212118, 23.239894051092151 ], [ 77.44175763321212, 23.239847251105669 ], [ 77.44173363321211, 23.239812351115756 ], [ 77.441653133212114, 23.239859151102234 ], [ 77.441677233212118, 23.239894051092151 ] ] ] } },
{ "type": "Feature", "properties": { }, "geometry": { "type": "Polygon", "coordinates": [ [ [ 77.439994833212111, 23.239031651341325 ], [ 77.440119433212118, 23.239077051328202 ], [ 77.440145633212126, 23.23901625134577 ], [ 77.440021033212119, 23.238970851358893 ], [ 77.439994833212111, 23.239031651341325 ] ] ] } },
{ "type": "Feature", "properties": { }, "geometry": { "type": "Polygon", "coordinates": [ [ [ 77.441078133212116, 23.240192151006021 ], [ 77.441112333212104, 23.240248550989719 ], [ 77.441233933212132, 23.240186251007724 ], [ 77.441199633212108, 23.240129851024019 ], [ 77.441078133212116, 23.240192151006021 ] ] ] } },
{ "type": "Feature", "properties": { }, "geometry": { "type": "Polygon", "coordinates": [ [ [ 77.439698433212129, 23.24004585104829 ], [ 77.43977813321213, 23.240066651042277 ], [ 77.439814333212098, 23.239949551076108 ], [ 77.439734633212126, 23.239928751082122 ], [ 77.439698433212129, 23.24004585104829 ] ] ] } },
{ "type": "Feature", "properties": { }, "geometry": { "type": "Polygon", "coordinates": [ [ [ 77.439300833212116, 23.241735150560178 ], [ 77.439403733212117, 23.241734450560372 ], [ 77.439403233212104, 23.241672450578289 ], [ 77.439300333212117, 23.241673150578084 ], [ 77.439300833212116, 23.241735150560178 ] ] ] } },
{ "type": "Feature", "properties": { }, "geometry": { "type": "Polygon", "coordinates": [ [ [ 77.440156733212106, 23.239070151330203 ], [ 77.440288133212121, 23.239116551316794 ], [ 77.440338433212119, 23.238996451351493 ], [ 77.440207033212118, 23.238950051364899 ], [ 77.440156733212106, 23.239070151330203 ] ] ] } },
{ "type": "Feature", "properties": { }, "geometry": { "type": "Polygon", "coordinates": [ [ [ 77.441397933212116, 23.239000551350312 ], [ 77.441576133212109, 23.239006651348546 ], [ 77.441580333212116, 23.238903451378363 ], [ 77.441402133212108, 23.238897351380128 ], [ 77.441397933212116, 23.239000551350312 ] ] ] } },
{ "type": "Feature", "properties": { }, "geometry": { "type": "Polygon", "coordinates": [ [ [ 77.440913133212121, 23.240682050864461 ], [ 77.440964833212135, 23.240765250840425 ], [ 77.441028633212127, 23.240786750834214 ], [ 77.441064433212119, 23.2407684508395 ], [ 77.440990133212097, 23.240644850875213 ], [ 77.440913133212121, 23.240682050864461 ] ] ] } },
{ "type": "Feature", "properties": { }, "geometry": { "type": "Polygon", "coordinates": [ [ [ 77.439599533212117, 23.239773051127116 ], [ 77.43956143321212, 23.239700151148181 ], [ 77.439488233212117, 23.239694051149943 ], [ 77.439530133212116, 23.239772151127369 ], [ 77.439547833212117, 23.239768751128356 ], [ 77.439559933212095, 23.239789951122226 ], [ 77.439599533212117, 23.239773051127116 ] ] ] } },
{ "type": "Feature", "properties": { }, "geometry": { "type": "Polygon", "coordinates": [ [ [ 77.44072243321213, 23.239584551181576 ], [ 77.440781333212129, 23.239604151175907 ], [ 77.440774633212115, 23.23962125117097 ], [ 77.440839733212115, 23.239642851164731 ], [ 77.440876733212107, 23.239548751191922 ], [ 77.440752733212108, 23.239507551203822 ], [ 77.44072243321213, 23.239584551181576 ] ] ] } },
{ "type": "Feature", "properties": { }, "geometry": { "type": "Polygon", "coordinates": [ [ [ 77.440601933212108, 23.240063351043233 ], [ 77.440728833212134, 23.240051851046559 ], [ 77.440751033212095, 23.240053751046005 ], [ 77.440754333212112, 23.240021551055307 ], [ 77.440730433212124, 23.240014551057328 ], [ 77.440734933212113, 23.239969951070218 ], [ 77.440641333212099, 23.239942451078175 ], [ 77.440621133212133, 23.239980951067043 ], [ 77.440601933212108, 23.240063351043233 ] ] ] } },
{ "type": "Feature", "properties": { }, "geometry": { "type": "Polygon", "coordinates": [ [ [ 77.442614233212112, 23.233696952882486 ], [ 77.442587433212111, 23.233833152843143 ], [ 77.442656633212096, 23.233844652839817 ], [ 77.44268343321211, 23.23370845287916 ], [ 77.442614233212112, 23.233696952882486 ] ] ] } },
{ "type": "Feature", "properties": { }, "geometry": { "type": "Polygon", "coordinates": [ [ [ 77.442442533212102, 23.233676052888519 ], [ 77.442426433212106, 23.233809752849904 ], [ 77.442505333212111, 23.233817752847592 ], [ 77.442521433212107, 23.233684052886215 ], [ 77.442442533212102, 23.233676052888519 ] ] ] } },
{ "type": "Feature", "properties": { }, "geometry": { "type": "Polygon", "coordinates": [ [ [ 77.442131733212108, 23.233667652890954 ], [ 77.442201933212132, 23.233666152891381 ], [ 77.442200933212135, 23.233627052902676 ], [ 77.44213073321211, 23.233628552902243 ], [ 77.442131733212108, 23.233667652890954 ] ] ] } },
{ "type": "Feature", "properties": { }, "geometry": { "type": "Polygon", "coordinates": [ [ [ 77.442267633212097, 23.236737852004037 ], [ 77.442391033212104, 23.236746952001401 ], [ 77.442396733212121, 23.236681052020437 ], [ 77.4422733332121, 23.236671952023066 ], [ 77.442267633212097, 23.236737852004037 ] ] ] } },
{ "type": "Feature", "properties": { }, "geometry": { "type": "Polygon", "coordinates": [ [ [ 77.442393133212121, 23.238425351516497 ], [ 77.442389433212099, 23.238542651482607 ], [ 77.44248333321211, 23.238545051481911 ], [ 77.442487033212117, 23.238427851515773 ], [ 77.442393133212121, 23.238425351516497 ] ] ] } },
{ "type": "Feature", "properties": { }, "geometry": { "type": "Polygon", "coordinates": [ [ [ 77.442267233212135, 23.233601152910158 ], [ 77.442268933212105, 23.233553352923966 ], [ 77.442196333212124, 23.23355125292457 ], [ 77.442194633212111, 23.233598952910793 ], [ 77.442267233212135, 23.233601152910158 ] ] ] } },
{ "type": "Feature", "properties": { }, "geometry": { "type": "Polygon", "coordinates": [ [ [ 77.442015633212108, 23.238534451484977 ], [ 77.44201033321211, 23.238652451450886 ], [ 77.4420921332121, 23.238655551449991 ], [ 77.442097433212112, 23.238537551484082 ], [ 77.442015633212108, 23.238534451484977 ] ] ] } },
{ "type": "Feature", "properties": { }, "geometry": { "type": "Polygon", "coordinates": [ [ [ 77.442360133212105, 23.233663052892283 ], [ 77.442356733212108, 23.233800452852588 ], [ 77.442425733212119, 23.233801852852181 ], [ 77.442429133212116, 23.233664452891873 ], [ 77.442360133212105, 23.233663052892283 ] ] ] } },
{ "type": "Feature", "properties": { }, "geometry": { "type": "Polygon", "coordinates": [ [ [ 77.442256433212108, 23.237275351848744 ], [ 77.442251033212116, 23.237383451817514 ], [ 77.442335933212121, 23.237387051816473 ], [ 77.442341233212105, 23.237278951847706 ], [ 77.442256433212108, 23.237275351848744 ] ] ] } },
{ "type": "Feature", "properties": { }, "geometry": { "type": "Polygon", "coordinates": [ [ [ 77.44227963321211, 23.236751252000161 ], [ 77.442272433212111, 23.236833451976405 ], [ 77.442392933212119, 23.236842251973869 ], [ 77.44240003321211, 23.236760051997614 ], [ 77.44227963321211, 23.236751252000161 ] ] ] } },
{ "type": "Feature", "properties": { }, "geometry": { "type": "Polygon", "coordinates": [ [ [ 77.443291533212118, 23.238420451517914 ], [ 77.443188033212124, 23.238417951518631 ], [ 77.443184133212128, 23.238555851478793 ], [ 77.443287633212108, 23.238558351478069 ], [ 77.443291533212118, 23.238420451517914 ] ] ] } },
{ "type": "Feature", "properties": { }, "geometry": { "type": "Polygon", "coordinates": [ [ [ 77.442205233212135, 23.233631352901433 ], [ 77.442204933212096, 23.233674452888987 ], [ 77.442209933212126, 23.233674452888987 ], [ 77.442274333212112, 23.233674752888898 ], [ 77.442278033212119, 23.233674752888898 ], [ 77.442278233212107, 23.233631652901348 ], [ 77.442205233212135, 23.233631352901433 ] ] ] } },
{ "type": "Feature", "properties": { }, "geometry": { "type": "Polygon", "coordinates": [ [ [ 77.442449933212117, 23.237278751847764 ], [ 77.44244623321211, 23.237381951817948 ], [ 77.442512933212114, 23.237383951817367 ], [ 77.442516633212108, 23.237280751847187 ], [ 77.442449933212117, 23.237278751847764 ] ] ] } },
{ "type": "Feature", "properties": { }, "geometry": { "type": "Polygon", "coordinates": [ [ [ 77.442106833212108, 23.238537551484082 ], [ 77.442100433212133, 23.238652351450909 ], [ 77.442189333212113, 23.238656551449697 ], [ 77.442195633212108, 23.238541651482894 ], [ 77.442106833212108, 23.238537551484082 ] ] ] } },
{ "type": "Feature", "properties": { }, "geometry": { "type": "Polygon", "coordinates": [ [ [ 77.442438233212116, 23.237292551843776 ], [ 77.442345733212107, 23.23729045184438 ], [ 77.442342733212115, 23.237398551813151 ], [ 77.442435233212095, 23.237400751812512 ], [ 77.442438233212116, 23.237292551843776 ] ] ] } },
{ "type": "Feature", "properties": { }, "geometry": { "type": "Polygon", "coordinates": [ [ [ 77.442202033212112, 23.238409351521121 ], [ 77.442198933212097, 23.238520551488993 ], [ 77.442277333212104, 23.238522451488439 ], [ 77.442280433212133, 23.238411251520571 ], [ 77.442202033212112, 23.238409351521121 ] ] ] } },
{ "type": "Feature", "properties": { }, "geometry": { "type": "Polygon", "coordinates": [ [ [ 77.442268833212111, 23.236604852042458 ], [ 77.442263433212119, 23.236666252024719 ], [ 77.442386133212111, 23.236675352022086 ], [ 77.442391533212117, 23.236613952039821 ], [ 77.442268833212111, 23.236604852042458 ] ] ] } },
{ "type": "Feature", "properties": { }, "geometry": { "type": "Polygon", "coordinates": [ [ [ 77.44229453321212, 23.238416751518983 ], [ 77.442290233212105, 23.238553251479544 ], [ 77.442382033212112, 23.238555651478848 ], [ 77.442386433212135, 23.238419251518255 ], [ 77.44229453321212, 23.238416751518983 ] ] ] } },
{ "type": "Feature", "properties": { }, "geometry": { "type": "Polygon", "coordinates": [ [ [ 77.442347333212112, 23.233665552891555 ], [ 77.442282033212123, 23.233664952891726 ], [ 77.442280633212121, 23.233799352852902 ], [ 77.44234603321209, 23.233799852852759 ], [ 77.442347333212112, 23.233665552891555 ] ] ] } },
{ "type": "Feature", "properties": { }, "geometry": { "type": "Polygon", "coordinates": [ [ [ 77.44211883321212, 23.238405051522356 ], [ 77.442122533212114, 23.238530751486046 ], [ 77.442197033212111, 23.238528951486568 ], [ 77.442193333212103, 23.238403251522882 ], [ 77.44211883321212, 23.238405051522356 ] ] ] } },
{ "type": "Feature", "properties": { }, "geometry": { "type": "Polygon", "coordinates": [ [ [ 77.442473033212096, 23.237243251858022 ], [ 77.44254323321212, 23.23724685185698 ], [ 77.44254953321213, 23.237141851887316 ], [ 77.4424794332121, 23.237138251888357 ], [ 77.442473033212096, 23.237243251858022 ] ] ] } },
{ "type": "Feature", "properties": { }, "geometry": { "type": "Polygon", "coordinates": [ [ [ 77.442141533212094, 23.233672352889592 ], [ 77.44213943321212, 23.233775852859694 ], [ 77.442201133212109, 23.233776852859407 ], [ 77.442203133212118, 23.233673352889301 ], [ 77.442141533212094, 23.233672352889592 ] ] ] } },
{ "type": "Feature", "properties": { }, "geometry": { "type": "Polygon", "coordinates": [ [ [ 77.443148733212126, 23.238604851464636 ], [ 77.443040833212095, 23.238603751464957 ], [ 77.443039333212113, 23.23872355143034 ], [ 77.443147233212116, 23.238724651430026 ], [ 77.443148733212126, 23.238604851464636 ] ] ] } },
{ "type": "Feature", "properties": { }, "geometry": { "type": "Polygon", "coordinates": [ [ [ 77.44268063321212, 23.233766552862384 ], [ 77.442668733212116, 23.233847152839097 ], [ 77.442777333212121, 23.23386075283517 ], [ 77.442789233212096, 23.233780152858451 ], [ 77.44268063321212, 23.233766552862384 ] ] ] } },
{ "type": "Feature", "properties": { }, "geometry": { "type": "Polygon", "coordinates": [ [ [ 77.442257133212124, 23.236920851951158 ], [ 77.442249133212115, 23.237012651924644 ], [ 77.44238293321213, 23.237022551921783 ], [ 77.442390933212124, 23.236930751948304 ], [ 77.442257133212124, 23.236920851951158 ] ] ] } },
{ "type": "Feature", "properties": { }, "geometry": { "type": "Polygon", "coordinates": [ [ [ 77.442284733212134, 23.236597752044506 ], [ 77.442413933212094, 23.236607252041757 ], [ 77.44242163321212, 23.236519252067186 ], [ 77.442292433212117, 23.236509752069932 ], [ 77.442284733212134, 23.236597752044506 ] ] ] } },
{ "type": "Feature", "properties": { }, "geometry": { "type": "Polygon", "coordinates": [ [ [ 77.443049833212115, 23.23841955151817 ], [ 77.443045833212111, 23.238560751477376 ], [ 77.443174033212117, 23.238563751476516 ], [ 77.443178033212121, 23.238422651517279 ], [ 77.443049833212115, 23.23841955151817 ] ] ] } },
{ "type": "Feature", "properties": { }, "geometry": { "type": "Polygon", "coordinates": [ [ [ 77.442208733212112, 23.238556051478735 ], [ 77.44220333321212, 23.238659851448741 ], [ 77.442288533212121, 23.238663551447672 ], [ 77.442293833212105, 23.23855975147767 ], [ 77.442208733212112, 23.238556051478735 ] ] ] } },
{ "type": "Feature", "properties": { }, "geometry": { "type": "Polygon", "coordinates": [ [ [ 77.442782733212113, 23.238630551457216 ], [ 77.442930233212124, 23.238635451455789 ], [ 77.442934033212111, 23.238539851483416 ], [ 77.442786533212114, 23.238534851484861 ], [ 77.442782733212113, 23.238630551457216 ] ] ] } },
{ "type": "Feature", "properties": { }, "geometry": { "type": "Polygon", "coordinates": [ [ [ 77.442209933212126, 23.233674452888987 ], [ 77.442211933212121, 23.233780152858451 ], [ 77.442276433212115, 23.233779152858741 ], [ 77.442274333212112, 23.233674752888898 ], [ 77.442209933212126, 23.233674452888987 ] ] ] } },
{ "type": "Feature", "properties": { }, "geometry": { "type": "Polygon", "coordinates": [ [ [ 77.442110133212097, 23.238409951520943 ], [ 77.442031133212112, 23.238405651522193 ], [ 77.442023733212096, 23.238519051489426 ], [ 77.44210273321211, 23.23852335148818 ], [ 77.442110133212097, 23.238409951520943 ] ] ] } },
{ "type": "Feature", "properties": { }, "geometry": { "type": "Polygon", "coordinates": [ [ [ 77.44232653321211, 23.237125951891908 ], [ 77.442211033212104, 23.237124851892226 ], [ 77.442209733212124, 23.23724685185698 ], [ 77.442325233212117, 23.237247951856663 ], [ 77.44232653321211, 23.237125951891908 ] ] ] } },
{ "type": "Feature", "properties": { }, "geometry": { "type": "Polygon", "coordinates": [ [ [ 77.442050933212116, 23.23366925289049 ], [ 77.442048333212114, 23.233769052861664 ], [ 77.442130133212117, 23.233770852861142 ], [ 77.442132733212119, 23.233671052889971 ], [ 77.442050933212116, 23.23366925289049 ] ] ] } },
{ "type": "Feature", "properties": { }, "geometry": { "type": "Polygon", "coordinates": [ [ [ 77.443166933212112, 23.238607851463769 ], [ 77.44316553321211, 23.238716051432508 ], [ 77.443262833212131, 23.238717051432218 ], [ 77.443264133212111, 23.238608851463479 ], [ 77.443166933212112, 23.238607851463769 ] ] ] } },
{ "type": "Feature", "properties": { }, "geometry": { "type": "Polygon", "coordinates": [ [ [ 77.442686633212119, 23.233756752865208 ], [ 77.442777133212118, 23.233767852862002 ], [ 77.442788733212112, 23.233687952885088 ], [ 77.442698233212113, 23.233676852888291 ], [ 77.442686633212119, 23.233756752865208 ] ] ] } },
{ "type": "Feature", "properties": { }, "geometry": { "type": "Polygon", "coordinates": [ [ [ 77.442266333212118, 23.236839051974798 ], [ 77.442259733212111, 23.236915551952691 ], [ 77.442389633212116, 23.236925151949919 ], [ 77.442396233212094, 23.236848651972018 ], [ 77.442266333212118, 23.236839051974798 ] ] ] } },
{ "type": "Feature", "properties": { }, "geometry": { "type": "Polygon", "coordinates": [ [ [ 77.442779333212115, 23.238642851453655 ], [ 77.442773933212109, 23.238727951429066 ], [ 77.44292353321211, 23.238735951426762 ], [ 77.442928833212108, 23.238650851451347 ], [ 77.442779333212115, 23.238642851453655 ] ] ] } },
{ "type": "Feature", "properties": { }, "geometry": { "type": "Polygon", "coordinates": [ [ [ 77.442303233212129, 23.238557251478387 ], [ 77.442296533212115, 23.238671851445275 ], [ 77.44237233321212, 23.238675551444206 ], [ 77.44237903321212, 23.238560951477318 ], [ 77.442303233212129, 23.238557251478387 ] ] ] } },
{ "type": "Feature", "properties": { }, "geometry": { "type": "Polygon", "coordinates": [ [ [ 77.442394333212121, 23.238556051478735 ], [ 77.442391533212117, 23.238674351444555 ], [ 77.442478033212126, 23.238676151444032 ], [ 77.442480833212116, 23.238557751478243 ], [ 77.442394333212121, 23.238556051478735 ] ] ] } },
{ "type": "Feature", "properties": { }, "geometry": { "type": "Polygon", "coordinates": [ [ [ 77.442246433212105, 23.237276551848399 ], [ 77.44218083321212, 23.237276051848539 ], [ 77.442179833212109, 23.237376451819536 ], [ 77.442245433212108, 23.237376951819389 ], [ 77.442246433212105, 23.237276551848399 ] ] ] } },
{ "type": "Feature", "properties": { }, "geometry": { "type": "Polygon", "coordinates": [ [ [ 77.442536433212112, 23.233682152886765 ], [ 77.442513633212101, 23.233809752849904 ], [ 77.442572533212115, 23.233818652847333 ], [ 77.442595333212111, 23.233691052884193 ], [ 77.442536433212112, 23.233682152886765 ] ] ] } },
{ "type": "Feature", "properties": { }, "geometry": { "type": "Polygon", "coordinates": [ [ [ 77.442092833212101, 23.233572452918452 ], [ 77.442091233212096, 23.233642752898138 ], [ 77.442121933212121, 23.233643352897968 ], [ 77.44212363321212, 23.233573152918247 ], [ 77.442092833212101, 23.233572452918452 ] ] ] } },
{ "type": "Feature", "properties": { }, "geometry": { "type": "Polygon", "coordinates": [ [ [ 77.43432493321211, 23.230389853837718 ], [ 77.434497033212097, 23.230515753801356 ], [ 77.434582933212113, 23.230416653829973 ], [ 77.434410833212112, 23.230290753866338 ], [ 77.43432493321211, 23.230389853837718 ] ] ] } },
{ "type": "Feature", "properties": { }, "geometry": { "type": "Polygon", "coordinates": [ [ [ 77.434806833212107, 23.231826353422807 ], [ 77.434878533212128, 23.231554653501291 ], [ 77.434779033212109, 23.231532453507704 ], [ 77.434707333212117, 23.23180415342922 ], [ 77.434806833212107, 23.231826353422807 ] ] ] } },
{ "type": "Feature", "properties": { }, "geometry": { "type": "Polygon", "coordinates": [ [ [ 77.435591933212109, 23.232390453259875 ], [ 77.435788533212133, 23.232437753246217 ], [ 77.435841733212115, 23.232250953300177 ], [ 77.435645133212105, 23.232203753313804 ], [ 77.435591933212109, 23.232390453259875 ] ] ] } },
{ "type": "Feature", "properties": { }, "geometry": { "type": "Polygon", "coordinates": [ [ [ 77.434773633212117, 23.234245452724046 ], [ 77.434907733212114, 23.234278152714595 ], [ 77.434927633212112, 23.234209152734525 ], [ 77.43479353321213, 23.234176452743981 ], [ 77.434773633212117, 23.234245452724046 ] ] ] } },
{ "type": "Feature", "properties": { }, "geometry": { "type": "Polygon", "coordinates": [ [ [ 77.436787133212121, 23.230364553845032 ], [ 77.436929033212095, 23.230395853835986 ], [ 77.436951033212111, 23.230311153860452 ], [ 77.436809133212108, 23.230279953869466 ], [ 77.436787133212121, 23.230364553845032 ] ] ] } },
{ "type": "Feature", "properties": { }, "geometry": { "type": "Polygon", "coordinates": [ [ [ 77.433750433212111, 23.231749053445139 ], [ 77.43388593321211, 23.231613753484222 ], [ 77.433777933212127, 23.231522353510623 ], [ 77.433642433212128, 23.231657753471509 ], [ 77.433750433212111, 23.231749053445139 ] ] ] } },
{ "type": "Feature", "properties": { }, "geometry": { "type": "Polygon", "coordinates": [ [ [ 77.435469933212119, 23.228997654239816 ], [ 77.435410633212129, 23.229142954197847 ], [ 77.4356069332121, 23.229210754178265 ], [ 77.435666333212112, 23.229065454220226 ], [ 77.435469933212119, 23.228997654239816 ] ] ] } },
{ "type": "Feature", "properties": { }, "geometry": { "type": "Polygon", "coordinates": [ [ [ 77.436229733212116, 23.231133053623065 ], [ 77.436435733212107, 23.231179853609547 ], [ 77.436466933212103, 23.231063853643057 ], [ 77.436260833212117, 23.231017053656569 ], [ 77.436229733212116, 23.231133053623065 ] ] ] } },
{ "type": "Feature", "properties": { }, "geometry": { "type": "Polygon", "coordinates": [ [ [ 77.436590833212108, 23.231160953614999 ], [ 77.436740533212102, 23.23118965360672 ], [ 77.436759533212125, 23.231106053630867 ], [ 77.436609833212117, 23.231077353639154 ], [ 77.436590833212108, 23.231160953614999 ] ] ] } },
{ "type": "Feature", "properties": { }, "geometry": { "type": "Polygon", "coordinates": [ [ [ 77.436505533212113, 23.229328054144382 ], [ 77.436616033212118, 23.229351054137751 ], [ 77.436661433212109, 23.229166454191059 ], [ 77.436551033212112, 23.229143554197673 ], [ 77.436505533212113, 23.229328054144382 ] ] ] } },
{ "type": "Feature", "properties": { }, "geometry": { "type": "Polygon", "coordinates": [ [ [ 77.434699833212107, 23.230590653779721 ], [ 77.434864833212117, 23.230632553767624 ], [ 77.434920133212117, 23.230448653820734 ], [ 77.434808133212115, 23.230422753828215 ], [ 77.434699833212107, 23.230590653779721 ] ] ] } },
{ "type": "Feature", "properties": { }, "geometry": { "type": "Polygon", "coordinates": [ [ [ 77.434242633212108, 23.230487053809647 ], [ 77.434412633212105, 23.230611453773708 ], [ 77.434490333212111, 23.230521853799594 ], [ 77.434320333212113, 23.230397453835522 ], [ 77.434242633212108, 23.230487053809647 ] ] ] } },
{ "type": "Feature", "properties": { }, "geometry": { "type": "Polygon", "coordinates": [ [ [ 77.433940433212101, 23.231921853395228 ], [ 77.434037033212121, 23.23200695337065 ], [ 77.434176433212116, 23.231873253409262 ], [ 77.434079933212104, 23.23178815343385 ], [ 77.433940433212101, 23.231921853395228 ] ] ] } },
{ "type": "Feature", "properties": { }, "geometry": { "type": "Polygon", "coordinates": [ [ [ 77.435457833212098, 23.231607953485891 ], [ 77.435640233212126, 23.231648353474228 ], [ 77.435657733212111, 23.231581853493434 ], [ 77.435475333212111, 23.231541453505098 ], [ 77.435457833212098, 23.231607953485891 ] ] ] } },
{ "type": "Feature", "properties": { }, "geometry": { "type": "Polygon", "coordinates": [ [ [ 77.433001333212104, 23.231262253585747 ], [ 77.433252133212108, 23.231461253528266 ], [ 77.433363533212116, 23.231342753562497 ], [ 77.433112733212113, 23.231143753619975 ], [ 77.433001333212104, 23.231262253585747 ] ] ] } },
{ "type": "Feature", "properties": { }, "geometry": { "type": "Polygon", "coordinates": [ [ [ 77.436269233212101, 23.231013453657614 ], [ 77.436467033212111, 23.231058353644638 ], [ 77.436500433212117, 23.230934053680542 ], [ 77.436302633212122, 23.230889153693514 ], [ 77.436269233212101, 23.231013453657614 ] ] ] } },
{ "type": "Feature", "properties": { }, "geometry": { "type": "Polygon", "coordinates": [ [ [ 77.433698033212124, 23.233484152943955 ], [ 77.433877833212108, 23.233677552888093 ], [ 77.434227133212119, 23.233403352967297 ], [ 77.434047433212129, 23.233209953023159 ], [ 77.433698033212124, 23.233484152943955 ] ] ] } },
{ "type": "Feature", "properties": { }, "geometry": { "type": "Polygon", "coordinates": [ [ [ 77.435213533212107, 23.234892752537061 ], [ 77.435353633212117, 23.234920452529053 ], [ 77.435372833212114, 23.234838652552686 ], [ 77.435232633212109, 23.234810952560682 ], [ 77.435213533212107, 23.234892752537061 ] ] ] } },
{ "type": "Feature", "properties": { }, "geometry": { "type": "Polygon", "coordinates": [ [ [ 77.435843133212117, 23.234988252509471 ], [ 77.435948433212118, 23.235007752503829 ], [ 77.435981333212112, 23.234858052547082 ], [ 77.435876033212111, 23.234838552552713 ], [ 77.435843133212117, 23.234988252509471 ] ] ] } },
{ "type": "Feature", "properties": { }, "geometry": { "type": "Polygon", "coordinates": [ [ [ 77.434848733212121, 23.23033365385395 ], [ 77.434996933212119, 23.230369353843642 ], [ 77.435033433212098, 23.230191853894908 ], [ 77.43493013321212, 23.230162253903458 ], [ 77.434848733212121, 23.23033365385395 ] ] ] } },
{ "type": "Feature", "properties": { }, "geometry": { "type": "Polygon", "coordinates": [ [ [ 77.436439233212113, 23.230397153835614 ], [ 77.436643133212115, 23.23043905382351 ], [ 77.436685533212099, 23.230264753873854 ], [ 77.436481733212119, 23.230222853885955 ], [ 77.436439233212113, 23.230397153835614 ] ] ] } },
{ "type": "Feature", "properties": { }, "geometry": { "type": "Polygon", "coordinates": [ [ [ 77.436085233212111, 23.230557953789162 ], [ 77.436289733212107, 23.230607553774838 ], [ 77.436322333212118, 23.230493953807656 ], [ 77.436117833212109, 23.230444353821976 ], [ 77.436085233212111, 23.230557953789162 ] ] ] } },
{ "type": "Feature", "properties": { }, "geometry": { "type": "Polygon", "coordinates": [ [ [ 77.436179033212113, 23.229515254090316 ], [ 77.436356433212111, 23.229553354079314 ], [ 77.436404933212117, 23.229363054134279 ], [ 77.436227533212119, 23.229324854145311 ], [ 77.436179033212113, 23.229515254090316 ] ] ] } },
{ "type": "Feature", "properties": { }, "geometry": { "type": "Polygon", "coordinates": [ [ [ 77.436161033212116, 23.230301353863279 ], [ 77.436350733212095, 23.230349353849419 ], [ 77.436387733212101, 23.230226153885003 ], [ 77.436197933212114, 23.230178053898893 ], [ 77.436161033212116, 23.230301353863279 ] ] ] } },
{ "type": "Feature", "properties": { }, "geometry": { "type": "Polygon", "coordinates": [ [ [ 77.433678033212118, 23.231145053619596 ], [ 77.433833733212111, 23.231259053586673 ], [ 77.433919933212096, 23.231159553615409 ], [ 77.433764333212125, 23.231045653648312 ], [ 77.433678033212118, 23.231145053619596 ] ] ] } },
{ "type": "Feature", "properties": { }, "geometry": { "type": "Polygon", "coordinates": [ [ [ 77.435916833212119, 23.232353353270593 ], [ 77.436101333212108, 23.232392253259359 ], [ 77.436124633212117, 23.232299253286218 ], [ 77.43594003321212, 23.232260353297459 ], [ 77.435916833212119, 23.232353353270593 ] ] ] } },
{ "type": "Feature", "properties": { }, "geometry": { "type": "Polygon", "coordinates": [ [ [ 77.43323533321211, 23.230983753666184 ], [ 77.433496233212125, 23.231189553606743 ], [ 77.433591433212115, 23.231087553636204 ], [ 77.433330633212123, 23.230881753695648 ], [ 77.43323533321211, 23.230983753666184 ] ] ] } },
{ "type": "Feature", "properties": { }, "geometry": { "type": "Polygon", "coordinates": [ [ [ 77.434434633212135, 23.229772054016152 ], [ 77.43450333321212, 23.229658654048908 ], [ 77.434375433212111, 23.229593254067797 ], [ 77.434306733212111, 23.229706754035014 ], [ 77.434434633212135, 23.229772054016152 ] ] ] } },
{ "type": "Feature", "properties": { }, "geometry": { "type": "Polygon", "coordinates": [ [ [ 77.434690433212111, 23.231383953550594 ], [ 77.434866433212107, 23.231114453628436 ], [ 77.434666733212111, 23.231054453645765 ], [ 77.434520933212113, 23.231267853584125 ], [ 77.434690433212111, 23.231383953550594 ] ] ] } },
{ "type": "Feature", "properties": { }, "geometry": { "type": "Polygon", "coordinates": [ [ [ 77.435524133212098, 23.231329853566223 ], [ 77.435717633212121, 23.231372753553828 ], [ 77.435738033212118, 23.231295053576275 ], [ 77.435544533212109, 23.231252153588663 ], [ 77.435524133212098, 23.231329853566223 ] ] ] } },
{ "type": "Feature", "properties": { }, "geometry": { "type": "Polygon", "coordinates": [ [ [ 77.434633433212113, 23.23478125256927 ], [ 77.434782333212112, 23.234807752561608 ], [ 77.434800933212117, 23.234719352587149 ], [ 77.434652133212097, 23.234692852594801 ], [ 77.434633433212113, 23.23478125256927 ] ] ] } },
{ "type": "Feature", "properties": { }, "geometry": { "type": "Polygon", "coordinates": [ [ [ 77.43672293321211, 23.23128505357916 ], [ 77.436880533212118, 23.231315253570436 ], [ 77.436898833212112, 23.231234253593833 ], [ 77.436741333212098, 23.23120405360255 ], [ 77.43672293321211, 23.23128505357916 ] ] ] } },
{ "type": "Feature", "properties": { }, "geometry": { "type": "Polygon", "coordinates": [ [ [ 77.434632433212116, 23.232051253357849 ], [ 77.434706933212112, 23.231780753435988 ], [ 77.4346159332121, 23.231759653442079 ], [ 77.434541533212112, 23.232030153363947 ], [ 77.434632433212116, 23.232051253357849 ] ] ] } },
{ "type": "Feature", "properties": { }, "geometry": { "type": "Polygon", "coordinates": [ [ [ 77.434162833212113, 23.231472753524947 ], [ 77.434279733212108, 23.231560353499642 ], [ 77.434362933212128, 23.231466653526709 ], [ 77.434246033212119, 23.231378953552039 ], [ 77.434162833212113, 23.231472753524947 ] ] ] } },
{ "type": "Feature", "properties": { }, "geometry": { "type": "Polygon", "coordinates": [ [ [ 77.436407533212119, 23.230500253805836 ], [ 77.436602033212125, 23.230540153794315 ], [ 77.436626333212118, 23.23043995382325 ], [ 77.436431833212112, 23.230400153834744 ], [ 77.436407533212119, 23.230500253805836 ] ] ] } },
{ "type": "Feature", "properties": { }, "geometry": { "type": "Polygon", "coordinates": [ [ [ 77.435047233212117, 23.234660752604078 ], [ 77.435026333212122, 23.234754952576861 ], [ 77.435179133212117, 23.234783652568581 ], [ 77.43520013321212, 23.234689452595781 ], [ 77.435047233212117, 23.234660752604078 ] ] ] } },
{ "type": "Feature", "properties": { }, "geometry": { "type": "Polygon", "coordinates": [ [ [ 77.433243433212112, 23.233592052912787 ], [ 77.433437233212118, 23.233734952871508 ], [ 77.433513233212096, 23.233647952896639 ], [ 77.43331943321212, 23.233505052937918 ], [ 77.433243433212112, 23.233592052912787 ] ] ] } },
{ "type": "Feature", "properties": { }, "geometry": { "type": "Polygon", "coordinates": [ [ [ 77.436789633212115, 23.231081753637877 ], [ 77.436967333212124, 23.231116953627716 ], [ 77.436998833212115, 23.230982553666532 ], [ 77.436821133212121, 23.230947353676701 ], [ 77.436789633212115, 23.231081753637877 ] ] ] } },
{ "type": "Feature", "properties": { }, "geometry": { "type": "Polygon", "coordinates": [ [ [ 77.434683733212125, 23.234569252630514 ], [ 77.434829933212129, 23.234590252624443 ], [ 77.434843133212112, 23.234512452646914 ], [ 77.434696933212109, 23.234491552652955 ], [ 77.434683733212125, 23.234569252630514 ] ] ] } },
{ "type": "Feature", "properties": { }, "geometry": { "type": "Polygon", "coordinates": [ [ [ 77.436750433212111, 23.231187053607464 ], [ 77.436905933212117, 23.231220953597674 ], [ 77.436923833212106, 23.231151753617663 ], [ 77.436768233212121, 23.231117853627456 ], [ 77.436750433212111, 23.231187053607464 ] ] ] } },
{ "type": "Feature", "properties": { }, "geometry": { "type": "Polygon", "coordinates": [ [ [ 77.433316233212125, 23.233497352940145 ], [ 77.433525833212116, 23.233646752896988 ], [ 77.433622033212103, 23.233532752929914 ], [ 77.433412433212098, 23.233383352973078 ], [ 77.433316233212125, 23.233497352940145 ] ] ] } },
{ "type": "Feature", "properties": { }, "geometry": { "type": "Polygon", "coordinates": [ [ [ 77.434659333212096, 23.23097415366896 ], [ 77.43474223321212, 23.230991253664023 ], [ 77.434785533212107, 23.230813753715282 ], [ 77.434702533212118, 23.230796753720199 ], [ 77.434659333212096, 23.23097415366896 ] ] ] } },
{ "type": "Feature", "properties": { }, "geometry": { "type": "Polygon", "coordinates": [ [ [ 77.433677233212094, 23.233414552964057 ], [ 77.433996433212116, 23.233152053039884 ], [ 77.433823033212136, 23.232974053091308 ], [ 77.433503933212108, 23.233236553015477 ], [ 77.433677233212094, 23.233414552964057 ] ] ] } },
{ "type": "Feature", "properties": { }, "geometry": { "type": "Polygon", "coordinates": [ [ [ 77.433166333212128, 23.233670852890029 ], [ 77.433372133212117, 23.23381755284765 ], [ 77.433437133212124, 23.233740552869897 ], [ 77.433231233212112, 23.233593952912241 ], [ 77.433166333212128, 23.233670852890029 ] ] ] } },
{ "type": "Feature", "properties": { }, "geometry": { "type": "Polygon", "coordinates": [ [ [ 77.43417413321211, 23.234674052600234 ], [ 77.434198933212116, 23.234541552638511 ], [ 77.434118733212131, 23.234528852642182 ], [ 77.434093933212097, 23.234661352603904 ], [ 77.43417413321211, 23.234674052600234 ] ] ] } },
{ "type": "Feature", "properties": { }, "geometry": { "type": "Polygon", "coordinates": [ [ [ 77.435039533212105, 23.230202453891849 ], [ 77.435012833212113, 23.230378153841098 ], [ 77.435104033212127, 23.230399153835034 ], [ 77.435146733212108, 23.230224553885467 ], [ 77.435039533212105, 23.230202453891849 ] ] ] } },
{ "type": "Feature", "properties": { }, "geometry": { "type": "Polygon", "coordinates": [ [ [ 77.43523413321212, 23.234804152562653 ], [ 77.435373133212124, 23.23483075255497 ], [ 77.435387933212112, 23.234765752573743 ], [ 77.435248933212108, 23.234739152581426 ], [ 77.43523413321212, 23.234804152562653 ] ] ] } },
{ "type": "Feature", "properties": { }, "geometry": { "type": "Polygon", "coordinates": [ [ [ 77.43661863321212, 23.230899353690564 ], [ 77.436591533212109, 23.231015153657122 ], [ 77.436763233212119, 23.231049053647329 ], [ 77.436790333212116, 23.230933253680774 ], [ 77.43661863321212, 23.230899353690564 ] ] ] } },
{ "type": "Feature", "properties": { }, "geometry": { "type": "Polygon", "coordinates": [ [ [ 77.435546733212121, 23.23259195320167 ], [ 77.435744233212134, 23.232639353187988 ], [ 77.435797833212106, 23.232450953242402 ], [ 77.435600333212108, 23.232403453256126 ], [ 77.435546733212121, 23.23259195320167 ] ] ] } },
{ "type": "Feature", "properties": { }, "geometry": { "type": "Polygon", "coordinates": [ [ [ 77.434803933212109, 23.234097352766824 ], [ 77.434784133212119, 23.234168452746285 ], [ 77.434940533212128, 23.234205152735683 ], [ 77.434960333212103, 23.234134152756194 ], [ 77.434803933212109, 23.234097352766824 ] ] ] } },
{ "type": "Feature", "properties": { }, "geometry": { "type": "Polygon", "coordinates": [ [ [ 77.436121133212112, 23.230436553824234 ], [ 77.4363135332121, 23.230484953810247 ], [ 77.436351233212108, 23.230358253846845 ], [ 77.436158833212119, 23.230309853860824 ], [ 77.436121133212112, 23.230436553824234 ] ] ] } },
{ "type": "Feature", "properties": { }, "geometry": { "type": "Polygon", "coordinates": [ [ [ 77.433583433212121, 23.231238853592508 ], [ 77.433749433212114, 23.231360353557413 ], [ 77.433830933212121, 23.231266253584593 ], [ 77.433664933212114, 23.231144753619681 ], [ 77.433583433212121, 23.231238853592508 ] ] ] } },
{ "type": "Feature", "properties": { }, "geometry": { "type": "Polygon", "coordinates": [ [ [ 77.43424553321212, 23.231009753658672 ], [ 77.43436803321211, 23.23110565363098 ], [ 77.434457933212116, 23.231008653658993 ], [ 77.434335333212132, 23.230912853686664 ], [ 77.43424553321212, 23.231009753658672 ] ] ] } },
{ "type": "Feature", "properties": { }, "geometry": { "type": "Polygon", "coordinates": [ [ [ 77.435480233212132, 23.232831553132463 ], [ 77.435661933212117, 23.232875253119847 ], [ 77.435699933212135, 23.232741753158404 ], [ 77.435518233212107, 23.232698153171 ], [ 77.435480233212132, 23.232831553132463 ] ] ] } },
{ "type": "Feature", "properties": { }, "geometry": { "type": "Polygon", "coordinates": [ [ [ 77.436734333212115, 23.229379054129662 ], [ 77.436779633212112, 23.229195254182741 ], [ 77.436678033212132, 23.229174154188833 ], [ 77.436632833212101, 23.229357954135754 ], [ 77.436734333212115, 23.229379054129662 ] ] ] } },
{ "type": "Feature", "properties": { }, "geometry": { "type": "Polygon", "coordinates": [ [ [ 77.434186233212117, 23.234681452598092 ], [ 77.43426893321211, 23.234693752594541 ], [ 77.434292433212121, 23.234561352632792 ], [ 77.434209733212114, 23.234548952636374 ], [ 77.434186233212117, 23.234681452598092 ] ] ] } },
{ "type": "Feature", "properties": { }, "geometry": { "type": "Polygon", "coordinates": [ [ [ 77.43489423321212, 23.230658453760142 ], [ 77.435061333212118, 23.230703453747143 ], [ 77.435131933212105, 23.230481953811115 ], [ 77.434964833212121, 23.230436953824118 ], [ 77.43489423321212, 23.230658453760142 ] ] ] } },
{ "type": "Feature", "properties": { }, "geometry": { "type": "Polygon", "coordinates": [ [ [ 77.43591003321211, 23.231187553607324 ], [ 77.436094433212105, 23.23123315359415 ], [ 77.436131233212109, 23.231107553630427 ], [ 77.435946833212128, 23.231061953643604 ], [ 77.43591003321211, 23.231187553607324 ] ] ] } },
{ "type": "Feature", "properties": { }, "geometry": { "type": "Polygon", "coordinates": [ [ [ 77.434149633212115, 23.230598853777355 ], [ 77.434308933212108, 23.230715553743654 ], [ 77.434402033212123, 23.230608053774699 ], [ 77.434242733212116, 23.230491453808373 ], [ 77.434149633212115, 23.230598853777355 ] ] ] } },
{ "type": "Feature", "properties": { }, "geometry": { "type": "Polygon", "coordinates": [ [ [ 77.436564333212118, 23.229840053996519 ], [ 77.43677823321211, 23.229875853986179 ], [ 77.436804133212121, 23.229745054023951 ], [ 77.436590233212101, 23.229709354034267 ], [ 77.436564333212118, 23.229840053996519 ] ] ] } },
{ "type": "Feature", "properties": { }, "geometry": { "type": "Polygon", "coordinates": [ [ [ 77.435141033212119, 23.230495053807335 ], [ 77.435095333212118, 23.230669053757079 ], [ 77.435222033212114, 23.230694253749807 ], [ 77.43530203321211, 23.230530853796992 ], [ 77.435141033212119, 23.230495053807335 ] ] ] } },
{ "type": "Feature", "properties": { }, "geometry": { "type": "Polygon", "coordinates": [ [ [ 77.435243033212132, 23.234730052584052 ], [ 77.435389833212128, 23.234756252576485 ], [ 77.435405533212119, 23.234681952597953 ], [ 77.435258733212109, 23.234655752605519 ], [ 77.435243033212132, 23.234730052584052 ] ] ] } },
{ "type": "Feature", "properties": { }, "geometry": { "type": "Polygon", "coordinates": [ [ [ 77.436281733212112, 23.230153153906087 ], [ 77.436405733212112, 23.230171653900744 ], [ 77.436433033212111, 23.230017053945396 ], [ 77.436308933212118, 23.229998553950736 ], [ 77.436281733212112, 23.230153153906087 ] ] ] } },
{ "type": "Feature", "properties": { }, "geometry": { "type": "Polygon", "coordinates": [ [ [ 77.433747033212128, 23.230477253812477 ], [ 77.433992433212111, 23.230647253763379 ], [ 77.43410653321213, 23.230508253803524 ], [ 77.433861133212133, 23.230338153852649 ], [ 77.433747033212128, 23.230477253812477 ] ] ] } },
{ "type": "Feature", "properties": { }, "geometry": { "type": "Polygon", "coordinates": [ [ [ 77.433487333212113, 23.231336853564194 ], [ 77.433651333212111, 23.231456953529509 ], [ 77.433734633212111, 23.23136085355727 ], [ 77.433570633212113, 23.231240753591958 ], [ 77.433487333212113, 23.231336853564194 ] ] ] } },
{ "type": "Feature", "properties": { }, "geometry": { "type": "Polygon", "coordinates": [ [ [ 77.434177833212132, 23.231074653639929 ], [ 77.434289833212134, 23.231165853613593 ], [ 77.434348433212108, 23.231104953631174 ], [ 77.434236533212115, 23.231013753657525 ], [ 77.434177833212132, 23.231074653639929 ] ] ] } },
{ "type": "Feature", "properties": { }, "geometry": { "type": "Polygon", "coordinates": [ [ [ 77.435083733212096, 23.234534152640645 ], [ 77.435055933212112, 23.234655252605666 ], [ 77.435202133212115, 23.234683652597461 ], [ 77.435229933212113, 23.234562452632474 ], [ 77.435083733212096, 23.234534152640645 ] ] ] } },
{ "type": "Feature", "properties": { }, "geometry": { "type": "Polygon", "coordinates": [ [ [ 77.436347533212114, 23.230754153732498 ], [ 77.436313833212111, 23.230879753696222 ], [ 77.436503933212109, 23.230922953683745 ], [ 77.436537633212097, 23.230797353720025 ], [ 77.436347533212114, 23.230754153732498 ] ] ] } },
{ "type": "Feature", "properties": { }, "geometry": { "type": "Polygon", "coordinates": [ [ [ 77.433976333212115, 23.230200753892333 ], [ 77.434226833212108, 23.230374253842228 ], [ 77.434320433212108, 23.230260253875155 ], [ 77.434069933212115, 23.230086653925294 ], [ 77.433976333212115, 23.230200753892333 ] ] ] } },
{ "type": "Feature", "properties": { }, "geometry": { "type": "Polygon", "coordinates": [ [ [ 77.436267233212121, 23.229779054014131 ], [ 77.436446233212109, 23.229807854005813 ], [ 77.436471633212108, 23.229674354044366 ], [ 77.436292733212113, 23.229645554052688 ], [ 77.436267233212121, 23.229779054014131 ] ] ] } },
{ "type": "Feature", "properties": { }, "geometry": { "type": "Polygon", "coordinates": [ [ [ 77.435706833212109, 23.22942345411683 ], [ 77.435898733212113, 23.229464754104903 ], [ 77.435947733212103, 23.229272154160533 ], [ 77.435755833212113, 23.229230854172457 ], [ 77.435706833212109, 23.22942345411683 ] ] ] } },
{ "type": "Feature", "properties": { }, "geometry": { "type": "Polygon", "coordinates": [ [ [ 77.43542173321211, 23.230142653909116 ], [ 77.43548283321212, 23.230162653903342 ], [ 77.435512933212109, 23.230084653925864 ], [ 77.435451833212099, 23.230064653931649 ], [ 77.43542173321211, 23.230142653909116 ] ] ] } },
{ "type": "Feature", "properties": { }, "geometry": { "type": "Polygon", "coordinates": [ [ [ 77.435420033212111, 23.229173954188894 ], [ 77.435372933212122, 23.22935355413702 ], [ 77.435539933212127, 23.229390454126364 ], [ 77.435587033212116, 23.22921095417821 ], [ 77.435420033212111, 23.229173954188894 ] ] ] } },
{ "type": "Feature", "properties": { }, "geometry": { "type": "Polygon", "coordinates": [ [ [ 77.435947233212119, 23.231055953645324 ], [ 77.436129633212119, 23.23109975363268 ], [ 77.436158033212109, 23.230999753661564 ], [ 77.435975633212124, 23.230955953674215 ], [ 77.435947233212119, 23.231055953645324 ] ] ] } },
{ "type": "Feature", "properties": { }, "geometry": { "type": "Polygon", "coordinates": [ [ [ 77.434674333212115, 23.234659252604512 ], [ 77.434817833212108, 23.234685152597024 ], [ 77.434830333212119, 23.234626752613895 ], [ 77.434686833212126, 23.23460085262138 ], [ 77.434674333212115, 23.234659252604512 ] ] ] } },
{ "type": "Feature", "properties": { }, "geometry": { "type": "Polygon", "coordinates": [ [ [ 77.434061833212112, 23.230732953738627 ], [ 77.434214633212122, 23.230844753706336 ], [ 77.43430603321211, 23.230739353736777 ], [ 77.434153233212115, 23.230627553769068 ], [ 77.434061833212112, 23.230732953738627 ] ] ] } },
{ "type": "Feature", "properties": { }, "geometry": { "type": "Polygon", "coordinates": [ [ [ 77.435959333212111, 23.22946085410603 ], [ 77.436174433212116, 23.229507154092662 ], [ 77.436221633212114, 23.229322154146089 ], [ 77.436006433212114, 23.229275954159434 ], [ 77.435959333212111, 23.22946085410603 ] ] ] } },
{ "type": "Feature", "properties": { }, "geometry": { "type": "Polygon", "coordinates": [ [ [ 77.435950833212118, 23.232258953297858 ], [ 77.436138233212105, 23.232298453286454 ], [ 77.436162433212132, 23.232201353314498 ], [ 77.435975133212111, 23.232161853325909 ], [ 77.435950833212118, 23.232258953297858 ] ] ] } },
{ "type": "Feature", "properties": { }, "geometry": { "type": "Polygon", "coordinates": [ [ [ 77.43554603321212, 23.23124575359051 ], [ 77.435736533212108, 23.23128795357832 ], [ 77.435762933212118, 23.231187453607351 ], [ 77.435572433212116, 23.231145253619541 ], [ 77.43554603321212, 23.23124575359051 ] ] ] } },
{ "type": "Feature", "properties": { }, "geometry": { "type": "Polygon", "coordinates": [ [ [ 77.433967433212118, 23.230203353891586 ], [ 77.433860133212107, 23.230332053854408 ], [ 77.434113433212119, 23.230510353802913 ], [ 77.434220733212115, 23.230381553840122 ], [ 77.433967433212118, 23.230203353891586 ] ] ] } },
{ "type": "Feature", "properties": { }, "geometry": { "type": "Polygon", "coordinates": [ [ [ 77.43709163321212, 23.229840953996252 ], [ 77.43706793321212, 23.229932953969683 ], [ 77.437204833212121, 23.229962753961072 ], [ 77.437228533212121, 23.229870753987647 ], [ 77.43709163321212, 23.229840953996252 ] ] ] } },
{ "type": "Feature", "properties": { }, "geometry": { "type": "Polygon", "coordinates": [ [ [ 77.435121833212094, 23.234383752684092 ], [ 77.435087933212117, 23.234524552643421 ], [ 77.435233033212114, 23.234554052634895 ], [ 77.435266933212134, 23.234413252675569 ], [ 77.435121833212094, 23.234383752684092 ] ] ] } },
{ "type": "Feature", "properties": { }, "geometry": { "type": "Polygon", "coordinates": [ [ [ 77.4357857332121, 23.229167254190823 ], [ 77.435954933212102, 23.229202454180658 ], [ 77.43599693321211, 23.229031754229961 ], [ 77.435827733212108, 23.228996554240123 ], [ 77.4357857332121, 23.229167254190823 ] ] ] } },
{ "type": "Feature", "properties": { }, "geometry": { "type": "Polygon", "coordinates": [ [ [ 77.434321633212107, 23.234722052586367 ], [ 77.434381633212112, 23.234732152583447 ], [ 77.434409133212114, 23.234594752623146 ], [ 77.434349133212095, 23.234584652626062 ], [ 77.434321633212107, 23.234722052586367 ] ] ] } },
{ "type": "Feature", "properties": { }, "geometry": { "type": "Polygon", "coordinates": [ [ [ 77.434837033212105, 23.232241653302854 ], [ 77.43489063321212, 23.232048853358538 ], [ 77.434775233212108, 23.232021753366372 ], [ 77.434721633212121, 23.232214553310683 ], [ 77.434837033212105, 23.232241653302854 ] ] ] } },
{ "type": "Feature", "properties": { }, "geometry": { "type": "Polygon", "coordinates": [ [ [ 77.434350533212097, 23.230902053689782 ], [ 77.434536233212114, 23.230941553678374 ], [ 77.434586733212129, 23.230764953729377 ], [ 77.434489433212107, 23.230740353736486 ], [ 77.434350533212097, 23.230902053689782 ] ] ] } },
{ "type": "Feature", "properties": { }, "geometry": { "type": "Polygon", "coordinates": [ [ [ 77.434288533212111, 23.231568253497361 ], [ 77.434430233212112, 23.231677353465848 ], [ 77.434511633212111, 23.231588153491618 ], [ 77.434370033212105, 23.231479053523127 ], [ 77.434288533212111, 23.231568253497361 ] ] ] } },
{ "type": "Feature", "properties": { }, "geometry": { "type": "Polygon", "coordinates": [ [ [ 77.435517633212115, 23.232689453173514 ], [ 77.435709933212109, 23.232735653160162 ], [ 77.435737333212117, 23.232639553187923 ], [ 77.435544933212114, 23.232593353201267 ], [ 77.435517633212115, 23.232689453173514 ] ] ] } },
{ "type": "Feature", "properties": { }, "geometry": { "type": "Polygon", "coordinates": [ [ [ 77.435504933212115, 23.230181653897851 ], [ 77.43557133321211, 23.230205553890954 ], [ 77.435606733212111, 23.230122853914835 ], [ 77.435540333212131, 23.230098953921736 ], [ 77.435504933212115, 23.230181653897851 ] ] ] } },
{ "type": "Feature", "properties": { }, "geometry": { "type": "Polygon", "coordinates": [ [ [ 77.434721633212121, 23.234413952675371 ], [ 77.434849033212103, 23.23443745266858 ], [ 77.434868433212131, 23.234348452694295 ], [ 77.43474103321212, 23.234325052701049 ], [ 77.434721633212121, 23.234413952675371 ] ] ] } },
{ "type": "Feature", "properties": { }, "geometry": { "type": "Polygon", "coordinates": [ [ [ 77.437018133212121, 23.229974453957698 ], [ 77.437061133212111, 23.229825854000616 ], [ 77.436931133212113, 23.229794054009801 ], [ 77.436888033212114, 23.229942653966884 ], [ 77.437018133212121, 23.229974453957698 ] ] ] } },
{ "type": "Feature", "properties": { }, "geometry": { "type": "Polygon", "coordinates": [ [ [ 77.436738333212119, 23.229385754127723 ], [ 77.436844733212112, 23.229407854121341 ], [ 77.436890733212124, 23.229220854175349 ], [ 77.436784333212103, 23.229198754181731 ], [ 77.436738333212119, 23.229385754127723 ] ] ] } },
{ "type": "Feature", "properties": { }, "geometry": { "type": "Polygon", "coordinates": [ [ [ 77.436698133212118, 23.231375653552991 ], [ 77.436857033212135, 23.231405253544438 ], [ 77.436875533212131, 23.23132105356876 ], [ 77.436716633212114, 23.231291453577313 ], [ 77.436698133212118, 23.231375653552991 ] ] ] } },
{ "type": "Feature", "properties": { }, "geometry": { "type": "Polygon", "coordinates": [ [ [ 77.435546133212128, 23.22883725428613 ], [ 77.43564663321213, 23.228874854275279 ], [ 77.435710133212112, 23.228731454316687 ], [ 77.43560953321213, 23.228693854327542 ], [ 77.435546133212128, 23.22883725428613 ] ] ] } },
{ "type": "Feature", "properties": { }, "geometry": { "type": "Polygon", "coordinates": [ [ [ 77.434555533212119, 23.230950753675714 ], [ 77.434652733212118, 23.230971553669711 ], [ 77.434696933212109, 23.230797653719939 ], [ 77.434599733212124, 23.230776853725942 ], [ 77.434555533212119, 23.230950753675714 ] ] ] } },
{ "type": "Feature", "properties": { }, "geometry": { "type": "Polygon", "coordinates": [ [ [ 77.434387633212125, 23.23475215257767 ], [ 77.434468133212121, 23.234765352573859 ], [ 77.434495633212109, 23.234624252614619 ], [ 77.434415133212113, 23.234611052618433 ], [ 77.434387633212125, 23.23475215257767 ] ] ] } },
{ "type": "Feature", "properties": { }, "geometry": { "type": "Polygon", "coordinates": [ [ [ 77.434436333212105, 23.232143053331338 ], [ 77.434683733212125, 23.232189653317882 ], [ 77.434703433212121, 23.23210105334347 ], [ 77.434456033212101, 23.232054553356903 ], [ 77.434436333212105, 23.232143053331338 ] ] ] } },
{ "type": "Feature", "properties": { }, "geometry": { "type": "Polygon", "coordinates": [ [ [ 77.434402633212116, 23.230281653868975 ], [ 77.434603033212127, 23.230371753842949 ], [ 77.434657533212118, 23.230269553872468 ], [ 77.434457033212126, 23.230179453898486 ], [ 77.434402633212116, 23.230281653868975 ] ] ] } },
{ "type": "Feature", "properties": { }, "geometry": { "type": "Polygon", "coordinates": [ [ [ 77.436313833212111, 23.229986753954144 ], [ 77.436435233212123, 23.230002153949702 ], [ 77.436455933212116, 23.229864753989382 ], [ 77.436334533212118, 23.229849353993828 ], [ 77.436313833212111, 23.229986753954144 ] ] ] } },
{ "type": "Feature", "properties": { }, "geometry": { "type": "Polygon", "coordinates": [ [ [ 77.435185033212107, 23.232650753184686 ], [ 77.435383033212119, 23.232685753174575 ], [ 77.435398833212119, 23.23261035319636 ], [ 77.435200733212113, 23.232575353206464 ], [ 77.435185033212107, 23.232650753184686 ] ] ] } },
{ "type": "Feature", "properties": { }, "geometry": { "type": "Polygon", "coordinates": [ [ [ 77.434758833212115, 23.231013953657463 ], [ 77.434859633212113, 23.231032353652147 ], [ 77.434900533212115, 23.230843453706708 ], [ 77.434799733212117, 23.230825053712021 ], [ 77.434758833212115, 23.231013953657463 ] ] ] } },
{ "type": "Feature", "properties": { }, "geometry": { "type": "Polygon", "coordinates": [ [ [ 77.434573133212126, 23.234449752665025 ], [ 77.434659633212121, 23.234461452661645 ], [ 77.434682333212109, 23.234319652702606 ], [ 77.4345958332121, 23.234307952705986 ], [ 77.434573133212126, 23.234449752665025 ] ] ] } },
{ "type": "Feature", "properties": { }, "geometry": { "type": "Polygon", "coordinates": [ [ [ 77.433094533212099, 23.233758352864747 ], [ 77.433307833212126, 23.233909952820962 ], [ 77.433379233212122, 23.233825052845489 ], [ 77.433166033212103, 23.233673552889243 ], [ 77.433094533212099, 23.233758352864747 ] ] ] } },
{ "type": "Feature", "properties": { }, "geometry": { "type": "Polygon", "coordinates": [ [ [ 77.435121933212116, 23.230420253828935 ], [ 77.435221333212112, 23.230435453824551 ], [ 77.435256933212102, 23.230238853881335 ], [ 77.43515753321212, 23.230223653885723 ], [ 77.435121933212116, 23.230420253828935 ] ] ] } },
{ "type": "Feature", "properties": { }, "geometry": { "type": "Polygon", "coordinates": [ [ [ 77.436874133212115, 23.23065835376017 ], [ 77.4370431332121, 23.230698653748533 ], [ 77.437081333212106, 23.230563053787694 ], [ 77.436912333212121, 23.230522853799307 ], [ 77.436874133212115, 23.23065835376017 ] ] ] } },
{ "type": "Feature", "properties": { }, "geometry": { "type": "Polygon", "coordinates": [ [ [ 77.436985633212117, 23.229438754112419 ], [ 77.437030533212123, 23.229256354165095 ], [ 77.436897133212128, 23.229228554173119 ], [ 77.436852233212093, 23.229411054120412 ], [ 77.436985633212117, 23.229438754112419 ] ] ] } },
{ "type": "Feature", "properties": { }, "geometry": { "type": "Polygon", "coordinates": [ [ [ 77.434741533212119, 23.229657954049106 ], [ 77.434909533212121, 23.229725354029636 ], [ 77.435025433212104, 23.229481554100051 ], [ 77.434857433212102, 23.229414154119521 ], [ 77.434741533212119, 23.229657954049106 ] ] ] } },
{ "type": "Feature", "properties": { }, "geometry": { "type": "Polygon", "coordinates": [ [ [ 77.43528193321211, 23.229340354140831 ], [ 77.435360133212114, 23.2293560541363 ], [ 77.435404433212113, 23.229169954190048 ], [ 77.435326133212115, 23.229154254194587 ], [ 77.43528193321211, 23.229340354140831 ] ] ] } },
{ "type": "Feature", "properties": { }, "geometry": { "type": "Polygon", "coordinates": [ [ [ 77.435978733212124, 23.230946653676899 ], [ 77.43617693321211, 23.230994653663039 ], [ 77.436216533212104, 23.230856853702836 ], [ 77.436018333212118, 23.230808753716733 ], [ 77.435978733212124, 23.230946653676899 ] ] ] } },
{ "type": "Feature", "properties": { }, "geometry": { "type": "Polygon", "coordinates": [ [ [ 77.436925733212121, 23.23051425380179 ], [ 77.437079933212118, 23.23055205379087 ], [ 77.437112333212113, 23.230441053822936 ], [ 77.436958033212107, 23.230403153833876 ], [ 77.436925733212121, 23.23051425380179 ] ] ] } },
{ "type": "Feature", "properties": { }, "geometry": { "type": "Polygon", "coordinates": [ [ [ 77.433961833212109, 23.230842453707002 ], [ 77.434116033212121, 23.230955353674386 ], [ 77.434204433212102, 23.230853253703884 ], [ 77.434050233212119, 23.230740453736459 ], [ 77.433961833212109, 23.230842453707002 ] ] ] } },
{ "type": "Feature", "properties": { }, "geometry": { "type": "Polygon", "coordinates": [ [ [ 77.436382433212117, 23.229553154079376 ], [ 77.436522933212117, 23.229583454070625 ], [ 77.436570233212109, 23.229397954124202 ], [ 77.436429733212108, 23.22936765413295 ], [ 77.436382433212117, 23.229553154079376 ] ] ] } },
{ "type": "Feature", "properties": { }, "geometry": { "type": "Polygon", "coordinates": [ [ [ 77.436839733212111, 23.230911453687067 ], [ 77.437024333212108, 23.23094845367638 ], [ 77.437058533212124, 23.230804253718027 ], [ 77.436873933212098, 23.230767253728718 ], [ 77.436839733212111, 23.230911453687067 ] ] ] } },
{ "type": "Feature", "properties": { }, "geometry": { "type": "Polygon", "coordinates": [ [ [ 77.436055333212124, 23.229222554174857 ], [ 77.43614923321212, 23.229242054169227 ], [ 77.436191033212125, 23.229072354218243 ], [ 77.436097033212121, 23.229052854223863 ], [ 77.436055333212124, 23.229222554174857 ] ] ] } },
{ "type": "Feature", "properties": { }, "geometry": { "type": "Polygon", "coordinates": [ [ [ 77.436509033212118, 23.229991053952897 ], [ 77.436627033212119, 23.230008953947731 ], [ 77.43664783321212, 23.229893053981204 ], [ 77.43652983321212, 23.229875153986377 ], [ 77.436509033212118, 23.229991053952897 ] ] ] } },
{ "type": "Feature", "properties": { }, "geometry": { "type": "Polygon", "coordinates": [ [ [ 77.434867533212099, 23.23102935365301 ], [ 77.434981333212107, 23.231049953647062 ], [ 77.435074833212099, 23.23087805369671 ], [ 77.434906033212116, 23.230846353705868 ], [ 77.434867533212099, 23.23102935365301 ] ] ] } },
{ "type": "Feature", "properties": { }, "geometry": { "type": "Polygon", "coordinates": [ [ [ 77.435262333212123, 23.23464445260878 ], [ 77.435412433212107, 23.234673852600295 ], [ 77.43543543321212, 23.234574852628892 ], [ 77.435285333212121, 23.234545452637384 ], [ 77.435262333212123, 23.23464445260878 ] ] ] } },
{ "type": "Feature", "properties": { }, "geometry": { "type": "Polygon", "coordinates": [ [ [ 77.436867533212094, 23.230644853764073 ], [ 77.436901833212119, 23.230522253799482 ], [ 77.43672923321212, 23.230481553811238 ], [ 77.43669493321211, 23.230604053775856 ], [ 77.436867533212094, 23.230644853764073 ] ] ] } },
{ "type": "Feature", "properties": { }, "geometry": { "type": "Polygon", "coordinates": [ [ [ 77.434826933212094, 23.234840352552194 ], [ 77.434983133212128, 23.234869352543814 ], [ 77.434999033212108, 23.234797052564701 ], [ 77.434842833212116, 23.234768152573057 ], [ 77.434826933212094, 23.234840352552194 ] ] ] } },
{ "type": "Feature", "properties": { }, "geometry": { "type": "Polygon", "coordinates": [ [ [ 77.435185333212118, 23.229331154143495 ], [ 77.435268133212119, 23.229348954138352 ], [ 77.435316433212108, 23.229159754192995 ], [ 77.435233633212107, 23.229141954198134 ], [ 77.435185333212118, 23.229331154143495 ] ] ] } },
{ "type": "Feature", "properties": { }, "geometry": { "type": "Polygon", "coordinates": [ [ [ 77.436534133212135, 23.229592254068084 ], [ 77.436655933212108, 23.229618454060514 ], [ 77.436704533212108, 23.229427654115614 ], [ 77.43658273321212, 23.229401454123188 ], [ 77.436534133212135, 23.229592254068084 ] ] ] } },
{ "type": "Feature", "properties": { }, "geometry": { "type": "Polygon", "coordinates": [ [ [ 77.434115433212114, 23.231165253613767 ], [ 77.434236833212111, 23.231260753586177 ], [ 77.434304633212122, 23.23118805360718 ], [ 77.43418323321211, 23.231092553634763 ], [ 77.434115433212114, 23.231165253613767 ] ] ] } },
{ "type": "Feature", "properties": { }, "geometry": { "type": "Polygon", "coordinates": [ [ [ 77.434857733212127, 23.234689152595866 ], [ 77.435013633212108, 23.234718352587436 ], [ 77.435035233212133, 23.234621352615452 ], [ 77.434879333212123, 23.23459205262392 ], [ 77.434857733212127, 23.234689152595866 ] ] ] } },
{ "type": "Feature", "properties": { }, "geometry": { "type": "Polygon", "coordinates": [ [ [ 77.434111133212113, 23.232012453369055 ], [ 77.434275433212107, 23.23214575333056 ], [ 77.434517533212116, 23.231893753403341 ], [ 77.434353133212099, 23.231760453441844 ], [ 77.434111133212113, 23.232012453369055 ] ] ] } },
{ "type": "Feature", "properties": { }, "geometry": { "type": "Polygon", "coordinates": [ [ [ 77.435474333212099, 23.234872452542923 ], [ 77.435591733212121, 23.234894652536511 ], [ 77.435627033212114, 23.234736652582143 ], [ 77.435509733212115, 23.234714452588562 ], [ 77.435474333212099, 23.234872452542923 ] ] ] } },
{ "type": "Feature", "properties": { }, "geometry": { "type": "Polygon", "coordinates": [ [ [ 77.435587033212116, 23.231046053648193 ], [ 77.43579073321213, 23.231091253635135 ], [ 77.435824033212114, 23.230964453671756 ], [ 77.43562023321212, 23.230919253684814 ], [ 77.435587033212116, 23.231046053648193 ] ] ] } },
{ "type": "Feature", "properties": { }, "geometry": { "type": "Polygon", "coordinates": [ [ [ 77.435482033212125, 23.231540653505341 ], [ 77.43566013321211, 23.231580153493926 ], [ 77.435686333212118, 23.231480653522659 ], [ 77.43550813321211, 23.231441153534075 ], [ 77.435482033212125, 23.231540653505341 ] ] ] } },
{ "type": "Feature", "properties": { }, "geometry": { "type": "Polygon", "coordinates": [ [ [ 77.433930033212107, 23.2319046534002 ], [ 77.434070233212097, 23.231771553438641 ], [ 77.433995933212103, 23.231705453457739 ], [ 77.433855733212127, 23.231838553419287 ], [ 77.433930033212107, 23.2319046534002 ] ] ] } },
{ "type": "Feature", "properties": { }, "geometry": { "type": "Polygon", "coordinates": [ [ [ 77.435314433212113, 23.234444452666558 ], [ 77.435294733212103, 23.2345450526375 ], [ 77.435436533212112, 23.234568452630736 ], [ 77.435456233212093, 23.23446795265977 ], [ 77.435314433212113, 23.234444452666558 ] ] ] } },
{ "type": "Feature", "properties": { }, "geometry": { "type": "Polygon", "coordinates": [ [ [ 77.434862833212094, 23.234694052594453 ], [ 77.434847133212116, 23.234760952575133 ], [ 77.435001733212104, 23.234791452566323 ], [ 77.435017433212096, 23.234724652585619 ], [ 77.434862833212094, 23.234694052594453 ] ] ] } },
{ "type": "Feature", "properties": { }, "geometry": { "type": "Polygon", "coordinates": [ [ [ 77.434058133212119, 23.231219953597961 ], [ 77.434178733212107, 23.231315053570494 ], [ 77.434228333212118, 23.23126185358586 ], [ 77.43410783321211, 23.231166853613299 ], [ 77.434058133212119, 23.231219953597961 ] ] ] } },
{ "type": "Feature", "properties": { }, "geometry": { "type": "Polygon", "coordinates": [ [ [ 77.436484233212113, 23.230128453913217 ], [ 77.436607533212097, 23.230145153908392 ], [ 77.43662773321212, 23.230018653944928 ], [ 77.436504433212122, 23.230001953949753 ], [ 77.436484233212113, 23.230128453913217 ] ] ] } },
{ "type": "Feature", "properties": { }, "geometry": { "type": "Polygon", "coordinates": [ [ [ 77.434911033212117, 23.234486752654345 ], [ 77.435061333212118, 23.234510152647573 ], [ 77.435079333212101, 23.23441215267589 ], [ 77.434929133212108, 23.234388752682648 ], [ 77.434911033212117, 23.234486752654345 ] ] ] } },
{ "type": "Feature", "properties": { }, "geometry": { "type": "Polygon", "coordinates": [ [ [ 77.434979833212125, 23.231631653479052 ], [ 77.435057633212111, 23.231351953559837 ], [ 77.434952933212116, 23.23132735356694 ], [ 77.434875233212125, 23.231607053486158 ], [ 77.434979833212125, 23.231631653479052 ] ] ] } },
{ "type": "Feature", "properties": { }, "geometry": { "type": "Polygon", "coordinates": [ [ [ 77.435231233212107, 23.230439353823424 ], [ 77.435308633212117, 23.230450453820222 ], [ 77.435342833212118, 23.230248953878416 ], [ 77.435265433212123, 23.230237853881619 ], [ 77.435231233212107, 23.230439353823424 ] ] ] } },
{ "type": "Feature", "properties": { }, "geometry": { "type": "Polygon", "coordinates": [ [ [ 77.435703433212112, 23.232014753368393 ], [ 77.43588353321212, 23.232058053355889 ], [ 77.435928533212135, 23.231900053401525 ], [ 77.435748333212132, 23.231856753414025 ], [ 77.435703433212112, 23.232014753368393 ] ] ] } },
{ "type": "Feature", "properties": { }, "geometry": { "type": "Polygon", "coordinates": [ [ [ 77.436651133212109, 23.230815653714739 ], [ 77.436842833212111, 23.230858053702494 ], [ 77.43687373321211, 23.230739953736606 ], [ 77.436682033212108, 23.230697553748847 ], [ 77.436651133212109, 23.230815653714739 ] ] ] } },
{ "type": "Feature", "properties": { }, "geometry": { "type": "Polygon", "coordinates": [ [ [ 77.433349333212107, 23.230862953701074 ], [ 77.433590733212128, 23.231060753643948 ], [ 77.433703933212115, 23.230944153677623 ], [ 77.433462533212108, 23.230746353734752 ], [ 77.433349333212107, 23.230862953701074 ] ] ] } },
{ "type": "Feature", "properties": { }, "geometry": { "type": "Polygon", "coordinates": [ [ [ 77.436175933212098, 23.229255454165351 ], [ 77.436283333212117, 23.229277754158915 ], [ 77.436327633212116, 23.22909795421084 ], [ 77.436220133212103, 23.229075654217283 ], [ 77.436175933212098, 23.229255454165351 ] ] ] } },
{ "type": "Feature", "properties": { }, "geometry": { "type": "Polygon", "coordinates": [ [ [ 77.435471333212121, 23.229692154039238 ], [ 77.435422233212108, 23.229811754004686 ], [ 77.43570083321211, 23.229908353976789 ], [ 77.435749933212108, 23.229788754011331 ], [ 77.435471333212121, 23.229692154039238 ] ] ] } },
{ "type": "Feature", "properties": { }, "geometry": { "type": "Polygon", "coordinates": [ [ [ 77.434464233212125, 23.230175353899675 ], [ 77.434660233212114, 23.230263453874226 ], [ 77.434722233212128, 23.230146953907877 ], [ 77.434526233212125, 23.230058853933318 ], [ 77.434464233212125, 23.230175353899675 ] ] ] } },
{ "type": "Feature", "properties": { }, "geometry": { "type": "Polygon", "coordinates": [ [ [ 77.436472833212108, 23.230182653897568 ], [ 77.436594833212126, 23.230198053893115 ], [ 77.436601733212115, 23.230152253906343 ], [ 77.436479633212116, 23.230136853910796 ], [ 77.436472833212108, 23.230182653897568 ] ] ] } },
{ "type": "Feature", "properties": { }, "geometry": { "type": "Polygon", "coordinates": [ [ [ 77.434568833212126, 23.23476915257276 ], [ 77.43459733321211, 23.234634752611584 ], [ 77.434520933212113, 23.234621052615537 ], [ 77.434492433212128, 23.234755452576714 ], [ 77.434568833212126, 23.23476915257276 ] ] ] } },
{ "type": "Feature", "properties": { }, "geometry": { "type": "Polygon", "coordinates": [ [ [ 77.43675443321213, 23.230480653811494 ], [ 77.436913333212104, 23.230513253802076 ], [ 77.436935833212118, 23.230420953828737 ], [ 77.436776933212116, 23.230388353838151 ], [ 77.43675443321213, 23.230480653811494 ] ] ] } },
{ "type": "Feature", "properties": { }, "geometry": { "type": "Polygon", "coordinates": [ [ [ 77.435250933212103, 23.23115515361668 ], [ 77.435444633212114, 23.231200753603513 ], [ 77.435471533212109, 23.231104253631383 ], [ 77.435277733212118, 23.231058653644553 ], [ 77.435250933212103, 23.23115515361668 ] ] ] } },
{ "type": "Feature", "properties": { }, "geometry": { "type": "Polygon", "coordinates": [ [ [ 77.435160933212117, 23.232730453161672 ], [ 77.435350733212132, 23.232765353151581 ], [ 77.435367833212098, 23.23268695317423 ], [ 77.435178033212111, 23.232651953184337 ], [ 77.435160933212117, 23.232730453161672 ] ] ] } },
{ "type": "Feature", "properties": { }, "geometry": { "type": "Polygon", "coordinates": [ [ [ 77.433778233212109, 23.231758553442397 ], [ 77.433861433212115, 23.231829653421862 ], [ 77.433993233212121, 23.231699453459466 ], [ 77.433910033212115, 23.231628353480001 ], [ 77.433778233212109, 23.231758553442397 ] ] ] } },
{ "type": "Feature", "properties": { }, "geometry": { "type": "Polygon", "coordinates": [ [ [ 77.436232133212116, 23.231138053621617 ], [ 77.436191833212121, 23.231288153578259 ], [ 77.436395533212135, 23.231334353564922 ], [ 77.436435833212116, 23.231184353608249 ], [ 77.436232133212116, 23.231138053621617 ] ] ] } },
{ "type": "Feature", "properties": { }, "geometry": { "type": "Polygon", "coordinates": [ [ [ 77.436786933212119, 23.230233553882865 ], [ 77.436997333212105, 23.230276553870446 ], [ 77.437024633212133, 23.230163653903052 ], [ 77.436814233212118, 23.230120653915467 ], [ 77.436786933212119, 23.230233553882865 ] ] ] } },
{ "type": "Feature", "properties": { }, "geometry": { "type": "Polygon", "coordinates": [ [ [ 77.435775833212119, 23.232866253122442 ], [ 77.435960033212112, 23.232905153111208 ], [ 77.436017233212112, 23.232676553177239 ], [ 77.43583303321212, 23.23263765318848 ], [ 77.435775833212119, 23.232866253122442 ] ] ] } },
{ "type": "Feature", "properties": { }, "geometry": { "type": "Polygon", "coordinates": [ [ [ 77.435342933212098, 23.230112153917929 ], [ 77.435407933212119, 23.230132753911978 ], [ 77.435437433212115, 23.230054353934619 ], [ 77.435372433212109, 23.230033753940571 ], [ 77.435342933212098, 23.230112153917929 ] ] ] } },
{ "type": "Feature", "properties": { }, "geometry": { "type": "Polygon", "coordinates": [ [ [ 77.434534633212124, 23.230056353934039 ], [ 77.434716933212115, 23.23013825391039 ], [ 77.434780733212094, 23.230018453944989 ], [ 77.434598433212116, 23.229936553968642 ], [ 77.434534633212124, 23.230056353934039 ] ] ] } },
{ "type": "Feature", "properties": { }, "geometry": { "type": "Polygon", "coordinates": [ [ [ 77.436013133212128, 23.23080585371757 ], [ 77.436219633212119, 23.230853453703819 ], [ 77.436248133212118, 23.230749253733912 ], [ 77.436041533212119, 23.230701653747662 ], [ 77.436013133212128, 23.23080585371757 ] ] ] } },
{ "type": "Feature", "properties": { }, "geometry": { "type": "Polygon", "coordinates": [ [ [ 77.433877633212134, 23.230941553678374 ], [ 77.434030433212101, 23.231053353646086 ], [ 77.434109633212117, 23.230961953672477 ], [ 77.433956833212122, 23.230850153704772 ], [ 77.433877633212134, 23.230941553678374 ] ] ] } },
{ "type": "Feature", "properties": { }, "geometry": { "type": "Polygon", "coordinates": [ [ [ 77.434820233212122, 23.229920053973405 ], [ 77.434910533212104, 23.229730054028288 ], [ 77.434729533212121, 23.229657454049253 ], [ 77.43463923321211, 23.229847453994374 ], [ 77.434820233212122, 23.229920053973405 ] ] ] } },
{ "type": "Feature", "properties": { }, "geometry": { "type": "Polygon", "coordinates": [ [ [ 77.436815833212108, 23.230117953916253 ], [ 77.437012233212116, 23.23015375390591 ], [ 77.437038233212135, 23.230033253940714 ], [ 77.43684173321212, 23.229997453951057 ], [ 77.436815833212108, 23.230117953916253 ] ] ] } },
{ "type": "Feature", "properties": { }, "geometry": { "type": "Polygon", "coordinates": [ [ [ 77.435508533212115, 23.231436053535546 ], [ 77.435688433212135, 23.231475953524019 ], [ 77.435713433212101, 23.23138075355152 ], [ 77.435533533212123, 23.231340853563044 ], [ 77.435508533212115, 23.231436053535546 ] ] ] } },
{ "type": "Feature", "properties": { }, "geometry": { "type": "Polygon", "coordinates": [ [ [ 77.433975833212102, 23.231328953566482 ], [ 77.434099233212109, 23.231425953538466 ], [ 77.434178233212108, 23.231341053562993 ], [ 77.434054833212116, 23.231244053591002 ], [ 77.433975833212102, 23.231328953566482 ] ] ] } },
{ "type": "Feature", "properties": { }, "geometry": { "type": "Polygon", "coordinates": [ [ [ 77.435283533212115, 23.230096753922371 ], [ 77.435335333212109, 23.230114653917205 ], [ 77.435366833212115, 23.230037653939448 ], [ 77.43531503321212, 23.230019753944614 ], [ 77.435283533212115, 23.230096753922371 ] ] ] } },
{ "type": "Feature", "properties": { }, "geometry": { "type": "Polygon", "coordinates": [ [ [ 77.434893633212099, 23.234557552633884 ], [ 77.435039833212116, 23.234580952627127 ], [ 77.435052633212109, 23.234513352646658 ], [ 77.43490643321212, 23.234489952653423 ], [ 77.434893633212099, 23.234557552633884 ] ] ] } },
{ "type": "Feature", "properties": { }, "geometry": { "type": "Polygon", "coordinates": [ [ [ 77.43418163321212, 23.229920253973351 ], [ 77.434461133212125, 23.230045853937082 ], [ 77.43453063321212, 23.229915353974768 ], [ 77.434251133212115, 23.229789654011068 ], [ 77.43418163321212, 23.229920253973351 ] ] ] } },
{ "type": "Feature", "properties": { }, "geometry": { "type": "Polygon", "coordinates": [ [ [ 77.435318733212114, 23.230443953822089 ], [ 77.435468733212105, 23.230466653815537 ], [ 77.435502933212121, 23.230276253870535 ], [ 77.435352933212116, 23.230253553877091 ], [ 77.435318733212114, 23.230443953822089 ] ] ] } },
{ "type": "Feature", "properties": { }, "geometry": { "type": "Polygon", "coordinates": [ [ [ 77.435083433212128, 23.229305854150798 ], [ 77.435175333212101, 23.229327354144591 ], [ 77.435228333212109, 23.229135654199954 ], [ 77.435136433212108, 23.229114254206134 ], [ 77.435083433212128, 23.229305854150798 ] ] ] } },
{ "type": "Feature", "properties": { }, "geometry": { "type": "Polygon", "coordinates": [ [ [ 77.436046633212115, 23.23069415374983 ], [ 77.436250533212117, 23.230743753735506 ], [ 77.436288233212125, 23.230612653773374 ], [ 77.436084433212116, 23.230563053787694 ], [ 77.436046633212115, 23.23069415374983 ] ] ] } },
{ "type": "Feature", "properties": { }, "geometry": { "type": "Polygon", "coordinates": [ [ [ 77.433780033212116, 23.231044953648507 ], [ 77.433933833212109, 23.231157453616014 ], [ 77.434022533212129, 23.231055053645591 ], [ 77.433868833212117, 23.230942553678091 ], [ 77.433780033212116, 23.231044953648507 ] ] ] } },
{ "type": "Feature", "properties": { }, "geometry": { "type": "Polygon", "coordinates": [ [ [ 77.435473233212107, 23.228990754241799 ], [ 77.435640333212106, 23.229049254224908 ], [ 77.435703033212121, 23.228898454268464 ], [ 77.4355358332121, 23.228839854285383 ], [ 77.435473233212107, 23.228990754241799 ] ] ] } },
{ "type": "Feature", "properties": { }, "geometry": { "type": "Polygon", "coordinates": [ [ [ 77.436674633212121, 23.229610254062887 ], [ 77.436850133212118, 23.229647954051995 ], [ 77.436894533212111, 23.229473654102335 ], [ 77.436719033212114, 23.229435954113224 ], [ 77.436674633212121, 23.229610254062887 ] ] ] } },
{ "type": "Feature", "properties": { }, "geometry": { "type": "Polygon", "coordinates": [ [ [ 77.434409633212113, 23.229528154086594 ], [ 77.434553833212135, 23.229596554066841 ], [ 77.4346171332121, 23.229483854099389 ], [ 77.434473033212115, 23.229415454119145 ], [ 77.434409633212113, 23.229528154086594 ] ] ] } },
{ "type": "Feature", "properties": { }, "geometry": { "type": "Polygon", "coordinates": [ [ [ 77.433600833212097, 23.230625153769765 ], [ 77.433814033212116, 23.230791453721725 ], [ 77.433930133212115, 23.230665853758001 ], [ 77.433716933212111, 23.230499553806037 ], [ 77.433600833212097, 23.230625153769765 ] ] ] } },
{ "type": "Feature", "properties": { }, "geometry": { "type": "Polygon", "coordinates": [ [ [ 77.435597033212119, 23.234898952535264 ], [ 77.4357146332121, 23.234922052528589 ], [ 77.435750833212111, 23.234766852573426 ], [ 77.43563323321213, 23.234743652580132 ], [ 77.435597033212119, 23.234898952535264 ] ] ] } },
{ "type": "Feature", "properties": { }, "geometry": { "type": "Polygon", "coordinates": [ [ [ 77.435426133212104, 23.231733853449533 ], [ 77.435609233212119, 23.231774353437832 ], [ 77.435641033212093, 23.231653053472861 ], [ 77.43545793321212, 23.231612453484601 ], [ 77.435426133212104, 23.231733853449533 ] ] ] } },
{ "type": "Feature", "properties": { }, "geometry": { "type": "Polygon", "coordinates": [ [ [ 77.43586263321211, 23.232543653215625 ], [ 77.43605013321212, 23.232583253204186 ], [ 77.436075933212109, 23.232480153233968 ], [ 77.435888433212114, 23.232440653245376 ], [ 77.43586263321211, 23.232543653215625 ] ] ] } },
{ "type": "Feature", "properties": { }, "geometry": { "type": "Polygon", "coordinates": [ [ [ 77.434174033212116, 23.229924253972197 ], [ 77.434092333212121, 23.230077853927835 ], [ 77.434373133212119, 23.230204053891384 ], [ 77.434454933212123, 23.230050453935746 ], [ 77.434174033212116, 23.229924253972197 ] ] ] } },
{ "type": "Feature", "properties": { }, "geometry": { "type": "Polygon", "coordinates": [ [ [ 77.434106733212118, 23.231736453448779 ], [ 77.434158133212108, 23.231772953438234 ], [ 77.434243333212109, 23.231671953467412 ], [ 77.434191933212119, 23.231635353477973 ], [ 77.434106733212118, 23.231736453448779 ] ] ] } },
{ "type": "Feature", "properties": { }, "geometry": { "type": "Polygon", "coordinates": [ [ [ 77.436018833212103, 23.232105353342224 ], [ 77.436217333212099, 23.232141653331738 ], [ 77.436247633212119, 23.232001853372125 ], [ 77.436049133212123, 23.231965453382635 ], [ 77.436018833212103, 23.232105353342224 ] ] ] } },
{ "type": "Feature", "properties": { }, "geometry": { "type": "Polygon", "coordinates": [ [ [ 77.433116033212116, 23.231126053625093 ], [ 77.433391633212111, 23.231343553562265 ], [ 77.433509033212118, 23.231217953598545 ], [ 77.433233433212109, 23.231000453661363 ], [ 77.433116033212116, 23.231126053625093 ] ] ] } },
{ "type": "Feature", "properties": { }, "geometry": { "type": "Polygon", "coordinates": [ [ [ 77.434906533212114, 23.229255754165266 ], [ 77.435054833212106, 23.229303954151344 ], [ 77.435129233212109, 23.229110954207091 ], [ 77.434980833212109, 23.229062654221039 ], [ 77.434906533212114, 23.229255754165266 ] ] ] } },
{ "type": "Feature", "properties": { }, "geometry": { "type": "Polygon", "coordinates": [ [ [ 77.435101833212101, 23.231305053573383 ], [ 77.435179633212115, 23.231025353654172 ], [ 77.435073533212119, 23.231000453661363 ], [ 77.434995733212105, 23.231280153580578 ], [ 77.435101833212101, 23.231305053573383 ] ] ] } },
{ "type": "Feature", "properties": { }, "geometry": { "type": "Polygon", "coordinates": [ [ [ 77.435646333212105, 23.232198153315419 ], [ 77.435847033212113, 23.232246353301502 ], [ 77.435897533212113, 23.232068653352822 ], [ 77.4356969332121, 23.232020453366747 ], [ 77.435646333212105, 23.232198153315419 ] ] ] } },
{ "type": "Feature", "properties": { }, "geometry": { "type": "Polygon", "coordinates": [ [ [ 77.435840433212107, 23.232633453189681 ], [ 77.436027933212117, 23.23267295317827 ], [ 77.43604893321212, 23.232588953202541 ], [ 77.435861433212111, 23.232549453213956 ], [ 77.435840433212107, 23.232633453189681 ] ] ] } },
{ "type": "Feature", "properties": { }, "geometry": { "type": "Polygon", "coordinates": [ [ [ 77.435739933212105, 23.234964252516406 ], [ 77.43582943321212, 23.234982552511113 ], [ 77.435865633212117, 23.234833452554188 ], [ 77.435776133212102, 23.23481515255947 ], [ 77.435739933212105, 23.234964252516406 ] ] ] } },
{ "type": "Feature", "properties": { }, "geometry": { "type": "Polygon", "coordinates": [ [ [ 77.43589503321212, 23.232438453246012 ], [ 77.436078033212112, 23.232477053234863 ], [ 77.436098133212113, 23.232396753258055 ], [ 77.435915133212106, 23.232358053269234 ], [ 77.43589503321212, 23.232438453246012 ] ] ] } },
{ "type": "Feature", "properties": { }, "geometry": { "type": "Polygon", "coordinates": [ [ [ 77.433480133212115, 23.23074465373524 ], [ 77.433709433212115, 23.230929553681843 ], [ 77.433822433212114, 23.230811153716036 ], [ 77.433593133212113, 23.230626253769444 ], [ 77.433480133212115, 23.23074465373524 ] ] ] } },
{ "type": "Feature", "properties": { }, "geometry": { "type": "Polygon", "coordinates": [ [ [ 77.436566633212109, 23.231271853582971 ], [ 77.436707533212115, 23.231297053575691 ], [ 77.436729133212111, 23.231195253605101 ], [ 77.436588333212114, 23.231170053612374 ], [ 77.436566633212109, 23.231271853582971 ] ] ] } },
{ "type": "Feature", "properties": { }, "geometry": { "type": "Polygon", "coordinates": [ [ [ 77.436363533212116, 23.229284454156982 ], [ 77.436477533212113, 23.229308154150132 ], [ 77.436518733212097, 23.229140854198455 ], [ 77.436404633212106, 23.229117154205298 ], [ 77.436363533212116, 23.229284454156982 ] ] ] } },
{ "type": "Feature", "properties": { }, "geometry": { "type": "Polygon", "coordinates": [ [ [ 77.436544233212118, 23.231351953559837 ], [ 77.436675633212118, 23.231375653552991 ], [ 77.436691633212121, 23.231300753574626 ], [ 77.436560233212106, 23.231276953581496 ], [ 77.436544233212118, 23.231351953559837 ] ] ] } },
{ "type": "Feature", "properties": { }, "geometry": { "type": "Polygon", "coordinates": [ [ [ 77.433490033212124, 23.231374153553425 ], [ 77.433436933212121, 23.231435553535697 ], [ 77.433443933212132, 23.231487553520672 ], [ 77.433475433212095, 23.231531753507902 ], [ 77.43351403321212, 23.23155195350207 ], [ 77.433561033212115, 23.231564753498372 ], [ 77.433636333212121, 23.231492553519228 ], [ 77.433490033212124, 23.231374153553425 ] ] ] } },
{ "type": "Feature", "properties": { }, "geometry": { "type": "Polygon", "coordinates": [ [ [ 77.443783633212121, 23.234386952683167 ], [ 77.443724833212102, 23.234389252682508 ], [ 77.443727833212108, 23.234452452664247 ], [ 77.443786733212107, 23.23445005266494 ], [ 77.443783633212121, 23.234386952683167 ] ] ] } },
{ "type": "Feature", "properties": { }, "geometry": { "type": "Polygon", "coordinates": [ [ [ 77.443536933212116, 23.23438075268496 ], [ 77.44358353321212, 23.234383552684154 ], [ 77.443585833212111, 23.23435065269366 ], [ 77.443539233212121, 23.234347952694435 ], [ 77.443536933212116, 23.23438075268496 ] ] ] } },
{ "type": "Feature", "properties": { }, "geometry": { "type": "Polygon", "coordinates": [ [ [ 77.44359423321211, 23.234389652682385 ], [ 77.443642133212109, 23.234389652682385 ], [ 77.443642133212109, 23.234333952698478 ], [ 77.44359423321211, 23.234333952698478 ], [ 77.44359423321211, 23.234389652682385 ] ] ] } },
{ "type": "Feature", "properties": { }, "geometry": { "type": "Polygon", "coordinates": [ [ [ 77.443649233212099, 23.234388452682733 ], [ 77.443682433212118, 23.234389052682559 ], [ 77.443683233212113, 23.234349852693892 ], [ 77.443650133212117, 23.234349252694063 ], [ 77.443649233212099, 23.234388452682733 ] ] ] } },
{ "type": "Feature", "properties": { }, "geometry": { "type": "Polygon", "coordinates": [ [ [ 77.443630733212117, 23.23439335268132 ], [ 77.443630033212116, 23.234425152672134 ], [ 77.443677633212118, 23.234426052671878 ], [ 77.443678433212114, 23.234394352681033 ], [ 77.443630733212117, 23.23439335268132 ] ] ] } },
{ "type": "Feature", "properties": { }, "geometry": { "type": "Polygon", "coordinates": [ [ [ 77.443553633212105, 23.234455652663325 ], [ 77.44361003321211, 23.234454152663748 ], [ 77.443608333212111, 23.234399052679674 ], [ 77.4435520332121, 23.234400452679267 ], [ 77.443553633212105, 23.234455652663325 ] ] ] } },
{ "type": "Feature", "properties": { }, "geometry": { "type": "Polygon", "coordinates": [ [ [ 77.438087033212113, 23.233252353010915 ], [ 77.438077733212111, 23.233240853014234 ], [ 77.438064333212111, 23.233233453016378 ], [ 77.438048833212108, 23.233231353016983 ], [ 77.438033633212115, 23.233234753015992 ], [ 77.438021133212118, 23.233243353013513 ], [ 77.438013033212115, 23.233255653009962 ], [ 77.438010733212124, 23.233269853005858 ], [ 77.438014533212112, 23.233283753001846 ], [ 77.438023833212114, 23.233295352998493 ], [ 77.438037233212114, 23.233302752996355 ], [ 77.438052733212132, 23.233304852995754 ], [ 77.438067833212116, 23.233301352996765 ], [ 77.438080433212107, 23.233292752999244 ], [ 77.438088433212116, 23.233280453002795 ], [ 77.438090733212121, 23.233266253006903 ], [ 77.438087033212113, 23.233252353010915 ] ] ] } },
{ "type": "Feature", "properties": { }, "geometry": { "type": "Polygon", "coordinates": [ [ [ 77.44185953321211, 23.234969352514923 ], [ 77.441990233212124, 23.234971152514404 ], [ 77.441991533212132, 23.234893152536941 ], [ 77.441860833212118, 23.234891252537494 ], [ 77.44185953321211, 23.234969352514923 ] ] ] } },
{ "type": "Feature", "properties": { }, "geometry": { "type": "Polygon", "coordinates": [ [ [ 77.434035533212125, 23.235275552426472 ], [ 77.434224033212118, 23.235312052415928 ], [ 77.434243533212111, 23.23522695244051 ], [ 77.434055133212112, 23.235190452451057 ], [ 77.434035533212125, 23.235275552426472 ] ] ] } },
{ "type": "Feature", "properties": { }, "geometry": { "type": "Polygon", "coordinates": [ [ [ 77.440656233212096, 23.233136853044275 ], [ 77.440635033212118, 23.233014253079695 ], [ 77.440562733212118, 23.233024753076656 ], [ 77.440583833212116, 23.23314735304124 ], [ 77.440656233212096, 23.233136853044275 ] ] ] } },
{ "type": "Feature", "properties": { }, "geometry": { "type": "Polygon", "coordinates": [ [ [ 77.434728233212113, 23.236276252137383 ], [ 77.434902833212121, 23.236319052125022 ], [ 77.434952433212118, 23.236148352174336 ], [ 77.434777733212115, 23.236105552186693 ], [ 77.434728233212113, 23.236276252137383 ] ] ] } },
{ "type": "Feature", "properties": { }, "geometry": { "type": "Polygon", "coordinates": [ [ [ 77.433947833212116, 23.235606252330939 ], [ 77.434142333212108, 23.235644452319903 ], [ 77.434176033212111, 23.235499652361735 ], [ 77.433981533212119, 23.235461452372768 ], [ 77.433947833212116, 23.235606252330939 ] ] ] } },
{ "type": "Feature", "properties": { }, "geometry": { "type": "Polygon", "coordinates": [ [ [ 77.44184643321212, 23.237828651688893 ], [ 77.441955733212112, 23.237832351687825 ], [ 77.441961833212119, 23.237679151732081 ], [ 77.441852533212099, 23.237675451733146 ], [ 77.44184643321212, 23.237828651688893 ] ] ] } },
{ "type": "Feature", "properties": { }, "geometry": { "type": "Polygon", "coordinates": [ [ [ 77.434385333212106, 23.236207652157205 ], [ 77.434573833212113, 23.236255052143513 ], [ 77.434604633212118, 23.236151552173411 ], [ 77.434416233212119, 23.236104152187103 ], [ 77.434385333212106, 23.236207652157205 ] ] ] } },
{ "type": "Feature", "properties": { }, "geometry": { "type": "Polygon", "coordinates": [ [ [ 77.437142933212115, 23.235188952451484 ], [ 77.437131733212112, 23.235263552429942 ], [ 77.437281533212115, 23.235282552424454 ], [ 77.437292733212104, 23.235208052445973 ], [ 77.437142933212115, 23.235188952451484 ] ] ] } },
{ "type": "Feature", "properties": { }, "geometry": { "type": "Polygon", "coordinates": [ [ [ 77.440277033212126, 23.233500052939366 ], [ 77.440384433212117, 23.233480452945017 ], [ 77.440336133212128, 23.233257353009467 ], [ 77.440228733212109, 23.233277053003778 ], [ 77.440277033212126, 23.233500052939366 ] ] ] } },
{ "type": "Feature", "properties": { }, "geometry": { "type": "Polygon", "coordinates": [ [ [ 77.435272233212117, 23.237280151847362 ], [ 77.435255833212111, 23.237359051824562 ], [ 77.435370033212124, 23.237378951818815 ], [ 77.435386333212094, 23.237300051841611 ], [ 77.435272233212117, 23.237280151847362 ] ] ] } },
{ "type": "Feature", "properties": { }, "geometry": { "type": "Polygon", "coordinates": [ [ [ 77.44181053321212, 23.236093552190162 ], [ 77.441889133212115, 23.236124752181148 ], [ 77.441939833212118, 23.236016652212378 ], [ 77.441861233212109, 23.235985552221365 ], [ 77.44181053321212, 23.236093552190162 ] ] ] } },
{ "type": "Feature", "properties": { }, "geometry": { "type": "Polygon", "coordinates": [ [ [ 77.434451733212114, 23.235709752301037 ], [ 77.434582633212116, 23.235739452292464 ], [ 77.434637833212108, 23.235533752351881 ], [ 77.434507033212114, 23.235504052360465 ], [ 77.434451733212114, 23.235709752301037 ] ] ] } },
{ "type": "Feature", "properties": { }, "geometry": { "type": "Polygon", "coordinates": [ [ [ 77.43352233321211, 23.233781852857962 ], [ 77.433828833212118, 23.233994352796575 ], [ 77.433964533212105, 23.23382925284427 ], [ 77.433658033212126, 23.233616652905681 ], [ 77.43352233321211, 23.233781852857962 ] ] ] } },
{ "type": "Feature", "properties": { }, "geometry": { "type": "Polygon", "coordinates": [ [ [ 77.442004333212111, 23.234965652515996 ], [ 77.442151833212108, 23.234969952514756 ], [ 77.442154933212109, 23.234881852540202 ], [ 77.442007433212112, 23.234877552541452 ], [ 77.442004333212111, 23.234965652515996 ] ] ] } },
{ "type": "Feature", "properties": { }, "geometry": { "type": "Polygon", "coordinates": [ [ [ 77.434589233212108, 23.237297651842308 ], [ 77.434697833212113, 23.237316751836786 ], [ 77.434731833212112, 23.237153451883966 ], [ 77.434623233212108, 23.23713435188948 ], [ 77.434589233212108, 23.237297651842308 ] ] ] } },
{ "type": "Feature", "properties": { }, "geometry": { "type": "Polygon", "coordinates": [ [ [ 77.439910033212101, 23.23412065276009 ], [ 77.440013233212113, 23.234100052766046 ], [ 77.439968133212119, 23.233909152821187 ], [ 77.439864833212113, 23.233929852815205 ], [ 77.439910033212101, 23.23412065276009 ] ] ] } },
{ "type": "Feature", "properties": { }, "geometry": { "type": "Polygon", "coordinates": [ [ [ 77.43781923321211, 23.235935652235778 ], [ 77.437966733212107, 23.235950952231356 ], [ 77.43797913321211, 23.235850152260483 ], [ 77.437831733212121, 23.235834852264901 ], [ 77.43781923321211, 23.235935652235778 ] ] ] } },
{ "type": "Feature", "properties": { }, "geometry": { "type": "Polygon", "coordinates": [ [ [ 77.434780733212094, 23.236101052187998 ], [ 77.434986833212093, 23.236153352172888 ], [ 77.435015633212117, 23.236057452200594 ], [ 77.434809533212118, 23.2360051522157 ], [ 77.434780733212094, 23.236101052187998 ] ] ] } },
{ "type": "Feature", "properties": { }, "geometry": { "type": "Polygon", "coordinates": [ [ [ 77.434364533212118, 23.23629025213334 ], [ 77.434555733212107, 23.236335852120167 ], [ 77.434575933212116, 23.236264052140907 ], [ 77.434384833212121, 23.23621845215408 ], [ 77.434364533212118, 23.23629025213334 ] ] ] } },
{ "type": "Feature", "properties": { }, "geometry": { "type": "Polygon", "coordinates": [ [ [ 77.440391633212116, 23.233482852944327 ], [ 77.440623733212107, 23.233443852955599 ], [ 77.440581533212111, 23.23323125301701 ], [ 77.44034943321212, 23.233270253005745 ], [ 77.440391633212116, 23.233482852944327 ] ] ] } },
{ "type": "Feature", "properties": { }, "geometry": { "type": "Polygon", "coordinates": [ [ [ 77.439303733212114, 23.236121552182077 ], [ 77.439314433212104, 23.235994352218821 ], [ 77.43924313321213, 23.235989252220296 ], [ 77.439232433212098, 23.236116452183545 ], [ 77.439303733212114, 23.236121552182077 ] ] ] } },
{ "type": "Feature", "properties": { }, "geometry": { "type": "Polygon", "coordinates": [ [ [ 77.434944633212098, 23.234273352715984 ], [ 77.435075333212112, 23.234308452705847 ], [ 77.43509523321211, 23.234245752723954 ], [ 77.434964633212132, 23.234210652734095 ], [ 77.434944633212098, 23.234273352715984 ] ] ] } },
{ "type": "Feature", "properties": { }, "geometry": { "type": "Polygon", "coordinates": [ [ [ 77.438884233212107, 23.234536152640068 ], [ 77.439021033212114, 23.234555252634554 ], [ 77.43904223321212, 23.234427352671499 ], [ 77.438905433212113, 23.234408252677014 ], [ 77.438884233212107, 23.234536152640068 ] ] ] } },
{ "type": "Feature", "properties": { }, "geometry": { "type": "Polygon", "coordinates": [ [ [ 77.434849733212133, 23.237537051773138 ], [ 77.434882533212118, 23.237369451821561 ], [ 77.434792533212118, 23.237354551825867 ], [ 77.434759733212132, 23.237522151777444 ], [ 77.434849733212133, 23.237537051773138 ] ] ] } },
{ "type": "Feature", "properties": { }, "geometry": { "type": "Polygon", "coordinates": [ [ [ 77.43813073321212, 23.236612752040173 ], [ 77.43814813321211, 23.236511752069344 ], [ 77.438072233212111, 23.236500652072561 ], [ 77.438054833212135, 23.236601752043352 ], [ 77.43813073321212, 23.236612752040173 ] ] ] } },
{ "type": "Feature", "properties": { }, "geometry": { "type": "Polygon", "coordinates": [ [ [ 77.440980733212115, 23.23218455331935 ], [ 77.441102133212127, 23.232186353318831 ], [ 77.44110343321212, 23.232105653342138 ], [ 77.440982133212103, 23.232103853342661 ], [ 77.440980733212115, 23.23218455331935 ] ] ] } },
{ "type": "Feature", "properties": { }, "geometry": { "type": "Polygon", "coordinates": [ [ [ 77.434991633212135, 23.234143352753538 ], [ 77.435123933212097, 23.234178852743284 ], [ 77.435141633212112, 23.234123352759312 ], [ 77.435009333212093, 23.234087752769604 ], [ 77.434991633212135, 23.234143352753538 ] ] ] } },
{ "type": "Feature", "properties": { }, "geometry": { "type": "Polygon", "coordinates": [ [ [ 77.437776533212102, 23.23610165218782 ], [ 77.437924933212116, 23.236120952182247 ], [ 77.437940033212115, 23.236023152210503 ], [ 77.437791633212129, 23.236003752216106 ], [ 77.437776533212102, 23.23610165218782 ] ] ] } },
{ "type": "Feature", "properties": { }, "geometry": { "type": "Polygon", "coordinates": [ [ [ 77.433414433212107, 23.233882852828785 ], [ 77.433726233212099, 23.234108352763648 ], [ 77.433817433212113, 23.234001952794383 ], [ 77.433505533212113, 23.233776452859527 ], [ 77.433414433212107, 23.233882852828785 ] ] ] } },
{ "type": "Feature", "properties": { }, "geometry": { "type": "Polygon", "coordinates": [ [ [ 77.434206533212119, 23.236916851952319 ], [ 77.43440153321211, 23.236951951942174 ], [ 77.434423733212114, 23.23684785197225 ], [ 77.434228733212109, 23.236812651982419 ], [ 77.434206533212119, 23.236916851952319 ] ] ] } },
{ "type": "Feature", "properties": { }, "geometry": { "type": "Polygon", "coordinates": [ [ [ 77.43468183321211, 23.236726852007205 ], [ 77.43464743321212, 23.236900951956908 ], [ 77.434756033212111, 23.23691915195166 ], [ 77.434790433212115, 23.236745052001943 ], [ 77.43468183321211, 23.236726852007205 ] ] ] } },
{ "type": "Feature", "properties": { }, "geometry": { "type": "Polygon", "coordinates": [ [ [ 77.433203233212112, 23.234174952744411 ], [ 77.433506233212114, 23.234370852687817 ], [ 77.433612533212113, 23.234232152727888 ], [ 77.433309433212116, 23.234036152784505 ], [ 77.433203233212112, 23.234174952744411 ] ] ] } },
{ "type": "Feature", "properties": { }, "geometry": { "type": "Polygon", "coordinates": [ [ [ 77.440863733212112, 23.233384252972819 ], [ 77.440964833212135, 23.233371252976568 ], [ 77.440933333212115, 23.233164153036395 ], [ 77.440832233212106, 23.233177153032639 ], [ 77.440863733212112, 23.233384252972819 ] ] ] } },
{ "type": "Feature", "properties": { }, "geometry": { "type": "Polygon", "coordinates": [ [ [ 77.436385133212113, 23.232553653212737 ], [ 77.436327133212117, 23.232763353152166 ], [ 77.43651403321212, 23.23280825313919 ], [ 77.436574933212114, 23.232586853203152 ], [ 77.436385133212113, 23.232553653212737 ] ] ] } },
{ "type": "Feature", "properties": { }, "geometry": { "type": "Polygon", "coordinates": [ [ [ 77.442082433212107, 23.237664751736247 ], [ 77.442192533212094, 23.237667651735407 ], [ 77.442197933212114, 23.237498851784174 ], [ 77.442087833212128, 23.237495851785035 ], [ 77.442082433212107, 23.237664751736247 ] ] ] } },
{ "type": "Feature", "properties": { }, "geometry": { "type": "Polygon", "coordinates": [ [ [ 77.434860133212112, 23.235798252275472 ], [ 77.435043633212118, 23.23583595226458 ], [ 77.435097233212133, 23.235616052328108 ], [ 77.434913733212113, 23.235578252339025 ], [ 77.434860133212112, 23.235798252275472 ] ] ] } },
{ "type": "Feature", "properties": { }, "geometry": { "type": "Polygon", "coordinates": [ [ [ 77.435189233212114, 23.237607751752716 ], [ 77.435299833212127, 23.237632351745603 ], [ 77.435323333212111, 23.237543351771315 ], [ 77.435212633212117, 23.237518651778455 ], [ 77.435189233212114, 23.237607751752716 ] ] ] } },
{ "type": "Feature", "properties": { }, "geometry": { "type": "Polygon", "coordinates": [ [ [ 77.439013033212106, 23.236237052148713 ], [ 77.439115333212115, 23.236245852146165 ], [ 77.439127433212136, 23.23612695218052 ], [ 77.439025133212098, 23.236118152183053 ], [ 77.439013033212106, 23.236237052148713 ] ] ] } },
{ "type": "Feature", "properties": { }, "geometry": { "type": "Polygon", "coordinates": [ [ [ 77.439016733212114, 23.235167752457613 ], [ 77.439112333212108, 23.235176852454991 ], [ 77.439129033212126, 23.235028952497711 ], [ 77.439033433212117, 23.235019852500347 ], [ 77.439016733212114, 23.235167752457613 ] ] ] } },
{ "type": "Feature", "properties": { }, "geometry": { "type": "Polygon", "coordinates": [ [ [ 77.440692433212106, 23.23152675350935 ], [ 77.440817433212104, 23.231527053509261 ], [ 77.440817733212114, 23.231447853532142 ], [ 77.440692633212109, 23.231447553532224 ], [ 77.440692433212106, 23.23152675350935 ] ] ] } },
{ "type": "Feature", "properties": { }, "geometry": { "type": "Polygon", "coordinates": [ [ [ 77.435593233212117, 23.235864952256211 ], [ 77.435697833212117, 23.235884652250512 ], [ 77.435722833212111, 23.235772652282868 ], [ 77.435618233212111, 23.235752952288557 ], [ 77.435593233212117, 23.235864952256211 ] ] ] } },
{ "type": "Feature", "properties": { }, "geometry": { "type": "Polygon", "coordinates": [ [ [ 77.436642133212104, 23.237472951791656 ], [ 77.43676553321211, 23.237498151784376 ], [ 77.436784233212109, 23.237420751806738 ], [ 77.436660933212124, 23.237395551814014 ], [ 77.436642133212104, 23.237472951791656 ] ] ] } },
{ "type": "Feature", "properties": { }, "geometry": { "type": "Polygon", "coordinates": [ [ [ 77.434995533212117, 23.23407905277211 ], [ 77.435141333212115, 23.234118252760791 ], [ 77.435163233212094, 23.234049552780629 ], [ 77.435017433212096, 23.234010352791959 ], [ 77.434995533212117, 23.23407905277211 ] ] ] } },
{ "type": "Feature", "properties": { }, "geometry": { "type": "Polygon", "coordinates": [ [ [ 77.434011233212118, 23.23535055240481 ], [ 77.43420533321212, 23.235388752393774 ], [ 77.434222433212113, 23.235315352414972 ], [ 77.434028333212126, 23.235277052426042 ], [ 77.434011233212118, 23.23535055240481 ] ] ] } },
{ "type": "Feature", "properties": { }, "geometry": { "type": "Polygon", "coordinates": [ [ [ 77.43980863321211, 23.232544053215509 ], [ 77.439977833212126, 23.232569953208028 ], [ 77.439997933212112, 23.232462753238991 ], [ 77.439849533212126, 23.232314253281881 ], [ 77.43980863321211, 23.232544053215509 ] ] ] } },
{ "type": "Feature", "properties": { }, "geometry": { "type": "Polygon", "coordinates": [ [ [ 77.442037533212115, 23.23696665193793 ], [ 77.442169333212121, 23.236970651936772 ], [ 77.442172233212119, 23.236890451959944 ], [ 77.442040433212114, 23.236886451961102 ], [ 77.442037533212115, 23.23696665193793 ] ] ] } },
{ "type": "Feature", "properties": { }, "geometry": { "type": "Polygon", "coordinates": [ [ [ 77.43849193321212, 23.234959152517874 ], [ 77.438513433212108, 23.234838152552825 ], [ 77.438386333212108, 23.234819052558343 ], [ 77.43836483321212, 23.234940052523392 ], [ 77.43849193321212, 23.234959152517874 ] ] ] } },
{ "type": "Feature", "properties": { }, "geometry": { "type": "Polygon", "coordinates": [ [ [ 77.434311633212118, 23.236507152070676 ], [ 77.43451213321211, 23.236552752057502 ], [ 77.434536633212119, 23.236461752083795 ], [ 77.434336133212113, 23.236416152096968 ], [ 77.434311633212118, 23.236507152070676 ] ] ] } },
{ "type": "Feature", "properties": { }, "geometry": { "type": "Polygon", "coordinates": [ [ [ 77.441953733212117, 23.237664051736445 ], [ 77.442069833212116, 23.237669951734741 ], [ 77.442080633212129, 23.237490651786544 ], [ 77.441964433212121, 23.237484751788244 ], [ 77.441953733212117, 23.237664051736445 ] ] ] } },
{ "type": "Feature", "properties": { }, "geometry": { "type": "Polygon", "coordinates": [ [ [ 77.43490243321213, 23.237549551769533 ], [ 77.435106433212113, 23.237593851756724 ], [ 77.435133033212125, 23.237490551786578 ], [ 77.43492893321212, 23.237446251799369 ], [ 77.43490243321213, 23.237549551769533 ] ] ] } },
{ "type": "Feature", "properties": { }, "geometry": { "type": "Polygon", "coordinates": [ [ [ 77.440254833212109, 23.234041652782913 ], [ 77.440355033212114, 23.234020352789063 ], [ 77.440306133212118, 23.233826252845137 ], [ 77.440205933212113, 23.233847552838988 ], [ 77.440254833212109, 23.234041652782913 ] ] ] } },
{ "type": "Feature", "properties": { }, "geometry": { "type": "Polygon", "coordinates": [ [ [ 77.437882133212113, 23.236794751987592 ], [ 77.438111433212114, 23.236837251975309 ], [ 77.438127433212117, 23.236764251996401 ], [ 77.437898133212116, 23.236721752008684 ], [ 77.437882133212113, 23.236794751987592 ] ] ] } },
{ "type": "Feature", "properties": { }, "geometry": { "type": "Polygon", "coordinates": [ [ [ 77.439130233212111, 23.235183852452963 ], [ 77.439213133212121, 23.235190552451026 ], [ 77.439226133212117, 23.235054952490199 ], [ 77.439143233212121, 23.235048252492138 ], [ 77.439130233212111, 23.235183852452963 ] ] ] } },
{ "type": "Feature", "properties": { }, "geometry": { "type": "Polygon", "coordinates": [ [ [ 77.435101333212117, 23.235790652277664 ], [ 77.43524603321211, 23.235813452271081 ], [ 77.43526883321212, 23.23569145230633 ], [ 77.435124133212113, 23.235668652312917 ], [ 77.435101333212117, 23.235790652277664 ] ] ] } },
{ "type": "Feature", "properties": { }, "geometry": { "type": "Polygon", "coordinates": [ [ [ 77.436819133212111, 23.236468552081828 ], [ 77.436980033212095, 23.236487052076487 ], [ 77.436990233212114, 23.236412152098122 ], [ 77.436829333212117, 23.236393652103473 ], [ 77.436819133212111, 23.236468552081828 ] ] ] } },
{ "type": "Feature", "properties": { }, "geometry": { "type": "Polygon", "coordinates": [ [ [ 77.439919633212099, 23.233535152929225 ], [ 77.440037333212118, 23.233511852935955 ], [ 77.43999103321211, 23.23331465299292 ], [ 77.43987333321212, 23.233338052986163 ], [ 77.439919633212099, 23.233535152929225 ] ] ] } },
{ "type": "Feature", "properties": { }, "geometry": { "type": "Polygon", "coordinates": [ [ [ 77.438392733212112, 23.234749252578514 ], [ 77.438515833212122, 23.234769052572791 ], [ 77.43854213321211, 23.234631552612512 ], [ 77.438419033212114, 23.234611752618232 ], [ 77.438392733212112, 23.234749252578514 ] ] ] } },
{ "type": "Feature", "properties": { }, "geometry": { "type": "Polygon", "coordinates": [ [ [ 77.434296633212128, 23.2359480522322 ], [ 77.434339433212116, 23.235769452283794 ], [ 77.434229933212109, 23.235747252290203 ], [ 77.434187133212134, 23.235925952238581 ], [ 77.434296633212128, 23.2359480522322 ] ] ] } },
{ "type": "Feature", "properties": { }, "geometry": { "type": "Polygon", "coordinates": [ [ [ 77.43463953321212, 23.236576452050656 ], [ 77.434822533212099, 23.236612652040197 ], [ 77.434845133212121, 23.236516052068112 ], [ 77.4346621332121, 23.23647985207856 ], [ 77.43463953321212, 23.236576452050656 ] ] ] } },
{ "type": "Feature", "properties": { }, "geometry": { "type": "Polygon", "coordinates": [ [ [ 77.440977433212112, 23.232285253290261 ], [ 77.441099733212113, 23.232288353289366 ], [ 77.441102433212109, 23.232197753315539 ], [ 77.440980033212128, 23.23219465331643 ], [ 77.440977433212112, 23.232285253290261 ] ] ] } },
{ "type": "Feature", "properties": { }, "geometry": { "type": "Polygon", "coordinates": [ [ [ 77.438669733212109, 23.235576852339431 ], [ 77.438805133212128, 23.235599052333018 ], [ 77.43882363321211, 23.235503452360636 ], [ 77.438688233212119, 23.235481352367024 ], [ 77.438669733212109, 23.235576852339431 ] ] ] } },
{ "type": "Feature", "properties": { }, "geometry": { "type": "Polygon", "coordinates": [ [ [ 77.440965933212112, 23.233356652980785 ], [ 77.4410846332121, 23.233341052985292 ], [ 77.441054633212119, 23.233148053041045 ], [ 77.440935933212117, 23.233163653036538 ], [ 77.440965933212112, 23.233356652980785 ] ] ] } },
{ "type": "Feature", "properties": { }, "geometry": { "type": "Polygon", "coordinates": [ [ [ 77.434644133212103, 23.236917751952056 ], [ 77.434608333212111, 23.237085351903641 ], [ 77.434718433212097, 23.237105251897891 ], [ 77.434754333212126, 23.236937651946306 ], [ 77.434644133212103, 23.236917751952056 ] ] ] } },
{ "type": "Feature", "properties": { }, "geometry": { "type": "Polygon", "coordinates": [ [ [ 77.434383533212127, 23.235664852314006 ], [ 77.434431933212096, 23.235492352363842 ], [ 77.434292133212111, 23.23545925237341 ], [ 77.43424363321212, 23.235631752323574 ], [ 77.434383533212127, 23.235664852314006 ] ] ] } },
{ "type": "Feature", "properties": { }, "geometry": { "type": "Polygon", "coordinates": [ [ [ 77.435389833212128, 23.23583545226473 ], [ 77.435542533212114, 23.235875652253114 ], [ 77.435575133212112, 23.235771052283333 ], [ 77.435422433212096, 23.235730852294946 ], [ 77.435389833212128, 23.23583545226473 ] ] ] } },
{ "type": "Feature", "properties": { }, "geometry": { "type": "Polygon", "coordinates": [ [ [ 77.434529233212118, 23.235976452223994 ], [ 77.434661433212113, 23.236002652216424 ], [ 77.434702333212101, 23.235828052266864 ], [ 77.434570133212105, 23.235801852274435 ], [ 77.434529233212118, 23.235976452223994 ] ] ] } },
{ "type": "Feature", "properties": { }, "geometry": { "type": "Polygon", "coordinates": [ [ [ 77.438455833212117, 23.235123752470326 ], [ 77.438485833212098, 23.234973352513776 ], [ 77.438364133212119, 23.23495285251969 ], [ 77.438334133212109, 23.235103252476243 ], [ 77.438455833212117, 23.235123752470326 ] ] ] } },
{ "type": "Feature", "properties": { }, "geometry": { "type": "Polygon", "coordinates": [ [ [ 77.441890333212115, 23.237034351918368 ], [ 77.442023833212119, 23.237043051915862 ], [ 77.442029833212104, 23.236963551938821 ], [ 77.441896433212108, 23.236954951941307 ], [ 77.441890333212115, 23.237034351918368 ] ] ] } },
{ "type": "Feature", "properties": { }, "geometry": { "type": "Polygon", "coordinates": [ [ [ 77.440432233212121, 23.233023453077031 ], [ 77.440506633212124, 23.233013553079896 ], [ 77.440488233212108, 23.232896053113834 ], [ 77.440413833212119, 23.232905853111003 ], [ 77.440432233212121, 23.233023453077031 ] ] ] } },
{ "type": "Feature", "properties": { }, "geometry": { "type": "Polygon", "coordinates": [ [ [ 77.436482733212117, 23.229040954227301 ], [ 77.436525633212113, 23.228859054279841 ], [ 77.436434033212109, 23.228840854285096 ], [ 77.436391133212112, 23.22902275423256 ], [ 77.436482733212117, 23.229040954227301 ] ] ] } },
{ "type": "Feature", "properties": { }, "geometry": { "type": "Polygon", "coordinates": [ [ [ 77.434604033212125, 23.235712152300344 ], [ 77.434730633212112, 23.235742352291624 ], [ 77.434778933212115, 23.235571052341111 ], [ 77.434652333212114, 23.235540952349805 ], [ 77.434604033212125, 23.235712152300344 ] ] ] } },
{ "type": "Feature", "properties": { }, "geometry": { "type": "Polygon", "coordinates": [ [ [ 77.435023133212113, 23.234008352792536 ], [ 77.435155533212111, 23.234043952782248 ], [ 77.435175233212121, 23.233981952800161 ], [ 77.435042833212123, 23.233946352810442 ], [ 77.435023133212113, 23.234008352792536 ] ] ] } },
{ "type": "Feature", "properties": { }, "geometry": { "type": "Polygon", "coordinates": [ [ [ 77.434340833212119, 23.23636935211049 ], [ 77.434531933212114, 23.236412952097893 ], [ 77.434550033212105, 23.236345752117302 ], [ 77.434359033212132, 23.236302052129936 ], [ 77.434340833212119, 23.23636935211049 ] ] ] } },
{ "type": "Feature", "properties": { }, "geometry": { "type": "Polygon", "coordinates": [ [ [ 77.436483533212112, 23.231548453503077 ], [ 77.436610733212135, 23.231573953495712 ], [ 77.436636033212096, 23.231467153526562 ], [ 77.436508833212116, 23.231441653533928 ], [ 77.436483533212112, 23.231548453503077 ] ] ] } },
{ "type": "Feature", "properties": { }, "geometry": { "type": "Polygon", "coordinates": [ [ [ 77.442042233212106, 23.236881551962519 ], [ 77.442176633212114, 23.236886251961153 ], [ 77.44217933321211, 23.236821251979936 ], [ 77.442044833212108, 23.236816651981258 ], [ 77.442042233212106, 23.236881551962519 ] ] ] } },
{ "type": "Feature", "properties": { }, "geometry": { "type": "Polygon", "coordinates": [ [ [ 77.433021433212105, 23.233848952838578 ], [ 77.433224433212132, 23.233993752796753 ], [ 77.433286533212112, 23.233924252816831 ], [ 77.433086733212107, 23.233775152859895 ], [ 77.433021433212105, 23.233848952838578 ] ] ] } },
{ "type": "Feature", "properties": { }, "geometry": { "type": "Polygon", "coordinates": [ [ [ 77.434978133212113, 23.237306851839644 ], [ 77.435065133212134, 23.237323851834734 ], [ 77.435085933212108, 23.237233851860736 ], [ 77.4349989332121, 23.237216951865616 ], [ 77.434978133212113, 23.237306851839644 ] ] ] } },
{ "type": "Feature", "properties": { }, "geometry": { "type": "Polygon", "coordinates": [ [ [ 77.437760433212119, 23.23632805212242 ], [ 77.437905633212111, 23.236350652115888 ], [ 77.437925233212113, 23.236243852146746 ], [ 77.437780133212101, 23.236221352153244 ], [ 77.437760433212119, 23.23632805212242 ] ] ] } },
{ "type": "Feature", "properties": { }, "geometry": { "type": "Polygon", "coordinates": [ [ [ 77.435320133212116, 23.236001652216711 ], [ 77.4354908332121, 23.236032652207758 ], [ 77.435512733212121, 23.235930852237171 ], [ 77.435342133212103, 23.235899852246117 ], [ 77.435320133212116, 23.236001652216711 ] ] ] } },
{ "type": "Feature", "properties": { }, "geometry": { "type": "Polygon", "coordinates": [ [ [ 77.440330233212109, 23.233027653075819 ], [ 77.44041183321211, 23.233015253079401 ], [ 77.440390733212112, 23.232898353113171 ], [ 77.440309133212125, 23.232910853109559 ], [ 77.440330233212109, 23.233027653075819 ] ] ] } },
{ "type": "Feature", "properties": { }, "geometry": { "type": "Polygon", "coordinates": [ [ [ 77.433311833212116, 23.234032552785546 ], [ 77.433613033212112, 23.234231552728062 ], [ 77.4337154332121, 23.234104752764686 ], [ 77.433414333212113, 23.233903252822902 ], [ 77.433311833212116, 23.234032552785546 ] ] ] } },
{ "type": "Feature", "properties": { }, "geometry": { "type": "Polygon", "coordinates": [ [ [ 77.434418933212129, 23.235963652227689 ], [ 77.434517333212113, 23.235983252222031 ], [ 77.43456223321212, 23.235792152277234 ], [ 77.434463833212135, 23.235772652282868 ], [ 77.434418933212129, 23.235963652227689 ] ] ] } },
{ "type": "Feature", "properties": { }, "geometry": { "type": "Polygon", "coordinates": [ [ [ 77.433093733212104, 23.234328652700007 ], [ 77.433390833212115, 23.234524652643398 ], [ 77.433498033212103, 23.234387352683058 ], [ 77.43320093321212, 23.234191352739671 ], [ 77.433093733212104, 23.234328652700007 ] ] ] } },
{ "type": "Feature", "properties": { }, "geometry": { "type": "Polygon", "coordinates": [ [ [ 77.435399933212096, 23.236444552088759 ], [ 77.435558133212112, 23.236462152083678 ], [ 77.435573233212111, 23.236347452116814 ], [ 77.435415033212109, 23.236329852121905 ], [ 77.435399933212096, 23.236444552088759 ] ] ] } },
{ "type": "Feature", "properties": { }, "geometry": { "type": "Polygon", "coordinates": [ [ [ 77.442443533212113, 23.237659751737688 ], [ 77.442538033212116, 23.237661551737173 ], [ 77.442541433212114, 23.237513751779865 ], [ 77.442446933212111, 23.237511951780391 ], [ 77.442443533212113, 23.237659751737688 ] ] ] } },
{ "type": "Feature", "properties": { }, "geometry": { "type": "Polygon", "coordinates": [ [ [ 77.434404833212113, 23.235963652227689 ], [ 77.434453733212109, 23.235772652282868 ], [ 77.434361633212106, 23.235752752288619 ], [ 77.43431273321211, 23.235943752233435 ], [ 77.434404833212113, 23.235963652227689 ] ] ] } },
{ "type": "Feature", "properties": { }, "geometry": { "type": "Polygon", "coordinates": [ [ [ 77.440650533212121, 23.234711752589341 ], [ 77.440865733212135, 23.234727752584721 ], [ 77.440876833212116, 23.234602352620943 ], [ 77.440661533212108, 23.23458635262557 ], [ 77.440650533212121, 23.234711752589341 ] ] ] } },
{ "type": "Feature", "properties": { }, "geometry": { "type": "Polygon", "coordinates": [ [ [ 77.436464933212108, 23.231668753468337 ], [ 77.436605033212118, 23.231694353460941 ], [ 77.43662773321212, 23.231589453491239 ], [ 77.43648763321211, 23.231563853498628 ], [ 77.436464933212108, 23.231668753468337 ] ] ] } },
{ "type": "Feature", "properties": { }, "geometry": { "type": "Polygon", "coordinates": [ [ [ 77.44190413321212, 23.236873851964738 ], [ 77.442036533212118, 23.2368812519626 ], [ 77.442041033212107, 23.236812951982333 ], [ 77.441908633212108, 23.236805551984471 ], [ 77.44190413321212, 23.236873851964738 ] ] ] } },
{ "type": "Feature", "properties": { }, "geometry": { "type": "Polygon", "coordinates": [ [ [ 77.43485513321211, 23.236617152038903 ], [ 77.435036733212101, 23.236655552027806 ], [ 77.435065433212117, 23.236540952060917 ], [ 77.434883933212134, 23.236502552072007 ], [ 77.43485513321211, 23.236617152038903 ] ] ] } },
{ "type": "Feature", "properties": { }, "geometry": { "type": "Polygon", "coordinates": [ [ [ 77.437002833212119, 23.236488952075934 ], [ 77.437160433212114, 23.236504952071318 ], [ 77.437169633212108, 23.236428352093444 ], [ 77.437012133212107, 23.236412252098098 ], [ 77.437002833212119, 23.236488952075934 ] ] ] } },
{ "type": "Feature", "properties": { }, "geometry": { "type": "Polygon", "coordinates": [ [ [ 77.439056233212114, 23.236104352187045 ], [ 77.439138433212094, 23.236109852185454 ], [ 77.439149433212108, 23.235970852225613 ], [ 77.439067233212114, 23.2359653522272 ], [ 77.439056233212114, 23.236104352187045 ] ] ] } },
{ "type": "Feature", "properties": { }, "geometry": { "type": "Polygon", "coordinates": [ [ [ 77.440580133212123, 23.23152955350854 ], [ 77.440678033212109, 23.231529853508452 ], [ 77.440678233212111, 23.231465753526965 ], [ 77.440580333212111, 23.231465453527047 ], [ 77.440580133212123, 23.23152955350854 ] ] ] } },
{ "type": "Feature", "properties": { }, "geometry": { "type": "Polygon", "coordinates": [ [ [ 77.438675733212108, 23.233652252895393 ], [ 77.43878053321211, 23.233653552895024 ], [ 77.43878253321212, 23.233517352934367 ], [ 77.438677733212117, 23.233516052934743 ], [ 77.438675733212108, 23.233652252895393 ] ] ] } },
{ "type": "Feature", "properties": { }, "geometry": { "type": "Polygon", "coordinates": [ [ [ 77.437384433212117, 23.236575152051035 ], [ 77.437533933212109, 23.236601652043383 ], [ 77.437549133212102, 23.236529152064325 ], [ 77.43739963321211, 23.236502652071977 ], [ 77.437384433212117, 23.236575152051035 ] ] ] } },
{ "type": "Feature", "properties": { }, "geometry": { "type": "Polygon", "coordinates": [ [ [ 77.440903233212126, 23.234766852573426 ], [ 77.441139833212134, 23.234779652569724 ], [ 77.441151533212121, 23.234596052622766 ], [ 77.440915033212093, 23.234583252626464 ], [ 77.440903233212126, 23.234766852573426 ] ] ] } },
{ "type": "Feature", "properties": { }, "geometry": { "type": "Polygon", "coordinates": [ [ [ 77.439747933212118, 23.23286545312267 ], [ 77.43972803321212, 23.232984853088187 ], [ 77.439901133212103, 23.233009253081139 ], [ 77.439921033212116, 23.23288975311565 ], [ 77.439747933212118, 23.23286545312267 ] ] ] } },
{ "type": "Feature", "properties": { }, "geometry": { "type": "Polygon", "coordinates": [ [ [ 77.432882633212131, 23.234040552783231 ], [ 77.433079133212118, 23.234169352746026 ], [ 77.433152633212117, 23.23407465277338 ], [ 77.43295613321213, 23.233945852810589 ], [ 77.432882633212131, 23.234040552783231 ] ] ] } },
{ "type": "Feature", "properties": { }, "geometry": { "type": "Polygon", "coordinates": [ [ [ 77.440143633212116, 23.234070452774599 ], [ 77.440249233212114, 23.234049152780749 ], [ 77.440204233212114, 23.23386075283517 ], [ 77.440098633212116, 23.233882052829017 ], [ 77.440143633212116, 23.234070452774599 ] ] ] } },
{ "type": "Feature", "properties": { }, "geometry": { "type": "Polygon", "coordinates": [ [ [ 77.440519433212117, 23.231689753462273 ], [ 77.440583733212108, 23.231688453462642 ], [ 77.440580433212119, 23.231543353504556 ], [ 77.440516033212106, 23.23154465350418 ], [ 77.440519433212117, 23.231689753462273 ] ] ] } },
{ "type": "Feature", "properties": { }, "geometry": { "type": "Polygon", "coordinates": [ [ [ 77.434408133212116, 23.234997152506892 ], [ 77.434606633212113, 23.235032952496553 ], [ 77.434633533212136, 23.23490685253298 ], [ 77.434435033212111, 23.234871052543323 ], [ 77.434408133212116, 23.234997152506892 ] ] ] } },
{ "type": "Feature", "properties": { }, "geometry": { "type": "Polygon", "coordinates": [ [ [ 77.437700733212111, 23.235015752501525 ], [ 77.437725033212118, 23.234902352534288 ], [ 77.437612433212109, 23.234882052540147 ], [ 77.437588233212111, 23.234995452507388 ], [ 77.437700733212111, 23.235015752501525 ] ] ] } },
{ "type": "Feature", "properties": { }, "geometry": { "type": "Polygon", "coordinates": [ [ [ 77.441856833212128, 23.235329752410813 ], [ 77.442003033212131, 23.235333452409751 ], [ 77.442005333212109, 23.235254452432567 ], [ 77.441859233212114, 23.235250752433632 ], [ 77.441856833212128, 23.235329752410813 ] ] ] } },
{ "type": "Feature", "properties": { }, "geometry": { "type": "Polygon", "coordinates": [ [ [ 77.440501233212117, 23.233152553039741 ], [ 77.440573833212099, 23.233144053042196 ], [ 77.440557233212118, 23.233025453076458 ], [ 77.440484733212116, 23.233033953073999 ], [ 77.440501233212117, 23.233152553039741 ] ] ] } },
{ "type": "Feature", "properties": { }, "geometry": { "type": "Polygon", "coordinates": [ [ [ 77.439796933212108, 23.233559252922259 ], [ 77.439905233212116, 23.233541952927261 ], [ 77.439866333212109, 23.233336152986702 ], [ 77.439758033212115, 23.233353452981714 ], [ 77.439796933212108, 23.233559252922259 ] ] ] } },
{ "type": "Feature", "properties": { }, "geometry": { "type": "Polygon", "coordinates": [ [ [ 77.434697133212097, 23.236363252112248 ], [ 77.43466963321211, 23.236471552080964 ], [ 77.434856033212114, 23.236511552069402 ], [ 77.43488363321211, 23.236403252100693 ], [ 77.434697133212097, 23.236363252112248 ] ] ] } },
{ "type": "Feature", "properties": { }, "geometry": { "type": "Polygon", "coordinates": [ [ [ 77.438237033212104, 23.2360643521986 ], [ 77.438267233212102, 23.235928852237748 ], [ 77.438167433212129, 23.235910052243177 ], [ 77.438137333212111, 23.236045652204002 ], [ 77.438237033212104, 23.2360643521986 ] ] ] } },
{ "type": "Feature", "properties": { }, "geometry": { "type": "Polygon", "coordinates": [ [ [ 77.434698533212114, 23.236357052114041 ], [ 77.434886233212112, 23.236401152101301 ], [ 77.434907833212108, 23.236323552123718 ], [ 77.434720033212102, 23.236279552136434 ], [ 77.434698533212114, 23.236357052114041 ] ] ] } },
{ "type": "Feature", "properties": { }, "geometry": { "type": "Polygon", "coordinates": [ [ [ 77.43628233321212, 23.229003054238252 ], [ 77.436324633212109, 23.228823554290088 ], [ 77.43624003321213, 23.228806754294947 ], [ 77.436197733212111, 23.2289862542431 ], [ 77.43628233321212, 23.229003054238252 ] ] ] } },
{ "type": "Feature", "properties": { }, "geometry": { "type": "Polygon", "coordinates": [ [ [ 77.434384033212112, 23.235103752476103 ], [ 77.434579133212125, 23.235138952465938 ], [ 77.434599533212108, 23.235043452493525 ], [ 77.434404333212115, 23.235008352503662 ], [ 77.434384033212112, 23.235103752476103 ] ] ] } },
{ "type": "Feature", "properties": { }, "geometry": { "type": "Polygon", "coordinates": [ [ [ 77.434113233212102, 23.23737775181916 ], [ 77.434305533212111, 23.237405651811102 ], [ 77.434323633212117, 23.237300451841492 ], [ 77.434131333212093, 23.237272551849554 ], [ 77.434113233212102, 23.23737775181916 ] ] ] } },
{ "type": "Feature", "properties": { }, "geometry": { "type": "Polygon", "coordinates": [ [ [ 77.441175233212107, 23.234128252757898 ], [ 77.441305933212121, 23.234130052757379 ], [ 77.441308833212105, 23.23395775280715 ], [ 77.441178133212134, 23.233955952807669 ], [ 77.441175233212107, 23.234128252757898 ] ] ] } },
{ "type": "Feature", "properties": { }, "geometry": { "type": "Polygon", "coordinates": [ [ [ 77.439786133212124, 23.233565352920504 ], [ 77.439751933212122, 23.233356452980846 ], [ 77.439595933212118, 23.23338115297371 ], [ 77.439568433212102, 23.233585752914607 ], [ 77.439786133212124, 23.233565352920504 ] ] ] } },
{ "type": "Feature", "properties": { }, "geometry": { "type": "Polygon", "coordinates": [ [ [ 77.441899733212111, 23.236947451943479 ], [ 77.442028533212095, 23.236955551941133 ], [ 77.44203363321212, 23.236885551961365 ], [ 77.441904833212106, 23.236877551963669 ], [ 77.441899733212111, 23.236947451943479 ] ] ] } },
{ "type": "Feature", "properties": { }, "geometry": { "type": "Polygon", "coordinates": [ [ [ 77.435027433212099, 23.233927552815874 ], [ 77.435164633212111, 23.233964452805218 ], [ 77.435186333212116, 23.233896052824974 ], [ 77.435049133212104, 23.233859152835631 ], [ 77.435027433212099, 23.233927552815874 ] ] ] } },
{ "type": "Feature", "properties": { }, "geometry": { "type": "Polygon", "coordinates": [ [ [ 77.432957133212113, 23.233939152812525 ], [ 77.43315753321211, 23.234075352773175 ], [ 77.433222433212109, 23.233994752796463 ], [ 77.433021933212117, 23.233858552835809 ], [ 77.432957133212113, 23.233939152812525 ] ] ] } },
{ "type": "Feature", "properties": { }, "geometry": { "type": "Polygon", "coordinates": [ [ [ 77.436291133212109, 23.22900035423903 ], [ 77.436386633212123, 23.22901925423357 ], [ 77.436428833212119, 23.22884025428527 ], [ 77.436333333212133, 23.228821254290754 ], [ 77.436291133212109, 23.22900035423903 ] ] ] } },
{ "type": "Feature", "properties": { }, "geometry": { "type": "Polygon", "coordinates": [ [ [ 77.442321833212119, 23.237805851695484 ], [ 77.442412133212116, 23.237810051694265 ], [ 77.442419533212117, 23.237676351732894 ], [ 77.442329233212121, 23.23767215173411 ], [ 77.442321833212119, 23.237805851695484 ] ] ] } },
{ "type": "Feature", "properties": { }, "geometry": { "type": "Polygon", "coordinates": [ [ [ 77.439125333212132, 23.236250052144953 ], [ 77.439219833212121, 23.236259852142123 ], [ 77.439235233212116, 23.23613555217803 ], [ 77.439140633212119, 23.236125752180861 ], [ 77.439125333212132, 23.236250052144953 ] ] ] } },
{ "type": "Feature", "properties": { }, "geometry": { "type": "Polygon", "coordinates": [ [ [ 77.434127833212116, 23.236165752169303 ], [ 77.434316333212109, 23.23620585215772 ], [ 77.434347933212095, 23.236080052194065 ], [ 77.43415953321211, 23.236040052205624 ], [ 77.434127833212116, 23.236165752169303 ] ] ] } },
{ "type": "Feature", "properties": { }, "geometry": { "type": "Polygon", "coordinates": [ [ [ 77.435050133212115, 23.23385065283809 ], [ 77.43518953321211, 23.233878852829939 ], [ 77.435211933212102, 23.233785652856863 ], [ 77.435072533212107, 23.23375745286501 ], [ 77.435050133212115, 23.23385065283809 ] ] ] } },
{ "type": "Feature", "properties": { }, "geometry": { "type": "Polygon", "coordinates": [ [ [ 77.441862233212106, 23.234876252541824 ], [ 77.441994933212115, 23.234877552541452 ], [ 77.441996033212121, 23.234780252569557 ], [ 77.441863233212132, 23.234779052569898 ], [ 77.441862233212106, 23.234876252541824 ] ] ] } },
{ "type": "Feature", "properties": { }, "geometry": { "type": "Polygon", "coordinates": [ [ [ 77.442046533212121, 23.236814551981869 ], [ 77.442179233212116, 23.236818551980715 ], [ 77.442181533212121, 23.236753251999584 ], [ 77.442048833212112, 23.236749252000738 ], [ 77.442046533212121, 23.236814551981869 ] ] ] } },
{ "type": "Feature", "properties": { }, "geometry": { "type": "Polygon", "coordinates": [ [ [ 77.438971133212135, 23.236099952188315 ], [ 77.439050933212116, 23.23610455218699 ], [ 77.439060333212112, 23.235964652227405 ], [ 77.438980533212103, 23.235960152228699 ], [ 77.438971133212135, 23.236099952188315 ] ] ] } },
{ "type": "Feature", "properties": { }, "geometry": { "type": "Polygon", "coordinates": [ [ [ 77.436811133212117, 23.236620752037862 ], [ 77.43695663321212, 23.236639852032347 ], [ 77.436968533212124, 23.236563052054532 ], [ 77.436823033212107, 23.236543952060043 ], [ 77.436811133212117, 23.236620752037862 ] ] ] } },
{ "type": "Feature", "properties": { }, "geometry": { "type": "Polygon", "coordinates": [ [ [ 77.434111133212113, 23.234978752512216 ], [ 77.434085733212115, 23.235081452482543 ], [ 77.434240633212099, 23.23511385247318 ], [ 77.434266033212111, 23.235011052502884 ], [ 77.434111133212113, 23.234978752512216 ] ] ] } },
{ "type": "Feature", "properties": { }, "geometry": { "type": "Polygon", "coordinates": [ [ [ 77.435996533212119, 23.22895285425275 ], [ 77.436040333212134, 23.228766954306437 ], [ 77.435938733212112, 23.228746754312276 ], [ 77.43589503321212, 23.228932654258585 ], [ 77.435996533212119, 23.22895285425275 ] ] ] } },
{ "type": "Feature", "properties": { }, "geometry": { "type": "Polygon", "coordinates": [ [ [ 77.437197733212116, 23.236598052044414 ], [ 77.437180833212111, 23.236673352022667 ], [ 77.43731903321212, 23.236699552015097 ], [ 77.437336033212119, 23.236624252036847 ], [ 77.437197733212116, 23.236598052044414 ] ] ] } },
{ "type": "Feature", "properties": { }, "geometry": { "type": "Polygon", "coordinates": [ [ [ 77.439397333212128, 23.232809053138965 ], [ 77.439537933212094, 23.232832453132207 ], [ 77.43956293321213, 23.232705153168972 ], [ 77.439422333212107, 23.232681853175706 ], [ 77.439397333212128, 23.232809053138965 ] ] ] } },
{ "type": "Feature", "properties": { }, "geometry": { "type": "Polygon", "coordinates": [ [ [ 77.442318533212116, 23.237660051737599 ], [ 77.442437933212133, 23.237662151736991 ], [ 77.442440933212112, 23.237517351778834 ], [ 77.442321533212109, 23.237515251779438 ], [ 77.442318533212116, 23.237660051737599 ] ] ] } },
{ "type": "Feature", "properties": { }, "geometry": { "type": "Polygon", "coordinates": [ [ [ 77.439752533212115, 23.232860253124176 ], [ 77.439925233212094, 23.232883753117388 ], [ 77.439956933212116, 23.232686853174258 ], [ 77.439784133212115, 23.232663353181053 ], [ 77.439752533212115, 23.232860253124176 ] ] ] } },
{ "type": "Feature", "properties": { }, "geometry": { "type": "Polygon", "coordinates": [ [ [ 77.441860833212118, 23.234770952572241 ], [ 77.441999633212106, 23.234773352571544 ], [ 77.442001133212116, 23.23470315259183 ], [ 77.441862333212114, 23.234700752592527 ], [ 77.441860833212118, 23.234770952572241 ] ] ] } },
{ "type": "Feature", "properties": { }, "geometry": { "type": "Polygon", "coordinates": [ [ [ 77.437009833212102, 23.236580052049622 ], [ 77.43700043321212, 23.236653452028417 ], [ 77.43715553321212, 23.236670152023589 ], [ 77.437164933212102, 23.236596752044797 ], [ 77.437009833212102, 23.236580052049622 ] ] ] } },
{ "type": "Feature", "properties": { }, "geometry": { "type": "Polygon", "coordinates": [ [ [ 77.434061533212116, 23.235185752452413 ], [ 77.434250233212111, 23.235223352441555 ], [ 77.434274233212108, 23.235121852470872 ], [ 77.434085433212118, 23.235084252481734 ], [ 77.434061533212116, 23.235185752452413 ] ] ] } },
{ "type": "Feature", "properties": { }, "geometry": { "type": "Polygon", "coordinates": [ [ [ 77.437026333212103, 23.229175354188495 ], [ 77.437234033212107, 23.229225054174137 ], [ 77.437266333212108, 23.229110954207091 ], [ 77.437058633212118, 23.229061254221445 ], [ 77.437026333212103, 23.229175354188495 ] ] ] } },
{ "type": "Feature", "properties": { }, "geometry": { "type": "Polygon", "coordinates": [ [ [ 77.441375333212093, 23.231925753394101 ], [ 77.441518833212115, 23.231932553392138 ], [ 77.441525333212113, 23.231816253425727 ], [ 77.44138183321212, 23.23180945342769 ], [ 77.441375333212093, 23.231925753394101 ] ] ] } },
{ "type": "Feature", "properties": { }, "geometry": { "type": "Polygon", "coordinates": [ [ [ 77.43609593321213, 23.228979754244978 ], [ 77.43614013321212, 23.228791954299219 ], [ 77.436054433212121, 23.228774854304163 ], [ 77.436010233212116, 23.228962754249892 ], [ 77.43609593321213, 23.228979754244978 ] ] ] } },
{ "type": "Feature", "properties": { }, "geometry": { "type": "Polygon", "coordinates": [ [ [ 77.433988033212117, 23.235458052373748 ], [ 77.434179833212113, 23.235495052363063 ], [ 77.434203433212119, 23.235391752392903 ], [ 77.434011633212108, 23.235354752403587 ], [ 77.433988033212117, 23.235458052373748 ] ] ] } },
{ "type": "Feature", "properties": { }, "geometry": { "type": "Polygon", "coordinates": [ [ [ 77.43773863321212, 23.234889752537928 ], [ 77.437767533212124, 23.234745552579579 ], [ 77.437650233212111, 23.234725652585329 ], [ 77.437621333212121, 23.234869852543675 ], [ 77.43773863321212, 23.234889752537928 ] ] ] } },
{ "type": "Feature", "properties": { }, "geometry": { "type": "Polygon", "coordinates": [ [ [ 77.440110033212122, 23.23329425299881 ], [ 77.440160133212117, 23.233519852933643 ], [ 77.44026533321211, 23.233500152939332 ], [ 77.440215333212109, 23.233274553004506 ], [ 77.440110033212122, 23.23329425299881 ] ] ] } },
{ "type": "Feature", "properties": { }, "geometry": { "type": "Polygon", "coordinates": [ [ [ 77.438189433212116, 23.236300352130424 ], [ 77.438226333212114, 23.236148152174387 ], [ 77.438124533212104, 23.2361273521804 ], [ 77.438087633212106, 23.236279552136434 ], [ 77.438189433212116, 23.236300352130424 ] ] ] } },
{ "type": "Feature", "properties": { }, "geometry": { "type": "Polygon", "coordinates": [ [ [ 77.440251233212109, 23.234272152716329 ], [ 77.440377233212118, 23.234255452721154 ], [ 77.440351133212118, 23.234088152769484 ], [ 77.440225033212101, 23.234104752764686 ], [ 77.440251233212109, 23.234272152716329 ] ] ] } },
{ "type": "Feature", "properties": { }, "geometry": { "type": "Polygon", "coordinates": [ [ [ 77.4345496332121, 23.237497251784642 ], [ 77.43465623321211, 23.237517651778742 ], [ 77.43469883321211, 23.23732925183317 ], [ 77.434592233212101, 23.237308951839033 ], [ 77.4345496332121, 23.237497251784642 ] ] ] } },
{ "type": "Feature", "properties": { }, "geometry": { "type": "Polygon", "coordinates": [ [ [ 77.439676233212111, 23.233972052803018 ], [ 77.439721033212123, 23.234150152751567 ], [ 77.439898033212117, 23.234112652762409 ], [ 77.439853233212119, 23.233934452813884 ], [ 77.439676233212111, 23.233972052803018 ] ] ] } },
{ "type": "Feature", "properties": { }, "geometry": { "type": "Polygon", "coordinates": [ [ [ 77.433297833212094, 23.235767652284316 ], [ 77.433606333212111, 23.235809652272181 ], [ 77.433638133212114, 23.235612252329208 ], [ 77.433329733212119, 23.23557025234134 ], [ 77.433297833212094, 23.235767652284316 ] ] ] } },
{ "type": "Feature", "properties": { }, "geometry": { "type": "Polygon", "coordinates": [ [ [ 77.434115033212109, 23.234951152520189 ], [ 77.434308933212108, 23.234996252507155 ], [ 77.4343471332121, 23.234857652547195 ], [ 77.434153333212109, 23.234812552560221 ], [ 77.434115033212109, 23.234951152520189 ] ] ] } },
{ "type": "Feature", "properties": { }, "geometry": { "type": "Polygon", "coordinates": [ [ [ 77.439207433212118, 23.232970053092462 ], [ 77.439338833212119, 23.232987953087289 ], [ 77.439354733212127, 23.232889153115824 ], [ 77.439223333212126, 23.232871253120994 ], [ 77.439207433212118, 23.232970053092462 ] ] ] } },
{ "type": "Feature", "properties": { }, "geometry": { "type": "Polygon", "coordinates": [ [ [ 77.436669633212119, 23.237296051842765 ], [ 77.436800333212119, 23.237323251834908 ], [ 77.436818633212098, 23.237248951856369 ], [ 77.436687833212119, 23.237221851864195 ], [ 77.436669633212119, 23.237296051842765 ] ] ] } },
{ "type": "Feature", "properties": { }, "geometry": { "type": "Polygon", "coordinates": [ [ [ 77.439299033212109, 23.235171452456548 ], [ 77.439385433212109, 23.235175852455278 ], [ 77.439392533212114, 23.235060352488635 ], [ 77.439306033212105, 23.235055852489939 ], [ 77.439299033212109, 23.235171452456548 ] ] ] } },
{ "type": "Feature", "properties": { }, "geometry": { "type": "Polygon", "coordinates": [ [ [ 77.441951433212097, 23.236307052128485 ], [ 77.442012133212103, 23.236194852160903 ], [ 77.44193063321211, 23.236157652171645 ], [ 77.441869933212118, 23.236269852139237 ], [ 77.441951433212097, 23.236307052128485 ] ] ] } },
{ "type": "Feature", "properties": { }, "geometry": { "type": "Polygon", "coordinates": [ [ [ 77.43496093321211, 23.234204852735772 ], [ 77.43510073321211, 23.234242452724914 ], [ 77.435118233212094, 23.234187452740798 ], [ 77.434978333212115, 23.234149952751629 ], [ 77.43496093321211, 23.234204852735772 ] ] ] } },
{ "type": "Feature", "properties": { }, "geometry": { "type": "Polygon", "coordinates": [ [ [ 77.441897433212119, 23.236536252062276 ], [ 77.442058333212103, 23.236547952058892 ], [ 77.44207073321212, 23.236403652100577 ], [ 77.441909833212108, 23.236391952103961 ], [ 77.441897433212119, 23.236536252062276 ] ] ] } },
{ "type": "Feature", "properties": { }, "geometry": { "type": "Polygon", "coordinates": [ [ [ 77.435230733212094, 23.237362951823442 ], [ 77.435256433212132, 23.237269351850475 ], [ 77.435168933212097, 23.237249051856345 ], [ 77.435143333212125, 23.237342751829278 ], [ 77.435230733212094, 23.237362951823442 ] ] ] } },
{ "type": "Feature", "properties": { }, "geometry": { "type": "Polygon", "coordinates": [ [ [ 77.440742233212106, 23.233369352977117 ], [ 77.440853533212106, 23.233352252982058 ], [ 77.440820833212115, 23.233172553033967 ], [ 77.440709533212114, 23.233189653029029 ], [ 77.440742233212106, 23.233369352977117 ] ] ] } },
{ "type": "Feature", "properties": { }, "geometry": { "type": "Polygon", "coordinates": [ [ [ 77.433454933212118, 23.236534852062679 ], [ 77.433687033212109, 23.236536652062149 ], [ 77.43368853321212, 23.236369252110517 ], [ 77.433456533212109, 23.23636745211104 ], [ 77.433454933212118, 23.236534852062679 ] ] ] } },
{ "type": "Feature", "properties": { }, "geometry": { "type": "Polygon", "coordinates": [ [ [ 77.436488433212119, 23.229045754225918 ], [ 77.436595433212119, 23.229067054219765 ], [ 77.436638633212112, 23.22888395427265 ], [ 77.436531533212118, 23.228862654278803 ], [ 77.436488433212119, 23.229045754225918 ] ] ] } },
{ "type": "Feature", "properties": { }, "geometry": { "type": "Polygon", "coordinates": [ [ [ 77.44219783321212, 23.237657951738207 ], [ 77.442296433212121, 23.237661751737114 ], [ 77.442303833212108, 23.237500951783566 ], [ 77.442205133212113, 23.23749715178467 ], [ 77.44219783321212, 23.237657951738207 ] ] ] } },
{ "type": "Feature", "properties": { }, "geometry": { "type": "Polygon", "coordinates": [ [ [ 77.435217333212108, 23.237503551782815 ], [ 77.435328633212123, 23.237527051776027 ], [ 77.435351933212132, 23.237433751802985 ], [ 77.435240533212109, 23.237410351809743 ], [ 77.435217333212108, 23.237503551782815 ] ] ] } },
{ "type": "Feature", "properties": { }, "geometry": { "type": "Polygon", "coordinates": [ [ [ 77.436385133212113, 23.232553653212737 ], [ 77.436574933212114, 23.232586853203152 ], [ 77.43659693321213, 23.232480653233818 ], [ 77.436407133212114, 23.23244735324344 ], [ 77.436385133212113, 23.232553653212737 ] ] ] } },
{ "type": "Feature", "properties": { }, "geometry": { "type": "Polygon", "coordinates": [ [ [ 77.436661733212119, 23.237388751815985 ], [ 77.436785333212129, 23.237412851809026 ], [ 77.436802533212116, 23.237338251830579 ], [ 77.436678933212107, 23.237314151837534 ], [ 77.436661733212119, 23.237388751815985 ] ] ] } },
{ "type": "Feature", "properties": { }, "geometry": { "type": "Polygon", "coordinates": [ [ [ 77.439220233212112, 23.235176952454964 ], [ 77.439291133212095, 23.235182552453342 ], [ 77.439303133212121, 23.235052152491008 ], [ 77.439232333212118, 23.235046652492603 ], [ 77.439220233212112, 23.235176952454964 ] ] ] } },
{ "type": "Feature", "properties": { }, "geometry": { "type": "Polygon", "coordinates": [ [ [ 77.442042033212118, 23.236344952117538 ], [ 77.442101733212098, 23.236236052149003 ], [ 77.442022433212117, 23.236199352159598 ], [ 77.441962733212108, 23.236308252128143 ], [ 77.442042033212118, 23.236344952117538 ] ] ] } },
{ "type": "Feature", "properties": { }, "geometry": { "type": "Polygon", "coordinates": [ [ [ 77.436185433212117, 23.228995854240331 ], [ 77.436228333212114, 23.228813754292919 ], [ 77.43614653321211, 23.228797454297627 ], [ 77.436103633212099, 23.228979654245002 ], [ 77.436185433212117, 23.228995854240331 ] ] ] } },
{ "type": "Feature", "properties": { }, "geometry": { "type": "Polygon", "coordinates": [ [ [ 77.43886743321211, 23.236083852192973 ], [ 77.438955233212113, 23.236087452191928 ], [ 77.438961833212119, 23.235952752230844 ], [ 77.438874033212102, 23.235949152231882 ], [ 77.43886743321211, 23.236083852192973 ] ] ] } },
{ "type": "Feature", "properties": { }, "geometry": { "type": "Polygon", "coordinates": [ [ [ 77.439307533212116, 23.232326753278276 ], [ 77.439486033212106, 23.232351853271027 ], [ 77.439505433212119, 23.232235953304503 ], [ 77.439326833212121, 23.232210853311752 ], [ 77.439307533212116, 23.232326753278276 ] ] ] } },
{ "type": "Feature", "properties": { }, "geometry": { "type": "Polygon", "coordinates": [ [ [ 77.434804433212093, 23.234093552767927 ], [ 77.434960733212094, 23.234130552757236 ], [ 77.4349776332121, 23.234070152774684 ], [ 77.434821433212107, 23.234033152785372 ], [ 77.434804433212093, 23.234093552767927 ] ] ] } },
{ "type": "Feature", "properties": { }, "geometry": { "type": "Polygon", "coordinates": [ [ [ 77.442033533212111, 23.23705195191328 ], [ 77.442165633212099, 23.237059351911149 ], [ 77.442170833212117, 23.236980251934 ], [ 77.442038733212115, 23.236972851936144 ], [ 77.442033533212111, 23.23705195191328 ] ] ] } },
{ "type": "Feature", "properties": { }, "geometry": { "type": "Polygon", "coordinates": [ [ [ 77.434815733212119, 23.235992352219398 ], [ 77.435014833212122, 23.236040852205388 ], [ 77.435040833212113, 23.235950852231387 ], [ 77.43484173321211, 23.235902352245397 ], [ 77.434815733212119, 23.235992352219398 ] ] ] } },
{ "type": "Feature", "properties": { }, "geometry": { "type": "Polygon", "coordinates": [ [ [ 77.439147433212113, 23.236111052185109 ], [ 77.439230733212113, 23.236115852183726 ], [ 77.439240033212101, 23.235979152223216 ], [ 77.439156833212124, 23.235974252224629 ], [ 77.439147433212113, 23.236111052185109 ] ] ] } },
{ "type": "Feature", "properties": { }, "geometry": { "type": "Polygon", "coordinates": [ [ [ 77.440259233212103, 23.232716553165684 ], [ 77.440400033212114, 23.232736353159964 ], [ 77.440417033212114, 23.232633853189565 ], [ 77.440276233212117, 23.232614153195257 ], [ 77.440259233212103, 23.232716553165684 ] ] ] } },
{ "type": "Feature", "properties": { }, "geometry": { "type": "Polygon", "coordinates": [ [ [ 77.438152833212115, 23.236486452076658 ], [ 77.438173633212116, 23.23637375210922 ], [ 77.438097433212135, 23.236361852112651 ], [ 77.438076633212134, 23.236474652080069 ], [ 77.438152833212115, 23.236486452076658 ] ] ] } },
{ "type": "Feature", "properties": { }, "geometry": { "type": "Polygon", "coordinates": [ [ [ 77.43945323321212, 23.23256765320869 ], [ 77.439620833212118, 23.232588653202626 ], [ 77.439632233212109, 23.232511853224807 ], [ 77.439464633212111, 23.232490853230878 ], [ 77.43945323321212, 23.23256765320869 ] ] ] } },
{ "type": "Feature", "properties": { }, "geometry": { "type": "Polygon", "coordinates": [ [ [ 77.441963733212134, 23.237850751682505 ], [ 77.442081133212113, 23.237854451681432 ], [ 77.442086833212102, 23.237701351725669 ], [ 77.441969533212102, 23.237697651726737 ], [ 77.441963733212134, 23.237850751682505 ] ] ] } },
{ "type": "Feature", "properties": { }, "geometry": { "type": "Polygon", "coordinates": [ [ [ 77.439498733212119, 23.232356753269617 ], [ 77.439655933212109, 23.232378653263282 ], [ 77.439675833212121, 23.232257953298152 ], [ 77.439518733212111, 23.232236053304476 ], [ 77.439498733212119, 23.232356753269617 ] ] ] } },
{ "type": "Feature", "properties": { }, "geometry": { "type": "Polygon", "coordinates": [ [ [ 77.434973433212122, 23.237453851797174 ], [ 77.43506483321211, 23.2374641517942 ], [ 77.435075033212115, 23.237388151816159 ], [ 77.434983733212121, 23.23737775181916 ], [ 77.434973433212122, 23.237453851797174 ] ] ] } },
{ "type": "Feature", "properties": { }, "geometry": { "type": "Polygon", "coordinates": [ [ [ 77.441177233212116, 23.234772352571838 ], [ 77.44143393321211, 23.234786752567675 ], [ 77.441443333212121, 23.23464635260823 ], [ 77.441186533212118, 23.234631852612424 ], [ 77.441177233212116, 23.234772352571838 ] ] ] } },
{ "type": "Feature", "properties": { }, "geometry": { "type": "Polygon", "coordinates": [ [ [ 77.442015333212112, 23.236173352167111 ], [ 77.442079133212118, 23.236059952199874 ], [ 77.441995433212114, 23.236020152211374 ], [ 77.441931533212099, 23.236133552178604 ], [ 77.442015333212112, 23.236173352167111 ] ] ] } },
{ "type": "Feature", "properties": { }, "geometry": { "type": "Polygon", "coordinates": [ [ [ 77.439430333212115, 23.241613050595451 ], [ 77.439525433212097, 23.241612450595632 ], [ 77.439524933212113, 23.241554150612473 ], [ 77.439429933212111, 23.241554750612298 ], [ 77.439430333212115, 23.241613050595451 ] ] ] } },
{ "type": "Feature", "properties": { }, "geometry": { "type": "Polygon", "coordinates": [ [ [ 77.439945833212121, 23.238307451550558 ], [ 77.43991203321211, 23.23843995151228 ], [ 77.440085933212117, 23.238477551501415 ], [ 77.440119833212108, 23.238345051539696 ], [ 77.439945833212121, 23.238307451550558 ] ] ] } },
{ "type": "Feature", "properties": { }, "geometry": { "type": "Polygon", "coordinates": [ [ [ 77.43714063321211, 23.2407068508573 ], [ 77.437271733212114, 23.240729250850826 ], [ 77.43728113321211, 23.240682850864236 ], [ 77.437150033212106, 23.240660450870703 ], [ 77.43714063321211, 23.2407068508573 ] ] ] } },
{ "type": "Feature", "properties": { }, "geometry": { "type": "Polygon", "coordinates": [ [ [ 77.439260833212131, 23.241644350586409 ], [ 77.439311433212112, 23.241643350586696 ], [ 77.439310433212114, 23.241600850598978 ], [ 77.439259833212105, 23.241601850598684 ], [ 77.439260833212131, 23.241644350586409 ] ] ] } },
{ "type": "Feature", "properties": { }, "geometry": { "type": "Polygon", "coordinates": [ [ [ 77.439981733212122, 23.23821255157798 ], [ 77.439958133212116, 23.238306151550937 ], [ 77.440127533212134, 23.238342251540505 ], [ 77.440151133212098, 23.238248651567545 ], [ 77.439981733212122, 23.23821255157798 ] ] ] } },
{ "type": "Feature", "properties": { }, "geometry": { "type": "Polygon", "coordinates": [ [ [ 77.440218033212119, 23.238379551529729 ], [ 77.440355533212113, 23.238410251520857 ], [ 77.440368533212094, 23.238360851535138 ], [ 77.440231033212115, 23.238330251543974 ], [ 77.440218033212119, 23.238379551529729 ] ] ] } },
{ "type": "Feature", "properties": { }, "geometry": { "type": "Polygon", "coordinates": [ [ [ 77.439758133212109, 23.238261851563738 ], [ 77.439728833212115, 23.238360051535363 ], [ 77.439913133212116, 23.238406451521957 ], [ 77.439942433212124, 23.238308251550329 ], [ 77.439758133212109, 23.238261851563738 ] ] ] } },
{ "type": "Feature", "properties": { }, "geometry": { "type": "Polygon", "coordinates": [ [ [ 77.436089233212115, 23.241673350578029 ], [ 77.436191233212114, 23.241694750571849 ], [ 77.436218633212121, 23.241584050603837 ], [ 77.436116633212109, 23.241562750609987 ], [ 77.436089233212115, 23.241673350578029 ] ] ] } },
{ "type": "Feature", "properties": { }, "geometry": { "type": "Polygon", "coordinates": [ [ [ 77.439366333212106, 23.241602150598599 ], [ 77.4394229332121, 23.241601050598927 ], [ 77.439421933212117, 23.241558450611226 ], [ 77.439365333212109, 23.241559550610916 ], [ 77.439366333212106, 23.241602150598599 ] ] ] } },
{ "type": "Feature", "properties": { }, "geometry": { "type": "Polygon", "coordinates": [ [ [ 77.440178133212115, 23.238527251487053 ], [ 77.440253833212111, 23.238548151481019 ], [ 77.440269133212112, 23.23850155149448 ], [ 77.44019343321213, 23.238480651500517 ], [ 77.440178133212115, 23.238527251487053 ] ] ] } },
{ "type": "Feature", "properties": { }, "geometry": { "type": "Polygon", "coordinates": [ [ [ 77.438948933212117, 23.241649350584964 ], [ 77.438969533212116, 23.241685350574564 ], [ 77.439039533212096, 23.241651450584357 ], [ 77.439018933212111, 23.241615450594757 ], [ 77.438948933212117, 23.241649350584964 ] ] ] } },
{ "type": "Feature", "properties": { }, "geometry": { "type": "Polygon", "coordinates": [ [ [ 77.43926813321211, 23.241597250600019 ], [ 77.439334633212113, 23.241595950600395 ], [ 77.439333833212117, 23.241559650610885 ], [ 77.439267233212135, 23.241560950610509 ], [ 77.43926813321211, 23.241597250600019 ] ] ] } },
{ "type": "Feature", "properties": { }, "geometry": { "type": "Polygon", "coordinates": [ [ [ 77.440327033212114, 23.237964551649632 ], [ 77.440450933212105, 23.237999051639662 ], [ 77.440476833212117, 23.237920351662403 ], [ 77.440352933212111, 23.23788595167234 ], [ 77.440327033212114, 23.237964551649632 ] ] ] } },
{ "type": "Feature", "properties": { }, "geometry": { "type": "Polygon", "coordinates": [ [ [ 77.440339433212131, 23.238223051574945 ], [ 77.440424733212097, 23.238242051569458 ], [ 77.440443533212118, 23.238170951589996 ], [ 77.440358333212117, 23.238151851595514 ], [ 77.440339433212131, 23.238223051574945 ] ] ] } },
{ "type": "Feature", "properties": { }, "geometry": { "type": "Polygon", "coordinates": [ [ [ 77.44050263321212, 23.238069851619205 ], [ 77.44061153321212, 23.238089651613482 ], [ 77.440621533212123, 23.238043351626864 ], [ 77.440512633212109, 23.238023651632556 ], [ 77.44050263321212, 23.238069851619205 ] ] ] } },
{ "type": "Feature", "properties": { }, "geometry": { "type": "Polygon", "coordinates": [ [ [ 77.44019503321212, 23.238479651500811 ], [ 77.440294633212119, 23.238504851493524 ], [ 77.44030843321211, 23.238458851506813 ], [ 77.440208833212111, 23.238433651514097 ], [ 77.44019503321212, 23.238479651500811 ] ] ] } },
{ "type": "Feature", "properties": { }, "geometry": { "type": "Polygon", "coordinates": [ [ [ 77.439316333212119, 23.241648050585344 ], [ 77.439413533212118, 23.241649250584992 ], [ 77.439414133212097, 23.24161315059542 ], [ 77.439316933212112, 23.241611950595768 ], [ 77.439316333212119, 23.241648050585344 ] ] ] } },
{ "type": "Feature", "properties": { }, "geometry": { "type": "Polygon", "coordinates": [ [ [ 77.440434733212115, 23.237869951676963 ], [ 77.440427333212128, 23.237899351668467 ], [ 77.440499733212121, 23.237914751664011 ], [ 77.440507133212094, 23.23788535167251 ], [ 77.440434733212115, 23.237869951676963 ] ] ] } },
{ "type": "Feature", "properties": { }, "geometry": { "type": "Polygon", "coordinates": [ [ [ 77.44024763321211, 23.238305851551019 ], [ 77.440367733212099, 23.238329251544258 ], [ 77.440384733212127, 23.238255451565582 ], [ 77.440264733212118, 23.23823205157235 ], [ 77.44024763321211, 23.238305851551019 ] ] ] } },
{ "type": "Feature", "properties": { }, "geometry": { "type": "Polygon", "coordinates": [ [ [ 77.43941893321211, 23.241660650581697 ], [ 77.439514833212115, 23.241664950580457 ], [ 77.439517333212081, 23.241618450593894 ], [ 77.439421433212118, 23.241614150595133 ], [ 77.43941893321211, 23.241660650581697 ] ] ] } },
{ "type": "Feature", "properties": { }, "geometry": { "type": "Polygon", "coordinates": [ [ [ 77.44022153321211, 23.238430651514964 ], [ 77.44030873321212, 23.238451251509019 ], [ 77.440314533212131, 23.238430351515053 ], [ 77.440227433212101, 23.238409751521008 ], [ 77.44022153321211, 23.238430651514964 ] ] ] } },
{ "type": "Feature", "properties": { }, "geometry": { "type": "Polygon", "coordinates": [ [ [ 77.436086233212123, 23.241663150580983 ], [ 77.436113233212097, 23.241554350612414 ], [ 77.436024233212123, 23.241535750617789 ], [ 77.435997333212114, 23.241644550586358 ], [ 77.436086233212123, 23.241663150580983 ] ] ] } },
{ "type": "Feature", "properties": { }, "geometry": { "type": "Polygon", "coordinates": [ [ [ 77.440552133212094, 23.238016851634519 ], [ 77.44063123321213, 23.238029851630763 ], [ 77.440652933212121, 23.237958651651333 ], [ 77.440534833212098, 23.237915751663731 ], [ 77.440552133212094, 23.238016851634519 ] ] ] } },
{ "type": "Feature", "properties": { }, "geometry": { "type": "Polygon", "coordinates": [ [ [ 77.439673633212109, 23.241763650551935 ], [ 77.439676833212133, 23.241717850565173 ], [ 77.439626033212107, 23.241714850566041 ], [ 77.439622833212127, 23.241760650552806 ], [ 77.439673633212109, 23.241763650551935 ] ] ] } },
{ "type": "Feature", "properties": { }, "geometry": { "type": "Polygon", "coordinates": [ [ [ 77.440261733212111, 23.238202351580927 ], [ 77.440318833212132, 23.238213451577717 ], [ 77.440343533212115, 23.238106251608691 ], [ 77.440286533212102, 23.238095151611898 ], [ 77.440261733212111, 23.238202351580927 ] ] ] } },
{ "type": "Feature", "properties": { }, "geometry": { "type": "Polygon", "coordinates": [ [ [ 77.439645033212116, 23.241685950574393 ], [ 77.439694633212099, 23.241688450573665 ], [ 77.439697833212094, 23.241633250589615 ], [ 77.439648233212111, 23.241630850590312 ], [ 77.439645033212116, 23.241685950574393 ] ] ] } },
{ "type": "Feature", "properties": { }, "geometry": { "type": "Polygon", "coordinates": [ [ [ 77.439522433212119, 23.241669850579047 ], [ 77.439617633212109, 23.241673550577968 ], [ 77.439619433212101, 23.241633650589502 ], [ 77.439524233212097, 23.241629950590568 ], [ 77.439522433212119, 23.241669850579047 ] ] ] } },
{ "type": "Feature", "properties": { }, "geometry": { "type": "Polygon", "coordinates": [ [ [ 77.439764233212117, 23.23825625156536 ], [ 77.439950533212098, 23.238300851552466 ], [ 77.439976333212101, 23.238209851578759 ], [ 77.439789933212111, 23.238165351591615 ], [ 77.439764233212117, 23.23825625156536 ] ] ] } },
{ "type": "Feature", "properties": { }, "geometry": { "type": "Polygon", "coordinates": [ [ [ 77.44036003321213, 23.23785575168106 ], [ 77.44035223321211, 23.23788245167335 ], [ 77.440409333212116, 23.237896651669246 ], [ 77.440417633212121, 23.237866851677861 ], [ 77.44036003321213, 23.23785575168106 ] ] ] } },
{ "type": "Feature", "properties": { }, "geometry": { "type": "Polygon", "coordinates": [ [ [ 77.439982633212111, 23.235739852292348 ], [ 77.440097933212115, 23.235744152291101 ], [ 77.440102133212108, 23.235651052318001 ], [ 77.439986733212095, 23.235646752319248 ], [ 77.439982633212111, 23.235739852292348 ] ] ] } },
{ "type": "Feature", "properties": { }, "geometry": { "type": "Polygon", "coordinates": [ [ [ 77.439833733212112, 23.235403452389519 ], [ 77.439980633212116, 23.235411452387215 ], [ 77.43998623321211, 23.235324352412373 ], [ 77.439839433212128, 23.235316252414719 ], [ 77.439833733212112, 23.235403452389519 ] ] ] } },
{ "type": "Feature", "properties": { }, "geometry": { "type": "Polygon", "coordinates": [ [ [ 77.439955833212096, 23.235957352229512 ], [ 77.440089933212121, 23.235965952227023 ], [ 77.440097233212114, 23.235870052254729 ], [ 77.439963133212117, 23.235861452257211 ], [ 77.439955833212096, 23.235957352229512 ] ] ] } },
{ "type": "Feature", "properties": { }, "geometry": { "type": "Polygon", "coordinates": [ [ [ 77.439795333212118, 23.235614252328627 ], [ 77.4399385332121, 23.235622952326118 ], [ 77.439949633212123, 23.23546935237048 ], [ 77.439806433212112, 23.235460552373027 ], [ 77.439795333212118, 23.235614252328627 ] ] ] } },
{ "type": "Feature", "properties": { }, "geometry": { "type": "Polygon", "coordinates": [ [ [ 77.439817033212108, 23.235733652294133 ], [ 77.439937733212105, 23.235739252292522 ], [ 77.439942633212112, 23.235648752318664 ], [ 77.439821933212116, 23.235643152320275 ], [ 77.439817033212108, 23.235733652294133 ] ] ] } },
{ "type": "Feature", "properties": { }, "geometry": { "type": "Polygon", "coordinates": [ [ [ 77.439999433212122, 23.235614152328655 ], [ 77.440103233212128, 23.235619152327214 ], [ 77.440111333212101, 23.235477952368008 ], [ 77.440007533212111, 23.235472952369445 ], [ 77.439999433212122, 23.235614152328655 ] ] ] } },
{ "type": "Feature", "properties": { }, "geometry": { "type": "Polygon", "coordinates": [ [ [ 77.439851833212131, 23.235293752421217 ], [ 77.439996733212112, 23.235306052417659 ], [ 77.440005633212095, 23.235217752443173 ], [ 77.439860733212114, 23.235205452446724 ], [ 77.439851833212131, 23.235293752421217 ] ] ] } },
{ "type": "Feature", "properties": { }, "geometry": { "type": "Polygon", "coordinates": [ [ [ 77.440036233212112, 23.235316552414631 ], [ 77.440155633212115, 23.235322652412869 ], [ 77.440162033212118, 23.2352176524432 ], [ 77.44004273321211, 23.235211452444986 ], [ 77.440036233212112, 23.235316552414631 ] ] ] } },
{ "type": "Feature", "properties": { }, "geometry": { "type": "Polygon", "coordinates": [ [ [ 77.439993233212107, 23.2381844515861 ], [ 77.440139233212122, 23.238220451575696 ], [ 77.44018713321212, 23.238056351623108 ], [ 77.440041133212119, 23.238020351633509 ], [ 77.439993233212107, 23.2381844515861 ] ] ] } },
{ "type": "Feature", "properties": { }, "geometry": { "type": "Polygon", "coordinates": [ [ [ 77.439996633212118, 23.238149951596064 ], [ 77.440049133212113, 23.237969851648103 ], [ 77.439901833212119, 23.237933551658582 ], [ 77.439849333212095, 23.238113651606554 ], [ 77.439996633212118, 23.238149951596064 ] ] ] } },
{ "type": "Feature", "properties": { }, "geometry": { "type": "Polygon", "coordinates": [ [ [ 77.42704613321213, 23.226464654971323 ], [ 77.427176633212113, 23.226565454942207 ], [ 77.427210833212115, 23.226528054953011 ], [ 77.427196333212109, 23.226516754956275 ], [ 77.427234933212119, 23.226474654968435 ], [ 77.427207233212116, 23.226453254974615 ], [ 77.427240233212117, 23.226417254985005 ], [ 77.427251833212125, 23.22642625498241 ], [ 77.427278833212128, 23.22639665499096 ], [ 77.427203733212096, 23.226338555007732 ], [ 77.427090533212109, 23.226462354971979 ], [ 77.427065733212117, 23.226443254977504 ], [ 77.42704613321213, 23.226464654971323 ] ] ] } },
{ "type": "Feature", "properties": { }, "geometry": { "type": "Polygon", "coordinates": [ [ [ 77.424543533212116, 23.227388954704399 ], [ 77.424542533212119, 23.227443454688665 ], [ 77.424618633212106, 23.227444654688316 ], [ 77.424619633212131, 23.227390054704081 ], [ 77.424543533212116, 23.227388954704399 ] ] ] } },
{ "type": "Feature", "properties": { }, "geometry": { "type": "Polygon", "coordinates": [ [ [ 77.426672833212095, 23.22603315509593 ], [ 77.426726333212116, 23.226110355073633 ], [ 77.426883233212124, 23.226018555100147 ], [ 77.426829733212116, 23.225941255122461 ], [ 77.426672833212095, 23.22603315509593 ] ] ] } },
{ "type": "Feature", "properties": { }, "geometry": { "type": "Polygon", "coordinates": [ [ [ 77.425919133212133, 23.226889954848499 ], [ 77.425924533212111, 23.226993054818728 ], [ 77.42602843321211, 23.226988454820059 ], [ 77.426023033212118, 23.226885354849834 ], [ 77.425919133212133, 23.226889954848499 ] ] ] } },
{ "type": "Feature", "properties": { }, "geometry": { "type": "Polygon", "coordinates": [ [ [ 77.425776222141423, 23.226098703383425 ], [ 77.425764822141403, 23.22621920336023 ], [ 77.425919722141415, 23.226231503357859 ], [ 77.425931122141407, 23.226111003381057 ], [ 77.425776222141423, 23.226098703383425 ] ] ] } },
{ "type": "Feature", "properties": { }, "geometry": { "type": "Polygon", "coordinates": [ [ [ 77.4283088332121, 23.22725625474272 ], [ 77.428309033212116, 23.227339154718784 ], [ 77.428450833212096, 23.227338854718869 ], [ 77.428450633212108, 23.227255954742809 ], [ 77.4283088332121, 23.22725625474272 ] ] ] } },
{ "type": "Feature", "properties": { }, "geometry": { "type": "Polygon", "coordinates": [ [ [ 77.426734533212098, 23.226125555069245 ], [ 77.426815533212107, 23.226238855036524 ], [ 77.426997233212106, 23.226129155068204 ], [ 77.426916233212111, 23.226015855100922 ], [ 77.426734533212098, 23.226125555069245 ] ] ] } },
{ "type": "Feature", "properties": { }, "geometry": { "type": "Polygon", "coordinates": [ [ [ 77.424400033212109, 23.227371654709394 ], [ 77.424397833212126, 23.227424754694059 ], [ 77.424516233212131, 23.227428754692902 ], [ 77.424518333212134, 23.227375654708244 ], [ 77.424400033212109, 23.227371654709394 ] ] ] } },
{ "type": "Feature", "properties": { }, "geometry": { "type": "Polygon", "coordinates": [ [ [ 77.42686923321213, 23.22623645503722 ], [ 77.426949733212112, 23.226324855011697 ], [ 77.427088433212106, 23.226218155042503 ], [ 77.42700793321211, 23.226129855068002 ], [ 77.42686923321213, 23.22623645503722 ] ] ] } },
{ "type": "Feature", "properties": { }, "geometry": { "type": "Polygon", "coordinates": [ [ [ 77.425573833212098, 23.226112755072936 ], [ 77.425567633212125, 23.226226855039986 ], [ 77.425701733212108, 23.226233055038204 ], [ 77.425707933212109, 23.226118955071154 ], [ 77.425573833212098, 23.226112755072936 ] ] ] } },
{ "type": "Feature", "properties": { }, "geometry": { "type": "Polygon", "coordinates": [ [ [ 77.427959433212109, 23.227246154745639 ], [ 77.427962333212108, 23.227341554718087 ], [ 77.428105833212115, 23.227337854719153 ], [ 77.428102933212116, 23.227242454746701 ], [ 77.427959433212109, 23.227246154745639 ] ] ] } },
{ "type": "Feature", "properties": { }, "geometry": { "type": "Polygon", "coordinates": [ [ [ 77.425930433212116, 23.227002854815897 ], [ 77.425936533212109, 23.227098454788294 ], [ 77.426027633212129, 23.227093454789735 ], [ 77.426021433212114, 23.22699795481731 ], [ 77.425930433212116, 23.227002854815897 ] ] ] } },
{ "type": "Feature", "properties": { }, "geometry": { "type": "Polygon", "coordinates": [ [ [ 77.42487123321213, 23.22739065470391 ], [ 77.424870633212109, 23.227452554686028 ], [ 77.424996433212115, 23.227453454685769 ], [ 77.424996933212114, 23.227391554703647 ], [ 77.42487123321213, 23.22739065470391 ] ] ] } },
{ "type": "Feature", "properties": { }, "geometry": { "type": "Polygon", "coordinates": [ [ [ 77.428124133212108, 23.227243954746278 ], [ 77.428129733212117, 23.227343154717627 ], [ 77.428275933212106, 23.22733635471959 ], [ 77.42827043321212, 23.227237054748269 ], [ 77.428124133212108, 23.227243954746278 ] ] ] } },
{ "type": "Feature", "properties": { }, "geometry": { "type": "Polygon", "coordinates": [ [ [ 77.424774633212124, 23.227442354688982 ], [ 77.424859133212109, 23.227440554689501 ], [ 77.424857733212107, 23.227384554705672 ], [ 77.424773233212122, 23.22738635470515 ], [ 77.424774633212124, 23.227442354688982 ] ] ] } },
{ "type": "Feature", "properties": { }, "geometry": { "type": "Polygon", "coordinates": [ [ [ 77.425725033212117, 23.227047354803048 ], [ 77.425725133212111, 23.22710625478604 ], [ 77.425893733212106, 23.227105954786126 ], [ 77.425893633212127, 23.227047054803133 ], [ 77.425725033212117, 23.227047354803048 ] ] ] } },
{ "type": "Feature", "properties": { }, "geometry": { "type": "Polygon", "coordinates": [ [ [ 77.427897833212114, 23.227085554792019 ], [ 77.427893833212124, 23.226917154840645 ], [ 77.427773733212121, 23.226919554839956 ], [ 77.427777733212125, 23.227087954791322 ], [ 77.427897833212114, 23.227085554792019 ] ] ] } },
{ "type": "Feature", "properties": { }, "geometry": { "type": "Polygon", "coordinates": [ [ [ 77.425708933212121, 23.226953454830163 ], [ 77.425711833212119, 23.227017354811714 ], [ 77.425884833212095, 23.227010654813647 ], [ 77.425881933212111, 23.226946654832126 ], [ 77.425708933212121, 23.226953454830163 ] ] ] } },
{ "type": "Feature", "properties": { }, "geometry": { "type": "Polygon", "coordinates": [ [ [ 77.426611833212121, 23.225930555125554 ], [ 77.426663633212101, 23.22601755510043 ], [ 77.426832633212115, 23.225932455125012 ], [ 77.426780833212121, 23.225845455150129 ], [ 77.426611833212121, 23.225930555125554 ] ] ] } },
{ "type": "Feature", "properties": { }, "geometry": { "type": "Polygon", "coordinates": [ [ [ 77.426590333212118, 23.225911055131188 ], [ 77.426759633212114, 23.225812155159748 ], [ 77.426701333212108, 23.22572785518409 ], [ 77.426532033212112, 23.225826755155527 ], [ 77.426590333212118, 23.225911055131188 ] ] ] } },
{ "type": "Feature", "properties": { }, "geometry": { "type": "Polygon", "coordinates": [ [ [ 77.424213033212112, 23.227302154729465 ], [ 77.424184233212102, 23.227346754716589 ], [ 77.424285833212096, 23.227402254700561 ], [ 77.42431463321212, 23.227357654713433 ], [ 77.424213033212112, 23.227302154729465 ] ] ] } },
{ "type": "Feature", "properties": { }, "geometry": { "type": "Polygon", "coordinates": [ [ [ 77.427982033212132, 23.226987554820322 ], [ 77.427956833212107, 23.227098354788321 ], [ 77.428115033212123, 23.227128854779515 ], [ 77.428140333212113, 23.227018054811509 ], [ 77.427982033212132, 23.226987554820322 ] ] ] } },
{ "type": "Feature", "properties": { }, "geometry": { "type": "Polygon", "coordinates": [ [ [ 77.426958533212115, 23.226338355007794 ], [ 77.427026533212114, 23.226410054987088 ], [ 77.4271615332121, 23.226301855018335 ], [ 77.427093533212116, 23.226230155039037 ], [ 77.426958533212115, 23.226338355007794 ] ] ] } },
{ "type": "Feature", "properties": { }, "geometry": { "type": "Polygon", "coordinates": [ [ [ 77.427787833212108, 23.227238754747773 ], [ 77.427786733212116, 23.227340254718467 ], [ 77.427928233212114, 23.227341454718118 ], [ 77.427929233212112, 23.227239954747425 ], [ 77.427787833212108, 23.227238754747773 ] ] ] } },
{ "type": "Feature", "properties": { }, "geometry": { "type": "Polygon", "coordinates": [ [ [ 77.42759893321211, 23.226533754951362 ], [ 77.427529233212098, 23.226694954904819 ], [ 77.427655833212114, 23.226741154891478 ], [ 77.4276759332121, 23.2266946549049 ], [ 77.427646733212114, 23.22668395490799 ], [ 77.427696333212111, 23.226569254941115 ], [ 77.42759893321211, 23.226533754951362 ] ] ] } },
{ "type": "Feature", "properties": { }, "geometry": { "type": "Polygon", "coordinates": [ [ [ 77.427891333212102, 23.226622054925869 ], [ 77.427849233212115, 23.226835854864127 ], [ 77.42797593321211, 23.226856854858063 ], [ 77.427990633212119, 23.226782354879582 ], [ 77.427977933212119, 23.22678015488021 ], [ 77.428005333212113, 23.226640954920409 ], [ 77.427891333212102, 23.226622054925869 ] ] ] } },
{ "type": "Feature", "properties": { }, "geometry": { "type": "Polygon", "coordinates": [ [ [ 77.42767703321212, 23.226798154875013 ], [ 77.427705733212107, 23.226804054873309 ], [ 77.427701133212125, 23.226822854867876 ], [ 77.427818733212135, 23.226847154860859 ], [ 77.427834533212121, 23.226782654879489 ], [ 77.427816533212095, 23.226778954880562 ], [ 77.427857233212109, 23.226612654928584 ], [ 77.427728933212094, 23.226586154936228 ], [ 77.42767703321212, 23.226798154875013 ] ] ] } },
{ "type": "Feature", "properties": { }, "geometry": { "type": "Polygon", "coordinates": [ [ [ 77.427480133212114, 23.226965154826786 ], [ 77.427484633212103, 23.227077554794334 ], [ 77.427561633212107, 23.227074954795079 ], [ 77.427561933212132, 23.227083754792535 ], [ 77.427604533212119, 23.227082354792937 ], [ 77.427604133212128, 23.227073554795481 ], [ 77.427647933212114, 23.227072054795919 ], [ 77.427643433212111, 23.226959554828404 ], [ 77.427480133212114, 23.226965154826786 ] ] ] } },
{ "type": "Feature", "properties": { }, "geometry": { "type": "Polygon", "coordinates": [ [ [ 77.428267333212119, 23.226750754888705 ], [ 77.428243833212107, 23.226777854880876 ], [ 77.428278133212132, 23.226802854873657 ], [ 77.428193633212118, 23.226900254845532 ], [ 77.428264733212117, 23.226952354830477 ], [ 77.428310433212118, 23.22689955484573 ], [ 77.428321533212113, 23.226907654843387 ], [ 77.428383733212129, 23.226835954864097 ], [ 77.428267333212119, 23.226750754888705 ] ] ] } },
{ "type": "Feature", "properties": { }, "geometry": { "type": "Polygon", "coordinates": [ [ [ 77.437132733212096, 23.228801054296589 ], [ 77.437198833212108, 23.22881395429286 ], [ 77.437211733212123, 23.228758454308895 ], [ 77.437145633212111, 23.228745454312648 ], [ 77.437132733212096, 23.228801054296589 ] ] ] } },
{ "type": "Feature", "properties": { }, "geometry": { "type": "Polygon", "coordinates": [ [ [ 77.437218133212127, 23.228469854392241 ], [ 77.437397333212118, 23.228508254381147 ], [ 77.437418133212105, 23.228426454404769 ], [ 77.437238933212114, 23.22838795441589 ], [ 77.437218133212127, 23.228469854392241 ] ] ] } },
{ "type": "Feature", "properties": { }, "geometry": { "type": "Polygon", "coordinates": [ [ [ 77.436841233212121, 23.228742354313546 ], [ 77.436924433212113, 23.228759854308493 ], [ 77.436955233212117, 23.228635954344274 ], [ 77.436872033212111, 23.2286185543493 ], [ 77.436841233212121, 23.228742354313546 ] ] ] } },
{ "type": "Feature", "properties": { }, "geometry": { "type": "Polygon", "coordinates": [ [ [ 77.436786933212119, 23.228956154251794 ], [ 77.436984733212114, 23.228996254240212 ], [ 77.437002633212117, 23.228921654261757 ], [ 77.436804833212108, 23.22888155427334 ], [ 77.436786933212119, 23.228956154251794 ] ] ] } },
{ "type": "Feature", "properties": { }, "geometry": { "type": "Polygon", "coordinates": [ [ [ 77.436872933212115, 23.228609654351867 ], [ 77.437080633212119, 23.228654254338984 ], [ 77.4371094332121, 23.228540954371706 ], [ 77.436901733212096, 23.228496354384585 ], [ 77.436872933212115, 23.228609654351867 ] ] ] } },
{ "type": "Feature", "properties": { }, "geometry": { "type": "Polygon", "coordinates": [ [ [ 77.437058433212101, 23.229054754223313 ], [ 77.437253633212109, 23.22910375420917 ], [ 77.437267833212104, 23.229056054222944 ], [ 77.437072633212111, 23.229007054237101 ], [ 77.437058433212101, 23.229054754223313 ] ] ] } },
{ "type": "Feature", "properties": { }, "geometry": { "type": "Polygon", "coordinates": [ [ [ 77.437207233212135, 23.228506354381697 ], [ 77.437180133212109, 23.228615954350044 ], [ 77.437382533212116, 23.228658354337803 ], [ 77.437409633212113, 23.228548754369456 ], [ 77.437207233212135, 23.228506354381697 ] ] ] } },
{ "type": "Feature", "properties": { }, "geometry": { "type": "Polygon", "coordinates": [ [ [ 77.436980233212111, 23.228172154478209 ], [ 77.436936433212125, 23.228342754428947 ], [ 77.437126533212108, 23.228383954417051 ], [ 77.437170333212094, 23.228213454466289 ], [ 77.436980233212111, 23.228172154478209 ] ] ] } },
{ "type": "Feature", "properties": { }, "geometry": { "type": "Polygon", "coordinates": [ [ [ 77.437366233212103, 23.228785154301182 ], [ 77.437511033212118, 23.228818854291447 ], [ 77.437522833212114, 23.228775954303831 ], [ 77.437378033212113, 23.228742354313546 ], [ 77.437366233212103, 23.228785154301182 ] ] ] } },
{ "type": "Feature", "properties": { }, "geometry": { "type": "Polygon", "coordinates": [ [ [ 77.437446033212112, 23.228470354392094 ], [ 77.437423233212115, 23.228558554366625 ], [ 77.437561333212116, 23.228588754357901 ], [ 77.437584233212121, 23.228500554383377 ], [ 77.437446033212112, 23.228470354392094 ] ] ] } },
{ "type": "Feature", "properties": { }, "geometry": { "type": "Polygon", "coordinates": [ [ [ 77.436783533212093, 23.228962454249977 ], [ 77.436770233212115, 23.22902025423328 ], [ 77.436972033212101, 23.229059654221906 ], [ 77.436985433212115, 23.229001854238597 ], [ 77.436783533212093, 23.228962454249977 ] ] ] } },
{ "type": "Feature", "properties": { }, "geometry": { "type": "Polygon", "coordinates": [ [ [ 77.436946533212122, 23.228774454304276 ], [ 77.437057833212108, 23.228796554297887 ], [ 77.437087333212119, 23.22867145433402 ], [ 77.436976033212105, 23.228649354340401 ], [ 77.436946533212122, 23.228774454304276 ] ] ] } },
{ "type": "Feature", "properties": { }, "geometry": { "type": "Polygon", "coordinates": [ [ [ 77.436807333212116, 23.22887575427502 ], [ 77.436997433212113, 23.22891795426283 ], [ 77.437013633212118, 23.228856254280647 ], [ 77.43682353321212, 23.228814054292837 ], [ 77.436807333212116, 23.22887575427502 ] ] ] } },
{ "type": "Feature", "properties": { }, "geometry": { "type": "Polygon", "coordinates": [ [ [ 77.437158533212113, 23.228676154332661 ], [ 77.437141333212125, 23.228736654315185 ], [ 77.437327633212121, 23.228781254302312 ], [ 77.437344733212115, 23.228720754319781 ], [ 77.437158533212113, 23.228676154332661 ] ] ] } },
{ "type": "Feature", "properties": { }, "geometry": { "type": "Polygon", "coordinates": [ [ [ 77.437368933212113, 23.228792254299133 ], [ 77.437350333212123, 23.22886015427952 ], [ 77.437474233212114, 23.228888954271198 ], [ 77.437492933212113, 23.228821054290812 ], [ 77.437368933212113, 23.228792254299133 ] ] ] } },
{ "type": "Feature", "properties": { }, "geometry": { "type": "Polygon", "coordinates": [ [ [ 77.43747493321213, 23.228388154415835 ], [ 77.437562533212116, 23.228410554409365 ], [ 77.437590333212114, 23.228318254436022 ], [ 77.437502733212128, 23.228295954442466 ], [ 77.43747493321213, 23.228388154415835 ] ] ] } },
{ "type": "Feature", "properties": { }, "geometry": { "type": "Polygon", "coordinates": [ [ [ 77.437220133212108, 23.228821654290638 ], [ 77.437334933212099, 23.228848354282928 ], [ 77.437349633212108, 23.228794554298467 ], [ 77.43723493321211, 23.22876795430615 ], [ 77.437220133212108, 23.228821654290638 ] ] ] } },
{ "type": "Feature", "properties": { }, "geometry": { "type": "Polygon", "coordinates": [ [ [ 77.436741933212119, 23.229154054194634 ], [ 77.436955833212124, 23.229196354182424 ], [ 77.436985033212125, 23.229071654218441 ], [ 77.436771133212105, 23.229029454230627 ], [ 77.436741933212119, 23.229154054194634 ] ] ] } },
{ "type": "Feature", "properties": { }, "geometry": { "type": "Polygon", "coordinates": [ [ [ 77.437273633212115, 23.228231254461146 ], [ 77.4372492332121, 23.228336154430853 ], [ 77.437444833212098, 23.228374654419735 ], [ 77.437469233212113, 23.228269754450029 ], [ 77.437273633212115, 23.228231254461146 ] ] ] } },
{ "type": "Feature", "properties": { }, "geometry": { "type": "Polygon", "coordinates": [ [ [ 77.436823133212116, 23.228807654294684 ], [ 77.437017533212114, 23.228850854282207 ], [ 77.437032133212114, 23.228795254298262 ], [ 77.436837733212116, 23.228752154310708 ], [ 77.436823133212116, 23.228807654294684 ] ] ] } },
{ "type": "Feature", "properties": { }, "geometry": { "type": "Polygon", "coordinates": [ [ [ 77.436906333212107, 23.228479854389352 ], [ 77.437108133212121, 23.228518654378146 ], [ 77.437125533212097, 23.22844235440018 ], [ 77.436923733212112, 23.228403554411386 ], [ 77.436906333212107, 23.228479854389352 ] ] ] } },
{ "type": "Feature", "properties": { }, "geometry": { "type": "Polygon", "coordinates": [ [ [ 77.43736563321211, 23.228868954276983 ], [ 77.437310233212116, 23.229059054222073 ], [ 77.437424233212099, 23.229087154213964 ], [ 77.437479633212106, 23.228897054268867 ], [ 77.43736563321211, 23.228868954276983 ] ] ] } },
{ "type": "Feature", "properties": { }, "geometry": { "type": "Polygon", "coordinates": [ [ [ 77.437393433212108, 23.228742354313546 ], [ 77.437531833212105, 23.228774154304361 ], [ 77.437576533212109, 23.228609554351898 ], [ 77.437438233212106, 23.228577854361053 ], [ 77.437393433212108, 23.228742354313546 ] ] ] } },
{ "type": "Feature", "properties": { }, "geometry": { "type": "Polygon", "coordinates": [ [ [ 77.437078333212128, 23.229001054238832 ], [ 77.437292033212117, 23.229048054225252 ], [ 77.437342333212129, 23.228854954281022 ], [ 77.437128633212112, 23.228807954294599 ], [ 77.437078333212128, 23.229001054238832 ] ] ] } },
{ "type": "Feature", "properties": { }, "geometry": { "type": "Polygon", "coordinates": [ [ [ 77.440741033212106, 23.235675152311035 ], [ 77.440867733212116, 23.23568805230731 ], [ 77.440879933212116, 23.235587652336314 ], [ 77.440753133212112, 23.235574752340035 ], [ 77.440741033212106, 23.235675152311035 ] ] ] } },
{ "type": "Feature", "properties": { }, "geometry": { "type": "Polygon", "coordinates": [ [ [ 77.438670733212106, 23.236427752093618 ], [ 77.438843833212118, 23.236439052090351 ], [ 77.438852933212132, 23.236321052124442 ], [ 77.43867983321212, 23.236309752127706 ], [ 77.438670733212106, 23.236427752093618 ] ] ] } },
{ "type": "Feature", "properties": { }, "geometry": { "type": "Polygon", "coordinates": [ [ [ 77.434566433212112, 23.23420655273528 ], [ 77.43471063321212, 23.234235452726931 ], [ 77.434755233212115, 23.234047952781097 ], [ 77.434611033212121, 23.234019052789446 ], [ 77.434566433212112, 23.23420655273528 ] ] ] } },
{ "type": "Feature", "properties": { }, "geometry": { "type": "Polygon", "coordinates": [ [ [ 77.439871733212115, 23.235148352463217 ], [ 77.440021233212121, 23.23515505246128 ], [ 77.440027133212112, 23.235042652493757 ], [ 77.439877733212114, 23.235035952495689 ], [ 77.439871733212115, 23.235148352463217 ] ] ] } },
{ "type": "Feature", "properties": { }, "geometry": { "type": "Polygon", "coordinates": [ [ [ 77.43321523321211, 23.232699653170567 ], [ 77.433310633212116, 23.232668153179663 ], [ 77.433246233212131, 23.232503653227177 ], [ 77.43315083321211, 23.232535153218084 ], [ 77.43321523321211, 23.232699653170567 ] ] ] } },
{ "type": "Feature", "properties": { }, "geometry": { "type": "Polygon", "coordinates": [ [ [ 77.437363633212115, 23.235314052415355 ], [ 77.4374426332121, 23.235328752411103 ], [ 77.437488233212108, 23.235121052471104 ], [ 77.437409233212094, 23.235106452475325 ], [ 77.437363633212115, 23.235314052415355 ] ] ] } },
{ "type": "Feature", "properties": { }, "geometry": { "type": "Polygon", "coordinates": [ [ [ 77.437880633212103, 23.237187851874022 ], [ 77.437961733212134, 23.237199251870731 ], [ 77.437984533212116, 23.237063051910077 ], [ 77.437903433212128, 23.237051651913372 ], [ 77.437880633212103, 23.237187851874022 ] ] ] } },
{ "type": "Feature", "properties": { }, "geometry": { "type": "Polygon", "coordinates": [ [ [ 77.439479533212122, 23.235205152446806 ], [ 77.439552433212114, 23.235210252445334 ], [ 77.439563133212133, 23.235079552483093 ], [ 77.43949033321212, 23.235074552484537 ], [ 77.439479533212122, 23.235205152446806 ] ] ] } },
{ "type": "Feature", "properties": { }, "geometry": { "type": "Polygon", "coordinates": [ [ [ 77.437675833212111, 23.234682252597867 ], [ 77.437797133212115, 23.234702952591888 ], [ 77.43782433321212, 23.234568752630651 ], [ 77.437703033212102, 23.23454795263666 ], [ 77.437675833212111, 23.234682252597867 ] ] ] } },
{ "type": "Feature", "properties": { }, "geometry": { "type": "Polygon", "coordinates": [ [ [ 77.439742233212115, 23.236141252176385 ], [ 77.439905233212116, 23.236153552172834 ], [ 77.43991473321212, 23.236047552203448 ], [ 77.43975173321212, 23.236035152207034 ], [ 77.439742233212115, 23.236141252176385 ] ] ] } },
{ "type": "Feature", "properties": { }, "geometry": { "type": "Polygon", "coordinates": [ [ [ 77.440735633212114, 23.235786652278822 ], [ 77.44085833321212, 23.235800852274721 ], [ 77.440872033212102, 23.235700752303636 ], [ 77.440749333212111, 23.235686552307744 ], [ 77.440735633212114, 23.235786652278822 ] ] ] } },
{ "type": "Feature", "properties": { }, "geometry": { "type": "Polygon", "coordinates": [ [ [ 77.440004233212107, 23.23429675270922 ], [ 77.440125633212119, 23.234275252715435 ], [ 77.440094933212109, 23.234129152757635 ], [ 77.439973533212111, 23.234150752751397 ], [ 77.440004233212107, 23.23429675270922 ] ] ] } },
{ "type": "Feature", "properties": { }, "geometry": { "type": "Polygon", "coordinates": [ [ [ 77.436733133212115, 23.237152151884338 ], [ 77.436841633212111, 23.237177951876888 ], [ 77.436858833212128, 23.23711685189453 ], [ 77.436750333212132, 23.237091051901988 ], [ 77.436733133212115, 23.237152151884338 ] ] ] } },
{ "type": "Feature", "properties": { }, "geometry": { "type": "Polygon", "coordinates": [ [ [ 77.433109933212108, 23.232773453149246 ], [ 77.433220833212118, 23.232737853159531 ], [ 77.433146233212113, 23.232541653216202 ], [ 77.433035433212098, 23.232577153205956 ], [ 77.433109933212108, 23.232773453149246 ] ] ] } },
{ "type": "Feature", "properties": { }, "geometry": { "type": "Polygon", "coordinates": [ [ [ 77.437835733212111, 23.235752752288619 ], [ 77.437926033212108, 23.235768752283992 ], [ 77.437949533212119, 23.23565655231641 ], [ 77.437859133212115, 23.235640652321003 ], [ 77.437835733212111, 23.235752752288619 ] ] ] } },
{ "type": "Feature", "properties": { }, "geometry": { "type": "Polygon", "coordinates": [ [ [ 77.43865613321212, 23.236450752086977 ], [ 77.438669533212121, 23.236315452126057 ], [ 77.438510933212115, 23.236302252129875 ], [ 77.438497533212114, 23.236437452090819 ], [ 77.43865613321212, 23.236450752086977 ] ] ] } },
{ "type": "Feature", "properties": { }, "geometry": { "type": "Polygon", "coordinates": [ [ [ 77.439135033212125, 23.235015652501552 ], [ 77.439226933212112, 23.235019352500483 ], [ 77.439233633212112, 23.234877552541452 ], [ 77.439141833212133, 23.23487385254252 ], [ 77.439135033212125, 23.235015652501552 ] ] ] } },
{ "type": "Feature", "properties": { }, "geometry": { "type": "Polygon", "coordinates": [ [ [ 77.437884633212107, 23.235624652325622 ], [ 77.438019433212119, 23.235644352319934 ], [ 77.438042433212132, 23.235511252358386 ], [ 77.437907733212114, 23.235491552364071 ], [ 77.437884633212107, 23.235624652325622 ] ] ] } },
{ "type": "Feature", "properties": { }, "geometry": { "type": "Polygon", "coordinates": [ [ [ 77.433934733212112, 23.229331254143464 ], [ 77.434007833212121, 23.229219754175666 ], [ 77.433985433212115, 23.229207354179248 ], [ 77.433915733212118, 23.22916875419039 ], [ 77.433842633212109, 23.229280254158194 ], [ 77.433934733212112, 23.229331254143464 ] ] ] } },
{ "type": "Feature", "properties": { }, "geometry": { "type": "Polygon", "coordinates": [ [ [ 77.438029833212127, 23.23578415227955 ], [ 77.438170833212112, 23.235806552273079 ], [ 77.438191433212111, 23.235697252304654 ], [ 77.438050433212098, 23.235674752311148 ], [ 77.438029833212127, 23.23578415227955 ] ] ] } },
{ "type": "Feature", "properties": { }, "geometry": { "type": "Polygon", "coordinates": [ [ [ 77.4393992332121, 23.235206652446379 ], [ 77.439472333212095, 23.235211152445075 ], [ 77.439482433212106, 23.23507125248549 ], [ 77.439409333212112, 23.235066852486764 ], [ 77.4393992332121, 23.235206652446379 ] ] ] } },
{ "type": "Feature", "properties": { }, "geometry": { "type": "Polygon", "coordinates": [ [ [ 77.438490033212119, 23.237378751818873 ], [ 77.438640733212111, 23.237401051812423 ], [ 77.438653533212118, 23.237328251833464 ], [ 77.438502833212127, 23.237305951839904 ], [ 77.438490033212119, 23.237378751818873 ] ] ] } },
{ "type": "Feature", "properties": { }, "geometry": { "type": "Polygon", "coordinates": [ [ [ 77.437605733212095, 23.235405252389 ], [ 77.437643233212114, 23.23525555243225 ], [ 77.437516633212113, 23.235228752439994 ], [ 77.437479133212094, 23.235378452396748 ], [ 77.437605733212095, 23.235405252389 ] ] ] } },
{ "type": "Feature", "properties": { }, "geometry": { "type": "Polygon", "coordinates": [ [ [ 77.438674433212114, 23.236224252152407 ], [ 77.438763333212123, 23.236226552151741 ], [ 77.438767033212116, 23.236102952187451 ], [ 77.438678033212113, 23.236100752188086 ], [ 77.438674433212114, 23.236224252152407 ] ] ] } },
{ "type": "Feature", "properties": { }, "geometry": { "type": "Polygon", "coordinates": [ [ [ 77.440893933212124, 23.235839052263685 ], [ 77.441028733212093, 23.235852552259789 ], [ 77.441040933212122, 23.235749552289537 ], [ 77.440906233212104, 23.235736052293444 ], [ 77.440893933212124, 23.235839052263685 ] ] ] } },
{ "type": "Feature", "properties": { }, "geometry": { "type": "Polygon", "coordinates": [ [ [ 77.439394933212114, 23.236122452181814 ], [ 77.439405733212112, 23.235993152219169 ], [ 77.439322533212106, 23.23598725222087 ], [ 77.439311733212108, 23.236116552183521 ], [ 77.439394933212114, 23.236122452181814 ] ] ] } },
{ "type": "Feature", "properties": { }, "geometry": { "type": "Polygon", "coordinates": [ [ [ 77.434479633212121, 23.234536652639921 ], [ 77.434621733212126, 23.234555052634608 ], [ 77.434635133212126, 23.23446795265977 ], [ 77.434493033212107, 23.234449552665087 ], [ 77.434479633212121, 23.234536652639921 ] ] ] } },
{ "type": "Feature", "properties": { }, "geometry": { "type": "Polygon", "coordinates": [ [ [ 77.440524733212115, 23.235133952467379 ], [ 77.44067903321212, 23.235146952463626 ], [ 77.440686733212118, 23.235068852486179 ], [ 77.440532533212121, 23.235055852489939 ], [ 77.440524733212115, 23.235133952467379 ] ] ] } },
{ "type": "Feature", "properties": { }, "geometry": { "type": "Polygon", "coordinates": [ [ [ 77.440058533212124, 23.235068852486179 ], [ 77.440051333212125, 23.235177852454697 ], [ 77.440183433212113, 23.23518525245256 ], [ 77.440190633212111, 23.235076252484049 ], [ 77.440058533212124, 23.235068852486179 ] ] ] } },
{ "type": "Feature", "properties": { }, "geometry": { "type": "Polygon", "coordinates": [ [ [ 77.437932233212123, 23.235779852280789 ], [ 77.438018233212119, 23.235794452276572 ], [ 77.438043033212111, 23.235670552312364 ], [ 77.437957033212115, 23.235656052316557 ], [ 77.437932233212123, 23.235779852280789 ] ] ] } },
{ "type": "Feature", "properties": { }, "geometry": { "type": "Polygon", "coordinates": [ [ [ 77.438042033212128, 23.235628152324615 ], [ 77.438217733212113, 23.235650252318234 ], [ 77.438234933212115, 23.235534552351652 ], [ 77.438059233212115, 23.23551245235803 ], [ 77.438042033212128, 23.235628152324615 ] ] ] } },
{ "type": "Feature", "properties": { }, "geometry": { "type": "Polygon", "coordinates": [ [ [ 77.437985933212104, 23.23707195190751 ], [ 77.438095233212096, 23.237084351903928 ], [ 77.438112033212121, 23.236959251940068 ], [ 77.438002633212108, 23.236946851943653 ], [ 77.437985933212104, 23.23707195190751 ] ] ] } },
{ "type": "Feature", "properties": { }, "geometry": { "type": "Polygon", "coordinates": [ [ [ 77.437701633212129, 23.237153951883815 ], [ 77.437806633212119, 23.237167251879974 ], [ 77.437823333212123, 23.237055751912187 ], [ 77.437718333212118, 23.237042351916063 ], [ 77.437701633212129, 23.237153951883815 ] ] ] } },
{ "type": "Feature", "properties": { }, "geometry": { "type": "Polygon", "coordinates": [ [ [ 77.439354033212112, 23.236270052139176 ], [ 77.439452533212119, 23.236281152135966 ], [ 77.439469233212108, 23.236155852172164 ], [ 77.439370733212101, 23.23614475217537 ], [ 77.439354033212112, 23.236270052139176 ] ] ] } },
{ "type": "Feature", "properties": { }, "geometry": { "type": "Polygon", "coordinates": [ [ [ 77.433640233212103, 23.229231454172282 ], [ 77.433750333212103, 23.229316454147735 ], [ 77.433825833212111, 23.229233854171593 ], [ 77.433715833212105, 23.229148854196136 ], [ 77.433640233212103, 23.229231454172282 ] ] ] } },
{ "type": "Feature", "properties": { }, "geometry": { "type": "Polygon", "coordinates": [ [ [ 77.432854533212108, 23.234350352693742 ], [ 77.432970533212128, 23.234289952711194 ], [ 77.432828533212103, 23.234103552765035 ], [ 77.432772033212132, 23.23414255275377 ], [ 77.432854533212108, 23.234350352693742 ] ] ] } },
{ "type": "Feature", "properties": { }, "geometry": { "type": "Polygon", "coordinates": [ [ [ 77.440500433212122, 23.235329452410898 ], [ 77.440633933212112, 23.23533995240787 ], [ 77.440643233212114, 23.235239952436764 ], [ 77.44050973321211, 23.235229452439789 ], [ 77.440500433212122, 23.235329452410898 ] ] ] } },
{ "type": "Feature", "properties": { }, "geometry": { "type": "Polygon", "coordinates": [ [ [ 77.438453133212121, 23.237464751794025 ], [ 77.438626433212093, 23.237490651786544 ], [ 77.438641333212104, 23.237406551810839 ], [ 77.438468033212118, 23.237380651818324 ], [ 77.438453133212121, 23.237464751794025 ] ] ] } },
{ "type": "Feature", "properties": { }, "geometry": { "type": "Polygon", "coordinates": [ [ [ 77.43889783321211, 23.236248452145411 ], [ 77.438983733212098, 23.236255152143471 ], [ 77.438995033212109, 23.236131452179219 ], [ 77.438909133212135, 23.236124852181121 ], [ 77.43889783321211, 23.236248452145411 ] ] ] } },
{ "type": "Feature", "properties": { }, "geometry": { "type": "Polygon", "coordinates": [ [ [ 77.439635433212132, 23.236862151968122 ], [ 77.439795733212108, 23.236880051962952 ], [ 77.439805633212117, 23.236804851984672 ], [ 77.439645433212121, 23.236786951989842 ], [ 77.439635433212132, 23.236862151968122 ] ] ] } },
{ "type": "Feature", "properties": { }, "geometry": { "type": "Polygon", "coordinates": [ [ [ 77.433333233212096, 23.232677453176976 ], [ 77.433413633212112, 23.232650253184833 ], [ 77.433342533212112, 23.232472853236079 ], [ 77.433262233212119, 23.232500053228218 ], [ 77.433333233212096, 23.232677453176976 ] ] ] } },
{ "type": "Feature", "properties": { }, "geometry": { "type": "Polygon", "coordinates": [ [ [ 77.440533133212114, 23.235051852491097 ], [ 77.440686733212118, 23.235063552487716 ], [ 77.440693133212108, 23.234992452508255 ], [ 77.440539533212117, 23.234980752511635 ], [ 77.440533133212114, 23.235051852491097 ] ] ] } },
{ "type": "Feature", "properties": { }, "geometry": { "type": "Polygon", "coordinates": [ [ [ 77.439800033212109, 23.236917951952002 ], [ 77.439791333212113, 23.237031551919181 ], [ 77.439952933212126, 23.237042051916148 ], [ 77.439961633212121, 23.236928451948966 ], [ 77.439800033212109, 23.236917951952002 ] ] ] } },
{ "type": "Feature", "properties": { }, "geometry": { "type": "Polygon", "coordinates": [ [ [ 77.438354033212107, 23.237077851905802 ], [ 77.438528333212119, 23.237110751896296 ], [ 77.438550133212104, 23.237013751924323 ], [ 77.438375733212098, 23.236980851933829 ], [ 77.438354033212107, 23.237077851905802 ] ] ] } },
{ "type": "Feature", "properties": { }, "geometry": { "type": "Polygon", "coordinates": [ [ [ 77.437603633212106, 23.237116551894619 ], [ 77.437686933212106, 23.237126851891649 ], [ 77.437700933212113, 23.237031651919146 ], [ 77.437617633212128, 23.237021251922155 ], [ 77.437603633212106, 23.237116551894619 ] ] ] } },
{ "type": "Feature", "properties": { }, "geometry": { "type": "Polygon", "coordinates": [ [ [ 77.439846233212123, 23.236577852050253 ], [ 77.43983503321212, 23.236675552022028 ], [ 77.439995133212093, 23.236691052017548 ], [ 77.440006333212111, 23.236593352045777 ], [ 77.439846233212123, 23.236577852050253 ] ] ] } },
{ "type": "Feature", "properties": { }, "geometry": { "type": "Polygon", "coordinates": [ [ [ 77.440338733212116, 23.235301852418875 ], [ 77.440471933212109, 23.235315052415064 ], [ 77.44048323321212, 23.235219052442794 ], [ 77.440350033212098, 23.235205752446635 ], [ 77.440338733212116, 23.235301852418875 ] ] ] } },
{ "type": "Feature", "properties": { }, "geometry": { "type": "Polygon", "coordinates": [ [ [ 77.437728833212134, 23.235729752295263 ], [ 77.437827033212102, 23.23574915228966 ], [ 77.437858933212112, 23.235613052328972 ], [ 77.437760633212108, 23.235593652334579 ], [ 77.437728833212134, 23.235729752295263 ] ] ] } },
{ "type": "Feature", "properties": { }, "geometry": { "type": "Polygon", "coordinates": [ [ [ 77.440623333212102, 23.234216052732538 ], [ 77.440760133212109, 23.234193852738951 ], [ 77.440726233212118, 23.234017452789903 ], [ 77.440589433212111, 23.23403965278349 ], [ 77.440623333212102, 23.234216052732538 ] ] ] } },
{ "type": "Feature", "properties": { }, "geometry": { "type": "Polygon", "coordinates": [ [ [ 77.43268773321212, 23.232588453202677 ], [ 77.432933533212108, 23.232517453223192 ], [ 77.432830833212108, 23.232217153309929 ], [ 77.432584933212098, 23.232288253289394 ], [ 77.43268773321212, 23.232588453202677 ] ] ] } },
{ "type": "Feature", "properties": { }, "geometry": { "type": "Polygon", "coordinates": [ [ [ 77.440946233212117, 23.235379952396315 ], [ 77.441086333212112, 23.235389852393453 ], [ 77.441093133212121, 23.235309152416765 ], [ 77.440952933212117, 23.23529925241963 ], [ 77.440946233212117, 23.235379952396315 ] ] ] } },
{ "type": "Feature", "properties": { }, "geometry": { "type": "Polygon", "coordinates": [ [ [ 77.437927833212115, 23.235034452496123 ], [ 77.438236033212135, 23.235092952479221 ], [ 77.4382591332121, 23.234990452508832 ], [ 77.437950933212107, 23.234931952525731 ], [ 77.437927833212115, 23.235034452496123 ] ] ] } },
{ "type": "Feature", "properties": { }, "geometry": { "type": "Polygon", "coordinates": [ [ [ 77.434259633212108, 23.234370052688046 ], [ 77.434334733212111, 23.234382452684464 ], [ 77.434362533212109, 23.234239152725863 ], [ 77.43428743321212, 23.234226852729417 ], [ 77.434259633212108, 23.234370052688046 ] ] ] } },
{ "type": "Feature", "properties": { }, "geometry": { "type": "Polygon", "coordinates": [ [ [ 77.434627433212114, 23.234007452792795 ], [ 77.434766933212131, 23.234043852782275 ], [ 77.434814833212116, 23.233888652827112 ], [ 77.434675333212112, 23.233852352837594 ], [ 77.434627433212114, 23.234007452792795 ] ] ] } },
{ "type": "Feature", "properties": { }, "geometry": { "type": "Polygon", "coordinates": [ [ [ 77.436838633212119, 23.237281451846982 ], [ 77.436975333212118, 23.237316251836933 ], [ 77.43700353321212, 23.237223051863854 ], [ 77.436866733212099, 23.237188151873937 ], [ 77.436838633212119, 23.237281451846982 ] ] ] } },
{ "type": "Feature", "properties": { }, "geometry": { "type": "Polygon", "coordinates": [ [ [ 77.434818833212105, 23.233996352796002 ], [ 77.434976833212104, 23.234032152785662 ], [ 77.435009633212118, 23.233909452821106 ], [ 77.434851733212113, 23.233873752831418 ], [ 77.434818833212105, 23.233996352796002 ] ] ] } },
{ "type": "Feature", "properties": { }, "geometry": { "type": "Polygon", "coordinates": [ [ [ 77.439879033212094, 23.236277852136922 ], [ 77.440041933212115, 23.236288952133716 ], [ 77.440050233212105, 23.236186452163324 ], [ 77.439887333212113, 23.236175352166537 ], [ 77.439879033212094, 23.236277852136922 ] ] ] } },
{ "type": "Feature", "properties": { }, "geometry": { "type": "Polygon", "coordinates": [ [ [ 77.437998233212113, 23.234692752594832 ], [ 77.437977433212097, 23.234794652565391 ], [ 77.438268633212118, 23.234844752550924 ], [ 77.43828943321212, 23.23474295258033 ], [ 77.437998233212113, 23.234692752594832 ] ] ] } },
{ "type": "Feature", "properties": { }, "geometry": { "type": "Polygon", "coordinates": [ [ [ 77.433395333212133, 23.229483754099416 ], [ 77.433331433212118, 23.229555454078714 ], [ 77.433453533212116, 23.229647254052196 ], [ 77.433517333212109, 23.229575554072902 ], [ 77.433395333212133, 23.229483754099416 ] ] ] } },
{ "type": "Feature", "properties": { }, "geometry": { "type": "Polygon", "coordinates": [ [ [ 77.440810133212096, 23.235179752454147 ], [ 77.440933433212109, 23.235190252451112 ], [ 77.440946233212117, 23.235063052487863 ], [ 77.44082283321211, 23.235052552490899 ], [ 77.440810133212096, 23.235179752454147 ] ] ] } },
{ "type": "Feature", "properties": { }, "geometry": { "type": "Polygon", "coordinates": [ [ [ 77.43763243321213, 23.236980351933969 ], [ 77.437711733212126, 23.23698605193232 ], [ 77.437721533212112, 23.236871351965458 ], [ 77.437642233212117, 23.236865651967111 ], [ 77.43763243321213, 23.236980351933969 ] ] ] } },
{ "type": "Feature", "properties": { }, "geometry": { "type": "Polygon", "coordinates": [ [ [ 77.438470933212116, 23.236535052062617 ], [ 77.438651033212111, 23.23655355205727 ], [ 77.43866243321213, 23.236460152084259 ], [ 77.438482333212107, 23.236441652089603 ], [ 77.438470933212116, 23.236535052062617 ] ] ] } },
{ "type": "Feature", "properties": { }, "geometry": { "type": "Polygon", "coordinates": [ [ [ 77.439256333212114, 23.236251052144663 ], [ 77.439349333212121, 23.236257652142754 ], [ 77.439358633212095, 23.236147152174681 ], [ 77.439265533212122, 23.236140552176582 ], [ 77.439256333212114, 23.236251052144663 ] ] ] } },
{ "type": "Feature", "properties": { }, "geometry": { "type": "Polygon", "coordinates": [ [ [ 77.434678033212109, 23.229011154235909 ], [ 77.434791433212126, 23.229064754220435 ], [ 77.434822233212117, 23.229009654236343 ], [ 77.434708933212107, 23.228956054251832 ], [ 77.434678033212109, 23.229011154235909 ] ] ] } },
{ "type": "Feature", "properties": { }, "geometry": { "type": "Polygon", "coordinates": [ [ [ 77.440473633212108, 23.235563652343245 ], [ 77.440617133212115, 23.235574752340035 ], [ 77.440625133212109, 23.235487652365201 ], [ 77.440481633212116, 23.235476552368404 ], [ 77.440473633212108, 23.235563652343245 ] ] ] } },
{ "type": "Feature", "properties": { }, "geometry": { "type": "Polygon", "coordinates": [ [ [ 77.434662233212109, 23.233832452843348 ], [ 77.434800433212104, 23.233867552833203 ], [ 77.434839633212135, 23.233737352870818 ], [ 77.434701433212126, 23.233702252880956 ], [ 77.434662233212109, 23.233832452843348 ] ] ] } },
{ "type": "Feature", "properties": { }, "geometry": { "type": "Polygon", "coordinates": [ [ [ 77.438821333212118, 23.235691352306358 ], [ 77.438943533212097, 23.235712952300116 ], [ 77.438962033212121, 23.235625352325417 ], [ 77.43883973321212, 23.23560365233169 ], [ 77.438821333212118, 23.235691352306358 ] ] ] } },
{ "type": "Feature", "properties": { }, "geometry": { "type": "Polygon", "coordinates": [ [ [ 77.43840193321212, 23.237769451705994 ], [ 77.438560933212102, 23.237800851696925 ], [ 77.438590633212115, 23.237673951733584 ], [ 77.438431733212113, 23.237642551742663 ], [ 77.43840193321212, 23.237769451705994 ] ] ] } },
{ "type": "Feature", "properties": { }, "geometry": { "type": "Polygon", "coordinates": [ [ [ 77.437079233212117, 23.235480452367284 ], [ 77.437223033212121, 23.235513452357747 ], [ 77.437254833212108, 23.235396352391575 ], [ 77.437111033212119, 23.235363352401109 ], [ 77.437079233212117, 23.235480452367284 ] ] ] } },
{ "type": "Feature", "properties": { }, "geometry": { "type": "Polygon", "coordinates": [ [ [ 77.440463633212133, 23.235654152317103 ], [ 77.440618533212117, 23.235665252313893 ], [ 77.440625633212093, 23.235581152338185 ], [ 77.440470733212109, 23.235570052341398 ], [ 77.440463633212133, 23.235654152317103 ] ] ] } },
{ "type": "Feature", "properties": { }, "geometry": { "type": "Polygon", "coordinates": [ [ [ 77.440333333212109, 23.235418152385279 ], [ 77.44046473321211, 23.235429952381875 ], [ 77.440473633212108, 23.235345452406285 ], [ 77.440342233212121, 23.235333752409659 ], [ 77.440333333212109, 23.235418152385279 ] ] ] } },
{ "type": "Feature", "properties": { }, "geometry": { "type": "Polygon", "coordinates": [ [ [ 77.439473733212125, 23.236289152133658 ], [ 77.439588033212118, 23.236296952131401 ], [ 77.439599933212122, 23.236149452174022 ], [ 77.439485633212101, 23.236141652176272 ], [ 77.439473733212125, 23.236289152133658 ] ] ] } },
{ "type": "Feature", "properties": { }, "geometry": { "type": "Polygon", "coordinates": [ [ [ 77.438774533212111, 23.235042852493702 ], [ 77.438759733212109, 23.235158452460301 ], [ 77.438908733212131, 23.23517455245565 ], [ 77.438923533212119, 23.235058952489041 ], [ 77.438774533212111, 23.235042852493702 ] ] ] } },
{ "type": "Feature", "properties": { }, "geometry": { "type": "Polygon", "coordinates": [ [ [ 77.437901433212119, 23.235067552486562 ], [ 77.437878033212115, 23.235174852455568 ], [ 77.438193233212118, 23.235232752438833 ], [ 77.438216533212099, 23.235125552469803 ], [ 77.437901433212119, 23.235067552486562 ] ] ] } },
{ "type": "Feature", "properties": { }, "geometry": { "type": "Polygon", "coordinates": [ [ [ 77.4388422332121, 23.235596252333831 ], [ 77.438968933212109, 23.235619052327241 ], [ 77.43898663321211, 23.235536152351191 ], [ 77.438859833212121, 23.235513352357778 ], [ 77.4388422332121, 23.235596252333831 ] ] ] } },
{ "type": "Feature", "properties": { }, "geometry": { "type": "Polygon", "coordinates": [ [ [ 77.438453333212109, 23.236651252029048 ], [ 77.438616133212108, 23.236671452023213 ], [ 77.4386325332121, 23.236559352055608 ], [ 77.438469733212102, 23.236539252061405 ], [ 77.438453333212109, 23.236651252029048 ] ] ] } },
{ "type": "Feature", "properties": { }, "geometry": { "type": "Polygon", "coordinates": [ [ [ 77.438062233212094, 23.23432495270108 ], [ 77.438044333212119, 23.234427352671499 ], [ 77.438336933212113, 23.234470452659046 ], [ 77.438354833212102, 23.234368052688627 ], [ 77.438062233212094, 23.23432495270108 ] ] ] } },
{ "type": "Feature", "properties": { }, "geometry": { "type": "Polygon", "coordinates": [ [ [ 77.436903333212101, 23.237033151918713 ], [ 77.437021633212112, 23.237061451910542 ], [ 77.437040333212096, 23.236995551929578 ], [ 77.436922033212127, 23.23696715193778 ], [ 77.436903333212101, 23.237033151918713 ] ] ] } },
{ "type": "Feature", "properties": { }, "geometry": { "type": "Polygon", "coordinates": [ [ [ 77.439681633212118, 23.236661652026044 ], [ 77.439824233212136, 23.236675352022086 ], [ 77.43983383321212, 23.236591452046319 ], [ 77.43969123321213, 23.236577652050308 ], [ 77.439681633212118, 23.236661652026044 ] ] ] } },
{ "type": "Feature", "properties": { }, "geometry": { "type": "Polygon", "coordinates": [ [ [ 77.433432933212103, 23.232655253183388 ], [ 77.433603933212126, 23.232545553215068 ], [ 77.433490633212116, 23.232396453258144 ], [ 77.433349833212134, 23.232475353235351 ], [ 77.433432933212103, 23.232655253183388 ] ] ] } },
{ "type": "Feature", "properties": { }, "geometry": { "type": "Polygon", "coordinates": [ [ [ 77.436865733212116, 23.237181351875904 ], [ 77.43700753321211, 23.237218951865039 ], [ 77.437029733212128, 23.237148351885434 ], [ 77.43688793321212, 23.237110751896296 ], [ 77.436865733212116, 23.237181351875904 ] ] ] } },
{ "type": "Feature", "properties": { }, "geometry": { "type": "Polygon", "coordinates": [ [ [ 77.439646633212121, 23.236779851991891 ], [ 77.439796033212133, 23.236794551987646 ], [ 77.439807533212118, 23.236696252016042 ], [ 77.439658033212112, 23.236681552020293 ], [ 77.439646633212121, 23.236779851991891 ] ] ] } },
{ "type": "Feature", "properties": { }, "geometry": { "type": "Polygon", "coordinates": [ [ [ 77.439642633212131, 23.235046452492657 ], [ 77.439762233212107, 23.23505235249095 ], [ 77.439769633212123, 23.23492475252781 ], [ 77.439650033212104, 23.234918952529494 ], [ 77.439642633212131, 23.235046452492657 ] ] ] } },
{ "type": "Feature", "properties": { }, "geometry": { "type": "Polygon", "coordinates": [ [ [ 77.438720833212116, 23.235398952390828 ], [ 77.438870433212102, 23.235418252385244 ], [ 77.438886533212113, 23.235312852415696 ], [ 77.438736933212112, 23.235293652421245 ], [ 77.438720833212116, 23.235398952390828 ] ] ] } },
{ "type": "Feature", "properties": { }, "geometry": { "type": "Polygon", "coordinates": [ [ [ 77.439804033212127, 23.236789451989125 ], [ 77.439966533212129, 23.236805051984618 ], [ 77.439979033212111, 23.236693952016715 ], [ 77.439816633212132, 23.236678452021188 ], [ 77.439804033212127, 23.236789451989125 ] ] ] } },
{ "type": "Feature", "properties": { }, "geometry": { "type": "Polygon", "coordinates": [ [ [ 77.440495633212109, 23.235441652378487 ], [ 77.44061903321213, 23.235450852375834 ], [ 77.440627533212108, 23.235354852403567 ], [ 77.440504133212116, 23.235345552406251 ], [ 77.440495633212109, 23.235441652378487 ] ] ] } },
{ "type": "Feature", "properties": { }, "geometry": { "type": "Polygon", "coordinates": [ [ [ 77.436898033212117, 23.23710635189757 ], [ 77.437005033212117, 23.23713055189058 ], [ 77.437021033212105, 23.237070551907912 ], [ 77.436914133212099, 23.237046351914906 ], [ 77.436898033212117, 23.23710635189757 ] ] ] } },
{ "type": "Feature", "properties": { }, "geometry": { "type": "Polygon", "coordinates": [ [ [ 77.440785933212112, 23.235461952372621 ], [ 77.440908633212103, 23.235473652369244 ], [ 77.440925933212114, 23.235320552413473 ], [ 77.440803233212108, 23.235308852416853 ], [ 77.440785933212112, 23.235461952372621 ] ] ] } },
{ "type": "Feature", "properties": { }, "geometry": { "type": "Polygon", "coordinates": [ [ [ 77.43801743321211, 23.234582152626778 ], [ 77.438287233212108, 23.234625652614213 ], [ 77.438303433212113, 23.234540652638767 ], [ 77.438033633212115, 23.234497152651329 ], [ 77.43801743321211, 23.234582152626778 ] ] ] } },
{ "type": "Feature", "properties": { }, "geometry": { "type": "Polygon", "coordinates": [ [ [ 77.438364533212109, 23.23787945167421 ], [ 77.438344633212111, 23.237964651649598 ], [ 77.438509533212098, 23.237997151640212 ], [ 77.438529433212125, 23.237911951664824 ], [ 77.438364533212109, 23.23787945167421 ] ] ] } },
{ "type": "Feature", "properties": { }, "geometry": { "type": "Polygon", "coordinates": [ [ [ 77.440970333212121, 23.235293752421217 ], [ 77.441114033212116, 23.235301452418987 ], [ 77.441120633212122, 23.235198252448804 ], [ 77.440976933212099, 23.235190452451057 ], [ 77.440970333212121, 23.235293752421217 ] ] ] } },
{ "type": "Feature", "properties": { }, "geometry": { "type": "Polygon", "coordinates": [ [ [ 77.441065233212115, 23.233919152818302 ], [ 77.441281033212121, 23.233914052819774 ], [ 77.441275733212109, 23.233726652873905 ], [ 77.441060033212111, 23.233731752872437 ], [ 77.441065233212115, 23.233919152818302 ] ] ] } },
{ "type": "Feature", "properties": { }, "geometry": { "type": "Polygon", "coordinates": [ [ [ 77.438998933212133, 23.235003452505083 ], [ 77.439117433212118, 23.235010952502915 ], [ 77.439127233212105, 23.23488165254026 ], [ 77.43900873321212, 23.234874052542459 ], [ 77.438998933212133, 23.235003452505083 ] ] ] } },
{ "type": "Feature", "properties": { }, "geometry": { "type": "Polygon", "coordinates": [ [ [ 77.438329233212116, 23.237188451873859 ], [ 77.438494133212117, 23.23722075186452 ], [ 77.438518933212109, 23.237114251895285 ], [ 77.438353933212113, 23.237081851904648 ], [ 77.438329233212116, 23.237188451873859 ] ] ] } },
{ "type": "Feature", "properties": { }, "geometry": { "type": "Polygon", "coordinates": [ [ [ 77.433554133212112, 23.229300954152215 ], [ 77.43367313321211, 23.229399754123676 ], [ 77.433743433212115, 23.229328154144362 ], [ 77.433624433212117, 23.229229454172863 ], [ 77.433554133212112, 23.229300954152215 ] ] ] } },
{ "type": "Feature", "properties": { }, "geometry": { "type": "Polygon", "coordinates": [ [ [ 77.440930833212136, 23.235506352359799 ], [ 77.441066233212112, 23.235514952357313 ], [ 77.441074733212105, 23.235402852389701 ], [ 77.44093923321212, 23.235394252392183 ], [ 77.440930833212136, 23.235506352359799 ] ] ] } },
{ "type": "Feature", "properties": { }, "geometry": { "type": "Polygon", "coordinates": [ [ [ 77.432832333212119, 23.234098352766534 ], [ 77.43297993321211, 23.234278952714366 ], [ 77.43309793321211, 23.234197452737913 ], [ 77.43287803321212, 23.234048352780981 ], [ 77.432832333212119, 23.234098352766534 ] ] ] } },
{ "type": "Feature", "properties": { }, "geometry": { "type": "Polygon", "coordinates": [ [ [ 77.438581733212132, 23.236885251961446 ], [ 77.438760733212106, 23.236909351954484 ], [ 77.438777833212114, 23.236801451985663 ], [ 77.438598833212112, 23.236777451992587 ], [ 77.438581733212132, 23.236885251961446 ] ] ] } },
{ "type": "Feature", "properties": { }, "geometry": { "type": "Polygon", "coordinates": [ [ [ 77.43837673321211, 23.237875351675395 ], [ 77.438526333212124, 23.237904651666941 ], [ 77.438548933212104, 23.23780725169507 ], [ 77.438399433212098, 23.237777951703539 ], [ 77.43837673321211, 23.237875351675395 ] ] ] } },
{ "type": "Feature", "properties": { }, "geometry": { "type": "Polygon", "coordinates": [ [ [ 77.434343833212111, 23.234386152683395 ], [ 77.434411033212101, 23.234396452680421 ], [ 77.434437233212122, 23.234252852721909 ], [ 77.434369933212125, 23.234242552724883 ], [ 77.434343833212111, 23.234386152683395 ] ] ] } },
{ "type": "Feature", "properties": { }, "geometry": { "type": "Polygon", "coordinates": [ [ [ 77.439781233212116, 23.23435735269172 ], [ 77.439909933212135, 23.234333452698621 ], [ 77.439877233212115, 23.234184152741758 ], [ 77.439748533212111, 23.234207952734877 ], [ 77.439781233212116, 23.23435735269172 ] ] ] } },
{ "type": "Feature", "properties": { }, "geometry": { "type": "Polygon", "coordinates": [ [ [ 77.437415933212108, 23.23414885275195 ], [ 77.437393133212112, 23.234235752726846 ], [ 77.437526533212079, 23.234265352718296 ], [ 77.437549333212118, 23.234178452743393 ], [ 77.437415933212108, 23.23414885275195 ] ] ] } },
{ "type": "Feature", "properties": { }, "geometry": { "type": "Polygon", "coordinates": [ [ [ 77.441303333212133, 23.2341649527473 ], [ 77.441292833212117, 23.23438705268314 ], [ 77.441486633212108, 23.234444952666419 ], [ 77.441499133212133, 23.234165552747129 ], [ 77.441303333212133, 23.2341649527473 ] ] ] } },
{ "type": "Feature", "properties": { }, "geometry": { "type": "Polygon", "coordinates": [ [ [ 77.43484923321212, 23.233870352832398 ], [ 77.435010033212109, 23.233905952822116 ], [ 77.435048733212099, 23.233758352864747 ], [ 77.43488793321211, 23.233722752875039 ], [ 77.43484923321212, 23.233870352832398 ] ] ] } },
{ "type": "Feature", "properties": { }, "geometry": { "type": "Polygon", "coordinates": [ [ [ 77.438193733212117, 23.235805152273482 ], [ 77.438301033212113, 23.235817452269927 ], [ 77.438314633212116, 23.235717952298664 ], [ 77.438207333212105, 23.235705652302226 ], [ 77.438193733212117, 23.235805152273482 ] ] ] } },
{ "type": "Feature", "properties": { }, "geometry": { "type": "Polygon", "coordinates": [ [ [ 77.439711433212096, 23.236247052145817 ], [ 77.439863633212113, 23.236260652141894 ], [ 77.439874133212115, 23.236160752170754 ], [ 77.439721933212098, 23.236147152174681 ], [ 77.439711433212096, 23.236247052145817 ] ] ] } },
{ "type": "Feature", "properties": { }, "geometry": { "type": "Polygon", "coordinates": [ [ [ 77.4386586332121, 23.236555852056615 ], [ 77.438819133212121, 23.236571952051957 ], [ 77.438833233212108, 23.236452952086335 ], [ 77.438672733212115, 23.236436952090958 ], [ 77.4386586332121, 23.236555852056615 ] ] ] } },
{ "type": "Feature", "properties": { }, "geometry": { "type": "Polygon", "coordinates": [ [ [ 77.436801333212117, 23.236934551947204 ], [ 77.43692813321212, 23.236956751940788 ], [ 77.436944933212132, 23.236875551964253 ], [ 77.436818233212122, 23.236853351970662 ], [ 77.436801333212117, 23.236934551947204 ] ] ] } },
{ "type": "Feature", "properties": { }, "geometry": { "type": "Polygon", "coordinates": [ [ [ 77.439677533212119, 23.236569152052763 ], [ 77.43983503321212, 23.236581452049219 ], [ 77.4398473332121, 23.236448952087493 ], [ 77.439689833212114, 23.236436652091044 ], [ 77.439677533212119, 23.236569152052763 ] ] ] } },
{ "type": "Feature", "properties": { }, "geometry": { "type": "Polygon", "coordinates": [ [ [ 77.437721433212133, 23.23701515192392 ], [ 77.437820633212112, 23.237021351922124 ], [ 77.437830833212104, 23.236883951961822 ], [ 77.43773163321211, 23.236877751963615 ], [ 77.437721433212133, 23.23701515192392 ] ] ] } },
{ "type": "Feature", "properties": { }, "geometry": { "type": "Polygon", "coordinates": [ [ [ 77.440057233212116, 23.235058952489041 ], [ 77.440192033212114, 23.235065752487085 ], [ 77.44019863321212, 23.234954752519144 ], [ 77.440063833212108, 23.234947952521107 ], [ 77.440057233212116, 23.235058952489041 ] ] ] } },
{ "type": "Feature", "properties": { }, "geometry": { "type": "Polygon", "coordinates": [ [ [ 77.438224633212116, 23.237741451714079 ], [ 77.438376833212118, 23.237767351706605 ], [ 77.438400233212107, 23.237650951740228 ], [ 77.438248033212119, 23.237625151747686 ], [ 77.438224633212116, 23.237741451714079 ] ] ] } },
{ "type": "Feature", "properties": { }, "geometry": { "type": "Polygon", "coordinates": [ [ [ 77.43288203321211, 23.232830253132839 ], [ 77.433001333212104, 23.232796353142632 ], [ 77.432937933212116, 23.232607853197084 ], [ 77.432818633212108, 23.232641753187291 ], [ 77.43288203321211, 23.232830253132839 ] ] ] } },
{ "type": "Feature", "properties": { }, "geometry": { "type": "Polygon", "coordinates": [ [ [ 77.438617933212115, 23.236744752002036 ], [ 77.438759033212094, 23.236761151997303 ], [ 77.438770533212121, 23.236677552021455 ], [ 77.438629333212106, 23.236661152026191 ], [ 77.438617933212115, 23.236744752002036 ] ] ] } },
{ "type": "Feature", "properties": { }, "geometry": { "type": "Polygon", "coordinates": [ [ [ 77.439625933212113, 23.235050152491585 ], [ 77.439639333212114, 23.234909052532348 ], [ 77.439520633212112, 23.234899552535087 ], [ 77.439507233212112, 23.235040652494327 ], [ 77.439625933212113, 23.235050152491585 ] ] ] } },
{ "type": "Feature", "properties": { }, "geometry": { "type": "Polygon", "coordinates": [ [ [ 77.438765233212109, 23.236059752199925 ], [ 77.438855733212108, 23.236063452198859 ], [ 77.438861333212117, 23.235947652232316 ], [ 77.438770833212118, 23.235943952233377 ], [ 77.438765233212109, 23.236059752199925 ] ] ] } },
{ "type": "Feature", "properties": { }, "geometry": { "type": "Polygon", "coordinates": [ [ [ 77.434419533212122, 23.23440395267826 ], [ 77.434488533212118, 23.234415052675054 ], [ 77.434515933212111, 23.234270252716879 ], [ 77.434447033212109, 23.234259152720085 ], [ 77.434419533212122, 23.23440395267826 ] ] ] } },
{ "type": "Feature", "properties": { }, "geometry": { "type": "Polygon", "coordinates": [ [ [ 77.433104533212116, 23.228930854259097 ], [ 77.433190433212118, 23.228982054244312 ], [ 77.433237133212117, 23.228915954263407 ], [ 77.433151233212101, 23.228864754278188 ], [ 77.433104533212116, 23.228930854259097 ] ] ] } },
{ "type": "Feature", "properties": { }, "geometry": { "type": "Polygon", "coordinates": [ [ [ 77.44034943321212, 23.235198852448633 ], [ 77.440507633212121, 23.235214252444177 ], [ 77.440518133212123, 23.235123452470411 ], [ 77.440359933212108, 23.23510805247486 ], [ 77.44034943321212, 23.235198852448633 ] ] ] } },
{ "type": "Feature", "properties": { }, "geometry": { "type": "Polygon", "coordinates": [ [ [ 77.432552733212134, 23.234393552681261 ], [ 77.432688833212126, 23.234392252681641 ], [ 77.432674833212133, 23.234155552750018 ], [ 77.432582233212116, 23.234146952752496 ], [ 77.432552733212134, 23.234393552681261 ] ] ] } },
{ "type": "Feature", "properties": { }, "geometry": { "type": "Polygon", "coordinates": [ [ [ 77.439648333212119, 23.23519595244947 ], [ 77.439754933212114, 23.23520025244823 ], [ 77.439759933212116, 23.23509605247833 ], [ 77.439653333212135, 23.235091752479573 ], [ 77.439648333212119, 23.23519595244947 ] ] ] } },
{ "type": "Feature", "properties": { }, "geometry": { "type": "Polygon", "coordinates": [ [ [ 77.433258133212107, 23.229937653968324 ], [ 77.433392933212119, 23.230041753938256 ], [ 77.433464033212118, 23.2299640539607 ], [ 77.43332923321212, 23.229859953990765 ], [ 77.433258133212107, 23.229937653968324 ] ] ] } },
{ "type": "Feature", "properties": { }, "geometry": { "type": "Polygon", "coordinates": [ [ [ 77.436772133212131, 23.236986451932214 ], [ 77.436755133212117, 23.237046051914991 ], [ 77.436878733212112, 23.237075851906383 ], [ 77.436895733212111, 23.237016251923603 ], [ 77.436772133212131, 23.236986451932214 ] ] ] } },
{ "type": "Feature", "properties": { }, "geometry": { "type": "Polygon", "coordinates": [ [ [ 77.43745683321211, 23.234383052684294 ], [ 77.437569533212113, 23.2343996526795 ], [ 77.43758393321211, 23.234316852703419 ], [ 77.437471333212116, 23.234300252708209 ], [ 77.43745683321211, 23.234383052684294 ] ] ] } },
{ "type": "Feature", "properties": { }, "geometry": { "type": "Polygon", "coordinates": [ [ [ 77.438549133212121, 23.236198252159923 ], [ 77.438657833212105, 23.236204452158123 ], [ 77.438665733212119, 23.23608565219245 ], [ 77.438557133212115, 23.23607945219424 ], [ 77.438549133212121, 23.236198252159923 ] ] ] } },
{ "type": "Feature", "properties": { }, "geometry": { "type": "Polygon", "coordinates": [ [ [ 77.438249433212135, 23.237615151750575 ], [ 77.438401633212109, 23.237642851742578 ], [ 77.438421633212116, 23.237550051769382 ], [ 77.438269433212113, 23.237522251777413 ], [ 77.438249433212135, 23.237615151750575 ] ] ] } },
{ "type": "Feature", "properties": { }, "geometry": { "type": "Polygon", "coordinates": [ [ [ 77.433013733212121, 23.232794553143151 ], [ 77.433102133212103, 23.232766153151356 ], [ 77.433028733212112, 23.232573753206928 ], [ 77.432940333212116, 23.232602253198699 ], [ 77.433013733212121, 23.232794553143151 ] ] ] } },
{ "type": "Feature", "properties": { }, "geometry": { "type": "Polygon", "coordinates": [ [ [ 77.43907353321211, 23.233572152918534 ], [ 77.439225733212112, 23.233591252913023 ], [ 77.43925073321212, 23.233423252961543 ], [ 77.439098533212118, 23.233404152967069 ], [ 77.43907353321211, 23.233572152918534 ] ] ] } },
{ "type": "Feature", "properties": { }, "geometry": { "type": "Polygon", "coordinates": [ [ [ 77.440519033212112, 23.23522345244152 ], [ 77.440668133212114, 23.23523905243702 ], [ 77.440678633212116, 23.235153952461602 ], [ 77.440529633212108, 23.235138352466102 ], [ 77.440519033212112, 23.23522345244152 ] ] ] } },
{ "type": "Feature", "properties": { }, "geometry": { "type": "Polygon", "coordinates": [ [ [ 77.438942733212102, 23.235152652461981 ], [ 77.439007033212107, 23.23515905246013 ], [ 77.439023833212104, 23.235017952500886 ], [ 77.438959533212113, 23.235011552502741 ], [ 77.438942733212102, 23.235152652461981 ] ] ] } },
{ "type": "Feature", "properties": { }, "geometry": { "type": "Polygon", "coordinates": [ [ [ 77.440915333212118, 23.235614152328655 ], [ 77.441045433212111, 23.235624652325622 ], [ 77.441054633212119, 23.235528152353503 ], [ 77.440924533212112, 23.235517652356535 ], [ 77.440915333212118, 23.235614152328655 ] ] ] } },
{ "type": "Feature", "properties": { }, "geometry": { "type": "Polygon", "coordinates": [ [ [ 77.433319233212117, 23.229561154077061 ], [ 77.433265933212112, 23.229616954060951 ], [ 77.43339003321212, 23.229716754032125 ], [ 77.433443233212117, 23.229660954048242 ], [ 77.433319233212117, 23.229561154077061 ] ] ] } },
{ "type": "Feature", "properties": { }, "geometry": { "type": "Polygon", "coordinates": [ [ [ 77.438682433212108, 23.236059752199925 ], [ 77.438756933212119, 23.236063352198887 ], [ 77.438764233212112, 23.235934552236102 ], [ 77.438689833212123, 23.23593095223714 ], [ 77.438682433212108, 23.236059752199925 ] ] ] } },
{ "type": "Feature", "properties": { }, "geometry": { "type": "Polygon", "coordinates": [ [ [ 77.437428033212115, 23.234467152660002 ], [ 77.4374474332121, 23.234363952689812 ], [ 77.437375733212107, 23.234352552693107 ], [ 77.4373562332121, 23.23445575266329 ], [ 77.437428033212115, 23.234467152660002 ] ] ] } },
{ "type": "Feature", "properties": { }, "geometry": { "type": "Polygon", "coordinates": [ [ [ 77.433004033212114, 23.229903753978114 ], [ 77.433152233212112, 23.230044853937365 ], [ 77.433227233212108, 23.229978353956568 ], [ 77.433079033212124, 23.229837153997348 ], [ 77.433004033212114, 23.229903753978114 ] ] ] } },
{ "type": "Feature", "properties": { }, "geometry": { "type": "Polygon", "coordinates": [ [ [ 77.437932233212123, 23.237356051825426 ], [ 77.438042233212116, 23.237376351819563 ], [ 77.43805683321213, 23.23730945183889 ], [ 77.437946933212103, 23.237289151844756 ], [ 77.437932233212123, 23.237356051825426 ] ] ] } },
{ "type": "Feature", "properties": { }, "geometry": { "type": "Polygon", "coordinates": [ [ [ 77.438797933212129, 23.235803252274032 ], [ 77.438923333212102, 23.235823052268309 ], [ 77.438942733212102, 23.235718652298466 ], [ 77.4388173332121, 23.235698852304189 ], [ 77.438797933212129, 23.235803252274032 ] ] ] } },
{ "type": "Feature", "properties": { }, "geometry": { "type": "Polygon", "coordinates": [ [ [ 77.440906633212109, 23.235728752295554 ], [ 77.441040133212127, 23.235739252292522 ], [ 77.441049733212111, 23.235635352322536 ], [ 77.440916333212115, 23.235624852325568 ], [ 77.440906633212109, 23.235728752295554 ] ] ] } },
{ "type": "Feature", "properties": { }, "geometry": { "type": "Polygon", "coordinates": [ [ [ 77.436803033212129, 23.237445951799454 ], [ 77.436925733212121, 23.237471851791973 ], [ 77.436945433212117, 23.237392951814773 ], [ 77.436822733212111, 23.237367051822254 ], [ 77.436803033212129, 23.237445951799454 ] ] ] } },
{ "type": "Feature", "properties": { }, "geometry": { "type": "Polygon", "coordinates": [ [ [ 77.433243033212108, 23.229637254055092 ], [ 77.433166433212094, 23.229717854031811 ], [ 77.433314033212113, 23.229836153997638 ], [ 77.433390633212113, 23.229755554020922 ], [ 77.433243033212108, 23.229637254055092 ] ] ] } },
{ "type": "Feature", "properties": { }, "geometry": { "type": "Polygon", "coordinates": [ [ [ 77.433353033212114, 23.229869553987996 ], [ 77.433495833212135, 23.229978453956548 ], [ 77.433565233212136, 23.229901553978749 ], [ 77.433422433212101, 23.229792754010173 ], [ 77.433353033212114, 23.229869553987996 ] ] ] } },
{ "type": "Feature", "properties": { }, "geometry": { "type": "Polygon", "coordinates": [ [ [ 77.437552033212114, 23.234600552621465 ], [ 77.4376286332121, 23.234612652617976 ], [ 77.4376487332121, 23.234505452648946 ], [ 77.437572133212129, 23.234493352652432 ], [ 77.437552033212114, 23.234600552621465 ] ] ] } },
{ "type": "Feature", "properties": { }, "geometry": { "type": "Polygon", "coordinates": [ [ [ 77.439563833212119, 23.235207952445997 ], [ 77.439638233212108, 23.235211952444839 ], [ 77.439646533212112, 23.235079752483035 ], [ 77.439572233212118, 23.235075752484189 ], [ 77.439563833212119, 23.235207952445997 ] ] ] } },
{ "type": "Feature", "properties": { }, "geometry": { "type": "Polygon", "coordinates": [ [ [ 77.438442233212115, 23.237631751745777 ], [ 77.438573633212116, 23.237652651739737 ], [ 77.438586633212111, 23.237583851759624 ], [ 77.43845523321211, 23.237562951765657 ], [ 77.438442233212115, 23.237631751745777 ] ] ] } },
{ "type": "Feature", "properties": { }, "geometry": { "type": "Polygon", "coordinates": [ [ [ 77.437561833212129, 23.234181652742468 ], [ 77.43753853321212, 23.234264052718672 ], [ 77.437667833212117, 23.234294952709746 ], [ 77.437691133212127, 23.234212552733545 ], [ 77.437561833212129, 23.234181652742468 ] ] ] } },
{ "type": "Feature", "properties": { }, "geometry": { "type": "Polygon", "coordinates": [ [ [ 77.436828233212111, 23.237354151825979 ], [ 77.436950933212117, 23.23738655181662 ], [ 77.436970833212115, 23.237322751835055 ], [ 77.436848133212123, 23.237290351844411 ], [ 77.436828233212111, 23.237354151825979 ] ] ] } },
{ "type": "Feature", "properties": { }, "geometry": { "type": "Polygon", "coordinates": [ [ [ 77.43830563321211, 23.235558352344771 ], [ 77.438293933212108, 23.235682952308785 ], [ 77.438415533212108, 23.235692652305982 ], [ 77.43842723321211, 23.235568052341975 ], [ 77.43830563321211, 23.235558352344771 ] ] ] } },
{ "type": "Feature", "properties": { }, "geometry": { "type": "Polygon", "coordinates": [ [ [ 77.437701733212108, 23.234511752647116 ], [ 77.437833033212129, 23.23453825263946 ], [ 77.437860933212093, 23.234422052673025 ], [ 77.437729633212129, 23.234395452680712 ], [ 77.437701733212108, 23.234511752647116 ] ] ] } },
{ "type": "Feature", "properties": { }, "geometry": { "type": "Polygon", "coordinates": [ [ [ 77.434133533212133, 23.234392552681555 ], [ 77.434240033212134, 23.234410752676297 ], [ 77.434278833212105, 23.234217852732023 ], [ 77.434172433212126, 23.234199752737243 ], [ 77.434133533212133, 23.234392552681555 ] ] ] } },
{ "type": "Feature", "properties": { }, "geometry": { "type": "Polygon", "coordinates": [ [ [ 77.436711133212114, 23.237220851864492 ], [ 77.436827533212124, 23.237248451856516 ], [ 77.436846333212117, 23.237181551875842 ], [ 77.436729833212112, 23.237154051883788 ], [ 77.436711133212114, 23.237220851864492 ] ] ] } },
{ "type": "Feature", "properties": { }, "geometry": { "type": "Polygon", "coordinates": [ [ [ 77.43680743321211, 23.236836551975514 ], [ 77.436935433212099, 23.236860351968645 ], [ 77.436952733212095, 23.23678145199144 ], [ 77.43682473321212, 23.236757751998283 ], [ 77.43680743321211, 23.236836551975514 ] ] ] } },
{ "type": "Feature", "properties": { }, "geometry": { "type": "Polygon", "coordinates": [ [ [ 77.437649233212113, 23.236718952009493 ], [ 77.437729333212118, 23.236730852006055 ], [ 77.437768933212112, 23.236506552070843 ], [ 77.437688833212121, 23.236494652074288 ], [ 77.437649233212113, 23.236718952009493 ] ] ] } },
{ "type": "Feature", "properties": { }, "geometry": { "type": "Polygon", "coordinates": [ [ [ 77.438309733212108, 23.237271951849728 ], [ 77.438469333212097, 23.237302751840822 ], [ 77.438487333212109, 23.237224251863509 ], [ 77.43832773321212, 23.237193451872407 ], [ 77.438309733212108, 23.237271951849728 ] ] ] } },
{ "type": "Feature", "properties": { }, "geometry": { "type": "Polygon", "coordinates": [ [ [ 77.437572133212129, 23.234489052653682 ], [ 77.437654033212112, 23.23450095265024 ], [ 77.437672133212118, 23.234395852680599 ], [ 77.437590233212134, 23.234383852684061 ], [ 77.437572133212129, 23.234489052653682 ] ] ] } },
{ "type": "Feature", "properties": { }, "geometry": { "type": "Polygon", "coordinates": [ [ [ 77.439490833212119, 23.236132152179014 ], [ 77.439610633212098, 23.236139052177016 ], [ 77.439620433212113, 23.235995252218565 ], [ 77.439500533212097, 23.235988352220556 ], [ 77.439490833212119, 23.236132152179014 ] ] ] } },
{ "type": "Feature", "properties": { }, "geometry": { "type": "Polygon", "coordinates": [ [ [ 77.438445533212118, 23.237555951767678 ], [ 77.43859143321211, 23.237581251760368 ], [ 77.438604233212118, 23.237518851778393 ], [ 77.438458333212111, 23.23749365178568 ], [ 77.438445533212118, 23.237555951767678 ] ] ] } },
{ "type": "Feature", "properties": { }, "geometry": { "type": "Polygon", "coordinates": [ [ [ 77.438626533212116, 23.23664955202954 ], [ 77.43878053321211, 23.236672452022923 ], [ 77.438795633212109, 23.236586252047825 ], [ 77.438641733212094, 23.236563452054416 ], [ 77.438626533212116, 23.23664955202954 ] ] ] } },
{ "type": "Feature", "properties": { }, "geometry": { "type": "Polygon", "coordinates": [ [ [ 77.439367033212108, 23.235030452497277 ], [ 77.439492433212109, 23.235039052494791 ], [ 77.439503933212109, 23.234898252535469 ], [ 77.439378533212121, 23.234889652537955 ], [ 77.439367033212108, 23.235030452497277 ] ] ] } },
{ "type": "Feature", "properties": { }, "geometry": { "type": "Polygon", "coordinates": [ [ [ 77.437649933212114, 23.23524445243546 ], [ 77.437684833212117, 23.235096552478183 ], [ 77.437558033212113, 23.235071352485463 ], [ 77.43752313321211, 23.235219152442767 ], [ 77.437649933212114, 23.23524445243546 ] ] ] } },
{ "type": "Feature", "properties": { }, "geometry": { "type": "Polygon", "coordinates": [ [ [ 77.433410433212103, 23.229771254016388 ], [ 77.433572033212116, 23.229895753980426 ], [ 77.433643333212117, 23.229817554003009 ], [ 77.433481733212119, 23.229693054038968 ], [ 77.433410433212103, 23.229771254016388 ] ] ] } },
{ "type": "Feature", "properties": { }, "geometry": { "type": "Polygon", "coordinates": [ [ [ 77.439399633212119, 23.236122752181728 ], [ 77.439478733212113, 23.236127652180315 ], [ 77.439488133212123, 23.235999552217319 ], [ 77.439408933212107, 23.235994652218732 ], [ 77.439399633212119, 23.236122752181728 ] ] ] } },
{ "type": "Feature", "properties": { }, "geometry": { "type": "Polygon", "coordinates": [ [ [ 77.433477733212115, 23.229399354123792 ], [ 77.43361193321212, 23.229509054092112 ], [ 77.433688333212118, 23.229430154114894 ], [ 77.433554233212107, 23.229320454146581 ], [ 77.433477733212115, 23.229399354123792 ] ] ] } },
{ "type": "Feature", "properties": { }, "geometry": { "type": "Polygon", "coordinates": [ [ [ 77.438774433212103, 23.23623645214888 ], [ 77.438889633212113, 23.236242852147036 ], [ 77.438898433212131, 23.236109052185682 ], [ 77.438783233212106, 23.236102752187506 ], [ 77.438774433212103, 23.23623645214888 ] ] ] } },
{ "type": "Feature", "properties": { }, "geometry": { "type": "Polygon", "coordinates": [ [ [ 77.438500533212121, 23.237288851844845 ], [ 77.43865813321213, 23.237311651838255 ], [ 77.438669033212093, 23.237247951856663 ], [ 77.438511433212113, 23.237225151863253 ], [ 77.438500533212121, 23.237288851844845 ] ] ] } },
{ "type": "Feature", "properties": { }, "geometry": { "type": "Polygon", "coordinates": [ [ [ 77.438272933212119, 23.237513451779957 ], [ 77.438423133212112, 23.237539351772476 ], [ 77.438440033212117, 23.237456451796426 ], [ 77.43828983321211, 23.237430551803904 ], [ 77.438272933212119, 23.237513451779957 ] ] ] } },
{ "type": "Feature", "properties": { }, "geometry": { "type": "Polygon", "coordinates": [ [ [ 77.439232933212111, 23.235034152496208 ], [ 77.439360333212107, 23.235042152493897 ], [ 77.439371033212112, 23.234898952535264 ], [ 77.439243633212115, 23.234890952537583 ], [ 77.439232933212111, 23.235034152496208 ] ] ] } },
{ "type": "Feature", "properties": { }, "geometry": { "type": "Polygon", "coordinates": [ [ [ 77.433163133212119, 23.229729254028513 ], [ 77.433093733212104, 23.229806754006134 ], [ 77.43323413321211, 23.229912953975457 ], [ 77.433303533212111, 23.229835453997847 ], [ 77.433163133212119, 23.229729254028513 ] ] ] } },
{ "type": "Feature", "properties": { }, "geometry": { "type": "Polygon", "coordinates": [ [ [ 77.437735133212101, 23.235572252340763 ], [ 77.437857133212134, 23.2355925523349 ], [ 77.437877933212135, 23.235487452365255 ], [ 77.437755833212108, 23.235467152371122 ], [ 77.437735133212101, 23.235572252340763 ] ] ] } },
{ "type": "Feature", "properties": { }, "geometry": { "type": "Polygon", "coordinates": [ [ [ 77.433634433212134, 23.229808154005724 ], [ 77.433710633212115, 23.229725854029489 ], [ 77.433560033212117, 23.229608054063522 ], [ 77.433483833212108, 23.229690454039723 ], [ 77.433634433212134, 23.229808154005724 ] ] ] } },
{ "type": "Feature", "properties": { }, "geometry": { "type": "Polygon", "coordinates": [ [ [ 77.43857013321211, 23.236048652203138 ], [ 77.438679433212116, 23.236052052202151 ], [ 77.438684033212127, 23.235927252238206 ], [ 77.438574733212121, 23.235923852239189 ], [ 77.43857013321211, 23.236048652203138 ] ] ] } },
{ "type": "Feature", "properties": { }, "geometry": { "type": "Polygon", "coordinates": [ [ [ 77.437700833212133, 23.234216752732333 ], [ 77.437681233212118, 23.23429625270937 ], [ 77.43781373321211, 23.234323752701421 ], [ 77.437833333212112, 23.234244352724367 ], [ 77.437700833212133, 23.234216752732333 ] ] ] } },
{ "type": "Feature", "properties": { }, "geometry": { "type": "Polygon", "coordinates": [ [ [ 77.4334047332121, 23.229474154102189 ], [ 77.433527033212115, 23.229570154074462 ], [ 77.433593133212113, 23.229499054094997 ], [ 77.433470933212135, 23.229402954122754 ], [ 77.4334047332121, 23.229474154102189 ] ] ] } },
{ "type": "Feature", "properties": { }, "geometry": { "type": "Polygon", "coordinates": [ [ [ 77.440362133212105, 23.235100052477168 ], [ 77.440519033212112, 23.235114252473075 ], [ 77.440526833212104, 23.235041452494102 ], [ 77.440369933212111, 23.235027252498206 ], [ 77.440362133212105, 23.235100052477168 ] ] ] } },
{ "type": "Feature", "properties": { }, "geometry": { "type": "Polygon", "coordinates": [ [ [ 77.439889633212118, 23.23501735250106 ], [ 77.440039833212111, 23.235023552499275 ], [ 77.440043833212101, 23.234940552523248 ], [ 77.439893633212108, 23.234934352525045 ], [ 77.439889633212118, 23.23501735250106 ] ] ] } },
{ "type": "Feature", "properties": { }, "geometry": { "type": "Polygon", "coordinates": [ [ [ 77.438307933212116, 23.237281751846897 ], [ 77.438279933212115, 23.237417951807547 ], [ 77.438442533212111, 23.237446151799404 ], [ 77.438470433212117, 23.237309851838774 ], [ 77.438307933212116, 23.237281751846897 ] ] ] } },
{ "type": "Feature", "properties": { }, "geometry": { "type": "Polygon", "coordinates": [ [ [ 77.437967133212112, 23.237218051865298 ], [ 77.438084133212115, 23.237232551861108 ], [ 77.43810433321211, 23.237095751900629 ], [ 77.437987233212127, 23.237081251904819 ], [ 77.437967133212112, 23.237218051865298 ] ] ] } },
{ "type": "Feature", "properties": { }, "geometry": { "type": "Polygon", "coordinates": [ [ [ 77.437711633212118, 23.236426852093878 ], [ 77.437947033212112, 23.23646195208374 ], [ 77.437961333212129, 23.236381152107079 ], [ 77.437725933212121, 23.236346052117213 ], [ 77.437711633212118, 23.236426852093878 ] ] ] } },
{ "type": "Feature", "properties": { }, "geometry": { "type": "Polygon", "coordinates": [ [ [ 77.438608833212115, 23.235830452266168 ], [ 77.438750833212112, 23.235852752259728 ], [ 77.438777633212112, 23.235708552301382 ], [ 77.438635633212115, 23.235686252307829 ], [ 77.438608833212115, 23.235830452266168 ] ] ] } },
{ "type": "Feature", "properties": { }, "geometry": { "type": "Polygon", "coordinates": [ [ [ 77.433639333212128, 23.234548752636428 ], [ 77.43364473321212, 23.234568552630709 ], [ 77.433949833212125, 23.234606052619874 ], [ 77.433994433212121, 23.23443795266844 ], [ 77.433771133212133, 23.2343972526802 ], [ 77.433639333212128, 23.234548752636428 ] ] ] } },
{ "type": "Feature", "properties": { }, "geometry": { "type": "Polygon", "coordinates": [ [ [ 77.433862133212116, 23.234276552715059 ], [ 77.433865333212111, 23.234298652708674 ], [ 77.434114933212115, 23.234367152688886 ], [ 77.43416193321211, 23.234190352739962 ], [ 77.433989633212136, 23.234141052754204 ], [ 77.433862133212116, 23.234276552715059 ] ] ] } },
{ "type": "Feature", "properties": { }, "geometry": { "type": "Polygon", "coordinates": [ [ [ 77.429470733212113, 23.22789975455688 ], [ 77.429444833212102, 23.227913854552817 ], [ 77.429433833212116, 23.227896654557782 ], [ 77.42933483321211, 23.227950254542296 ], [ 77.429345833212111, 23.227967354537366 ], [ 77.429322633212109, 23.227979954533719 ], [ 77.429368233212131, 23.228051154513164 ], [ 77.429404533212107, 23.228031554518822 ], [ 77.429411533212104, 23.228042654515615 ], [ 77.429490133212127, 23.228000054527918 ], [ 77.429483133212116, 23.227989054531097 ], [ 77.4295164332121, 23.227971054536294 ], [ 77.429470733212113, 23.22789975455688 ] ] ] } },
{ "type": "Feature", "properties": { }, "geometry": { "type": "Polygon", "coordinates": [ [ [ 77.429678533212126, 23.228368554421493 ], [ 77.429778633212109, 23.228343754428654 ], [ 77.429751633212121, 23.228239654458719 ], [ 77.429828533212117, 23.228241354458238 ], [ 77.429812733212117, 23.228144254486271 ], [ 77.429745633212121, 23.228153454483625 ], [ 77.429752733212098, 23.228196754471114 ], [ 77.429715533212118, 23.228201954469611 ], [ 77.429695133212121, 23.228128054490949 ], [ 77.429597233212121, 23.228134254489163 ], [ 77.429609533212115, 23.228234454460225 ], [ 77.429542333212112, 23.228251754455226 ], [ 77.429559933212133, 23.228335854430938 ], [ 77.42962423321211, 23.228330954432352 ], [ 77.429653333212116, 23.228293654443128 ], [ 77.429678533212126, 23.228368554421493 ] ] ] } },
{ "type": "Feature", "properties": { }, "geometry": { "type": "Polygon", "coordinates": [ [ [ 77.430908733212135, 23.227432154691918 ], [ 77.430910733212116, 23.227451754686264 ], [ 77.430896533212135, 23.227452954685916 ], [ 77.430902733212108, 23.227511554668997 ], [ 77.43096763321212, 23.227505754670666 ], [ 77.430969033212122, 23.227519254666767 ], [ 77.430993133212127, 23.227517154667378 ], [ 77.430991133212117, 23.2274983546728 ], [ 77.431056033212116, 23.227492554674484 ], [ 77.43104973321212, 23.227433054691662 ], [ 77.431034833212109, 23.227434454691259 ], [ 77.431033433212107, 23.227421154695101 ], [ 77.430999833212113, 23.227424054694264 ], [ 77.431001533212125, 23.227440154689614 ], [ 77.430943833212098, 23.227445354688111 ], [ 77.430942133212113, 23.227429254692765 ], [ 77.430908733212135, 23.227432154691918 ] ] ] } },
{ "type": "Feature", "properties": { }, "geometry": { "type": "Polygon", "coordinates": [ [ [ 77.432446233212119, 23.227767554595069 ], [ 77.432486933212104, 23.227897054557662 ], [ 77.432666333212111, 23.227849454571416 ], [ 77.432625533212118, 23.227719854608843 ], [ 77.432446233212119, 23.227767554595069 ] ] ] } },
{ "type": "Feature", "properties": { }, "geometry": { "type": "Polygon", "coordinates": [ [ [ 77.432389333212114, 23.227588754646696 ], [ 77.432585133212115, 23.22757705465008 ], [ 77.432578933212099, 23.227490654675034 ], [ 77.432383133212113, 23.22750235467165 ], [ 77.432389333212114, 23.227588754646696 ] ] ] } },
{ "type": "Feature", "properties": { }, "geometry": { "type": "Polygon", "coordinates": [ [ [ 77.432555033212111, 23.227279754735935 ], [ 77.43259023321211, 23.227406554699318 ], [ 77.432699733212104, 23.22738095470671 ], [ 77.432664533212119, 23.227254154743328 ], [ 77.432555033212111, 23.227279754735935 ] ] ] } },
{ "type": "Feature", "properties": { }, "geometry": { "type": "Polygon", "coordinates": [ [ [ 77.428790233212098, 23.228087854502562 ], [ 77.428950533212117, 23.22813035449029 ], [ 77.428980533212112, 23.228034954517838 ], [ 77.428820233212107, 23.22799245453011 ], [ 77.428790233212098, 23.228087854502562 ] ] ] } },
{ "type": "Feature", "properties": { }, "geometry": { "type": "Polygon", "coordinates": [ [ [ 77.428295433212128, 23.227037254805968 ], [ 77.428396833212105, 23.227085154792135 ], [ 77.428479933212131, 23.226936654835011 ], [ 77.428378533212111, 23.226888754848851 ], [ 77.428295433212128, 23.227037254805968 ] ] ] } },
{ "type": "Feature", "properties": { }, "geometry": { "type": "Polygon", "coordinates": [ [ [ 77.43236003321212, 23.227348854715981 ], [ 77.432387233212097, 23.227469454681152 ], [ 77.43256103321211, 23.227436354690706 ], [ 77.432533833212119, 23.227315754725542 ], [ 77.43236003321212, 23.227348854715981 ] ] ] } },
{ "type": "Feature", "properties": { }, "geometry": { "type": "Polygon", "coordinates": [ [ [ 77.428629333212115, 23.226986154820718 ], [ 77.428587133212119, 23.227137154777122 ], [ 77.428743333212111, 23.227174054766461 ], [ 77.428785533212121, 23.227023054810061 ], [ 77.428629333212115, 23.226986154820718 ] ] ] } },
{ "type": "Feature", "properties": { }, "geometry": { "type": "Polygon", "coordinates": [ [ [ 77.432576333212111, 23.228056454511631 ], [ 77.432642633212112, 23.228150954484345 ], [ 77.432778033212116, 23.228070854507472 ], [ 77.43271183321211, 23.227976354534761 ], [ 77.432576333212111, 23.228056454511631 ] ] ] } },
{ "type": "Feature", "properties": { }, "geometry": { "type": "Polygon", "coordinates": [ [ [ 77.432421033212094, 23.227621154637344 ], [ 77.432448433212116, 23.227716754609734 ], [ 77.432546533212133, 23.22769305461658 ], [ 77.432554833212095, 23.227721954608231 ], [ 77.432591533212118, 23.227713154610772 ], [ 77.432555833212135, 23.227588454646785 ], [ 77.432421033212094, 23.227621154637344 ] ] ] } },
{ "type": "Feature", "properties": { }, "geometry": { "type": "Polygon", "coordinates": [ [ [ 77.432753433212113, 23.227978754534067 ], [ 77.432819433212117, 23.228073754506632 ], [ 77.432923833212115, 23.228012454524336 ], [ 77.432902233212118, 23.227981454533293 ], [ 77.432892233212115, 23.227987354531585 ], [ 77.432847733212114, 23.227923354550068 ], [ 77.432753433212113, 23.227978754534067 ] ] ] } },
{ "type": "Feature", "properties": { }, "geometry": { "type": "Polygon", "coordinates": [ [ [ 77.43042803321211, 23.227625054636217 ], [ 77.430319733212116, 23.227716554609795 ], [ 77.430375233212118, 23.227771954593795 ], [ 77.430418433212111, 23.227735454604336 ], [ 77.430435433212111, 23.227752454599425 ], [ 77.430457933212097, 23.227733454604905 ], [ 77.430442833212112, 23.227718354609266 ], [ 77.430485333212118, 23.22768235461967 ], [ 77.43042803321211, 23.227625054636217 ] ] ] } },
{ "type": "Feature", "properties": { }, "geometry": { "type": "Polygon", "coordinates": [ [ [ 77.430028233212113, 23.227939054545537 ], [ 77.430128833212109, 23.22784445457286 ], [ 77.430068133212117, 23.227789954588594 ], [ 77.430042333212114, 23.22781425458157 ], [ 77.430050133212106, 23.22782115457958 ], [ 77.430007633212114, 23.227861054568059 ], [ 77.429999933212116, 23.22785415457005 ], [ 77.429967633212115, 23.227884554561275 ], [ 77.430028233212113, 23.227939054545537 ] ] ] } },
{ "type": "Feature", "properties": { }, "geometry": { "type": "Polygon", "coordinates": [ [ [ 77.430624833212121, 23.227573554651087 ], [ 77.430508733212108, 23.227666854624143 ], [ 77.430561333212111, 23.227722154608173 ], [ 77.430605033212103, 23.227687054618311 ], [ 77.430622033212131, 23.227704854613172 ], [ 77.430646233212116, 23.227685454618776 ], [ 77.430629233212116, 23.227667554623942 ], [ 77.430677433212111, 23.227628854635118 ], [ 77.430624833212121, 23.227573554651087 ] ] ] } },
{ "type": "Feature", "properties": { }, "geometry": { "type": "Polygon", "coordinates": [ [ [ 77.430709033212111, 23.227520454666422 ], [ 77.430736733212115, 23.227588854646672 ], [ 77.430800433212113, 23.227567054652965 ], [ 77.430806433212112, 23.227581854648687 ], [ 77.430830333212114, 23.22757365465106 ], [ 77.430824333212115, 23.227558854655335 ], [ 77.430877533212112, 23.227540654660586 ], [ 77.430849833212108, 23.227472254680343 ], [ 77.430709033212111, 23.227520454666422 ] ] ] } },
{ "type": "Feature", "properties": { }, "geometry": { "type": "Polygon", "coordinates": [ [ [ 77.430305233212096, 23.227755054598678 ], [ 77.43019823321211, 23.227846854572167 ], [ 77.430254533212135, 23.227902354556132 ], [ 77.430294633212128, 23.227867954566069 ], [ 77.430307833212126, 23.22788085456234 ], [ 77.430331733212128, 23.227860354568264 ], [ 77.430318533212116, 23.227847454571986 ], [ 77.430361533212107, 23.227810554582646 ], [ 77.430305233212096, 23.227755054598678 ] ] ] } },
{ "type": "Feature", "properties": { }, "geometry": { "type": "Polygon", "coordinates": [ [ [ 77.43305253321212, 23.228387754415955 ], [ 77.43300123321211, 23.228442654400094 ], [ 77.433027233212115, 23.22846315439417 ], [ 77.433018333212118, 23.228472754391404 ], [ 77.433053033212119, 23.228500154383489 ], [ 77.433108033212122, 23.228441354400474 ], [ 77.433118533212109, 23.228449654398073 ], [ 77.433130233212111, 23.228437054401716 ], [ 77.433091433212113, 23.228406354410577 ], [ 77.433084833212135, 23.228413254408586 ], [ 77.43305253321212, 23.228387754415955 ] ] ] } },
{ "type": "Feature", "properties": { }, "geometry": { "type": "Polygon", "coordinates": [ [ [ 77.433308233212131, 23.22493995541161 ], [ 77.433321433212114, 23.22494385541048 ], [ 77.433312133212127, 23.22497055540277 ], [ 77.433331033212113, 23.224976155401155 ], [ 77.43332533321211, 23.224992455396446 ], [ 77.433442733212118, 23.225027155386428 ], [ 77.433448433212121, 23.225010855391133 ], [ 77.433471633212108, 23.225017655389173 ], [ 77.43348093321211, 23.224990955396883 ], [ 77.433494933212117, 23.224995055395702 ], [ 77.433509233212106, 23.224954155407506 ], [ 77.433499333212112, 23.224951255408346 ], [ 77.433512333212136, 23.224914155419057 ], [ 77.433478733212098, 23.224904255421912 ], [ 77.433465733212117, 23.2249413554112 ], [ 77.433355533212108, 23.224908755420621 ], [ 77.433367033212107, 23.224875955430083 ], [ 77.433342033212099, 23.224868555432227 ], [ 77.433330533212114, 23.224901355422748 ], [ 77.43332253321212, 23.224899055423418 ], [ 77.433308233212131, 23.22493995541161 ] ] ] } },
{ "type": "Feature", "properties": { }, "geometry": { "type": "Polygon", "coordinates": [ [ [ 77.433009333212098, 23.225670155200749 ], [ 77.432992333212127, 23.225731755182967 ], [ 77.433129733212112, 23.225763755173727 ], [ 77.433146733212112, 23.225702155191509 ], [ 77.433009333212098, 23.225670155200749 ] ] ] } },
{ "type": "Feature", "properties": { }, "geometry": { "type": "Polygon", "coordinates": [ [ [ 77.433178233212118, 23.225688055195583 ], [ 77.433150133212109, 23.225778655169421 ], [ 77.433293633212116, 23.225816255158559 ], [ 77.433321733212111, 23.225725655184721 ], [ 77.433178233212118, 23.225688055195583 ] ] ] } },
{ "type": "Feature", "properties": { }, "geometry": { "type": "Polygon", "coordinates": [ [ [ 77.433099333212098, 23.228380854417942 ], [ 77.433156933212118, 23.228424054405465 ], [ 77.433205333212115, 23.22836945442123 ], [ 77.43314773321211, 23.228326254433711 ], [ 77.433099333212098, 23.228380854417942 ] ] ] } },
{ "type": "Feature", "properties": { }, "geometry": { "type": "Polygon", "coordinates": [ [ [ 77.433160133212127, 23.228088954502244 ], [ 77.433224833212108, 23.228146854485519 ], [ 77.433264833212135, 23.228109154496408 ], [ 77.433200133212125, 23.228051154513164 ], [ 77.433160133212127, 23.228088954502244 ] ] ] } },
{ "type": "Feature", "properties": { }, "geometry": { "type": "Polygon", "coordinates": [ [ [ 77.43334863321212, 23.225724355185104 ], [ 77.43331983321211, 23.225815755158706 ], [ 77.433468033212108, 23.225855155147332 ], [ 77.433496833212118, 23.225763855173696 ], [ 77.43334863321212, 23.225724355185104 ] ] ] } },
{ "type": "Feature", "properties": { }, "geometry": { "type": "Polygon", "coordinates": [ [ [ 77.432977433212116, 23.22781685458083 ], [ 77.433033733212127, 23.227800254585613 ], [ 77.433002133212099, 23.227709654611779 ], [ 77.432945733212108, 23.227726354606968 ], [ 77.432977433212116, 23.22781685458083 ] ] ] } },
{ "type": "Feature", "properties": { }, "geometry": { "type": "Polygon", "coordinates": [ [ [ 77.43237703321212, 23.227102054787252 ], [ 77.432260133212111, 23.227137554776998 ], [ 77.432304633212112, 23.22726115474131 ], [ 77.432421533212121, 23.227225654751557 ], [ 77.43237703321212, 23.227102054787252 ] ] ] } },
{ "type": "Feature", "properties": { }, "geometry": { "type": "Polygon", "coordinates": [ [ [ 77.432888033212109, 23.225888555137683 ], [ 77.432949333212107, 23.22590355513335 ], [ 77.432970533212128, 23.225830555154435 ], [ 77.432909233212115, 23.225815555158768 ], [ 77.432888033212109, 23.225888555137683 ] ] ] } },
{ "type": "Feature", "properties": { }, "geometry": { "type": "Polygon", "coordinates": [ [ [ 77.432960433212131, 23.22591715512943 ], [ 77.433042133212112, 23.225937155123649 ], [ 77.433065233212119, 23.225857555146639 ], [ 77.432983433212115, 23.225837555152413 ], [ 77.432960433212131, 23.22591715512943 ] ] ] } },
{ "type": "Feature", "properties": { }, "geometry": { "type": "Polygon", "coordinates": [ [ [ 77.432699533212116, 23.226948354831634 ], [ 77.432624133212116, 23.226976954823385 ], [ 77.432672533212113, 23.227084854792221 ], [ 77.432747933212127, 23.22705625480048 ], [ 77.432699533212116, 23.226948354831634 ] ] ] } },
{ "type": "Feature", "properties": { }, "geometry": { "type": "Polygon", "coordinates": [ [ [ 77.433132133212112, 23.227982454533006 ], [ 77.433087433212123, 23.228023854521044 ], [ 77.433149333212114, 23.228080254504754 ], [ 77.433194033212118, 23.228038854516715 ], [ 77.433132133212112, 23.227982454533006 ] ] ] } },
{ "type": "Feature", "properties": { }, "geometry": { "type": "Polygon", "coordinates": [ [ [ 77.433521633212109, 23.22577305517104 ], [ 77.433497433212125, 23.225849955148835 ], [ 77.433648333212105, 23.22588995513728 ], [ 77.433672433212109, 23.225813155159461 ], [ 77.433521633212109, 23.22577305517104 ] ] ] } },
{ "type": "Feature", "properties": { }, "geometry": { "type": "Polygon", "coordinates": [ [ [ 77.432733333212113, 23.22691655484082 ], [ 77.432761833212112, 23.227034554806746 ], [ 77.432934133212115, 23.226999354816911 ], [ 77.43290573321211, 23.226881454850968 ], [ 77.432733333212113, 23.22691655484082 ] ] ] } },
{ "type": "Feature", "properties": { }, "geometry": { "type": "Polygon", "coordinates": [ [ [ 77.432490633212112, 23.227011454813415 ], [ 77.432534433212112, 23.227124154780867 ], [ 77.432644133212108, 23.227088054791288 ], [ 77.432600333212108, 23.226975454823808 ], [ 77.432490633212112, 23.227011454813415 ] ] ] } },
{ "type": "Feature", "properties": { }, "geometry": { "type": "Polygon", "coordinates": [ [ [ 77.433346933212121, 23.228168454479285 ], [ 77.433393333212109, 23.228189754473135 ], [ 77.43343353321211, 23.228115754494507 ], [ 77.433387133212108, 23.228094454500656 ], [ 77.433346933212121, 23.228168454479285 ] ] ] } },
{ "type": "Feature", "properties": { }, "geometry": { "type": "Polygon", "coordinates": [ [ [ 77.432406133212098, 23.227031854807528 ], [ 77.432418533212115, 23.227077654794297 ], [ 77.432499633212117, 23.227059154799637 ], [ 77.432487233212129, 23.227013354812865 ], [ 77.432406133212098, 23.227031854807528 ] ] ] } },
{ "type": "Feature", "properties": { }, "geometry": { "type": "Polygon", "coordinates": [ [ [ 77.432853733212113, 23.225623955214093 ], [ 77.432832033212108, 23.225686955195901 ], [ 77.432978233212111, 23.225729455183625 ], [ 77.432999933212116, 23.225666455201818 ], [ 77.432853733212113, 23.225623955214093 ] ] ] } },
{ "type": "Feature", "properties": { }, "geometry": { "type": "Polygon", "coordinates": [ [ [ 77.432514633212094, 23.227093954789595 ], [ 77.432407733212116, 23.227128154779717 ], [ 77.432438433212127, 23.227209154756324 ], [ 77.432545333212133, 23.227174954766198 ], [ 77.432514633212094, 23.227093954789595 ] ] ] } },
{ "type": "Feature", "properties": { }, "geometry": { "type": "Polygon", "coordinates": [ [ [ 77.432998233212118, 23.227847654571931 ], [ 77.433024633212113, 23.22791535455238 ], [ 77.433073633212103, 23.227899254557027 ], [ 77.433069033212121, 23.227887654560377 ], [ 77.433086233212123, 23.227881954562026 ], [ 77.433070833212099, 23.227842554573403 ], [ 77.433062733212111, 23.227845154572652 ], [ 77.433056233212113, 23.227828554577442 ], [ 77.432998233212118, 23.227847654571931 ] ] ] } },
{ "type": "Feature", "properties": { }, "geometry": { "type": "Polygon", "coordinates": [ [ [ 77.43277493321213, 23.227214254754852 ], [ 77.432933833212104, 23.227337154719354 ], [ 77.432976433212104, 23.227290654732791 ], [ 77.432937733212114, 23.22726065474145 ], [ 77.432930333212099, 23.227268754739114 ], [ 77.432859633212118, 23.227214154754879 ], [ 77.432867033212119, 23.227206054757218 ], [ 77.43281753321213, 23.227167754768285 ], [ 77.43277493321213, 23.227214254754852 ] ] ] } },
{ "type": "Feature", "properties": { }, "geometry": { "type": "Polygon", "coordinates": [ [ [ 77.442901633212131, 23.226505254959598 ], [ 77.442979833212121, 23.2264962549622 ], [ 77.44294873321212, 23.226266855028438 ], [ 77.443093133212116, 23.226253355032338 ], [ 77.443118633212123, 23.226488554964416 ], [ 77.442615633212128, 23.226546754947613 ], [ 77.442629033212114, 23.226645054919228 ], [ 77.44291443321211, 23.226612054928751 ], [ 77.442909133212112, 23.226573554939876 ], [ 77.443199133212119, 23.226540054949549 ], [ 77.44319343321213, 23.226498454961558 ], [ 77.443166133212117, 23.226246455034328 ], [ 77.44316073321211, 23.226173755055328 ], [ 77.442939033212113, 23.226194555049318 ], [ 77.442860533212112, 23.226201055047444 ], [ 77.442901633212131, 23.226505254959598 ] ] ] } },
{ "type": "Feature", "properties": { }, "geometry": { "type": "Polygon", "coordinates": [ [ [ 77.443140233212119, 23.226767354883915 ], [ 77.443180733212102, 23.22676315488512 ], [ 77.443170233212101, 23.226678554909551 ], [ 77.443063333212095, 23.226689754906314 ], [ 77.442836733212104, 23.226713654899413 ], [ 77.442834033212108, 23.226692254905597 ], [ 77.44255593321212, 23.226721554897136 ], [ 77.442569233212112, 23.226827554866521 ], [ 77.443056933212105, 23.226776154881364 ], [ 77.443074933212117, 23.227003654815668 ], [ 77.442938533212114, 23.227014854812435 ], [ 77.442921933212105, 23.226801054874173 ], [ 77.442837533212099, 23.226806654872558 ], [ 77.44286153321211, 23.227115554783357 ], [ 77.44294913321211, 23.22710585478616 ], [ 77.443175633212121, 23.227080754793402 ], [ 77.443140233212119, 23.226767354883915 ] ] ] } },
{ "type": "Feature", "properties": { }, "geometry": { "type": "Polygon", "coordinates": [ [ [ 77.442979333212094, 23.225959855117097 ], [ 77.443176733212113, 23.225957455117786 ], [ 77.443175433212119, 23.225870455142907 ], [ 77.442978033212128, 23.225872855142214 ], [ 77.442979333212094, 23.225959855117097 ] ] ] } },
{ "type": "Feature", "properties": { }, "geometry": { "type": "Polygon", "coordinates": [ [ [ 77.442969633212115, 23.225548355235922 ], [ 77.443130133212108, 23.225545955236615 ], [ 77.443127833212117, 23.225415855274182 ], [ 77.442967333212096, 23.225418255273489 ], [ 77.442969633212115, 23.225548355235922 ] ] ] } },
{ "type": "Feature", "properties": { }, "geometry": { "type": "Polygon", "coordinates": [ [ [ 77.443483833212113, 23.225446955265205 ], [ 77.443682333212109, 23.225449155264567 ], [ 77.443683933212114, 23.225329555299105 ], [ 77.443485433212118, 23.225327355299743 ], [ 77.443483833212113, 23.225446955265205 ] ] ] } },
{ "type": "Feature", "properties": { }, "geometry": { "type": "Polygon", "coordinates": [ [ [ 77.443480933212115, 23.224357155579888 ], [ 77.443695933212112, 23.224365955577355 ], [ 77.443706933212113, 23.224139455642753 ], [ 77.443491933212115, 23.224130655645297 ], [ 77.443480933212115, 23.224357155579888 ] ] ] } },
{ "type": "Feature", "properties": { }, "geometry": { "type": "Polygon", "coordinates": [ [ [ 77.443546933212119, 23.225114455361222 ], [ 77.443681033212101, 23.225114455361222 ], [ 77.443681033212101, 23.224977655400721 ], [ 77.443546933212119, 23.224977655400721 ], [ 77.443546933212119, 23.225114455361222 ] ] ] } },
{ "type": "Feature", "properties": { }, "geometry": { "type": "Polygon", "coordinates": [ [ [ 77.443503433212115, 23.225704255190902 ], [ 77.443694133212119, 23.225707055190096 ], [ 77.443696433212125, 23.225572555228933 ], [ 77.44350573321212, 23.225569855229715 ], [ 77.443503433212115, 23.225704255190902 ] ] ] } },
{ "type": "Feature", "properties": { }, "geometry": { "type": "Polygon", "coordinates": [ [ [ 77.44297403321211, 23.224405155566032 ], [ 77.443162733212134, 23.224403355566555 ], [ 77.443161333212132, 23.224280155602131 ], [ 77.442972733212116, 23.224281855601639 ], [ 77.44297403321211, 23.224405155566032 ] ] ] } },
{ "type": "Feature", "properties": { }, "geometry": { "type": "Polygon", "coordinates": [ [ [ 77.443571033212123, 23.22478845545535 ], [ 77.443705533212096, 23.224789355455091 ], [ 77.443707033212121, 23.224595655511028 ], [ 77.443572533212105, 23.22459475551128 ], [ 77.443571033212123, 23.22478845545535 ] ] ] } },
{ "type": "Feature", "properties": { }, "geometry": { "type": "Polygon", "coordinates": [ [ [ 77.44296373321211, 23.225072755373262 ], [ 77.443155633212115, 23.22507345537306 ], [ 77.443156033212119, 23.224995055395702 ], [ 77.443128433212095, 23.224994855395753 ], [ 77.44312873321212, 23.224932355413795 ], [ 77.442964333212117, 23.224931655414004 ], [ 77.44296373321211, 23.225072755373262 ] ] ] } },
{ "type": "Feature", "properties": { }, "geometry": { "type": "Polygon", "coordinates": [ [ [ 77.44081763321212, 23.233123553048117 ], [ 77.441072533212093, 23.233095153056322 ], [ 77.440787633212096, 23.232924853105516 ], [ 77.44081763321212, 23.233123553048117 ] ] ] } },
{ "type": "Feature", "properties": { }, "geometry": { "type": "Polygon", "coordinates": [ [ [ 77.433616933212093, 23.235804652273629 ], [ 77.433823333212118, 23.23583785226403 ], [ 77.433858433212094, 23.235653452317301 ], [ 77.433652133212135, 23.235620252326896 ], [ 77.433616933212093, 23.235804652273629 ] ] ] } },
{ "type": "Feature", "properties": { }, "geometry": { "type": "Polygon", "coordinates": [ [ [ 77.440572233212094, 23.236983851932958 ], [ 77.440727833212108, 23.236993151930275 ], [ 77.440735433212097, 23.236883951961822 ], [ 77.440579933212121, 23.236874651964509 ], [ 77.440572233212094, 23.236983851932958 ] ] ] } },
{ "type": "Feature", "properties": { }, "geometry": { "type": "Polygon", "coordinates": [ [ [ 77.43511293321211, 23.237133251889798 ], [ 77.435156533212108, 23.236951551942298 ], [ 77.435053533212113, 23.236930651948327 ], [ 77.435009933212115, 23.237112451895804 ], [ 77.43511293321211, 23.237133251889798 ] ] ] } },
{ "type": "Feature", "properties": { }, "geometry": { "type": "Polygon", "coordinates": [ [ [ 77.44184643321212, 23.234159652748829 ], [ 77.441996633212128, 23.234160252748655 ], [ 77.441997033212104, 23.234077452772571 ], [ 77.441846833212111, 23.234076852772748 ], [ 77.44184643321212, 23.234159652748829 ] ] ] } },
{ "type": "Feature", "properties": { }, "geometry": { "type": "Polygon", "coordinates": [ [ [ 77.435025733212115, 23.236051452202329 ], [ 77.43516153321211, 23.23607945219424 ], [ 77.435187633212109, 23.23597265222509 ], [ 77.435051833212114, 23.235944652233183 ], [ 77.435025733212115, 23.236051452202329 ] ] ] } },
{ "type": "Feature", "properties": { }, "geometry": { "type": "Polygon", "coordinates": [ [ [ 77.441023333212115, 23.229606054064099 ], [ 77.441321033212134, 23.229617154060893 ], [ 77.44133203321212, 23.229367554132981 ], [ 77.441034333212116, 23.229356454136184 ], [ 77.441023333212115, 23.229606054064099 ] ] ] } },
{ "type": "Feature", "properties": { }, "geometry": { "type": "Polygon", "coordinates": [ [ [ 77.440477633212112, 23.229892353981413 ], [ 77.440799533212115, 23.229904053978025 ], [ 77.44080423321212, 23.229795854009279 ], [ 77.440482333212117, 23.229784154012663 ], [ 77.440477633212112, 23.229892353981413 ] ] ] } },
{ "type": "Feature", "properties": { }, "geometry": { "type": "Polygon", "coordinates": [ [ [ 77.441856133212099, 23.234695552594019 ], [ 77.44201273321211, 23.234697152593561 ], [ 77.442014033212118, 23.234587152625334 ], [ 77.441857433212121, 23.234585652625771 ], [ 77.441856133212099, 23.234695552594019 ] ] ] } },
{ "type": "Feature", "properties": { }, "geometry": { "type": "Polygon", "coordinates": [ [ [ 77.441382033212108, 23.231659253471076 ], [ 77.441540333212117, 23.23165425347252 ], [ 77.441532533212111, 23.231442553533668 ], [ 77.441374233212116, 23.231447453532255 ], [ 77.441382033212108, 23.231659253471076 ] ] ] } },
{ "type": "Feature", "properties": { }, "geometry": { "type": "Polygon", "coordinates": [ [ [ 77.433980333212133, 23.236716652010152 ], [ 77.43417413321211, 23.236760351997532 ], [ 77.434198133212121, 23.236670752023414 ], [ 77.434004333212101, 23.236627052036038 ], [ 77.433980333212133, 23.236716652010152 ] ] ] } },
{ "type": "Feature", "properties": { }, "geometry": { "type": "Polygon", "coordinates": [ [ [ 77.43569413321211, 23.233926552816161 ], [ 77.43563763321211, 23.234181552742498 ], [ 77.435867133212128, 23.234224552730083 ], [ 77.435923633212113, 23.233969552803742 ], [ 77.43569413321211, 23.233926552816161 ] ] ] } },
{ "type": "Feature", "properties": { }, "geometry": { "type": "Polygon", "coordinates": [ [ [ 77.440582933212113, 23.236866151966968 ], [ 77.440740533212121, 23.236875451964277 ], [ 77.440748733212118, 23.23675765199831 ], [ 77.440591133212095, 23.236748352000998 ], [ 77.440582933212113, 23.236866151966968 ] ] ] } },
{ "type": "Feature", "properties": { }, "geometry": { "type": "Polygon", "coordinates": [ [ [ 77.435213033212108, 23.237143351886886 ], [ 77.435422333212117, 23.237183651875238 ], [ 77.435443933212113, 23.237089151902538 ], [ 77.435234633212119, 23.237048851914185 ], [ 77.435213033212108, 23.237143351886886 ] ] ] } },
{ "type": "Feature", "properties": { }, "geometry": { "type": "Polygon", "coordinates": [ [ [ 77.440551833212112, 23.237242951858111 ], [ 77.440696633212113, 23.237252751855277 ], [ 77.44070753321212, 23.237116951894507 ], [ 77.440562733212118, 23.237107151897341 ], [ 77.440551833212112, 23.237242951858111 ] ] ] } },
{ "type": "Feature", "properties": { }, "geometry": { "type": "Polygon", "coordinates": [ [ [ 77.433853933212134, 23.237209251867842 ], [ 77.434061133212111, 23.237243751857875 ], [ 77.434076533212135, 23.23716595188035 ], [ 77.433869333212115, 23.237131351890344 ], [ 77.433853933212134, 23.237209251867842 ] ] ] } },
{ "type": "Feature", "properties": { }, "geometry": { "type": "Polygon", "coordinates": [ [ [ 77.442056733212112, 23.236674252022407 ], [ 77.442054533212115, 23.236730852006055 ], [ 77.44218833321213, 23.236735252004781 ], [ 77.442190533212099, 23.236678552021164 ], [ 77.442056733212112, 23.236674252022407 ] ] ] } },
{ "type": "Feature", "properties": { }, "geometry": { "type": "Polygon", "coordinates": [ [ [ 77.441847833212108, 23.234429152670977 ], [ 77.441998733212131, 23.234429652670833 ], [ 77.441999033212113, 23.234343052695849 ], [ 77.441848233212113, 23.234342552695992 ], [ 77.441847833212108, 23.234429152670977 ] ] ] } },
{ "type": "Feature", "properties": { }, "geometry": { "type": "Polygon", "coordinates": [ [ [ 77.438881333212109, 23.237721351719891 ], [ 77.439034133212132, 23.237742451713803 ], [ 77.439060333212112, 23.237581651760252 ], [ 77.438907633212111, 23.237560551766347 ], [ 77.438881333212109, 23.237721351719891 ] ] ] } },
{ "type": "Feature", "properties": { }, "geometry": { "type": "Polygon", "coordinates": [ [ [ 77.4357194332121, 23.236336152120078 ], [ 77.435708133212117, 23.236381552106963 ], [ 77.435813233212116, 23.23640375210055 ], [ 77.435824633212121, 23.236358252113693 ], [ 77.4357194332121, 23.236336152120078 ] ] ] } },
{ "type": "Feature", "properties": { }, "geometry": { "type": "Polygon", "coordinates": [ [ [ 77.434042033212108, 23.236537952061788 ], [ 77.434237133212108, 23.236585952047914 ], [ 77.43426373321212, 23.236494752074261 ], [ 77.434068633212107, 23.236446752088128 ], [ 77.434042033212108, 23.236537952061788 ] ] ] } },
{ "type": "Feature", "properties": { }, "geometry": { "type": "Polygon", "coordinates": [ [ [ 77.44200873321212, 23.234808652561352 ], [ 77.442006333212134, 23.234870752543411 ], [ 77.442159933212096, 23.234875652541998 ], [ 77.442162233212116, 23.234813552559931 ], [ 77.44200873321212, 23.234808652561352 ] ] ] } },
{ "type": "Feature", "properties": { }, "geometry": { "type": "Polygon", "coordinates": [ [ [ 77.43577103321212, 23.236073752195885 ], [ 77.435883033212107, 23.236099352188482 ], [ 77.435895933212109, 23.236051652202274 ], [ 77.435783933212122, 23.236026052209667 ], [ 77.43577103321212, 23.236073752195885 ] ] ] } },
{ "type": "Feature", "properties": { }, "geometry": { "type": "Polygon", "coordinates": [ [ [ 77.435974933212108, 23.235313752415436 ], [ 77.436110833212098, 23.235339152408098 ], [ 77.436149033212118, 23.235166652457934 ], [ 77.436013133212128, 23.235141252465272 ], [ 77.435974933212108, 23.235313752415436 ] ] ] } },
{ "type": "Feature", "properties": { }, "geometry": { "type": "Polygon", "coordinates": [ [ [ 77.440661033212109, 23.233132453045545 ], [ 77.440801433212116, 23.233114653050698 ], [ 77.440783933212117, 23.23299845308426 ], [ 77.440643533212125, 23.233016253079118 ], [ 77.440661033212109, 23.233132453045545 ] ] ] } },
{ "type": "Feature", "properties": { }, "geometry": { "type": "Polygon", "coordinates": [ [ [ 77.440475633212117, 23.230183253897394 ], [ 77.440800833212109, 23.230191353895048 ], [ 77.44080543321212, 23.23003575393999 ], [ 77.440480233212114, 23.230027653942329 ], [ 77.440475633212117, 23.230183253897394 ] ] ] } },
{ "type": "Feature", "properties": { }, "geometry": { "type": "Polygon", "coordinates": [ [ [ 77.440306133212118, 23.233160953037313 ], [ 77.440426033212105, 23.233143953042223 ], [ 77.440405933212119, 23.233024353076775 ], [ 77.440286033212118, 23.233041453071834 ], [ 77.440306133212118, 23.233160953037313 ] ] ] } },
{ "type": "Feature", "properties": { }, "geometry": { "type": "Polygon", "coordinates": [ [ [ 77.44100283321211, 23.231572053496265 ], [ 77.441135633212099, 23.231574553495541 ], [ 77.441137533212114, 23.231488553520379 ], [ 77.441004733212125, 23.231486053521103 ], [ 77.44100283321211, 23.231572053496265 ] ] ] } },
{ "type": "Feature", "properties": { }, "geometry": { "type": "Polygon", "coordinates": [ [ [ 77.4399124332121, 23.232997153084632 ], [ 77.440057733212129, 23.233012953080067 ], [ 77.440069933212101, 23.232917553107626 ], [ 77.439924733212109, 23.23290185311216 ], [ 77.4399124332121, 23.232997153084632 ] ] ] } },
{ "type": "Feature", "properties": { }, "geometry": { "type": "Polygon", "coordinates": [ [ [ 77.440555433212111, 23.229649754051476 ], [ 77.440929733212116, 23.229661154048181 ], [ 77.440940033212115, 23.229375254130758 ], [ 77.440565733212125, 23.229363954134019 ], [ 77.440555433212111, 23.229649754051476 ] ] ] } },
{ "type": "Feature", "properties": { }, "geometry": { "type": "Polygon", "coordinates": [ [ [ 77.435809933212113, 23.236023852210298 ], [ 77.435898833212121, 23.236045752203978 ], [ 77.435909433212117, 23.236009252214515 ], [ 77.435820633212131, 23.235987352220846 ], [ 77.435809933212113, 23.236023852210298 ] ] ] } },
{ "type": "Feature", "properties": { }, "geometry": { "type": "Polygon", "coordinates": [ [ [ 77.441360233212094, 23.232091153346328 ], [ 77.441516533212109, 23.232098253344276 ], [ 77.44152083321211, 23.232017753367529 ], [ 77.441364633212117, 23.232010653369581 ], [ 77.441360233212094, 23.232091153346328 ] ] ] } },
{ "type": "Feature", "properties": { }, "geometry": { "type": "Polygon", "coordinates": [ [ [ 77.435791833212107, 23.234584952625969 ], [ 77.436036633212112, 23.234634852611556 ], [ 77.436065433212093, 23.234515652645992 ], [ 77.435820633212131, 23.234465752660405 ], [ 77.435791833212107, 23.234584952625969 ] ] ] } },
{ "type": "Feature", "properties": { }, "geometry": { "type": "Polygon", "coordinates": [ [ [ 77.439290133212111, 23.232613953195326 ], [ 77.43943433321212, 23.232635653189046 ], [ 77.439457233212124, 23.23250715322617 ], [ 77.439313033212116, 23.232485453232432 ], [ 77.439290133212111, 23.232613953195326 ] ] ] } },
{ "type": "Feature", "properties": { }, "geometry": { "type": "Polygon", "coordinates": [ [ [ 77.435318233212115, 23.236706452013099 ], [ 77.435462233212121, 23.236724652007844 ], [ 77.435476333212094, 23.236630452035055 ], [ 77.435332333212116, 23.236612252040317 ], [ 77.435318233212115, 23.236706452013099 ] ] ] } },
{ "type": "Feature", "properties": { }, "geometry": { "type": "Polygon", "coordinates": [ [ [ 77.43581963321212, 23.234461752661559 ], [ 77.43602253321211, 23.234504252649288 ], [ 77.436046933212097, 23.234405852677703 ], [ 77.435844133212115, 23.234363352689982 ], [ 77.43581963321212, 23.234461752661559 ] ] ] } },
{ "type": "Feature", "properties": { }, "geometry": { "type": "Polygon", "coordinates": [ [ [ 77.435945733212094, 23.234074352773472 ], [ 77.436029533212121, 23.234087252769736 ], [ 77.436043233212132, 23.234012452791347 ], [ 77.435959433212119, 23.233999552795076 ], [ 77.435945733212094, 23.234074352773472 ] ] ] } },
{ "type": "Feature", "properties": { }, "geometry": { "type": "Polygon", "coordinates": [ [ [ 77.441366533212133, 23.232005253371138 ], [ 77.441527233212113, 23.232013053368892 ], [ 77.44153143321212, 23.231941253389618 ], [ 77.441370633212117, 23.231933453391875 ], [ 77.441366533212133, 23.232005253371138 ] ] ] } },
{ "type": "Feature", "properties": { }, "geometry": { "type": "Polygon", "coordinates": [ [ [ 77.435076033212098, 23.236900351957082 ], [ 77.435267833212109, 23.23692505194995 ], [ 77.435282633212097, 23.236827751978062 ], [ 77.435090833212129, 23.236803151985168 ], [ 77.435076033212098, 23.236900351957082 ] ] ] } },
{ "type": "Feature", "properties": { }, "geometry": { "type": "Polygon", "coordinates": [ [ [ 77.433851633212115, 23.237212951866777 ], [ 77.433832133212121, 23.237312151838115 ], [ 77.434042333212133, 23.237346951828062 ], [ 77.434061833212112, 23.237247751856714 ], [ 77.433851633212115, 23.237212951866777 ] ] ] } },
{ "type": "Feature", "properties": { }, "geometry": { "type": "Polygon", "coordinates": [ [ [ 77.435754133212114, 23.234659252604512 ], [ 77.435946833212128, 23.234699052593015 ], [ 77.435965033212113, 23.234624952614414 ], [ 77.435772233212134, 23.234585152625915 ], [ 77.435754133212114, 23.234659252604512 ] ] ] } },
{ "type": "Feature", "properties": { }, "geometry": { "type": "Polygon", "coordinates": [ [ [ 77.43491273321213, 23.236440852089832 ], [ 77.435060833212106, 23.236466752082343 ], [ 77.435079933212108, 23.236374352109042 ], [ 77.434931833212104, 23.236348452116523 ], [ 77.43491273321213, 23.236440852089832 ] ] ] } },
{ "type": "Feature", "properties": { }, "geometry": { "type": "Polygon", "coordinates": [ [ [ 77.434004933212108, 23.236622352037397 ], [ 77.434200433212112, 23.236670452023503 ], [ 77.434224533212117, 23.236587752047388 ], [ 77.434029033212113, 23.236539652061293 ], [ 77.434004933212108, 23.236622352037397 ] ] ] } },
{ "type": "Feature", "properties": { }, "geometry": { "type": "Polygon", "coordinates": [ [ [ 77.442008633212112, 23.23470175259223 ], [ 77.44200713321213, 23.234804852562448 ], [ 77.442157333212108, 23.234806652561929 ], [ 77.442158833212105, 23.234703552591711 ], [ 77.442008633212112, 23.23470175259223 ] ] ] } },
{ "type": "Feature", "properties": { }, "geometry": { "type": "Polygon", "coordinates": [ [ [ 77.434069233212114, 23.236442452089371 ], [ 77.434266033212111, 23.236489852075675 ], [ 77.434284333212119, 23.236425752094192 ], [ 77.434087533212093, 23.236378352107888 ], [ 77.434069233212114, 23.236442452089371 ] ] ] } },
{ "type": "Feature", "properties": { }, "geometry": { "type": "Polygon", "coordinates": [ [ [ 77.435958833212112, 23.235370752398975 ], [ 77.43609123321211, 23.235394752392036 ], [ 77.436103133212129, 23.235339352408044 ], [ 77.43597073321213, 23.235315352414972 ], [ 77.435958833212112, 23.235370752398975 ] ] ] } },
{ "type": "Feature", "properties": { }, "geometry": { "type": "Polygon", "coordinates": [ [ [ 77.435331033212108, 23.23660785204159 ], [ 77.435490233212121, 23.236631052034884 ], [ 77.435513433212108, 23.236497452073479 ], [ 77.435354233212109, 23.236474152080209 ], [ 77.435331033212108, 23.23660785204159 ] ] ] } },
{ "type": "Feature", "properties": { }, "geometry": { "type": "Polygon", "coordinates": [ [ [ 77.438902533212115, 23.237553851768283 ], [ 77.439058133212114, 23.237577851761358 ], [ 77.439078033212112, 23.237469151792755 ], [ 77.438922433212113, 23.23744515179969 ], [ 77.438902533212115, 23.237553851768283 ] ] ] } },
{ "type": "Feature", "properties": { }, "geometry": { "type": "Polygon", "coordinates": [ [ [ 77.439325033212114, 23.23315065304029 ], [ 77.439479533212122, 23.233167853035326 ], [ 77.439491833212116, 23.233073953062448 ], [ 77.439337433212117, 23.233056753067409 ], [ 77.439325033212114, 23.23315065304029 ] ] ] } },
{ "type": "Feature", "properties": { }, "geometry": { "type": "Polygon", "coordinates": [ [ [ 77.440699833212108, 23.237270551850123 ], [ 77.440861833212125, 23.237282851846579 ], [ 77.440873433212118, 23.237153751883877 ], [ 77.440711433212115, 23.237141551887401 ], [ 77.440699833212108, 23.237270551850123 ] ] ] } },
{ "type": "Feature", "properties": { }, "geometry": { "type": "Polygon", "coordinates": [ [ [ 77.438723333212096, 23.237616351750233 ], [ 77.438877333212119, 23.237637851744012 ], [ 77.438905433212113, 23.237467251793301 ], [ 77.438751533212113, 23.237445751799513 ], [ 77.438723333212096, 23.237616351750233 ] ] ] } },
{ "type": "Feature", "properties": { }, "geometry": { "type": "Polygon", "coordinates": [ [ [ 77.435164033212118, 23.236584352048379 ], [ 77.435324433212102, 23.236611252040603 ], [ 77.435352233212114, 23.236471952080848 ], [ 77.435191733212122, 23.23644495208865 ], [ 77.435164033212118, 23.236584352048379 ] ] ] } },
{ "type": "Feature", "properties": { }, "geometry": { "type": "Polygon", "coordinates": [ [ [ 77.435834833212112, 23.235950052231619 ], [ 77.435824933212132, 23.235984452221686 ], [ 77.435911933212097, 23.236005652215557 ], [ 77.435921933212128, 23.235971352225466 ], [ 77.435834833212112, 23.235950052231619 ] ] ] } },
{ "type": "Feature", "properties": { }, "geometry": { "type": "Polygon", "coordinates": [ [ [ 77.442011733212112, 23.235147252463534 ], [ 77.442008633212112, 23.235247852434476 ], [ 77.44215323321211, 23.235251452433438 ], [ 77.442156233212131, 23.235150952462465 ], [ 77.442011733212112, 23.235147252463534 ] ] ] } },
{ "type": "Feature", "properties": { }, "geometry": { "type": "Polygon", "coordinates": [ [ [ 77.435186033212119, 23.234170352745735 ], [ 77.435326833212102, 23.234197452737913 ], [ 77.435358133212134, 23.234059852777655 ], [ 77.435217333212108, 23.234032752785481 ], [ 77.435186033212119, 23.234170352745735 ] ] ] } },
{ "type": "Feature", "properties": { }, "geometry": { "type": "Polygon", "coordinates": [ [ [ 77.438647533212119, 23.231402853545134 ], [ 77.439094133212109, 23.231382553551001 ], [ 77.439089133212136, 23.231288653578122 ], [ 77.438642533212104, 23.23130895357226 ], [ 77.438647533212119, 23.231402853545134 ] ] ] } },
{ "type": "Feature", "properties": { }, "geometry": { "type": "Polygon", "coordinates": [ [ [ 77.441820433212101, 23.237232151861232 ], [ 77.44192303321212, 23.237234051860678 ], [ 77.441925533212114, 23.237116351894684 ], [ 77.441822933212109, 23.237114551895196 ], [ 77.441820433212101, 23.237232151861232 ] ] ] } },
{ "type": "Feature", "properties": { }, "geometry": { "type": "Polygon", "coordinates": [ [ [ 77.434290833212117, 23.236590852046497 ], [ 77.434490633212107, 23.23663505203373 ], [ 77.434510733212107, 23.236558452055856 ], [ 77.434310933212103, 23.236514252068623 ], [ 77.434290833212117, 23.236590852046497 ] ] ] } },
{ "type": "Feature", "properties": { }, "geometry": { "type": "Polygon", "coordinates": [ [ [ 77.435257733212097, 23.233873352831534 ], [ 77.435407933212119, 23.233902852823011 ], [ 77.435424233212132, 23.233832952843205 ], [ 77.43527403321211, 23.233803452851721 ], [ 77.435257733212097, 23.233873352831534 ] ] ] } },
{ "type": "Feature", "properties": { }, "geometry": { "type": "Polygon", "coordinates": [ [ [ 77.44112593321212, 23.230087953924919 ], [ 77.44141023321211, 23.230087953924919 ], [ 77.44141023321211, 23.22981555400359 ], [ 77.44112593321212, 23.22981555400359 ], [ 77.44112593321212, 23.230087953924919 ] ] ] } },
{ "type": "Feature", "properties": { }, "geometry": { "type": "Polygon", "coordinates": [ [ [ 77.440079533212113, 23.231696553460303 ], [ 77.440254233212116, 23.231694653460853 ], [ 77.440252233212121, 23.23153745350626 ], [ 77.440077533212133, 23.231539353505706 ], [ 77.440079533212113, 23.231696553460303 ] ] ] } },
{ "type": "Feature", "properties": { }, "geometry": { "type": "Polygon", "coordinates": [ [ [ 77.43413423321212, 23.237184551874979 ], [ 77.434341433212111, 23.237225851863041 ], [ 77.434359733212119, 23.237148351885434 ], [ 77.434152533212114, 23.237107051897365 ], [ 77.43413423321212, 23.237184551874979 ] ] ] } },
{ "type": "Feature", "properties": { }, "geometry": { "type": "Polygon", "coordinates": [ [ [ 77.442003333212114, 23.235414352386375 ], [ 77.442138133212111, 23.235419252384961 ], [ 77.442142333212104, 23.235322552412892 ], [ 77.44200753321212, 23.235317652414306 ], [ 77.442003333212114, 23.235414352386375 ] ] ] } },
{ "type": "Feature", "properties": { }, "geometry": { "type": "Polygon", "coordinates": [ [ [ 77.435587333212112, 23.236768651995131 ], [ 77.435687933212108, 23.236786551989958 ], [ 77.435699233212119, 23.236732652005536 ], [ 77.435598633212109, 23.236714752010702 ], [ 77.435587333212112, 23.236768651995131 ] ] ] } },
{ "type": "Feature", "properties": { }, "geometry": { "type": "Polygon", "coordinates": [ [ [ 77.439320033212098, 23.232477253234801 ], [ 77.439460133212123, 23.232496553229229 ], [ 77.439483033212127, 23.232355953269838 ], [ 77.439342933212117, 23.232336653275414 ], [ 77.439320033212098, 23.232477253234801 ] ] ] } },
{ "type": "Feature", "properties": { }, "geometry": { "type": "Polygon", "coordinates": [ [ [ 77.440335533212135, 23.237979551645299 ], [ 77.440314433212109, 23.238066751620103 ], [ 77.440462633212121, 23.238096951611379 ], [ 77.440483733212119, 23.238009751636572 ], [ 77.440335533212135, 23.237979551645299 ] ] ] } },
{ "type": "Feature", "properties": { }, "geometry": { "type": "Polygon", "coordinates": [ [ [ 77.435145033212109, 23.2366801520207 ], [ 77.435304233212108, 23.236707852012692 ], [ 77.435322733212132, 23.236618252038578 ], [ 77.435163433212111, 23.236590552046579 ], [ 77.435145033212109, 23.2366801520207 ] ] ] } },
{ "type": "Feature", "properties": { }, "geometry": { "type": "Polygon", "coordinates": [ [ [ 77.435607533212121, 23.234407952677103 ], [ 77.435815533212107, 23.234447052665811 ], [ 77.435840833212097, 23.234333152698706 ], [ 77.435632833212111, 23.234294052710009 ], [ 77.435607533212121, 23.234407952677103 ] ] ] } },
{ "type": "Feature", "properties": { }, "geometry": { "type": "Polygon", "coordinates": [ [ [ 77.442016633212134, 23.23724445185767 ], [ 77.44209913321211, 23.237247851856687 ], [ 77.442105233212118, 23.237124051892458 ], [ 77.442022633212119, 23.237120651893434 ], [ 77.442016633212134, 23.23724445185767 ] ] ] } },
{ "type": "Feature", "properties": { }, "geometry": { "type": "Polygon", "coordinates": [ [ [ 77.441850033212134, 23.235082152482342 ], [ 77.442009633212095, 23.235084152481765 ], [ 77.442011133212119, 23.234981352511461 ], [ 77.441851533212116, 23.234979352512042 ], [ 77.441850033212134, 23.235082152482342 ] ] ] } },
{ "type": "Feature", "properties": { }, "geometry": { "type": "Polygon", "coordinates": [ [ [ 77.434325433212095, 23.235324452412346 ], [ 77.43452823321212, 23.235361952401508 ], [ 77.43454133321211, 23.235301952418851 ], [ 77.434338533212113, 23.235264452429682 ], [ 77.434325433212095, 23.235324452412346 ] ] ] } },
{ "type": "Feature", "properties": { }, "geometry": { "type": "Polygon", "coordinates": [ [ [ 77.434272333212121, 23.236692252017207 ], [ 77.434472833212112, 23.236736652004382 ], [ 77.434497333212121, 23.236643252031357 ], [ 77.43429683321213, 23.236598852044185 ], [ 77.434272333212121, 23.236692252017207 ] ] ] } },
{ "type": "Feature", "properties": { }, "geometry": { "type": "Polygon", "coordinates": [ [ [ 77.442006333212134, 23.235313952415382 ], [ 77.442144133212111, 23.235318852413968 ], [ 77.442146833212121, 23.23525555243225 ], [ 77.442009033212116, 23.235250652433663 ], [ 77.442006333212134, 23.235313952415382 ] ] ] } },
{ "type": "Feature", "properties": { }, "geometry": { "type": "Polygon", "coordinates": [ [ [ 77.43562853321211, 23.236703652013912 ], [ 77.43572883321211, 23.236725252007666 ], [ 77.435740333212095, 23.236679852020782 ], [ 77.435640133212118, 23.236658352026996 ], [ 77.43562853321211, 23.236703652013912 ] ] ] } },
{ "type": "Feature", "properties": { }, "geometry": { "type": "Polygon", "coordinates": [ [ [ 77.441907333212114, 23.236801151985741 ], [ 77.442043033212101, 23.236808551983607 ], [ 77.442053333212115, 23.236650252029339 ], [ 77.44191753321212, 23.236642852031473 ], [ 77.441907333212114, 23.236801151985741 ] ] ] } },
{ "type": "Feature", "properties": { }, "geometry": { "type": "Polygon", "coordinates": [ [ [ 77.435141733212134, 23.2342947527098 ], [ 77.435290633212134, 23.234324352701247 ], [ 77.43531903321211, 23.234203552736151 ], [ 77.435170133212097, 23.234173952744698 ], [ 77.435141733212134, 23.2342947527098 ] ] ] } },
{ "type": "Feature", "properties": { }, "geometry": { "type": "Polygon", "coordinates": [ [ [ 77.438699033212117, 23.232552053213205 ], [ 77.438845833212113, 23.232569353208198 ], [ 77.438858833212123, 23.232476353235061 ], [ 77.438712033212113, 23.232459053240056 ], [ 77.438699033212117, 23.232552053213205 ] ] ] } },
{ "type": "Feature", "properties": { }, "geometry": { "type": "Polygon", "coordinates": [ [ [ 77.434071133212129, 23.236355052114618 ], [ 77.434272433212115, 23.236405152100147 ], [ 77.4343222332121, 23.236236652148825 ], [ 77.43412083321212, 23.2361865521633 ], [ 77.434071133212129, 23.236355052114618 ] ] ] } },
{ "type": "Feature", "properties": { }, "geometry": { "type": "Polygon", "coordinates": [ [ [ 77.441855833212117, 23.235093752478996 ], [ 77.441853733212099, 23.235172152456347 ], [ 77.442003933212121, 23.235175552455363 ], [ 77.442006033212081, 23.235097152478005 ], [ 77.441855833212117, 23.235093752478996 ] ] ] } },
{ "type": "Feature", "properties": { }, "geometry": { "type": "Polygon", "coordinates": [ [ [ 77.440749933212118, 23.236892651959309 ], [ 77.440896733212114, 23.236901251956819 ], [ 77.440901733212115, 23.236830151977362 ], [ 77.440754833212111, 23.236821551979855 ], [ 77.440749933212118, 23.236892651959309 ] ] ] } },
{ "type": "Feature", "properties": { }, "geometry": { "type": "Polygon", "coordinates": [ [ [ 77.439346933212136, 23.233038253072763 ], [ 77.439503833212115, 23.233058853066808 ], [ 77.439513633212115, 23.232996153084919 ], [ 77.439356733212094, 23.232975553090871 ], [ 77.439346933212136, 23.233038253072763 ] ] ] } },
{ "type": "Feature", "properties": { }, "geometry": { "type": "Polygon", "coordinates": [ [ [ 77.435189933212115, 23.23644155208963 ], [ 77.435342133212103, 23.236466752082343 ], [ 77.435356933212134, 23.236391252104163 ], [ 77.435204733212117, 23.236366052111446 ], [ 77.435189933212115, 23.23644155208963 ] ] ] } },
{ "type": "Feature", "properties": { }, "geometry": { "type": "Polygon", "coordinates": [ [ [ 77.439395633212101, 23.231988553375963 ], [ 77.439505333212097, 23.232004953371224 ], [ 77.439522633212107, 23.231907253399445 ], [ 77.439412933212111, 23.231890853404181 ], [ 77.439395633212101, 23.231988553375963 ] ] ] } },
{ "type": "Feature", "properties": { }, "geometry": { "type": "Polygon", "coordinates": [ [ [ 77.442060833212125, 23.236665952024801 ], [ 77.44219393321211, 23.236670252023558 ], [ 77.442198033212108, 23.236563752054327 ], [ 77.442064933212109, 23.23655945205557 ], [ 77.442060833212125, 23.236665952024801 ] ] ] } },
{ "type": "Feature", "properties": { }, "geometry": { "type": "Polygon", "coordinates": [ [ [ 77.435665133212126, 23.236547152059121 ], [ 77.435767333212112, 23.236567752053169 ], [ 77.435777633212112, 23.236524852065568 ], [ 77.435675433212126, 23.236504152071539 ], [ 77.435665133212126, 23.236547152059121 ] ] ] } },
{ "type": "Feature", "properties": { }, "geometry": { "type": "Polygon", "coordinates": [ [ [ 77.442010733212115, 23.235143852464518 ], [ 77.442156233212131, 23.235147252463534 ], [ 77.442158533212108, 23.235063252487805 ], [ 77.44201303321212, 23.235059852488781 ], [ 77.442010733212115, 23.235143852464518 ] ] ] } },
{ "type": "Feature", "properties": { }, "geometry": { "type": "Polygon", "coordinates": [ [ [ 77.43829103321211, 23.235301752418902 ], [ 77.438464633212121, 23.235325752411971 ], [ 77.438484433212111, 23.235205252446786 ], [ 77.438310733212134, 23.235181252453714 ], [ 77.43829103321211, 23.235301752418902 ] ] ] } },
{ "type": "Feature", "properties": { }, "geometry": { "type": "Polygon", "coordinates": [ [ [ 77.440811633212135, 23.231295953576016 ], [ 77.441172333212123, 23.231302153574223 ], [ 77.44117493321211, 23.231175053610936 ], [ 77.440814133212101, 23.231168853612726 ], [ 77.440811633212135, 23.231295953576016 ] ] ] } },
{ "type": "Feature", "properties": { }, "geometry": { "type": "Polygon", "coordinates": [ [ [ 77.434235533212117, 23.236799851986117 ], [ 77.434438433212108, 23.236844851973114 ], [ 77.434465433212125, 23.236741952002848 ], [ 77.43426253321212, 23.236696952015841 ], [ 77.434235533212117, 23.236799851986117 ] ] ] } },
{ "type": "Feature", "properties": { }, "geometry": { "type": "Polygon", "coordinates": [ [ [ 77.439801133212114, 23.236911151953962 ], [ 77.439961333212111, 23.23692255195067 ], [ 77.439970833212129, 23.236810351983085 ], [ 77.43981053321211, 23.23679895198638 ], [ 77.439801133212114, 23.236911151953962 ] ] ] } },
{ "type": "Feature", "properties": { }, "geometry": { "type": "Polygon", "coordinates": [ [ [ 77.435240433212101, 23.233956952807386 ], [ 77.43538733321212, 23.233986952798716 ], [ 77.435404633212116, 23.233915252819425 ], [ 77.435257833212134, 23.233885252828092 ], [ 77.435240433212101, 23.233956952807386 ] ] ] } },
{ "type": "Feature", "properties": { }, "geometry": { "type": "Polygon", "coordinates": [ [ [ 77.434126333212134, 23.237262451852473 ], [ 77.434326933212134, 23.237295251842994 ], [ 77.434339833212121, 23.237228351862317 ], [ 77.434139233212107, 23.237195651871769 ], [ 77.434126333212134, 23.237262451852473 ] ] ] } },
{ "type": "Feature", "properties": { }, "geometry": { "type": "Polygon", "coordinates": [ [ [ 77.435678233212116, 23.236495452074056 ], [ 77.43578413321211, 23.236514552068545 ], [ 77.435795533212115, 23.236461052083996 ], [ 77.435689633212121, 23.236441952089514 ], [ 77.435678233212116, 23.236495452074056 ] ] ] } },
{ "type": "Feature", "properties": { }, "geometry": { "type": "Polygon", "coordinates": [ [ [ 77.439897833212115, 23.231692153461577 ], [ 77.440067133212096, 23.231688453462642 ], [ 77.440063133212107, 23.231535053506953 ], [ 77.439893833212125, 23.231538753505884 ], [ 77.439897833212115, 23.231692153461577 ] ] ] } },
{ "type": "Feature", "properties": { }, "geometry": { "type": "Polygon", "coordinates": [ [ [ 77.442012233212111, 23.235055552490028 ], [ 77.442158933212113, 23.235059152488986 ], [ 77.442161333212127, 23.23497475251337 ], [ 77.442014633212111, 23.234971252514377 ], [ 77.442012233212111, 23.235055552490028 ] ] ] } },
{ "type": "Feature", "properties": { }, "geometry": { "type": "Polygon", "coordinates": [ [ [ 77.435335533212111, 23.23433755269744 ], [ 77.435483733212109, 23.234367152688886 ], [ 77.435501333212116, 23.234292852710354 ], [ 77.435353133212118, 23.234263252718907 ], [ 77.435335533212111, 23.23433755269744 ] ] ] } },
{ "type": "Feature", "properties": { }, "geometry": { "type": "Polygon", "coordinates": [ [ [ 77.434155033212093, 23.237100151899362 ], [ 77.434366633212122, 23.237139451888005 ], [ 77.4343885332121, 23.237040051916726 ], [ 77.434176933212115, 23.237000751928079 ], [ 77.434155033212093, 23.237100151899362 ] ] ] } },
{ "type": "Feature", "properties": { }, "geometry": { "type": "Polygon", "coordinates": [ [ [ 77.440477633212112, 23.229281054157958 ], [ 77.441390933212119, 23.229302054151898 ], [ 77.441395633212096, 23.229131954201026 ], [ 77.440482333212117, 23.229110954207091 ], [ 77.440477633212112, 23.229281054157958 ] ] ] } },
{ "type": "Feature", "properties": { }, "geometry": { "type": "Polygon", "coordinates": [ [ [ 77.435635633212115, 23.234283152713157 ], [ 77.435840233212119, 23.234321752702002 ], [ 77.435860933212112, 23.234229352728697 ], [ 77.435656333212094, 23.234190652739873 ], [ 77.435635633212115, 23.234283152713157 ] ] ] } },
{ "type": "Feature", "properties": { }, "geometry": { "type": "Polygon", "coordinates": [ [ [ 77.43588203321211, 23.23425315272182 ], [ 77.435855833212131, 23.234358852691283 ], [ 77.436055633212121, 23.234400752679182 ], [ 77.436081833212114, 23.234295052709715 ], [ 77.43588203321211, 23.23425315272182 ] ] ] } },
{ "type": "Feature", "properties": { }, "geometry": { "type": "Polygon", "coordinates": [ [ [ 77.433354333212122, 23.23607695219496 ], [ 77.433350733212109, 23.236340952118688 ], [ 77.433840333212132, 23.236346652117046 ], [ 77.433843933212117, 23.236082652193314 ], [ 77.433354333212122, 23.23607695219496 ] ] ] } },
{ "type": "Feature", "properties": { }, "geometry": { "type": "Polygon", "coordinates": [ [ [ 77.435218233212112, 23.234027352787052 ], [ 77.435372433212109, 23.234058152778154 ], [ 77.435387833212118, 23.233993152796927 ], [ 77.435233533212127, 23.233962352805825 ], [ 77.435218233212112, 23.234027352787052 ] ] ] } },
{ "type": "Feature", "properties": { }, "geometry": { "type": "Polygon", "coordinates": [ [ [ 77.4343459332121, 23.23526225243031 ], [ 77.434543233212096, 23.235296152420524 ], [ 77.434574633212108, 23.235142052465036 ], [ 77.434377333212112, 23.23510815247483 ], [ 77.4343459332121, 23.23526225243031 ] ] ] } },
{ "type": "Feature", "properties": { }, "geometry": { "type": "Polygon", "coordinates": [ [ [ 77.434183833212117, 23.236992251930534 ], [ 77.43438683321213, 23.237027451920365 ], [ 77.434400633212121, 23.236960151939805 ], [ 77.434197633212094, 23.23692495194998 ], [ 77.434183833212117, 23.236992251930534 ] ] ] } },
{ "type": "Feature", "properties": { }, "geometry": { "type": "Polygon", "coordinates": [ [ [ 77.44199533321212, 23.237377451819249 ], [ 77.442001533212121, 23.237271651849817 ], [ 77.441924433212094, 23.23726775185094 ], [ 77.441918233212121, 23.237373651820345 ], [ 77.44199533321212, 23.237377451819249 ] ] ] } },
{ "type": "Feature", "properties": { }, "geometry": { "type": "Polygon", "coordinates": [ [ [ 77.43869533321211, 23.237745451712929 ], [ 77.438852333212097, 23.237765451707144 ], [ 77.43887013321212, 23.237647751741154 ], [ 77.438713133212133, 23.237627651746969 ], [ 77.43869533321211, 23.237745451712929 ] ] ] } },
{ "type": "Feature", "properties": { }, "geometry": { "type": "Polygon", "coordinates": [ [ [ 77.441847733212114, 23.234511152647297 ], [ 77.441999333212109, 23.234510552647464 ], [ 77.441998933212119, 23.234433452669741 ], [ 77.441847433212118, 23.23443405266957 ], [ 77.441847733212114, 23.234511152647297 ] ] ] } },
{ "type": "Feature", "properties": { }, "geometry": { "type": "Polygon", "coordinates": [ [ [ 77.441486833212096, 23.23109885363294 ], [ 77.441836833212093, 23.231100053632602 ], [ 77.441838733212109, 23.230652853761757 ], [ 77.441488733212111, 23.230651553762137 ], [ 77.441486833212096, 23.23109885363294 ] ] ] } },
{ "type": "Feature", "properties": { }, "geometry": { "type": "Polygon", "coordinates": [ [ [ 77.435911933212097, 23.234150652751428 ], [ 77.435887133212134, 23.234248952723039 ], [ 77.436071633212109, 23.234288152711706 ], [ 77.43609633321212, 23.234189852740109 ], [ 77.435911933212097, 23.234150652751428 ] ] ] } },
{ "type": "Feature", "properties": { }, "geometry": { "type": "Polygon", "coordinates": [ [ [ 77.442017133212119, 23.234697452593476 ], [ 77.442150833212125, 23.234699552592868 ], [ 77.442153033212108, 23.234587652625191 ], [ 77.442019233212108, 23.234585552625791 ], [ 77.442017133212119, 23.234697452593476 ] ] ] } },
{ "type": "Feature", "properties": { }, "geometry": { "type": "Polygon", "coordinates": [ [ [ 77.441570033212102, 23.22990525397768 ], [ 77.441716833212112, 23.22991205397572 ], [ 77.441722433212121, 23.229809454005352 ], [ 77.441575633212096, 23.229802654007319 ], [ 77.441570033212102, 23.22990525397768 ] ] ] } },
{ "type": "Feature", "properties": { }, "geometry": { "type": "Polygon", "coordinates": [ [ [ 77.439817133212102, 23.229890453981962 ], [ 77.439998233212108, 23.229889853982129 ], [ 77.43999803321212, 23.229833853998308 ], [ 77.439816933212114, 23.229834453998134 ], [ 77.439817133212102, 23.229890453981962 ] ] ] } },
{ "type": "Feature", "properties": { }, "geometry": { "type": "Polygon", "coordinates": [ [ [ 77.441856433212109, 23.235175552455363 ], [ 77.441854533212094, 23.235246452434875 ], [ 77.442005033212112, 23.235250052433841 ], [ 77.442006933212113, 23.235179052454352 ], [ 77.441856433212109, 23.235175552455363 ] ] ] } },
{ "type": "Feature", "properties": { }, "geometry": { "type": "Polygon", "coordinates": [ [ [ 77.441779233212117, 23.237371451820984 ], [ 77.441903233212102, 23.237374551820082 ], [ 77.441906633212128, 23.237260051853166 ], [ 77.441782533212134, 23.23725705185403 ], [ 77.441779233212117, 23.237371451820984 ] ] ] } },
{ "type": "Feature", "properties": { }, "geometry": { "type": "Polygon", "coordinates": [ [ [ 77.440568033212116, 23.232877853119085 ], [ 77.44058753321211, 23.233012253080272 ], [ 77.440741833212101, 23.232993253085763 ], [ 77.440722333212108, 23.232858953124548 ], [ 77.440568033212116, 23.232877853119085 ] ] ] } },
{ "type": "Feature", "properties": { }, "geometry": { "type": "Polygon", "coordinates": [ [ [ 77.440738533212112, 23.236990651930995 ], [ 77.440878033212101, 23.236997951928885 ], [ 77.44088393321212, 23.236903351956215 ], [ 77.440744433212117, 23.236896051958322 ], [ 77.440738533212112, 23.236990651930995 ] ] ] } },
{ "type": "Feature", "properties": { }, "geometry": { "type": "Polygon", "coordinates": [ [ [ 77.441850833212129, 23.234339252696945 ], [ 77.44199533321212, 23.234340252696661 ], [ 77.441995933212112, 23.23425315272182 ], [ 77.441851433212122, 23.234252252722079 ], [ 77.441850833212129, 23.234339252696945 ] ] ] } },
{ "type": "Feature", "properties": { }, "geometry": { "type": "Polygon", "coordinates": [ [ [ 77.441501633212127, 23.23134285356247 ], [ 77.441873133212113, 23.231346553561394 ], [ 77.441875933212103, 23.231107553630427 ], [ 77.441504433212117, 23.231103853631499 ], [ 77.441501633212127, 23.23134285356247 ] ] ] } },
{ "type": "Feature", "properties": { }, "geometry": { "type": "Polygon", "coordinates": [ [ [ 77.433943133212111, 23.236833951976259 ], [ 77.434141633212121, 23.236866651966821 ], [ 77.434160533212108, 23.236769651994837 ], [ 77.433962033212111, 23.236736952004289 ], [ 77.433943133212111, 23.236833951976259 ] ] ] } },
{ "type": "Feature", "properties": { }, "geometry": { "type": "Polygon", "coordinates": [ [ [ 77.440566233212095, 23.237104051898232 ], [ 77.440716433212117, 23.23711205189592 ], [ 77.440723533212108, 23.236999451928451 ], [ 77.440573333212129, 23.236991451930763 ], [ 77.440566233212095, 23.237104051898232 ] ] ] } },
{ "type": "Feature", "properties": { }, "geometry": { "type": "Polygon", "coordinates": [ [ [ 77.435695333212095, 23.236425452094277 ], [ 77.435802233212115, 23.236447652087868 ], [ 77.435812533212115, 23.236405952099911 ], [ 77.435705533212115, 23.236383752106327 ], [ 77.435695333212095, 23.236425452094277 ] ] ] } },
{ "type": "Feature", "properties": { }, "geometry": { "type": "Polygon", "coordinates": [ [ [ 77.433333633212101, 23.236868451966302 ], [ 77.433477033212114, 23.236865151967255 ], [ 77.433469633212127, 23.236594052045575 ], [ 77.433326233212114, 23.236597352044619 ], [ 77.433333633212101, 23.236868451966302 ] ] ] } },
{ "type": "Feature", "properties": { }, "geometry": { "type": "Polygon", "coordinates": [ [ [ 77.44184643321212, 23.234247452723469 ], [ 77.441994933212115, 23.234248052723288 ], [ 77.44199533321212, 23.234164452747443 ], [ 77.441846833212111, 23.234163852747617 ], [ 77.44184643321212, 23.234247452723469 ] ] ] } },
{ "type": "Feature", "properties": { }, "geometry": { "type": "Polygon", "coordinates": [ [ [ 77.435355633212126, 23.23425315272182 ], [ 77.435501133212114, 23.234284652712724 ], [ 77.435521033212112, 23.234206852735195 ], [ 77.43537553321211, 23.23417545274426 ], [ 77.435355633212126, 23.23425315272182 ] ] ] } },
{ "type": "Feature", "properties": { }, "geometry": { "type": "Polygon", "coordinates": [ [ [ 77.433899533212113, 23.237035451918054 ], [ 77.434102733212114, 23.237068751908431 ], [ 77.434121433212113, 23.236972151936342 ], [ 77.433918333212119, 23.236938851945958 ], [ 77.433899533212113, 23.237035451918054 ] ] ] } },
{ "type": "Feature", "properties": { }, "geometry": { "type": "Polygon", "coordinates": [ [ [ 77.435762233212117, 23.236108852185744 ], [ 77.435743533212104, 23.236186752163238 ], [ 77.435887933212129, 23.236216052154774 ], [ 77.435906633212113, 23.236138152177279 ], [ 77.435762233212117, 23.236108852185744 ] ] ] } },
{ "type": "Feature", "properties": { }, "geometry": { "type": "Polygon", "coordinates": [ [ [ 77.435414033212098, 23.234071052774425 ], [ 77.435557533212105, 23.234097952766653 ], [ 77.435574433212111, 23.234021452788745 ], [ 77.435430933212103, 23.233994652796493 ], [ 77.435414033212098, 23.234071052774425 ] ] ] } },
{ "type": "Feature", "properties": { }, "geometry": { "type": "Polygon", "coordinates": [ [ [ 77.440483633212111, 23.230016053945683 ], [ 77.440796133212118, 23.230027853942278 ], [ 77.44080153321211, 23.229908253976816 ], [ 77.440489033212103, 23.229896453980221 ], [ 77.440483633212111, 23.230016053945683 ] ] ] } },
{ "type": "Feature", "properties": { }, "geometry": { "type": "Polygon", "coordinates": [ [ [ 77.4377387332121, 23.237441951800612 ], [ 77.437879533212126, 23.237470451792376 ], [ 77.437928133212125, 23.23726775185094 ], [ 77.437787333212128, 23.237239351859142 ], [ 77.4377387332121, 23.237441951800612 ] ] ] } },
{ "type": "Feature", "properties": { }, "geometry": { "type": "Polygon", "coordinates": [ [ [ 77.433921833212125, 23.236933251947576 ], [ 77.434119233212101, 23.236966851937868 ], [ 77.434138033212122, 23.236873751964772 ], [ 77.433940533212109, 23.236840151974484 ], [ 77.433921833212125, 23.236933251947576 ] ] ] } },
{ "type": "Feature", "properties": { }, "geometry": { "type": "Polygon", "coordinates": [ [ [ 77.44002963321212, 23.231166053613535 ], [ 77.44041303321211, 23.231168553612811 ], [ 77.440414633212114, 23.230954553674621 ], [ 77.44003123321211, 23.230952053675342 ], [ 77.44002963321212, 23.231166053613535 ] ] ] } },
{ "type": "Feature", "properties": { }, "geometry": { "type": "Polygon", "coordinates": [ [ [ 77.439936333212117, 23.232894053114411 ], [ 77.440074633212134, 23.232910653109613 ], [ 77.440094733212121, 23.232768953150543 ], [ 77.439956533212111, 23.232752353155341 ], [ 77.439936333212117, 23.232894053114411 ] ] ] } },
{ "type": "Feature", "properties": { }, "geometry": { "type": "Polygon", "coordinates": [ [ [ 77.435375733212112, 23.234171552745387 ], [ 77.435521333212094, 23.234202352736496 ], [ 77.435543733212114, 23.234112752762378 ], [ 77.435398233212112, 23.234081852771304 ], [ 77.435375733212112, 23.234171552745387 ] ] ] } },
{ "type": "Feature", "properties": { }, "geometry": { "type": "Polygon", "coordinates": [ [ [ 77.433881433212122, 23.237127851891362 ], [ 77.434079233212117, 23.23716115188174 ], [ 77.434096833212124, 23.237072751907274 ], [ 77.4338990332121, 23.237039451916896 ], [ 77.433881433212122, 23.237127851891362 ] ] ] } },
{ "type": "Feature", "properties": { }, "geometry": { "type": "Polygon", "coordinates": [ [ [ 77.435470133212121, 23.233830952843778 ], [ 77.435436733212114, 23.233980252800652 ], [ 77.435581133212125, 23.234007452792795 ], [ 77.435614533212103, 23.233858252835891 ], [ 77.435470133212121, 23.233830952843778 ] ] ] } },
{ "type": "Feature", "properties": { }, "geometry": { "type": "Polygon", "coordinates": [ [ [ 77.433827833212121, 23.235845152261927 ], [ 77.434086933212114, 23.235893352248002 ], [ 77.43412753321212, 23.235709652301068 ], [ 77.433868433212112, 23.235661352315024 ], [ 77.433827833212121, 23.235845152261927 ] ] ] } },
{ "type": "Feature", "properties": { }, "geometry": { "type": "Polygon", "coordinates": [ [ [ 77.44207113321211, 23.23738115181818 ], [ 77.442077333212126, 23.23727555184869 ], [ 77.442004133212109, 23.237271951849728 ], [ 77.441997933212107, 23.237377551819218 ], [ 77.44207113321211, 23.23738115181818 ] ] ] } },
{ "type": "Feature", "properties": { }, "geometry": { "type": "Polygon", "coordinates": [ [ [ 77.439028933212114, 23.234565752631521 ], [ 77.439427433212117, 23.234626752613895 ], [ 77.439522933212118, 23.234100152766022 ], [ 77.439381033212115, 23.234078452772287 ], [ 77.439307733212118, 23.234482952655437 ], [ 77.439051133212118, 23.234443652666794 ], [ 77.439028933212114, 23.234565752631521 ] ] ] } },
{ "type": "Feature", "properties": { }, "geometry": { "type": "Polygon", "coordinates": [ [ [ 77.439916433212105, 23.230053753934794 ], [ 77.440340233212126, 23.230063653931936 ], [ 77.440347633212113, 23.229794354009712 ], [ 77.440023233212116, 23.229786754011904 ], [ 77.440017933212118, 23.229979653956196 ], [ 77.439918533212108, 23.229977353956862 ], [ 77.439916433212105, 23.230053753934794 ] ] ] } },
{ "type": "Feature", "properties": { }, "geometry": { "type": "Polygon", "coordinates": [ [ [ 77.433532133212097, 23.236970251936889 ], [ 77.4337391332121, 23.236965451938275 ], [ 77.433729333212128, 23.236612752040173 ], [ 77.43361593321211, 23.236615352039422 ], [ 77.433617533212114, 23.23667135202324 ], [ 77.433523933212115, 23.236673552022605 ], [ 77.433532133212097, 23.236970251936889 ] ] ] } },
{ "type": "Feature", "properties": { }, "geometry": { "type": "Polygon", "coordinates": [ [ [ 77.440037733212094, 23.231305153573356 ], [ 77.440139033212091, 23.231305853573151 ], [ 77.440138233212096, 23.231409253543291 ], [ 77.440350233212115, 23.231410653542888 ], [ 77.44035093321213, 23.231307153572775 ], [ 77.440621133212133, 23.23130895357226 ], [ 77.440622133212116, 23.231178453609946 ], [ 77.44003873321212, 23.231174653611049 ], [ 77.440037733212094, 23.231305153573356 ] ] ] } },
{ "type": "Feature", "properties": { }, "geometry": { "type": "Polygon", "coordinates": [ [ [ 77.440711533212109, 23.235885352250314 ], [ 77.440853633212114, 23.235901552245629 ], [ 77.44086623321212, 23.235808152272615 ], [ 77.4407241332121, 23.235791952277292 ], [ 77.440711533212109, 23.235885352250314 ] ] ] } },
{ "type": "Feature", "properties": { }, "geometry": { "type": "Polygon", "coordinates": [ [ [ 77.439364033212115, 23.23211555333928 ], [ 77.439443133212109, 23.232127253335893 ], [ 77.439460933212118, 23.232025753365214 ], [ 77.43938183321211, 23.232014053368594 ], [ 77.439364033212115, 23.23211555333928 ] ] ] } },
{ "type": "Feature", "properties": { }, "geometry": { "type": "Polygon", "coordinates": [ [ [ 77.433795133212115, 23.237543351771315 ], [ 77.434142433212116, 23.237643151742486 ], [ 77.43418083321211, 23.23753045177504 ], [ 77.433833533212095, 23.237430551803904 ], [ 77.433795133212115, 23.237543351771315 ] ] ] } },
{ "type": "Feature", "properties": { }, "geometry": { "type": "Polygon", "coordinates": [ [ [ 77.440899233212107, 23.231584653492625 ], [ 77.440993133212118, 23.23158595349225 ], [ 77.440994333212117, 23.231511753513686 ], [ 77.440900433212121, 23.231510453514055 ], [ 77.440899233212107, 23.231584653492625 ] ] ] } },
{ "type": "Feature", "properties": { }, "geometry": { "type": "Polygon", "coordinates": [ [ [ 77.43886583321212, 23.235485652365778 ], [ 77.438989533212109, 23.23550235236096 ], [ 77.438998833212111, 23.235444052377797 ], [ 77.438875133212122, 23.235427452382591 ], [ 77.43886583321212, 23.235485652365778 ] ] ] } },
{ "type": "Feature", "properties": { }, "geometry": { "type": "Polygon", "coordinates": [ [ [ 77.440675633212123, 23.230887153694088 ], [ 77.440736633212097, 23.230886853694173 ], [ 77.440736033212133, 23.23077855372545 ], [ 77.440675033212116, 23.230778953725338 ], [ 77.440675633212123, 23.230887153694088 ] ] ] } },
{ "type": "Feature", "properties": { }, "geometry": { "type": "Polygon", "coordinates": [ [ [ 77.438887733212113, 23.235424952383312 ], [ 77.439009533212115, 23.235439852379013 ], [ 77.439020133212125, 23.235367152400013 ], [ 77.438898233212115, 23.235352152404346 ], [ 77.438887733212113, 23.235424952383312 ] ] ] } },
{ "type": "Feature", "properties": { }, "geometry": { "type": "Polygon", "coordinates": [ [ [ 77.439375833212111, 23.23697985193412 ], [ 77.439506133212106, 23.236997551928997 ], [ 77.43952153321213, 23.236901351956796 ], [ 77.439391233212106, 23.236883751961884 ], [ 77.439375833212111, 23.23697985193412 ] ] ] } },
{ "type": "Feature", "properties": { }, "geometry": { "type": "Polygon", "coordinates": [ [ [ 77.439391333212114, 23.237375551819799 ], [ 77.439462733212096, 23.237378651818904 ], [ 77.439467433212116, 23.237286551845511 ], [ 77.439396033212105, 23.237283451846405 ], [ 77.439391333212114, 23.237375551819799 ] ] ] } },
{ "type": "Feature", "properties": { }, "geometry": { "type": "Polygon", "coordinates": [ [ [ 77.439787533212126, 23.235829752266376 ], [ 77.43993723321212, 23.235834252265072 ], [ 77.439940333212121, 23.235747852290036 ], [ 77.439790633212112, 23.235743352291333 ], [ 77.439787533212126, 23.235829752266376 ] ] ] } },
{ "type": "Feature", "properties": { }, "geometry": { "type": "Polygon", "coordinates": [ [ [ 77.439225633212118, 23.236922751950608 ], [ 77.439369333212127, 23.236943751944541 ], [ 77.439381233212117, 23.236874551964537 ], [ 77.439237533212122, 23.236853551970601 ], [ 77.439225633212118, 23.236922751950608 ] ] ] } },
{ "type": "Feature", "properties": { }, "geometry": { "type": "Polygon", "coordinates": [ [ [ 77.439842033212116, 23.236569052052793 ], [ 77.440008933212113, 23.236585652047996 ], [ 77.440019633212117, 23.236495152074141 ], [ 77.439852633212126, 23.23647845207897 ], [ 77.439842033212116, 23.236569052052793 ] ] ] } },
{ "type": "Feature", "properties": { }, "geometry": { "type": "Polygon", "coordinates": [ [ [ 77.439313233212104, 23.237369451821561 ], [ 77.439387733212115, 23.237372551820659 ], [ 77.43939243321212, 23.237274851848891 ], [ 77.439318033212103, 23.237271751849782 ], [ 77.439313233212104, 23.237369451821561 ] ] ] } },
{ "type": "Feature", "properties": { }, "geometry": { "type": "Polygon", "coordinates": [ [ [ 77.438619233212094, 23.232936553102132 ], [ 77.43872873321213, 23.232963153094452 ], [ 77.4387510332121, 23.232885453116889 ], [ 77.43864153321212, 23.232858853124576 ], [ 77.438619233212094, 23.232936553102132 ] ] ] } },
{ "type": "Feature", "properties": { }, "geometry": { "type": "Polygon", "coordinates": [ [ [ 77.440583833212116, 23.230876953697035 ], [ 77.440660233212114, 23.230876053697294 ], [ 77.440658833212112, 23.230779853725078 ], [ 77.440582433212114, 23.230780753724815 ], [ 77.440583833212116, 23.230876953697035 ] ] ] } },
{ "type": "Feature", "properties": { }, "geometry": { "type": "Polygon", "coordinates": [ [ [ 77.437767633212118, 23.238107451608339 ], [ 77.43787693321211, 23.238125751603057 ], [ 77.437900033212117, 23.238009551636637 ], [ 77.437790733212111, 23.237991251641912 ], [ 77.437767633212118, 23.238107451608339 ] ] ] } },
{ "type": "Feature", "properties": { }, "geometry": { "type": "Polygon", "coordinates": [ [ [ 77.436778533212134, 23.237524451776775 ], [ 77.436904233212118, 23.237556251767593 ], [ 77.436925533212133, 23.237485251788101 ], [ 77.43679983321212, 23.237453351797321 ], [ 77.436778533212134, 23.237524451776775 ] ] ] } },
{ "type": "Feature", "properties": { }, "geometry": { "type": "Polygon", "coordinates": [ [ [ 77.438557833212116, 23.237091551901845 ], [ 77.438697333212119, 23.237108751896876 ], [ 77.438708233212111, 23.237034351918368 ], [ 77.438568833212116, 23.237017051923374 ], [ 77.438557833212116, 23.237091551901845 ] ] ] } },
{ "type": "Feature", "properties": { }, "geometry": { "type": "Polygon", "coordinates": [ [ [ 77.440872333212127, 23.23595285223081 ], [ 77.44102413321211, 23.235966452226887 ], [ 77.44103563321211, 23.235857852258253 ], [ 77.440883733212104, 23.235844352262156 ], [ 77.440872333212127, 23.23595285223081 ] ] ] } },
{ "type": "Feature", "properties": { }, "geometry": { "type": "Polygon", "coordinates": [ [ [ 77.436970333212116, 23.226868654854652 ], [ 77.436945033212112, 23.226958654828664 ], [ 77.437046233212129, 23.226982754821698 ], [ 77.437071533212119, 23.22689265484772 ], [ 77.436970333212116, 23.226868654854652 ] ] ] } },
{ "type": "Feature", "properties": { }, "geometry": { "type": "Polygon", "coordinates": [ [ [ 77.43513503321212, 23.228822254290463 ], [ 77.435315233212108, 23.228894854269502 ], [ 77.435336633212117, 23.22884995428247 ], [ 77.435156533212108, 23.228777254303459 ], [ 77.43513503321212, 23.228822254290463 ] ] ] } },
{ "type": "Feature", "properties": { }, "geometry": { "type": "Polygon", "coordinates": [ [ [ 77.436894333212109, 23.227166554768623 ], [ 77.436875133212112, 23.227225354751646 ], [ 77.437058133212119, 23.227275854737059 ], [ 77.437077333212102, 23.227217054754039 ], [ 77.436894333212109, 23.227166554768623 ] ] ] } },
{ "type": "Feature", "properties": { }, "geometry": { "type": "Polygon", "coordinates": [ [ [ 77.437507033212128, 23.226951854830624 ], [ 77.437573333212129, 23.226965254826759 ], [ 77.437601533212117, 23.226847554860747 ], [ 77.437535233212117, 23.226834154864616 ], [ 77.437507033212128, 23.226951854830624 ] ] ] } },
{ "type": "Feature", "properties": { }, "geometry": { "type": "Polygon", "coordinates": [ [ [ 77.437642533212127, 23.227416454696463 ], [ 77.437738533212112, 23.227436354690706 ], [ 77.437769333212103, 23.22731065472701 ], [ 77.437673333212118, 23.227290754732753 ], [ 77.437642533212127, 23.227416454696463 ] ] ] } },
{ "type": "Feature", "properties": { }, "geometry": { "type": "Polygon", "coordinates": [ [ [ 77.437172433212126, 23.226286755022691 ], [ 77.437136433212103, 23.226387254993671 ], [ 77.437332633212122, 23.226446554976551 ], [ 77.437368533212108, 23.226346055005571 ], [ 77.437172433212126, 23.226286755022691 ] ] ] } },
{ "type": "Feature", "properties": { }, "geometry": { "type": "Polygon", "coordinates": [ [ [ 77.435685833212119, 23.228066354508769 ], [ 77.435768933212117, 23.22809095450167 ], [ 77.435798733212124, 23.228005554526327 ], [ 77.43571573321212, 23.227981054533409 ], [ 77.435685833212119, 23.228066354508769 ] ] ] } },
{ "type": "Feature", "properties": { }, "geometry": { "type": "Polygon", "coordinates": [ [ [ 77.435564133212111, 23.22823025446144 ], [ 77.435637133212111, 23.228260154452808 ], [ 77.435669333212118, 23.228193554472035 ], [ 77.435596333212118, 23.22816375448064 ], [ 77.435564133212111, 23.22823025446144 ] ] ] } },
{ "type": "Feature", "properties": { }, "geometry": { "type": "Polygon", "coordinates": [ [ [ 77.436178033212116, 23.227855354569705 ], [ 77.436328133212115, 23.227900354556709 ], [ 77.436381733212102, 23.227749454600293 ], [ 77.436231733212111, 23.227704354613316 ], [ 77.436178033212116, 23.227855354569705 ] ] ] } },
{ "type": "Feature", "properties": { }, "geometry": { "type": "Polygon", "coordinates": [ [ [ 77.435199233212117, 23.228679954331561 ], [ 77.435160133212108, 23.228770154305508 ], [ 77.435278233212102, 23.228813254293065 ], [ 77.435317233212103, 23.228723154319088 ], [ 77.435199233212117, 23.228679954331561 ] ] ] } },
{ "type": "Feature", "properties": { }, "geometry": { "type": "Polygon", "coordinates": [ [ [ 77.437470533212121, 23.227676354621398 ], [ 77.437539233212121, 23.227688654617854 ], [ 77.437566033212107, 23.227562354654321 ], [ 77.437497333212121, 23.227550054657875 ], [ 77.437470533212121, 23.227676354621398 ] ] ] } },
{ "type": "Feature", "properties": { }, "geometry": { "type": "Polygon", "coordinates": [ [ [ 77.436762133212113, 23.226151355061795 ], [ 77.43683113321211, 23.226168655056796 ], [ 77.43686463321211, 23.226055555089463 ], [ 77.4367956332121, 23.226038355094428 ], [ 77.436762133212113, 23.226151355061795 ] ] ] } },
{ "type": "Feature", "properties": { }, "geometry": { "type": "Polygon", "coordinates": [ [ [ 77.436368233212107, 23.22822735446227 ], [ 77.436457433212112, 23.228251654455256 ], [ 77.436515333212114, 23.228072554506976 ], [ 77.436426133212109, 23.228048254513997 ], [ 77.436368233212107, 23.22822735446227 ] ] ] } },
{ "type": "Feature", "properties": { }, "geometry": { "type": "Polygon", "coordinates": [ [ [ 77.435536233212119, 23.228556854367113 ], [ 77.435634333212121, 23.228597254355449 ], [ 77.435718933212115, 23.228424154405435 ], [ 77.435620933212121, 23.228383754417106 ], [ 77.435536233212119, 23.228556854367113 ] ] ] } },
{ "type": "Feature", "properties": { }, "geometry": { "type": "Polygon", "coordinates": [ [ [ 77.436292733212113, 23.227381454706563 ], [ 77.436229933212118, 23.227539454660935 ], [ 77.436451833212118, 23.227613954639416 ], [ 77.436514633212113, 23.227456054685025 ], [ 77.436292733212113, 23.227381454706563 ] ] ] } },
{ "type": "Feature", "properties": { }, "geometry": { "type": "Polygon", "coordinates": [ [ [ 77.43762493321212, 23.22771395461054 ], [ 77.437676233212116, 23.22772405460762 ], [ 77.437705833212107, 23.227597554644156 ], [ 77.437654533212111, 23.227587454647068 ], [ 77.43762493321212, 23.22771395461054 ] ] ] } },
{ "type": "Feature", "properties": { }, "geometry": { "type": "Polygon", "coordinates": [ [ [ 77.436655333212101, 23.225909855131533 ], [ 77.436718633212109, 23.225928355126193 ], [ 77.436742733212114, 23.225858755146298 ], [ 77.43667943321212, 23.225840255151635 ], [ 77.436655333212101, 23.225909855131533 ] ] ] } },
{ "type": "Feature", "properties": { }, "geometry": { "type": "Polygon", "coordinates": [ [ [ 77.437964433212116, 23.226651754917292 ], [ 77.438053533212127, 23.226670754911805 ], [ 77.438087033212113, 23.226538354950037 ], [ 77.437997933212117, 23.226519254955548 ], [ 77.437964433212116, 23.226651754917292 ] ] ] } },
{ "type": "Feature", "properties": { }, "geometry": { "type": "Polygon", "coordinates": [ [ [ 77.437617233212109, 23.227983354532746 ], [ 77.437601533212117, 23.228035754517606 ], [ 77.43772923321211, 23.228068054508284 ], [ 77.437744833212108, 23.228015654523411 ], [ 77.437617233212109, 23.227983354532746 ] ] ] } },
{ "type": "Feature", "properties": { }, "geometry": { "type": "Polygon", "coordinates": [ [ [ 77.437533933212109, 23.226550654946493 ], [ 77.43760483321212, 23.226565654942153 ], [ 77.437633633212116, 23.226450454975421 ], [ 77.437562733212104, 23.226435454979754 ], [ 77.437533933212109, 23.226550654946493 ] ] ] } },
{ "type": "Feature", "properties": { }, "geometry": { "type": "Polygon", "coordinates": [ [ [ 77.436002733212121, 23.228661454336905 ], [ 77.436100433212118, 23.228701754325268 ], [ 77.436176133212115, 23.228546454370122 ], [ 77.436078433212117, 23.228506154381751 ], [ 77.436002733212121, 23.228661454336905 ] ] ] } },
{ "type": "Feature", "properties": { }, "geometry": { "type": "Polygon", "coordinates": [ [ [ 77.435643533212101, 23.22860005435464 ], [ 77.435741133212105, 23.228639754343167 ], [ 77.435823233212119, 23.22846955439233 ], [ 77.435725633212115, 23.22842975440382 ], [ 77.435643533212101, 23.22860005435464 ] ] ] } },
{ "type": "Feature", "properties": { }, "geometry": { "type": "Polygon", "coordinates": [ [ [ 77.43682633321211, 23.227998654528321 ], [ 77.436945833212121, 23.22804245451567 ], [ 77.43697833321211, 23.227967454537328 ], [ 77.436858933212108, 23.227923654549986 ], [ 77.43682633321211, 23.227998654528321 ] ] ] } },
{ "type": "Feature", "properties": { }, "geometry": { "type": "Polygon", "coordinates": [ [ [ 77.436449733212115, 23.227690354617351 ], [ 77.436574133212119, 23.227739354603205 ], [ 77.436599433212109, 23.227684854618943 ], [ 77.436475133212113, 23.227635954633069 ], [ 77.436449733212115, 23.227690354617351 ] ] ] } },
{ "type": "Feature", "properties": { }, "geometry": { "type": "Polygon", "coordinates": [ [ [ 77.436481833212113, 23.228536854372884 ], [ 77.436567833212109, 23.228561854365669 ], [ 77.436628633212109, 23.228385154416699 ], [ 77.436542633212113, 23.228360154423918 ], [ 77.436481833212113, 23.228536854372884 ] ] ] } },
{ "type": "Feature", "properties": { }, "geometry": { "type": "Polygon", "coordinates": [ [ [ 77.43684453321211, 23.227551154657561 ], [ 77.436910033212115, 23.22756685465302 ], [ 77.436948933212108, 23.227430354692437 ], [ 77.436883433212117, 23.227414554697003 ], [ 77.43684453321211, 23.227551154657561 ] ] ] } },
{ "type": "Feature", "properties": { }, "geometry": { "type": "Polygon", "coordinates": [ [ [ 77.436054333212113, 23.226883354850404 ], [ 77.43610973321212, 23.226904354844347 ], [ 77.436160133212127, 23.226791954876802 ], [ 77.436104633212111, 23.226771054882846 ], [ 77.436054333212113, 23.226883354850404 ] ] ] } },
{ "type": "Feature", "properties": { }, "geometry": { "type": "Polygon", "coordinates": [ [ [ 77.43689623321211, 23.22627435502628 ], [ 77.437085333212096, 23.226332855009378 ], [ 77.437128433212109, 23.226215255043339 ], [ 77.436939333212123, 23.226156655060265 ], [ 77.43689623321211, 23.22627435502628 ] ] ] } },
{ "type": "Feature", "properties": { }, "geometry": { "type": "Polygon", "coordinates": [ [ [ 77.436523033212111, 23.227516154667661 ], [ 77.436504133212111, 23.227562854654177 ], [ 77.436632433212097, 23.22760665464153 ], [ 77.436651333212097, 23.227559954655018 ], [ 77.436523033212111, 23.227516154667661 ] ] ] } },
{ "type": "Feature", "properties": { }, "geometry": { "type": "Polygon", "coordinates": [ [ [ 77.437275033212103, 23.227694254616225 ], [ 77.437249833212121, 23.227807154583626 ], [ 77.43743553321211, 23.227842254573485 ], [ 77.437460833212114, 23.227729354606094 ], [ 77.437275033212103, 23.227694254616225 ] ] ] } },
{ "type": "Feature", "properties": { }, "geometry": { "type": "Polygon", "coordinates": [ [ [ 77.437010333212115, 23.227112754784162 ], [ 77.437110233212096, 23.227139454776452 ], [ 77.437146833212097, 23.227024054809778 ], [ 77.437047033212124, 23.226997254817512 ], [ 77.437010333212115, 23.227112754784162 ] ] ] } },
{ "type": "Feature", "properties": { }, "geometry": { "type": "Polygon", "coordinates": [ [ [ 77.437190233212107, 23.227141354775906 ], [ 77.437290033212108, 23.227165354768971 ], [ 77.437326233212119, 23.227038454805623 ], [ 77.437226433212103, 23.227014354812582 ], [ 77.437190233212107, 23.227141354775906 ] ] ] } },
{ "type": "Feature", "properties": { }, "geometry": { "type": "Polygon", "coordinates": [ [ [ 77.43700753321211, 23.227577454649957 ], [ 77.437083333212101, 23.227595054644876 ], [ 77.43711693321211, 23.227473054680111 ], [ 77.437041033212111, 23.227455454685199 ], [ 77.43700753321211, 23.227577454649957 ] ] ] } },
{ "type": "Feature", "properties": { }, "geometry": { "type": "Polygon", "coordinates": [ [ [ 77.436400833212119, 23.227817954580512 ], [ 77.436521033212117, 23.227862054567773 ], [ 77.436549033212117, 23.227797854586314 ], [ 77.436428733212097, 23.227753754599046 ], [ 77.436400833212119, 23.227817954580512 ] ] ] } },
{ "type": "Feature", "properties": { }, "geometry": { "type": "Polygon", "coordinates": [ [ [ 77.437032533212118, 23.22777265459359 ], [ 77.437093033212108, 23.227790054588567 ], [ 77.437135233212103, 23.227666254624317 ], [ 77.437074733212114, 23.227648854629344 ], [ 77.437032533212118, 23.22777265459359 ] ] ] } },
{ "type": "Feature", "properties": { }, "geometry": { "type": "Polygon", "coordinates": [ [ [ 77.437693533212112, 23.226290955021486 ], [ 77.437792133212113, 23.226315955014265 ], [ 77.437831633212099, 23.226184055052354 ], [ 77.437733033212112, 23.226159055059568 ], [ 77.437693533212112, 23.226290955021486 ] ] ] } },
{ "type": "Feature", "properties": { }, "geometry": { "type": "Polygon", "coordinates": [ [ [ 77.437006533212113, 23.226757154886851 ], [ 77.436975233212095, 23.226857254857944 ], [ 77.43716703321212, 23.226907754843364 ], [ 77.437198333212109, 23.226807654872268 ], [ 77.437006533212113, 23.226757154886851 ] ] ] } },
{ "type": "Feature", "properties": { }, "geometry": { "type": "Polygon", "coordinates": [ [ [ 77.437383533212099, 23.228053754512416 ], [ 77.437367833212093, 23.228101554498604 ], [ 77.437473433212119, 23.228130854490143 ], [ 77.437489133212125, 23.228083054503944 ], [ 77.437383533212099, 23.228053754512416 ] ] ] } },
{ "type": "Feature", "properties": { }, "geometry": { "type": "Polygon", "coordinates": [ [ [ 77.436738133212117, 23.228123954492133 ], [ 77.436680233212115, 23.228310454438276 ], [ 77.436790633212112, 23.2283394544299 ], [ 77.436848633212094, 23.228152954483757 ], [ 77.436738133212117, 23.228123954492133 ] ] ] } },
{ "type": "Feature", "properties": { }, "geometry": { "type": "Polygon", "coordinates": [ [ [ 77.43780733321212, 23.226864254855922 ], [ 77.437895733212116, 23.22688155485093 ], [ 77.437924233212129, 23.226758554886452 ], [ 77.437835833212119, 23.226741254891444 ], [ 77.43780733321212, 23.226864254855922 ] ] ] } },
{ "type": "Feature", "properties": { }, "geometry": { "type": "Polygon", "coordinates": [ [ [ 77.436292633212119, 23.228479554389441 ], [ 77.436383333212106, 23.228503154382622 ], [ 77.436437033212115, 23.228329154432878 ], [ 77.4363463332121, 23.22830545443972 ], [ 77.436292633212119, 23.228479554389441 ] ] ] } },
{ "type": "Feature", "properties": { }, "geometry": { "type": "Polygon", "coordinates": [ [ [ 77.436569233212111, 23.226543654948511 ], [ 77.436694633212113, 23.226578454938455 ], [ 77.436758733212116, 23.226383154994856 ], [ 77.43663323321212, 23.226348455004878 ], [ 77.436569233212111, 23.226543654948511 ] ] ] } },
{ "type": "Feature", "properties": { }, "geometry": { "type": "Polygon", "coordinates": [ [ [ 77.4376298332121, 23.226829454865975 ], [ 77.43769603321212, 23.226843354861956 ], [ 77.437727833212108, 23.226715254898949 ], [ 77.437661633212102, 23.22670145490294 ], [ 77.4376298332121, 23.226829454865975 ] ] ] } },
{ "type": "Feature", "properties": { }, "geometry": { "type": "Polygon", "coordinates": [ [ [ 77.437670533212113, 23.22777265459359 ], [ 77.437651833212129, 23.227845554572539 ], [ 77.437721533212112, 23.227860654568172 ], [ 77.437740233212111, 23.22778775458923 ], [ 77.437670533212113, 23.22777265459359 ] ] ] } },
{ "type": "Feature", "properties": { }, "geometry": { "type": "Polygon", "coordinates": [ [ [ 77.437309233212105, 23.227379154707229 ], [ 77.437377033212115, 23.227393154703186 ], [ 77.437422833212125, 23.227205654757334 ], [ 77.437355133212108, 23.227191654761373 ], [ 77.437309233212105, 23.227379154707229 ] ] ] } },
{ "type": "Feature", "properties": { }, "geometry": { "type": "Polygon", "coordinates": [ [ [ 77.437111333212115, 23.226481354966495 ], [ 77.43730323321212, 23.226532354951768 ], [ 77.437327533212112, 23.226455254974038 ], [ 77.437135633212108, 23.226404154988796 ], [ 77.437111333212115, 23.226481354966495 ] ] ] } },
{ "type": "Feature", "properties": { }, "geometry": { "type": "Polygon", "coordinates": [ [ [ 77.436674833212109, 23.22627345502654 ], [ 77.436784433212111, 23.226308255016487 ], [ 77.436821933212116, 23.226208755045217 ], [ 77.436712333212114, 23.226173855055293 ], [ 77.436674833212109, 23.22627345502654 ] ] ] } },
{ "type": "Feature", "properties": { }, "geometry": { "type": "Polygon", "coordinates": [ [ [ 77.437449433212095, 23.226796554875477 ], [ 77.437534733212118, 23.226814954870161 ], [ 77.437568333212113, 23.226683654908076 ], [ 77.437482933212124, 23.226665254913392 ], [ 77.437449433212095, 23.226796554875477 ] ] ] } },
{ "type": "Feature", "properties": { }, "geometry": { "type": "Polygon", "coordinates": [ [ [ 77.436873633212116, 23.227229354750495 ], [ 77.436851133212116, 23.227299754730161 ], [ 77.437029233212115, 23.227347854716268 ], [ 77.437051733212115, 23.227277554736567 ], [ 77.436873633212116, 23.227229354750495 ] ] ] } },
{ "type": "Feature", "properties": { }, "geometry": { "type": "Polygon", "coordinates": [ [ [ 77.437580133212123, 23.226958054828835 ], [ 77.437684033212108, 23.226977854823122 ], [ 77.437709533212114, 23.226865054855697 ], [ 77.437605633212115, 23.226845254861409 ], [ 77.437580133212123, 23.226958054828835 ] ] ] } },
{ "type": "Feature", "properties": { }, "geometry": { "type": "Polygon", "coordinates": [ [ [ 77.437322733212113, 23.226781954879691 ], [ 77.437293133212094, 23.22689085484825 ], [ 77.437404333212129, 23.226916454840854 ], [ 77.437434033212114, 23.226807554872295 ], [ 77.437322733212113, 23.226781954879691 ] ] ] } },
{ "type": "Feature", "properties": { }, "geometry": { "type": "Polygon", "coordinates": [ [ [ 77.435702933212099, 23.227942554544523 ], [ 77.435802533212112, 23.227975954534873 ], [ 77.43583703321211, 23.227889054559974 ], [ 77.435737533212105, 23.22785565456962 ], [ 77.435702933212099, 23.227942554544523 ] ] ] } },
{ "type": "Feature", "properties": { }, "geometry": { "type": "Polygon", "coordinates": [ [ [ 77.437776033212117, 23.226998654817113 ], [ 77.437853933212111, 23.227014054812663 ], [ 77.437883033212117, 23.226889954848499 ], [ 77.437805133212109, 23.226874554852944 ], [ 77.437776033212117, 23.226998654817113 ] ] ] } },
{ "type": "Feature", "properties": { }, "geometry": { "type": "Polygon", "coordinates": [ [ [ 77.437391133212103, 23.227388054704655 ], [ 77.437499533212119, 23.227409054698597 ], [ 77.437537633212116, 23.227242454746701 ], [ 77.437429233212129, 23.227221454752765 ], [ 77.437391133212103, 23.227388054704655 ] ] ] } },
{ "type": "Feature", "properties": { }, "geometry": { "type": "Polygon", "coordinates": [ [ [ 77.435447733212115, 23.228177354476713 ], [ 77.43555943321212, 23.228225554462796 ], [ 77.435592233212134, 23.228161454481306 ], [ 77.43548043321212, 23.228113254495227 ], [ 77.435447733212115, 23.228177354476713 ] ] ] } },
{ "type": "Feature", "properties": { }, "geometry": { "type": "Polygon", "coordinates": [ [ [ 77.436276633212117, 23.227571854651583 ], [ 77.436236333212122, 23.227688654617854 ], [ 77.436399333212094, 23.227736054604161 ], [ 77.436439533212109, 23.227619354637863 ], [ 77.436276633212117, 23.227571854651583 ] ] ] } },
{ "type": "Feature", "properties": { }, "geometry": { "type": "Polygon", "coordinates": [ [ [ 77.438008633212121, 23.22608265508163 ], [ 77.437990433212121, 23.226177955054109 ], [ 77.438142633212095, 23.22620255504701 ], [ 77.438160833212109, 23.2261073550745 ], [ 77.438008633212121, 23.22608265508163 ] ] ] } },
{ "type": "Feature", "properties": { }, "geometry": { "type": "Polygon", "coordinates": [ [ [ 77.435342033212123, 23.228713854321771 ], [ 77.435466133212117, 23.22875825430895 ], [ 77.435523833212116, 23.228622054348282 ], [ 77.435399733212108, 23.228577654361104 ], [ 77.435342033212123, 23.228713854321771 ] ] ] } },
{ "type": "Feature", "properties": { }, "geometry": { "type": "Polygon", "coordinates": [ [ [ 77.437557033212116, 23.227695454615887 ], [ 77.43761913321211, 23.227706354612735 ], [ 77.437645333212117, 23.227580654649035 ], [ 77.437583233212095, 23.227569754652187 ], [ 77.437557033212116, 23.227695454615887 ] ] ] } },
{ "type": "Feature", "properties": { }, "geometry": { "type": "Polygon", "coordinates": [ [ [ 77.436459033212117, 23.225958555117472 ], [ 77.436424733212107, 23.226074455084007 ], [ 77.436654033212108, 23.226131755067453 ], [ 77.436688333212118, 23.226015855100922 ], [ 77.436459033212117, 23.225958555117472 ] ] ] } },
{ "type": "Feature", "properties": { }, "geometry": { "type": "Polygon", "coordinates": [ [ [ 77.43552513321211, 23.228010154525002 ], [ 77.435633733212114, 23.228044654515045 ], [ 77.435666933212119, 23.22795655454048 ], [ 77.4355583332121, 23.227921954550471 ], [ 77.43552513321211, 23.228010154525002 ] ] ] } },
{ "type": "Feature", "properties": { }, "geometry": { "type": "Polygon", "coordinates": [ [ [ 77.436225633212132, 23.228426854404656 ], [ 77.436286333212109, 23.228445854399173 ], [ 77.436338633212117, 23.228304754439922 ], [ 77.436277933212125, 23.228285754445409 ], [ 77.436225633212132, 23.228426854404656 ] ] ] } },
{ "type": "Feature", "properties": { }, "geometry": { "type": "Polygon", "coordinates": [ [ [ 77.437742433212108, 23.227439554689788 ], [ 77.437863633212118, 23.227465154682392 ], [ 77.437904033212121, 23.227303454729089 ], [ 77.437782933212119, 23.227277854736482 ], [ 77.437742433212108, 23.227439554689788 ] ] ] } },
{ "type": "Feature", "properties": { }, "geometry": { "type": "Polygon", "coordinates": [ [ [ 77.435807533212113, 23.227988954531124 ], [ 77.435882833212119, 23.228011454524626 ], [ 77.435916433212114, 23.227917054551888 ], [ 77.435841133212108, 23.227894454558417 ], [ 77.435807533212113, 23.227988954531124 ] ] ] } },
{ "type": "Feature", "properties": { }, "geometry": { "type": "Polygon", "coordinates": [ [ [ 77.437202733212104, 23.227493854674105 ], [ 77.437178333212117, 23.22761335463959 ], [ 77.437269933212107, 23.227629154635025 ], [ 77.437294333212094, 23.227509654669543 ], [ 77.437202733212104, 23.227493854674105 ] ] ] } },
{ "type": "Feature", "properties": { }, "geometry": { "type": "Polygon", "coordinates": [ [ [ 77.437636033212115, 23.227912154553305 ], [ 77.437617433212097, 23.227981054533409 ], [ 77.437746633212114, 23.228010454524913 ], [ 77.43776513321211, 23.22794155454482 ], [ 77.437636033212115, 23.227912154553305 ] ] ] } },
{ "type": "Feature", "properties": { }, "geometry": { "type": "Polygon", "coordinates": [ [ [ 77.43672803321212, 23.225929555125845 ], [ 77.436855333212122, 23.225964355115796 ], [ 77.436877733212114, 23.225895055135808 ], [ 77.436750533212134, 23.225860255145854 ], [ 77.43672803321212, 23.225929555125845 ] ] ] } },
{ "type": "Feature", "properties": { }, "geometry": { "type": "Polygon", "coordinates": [ [ [ 77.435934333212117, 23.227930454548016 ], [ 77.435912533212118, 23.227985754532046 ], [ 77.436027833212108, 23.228024054520986 ], [ 77.436049633212107, 23.227968754536956 ], [ 77.435934333212117, 23.227930454548016 ] ] ] } },
{ "type": "Feature", "properties": { }, "geometry": { "type": "Polygon", "coordinates": [ [ [ 77.436429833212117, 23.227747854600754 ], [ 77.436556533212112, 23.227793554587556 ], [ 77.43657723321212, 23.227745254601501 ], [ 77.43645053321211, 23.227699454614729 ], [ 77.436429833212117, 23.227747854600754 ] ] ] } },
{ "type": "Feature", "properties": { }, "geometry": { "type": "Polygon", "coordinates": [ [ [ 77.436654833212117, 23.228599454354814 ], [ 77.436720433212116, 23.228615654350133 ], [ 77.43676673321211, 23.22845795439568 ], [ 77.436701033212117, 23.228441654400385 ], [ 77.436654833212117, 23.228599454354814 ] ] ] } },
{ "type": "Feature", "properties": { }, "geometry": { "type": "Polygon", "coordinates": [ [ [ 77.437618433212123, 23.226569754940975 ], [ 77.43770793321211, 23.226589554935256 ], [ 77.437742733212119, 23.22645645497369 ], [ 77.437653233212117, 23.226436654979405 ], [ 77.437618433212123, 23.226569754940975 ] ] ] } },
{ "type": "Feature", "properties": { }, "geometry": { "type": "Polygon", "coordinates": [ [ [ 77.436769833212111, 23.227625754636012 ], [ 77.43674663321211, 23.227675654621599 ], [ 77.436882233212117, 23.227728754606272 ], [ 77.436905433212118, 23.227678854620681 ], [ 77.436769833212111, 23.227625754636012 ] ] ] } },
{ "type": "Feature", "properties": { }, "geometry": { "type": "Polygon", "coordinates": [ [ [ 77.436895633212117, 23.227847754571901 ], [ 77.436866033212127, 23.22791485455252 ], [ 77.436976133212113, 23.227955854540681 ], [ 77.437005733212118, 23.227888754560059 ], [ 77.436895633212117, 23.227847754571901 ] ] ] } },
{ "type": "Feature", "properties": { }, "geometry": { "type": "Polygon", "coordinates": [ [ [ 77.436476733212118, 23.227628254635292 ], [ 77.436597233212112, 23.227672954622385 ], [ 77.436623233212117, 23.227613754639481 ], [ 77.436502733212109, 23.227569154652357 ], [ 77.436476733212118, 23.227628254635292 ] ] ] } },
{ "type": "Feature", "properties": { }, "geometry": { "type": "Polygon", "coordinates": [ [ [ 77.436728933212095, 23.226762054885434 ], [ 77.436707033212116, 23.226823654867651 ], [ 77.436900133212106, 23.22688155485093 ], [ 77.436922033212127, 23.226819954868724 ], [ 77.436728933212095, 23.226762054885434 ] ] ] } },
{ "type": "Feature", "properties": { }, "geometry": { "type": "Polygon", "coordinates": [ [ [ 77.437794733212115, 23.227259954741651 ], [ 77.437851633212119, 23.227271954738185 ], [ 77.43787843321212, 23.227164754769145 ], [ 77.437821533212102, 23.227152754772611 ], [ 77.437794733212115, 23.227259954741651 ] ] ] } },
{ "type": "Feature", "properties": { }, "geometry": { "type": "Polygon", "coordinates": [ [ [ 77.43543273321211, 23.22851405437947 ], [ 77.435529533212119, 23.228552754368298 ], [ 77.435610733212116, 23.228381454417768 ], [ 77.435513933212121, 23.228342654428971 ], [ 77.43543273321211, 23.22851405437947 ] ] ] } },
{ "type": "Feature", "properties": { }, "geometry": { "type": "Polygon", "coordinates": [ [ [ 77.436429133212101, 23.226714554899154 ], [ 77.436381033212115, 23.226838654863311 ], [ 77.436574333212121, 23.226901954845037 ], [ 77.436622433212094, 23.226777854880876 ], [ 77.436429133212101, 23.226714554899154 ] ] ] } },
{ "type": "Feature", "properties": { }, "geometry": { "type": "Polygon", "coordinates": [ [ [ 77.43670473321211, 23.227762454596537 ], [ 77.436682333212119, 23.227821554579464 ], [ 77.436811633212116, 23.227862854567544 ], [ 77.436834033212108, 23.227803754584606 ], [ 77.43670473321211, 23.227762454596537 ] ] ] } },
{ "type": "Feature", "properties": { }, "geometry": { "type": "Polygon", "coordinates": [ [ [ 77.4363700332121, 23.227892754558898 ], [ 77.436489533212111, 23.227935654546517 ], [ 77.436518933212113, 23.227866654566441 ], [ 77.436399333212094, 23.227823754578832 ], [ 77.4363700332121, 23.227892754558898 ] ] ] } },
{ "type": "Feature", "properties": { }, "geometry": { "type": "Polygon", "coordinates": [ [ [ 77.436195633212094, 23.22680485487308 ], [ 77.436143433212109, 23.226912854841888 ], [ 77.436261233212122, 23.226960954827998 ], [ 77.436313433212106, 23.226852954859186 ], [ 77.436195633212094, 23.22680485487308 ] ] ] } },
{ "type": "Feature", "properties": { }, "geometry": { "type": "Polygon", "coordinates": [ [ [ 77.436970633212127, 23.227752754599337 ], [ 77.437024433212116, 23.227768354594829 ], [ 77.437066633212112, 23.227645754630235 ], [ 77.437012933212117, 23.227630154634742 ], [ 77.436970633212127, 23.227752754599337 ] ] ] } },
{ "type": "Feature", "properties": { }, "geometry": { "type": "Polygon", "coordinates": [ [ [ 77.43654683321212, 23.227455454685199 ], [ 77.436525533212119, 23.227512054668846 ], [ 77.436656333212113, 23.227553654656838 ], [ 77.436677633212128, 23.22749695467321 ], [ 77.43654683321212, 23.227455454685199 ] ] ] } },
{ "type": "Feature", "properties": { }, "geometry": { "type": "Polygon", "coordinates": [ [ [ 77.437466833212113, 23.22772995460593 ], [ 77.437445233212117, 23.227829354577217 ], [ 77.437589333212117, 23.227855854569562 ], [ 77.437611033212107, 23.227756454598268 ], [ 77.437466833212113, 23.22772995460593 ] ] ] } },
{ "type": "Feature", "properties": { }, "geometry": { "type": "Polygon", "coordinates": [ [ [ 77.436702833212109, 23.226833254864879 ], [ 77.43666443321213, 23.226941054833748 ], [ 77.436857433212111, 23.226999154816973 ], [ 77.43689583321212, 23.2268913548481 ], [ 77.436702833212109, 23.226833254864879 ] ] ] } },
{ "type": "Feature", "properties": { }, "geometry": { "type": "Polygon", "coordinates": [ [ [ 77.4376700332121, 23.227244554746104 ], [ 77.437771433212134, 23.227268754739114 ], [ 77.437812333212108, 23.227123954780929 ], [ 77.437710933212131, 23.227099754787918 ], [ 77.4376700332121, 23.227244554746104 ] ] ] } },
{ "type": "Feature", "properties": { }, "geometry": { "type": "Polygon", "coordinates": [ [ [ 77.437564733212099, 23.226109755073807 ], [ 77.437698633212108, 23.226142455064359 ], [ 77.437725333212128, 23.226050055091044 ], [ 77.43759143321212, 23.226017355100495 ], [ 77.437564733212099, 23.226109755073807 ] ] ] } },
{ "type": "Feature", "properties": { }, "geometry": { "type": "Polygon", "coordinates": [ [ [ 77.436142133212115, 23.226685654907506 ], [ 77.436339933212096, 23.226761154885693 ], [ 77.43642683321211, 23.226568754941255 ], [ 77.436229133212123, 23.226493354963033 ], [ 77.436142133212115, 23.226685654907506 ] ] ] } },
{ "type": "Feature", "properties": { }, "geometry": { "type": "Polygon", "coordinates": [ [ [ 77.437001533212126, 23.22645245497484 ], [ 77.437058133212119, 23.226467654970456 ], [ 77.437097033212112, 23.226345655005687 ], [ 77.437040333212096, 23.226330355010106 ], [ 77.437001533212126, 23.22645245497484 ] ] ] } },
{ "type": "Feature", "properties": { }, "geometry": { "type": "Polygon", "coordinates": [ [ [ 77.437582133212118, 23.228111254495797 ], [ 77.437567833212114, 23.228163454480729 ], [ 77.437689133212118, 23.228191454472643 ], [ 77.437703433212107, 23.228139254487715 ], [ 77.437582133212118, 23.228111254495797 ] ] ] } },
{ "type": "Feature", "properties": { }, "geometry": { "type": "Polygon", "coordinates": [ [ [ 77.437426133212099, 23.227188754762214 ], [ 77.437543533212107, 23.227212854755258 ], [ 77.437579333212128, 23.227065254797875 ], [ 77.43746193321212, 23.22704125480481 ], [ 77.437426133212099, 23.227188754762214 ] ] ] } },
{ "type": "Feature", "properties": { }, "geometry": { "type": "Polygon", "coordinates": [ [ [ 77.437010233212106, 23.226730354894599 ], [ 77.437206033212135, 23.226787054878216 ], [ 77.437237833212109, 23.226694154905047 ], [ 77.437042033212094, 23.226637454921423 ], [ 77.437010233212106, 23.226730354894599 ] ] ] } },
{ "type": "Feature", "properties": { }, "geometry": { "type": "Polygon", "coordinates": [ [ [ 77.437704933212117, 23.226847054860894 ], [ 77.437787033212103, 23.226864654855806 ], [ 77.437819833212103, 23.226735254893178 ], [ 77.437737733212117, 23.226717654898259 ], [ 77.437704933212117, 23.226847054860894 ] ] ] } },
{ "type": "Feature", "properties": { }, "geometry": { "type": "Polygon", "coordinates": [ [ [ 77.436473633212117, 23.22825795445344 ], [ 77.436562533212097, 23.228278454447516 ], [ 77.436612933212118, 23.228093954500803 ], [ 77.436524033212109, 23.22807345450672 ], [ 77.436473633212117, 23.22825795445344 ] ] ] } },
{ "type": "Feature", "properties": { }, "geometry": { "type": "Polygon", "coordinates": [ [ [ 77.435590833212103, 23.228151754484106 ], [ 77.435683833212124, 23.22818855447348 ], [ 77.435727133212112, 23.228095954500226 ], [ 77.435634233212113, 23.228059254510818 ], [ 77.435590833212103, 23.228151754484106 ] ] ] } },
{ "type": "Feature", "properties": { }, "geometry": { "type": "Polygon", "coordinates": [ [ [ 77.437682333212109, 23.227729054606183 ], [ 77.437755133212107, 23.22774455460171 ], [ 77.437786833212115, 23.227619054637945 ], [ 77.437714033212117, 23.227603554642421 ], [ 77.437682333212109, 23.227729054606183 ] ] ] } },
{ "type": "Feature", "properties": { }, "geometry": { "type": "Polygon", "coordinates": [ [ [ 77.436386633212123, 23.228508854380983 ], [ 77.436474333212118, 23.228533454373874 ], [ 77.436533733212116, 23.228354654425509 ], [ 77.436446033212107, 23.228329954432645 ], [ 77.436386633212123, 23.228508854380983 ] ] ] } },
{ "type": "Feature", "properties": { }, "geometry": { "type": "Polygon", "coordinates": [ [ [ 77.437081833212119, 23.226555354945123 ], [ 77.437271233212115, 23.226607754930004 ], [ 77.437294233212114, 23.226537454950297 ], [ 77.437104833212118, 23.226485154965395 ], [ 77.437081833212119, 23.226555354945123 ] ] ] } },
{ "type": "Feature", "properties": { }, "geometry": { "type": "Polygon", "coordinates": [ [ [ 77.437418733212127, 23.227938854545595 ], [ 77.437402133212117, 23.227994954529393 ], [ 77.437531533212123, 23.228027254520061 ], [ 77.437548133212118, 23.227971154536267 ], [ 77.437418733212127, 23.227938854545595 ] ] ] } },
{ "type": "Feature", "properties": { }, "geometry": { "type": "Polygon", "coordinates": [ [ [ 77.436658033212098, 23.22627675502558 ], [ 77.436637933212111, 23.226338055007879 ], [ 77.436769333212112, 23.226374354997397 ], [ 77.436789433212127, 23.226313155015074 ], [ 77.436658033212098, 23.22627675502558 ] ] ] } },
{ "type": "Feature", "properties": { }, "geometry": { "type": "Polygon", "coordinates": [ [ [ 77.437545933212107, 23.226812554870857 ], [ 77.43761673321211, 23.226827454866548 ], [ 77.437648933212131, 23.226698054903917 ], [ 77.437578133212114, 23.226683154908226 ], [ 77.437545933212107, 23.226812554870857 ] ] ] } },
{ "type": "Feature", "properties": { }, "geometry": { "type": "Polygon", "coordinates": [ [ [ 77.436660133212129, 23.226951854830624 ], [ 77.436611633212109, 23.227086554791725 ], [ 77.43680503321211, 23.227145354774756 ], [ 77.436853533212116, 23.227010654813647 ], [ 77.436660133212129, 23.226951854830624 ] ] ] } },
{ "type": "Feature", "properties": { }, "geometry": { "type": "Polygon", "coordinates": [ [ [ 77.437140033212103, 23.22733095472115 ], [ 77.437275433212093, 23.22736205471217 ], [ 77.43732303321211, 23.227187054762702 ], [ 77.437187633212119, 23.227155954771685 ], [ 77.437140033212103, 23.22733095472115 ] ] ] } },
{ "type": "Feature", "properties": { }, "geometry": { "type": "Polygon", "coordinates": [ [ [ 77.437328733212127, 23.226750954888647 ], [ 77.437435133212119, 23.22677575488148 ], [ 77.437467333212112, 23.226659354915096 ], [ 77.437360933212119, 23.226634454922284 ], [ 77.437328733212127, 23.226750954888647 ] ] ] } },
{ "type": "Feature", "properties": { }, "geometry": { "type": "Polygon", "coordinates": [ [ [ 77.436917033212112, 23.22709755478855 ], [ 77.436895533212109, 23.227163454769521 ], [ 77.437079233212117, 23.227213954754934 ], [ 77.43710073321212, 23.227148054773966 ], [ 77.436917033212112, 23.22709755478855 ] ] ] } },
{ "type": "Feature", "properties": { }, "geometry": { "type": "Polygon", "coordinates": [ [ [ 77.437684733212123, 23.226980154822449 ], [ 77.437767833212121, 23.226995954817891 ], [ 77.437795933212129, 23.22687085485402 ], [ 77.437712933212111, 23.226855054858582 ], [ 77.437684733212123, 23.226980154822449 ] ] ] } },
{ "type": "Feature", "properties": { }, "geometry": { "type": "Polygon", "coordinates": [ [ [ 77.437830933212126, 23.226318055013653 ], [ 77.437940333212111, 23.226342155006698 ], [ 77.437975833212121, 23.226205955046026 ], [ 77.437866533212087, 23.226181855052985 ], [ 77.437830933212126, 23.226318055013653 ] ] ] } },
{ "type": "Feature", "properties": { }, "geometry": { "type": "Polygon", "coordinates": [ [ [ 77.437417233212116, 23.226925954838109 ], [ 77.437500533212116, 23.226940054834035 ], [ 77.437522633212112, 23.226829754865882 ], [ 77.437439333212126, 23.226815654869963 ], [ 77.437417233212116, 23.226925954838109 ] ] ] } },
{ "type": "Feature", "properties": { }, "geometry": { "type": "Polygon", "coordinates": [ [ [ 77.436410633212105, 23.227152854772584 ], [ 77.436503933212109, 23.22717575476597 ], [ 77.436555933212134, 23.226997254817512 ], [ 77.43646263321213, 23.226974354824129 ], [ 77.436410633212105, 23.227152854772584 ] ] ] } },
{ "type": "Feature", "properties": { }, "geometry": { "type": "Polygon", "coordinates": [ [ [ 77.435776733212123, 23.228099954499069 ], [ 77.435873333212101, 23.228128354490863 ], [ 77.435904233212128, 23.228039654516479 ], [ 77.435807533212113, 23.228011254524681 ], [ 77.435776733212123, 23.228099954499069 ] ] ] } },
{ "type": "Feature", "properties": { }, "geometry": { "type": "Polygon", "coordinates": [ [ [ 77.437878533212128, 23.227024554809635 ], [ 77.437972233212093, 23.227040254805097 ], [ 77.437999733212109, 23.22690155484516 ], [ 77.437906033212116, 23.226885854849687 ], [ 77.437878533212128, 23.227024554809635 ] ] ] } },
{ "type": "Feature", "properties": { }, "geometry": { "type": "Polygon", "coordinates": [ [ [ 77.437527233212123, 23.227398554701626 ], [ 77.437627033212109, 23.227420154695391 ], [ 77.437663933212121, 23.227275954737031 ], [ 77.437564033212112, 23.227254354743266 ], [ 77.437527233212123, 23.227398554701626 ] ] ] } },
{ "type": "Feature", "properties": { }, "geometry": { "type": "Polygon", "coordinates": [ [ [ 77.437092433212115, 23.227592154645716 ], [ 77.437163633212108, 23.22760705464141 ], [ 77.437192933212117, 23.227488954675518 ], [ 77.437121733212109, 23.227474054679821 ], [ 77.437092433212115, 23.227592154645716 ] ] ] } },
{ "type": "Feature", "properties": { }, "geometry": { "type": "Polygon", "coordinates": [ [ [ 77.437652933212121, 23.227851154570917 ], [ 77.43763803321211, 23.227908854554251 ], [ 77.437767933212129, 23.22793715454608 ], [ 77.437782833212111, 23.227879454562743 ], [ 77.437652933212121, 23.227851154570917 ] ] ] } },
{ "type": "Feature", "properties": { }, "geometry": { "type": "Polygon", "coordinates": [ [ [ 77.435206633212118, 23.228654754338844 ], [ 77.435325133212118, 23.22869665432674 ], [ 77.435376733212109, 23.228573454362323 ], [ 77.435258233212124, 23.228531454374448 ], [ 77.435206633212118, 23.228654754338844 ] ] ] } },
{ "type": "Feature", "properties": { }, "geometry": { "type": "Polygon", "coordinates": [ [ [ 77.435565233212117, 23.2279090545542 ], [ 77.43567463321213, 23.227944954543826 ], [ 77.435709133212114, 23.227855854569562 ], [ 77.435599733212101, 23.227820054579901 ], [ 77.435565233212117, 23.2279090545542 ] ] ] } },
{ "type": "Feature", "properties": { }, "geometry": { "type": "Polygon", "coordinates": [ [ [ 77.436139133212123, 23.228404054411243 ], [ 77.43620973321211, 23.228428454404195 ], [ 77.436270033212111, 23.228281254446706 ], [ 77.436199533212118, 23.228256754453785 ], [ 77.436139133212123, 23.228404054411243 ] ] ] } },
{ "type": "Feature", "properties": { }, "geometry": { "type": "Polygon", "coordinates": [ [ [ 77.43593093321212, 23.228023554521133 ], [ 77.43588833321212, 23.228133554489361 ], [ 77.435980033212118, 23.228163554480695 ], [ 77.436022633212133, 23.228053554512471 ], [ 77.43593093321212, 23.228023554521133 ] ] ] } },
{ "type": "Feature", "properties": { }, "geometry": { "type": "Polygon", "coordinates": [ [ [ 77.437218033212119, 23.226187755051278 ], [ 77.437190933212108, 23.226262155029794 ], [ 77.437383433212119, 23.226321355012701 ], [ 77.437410533212116, 23.226246855034219 ], [ 77.437218033212119, 23.226187755051278 ] ] ] } },
{ "type": "Feature", "properties": { }, "geometry": { "type": "Polygon", "coordinates": [ [ [ 77.435308833212119, 23.228835554286626 ], [ 77.435424833212096, 23.228882054273196 ], [ 77.43546273321212, 23.228802254296234 ], [ 77.435346733212114, 23.228755754309667 ], [ 77.435308833212119, 23.228835554286626 ] ] ] } },
{ "type": "Feature", "properties": { }, "geometry": { "type": "Polygon", "coordinates": [ [ [ 77.437345133212119, 23.227519854666596 ], [ 77.437315633212094, 23.227634954633356 ], [ 77.43744373321212, 23.227662754625328 ], [ 77.437473233212117, 23.227547554658603 ], [ 77.437345133212119, 23.227519854666596 ] ] ] } },
{ "type": "Feature", "properties": { }, "geometry": { "type": "Polygon", "coordinates": [ [ [ 77.436682833212117, 23.226136255066155 ], [ 77.436748533212111, 23.226152655061419 ], [ 77.436782733212098, 23.226036855094861 ], [ 77.436717033212119, 23.226020455099597 ], [ 77.436682833212117, 23.226136255066155 ] ] ] } },
{ "type": "Feature", "properties": { }, "geometry": { "type": "Polygon", "coordinates": [ [ [ 77.43648763321211, 23.225907055132339 ], [ 77.436627033212119, 23.2259345551244 ], [ 77.436643133212115, 23.225865455144358 ], [ 77.43650373321212, 23.22583805515227 ], [ 77.43648763321211, 23.225907055132339 ] ] ] } },
{ "type": "Feature", "properties": { }, "geometry": { "type": "Polygon", "coordinates": [ [ [ 77.436013133212128, 23.228115954494449 ], [ 77.436115633212111, 23.228141254487142 ], [ 77.436161833212125, 23.227982954532859 ], [ 77.436059333212114, 23.227957654540159 ], [ 77.436013133212128, 23.228115954494449 ] ] ] } },
{ "type": "Feature", "properties": { }, "geometry": { "type": "Polygon", "coordinates": [ [ [ 77.436804233212115, 23.227553254656954 ], [ 77.436773933212109, 23.227619054637945 ], [ 77.436904933212119, 23.227669954623245 ], [ 77.436935233212111, 23.227604154642247 ], [ 77.436804233212115, 23.227553254656954 ] ] ] } },
{ "type": "Feature", "properties": { }, "geometry": { "type": "Polygon", "coordinates": [ [ [ 77.436232333212118, 23.228192454472357 ], [ 77.436363633212096, 23.228226954462393 ], [ 77.436419833212128, 23.228046854514403 ], [ 77.436288533212107, 23.228012254524391 ], [ 77.436232333212118, 23.228192454472357 ] ] ] } },
{ "type": "Feature", "properties": { }, "geometry": { "type": "Polygon", "coordinates": [ [ [ 77.436633533212117, 23.225990555108233 ], [ 77.436690333212098, 23.226004755104125 ], [ 77.43671143321211, 23.225933255124776 ], [ 77.436654633212115, 23.22591905512887 ], [ 77.436633533212117, 23.225990555108233 ] ] ] } },
{ "type": "Feature", "properties": { }, "geometry": { "type": "Polygon", "coordinates": [ [ [ 77.437751133212117, 23.226459454972826 ], [ 77.43772243321213, 23.226573754939814 ], [ 77.437865833212115, 23.226604254931004 ], [ 77.43789463321211, 23.226489954964013 ], [ 77.437751133212117, 23.226459454972826 ] ] ] } },
{ "type": "Feature", "properties": { }, "geometry": { "type": "Polygon", "coordinates": [ [ [ 77.435438933212097, 23.228184254474723 ], [ 77.435393533212121, 23.228284054445904 ], [ 77.435577933212116, 23.228354854425451 ], [ 77.435623333212121, 23.228255154454242 ], [ 77.435438933212097, 23.228184254474723 ] ] ] } },
{ "type": "Feature", "properties": { }, "geometry": { "type": "Polygon", "coordinates": [ [ [ 77.436350733212095, 23.226919754839901 ], [ 77.436544633212108, 23.226979854822538 ], [ 77.436570733212122, 23.226908754843073 ], [ 77.436376833212094, 23.226848654860429 ], [ 77.436350733212095, 23.226919754839901 ] ] ] } },
{ "type": "Feature", "properties": { }, "geometry": { "type": "Polygon", "coordinates": [ [ [ 77.436589733212131, 23.228596354355709 ], [ 77.436642033212109, 23.228609954351779 ], [ 77.436693933212098, 23.228432754402956 ], [ 77.43664903321212, 23.228421254406282 ], [ 77.436589733212131, 23.228596354355709 ] ] ] } },
{ "type": "Feature", "properties": { }, "geometry": { "type": "Polygon", "coordinates": [ [ [ 77.436741233212118, 23.227691254617095 ], [ 77.436715533212109, 23.227754054598961 ], [ 77.436851833212131, 23.22780125458533 ], [ 77.436877633212106, 23.227738554603437 ], [ 77.436741233212118, 23.227691254617095 ] ] ] } },
{ "type": "Feature", "properties": { }, "geometry": { "type": "Polygon", "coordinates": [ [ [ 77.436330233212118, 23.227277954736454 ], [ 77.436300233212108, 23.227366354710927 ], [ 77.436540933212115, 23.227435454690969 ], [ 77.436571033212104, 23.227346954716523 ], [ 77.436330233212118, 23.227277954736454 ] ] ] } },
{ "type": "Feature", "properties": { }, "geometry": { "type": "Polygon", "coordinates": [ [ [ 77.436823733212094, 23.226489654964102 ], [ 77.436805733212111, 23.226546654947644 ], [ 77.436998733212121, 23.226598054932797 ], [ 77.437016733212118, 23.226541054949255 ], [ 77.436823733212094, 23.226489654964102 ] ] ] } },
{ "type": "Feature", "properties": { }, "geometry": { "type": "Polygon", "coordinates": [ [ [ 77.437425933212126, 23.226524154954138 ], [ 77.43751913321212, 23.226546854947578 ], [ 77.437550633212112, 23.226437154979262 ], [ 77.437457433212131, 23.226414554985784 ], [ 77.437425933212126, 23.226524154954138 ] ] ] } },
{ "type": "Feature", "properties": { }, "geometry": { "type": "Polygon", "coordinates": [ [ [ 77.436757433212094, 23.226669654912122 ], [ 77.43673233321212, 23.226741654891331 ], [ 77.436920733212119, 23.226797154875307 ], [ 77.436945833212121, 23.226725054896125 ], [ 77.436757433212094, 23.226669654912122 ] ] ] } },
{ "type": "Feature", "properties": { }, "geometry": { "type": "Polygon", "coordinates": [ [ [ 77.436125933212111, 23.228695754327006 ], [ 77.436216033212119, 23.228731154316772 ], [ 77.436287133212119, 23.228578354360909 ], [ 77.436196933212116, 23.228542954371129 ], [ 77.436125933212111, 23.228695754327006 ] ] ] } },
{ "type": "Feature", "properties": { }, "geometry": { "type": "Polygon", "coordinates": [ [ [ 77.435748433212112, 23.228641454342682 ], [ 77.435857633212109, 23.228685254330031 ], [ 77.435938833212134, 23.228514254379416 ], [ 77.4358295332121, 23.228470454392067 ], [ 77.435748433212112, 23.228641454342682 ] ] ] } },
{ "type": "Feature", "properties": { }, "geometry": { "type": "Polygon", "coordinates": [ [ [ 77.437511733212105, 23.226279855024689 ], [ 77.437486233212127, 23.226374654997311 ], [ 77.43763523321212, 23.226408554987525 ], [ 77.437660733212113, 23.2263137550149 ], [ 77.437511733212105, 23.226279855024689 ] ] ] } },
{ "type": "Feature", "properties": { }, "geometry": { "type": "Polygon", "coordinates": [ [ [ 77.435316533212131, 23.228468354392675 ], [ 77.435426633212117, 23.228511754380143 ], [ 77.43550773321212, 23.228337954430334 ], [ 77.435397733212113, 23.228294554442869 ], [ 77.435316533212131, 23.228468354392675 ] ] ] } },
{ "type": "Feature", "properties": { }, "geometry": { "type": "Polygon", "coordinates": [ [ [ 77.436479433212114, 23.226587654935798 ], [ 77.4364351332121, 23.226705454901783 ], [ 77.43662893321212, 23.226767054883993 ], [ 77.436673233212119, 23.226649254918012 ], [ 77.436479433212114, 23.226587654935798 ] ] ] } },
{ "type": "Feature", "properties": { }, "geometry": { "type": "Polygon", "coordinates": [ [ [ 77.43667913321211, 23.227830354576927 ], [ 77.436654433212112, 23.227892354559017 ], [ 77.436780533212115, 23.227934854546746 ], [ 77.436805333212121, 23.227872854564655 ], [ 77.43667913321211, 23.227830354576927 ] ] ] } },
{ "type": "Feature", "properties": { }, "geometry": { "type": "Polygon", "coordinates": [ [ [ 77.437313233212109, 23.226190455050507 ], [ 77.437390033212111, 23.226212955044009 ], [ 77.437426133212099, 23.226108855074063 ], [ 77.437349333212097, 23.226086455080537 ], [ 77.437313233212109, 23.226190455050507 ] ] ] } },
{ "type": "Feature", "properties": { }, "geometry": { "type": "Polygon", "coordinates": [ [ [ 77.437600433212111, 23.228040654516192 ], [ 77.4375824332121, 23.228102954498198 ], [ 77.437709433212106, 23.228134054489217 ], [ 77.437727533212112, 23.228071754507209 ], [ 77.437600433212111, 23.228040654516192 ] ] ] } },
{ "type": "Feature", "properties": { }, "geometry": { "type": "Polygon", "coordinates": [ [ [ 77.436586033212109, 23.22735775471341 ], [ 77.436548833212115, 23.227439754689726 ], [ 77.43668063321212, 23.227490254675143 ], [ 77.436717833212114, 23.227408254698826 ], [ 77.436586033212109, 23.22735775471341 ] ] ] } },
{ "type": "Feature", "properties": { }, "geometry": { "type": "Polygon", "coordinates": [ [ [ 77.437549333212118, 23.227224854751793 ], [ 77.437651233212108, 23.227248154745059 ], [ 77.437693533212112, 23.227092254790083 ], [ 77.437591533212114, 23.22706895479681 ], [ 77.437549333212118, 23.227224854751793 ] ] ] } },
{ "type": "Feature", "properties": { }, "geometry": { "type": "Polygon", "coordinates": [ [ [ 77.437212233212108, 23.226161455058879 ], [ 77.437307933212097, 23.226185155052033 ], [ 77.437337533212116, 23.226084255081169 ], [ 77.437241933212121, 23.226060555088015 ], [ 77.437212233212108, 23.226161455058879 ] ] ] } },
{ "type": "Feature", "properties": { }, "geometry": { "type": "Polygon", "coordinates": [ [ [ 77.436574233212113, 23.228281754446567 ], [ 77.436674133212122, 23.228306154439515 ], [ 77.436727933212111, 23.22812005449326 ], [ 77.436628033212102, 23.228095654500311 ], [ 77.436574233212113, 23.228281754446567 ] ] ] } },
{ "type": "Feature", "properties": { }, "geometry": { "type": "Polygon", "coordinates": [ [ [ 77.436855333212122, 23.226398754990353 ], [ 77.436986633212115, 23.226434354980071 ], [ 77.43702413321212, 23.226317255013893 ], [ 77.436892833212099, 23.226281755024136 ], [ 77.436855333212122, 23.226398754990353 ] ] ] } },
{ "type": "Feature", "properties": { }, "geometry": { "type": "Polygon", "coordinates": [ [ [ 77.436923933212114, 23.227086154791841 ], [ 77.436999033212118, 23.227105454786269 ], [ 77.437034333212097, 23.226989854819657 ], [ 77.436959233212107, 23.226970554825229 ], [ 77.436923933212114, 23.227086154791841 ] ] ] } },
{ "type": "Feature", "properties": { }, "geometry": { "type": "Polygon", "coordinates": [ [ [ 77.437308933212122, 23.227175854765935 ], [ 77.437392633212113, 23.227195254760332 ], [ 77.43742883321211, 23.227063354798432 ], [ 77.437345133212119, 23.227043954804032 ], [ 77.437308933212122, 23.227175854765935 ] ] ] } },
{ "type": "Feature", "properties": { }, "geometry": { "type": "Polygon", "coordinates": [ [ [ 77.437072933212107, 23.226559954943806 ], [ 77.437047733212111, 23.226628554923995 ], [ 77.437240533212119, 23.226688354906724 ], [ 77.437265733212129, 23.226619754926528 ], [ 77.437072933212107, 23.226559954943806 ] ] ] } },
{ "type": "Feature", "properties": { }, "geometry": { "type": "Polygon", "coordinates": [ [ [ 77.43741973321211, 23.227936054546404 ], [ 77.437547133212107, 23.227959354539671 ], [ 77.437561933212095, 23.227891254559339 ], [ 77.437434533212112, 23.227867954566069 ], [ 77.43741973321211, 23.227936054546404 ] ] ] } },
{ "type": "Feature", "properties": { }, "geometry": { "type": "Polygon", "coordinates": [ [ [ 77.436917133212134, 23.227562454654297 ], [ 77.436995933212117, 23.227582654648455 ], [ 77.437034933212118, 23.227454454685482 ], [ 77.436956233212129, 23.227434254691318 ], [ 77.436917133212134, 23.227562454654297 ] ] ] } },
{ "type": "Feature", "properties": { }, "geometry": { "type": "Polygon", "coordinates": [ [ [ 77.435523733212094, 23.228016054523295 ], [ 77.43548283321212, 23.228107654496839 ], [ 77.435569333212115, 23.228140354487397 ], [ 77.435610233212117, 23.228048654513884 ], [ 77.435523733212094, 23.228016054523295 ] ] ] } },
{ "type": "Feature", "properties": { }, "geometry": { "type": "Polygon", "coordinates": [ [ [ 77.437762933212113, 23.227743554601997 ], [ 77.437818733212097, 23.227754954598698 ], [ 77.437847533212121, 23.227636654632871 ], [ 77.437791733212109, 23.227625154636186 ], [ 77.437762933212113, 23.227743554601997 ] ] ] } },
{ "type": "Feature", "properties": { }, "geometry": { "type": "Polygon", "coordinates": [ [ [ 77.436947133212115, 23.226112655072971 ], [ 77.437154633212117, 23.226176555054515 ], [ 77.437201333212116, 23.226048455091512 ], [ 77.436993833212114, 23.225984555109967 ], [ 77.436947133212115, 23.226112655072971 ] ] ] } },
{ "type": "Feature", "properties": { }, "geometry": { "type": "Polygon", "coordinates": [ [ [ 77.437083033212119, 23.226894554847178 ], [ 77.437054833212116, 23.22698735482037 ], [ 77.437136533212112, 23.227008354814309 ], [ 77.437164733212114, 23.226915454841137 ], [ 77.437083033212119, 23.226894554847178 ] ] ] } },
{ "type": "Feature", "properties": { }, "geometry": { "type": "Polygon", "coordinates": [ [ [ 77.437400333212111, 23.228003554526907 ], [ 77.43738693321211, 23.228050854513246 ], [ 77.437519633212133, 23.228082654504068 ], [ 77.437533033212105, 23.228035254517753 ], [ 77.437400333212111, 23.228003554526907 ] ] ] } },
{ "type": "Feature", "properties": { }, "geometry": { "type": "Polygon", "coordinates": [ [ [ 77.437117533212103, 23.227781054591169 ], [ 77.437238933212114, 23.227804654584343 ], [ 77.437265033212114, 23.227690654617277 ], [ 77.437143633212102, 23.227667054624089 ], [ 77.437117533212103, 23.227781054591169 ] ] ] } },
{ "type": "Feature", "properties": { }, "geometry": { "type": "Polygon", "coordinates": [ [ [ 77.436612633212121, 23.227094054789564 ], [ 77.436580233212098, 23.227182054764153 ], [ 77.436749033212109, 23.227234554748989 ], [ 77.436781433212133, 23.227146454774427 ], [ 77.436612633212121, 23.227094054789564 ] ] ] } },
{ "type": "Feature", "properties": { }, "geometry": { "type": "Polygon", "coordinates": [ [ [ 77.437929533212113, 23.226477054967738 ], [ 77.438076433212117, 23.226507854958854 ], [ 77.438100433212099, 23.22641125498674 ], [ 77.437953533212109, 23.226380454995642 ], [ 77.437929533212113, 23.226477054967738 ] ] ] } },
{ "type": "Feature", "properties": { }, "geometry": { "type": "Polygon", "coordinates": [ [ [ 77.436760933212113, 23.226666854912931 ], [ 77.43694793321211, 23.226725654895947 ], [ 77.436990933212101, 23.226610254929273 ], [ 77.436803933212119, 23.226551454946257 ], [ 77.436760933212113, 23.226666854912931 ] ] ] } },
{ "type": "Feature", "properties": { }, "geometry": { "type": "Polygon", "coordinates": [ [ [ 77.437727033212113, 23.227860154568319 ], [ 77.437781133212127, 23.227873154564573 ], [ 77.437801633212118, 23.227801454585272 ], [ 77.437747633212098, 23.227788354589059 ], [ 77.437727033212113, 23.227860154568319 ] ] ] } },
{ "type": "Feature", "properties": { }, "geometry": { "type": "Polygon", "coordinates": [ [ [ 77.436211533212116, 23.227096954788724 ], [ 77.43639763321211, 23.227151954772836 ], [ 77.436457333212118, 23.226981254822139 ], [ 77.43630083321213, 23.226934954835507 ], [ 77.43622583321212, 23.227056054800535 ], [ 77.436211533212116, 23.227096954788724 ] ] ] } },
{ "type": "Feature", "properties": { }, "geometry": { "type": "Polygon", "coordinates": [ [ [ 77.436829033212106, 23.226479254967106 ], [ 77.437015733212121, 23.226532954951601 ], [ 77.437037533212091, 23.22646895497008 ], [ 77.436983333212112, 23.226453354974584 ], [ 77.436986533212107, 23.226444054977271 ], [ 77.436853933212106, 23.226405954988273 ], [ 77.436829033212106, 23.226479254967106 ] ] ] } },
{ "type": "Feature", "properties": { }, "geometry": { "type": "Polygon", "coordinates": [ [ [ 77.435972633212103, 23.227076154794734 ], [ 77.436152233212098, 23.227136454777316 ], [ 77.436217733212104, 23.226971554824939 ], [ 77.436086233212123, 23.226927454837668 ], [ 77.436094333212097, 23.226907054843565 ], [ 77.43604623321211, 23.22689085484825 ], [ 77.435972633212103, 23.227076154794734 ] ] ] } },
{ "type": "Feature", "properties": { }, "geometry": { "type": "Polygon", "coordinates": [ [ [ 77.434998333212121, 23.226414154985903 ], [ 77.435142033212102, 23.226464354971416 ], [ 77.435172933212101, 23.226389854992927 ], [ 77.43502923321212, 23.226339655007415 ], [ 77.434998333212121, 23.226414154985903 ] ] ] } },
{ "type": "Feature", "properties": { }, "geometry": { "type": "Polygon", "coordinates": [ [ [ 77.435180233212108, 23.226224755040601 ], [ 77.435427033212108, 23.226237255036988 ], [ 77.435442033212112, 23.225986355109441 ], [ 77.435195233212127, 23.225973955113023 ], [ 77.435180233212108, 23.226224755040601 ] ] ] } },
{ "type": "Feature", "properties": { }, "geometry": { "type": "Polygon", "coordinates": [ [ [ 77.434901133212108, 23.226925654838194 ], [ 77.435046933212121, 23.226982254821845 ], [ 77.435098733212115, 23.22686935485445 ], [ 77.434952933212116, 23.226812854870765 ], [ 77.434901133212108, 23.226925654838194 ] ] ] } },
{ "type": "Feature", "properties": { }, "geometry": { "type": "Polygon", "coordinates": [ [ [ 77.434883733212118, 23.226969454825543 ], [ 77.434838633212109, 23.227061154799063 ], [ 77.43494993321211, 23.227107354785723 ], [ 77.434995033212118, 23.227015654812202 ], [ 77.434883733212118, 23.226969454825543 ] ] ] } },
{ "type": "Feature", "properties": { }, "geometry": { "type": "Polygon", "coordinates": [ [ [ 77.435030933212133, 23.225745655178955 ], [ 77.435146533212119, 23.225742555179846 ], [ 77.435142133212111, 23.225602755220216 ], [ 77.43502653321211, 23.225605855219321 ], [ 77.435030933212133, 23.225745655178955 ] ] ] } },
{ "type": "Feature", "properties": { }, "geometry": { "type": "Polygon", "coordinates": [ [ [ 77.434777733212115, 23.225891355136874 ], [ 77.434929933212118, 23.225906755132428 ], [ 77.43494753321211, 23.225760155174765 ], [ 77.434821233212119, 23.225747355178456 ], [ 77.43481643321212, 23.225787255166935 ], [ 77.434769033212135, 23.225782455168321 ], [ 77.434763233212109, 23.225830755154377 ], [ 77.434784733212098, 23.225832955153745 ], [ 77.434777733212115, 23.225891355136874 ] ] ] } },
{ "type": "Feature", "properties": { }, "geometry": { "type": "Polygon", "coordinates": [ [ [ 77.426606133212132, 23.226899354845791 ], [ 77.426608033212119, 23.226956954829156 ], [ 77.42667233321211, 23.226955054829702 ], [ 77.426670433212095, 23.226897554846314 ], [ 77.426606133212132, 23.226899354845791 ] ] ] } },
{ "type": "Feature", "properties": { }, "geometry": { "type": "Polygon", "coordinates": [ [ [ 77.431533533212118, 23.22728585473417 ], [ 77.431426333212116, 23.227327354722185 ], [ 77.431490433212119, 23.227467154681818 ], [ 77.431597633212107, 23.227425654693803 ], [ 77.431533533212118, 23.22728585473417 ] ] ] } },
{ "type": "Feature", "properties": { }, "geometry": { "type": "Polygon", "coordinates": [ [ [ 77.426156233212112, 23.227149654773502 ], [ 77.426205833212109, 23.227147854774024 ], [ 77.426202633212114, 23.227074754795137 ], [ 77.426153033212117, 23.22707665479459 ], [ 77.426156233212112, 23.227149654773502 ] ] ] } },
{ "type": "Feature", "properties": { }, "geometry": { "type": "Polygon", "coordinates": [ [ [ 77.426314833212103, 23.226898954845904 ], [ 77.426317033212115, 23.226963654827223 ], [ 77.426373033212116, 23.226962054827688 ], [ 77.42637073321211, 23.226897254846396 ], [ 77.426314833212103, 23.226898954845904 ] ] ] } },
{ "type": "Feature", "properties": { }, "geometry": { "type": "Polygon", "coordinates": [ [ [ 77.431599733212124, 23.227697454615313 ], [ 77.431655233212112, 23.227823454578918 ], [ 77.431793233212119, 23.227772154593737 ], [ 77.431737733212131, 23.227646154630119 ], [ 77.431599733212124, 23.227697454615313 ] ] ] } },
{ "type": "Feature", "properties": { }, "geometry": { "type": "Polygon", "coordinates": [ [ [ 77.426375133212105, 23.226905354844053 ], [ 77.42637743321211, 23.226971354824993 ], [ 77.426434933212121, 23.226969754825461 ], [ 77.426432633212116, 23.226903654844552 ], [ 77.426375133212105, 23.226905354844053 ] ] ] } },
{ "type": "Feature", "properties": { }, "geometry": { "type": "Polygon", "coordinates": [ [ [ 77.43165653321212, 23.227240054747398 ], [ 77.431707233212123, 23.227375754708213 ], [ 77.431812133212119, 23.22734265471777 ], [ 77.431761433212117, 23.227206954756959 ], [ 77.43165653321212, 23.227240054747398 ] ] ] } },
{ "type": "Feature", "properties": { }, "geometry": { "type": "Polygon", "coordinates": [ [ [ 77.4281927332121, 23.225586155225006 ], [ 77.428384533212125, 23.225538755238695 ], [ 77.428359933212107, 23.225454955262894 ], [ 77.428168133212111, 23.225502355249205 ], [ 77.4281927332121, 23.225586155225006 ] ] ] } },
{ "type": "Feature", "properties": { }, "geometry": { "type": "Polygon", "coordinates": [ [ [ 77.426524833212113, 23.22690095484533 ], [ 77.426527333212121, 23.226973554824358 ], [ 77.426601633212115, 23.226971454824966 ], [ 77.426599233212116, 23.226898754845962 ], [ 77.426524833212113, 23.22690095484533 ] ] ] } },
{ "type": "Feature", "properties": { }, "geometry": { "type": "Polygon", "coordinates": [ [ [ 77.431526233212111, 23.22755075465767 ], [ 77.43157963321211, 23.227660954625851 ], [ 77.431650533212121, 23.227631954634219 ], [ 77.431597133212108, 23.227521654666077 ], [ 77.431526233212111, 23.22755075465767 ] ] ] } },
{ "type": "Feature", "properties": { }, "geometry": { "type": "Polygon", "coordinates": [ [ [ 77.431794933212117, 23.227442254689002 ], [ 77.43186693321212, 23.227582054648629 ], [ 77.4319661332121, 23.227538854661105 ], [ 77.431894133212111, 23.227399054701486 ], [ 77.431794933212117, 23.227442254689002 ] ] ] } },
{ "type": "Feature", "properties": { }, "geometry": { "type": "Polygon", "coordinates": [ [ [ 77.427755833212117, 23.227902654556043 ], [ 77.427684133212111, 23.227967954537188 ], [ 77.427823633212114, 23.22809735449982 ], [ 77.42789533321212, 23.228032054518682 ], [ 77.427755833212117, 23.227902654556043 ] ] ] } },
{ "type": "Feature", "properties": { }, "geometry": { "type": "Polygon", "coordinates": [ [ [ 77.431745933212113, 23.227472454680285 ], [ 77.431631933212117, 23.227515354667894 ], [ 77.431691633212097, 23.227649054629282 ], [ 77.431805633212122, 23.22760615464167 ], [ 77.431745933212113, 23.227472454680285 ] ] ] } },
{ "type": "Feature", "properties": { }, "geometry": { "type": "Polygon", "coordinates": [ [ [ 77.426227533212113, 23.226895454846915 ], [ 77.426230733212108, 23.226987554820322 ], [ 77.426301033212113, 23.226985454820923 ], [ 77.426297933212098, 23.226893454847492 ], [ 77.426227533212113, 23.226895454846915 ] ] ] } },
{ "type": "Feature", "properties": { }, "geometry": { "type": "Polygon", "coordinates": [ [ [ 77.42653213321212, 23.227031354807671 ], [ 77.42653053321213, 23.227098954788147 ], [ 77.426594933212115, 23.227100154787802 ], [ 77.426596433212111, 23.22703255480732 ], [ 77.42653213321212, 23.227031354807671 ] ] ] } },
{ "type": "Feature", "properties": { }, "geometry": { "type": "Polygon", "coordinates": [ [ [ 77.426442633212105, 23.22690155484516 ], [ 77.426445333212115, 23.226981554822046 ], [ 77.426519033212116, 23.226979454822654 ], [ 77.426516233212112, 23.226899354845791 ], [ 77.426442633212105, 23.22690155484516 ] ] ] } },
{ "type": "Feature", "properties": { }, "geometry": { "type": "Polygon", "coordinates": [ [ [ 77.432037033212112, 23.227182754763955 ], [ 77.431918033212114, 23.227228054750864 ], [ 77.431966233212123, 23.227335254719907 ], [ 77.432085233212121, 23.227290054732961 ], [ 77.432037033212112, 23.227182754763955 ] ] ] } },
{ "type": "Feature", "properties": { }, "geometry": { "type": "Polygon", "coordinates": [ [ [ 77.429458133212094, 23.225819255157695 ], [ 77.429440933212121, 23.225965855115362 ], [ 77.429649133212109, 23.225986455109421 ], [ 77.429666333212097, 23.225839855151751 ], [ 77.429458133212094, 23.225819255157695 ] ] ] } },
{ "type": "Feature", "properties": { }, "geometry": { "type": "Polygon", "coordinates": [ [ [ 77.44289743321211, 23.228377254418977 ], [ 77.442970933212095, 23.228377754418837 ], [ 77.442960833212098, 23.228275454448379 ], [ 77.442892133212112, 23.228278654447458 ], [ 77.44289743321211, 23.228377254418977 ] ] ] } },
{ "type": "Feature", "properties": { }, "geometry": { "type": "Polygon", "coordinates": [ [ [ 77.442747733212116, 23.228303154440383 ], [ 77.442874833212116, 23.228294354442927 ], [ 77.442865033212115, 23.228174354477584 ], [ 77.442737833212107, 23.228183154475044 ], [ 77.442747733212116, 23.228303154440383 ] ] ] } },
{ "type": "Feature", "properties": { }, "geometry": { "type": "Polygon", "coordinates": [ [ [ 77.430977033212116, 23.224910655420068 ], [ 77.43143433321211, 23.224950155408663 ], [ 77.431450933212105, 23.224787455455651 ], [ 77.430958333212118, 23.224744955467912 ], [ 77.43075883321211, 23.224333655586676 ], [ 77.430598833212116, 23.224399255567739 ], [ 77.430786533212114, 23.22478615545602 ], [ 77.430857333212117, 23.224757255464365 ], [ 77.430890633212115, 23.22482685544427 ], [ 77.430984733212114, 23.224834955441924 ], [ 77.430977033212116, 23.224910655420068 ] ] ] } },
{ "type": "Feature", "properties": { }, "geometry": { "type": "Polygon", "coordinates": [ [ [ 77.431092333212121, 23.224348955582265 ], [ 77.431076133212116, 23.224356855579984 ], [ 77.431058333212107, 23.224326055588872 ], [ 77.431020333212118, 23.224344555583532 ], [ 77.431038133212112, 23.22437535557464 ], [ 77.43102333321211, 23.224382555572561 ], [ 77.431008233212111, 23.224356455580093 ], [ 77.430961833212095, 23.224379055573575 ], [ 77.430976933212108, 23.224405255566012 ], [ 77.430969833212117, 23.224408655565025 ], [ 77.430977633212123, 23.224422255561098 ], [ 77.430963933212112, 23.224428955559166 ], [ 77.430999133212111, 23.224489755541608 ], [ 77.431012833212108, 23.224483055543541 ], [ 77.431057833212108, 23.224561055521015 ], [ 77.431037233212109, 23.22457105551813 ], [ 77.431094833212128, 23.224670855489311 ], [ 77.431123433212093, 23.224656855493354 ], [ 77.431138333212104, 23.224682755485876 ], [ 77.431212033212134, 23.224646855496239 ], [ 77.431197033212115, 23.224620955503717 ], [ 77.431215333212108, 23.224612055506288 ], [ 77.431191533212115, 23.224570855518184 ], [ 77.431214133212109, 23.224559855521363 ], [ 77.431173033212119, 23.224488755541891 ], [ 77.431148433212115, 23.224500755538429 ], [ 77.431101633212123, 23.224419755561811 ], [ 77.431126233212098, 23.224407755565288 ], [ 77.431092333212121, 23.224348955582265 ] ] ] } },
{ "type": "Feature", "properties": { }, "geometry": { "type": "Polygon", "coordinates": [ [ [ 77.431258733212118, 23.224465855548502 ], [ 77.431209233212115, 23.224493655540478 ], [ 77.431328033212111, 23.22467245548885 ], [ 77.431377633212108, 23.224644655496874 ], [ 77.431258733212118, 23.224465855548502 ] ] ] } },
{ "type": "Feature", "properties": { }, "geometry": { "type": "Polygon", "coordinates": [ [ [ 77.431087633212101, 23.224299355596585 ], [ 77.43117773321211, 23.224463055549322 ], [ 77.431237333212124, 23.224435255557346 ], [ 77.431147333212124, 23.224271655604579 ], [ 77.431087633212101, 23.224299355596585 ] ] ] } },
{ "type": "Feature", "properties": { }, "geometry": { "type": "Polygon", "coordinates": [ [ [ 77.435757433212117, 23.223875155719071 ], [ 77.435241433212113, 23.223770255749358 ], [ 77.435205233212116, 23.223920155706079 ], [ 77.43572443321213, 23.224025755675584 ], [ 77.435756733212116, 23.223891955714222 ], [ 77.435763733212113, 23.223893655713734 ], [ 77.435730333212106, 23.224034855672961 ], [ 77.435850633212127, 23.224058955666006 ], [ 77.435882933212113, 23.223922555705386 ], [ 77.435892433212118, 23.223924855704723 ], [ 77.435912033212119, 23.223856755724388 ], [ 77.435772533212102, 23.223822855734173 ], [ 77.435757433212117, 23.223875155719071 ] ] ] } },
{ "type": "Feature", "properties": { }, "geometry": { "type": "Polygon", "coordinates": [ [ [ 77.435562633212115, 23.224076155661034 ], [ 77.435824833212109, 23.224127855646106 ], [ 77.435840133212125, 23.224062555664965 ], [ 77.435577933212116, 23.224010755679913 ], [ 77.435562633212115, 23.224076155661034 ] ] ] } },
{ "type": "Feature", "properties": { }, "geometry": { "type": "Polygon", "coordinates": [ [ [ 77.426741933212114, 23.225178355342766 ], [ 77.426655033212114, 23.225216955331621 ], [ 77.426680533212107, 23.225265455317615 ], [ 77.426693633212111, 23.225259655319288 ], [ 77.426723133212107, 23.2253157553031 ], [ 77.426707933212114, 23.225322455301157 ], [ 77.426764233212111, 23.22542935527029 ], [ 77.426773933212132, 23.225425055271529 ], [ 77.426810633212114, 23.225494855251373 ], [ 77.426794533212131, 23.225501955249321 ], [ 77.426821633212114, 23.225553355234482 ], [ 77.426916833212104, 23.225511055246692 ], [ 77.426867133212113, 23.225416455274011 ], [ 77.426895233212107, 23.225403955277621 ], [ 77.426829233212104, 23.225278455313866 ], [ 77.426801133212109, 23.22529095531025 ], [ 77.426741933212114, 23.225178355342766 ] ] ] } },
{ "type": "Feature", "properties": { }, "geometry": { "type": "Polygon", "coordinates": [ [ [ 77.425646933212121, 23.22651465495688 ], [ 77.425652033212117, 23.226580054938001 ], [ 77.425821033212117, 23.2265689549412 ], [ 77.425815933212121, 23.226503554960086 ], [ 77.425646933212121, 23.22651465495688 ] ] ] } },
{ "type": "Feature", "properties": { }, "geometry": { "type": "Polygon", "coordinates": [ [ [ 77.426367133212111, 23.22634825500494 ], [ 77.426376133212116, 23.226503954959973 ], [ 77.426490033212104, 23.226498354961588 ], [ 77.426481133212135, 23.22634275500652 ], [ 77.426367133212111, 23.22634825500494 ] ] ] } },
{ "type": "Feature", "properties": { }, "geometry": { "type": "Polygon", "coordinates": [ [ [ 77.42614053321212, 23.226497454961851 ], [ 77.426285333212121, 23.226494954962568 ], [ 77.426282133212112, 23.226338555007732 ], [ 77.426137333212111, 23.226341055007016 ], [ 77.42614053321212, 23.226497454961851 ] ] ] } },
{ "type": "Feature", "properties": { }, "geometry": { "type": "Polygon", "coordinates": [ [ [ 77.425634533212104, 23.226411554986651 ], [ 77.425639433212112, 23.226478454967335 ], [ 77.42579983321211, 23.226468354970258 ], [ 77.425794833212095, 23.226401554989547 ], [ 77.425634533212104, 23.226411554986651 ] ] ] } },
{ "type": "Feature", "properties": { }, "geometry": { "type": "Polygon", "coordinates": [ [ [ 77.425902433212116, 23.226391454992456 ], [ 77.42583893321212, 23.226397354990755 ], [ 77.425855733212131, 23.226550154946626 ], [ 77.425919233212113, 23.226544254948333 ], [ 77.425902433212116, 23.226391454992456 ] ] ] } },
{ "type": "Feature", "properties": { }, "geometry": { "type": "Polygon", "coordinates": [ [ [ 77.425669733212118, 23.226736554892799 ], [ 77.425844133212109, 23.226724154896385 ], [ 77.42583923321213, 23.226665454913334 ], [ 77.425664833212124, 23.22667775490978 ], [ 77.425669733212118, 23.226736554892799 ] ] ] } },
{ "type": "Feature", "properties": { }, "geometry": { "type": "Polygon", "coordinates": [ [ [ 77.425685833212128, 23.226788554877782 ], [ 77.425688833212121, 23.226855254858528 ], [ 77.425852133212118, 23.226849054860306 ], [ 77.425849133212111, 23.226782454879544 ], [ 77.425685833212128, 23.226788554877782 ] ] ] } },
{ "type": "Feature", "properties": { }, "geometry": { "type": "Polygon", "coordinates": [ [ [ 77.429315833212115, 23.227639554632034 ], [ 77.429277033212117, 23.227715654610051 ], [ 77.429435933212119, 23.227784054590302 ], [ 77.429474733212118, 23.227707954612278 ], [ 77.429434333212129, 23.2276905546173 ], [ 77.4294501332121, 23.227659454626284 ], [ 77.429367233212133, 23.227623754636589 ], [ 77.429351433212119, 23.227654854627609 ], [ 77.429315833212115, 23.227639554632034 ] ] ] } },
{ "type": "Feature", "properties": { }, "geometry": { "type": "Polygon", "coordinates": [ [ [ 77.429503333212111, 23.227732254605261 ], [ 77.429464533212098, 23.227808354583278 ], [ 77.429623433212114, 23.227876754563532 ], [ 77.429662233212113, 23.227800654585504 ], [ 77.429621733212102, 23.227783254590531 ], [ 77.42963763321211, 23.227752154599514 ], [ 77.429554733212115, 23.227716454609816 ], [ 77.429538833212121, 23.227747554600843 ], [ 77.429503333212111, 23.227732254605261 ] ] ] } },
{ "type": "Feature", "properties": { }, "geometry": { "type": "Polygon", "coordinates": [ [ [ 77.440959133212118, 23.224336455585874 ], [ 77.441064133212095, 23.224346855582869 ], [ 77.4410822332121, 23.224191555627712 ], [ 77.440977233212109, 23.22418125563069 ], [ 77.440959133212118, 23.224336455585874 ] ] ] } },
{ "type": "Feature", "properties": { }, "geometry": { "type": "Polygon", "coordinates": [ [ [ 77.44124083321212, 23.224446655554051 ], [ 77.441344933212108, 23.224448855553412 ], [ 77.441346833212108, 23.224371355575794 ], [ 77.441242733212121, 23.224369255576399 ], [ 77.44124083321212, 23.224446655554051 ] ] ] } },
{ "type": "Feature", "properties": { }, "geometry": { "type": "Polygon", "coordinates": [ [ [ 77.441154933212104, 23.224556455522347 ], [ 77.441327233212135, 23.224560155521278 ], [ 77.441329833212123, 23.224457255550991 ], [ 77.441157533212134, 23.22445355555206 ], [ 77.441154933212104, 23.224556455522347 ] ] ] } },
{ "type": "Feature", "properties": { }, "geometry": { "type": "Polygon", "coordinates": [ [ [ 77.441113933212094, 23.22400685568104 ], [ 77.441109233212117, 23.224088955657336 ], [ 77.441223933212115, 23.224094555655721 ], [ 77.44122863321212, 23.224012355679452 ], [ 77.441113933212094, 23.22400685568104 ] ] ] } },
{ "type": "Feature", "properties": { }, "geometry": { "type": "Polygon", "coordinates": [ [ [ 77.434107033212115, 23.226419754984281 ], [ 77.434088433212125, 23.226462654971897 ], [ 77.43405453321212, 23.226450354975452 ], [ 77.433974233212112, 23.22663685492159 ], [ 77.434047833212119, 23.226663554913884 ], [ 77.434128133212113, 23.226477054967738 ], [ 77.434120933212114, 23.226474454968493 ], [ 77.434142233212114, 23.226425254982697 ], [ 77.434136833212122, 23.22642335498325 ], [ 77.434156333212115, 23.226376154996881 ], [ 77.434099033212121, 23.226356155002655 ], [ 77.43407703321212, 23.22640925498732 ], [ 77.434107033212115, 23.226419754984281 ] ] ] } },
{ "type": "Feature", "properties": { }, "geometry": { "type": "Polygon", "coordinates": [ [ [ 77.438178633212118, 23.224672355488877 ], [ 77.438189233212114, 23.224618855504328 ], [ 77.438252033212123, 23.224633855499999 ], [ 77.438261433212119, 23.224600555509607 ], [ 77.438365633212101, 23.224621855503464 ], [ 77.438382633212115, 23.22455205552362 ], [ 77.438281033212121, 23.22453125552962 ], [ 77.438290633212119, 23.224497155539467 ], [ 77.438078733212095, 23.224446555554078 ], [ 77.43806903321213, 23.224481055544118 ], [ 77.4379606332121, 23.224455055551633 ], [ 77.43793963321211, 23.224529055530255 ], [ 77.438048133212121, 23.224555155522715 ], [ 77.438040133212112, 23.224583255514606 ], [ 77.438129433212112, 23.224604555508456 ], [ 77.4381181332121, 23.224661655491964 ], [ 77.438081533212113, 23.224655255493822 ], [ 77.43806203321212, 23.2247491554667 ], [ 77.438187033212117, 23.224771155460346 ], [ 77.438206533212096, 23.224677255487464 ], [ 77.438178633212118, 23.224672355488877 ] ] ] } },
{ "type": "Feature", "properties": { }, "geometry": { "type": "Polygon", "coordinates": [ [ [ 77.44247023321212, 23.224427055559712 ], [ 77.442606933212119, 23.224427655559541 ], [ 77.442607833212108, 23.224281055601868 ], [ 77.442471033212115, 23.224280355602072 ], [ 77.44247023321212, 23.224427055559712 ] ] ] } },
{ "type": "Feature", "properties": { }, "geometry": { "type": "Polygon", "coordinates": [ [ [ 77.434657533212118, 23.227478354678581 ], [ 77.434786433212111, 23.227531454663247 ], [ 77.434835133212118, 23.227431654692065 ], [ 77.434706233212111, 23.2273785547074 ], [ 77.434657533212118, 23.227478354678581 ] ] ] } },
{ "type": "Feature", "properties": { }, "geometry": { "type": "Polygon", "coordinates": [ [ [ 77.433640333212125, 23.226826554866815 ], [ 77.433609033212122, 23.226877654852057 ], [ 77.433775733212116, 23.226963954827134 ], [ 77.433807033212105, 23.226912954841861 ], [ 77.433640333212125, 23.226826554866815 ] ] ] } },
{ "type": "Feature", "properties": { }, "geometry": { "type": "Polygon", "coordinates": [ [ [ 77.434584433212109, 23.223938155700875 ], [ 77.434635433212108, 23.224057055666549 ], [ 77.434684933212111, 23.224039155671719 ], [ 77.434633933212126, 23.223920255706052 ], [ 77.434584433212109, 23.223938155700875 ] ] ] } },
{ "type": "Feature", "properties": { }, "geometry": { "type": "Polygon", "coordinates": [ [ [ 77.434148933212114, 23.225049455379988 ], [ 77.434213833212127, 23.225058955377243 ], [ 77.434237933212131, 23.224920355417268 ], [ 77.434173133212099, 23.224910855420013 ], [ 77.434148933212114, 23.225049455379988 ] ] ] } },
{ "type": "Feature", "properties": { }, "geometry": { "type": "Polygon", "coordinates": [ [ [ 77.436578033212115, 23.225191255339045 ], [ 77.436551033212112, 23.225260455319059 ], [ 77.436688833212116, 23.225305855305951 ], [ 77.436715833212119, 23.225236655325933 ], [ 77.436578033212115, 23.225191255339045 ] ] ] } },
{ "type": "Feature", "properties": { }, "geometry": { "type": "Polygon", "coordinates": [ [ [ 77.434046233212129, 23.224278855602503 ], [ 77.433987433212096, 23.224384955571868 ], [ 77.434065033212107, 23.224421255561381 ], [ 77.434123833212126, 23.224315255591996 ], [ 77.434046233212129, 23.224278855602503 ] ] ] } },
{ "type": "Feature", "properties": { }, "geometry": { "type": "Polygon", "coordinates": [ [ [ 77.433910233212117, 23.225980855111025 ], [ 77.433968233212113, 23.225992455107683 ], [ 77.433988333212113, 23.225907355132257 ], [ 77.433930333212132, 23.225895855135573 ], [ 77.433910233212117, 23.225980855111025 ] ] ] } },
{ "type": "Feature", "properties": { }, "geometry": { "type": "Polygon", "coordinates": [ [ [ 77.434021933212122, 23.228898254268515 ], [ 77.434123733212104, 23.228939454256619 ], [ 77.434160633212102, 23.228862454278854 ], [ 77.434058733212112, 23.228821254290754 ], [ 77.434021933212122, 23.228898254268515 ] ] ] } },
{ "type": "Feature", "properties": { }, "geometry": { "type": "Polygon", "coordinates": [ [ [ 77.434384933212115, 23.227742354602341 ], [ 77.434356133212134, 23.227801954585129 ], [ 77.434499733212121, 23.227860454568233 ], [ 77.434528533212116, 23.227800854585446 ], [ 77.434384933212115, 23.227742354602341 ] ] ] } },
{ "type": "Feature", "properties": { }, "geometry": { "type": "Polygon", "coordinates": [ [ [ 77.436788933212114, 23.225088255368782 ], [ 77.436899033212114, 23.225133055355851 ], [ 77.436930233212109, 23.225068355374528 ], [ 77.436820133212095, 23.225023555387466 ], [ 77.436788933212114, 23.225088255368782 ] ] ] } },
{ "type": "Feature", "properties": { }, "geometry": { "type": "Polygon", "coordinates": [ [ [ 77.434755333212109, 23.226424254982994 ], [ 77.43485203321211, 23.226464054971494 ], [ 77.434883233212105, 23.22640015498995 ], [ 77.434786533212119, 23.226360355001439 ], [ 77.434755333212109, 23.226424254982994 ] ] ] } },
{ "type": "Feature", "properties": { }, "geometry": { "type": "Polygon", "coordinates": [ [ [ 77.43455863321212, 23.227316154725425 ], [ 77.434517033212117, 23.227397454701944 ], [ 77.434656933212111, 23.227457854684502 ], [ 77.43469843321212, 23.22737655470798 ], [ 77.43455863321212, 23.227316154725425 ] ] ] } },
{ "type": "Feature", "properties": { }, "geometry": { "type": "Polygon", "coordinates": [ [ [ 77.434260533212111, 23.228030254519197 ], [ 77.434373133212119, 23.228070954507448 ], [ 77.434408633212115, 23.227987754531473 ], [ 77.434296033212135, 23.227947154543195 ], [ 77.434260533212111, 23.228030254519197 ] ] ] } },
{ "type": "Feature", "properties": { }, "geometry": { "type": "Polygon", "coordinates": [ [ [ 77.434591533212114, 23.226488254964508 ], [ 77.43464863321212, 23.226510854957983 ], [ 77.43468813321212, 23.226426454982349 ], [ 77.434631133212108, 23.226403854988881 ], [ 77.434591533212114, 23.226488254964508 ] ] ] } },
{ "type": "Feature", "properties": { }, "geometry": { "type": "Polygon", "coordinates": [ [ [ 77.43412913321211, 23.228714054321706 ], [ 77.434200933212111, 23.228744154313027 ], [ 77.434239833212104, 23.228665854335635 ], [ 77.434168033212117, 23.228635754344332 ], [ 77.43412913321211, 23.228714054321706 ] ] ] } },
{ "type": "Feature", "properties": { }, "geometry": { "type": "Polygon", "coordinates": [ [ [ 77.433901133212117, 23.226511654957747 ], [ 77.433973233212114, 23.226539554949689 ], [ 77.434000033212115, 23.226481054966591 ], [ 77.433927933212118, 23.226453154974646 ], [ 77.433901133212117, 23.226511654957747 ] ] ] } },
{ "type": "Feature", "properties": { }, "geometry": { "type": "Polygon", "coordinates": [ [ [ 77.433533033212115, 23.226382654995007 ], [ 77.433558233212096, 23.226406254988184 ], [ 77.433607533212111, 23.226361855001009 ], [ 77.433582333212129, 23.226338255007821 ], [ 77.433533033212115, 23.226382654995007 ] ] ] } },
{ "type": "Feature", "properties": { }, "geometry": { "type": "Polygon", "coordinates": [ [ [ 77.442453633212111, 23.224028655674751 ], [ 77.442455633212134, 23.224204755623894 ], [ 77.442644833212128, 23.224202855624448 ], [ 77.442642833212133, 23.2240267556753 ], [ 77.442453633212111, 23.224028655674751 ] ] ] } },
{ "type": "Feature", "properties": { }, "geometry": { "type": "Polygon", "coordinates": [ [ [ 77.433942133212113, 23.227391654703617 ], [ 77.433999133212097, 23.227411754697812 ], [ 77.434184233212108, 23.226968054825949 ], [ 77.434127133212101, 23.226947954831751 ], [ 77.433942133212113, 23.227391654703617 ] ] ] } },
{ "type": "Feature", "properties": { }, "geometry": { "type": "Polygon", "coordinates": [ [ [ 77.434622033212108, 23.227575554650514 ], [ 77.434739233212113, 23.227619254637894 ], [ 77.43477813321212, 23.227531154663335 ], [ 77.434660933212101, 23.227487454675956 ], [ 77.434622033212108, 23.227575554650514 ] ] ] } },
{ "type": "Feature", "properties": { }, "geometry": { "type": "Polygon", "coordinates": [ [ [ 77.433676533212108, 23.226748354889391 ], [ 77.433644133212113, 23.226805154872991 ], [ 77.433771933212128, 23.226866654855236 ], [ 77.433804333212109, 23.226809854871632 ], [ 77.433676533212108, 23.226748354889391 ] ] ] } },
{ "type": "Feature", "properties": { }, "geometry": { "type": "Polygon", "coordinates": [ [ [ 77.433884733212111, 23.226255055031849 ], [ 77.433940733212111, 23.22629765501955 ], [ 77.434011133212096, 23.226219655042069 ], [ 77.433955133212109, 23.226177055054379 ], [ 77.433884733212111, 23.226255055031849 ] ] ] } },
{ "type": "Feature", "properties": { }, "geometry": { "type": "Polygon", "coordinates": [ [ [ 77.43453653321211, 23.224909555420385 ], [ 77.434020233212109, 23.224788155455443 ], [ 77.434005133212096, 23.224842455439767 ], [ 77.434521433212112, 23.224963855404702 ], [ 77.43453653321211, 23.224909555420385 ] ] ] } },
{ "type": "Feature", "properties": { }, "geometry": { "type": "Polygon", "coordinates": [ [ [ 77.436490233212098, 23.225406255276955 ], [ 77.43662893321212, 23.225452655263556 ], [ 77.436679933212105, 23.225323855300751 ], [ 77.436541133212131, 23.225277455314149 ], [ 77.436490233212098, 23.225406255276955 ] ] ] } },
{ "type": "Feature", "properties": { }, "geometry": { "type": "Polygon", "coordinates": [ [ [ 77.434186033212114, 23.225143255352901 ], [ 77.43416313321211, 23.225226955328733 ], [ 77.43429933321211, 23.225258555319609 ], [ 77.434322333212123, 23.225174855343777 ], [ 77.434186033212114, 23.225143255352901 ] ] ] } },
{ "type": "Feature", "properties": { }, "geometry": { "type": "Polygon", "coordinates": [ [ [ 77.434421833212099, 23.227633854633673 ], [ 77.434373833212106, 23.227731054605602 ], [ 77.434521333212118, 23.227792654587812 ], [ 77.434569433212104, 23.227695454615887 ], [ 77.434421833212099, 23.227633854633673 ] ] ] } },
{ "type": "Feature", "properties": { }, "geometry": { "type": "Polygon", "coordinates": [ [ [ 77.433889133212134, 23.224249955610848 ], [ 77.433938733212102, 23.224272855604234 ], [ 77.434003733212109, 23.224153855638598 ], [ 77.433954133212112, 23.224130955645212 ], [ 77.433889133212134, 23.224249955610848 ] ] ] } },
{ "type": "Feature", "properties": { }, "geometry": { "type": "Polygon", "coordinates": [ [ [ 77.43397123321212, 23.228625954347155 ], [ 77.434102833212108, 23.228682954330704 ], [ 77.434147133212107, 23.228596654355623 ], [ 77.434015533212118, 23.228539654372078 ], [ 77.43397123321212, 23.228625954347155 ] ] ] } },
{ "type": "Feature", "properties": { }, "geometry": { "type": "Polygon", "coordinates": [ [ [ 77.433839833212119, 23.225969755114239 ], [ 77.433892133212112, 23.2259816551108 ], [ 77.433915633212123, 23.225894155136064 ], [ 77.433863333212116, 23.225882255139506 ], [ 77.433839833212119, 23.225969755114239 ] ] ] } },
{ "type": "Feature", "properties": { }, "geometry": { "type": "Polygon", "coordinates": [ [ [ 77.433626633212114, 23.224973055402049 ], [ 77.433736633212121, 23.225017755389143 ], [ 77.433787633212134, 23.22491175541975 ], [ 77.433677533212119, 23.224867055432661 ], [ 77.433626633212114, 23.224973055402049 ] ] ] } },
{ "type": "Feature", "properties": { }, "geometry": { "type": "Polygon", "coordinates": [ [ [ 77.434604233212113, 23.227223754752107 ], [ 77.434565733212111, 23.227293454731974 ], [ 77.434703233212119, 23.227357554713468 ], [ 77.434741733212107, 23.227287854733596 ], [ 77.434604233212113, 23.227223754752107 ] ] ] } },
{ "type": "Feature", "properties": { }, "geometry": { "type": "Polygon", "coordinates": [ [ [ 77.433934033212097, 23.228744254312996 ], [ 77.43406283321211, 23.228800254296818 ], [ 77.434103633212104, 23.228721054319692 ], [ 77.433974933212113, 23.228665054335863 ], [ 77.433934033212097, 23.228744254312996 ] ] ] } },
{ "type": "Feature", "properties": { }, "geometry": { "type": "Polygon", "coordinates": [ [ [ 77.434315233212118, 23.227893854558591 ], [ 77.43429563321213, 23.227939254545472 ], [ 77.43441693321212, 23.227983654532657 ], [ 77.434436633212101, 23.227938254545769 ], [ 77.434315233212118, 23.227893854558591 ] ] ] } },
{ "type": "Feature", "properties": { }, "geometry": { "type": "Polygon", "coordinates": [ [ [ 77.433478433212116, 23.22603315509593 ], [ 77.433555833212097, 23.226049855091105 ], [ 77.433576633212112, 23.225968555114584 ], [ 77.433499233212103, 23.225951855119401 ], [ 77.433478433212116, 23.22603315509593 ] ] ] } },
{ "type": "Feature", "properties": { }, "geometry": { "type": "Polygon", "coordinates": [ [ [ 77.434709733212117, 23.226541154949231 ], [ 77.434762233212098, 23.226562954942931 ], [ 77.434795433212116, 23.226495654962367 ], [ 77.434742833212127, 23.226473754968694 ], [ 77.434709733212117, 23.226541154949231 ] ] ] } },
{ "type": "Feature", "properties": { }, "geometry": { "type": "Polygon", "coordinates": [ [ [ 77.436932433212121, 23.225071055373753 ], [ 77.437046333212095, 23.225117655360293 ], [ 77.437072433212094, 23.225063755375864 ], [ 77.43695853321212, 23.225017055389344 ], [ 77.436932433212121, 23.225071055373753 ] ] ] } },
{ "type": "Feature", "properties": { }, "geometry": { "type": "Polygon", "coordinates": [ [ [ 77.434232733212113, 23.225055655378195 ], [ 77.434297533212117, 23.225068655374436 ], [ 77.434328333212108, 23.224939255411812 ], [ 77.434263633212126, 23.224926255415564 ], [ 77.434232733212113, 23.225055655378195 ] ] ] } },
{ "type": "Feature", "properties": { }, "geometry": { "type": "Polygon", "coordinates": [ [ [ 77.434481833212118, 23.227887954560291 ], [ 77.4344347332121, 23.22799105453052 ], [ 77.4345709332121, 23.228043654515325 ], [ 77.434618133212112, 23.227940554545103 ], [ 77.434481833212118, 23.227887954560291 ] ] ] } },
{ "type": "Feature", "properties": { }, "geometry": { "type": "Polygon", "coordinates": [ [ [ 77.43459853321211, 23.227645254630382 ], [ 77.434681733212116, 23.22768585461866 ], [ 77.434704633212121, 23.227646354630064 ], [ 77.434621433212115, 23.227605654641817 ], [ 77.43459853321211, 23.227645254630382 ] ] ] } },
{ "type": "Feature", "properties": { }, "geometry": { "type": "Polygon", "coordinates": [ [ [ 77.433380133212111, 23.228761754307946 ], [ 77.433425333212114, 23.228780554302507 ], [ 77.433496433212113, 23.228636354344154 ], [ 77.433451233212111, 23.228617554349587 ], [ 77.433380133212111, 23.228761754307946 ] ] ] } },
{ "type": "Feature", "properties": { }, "geometry": { "type": "Polygon", "coordinates": [ [ [ 77.434466833212099, 23.227517954667146 ], [ 77.434523633212109, 23.227543454659777 ], [ 77.434573933212121, 23.227448554687189 ], [ 77.434517133212111, 23.227423054694555 ], [ 77.434466833212099, 23.227517954667146 ] ] ] } },
{ "type": "Feature", "properties": { }, "geometry": { "type": "Polygon", "coordinates": [ [ [ 77.433838533212111, 23.226088055080073 ], [ 77.433775833212124, 23.226143955063932 ], [ 77.433865033212129, 23.226228355039556 ], [ 77.433927633212107, 23.226172455055696 ], [ 77.433838533212111, 23.226088055080073 ] ] ] } },
{ "type": "Feature", "properties": { }, "geometry": { "type": "Polygon", "coordinates": [ [ [ 77.433688633212114, 23.228108654496552 ], [ 77.433807133212127, 23.228147454485352 ], [ 77.433850633212131, 23.228035354517719 ], [ 77.433732233212098, 23.227996454528956 ], [ 77.433688633212114, 23.228108654496552 ] ] ] } },
{ "type": "Feature", "properties": { }, "geometry": { "type": "Polygon", "coordinates": [ [ [ 77.43403903321213, 23.225188055339967 ], [ 77.434155633212114, 23.225213955332489 ], [ 77.434174733212103, 23.225141355353447 ], [ 77.434058033212111, 23.225115455360935 ], [ 77.43403903321213, 23.225188055339967 ] ] ] } },
{ "type": "Feature", "properties": { }, "geometry": { "type": "Polygon", "coordinates": [ [ [ 77.434471933212109, 23.227541954660211 ], [ 77.434424533212109, 23.227628554635199 ], [ 77.434548833212091, 23.227685954618625 ], [ 77.434596233212119, 23.227599354643637 ], [ 77.434471933212109, 23.227541954660211 ] ] ] } },
{ "type": "Feature", "properties": { }, "geometry": { "type": "Polygon", "coordinates": [ [ [ 77.433970633212112, 23.226047455091795 ], [ 77.434074433212132, 23.226119255071069 ], [ 77.434113133212122, 23.226072055084693 ], [ 77.434009333212117, 23.226000155105456 ], [ 77.433970633212112, 23.226047455091795 ] ] ] } },
{ "type": "Feature", "properties": { }, "geometry": { "type": "Polygon", "coordinates": [ [ [ 77.434660933212101, 23.226520954955063 ], [ 77.434704033212114, 23.226536254950645 ], [ 77.434732333212125, 23.226469154970022 ], [ 77.434689233212112, 23.226453854974437 ], [ 77.434660933212101, 23.226520954955063 ] ] ] } },
{ "type": "Feature", "properties": { }, "geometry": { "type": "Polygon", "coordinates": [ [ [ 77.43687373321211, 23.225033755384519 ], [ 77.4369270332121, 23.225055755378172 ], [ 77.436957533212095, 23.224993555396132 ], [ 77.436904233212118, 23.224971455402514 ], [ 77.43687373321211, 23.225033755384519 ] ] ] } },
{ "type": "Feature", "properties": { }, "geometry": { "type": "Polygon", "coordinates": [ [ [ 77.43464713321211, 23.227117754782718 ], [ 77.434609133212106, 23.22719315476094 ], [ 77.434729133212116, 23.227244254746186 ], [ 77.434767233212114, 23.227168854767957 ], [ 77.43464713321211, 23.227117754782718 ] ] ] } },
{ "type": "Feature", "properties": { }, "geometry": { "type": "Polygon", "coordinates": [ [ [ 77.434337333212113, 23.225198555336931 ], [ 77.434316733212114, 23.225273655315249 ], [ 77.434428033212114, 23.225299555307771 ], [ 77.434448733212108, 23.225224455329453 ], [ 77.434337333212113, 23.225198555336931 ] ] ] } },
{ "type": "Feature", "properties": { }, "geometry": { "type": "Polygon", "coordinates": [ [ [ 77.43370743321212, 23.224471155546976 ], [ 77.433676433212099, 23.224535155528493 ], [ 77.433791133212111, 23.224581955514982 ], [ 77.43382203321211, 23.224517955533461 ], [ 77.43370743321212, 23.224471155546976 ] ] ] } },
{ "type": "Feature", "properties": { }, "geometry": { "type": "Polygon", "coordinates": [ [ [ 77.433744633212115, 23.22594575512117 ], [ 77.433822833212133, 23.225964355115796 ], [ 77.433847633212096, 23.225876255141241 ], [ 77.43376943321212, 23.225857655146608 ], [ 77.433744633212115, 23.22594575512117 ] ] ] } },
{ "type": "Feature", "properties": { }, "geometry": { "type": "Polygon", "coordinates": [ [ [ 77.433814133212124, 23.226311355015586 ], [ 77.433865533212114, 23.226353655003376 ], [ 77.433919133212115, 23.226298655019257 ], [ 77.433867733212111, 23.22625635503147 ], [ 77.433814133212124, 23.226311355015586 ] ] ] } },
{ "type": "Feature", "properties": { }, "geometry": { "type": "Polygon", "coordinates": [ [ [ 77.43339523321211, 23.22601225510196 ], [ 77.433466833212108, 23.226029355097026 ], [ 77.433489633212119, 23.22594865512033 ], [ 77.433418033212106, 23.225931555125271 ], [ 77.43339523321211, 23.22601225510196 ] ] ] } },
{ "type": "Feature", "properties": { }, "geometry": { "type": "Polygon", "coordinates": [ [ [ 77.433598333212117, 23.224697255481686 ], [ 77.43366363321212, 23.22472835547271 ], [ 77.433713233212117, 23.224640155498179 ], [ 77.433648033212108, 23.224609155507128 ], [ 77.433598333212117, 23.224697255481686 ] ] ] } },
{ "type": "Feature", "properties": { }, "geometry": { "type": "Polygon", "coordinates": [ [ [ 77.434215633212119, 23.228510054380635 ], [ 77.434302333212116, 23.22854325437104 ], [ 77.434339133212106, 23.228461854394553 ], [ 77.434252533212117, 23.228428754404113 ], [ 77.434215633212119, 23.228510054380635 ] ] ] } },
{ "type": "Feature", "properties": { }, "geometry": { "type": "Polygon", "coordinates": [ [ [ 77.43438263321211, 23.22811135449578 ], [ 77.434516933212123, 23.228162654480954 ], [ 77.434568833212126, 23.228047854514113 ], [ 77.434434533212112, 23.227996654528901 ], [ 77.43438263321211, 23.22811135449578 ] ] ] } },
{ "type": "Feature", "properties": { }, "geometry": { "type": "Polygon", "coordinates": [ [ [ 77.434261933212099, 23.226632154922953 ], [ 77.434311033212111, 23.226650254917725 ], [ 77.434404233212106, 23.226437054979293 ], [ 77.434355133212094, 23.226418954984521 ], [ 77.434261933212099, 23.226632154922953 ] ] ] } },
{ "type": "Feature", "properties": { }, "geometry": { "type": "Polygon", "coordinates": [ [ [ 77.433805733212125, 23.227874154564276 ], [ 77.433899233212117, 23.227905754555149 ], [ 77.433932733212117, 23.227822254579273 ], [ 77.433839233212112, 23.22779055458842 ], [ 77.433805733212125, 23.227874154564276 ] ] ] } },
{ "type": "Feature", "properties": { }, "geometry": { "type": "Polygon", "coordinates": [ [ [ 77.434536033212112, 23.227560954654727 ], [ 77.434611033212121, 23.227588054646894 ], [ 77.434653133212109, 23.227489554675348 ], [ 77.434578133212128, 23.227462454683177 ], [ 77.434536033212112, 23.227560954654727 ] ] ] } },
{ "type": "Feature", "properties": { }, "geometry": { "type": "Polygon", "coordinates": [ [ [ 77.43394913321211, 23.226068955085594 ], [ 77.433902733212108, 23.226119855070891 ], [ 77.434010033212118, 23.226202455047041 ], [ 77.43405643321212, 23.226151555061737 ], [ 77.43394913321211, 23.226068955085594 ] ] ] } },
{ "type": "Feature", "properties": { }, "geometry": { "type": "Polygon", "coordinates": [ [ [ 77.434111433212109, 23.228376954419069 ], [ 77.434067333212113, 23.228457454395819 ], [ 77.434183333212118, 23.228511054380345 ], [ 77.434227433212115, 23.228430554403587 ], [ 77.434111433212109, 23.228376954419069 ] ] ] } },
{ "type": "Feature", "properties": { }, "geometry": { "type": "Polygon", "coordinates": [ [ [ 77.433624633212105, 23.22636225500089 ], [ 77.433678933212121, 23.226421054983909 ], [ 77.43373873321211, 23.226374354997397 ], [ 77.433684333212113, 23.226315555014381 ], [ 77.433624633212105, 23.22636225500089 ] ] ] } },
{ "type": "Feature", "properties": { }, "geometry": { "type": "Polygon", "coordinates": [ [ [ 77.436827833212121, 23.225015555389778 ], [ 77.436865633212108, 23.225029255385817 ], [ 77.436894433212117, 23.224962055405221 ], [ 77.436856633212116, 23.224948355409182 ], [ 77.436827833212121, 23.225015555389778 ] ] ] } },
{ "type": "Feature", "properties": { }, "geometry": { "type": "Polygon", "coordinates": [ [ [ 77.43371623321211, 23.226214455043571 ], [ 77.433806433212112, 23.226296355019922 ], [ 77.433854233212116, 23.22625195503274 ], [ 77.4337640332121, 23.226169955056427 ], [ 77.43371623321211, 23.226214455043571 ] ] ] } },
{ "type": "Feature", "properties": { }, "geometry": { "type": "Polygon", "coordinates": [ [ [ 77.434205933212112, 23.225671855200261 ], [ 77.434325033212119, 23.225695855193329 ], [ 77.434363933212111, 23.225533155240313 ], [ 77.434244833212119, 23.225509155247245 ], [ 77.434205933212112, 23.225671855200261 ] ] ] } },
{ "type": "Feature", "properties": { }, "geometry": { "type": "Polygon", "coordinates": [ [ [ 77.433858233212135, 23.224549355524395 ], [ 77.433830133212112, 23.224606755507821 ], [ 77.433931433212109, 23.224648655495724 ], [ 77.433959533212132, 23.224591255512294 ], [ 77.433858233212135, 23.224549355524395 ] ] ] } },
{ "type": "Feature", "properties": { }, "geometry": { "type": "Polygon", "coordinates": [ [ [ 77.433656733212104, 23.225927855126333 ], [ 77.433727333212119, 23.225946155121047 ], [ 77.433754133212119, 23.225858655146318 ], [ 77.433683633212098, 23.225840355151607 ], [ 77.433656733212104, 23.225927855126333 ] ] ] } },
{ "type": "Feature", "properties": { }, "geometry": { "type": "Polygon", "coordinates": [ [ [ 77.433238333212117, 23.225964855115649 ], [ 77.433381133212109, 23.225997455106238 ], [ 77.433400733212096, 23.225925155127115 ], [ 77.433257933212118, 23.225892455136563 ], [ 77.433238333212117, 23.225964855115649 ] ] ] } },
{ "type": "Feature", "properties": { }, "geometry": { "type": "Polygon", "coordinates": [ [ [ 77.434646833212113, 23.226397454990728 ], [ 77.434724433212097, 23.226428154981861 ], [ 77.434753933212122, 23.226365355 ], [ 77.43467633321211, 23.226334555008894 ], [ 77.434646833212113, 23.226397454990728 ] ] ] } },
{ "type": "Feature", "properties": { }, "geometry": { "type": "Polygon", "coordinates": [ [ [ 77.433734233212121, 23.22477985545784 ], [ 77.433776833212107, 23.224799355452209 ], [ 77.433823833212116, 23.224712455477302 ], [ 77.433781133212108, 23.224692955482929 ], [ 77.433734233212121, 23.22477985545784 ] ] ] } },
{ "type": "Feature", "properties": { }, "geometry": { "type": "Polygon", "coordinates": [ [ [ 77.433572233212132, 23.224368555576604 ], [ 77.433622733212118, 23.224398955567821 ], [ 77.433678333212114, 23.22432095559035 ], [ 77.433627933212108, 23.224290555599129 ], [ 77.433572233212132, 23.224368555576604 ] ] ] } },
{ "type": "Feature", "properties": { }, "geometry": { "type": "Polygon", "coordinates": [ [ [ 77.434257933212109, 23.228386854416208 ], [ 77.434367433212117, 23.228429354403936 ], [ 77.434402233212111, 23.228353554425826 ], [ 77.434292833212098, 23.228311054438102 ], [ 77.434257933212109, 23.228386854416208 ] ] ] } },
{ "type": "Feature", "properties": { }, "geometry": { "type": "Polygon", "coordinates": [ [ [ 77.433454233212103, 23.228227254462308 ], [ 77.433536033212121, 23.228266054451097 ], [ 77.433556433212118, 23.228229754461584 ], [ 77.433474633212128, 23.228190954472787 ], [ 77.433454233212103, 23.228227254462308 ] ] ] } },
{ "type": "Feature", "properties": { }, "geometry": { "type": "Polygon", "coordinates": [ [ [ 77.434361433212118, 23.226193855049523 ], [ 77.434324833212131, 23.226277355025406 ], [ 77.434477633212126, 23.226333955009068 ], [ 77.434514233212113, 23.226250455033178 ], [ 77.434361433212118, 23.226193855049523 ] ] ] } },
{ "type": "Feature", "properties": { }, "geometry": { "type": "Polygon", "coordinates": [ [ [ 77.433754633212118, 23.227800154585651 ], [ 77.43380613321213, 23.227817554580625 ], [ 77.433914733212106, 23.227545154659303 ], [ 77.433863333212116, 23.227527854664284 ], [ 77.433754633212118, 23.227800154585651 ] ] ] } },
{ "type": "Feature", "properties": { }, "geometry": { "type": "Polygon", "coordinates": [ [ [ 77.434102033212113, 23.22836275442317 ], [ 77.434201533212118, 23.22840495441098 ], [ 77.434244533212123, 23.228319254435728 ], [ 77.434144933212096, 23.228277154447895 ], [ 77.434102033212113, 23.22836275442317 ] ] ] } },
{ "type": "Feature", "properties": { }, "geometry": { "type": "Polygon", "coordinates": [ [ [ 77.434316433212118, 23.226288955022063 ], [ 77.43427443321211, 23.226384954994337 ], [ 77.434447933212113, 23.226449054975824 ], [ 77.43448993321212, 23.22635305500355 ], [ 77.434316433212118, 23.226288955022063 ] ] ] } },
{ "type": "Feature", "properties": { }, "geometry": { "type": "Polygon", "coordinates": [ [ [ 77.433931733212134, 23.228758954308745 ], [ 77.433887333212112, 23.228837754285987 ], [ 77.434002633212117, 23.228892654270137 ], [ 77.434047033212124, 23.228813854292888 ], [ 77.433931733212134, 23.228758954308745 ] ] ] } },
{ "type": "Feature", "properties": { }, "geometry": { "type": "Polygon", "coordinates": [ [ [ 77.433738133212117, 23.226263055029538 ], [ 77.433683233212093, 23.226310755015767 ], [ 77.433758133212123, 23.226383554994744 ], [ 77.433813033212104, 23.226335755008552 ], [ 77.433738133212117, 23.226263055029538 ] ] ] } },
{ "type": "Feature", "properties": { }, "geometry": { "type": "Polygon", "coordinates": [ [ [ 77.434445333212111, 23.226911954842148 ], [ 77.434425933212111, 23.226951754830655 ], [ 77.43453653321211, 23.226997354817485 ], [ 77.43455593321211, 23.226957554828978 ], [ 77.434445333212111, 23.226911954842148 ] ] ] } },
{ "type": "Feature", "properties": { }, "geometry": { "type": "Polygon", "coordinates": [ [ [ 77.434884533212113, 23.224799255452236 ], [ 77.43494993321211, 23.22479965545212 ], [ 77.434950633212125, 23.224707255478801 ], [ 77.4348852332121, 23.224706855478917 ], [ 77.434884533212113, 23.224799255452236 ] ] ] } },
{ "type": "Feature", "properties": { }, "geometry": { "type": "Polygon", "coordinates": [ [ [ 77.43306203321211, 23.22592045512847 ], [ 77.433215833212117, 23.225958955117356 ], [ 77.433236633212118, 23.225888655137648 ], [ 77.433082733212117, 23.225850255148742 ], [ 77.43306203321211, 23.22592045512847 ] ] ] } },
{ "type": "Feature", "properties": { }, "geometry": { "type": "Polygon", "coordinates": [ [ [ 77.43455233321211, 23.226355555002826 ], [ 77.434618633212111, 23.226382354995089 ], [ 77.434650833212132, 23.22631515501449 ], [ 77.434584433212109, 23.226288355022234 ], [ 77.43455233321211, 23.226355555002826 ] ] ] } },
{ "type": "Feature", "properties": { }, "geometry": { "type": "Polygon", "coordinates": [ [ [ 77.433519933212111, 23.224503155537736 ], [ 77.43357123321212, 23.224526055531118 ], [ 77.433625233212112, 23.224423755560661 ], [ 77.433573933212102, 23.224400855567271 ], [ 77.433519933212111, 23.224503155537736 ] ] ] } },
{ "type": "Feature", "properties": { }, "geometry": { "type": "Polygon", "coordinates": [ [ [ 77.434736533212103, 23.227249654744625 ], [ 77.434899633212098, 23.22731695472519 ], [ 77.434938533212119, 23.227237454748149 ], [ 77.43477543321211, 23.227170154767585 ], [ 77.434736533212103, 23.227249654744625 ] ] ] } },
{ "type": "Feature", "properties": { }, "geometry": { "type": "Polygon", "coordinates": [ [ [ 77.433573133212107, 23.226952554830419 ], [ 77.433533933212132, 23.227018154811486 ], [ 77.433700633212112, 23.227102254787194 ], [ 77.43373983321213, 23.227036654806138 ], [ 77.433573133212107, 23.226952554830419 ] ] ] } },
{ "type": "Feature", "properties": { }, "geometry": { "type": "Polygon", "coordinates": [ [ [ 77.434794933212132, 23.22635245500372 ], [ 77.43492613321213, 23.226403254989059 ], [ 77.434969733212128, 23.226313855014872 ], [ 77.434839033212114, 23.2262607550302 ], [ 77.434794933212132, 23.22635245500372 ] ] ] } },
{ "type": "Feature", "properties": { }, "geometry": { "type": "Polygon", "coordinates": [ [ [ 77.434290733212109, 23.22830115444096 ], [ 77.434425433212098, 23.228351354426469 ], [ 77.434464333212119, 23.22826325445191 ], [ 77.434329633212116, 23.228213054466408 ], [ 77.434290733212109, 23.22830115444096 ] ] ] } },
{ "type": "Feature", "properties": { }, "geometry": { "type": "Polygon", "coordinates": [ [ [ 77.433164533212121, 23.227238954747715 ], [ 77.433286933212116, 23.227250954744253 ], [ 77.433296533212115, 23.227167654768301 ], [ 77.433174133212106, 23.227155654771774 ], [ 77.433164533212121, 23.227238954747715 ] ] ] } },
{ "type": "Feature", "properties": { }, "geometry": { "type": "Polygon", "coordinates": [ [ [ 77.434618033212118, 23.226562254943136 ], [ 77.434674333212115, 23.226587154935949 ], [ 77.434699433212131, 23.226539054949839 ], [ 77.43464313321212, 23.226514154957023 ], [ 77.434618033212118, 23.226562254943136 ] ] ] } },
{ "type": "Feature", "properties": { }, "geometry": { "type": "Polygon", "coordinates": [ [ [ 77.437239533212122, 23.225065755375283 ], [ 77.437207433212123, 23.225136355354895 ], [ 77.437435433212116, 23.225223855329624 ], [ 77.4374675332121, 23.225153255350012 ], [ 77.437239533212122, 23.225065755375283 ] ] ] } },
{ "type": "Feature", "properties": { }, "geometry": { "type": "Polygon", "coordinates": [ [ [ 77.44296373321211, 23.224618755504352 ], [ 77.443116633212128, 23.224619955504007 ], [ 77.443117833212128, 23.224486855542441 ], [ 77.44296493321211, 23.224485555542817 ], [ 77.44296373321211, 23.224618755504352 ] ] ] } },
{ "type": "Feature", "properties": { }, "geometry": { "type": "Polygon", "coordinates": [ [ [ 77.434152133212109, 23.228245354457076 ], [ 77.434269033212132, 23.228293154443271 ], [ 77.434309333212113, 23.2282099544673 ], [ 77.434192433212118, 23.228162154481108 ], [ 77.434152133212109, 23.228245354457076 ] ] ] } },
{ "type": "Feature", "properties": { }, "geometry": { "type": "Polygon", "coordinates": [ [ [ 77.437137233212113, 23.224566055519574 ], [ 77.437095633212124, 23.224647055496181 ], [ 77.437327433212118, 23.224747555467165 ], [ 77.437369033212121, 23.224666455490581 ], [ 77.437137233212113, 23.224566055519574 ] ] ] } },
{ "type": "Feature", "properties": { }, "geometry": { "type": "Polygon", "coordinates": [ [ [ 77.433712733212118, 23.226676254910213 ], [ 77.433837933212104, 23.226741754891304 ], [ 77.433873733212096, 23.22668395490799 ], [ 77.43374853321211, 23.226618454926911 ], [ 77.433712733212118, 23.226676254910213 ] ] ] } },
{ "type": "Feature", "properties": { }, "geometry": { "type": "Polygon", "coordinates": [ [ [ 77.44243983321212, 23.224634755499739 ], [ 77.442585433212116, 23.224637755498872 ], [ 77.442587133212101, 23.224566155519543 ], [ 77.442441633212098, 23.224563155520411 ], [ 77.44243983321212, 23.224634755499739 ] ] ] } },
{ "type": "Feature", "properties": { }, "geometry": { "type": "Polygon", "coordinates": [ [ [ 77.434828933212103, 23.224362955578222 ], [ 77.434836033212108, 23.224508755536117 ], [ 77.434895733212116, 23.224506355536811 ], [ 77.434888533212117, 23.224360555578915 ], [ 77.434828933212103, 23.224362955578222 ] ] ] } },
{ "type": "Feature", "properties": { }, "geometry": { "type": "Polygon", "coordinates": [ [ [ 77.434704333212096, 23.227366754710808 ], [ 77.434836933212097, 23.227424554694117 ], [ 77.434885533212125, 23.227330354721325 ], [ 77.434752833212116, 23.227272654737991 ], [ 77.434704333212096, 23.227366754710808 ] ] ] } },
{ "type": "Feature", "properties": { }, "geometry": { "type": "Polygon", "coordinates": [ [ [ 77.433608133212104, 23.226886354849544 ], [ 77.433573433212118, 23.226945254832533 ], [ 77.4337391332121, 23.227027754808713 ], [ 77.433773833212115, 23.22696895482569 ], [ 77.433608133212104, 23.226886354849544 ] ] ] } },
{ "type": "Feature", "properties": { }, "geometry": { "type": "Polygon", "coordinates": [ [ [ 77.434521433212112, 23.226427654982007 ], [ 77.434590533212116, 23.2264491549758 ], [ 77.434609533212097, 23.226397654990667 ], [ 77.434540433212121, 23.226376154996881 ], [ 77.434521433212112, 23.226427654982007 ] ] ] } },
{ "type": "Feature", "properties": { }, "geometry": { "type": "Polygon", "coordinates": [ [ [ 77.433527733212117, 23.227023154810034 ], [ 77.433489433212131, 23.22708395479248 ], [ 77.433648433212113, 23.227168354768107 ], [ 77.433686633212119, 23.227107554785665 ], [ 77.433527733212117, 23.227023154810034 ] ] ] } },
{ "type": "Feature", "properties": { }, "geometry": { "type": "Polygon", "coordinates": [ [ [ 77.433979933212129, 23.225993155107481 ], [ 77.434042333212133, 23.226006555103609 ], [ 77.434063033212098, 23.225924555127293 ], [ 77.434000733212102, 23.22591125513113 ], [ 77.433979933212129, 23.225993155107481 ] ] ] } },
{ "type": "Feature", "properties": { }, "geometry": { "type": "Polygon", "coordinates": [ [ [ 77.434414333212118, 23.226159955059313 ], [ 77.4344620332121, 23.226083955081258 ], [ 77.434382733212132, 23.226042055093359 ], [ 77.434335133212116, 23.226118055071414 ], [ 77.434414333212118, 23.226159955059313 ] ] ] } },
{ "type": "Feature", "properties": { }, "geometry": { "type": "Polygon", "coordinates": [ [ [ 77.434068933212117, 23.228466954393081 ], [ 77.434031133212116, 23.228535354373321 ], [ 77.434160533212108, 23.228595554355937 ], [ 77.434198233212115, 23.228527154375691 ], [ 77.434068933212117, 23.228466954393081 ] ] ] } },
{ "type": "Feature", "properties": { }, "geometry": { "type": "Polygon", "coordinates": [ [ [ 77.434201933212108, 23.228137854488121 ], [ 77.43429933321211, 23.228180054475935 ], [ 77.434342233212121, 23.228096254500134 ], [ 77.434244833212119, 23.228054054512331 ], [ 77.434201933212108, 23.228137854488121 ] ] ] } },
{ "type": "Feature", "properties": { }, "geometry": { "type": "Polygon", "coordinates": [ [ [ 77.437398033212105, 23.224674455488273 ], [ 77.437356633212104, 23.224754255465228 ], [ 77.437585933212134, 23.224854655436236 ], [ 77.437627333212134, 23.22477485545928 ], [ 77.437398033212105, 23.224674455488273 ] ] ] } },
{ "type": "Feature", "properties": { }, "geometry": { "type": "Polygon", "coordinates": [ [ [ 77.433500833212108, 23.226484654965542 ], [ 77.433544633212108, 23.226529654952554 ], [ 77.433597233212097, 23.226486554965 ], [ 77.43355353321212, 23.226441454978019 ], [ 77.433500833212108, 23.226484654965542 ] ] ] } },
{ "type": "Feature", "properties": { }, "geometry": { "type": "Polygon", "coordinates": [ [ [ 77.438356633212123, 23.224818055446807 ], [ 77.438514033212115, 23.224849655437684 ], [ 77.438559633212108, 23.224658055493009 ], [ 77.438402233212102, 23.224626455502129 ], [ 77.438356633212123, 23.224818055446807 ] ] ] } },
{ "type": "Feature", "properties": { }, "geometry": { "type": "Polygon", "coordinates": [ [ [ 77.433603033212108, 23.22639135499249 ], [ 77.433555833212097, 23.226433254980389 ], [ 77.433656433212121, 23.226529054952724 ], [ 77.433703733212113, 23.226487054964853 ], [ 77.433603033212108, 23.22639135499249 ] ] ] } },
{ "type": "Feature", "properties": { }, "geometry": { "type": "Polygon", "coordinates": [ [ [ 77.434770533212117, 23.2271645547692 ], [ 77.434958733212099, 23.22724415474622 ], [ 77.435007633212123, 23.2271465547744 ], [ 77.434819433212127, 23.227066954797383 ], [ 77.434770533212117, 23.2271645547692 ] ] ] } },
{ "type": "Feature", "properties": { }, "geometry": { "type": "Polygon", "coordinates": [ [ [ 77.433713433212105, 23.226686754907181 ], [ 77.433680133212121, 23.22674515489032 ], [ 77.43380933321211, 23.226807354872356 ], [ 77.433842733212117, 23.226748954889224 ], [ 77.433713433212105, 23.226686754907181 ] ] ] } },
{ "type": "Feature", "properties": { }, "geometry": { "type": "Polygon", "coordinates": [ [ [ 77.434510433212111, 23.226743754890723 ], [ 77.43447413321212, 23.226820754868481 ], [ 77.43456503321211, 23.226856854858063 ], [ 77.43457833321213, 23.226828454866261 ], [ 77.434521533212106, 23.226805954872759 ], [ 77.434544433212096, 23.22675725488682 ], [ 77.434510433212111, 23.226743754890723 ] ] ] } },
{ "type": "Feature", "properties": { }, "geometry": { "type": "Polygon", "coordinates": [ [ [ 77.433738833212118, 23.227958654539876 ], [ 77.433617233212118, 23.227908254554425 ], [ 77.43358393321212, 23.227975954534873 ], [ 77.433660633212114, 23.228007754525699 ], [ 77.433559533212104, 23.228237654459303 ], [ 77.433614433212128, 23.228258054453413 ], [ 77.433738833212118, 23.227958654539876 ] ] ] } },
{ "type": "Feature", "properties": { }, "geometry": { "type": "Polygon", "coordinates": [ [ [ 77.433381233212117, 23.224759055463842 ], [ 77.433450433212116, 23.224791255454544 ], [ 77.433567733212115, 23.224578155516074 ], [ 77.433498533212116, 23.224546055525348 ], [ 77.433470133212111, 23.224597655510451 ], [ 77.433453533212116, 23.224589955512673 ], [ 77.433431033212116, 23.224630755500893 ], [ 77.433447633212126, 23.224638455498667 ], [ 77.433381233212117, 23.224759055463842 ] ] ] } },
{ "type": "Feature", "properties": { }, "geometry": { "type": "Polygon", "coordinates": [ [ [ 77.442448733212117, 23.225314455303469 ], [ 77.442619033212111, 23.225315655303124 ], [ 77.442620133212117, 23.225182655341527 ], [ 77.442449833212123, 23.225181455341872 ], [ 77.442449633212121, 23.225206655334592 ], [ 77.44243153321213, 23.225206455334646 ], [ 77.442431033212117, 23.225266255317383 ], [ 77.442449133212108, 23.225266355317352 ], [ 77.442448733212117, 23.225314455303469 ] ] ] } },
{ "type": "Feature", "properties": { }, "geometry": { "type": "Polygon", "coordinates": [ [ [ 77.442963033212109, 23.22404625566967 ], [ 77.442962333212108, 23.224184255629822 ], [ 77.443113133212094, 23.224184955629614 ], [ 77.443113333212111, 23.22415595563799 ], [ 77.443147933212131, 23.224156055637959 ], [ 77.443148133212105, 23.224101855653615 ], [ 77.443113533212127, 23.224101755653642 ], [ 77.443113833212109, 23.224046855669499 ], [ 77.442963033212109, 23.22404625566967 ] ] ] } },
{ "type": "Feature", "properties": { }, "geometry": { "type": "Polygon", "coordinates": [ [ [ 77.433511233212116, 23.225412655275107 ], [ 77.433513433212113, 23.225403255277822 ], [ 77.433437133212124, 23.225388355282128 ], [ 77.433384833212131, 23.225613855217009 ], [ 77.43346113321212, 23.22562885521268 ], [ 77.433492433212109, 23.225493655251721 ], [ 77.433649033212134, 23.225523955242966 ], [ 77.43366763321211, 23.225442855266387 ], [ 77.433511233212116, 23.225412655275107 ] ] ] } },
{ "type": "Feature", "properties": { }, "geometry": { "type": "Polygon", "coordinates": [ [ [ 77.437273733212123, 23.223907255709808 ], [ 77.437207733212119, 23.22403745567221 ], [ 77.437514133212105, 23.224168655634326 ], [ 77.437580133212123, 23.224038555671889 ], [ 77.437355933212132, 23.223942455699643 ], [ 77.437367533212111, 23.223919555706249 ], [ 77.437330933212095, 23.223903855710784 ], [ 77.437319333212116, 23.223926855704136 ], [ 77.437273733212123, 23.223907255709808 ] ] ] } },
{ "type": "Feature", "properties": { }, "geometry": { "type": "Polygon", "coordinates": [ [ [ 77.442459733212118, 23.225571755229165 ], [ 77.442616633212126, 23.225575455228103 ], [ 77.442620733212124, 23.225426255271184 ], [ 77.442455033212113, 23.22542245527228 ], [ 77.442454333212112, 23.225450355264222 ], [ 77.442423333212119, 23.225449655264423 ], [ 77.442421733212115, 23.225506355248051 ], [ 77.442461533212111, 23.225507255247791 ], [ 77.442459733212118, 23.225571755229165 ] ] ] } },
{ "type": "Feature", "properties": { }, "geometry": { "type": "Polygon", "coordinates": [ [ [ 77.430359433212118, 23.238824951401043 ], [ 77.43050343321211, 23.238827851400206 ], [ 77.430505233212116, 23.238750851422456 ], [ 77.430361233212111, 23.238747951423296 ], [ 77.430359433212118, 23.238824951401043 ] ] ] } },
{ "type": "Feature", "properties": { }, "geometry": { "type": "Polygon", "coordinates": [ [ [ 77.426849933212111, 23.226826554866815 ], [ 77.427031433212107, 23.226816454869727 ], [ 77.427039633212118, 23.226946354832215 ], [ 77.426859133212119, 23.226957254829063 ], [ 77.426849933212111, 23.226826554866815 ] ] ] } },
{ "type": "Feature", "properties": { }, "geometry": { "type": "Polygon", "coordinates": [ [ [ 77.443957833212096, 23.228875154275194 ], [ 77.443429433212103, 23.228897354268774 ], [ 77.443448233212109, 23.229308954149904 ], [ 77.443973933212106, 23.229294154154175 ], [ 77.443957833212096, 23.228875154275194 ] ] ] } },
{ "type": "Feature", "properties": { }, "geometry": { "type": "Polygon", "coordinates": [ [ [ 77.432138533212097, 23.22733105472112 ], [ 77.432005133212101, 23.227383254706044 ], [ 77.432074933212121, 23.227533654662608 ], [ 77.432208233212108, 23.227481454677687 ], [ 77.432138533212097, 23.22733105472112 ] ] ] } },
{ "type": "Feature", "properties": { }, "geometry": { "type": "Polygon", "coordinates": [ [ [ 77.440022633212109, 23.234070452774599 ], [ 77.440125333212094, 23.234052252779851 ], [ 77.440089633212111, 23.233882252828963 ], [ 77.439986933212111, 23.233900452823704 ], [ 77.440022633212109, 23.234070452774599 ] ] ] } },
{ "type": "Feature", "properties": { }, "geometry": { "type": "Polygon", "coordinates": [ [ [ 77.437803233212108, 23.237792551699318 ], [ 77.437795033212097, 23.237874051675774 ], [ 77.437941333212109, 23.237886451672193 ], [ 77.437960533212134, 23.23769395172781 ], [ 77.437682933212102, 23.237670551734567 ], [ 77.437671933212116, 23.237781451702528 ], [ 77.437803233212108, 23.237792551699318 ] ] ] } },
{ "type": "Feature", "properties": { }, "geometry": { "type": "Polygon", "coordinates": [ [ [ 77.431898044282818, 23.240894901073087 ], [ 77.431523644282805, 23.239648801553155 ], [ 77.431313444282821, 23.239702101532622 ], [ 77.431687844282806, 23.240948201052561 ], [ 77.431898044282818, 23.240894901073087 ] ] ] } },
{ "type": "Feature", "properties": { }, "geometry": { "type": "Polygon", "coordinates": [ [ [ 77.432248044282815, 23.23208200446777 ], [ 77.432090144282824, 23.231952704517564 ], [ 77.431158744282826, 23.232913304147605 ], [ 77.431316844282819, 23.233042604097808 ], [ 77.432248044282815, 23.23208200446777 ] ] ] } },
{ "type": "Feature", "properties": { }, "geometry": { "type": "Polygon", "coordinates": [ [ [ 77.435029244282802, 23.228344005907253 ], [ 77.435601544282818, 23.227152306366129 ], [ 77.435407944282801, 23.227073706396389 ], [ 77.434835344282803, 23.22826540593752 ], [ 77.435029244282802, 23.228344005907253 ] ] ] } },
{ "type": "Feature", "properties": { }, "geometry": { "type": "Polygon", "coordinates": [ [ [ 77.435091933212121, 23.229065054220346 ], [ 77.43527363321212, 23.229143254197755 ], [ 77.435346133212107, 23.228964554249369 ], [ 77.435197233212108, 23.228877054274637 ], [ 77.435091933212121, 23.229065054220346 ] ] ] } },
{ "type": "Feature", "properties": { }, "geometry": { "type": "Polygon", "coordinates": [ [ [ 77.43094153321212, 23.230396053835925 ], [ 77.430899933212118, 23.230570953785413 ], [ 77.43106433321212, 23.230603953775883 ], [ 77.431105933212123, 23.230429153826371 ], [ 77.43094153321212, 23.230396053835925 ] ] ] } },
{ "type": "Feature", "properties": { }, "geometry": { "type": "Polygon", "coordinates": [ [ [ 77.434219633212109, 23.227298954730387 ], [ 77.434263833212114, 23.227315554725596 ], [ 77.434279133212129, 23.227284154734665 ], [ 77.434318533212121, 23.227300354729991 ], [ 77.434301533212121, 23.227335454719849 ], [ 77.434356933212129, 23.227358154713297 ], [ 77.434376733212133, 23.227317554725015 ], [ 77.434356733212113, 23.227309354727389 ], [ 77.434385033212109, 23.227250954744253 ], [ 77.434404033212118, 23.227258754741996 ], [ 77.434415133212113, 23.22723585474861 ], [ 77.43440783321212, 23.227232854749481 ], [ 77.434415533212118, 23.227216854754097 ], [ 77.434388433212121, 23.227205754757303 ], [ 77.434393233212134, 23.227195954760134 ], [ 77.434368533212108, 23.227185854763054 ], [ 77.434352933212111, 23.227218354753663 ], [ 77.434325233212121, 23.227207054756931 ], [ 77.434339733212113, 23.227176954765621 ], [ 77.434322333212123, 23.227169854767673 ], [ 77.434316333212109, 23.227175454766058 ], [ 77.434282933212117, 23.22716165477004 ], [ 77.43426613321212, 23.227195954760134 ], [ 77.434287333212126, 23.227204654757625 ], [ 77.434274733212121, 23.227230354750198 ], [ 77.434305133212121, 23.227242854746596 ], [ 77.434294833212121, 23.227257954742225 ], [ 77.434263333212115, 23.227248554744946 ], [ 77.43424913321212, 23.227273754737666 ], [ 77.434236533212115, 23.227269054739025 ], [ 77.434219633212109, 23.227298954730387 ] ] ] } },
{ "type": "Feature", "properties": { }, "geometry": { "type": "Polygon", "coordinates": [ [ [ 77.43430993321212, 23.227090554790568 ], [ 77.434354133212111, 23.227107154785784 ], [ 77.434369433212112, 23.22707575479485 ], [ 77.434408833212103, 23.227091954790168 ], [ 77.434391833212118, 23.227127054780031 ], [ 77.43444733321212, 23.227149754773478 ], [ 77.434467033212115, 23.227109054785231 ], [ 77.434447133212117, 23.227100954787574 ], [ 77.43447533321212, 23.227042554804441 ], [ 77.434494333212115, 23.227050354802184 ], [ 77.434505433212095, 23.227027354808826 ], [ 77.434498133212116, 23.227024454809658 ], [ 77.434505933212108, 23.227008454814289 ], [ 77.434478733212117, 23.226997354817485 ], [ 77.434483533212116, 23.226987554820322 ], [ 77.434458833212105, 23.226977454823231 ], [ 77.434443233212107, 23.227009854813875 ], [ 77.434415533212118, 23.226998654817113 ], [ 77.434430033212124, 23.22696855482581 ], [ 77.434412633212105, 23.226961454827862 ], [ 77.434406733212114, 23.226967054826243 ], [ 77.434373233212099, 23.226953254830221 ], [ 77.434356433212116, 23.226987454820343 ], [ 77.434377633212094, 23.226996254817806 ], [ 77.434365033212117, 23.227021854810413 ], [ 77.434395433212117, 23.227034454806777 ], [ 77.434385233212112, 23.227049554802413 ], [ 77.434353633212126, 23.227040154805131 ], [ 77.434339433212116, 23.227065354797851 ], [ 77.434326833212111, 23.227060654799207 ], [ 77.43430993321212, 23.227090554790568 ] ] ] } },
{ "type": "Feature", "properties": { }, "geometry": { "type": "Polygon", "coordinates": [ [ [ 77.434032733212121, 23.227716554609795 ], [ 77.43407703321212, 23.227733154604998 ], [ 77.434092233212112, 23.22770185461404 ], [ 77.434131733212098, 23.227718054609358 ], [ 77.434114633212118, 23.227753054599251 ], [ 77.43417013321212, 23.227775854592664 ], [ 77.434189933212096, 23.227735154604417 ], [ 77.434169933212104, 23.227726954606787 ], [ 77.434198233212115, 23.227668654623624 ], [ 77.434217233212109, 23.227676354621398 ], [ 77.43422823321211, 23.227653454628008 ], [ 77.434221033212125, 23.227650454628879 ], [ 77.434228733212109, 23.227634454633503 ], [ 77.434201633212098, 23.227623454636674 ], [ 77.434206333212117, 23.227613554639539 ], [ 77.434181733212128, 23.227603554642421 ], [ 77.434166033212122, 23.227635954633069 ], [ 77.434138333212118, 23.22762465463633 ], [ 77.43415283321211, 23.227594554645027 ], [ 77.43413543321212, 23.227587554647044 ], [ 77.434129533212115, 23.22759315464543 ], [ 77.434096033212114, 23.227579354649418 ], [ 77.434079333212111, 23.227613554639539 ], [ 77.434100433212109, 23.227622254637023 ], [ 77.434087933212098, 23.2276479546296 ], [ 77.434118233212118, 23.22766045462599 ], [ 77.434108033212098, 23.227675654621599 ], [ 77.434076433212113, 23.227666254624317 ], [ 77.434062233212103, 23.227691354617068 ], [ 77.43404973321212, 23.227686654618424 ], [ 77.434032733212121, 23.227716554609795 ] ] ] } },
{ "type": "Feature", "properties": { }, "geometry": { "type": "Polygon", "coordinates": [ [ [ 77.433946033212095, 23.227923654549986 ], [ 77.4339902332121, 23.227940254545185 ], [ 77.434005533212101, 23.227908854554251 ], [ 77.434044933212107, 23.22792505454958 ], [ 77.434027933212136, 23.227960154539435 ], [ 77.434083433212109, 23.227982854532886 ], [ 77.434103133212119, 23.227942154544643 ], [ 77.434083233212121, 23.227934054546978 ], [ 77.434111533212132, 23.227875654563842 ], [ 77.434130433212118, 23.227883454561592 ], [ 77.434141533212127, 23.227860554568203 ], [ 77.43413423321212, 23.227857554569074 ], [ 77.434142033212112, 23.22784155457369 ], [ 77.434114933212115, 23.227830454576896 ], [ 77.43411963321212, 23.227820654579727 ], [ 77.434094933212108, 23.227810554582646 ], [ 77.434079333212111, 23.227842954573291 ], [ 77.434051633212135, 23.227831754576528 ], [ 77.434066133212113, 23.22780165458521 ], [ 77.434048733212109, 23.227794554587266 ], [ 77.434042833212118, 23.227800154585651 ], [ 77.434009333212117, 23.227786354589636 ], [ 77.433992633212114, 23.227820654579727 ], [ 77.434013733212112, 23.227829354577217 ], [ 77.434001133212121, 23.227854954569821 ], [ 77.434031533212121, 23.227867554566181 ], [ 77.434021333212115, 23.227882654561821 ], [ 77.433989733212115, 23.227873254564539 ], [ 77.43397553321212, 23.227898454557256 ], [ 77.433962933212101, 23.227893754558622 ], [ 77.433946033212095, 23.227923654549986 ] ] ] } },
{ "type": "Feature", "properties": { }, "geometry": { "type": "Polygon", "coordinates": [ [ [ 77.433855733212127, 23.22813805448806 ], [ 77.433899933212118, 23.228154654483273 ], [ 77.433915233212119, 23.228123254492338 ], [ 77.43395463321211, 23.22813945448766 ], [ 77.433937633212096, 23.228174554477519 ], [ 77.433993133212113, 23.228197354470943 ], [ 77.434012833212108, 23.228156654482692 ], [ 77.43399293321211, 23.228148454485058 ], [ 77.434021233212107, 23.22809005450193 ], [ 77.434040133212108, 23.228097854499673 ], [ 77.434051233212116, 23.22807495450629 ], [ 77.434043933212124, 23.228071954507154 ], [ 77.434051733212101, 23.22805595451177 ], [ 77.434024633212132, 23.228044954514953 ], [ 77.434029333212109, 23.228035054517807 ], [ 77.434004633212126, 23.228025054520696 ], [ 77.4339890332121, 23.228057454511337 ], [ 77.43396133321211, 23.228046154514605 ], [ 77.433975833212102, 23.228016054523295 ], [ 77.433958433212112, 23.22800895452535 ], [ 77.433952533212121, 23.228014654523697 ], [ 77.433919033212121, 23.228000754527713 ], [ 77.433902333212117, 23.228035054517807 ], [ 77.433923433212115, 23.228043754515294 ], [ 77.43391083321211, 23.228069454507882 ], [ 77.433941233212096, 23.228081954504269 ], [ 77.433931033212119, 23.228097154499881 ], [ 77.433899433212105, 23.228087754502592 ], [ 77.433885233212109, 23.228112854495343 ], [ 77.433872633212133, 23.228108154496695 ], [ 77.433855733212127, 23.22813805448806 ] ] ] } },
{ "type": "Feature", "properties": { }, "geometry": { "type": "Polygon", "coordinates": [ [ [ 77.433761833212117, 23.228339354429927 ], [ 77.43380613321213, 23.228355954425137 ], [ 77.433821333212123, 23.228324554434199 ], [ 77.433860833212108, 23.228340754429524 ], [ 77.433843733212115, 23.228375854419387 ], [ 77.433899233212117, 23.228398654412807 ], [ 77.433919033212121, 23.228357954424556 ], [ 77.4338990332121, 23.228349754426922 ], [ 77.433927333212111, 23.228291354443794 ], [ 77.433946233212112, 23.22829915444154 ], [ 77.433957333212106, 23.228276254448154 ], [ 77.433950133212107, 23.228273254449022 ], [ 77.433957833212119, 23.228257254453638 ], [ 77.433930733212094, 23.228246154456844 ], [ 77.433935433212127, 23.228236354459675 ], [ 77.43391083321211, 23.228226254462591 ], [ 77.433895133212118, 23.228258754453204 ], [ 77.433867433212114, 23.228247454456469 ], [ 77.433881933212135, 23.228217354465158 ], [ 77.433864533212102, 23.228210254467211 ], [ 77.433858633212125, 23.228215854465592 ], [ 77.433825133212096, 23.22820205446958 ], [ 77.433808433212135, 23.228236354459675 ], [ 77.433829533212105, 23.228245054457165 ], [ 77.433817033212094, 23.228270754449738 ], [ 77.433847333212114, 23.228283254446133 ], [ 77.433837133212094, 23.228298354441772 ], [ 77.433805533212109, 23.22828905444446 ], [ 77.433791333212099, 23.228314154437204 ], [ 77.433778833212116, 23.228309454438563 ], [ 77.433761833212117, 23.228339354429927 ] ] ] } },
{ "type": "Feature", "properties": { }, "geometry": { "type": "Polygon", "coordinates": [ [ [ 77.433672433212109, 23.228548054369657 ], [ 77.4337166332121, 23.22856465436486 ], [ 77.433731933212115, 23.228533254373936 ], [ 77.433771433212115, 23.228549454369251 ], [ 77.433754333212093, 23.228584554359117 ], [ 77.433809833212095, 23.228607254352557 ], [ 77.433829533212105, 23.22856665436429 ], [ 77.433809633212135, 23.228558454366656 ], [ 77.433837933212104, 23.22850005438352 ], [ 77.433856833212104, 23.228507854381263 ], [ 77.433867933212113, 23.228484954387884 ], [ 77.433860733212114, 23.228481954388748 ], [ 77.433868433212112, 23.228465954393371 ], [ 77.433841333212129, 23.228454854396571 ], [ 77.433846033212106, 23.228445054399398 ], [ 77.433821433212117, 23.228434954402314 ], [ 77.433805733212125, 23.228467454392938 ], [ 77.433778033212121, 23.228456154396198 ], [ 77.433792533212099, 23.228426054404892 ], [ 77.433775133212109, 23.228418954406941 ], [ 77.433769233212118, 23.228424554405329 ], [ 77.433735733212131, 23.228410754409303 ], [ 77.4337190332121, 23.228445054399398 ], [ 77.433740133212112, 23.228453754396885 ], [ 77.433727633212115, 23.228479454389468 ], [ 77.433757933212121, 23.228491954385859 ], [ 77.433747733212115, 23.228507054381499 ], [ 77.433716133212116, 23.228497654384213 ], [ 77.433701933212134, 23.228522854376934 ], [ 77.433689333212101, 23.228518154378289 ], [ 77.433672433212109, 23.228548054369657 ] ] ] } },
{ "type": "Feature", "properties": { }, "geometry": { "type": "Polygon", "coordinates": [ [ [ 77.433574133212119, 23.228755954309619 ], [ 77.433618333212124, 23.228772554304818 ], [ 77.433633633212111, 23.228741154313887 ], [ 77.433673033212116, 23.228757354309206 ], [ 77.433656033212131, 23.228792454299079 ], [ 77.43371143321211, 23.228815154292519 ], [ 77.433731233212114, 23.228774454304276 ], [ 77.433711233212108, 23.228766254306645 ], [ 77.433739533212105, 23.228707954323479 ], [ 77.433758533212128, 23.228715654321249 ], [ 77.433769633212108, 23.228692754327863 ], [ 77.433762333212115, 23.228689854328699 ], [ 77.433770033212099, 23.22867385433333 ], [ 77.43374293321213, 23.228662754336533 ], [ 77.433747733212115, 23.228652854339391 ], [ 77.433723033212104, 23.228642854342272 ], [ 77.43370743321212, 23.22867525433292 ], [ 77.433679733212117, 23.22866405433615 ], [ 77.433694233212108, 23.228633954344847 ], [ 77.433676833212104, 23.228626854346903 ], [ 77.433670833212119, 23.228632454345288 ], [ 77.433637433212112, 23.228618654349262 ], [ 77.433620633212115, 23.228652854339391 ], [ 77.433641833212135, 23.228661654336854 ], [ 77.43362923321213, 23.228687254329454 ], [ 77.433659633212116, 23.228699754325849 ], [ 77.433649333212117, 23.228714954321457 ], [ 77.433617833212111, 23.228705554324172 ], [ 77.433603633212115, 23.228730754316889 ], [ 77.43359103321211, 23.228725954318278 ], [ 77.433574133212119, 23.228755954309619 ] ] ] } },
{ "type": "Feature", "properties": { }, "geometry": { "type": "Polygon", "coordinates": [ [ [ 77.433075733212121, 23.229369254132489 ], [ 77.433113033212095, 23.229396554124605 ], [ 77.43313733321213, 23.229370454132145 ], [ 77.433170233212124, 23.229396154124718 ], [ 77.433143133212099, 23.229425454116257 ], [ 77.433189333212098, 23.229461554105832 ], [ 77.433220733212096, 23.229427654115614 ], [ 77.433204133212115, 23.229414654119381 ], [ 77.433249133212129, 23.229365954133435 ], [ 77.433264933212101, 23.229378354129857 ], [ 77.433282633212102, 23.229359254135375 ], [ 77.433276533212094, 23.229354454136757 ], [ 77.433288933212111, 23.229341154140602 ], [ 77.433266233212109, 23.229323454145717 ], [ 77.433273833212112, 23.229315254148084 ], [ 77.433253233212113, 23.229299254152707 ], [ 77.433228333212099, 23.229326354144877 ], [ 77.433205233212121, 23.229308354150078 ], [ 77.433228333212099, 23.229283254157323 ], [ 77.433213833212093, 23.229271954160588 ], [ 77.433206333212112, 23.229275754159488 ], [ 77.4331785332121, 23.229253854165819 ], [ 77.43315193321213, 23.229282354157579 ], [ 77.433169533212109, 23.229296254153571 ], [ 77.433149633212111, 23.22931765414739 ], [ 77.433174933212101, 23.229337454141671 ], [ 77.433160433212095, 23.229349354138236 ], [ 77.433133033212115, 23.229332254143173 ], [ 77.433111733212115, 23.229352654137283 ], [ 77.433101133212119, 23.229344854139537 ], [ 77.433075733212121, 23.229369254132489 ] ] ] } },
{ "type": "Feature", "properties": { }, "geometry": { "type": "Polygon", "coordinates": [ [ [ 77.432915333212108, 23.229536554084167 ], [ 77.432952733212105, 23.229563854076282 ], [ 77.432976933212117, 23.229537754083822 ], [ 77.433009833212125, 23.229563454076402 ], [ 77.432982733212114, 23.229592754067934 ], [ 77.433029033212094, 23.229628954057485 ], [ 77.433060433212106, 23.229594954067306 ], [ 77.433043833212125, 23.229581954071062 ], [ 77.433088833212111, 23.229533254085123 ], [ 77.43310463321211, 23.229545654081544 ], [ 77.433122333212111, 23.229526554087055 ], [ 77.433116233212104, 23.229521754088445 ], [ 77.433128533212113, 23.229508454092283 ], [ 77.433105933212119, 23.229490854097364 ], [ 77.433113533212108, 23.229482554099768 ], [ 77.433092933212095, 23.229466554104381 ], [ 77.433068033212095, 23.229493654096554 ], [ 77.433044833212122, 23.229475654101758 ], [ 77.433068033212095, 23.229450554109004 ], [ 77.433053433212109, 23.229439254112272 ], [ 77.433046033212108, 23.229443054111176 ], [ 77.43301813321213, 23.229421154117503 ], [ 77.432991633212097, 23.229449754109233 ], [ 77.433009233212118, 23.229463554105251 ], [ 77.43298933321212, 23.229484954099071 ], [ 77.43301463321211, 23.229504754093352 ], [ 77.433000133212104, 23.22951665408992 ], [ 77.432972733212111, 23.229499554094861 ], [ 77.432951333212117, 23.229519954088968 ], [ 77.432940733212121, 23.229512154091218 ], [ 77.432915333212108, 23.229536554084167 ] ] ] } },
{ "type": "Feature", "properties": { }, "geometry": { "type": "Polygon", "coordinates": [ [ [ 77.432752133212105, 23.229697954037558 ], [ 77.432789433212108, 23.229725254029667 ], [ 77.43281363321212, 23.22969915403721 ], [ 77.432846533212114, 23.229724854029783 ], [ 77.432819433212117, 23.229754154021325 ], [ 77.432865733212111, 23.229790254010897 ], [ 77.432897133212109, 23.22975635402069 ], [ 77.432880533212128, 23.229743354024443 ], [ 77.432925533212114, 23.229694654038507 ], [ 77.432941333212113, 23.229707054034922 ], [ 77.432959033212114, 23.229687954040447 ], [ 77.432952933212121, 23.229683154041833 ], [ 77.432965233212116, 23.229669854045671 ], [ 77.432942633212093, 23.229652154050786 ], [ 77.432950233212097, 23.229643954053152 ], [ 77.432929633212112, 23.229627954057772 ], [ 77.432904733212112, 23.229655054049946 ], [ 77.432881533212111, 23.229637054055143 ], [ 77.432904733212112, 23.229611954062392 ], [ 77.432890133212112, 23.229600654065656 ], [ 77.432882733212097, 23.22960445406456 ], [ 77.432854833212133, 23.229582554070884 ], [ 77.432828333212115, 23.229611054062655 ], [ 77.432845933212121, 23.229624954058636 ], [ 77.432826033212095, 23.229646354052459 ], [ 77.432851333212113, 23.22966615404674 ], [ 77.432836833212107, 23.229678054043305 ], [ 77.432809433212114, 23.229660854048273 ], [ 77.43278803321212, 23.229681354042349 ], [ 77.432777533212118, 23.229673554044599 ], [ 77.432752133212105, 23.229697954037558 ] ] ] } },
{ "type": "Feature", "properties": { }, "geometry": { "type": "Polygon", "coordinates": [ [ [ 77.432569533212117, 23.229839653996628 ], [ 77.432604633212094, 23.229869453988023 ], [ 77.432630833212102, 23.229844953995102 ], [ 77.43266163321212, 23.229872753987067 ], [ 77.432632333212112, 23.229900153979152 ], [ 77.432675633212128, 23.229939353967833 ], [ 77.432709633212113, 23.229907553977021 ], [ 77.432694033212115, 23.229893453981092 ], [ 77.432742733212109, 23.229847853994261 ], [ 77.432757533212111, 23.229861253990393 ], [ 77.4327766332121, 23.229843353995562 ], [ 77.432771033212106, 23.229838253997034 ], [ 77.432784333212112, 23.229825654000678 ], [ 77.43276313321212, 23.229806654006161 ], [ 77.432771333212116, 23.22979895400838 ], [ 77.432752033212125, 23.22978155401341 ], [ 77.432725033212122, 23.229806954006072 ], [ 77.432703433212126, 23.229787454011703 ], [ 77.432728433212105, 23.229763954018487 ], [ 77.432714833212117, 23.229751754022011 ], [ 77.432707133212119, 23.229755054021059 ], [ 77.432681033212106, 23.229731354027905 ], [ 77.432652333212118, 23.229758054020202 ], [ 77.432668733212111, 23.229773054015862 ], [ 77.432647233212094, 23.229793054010091 ], [ 77.432670933212094, 23.22981455400388 ], [ 77.432655633212121, 23.229825454000732 ], [ 77.432629533212094, 23.229806554006188 ], [ 77.432606733212111, 23.229825554000705 ], [ 77.432596733212122, 23.229817054003153 ], [ 77.432569533212117, 23.229839653996628 ] ] ] } },
{ "type": "Feature", "properties": { }, "geometry": { "type": "Polygon", "coordinates": [ [ [ 77.432353033212109, 23.229915353974768 ], [ 77.432371133212129, 23.229955953963046 ], [ 77.43240623321212, 23.229944053966477 ], [ 77.432421233212111, 23.229981253955735 ], [ 77.432382133212116, 23.229994653951856 ], [ 77.432403333212093, 23.230046953936753 ], [ 77.432448733212098, 23.230031353941264 ], [ 77.432441133212095, 23.23001255394669 ], [ 77.432506233212095, 23.22999025395313 ], [ 77.432513533212116, 23.23000815394796 ], [ 77.432539033212109, 23.229999353950507 ], [ 77.432536233212119, 23.229992553952471 ], [ 77.432554133212122, 23.22998635395426 ], [ 77.432543733212114, 23.229960853961622 ], [ 77.432554733212115, 23.229957053962725 ], [ 77.43254523321211, 23.22993385396942 ], [ 77.432509033212114, 23.229946253965835 ], [ 77.432498433212118, 23.229920253973351 ], [ 77.432531933212118, 23.229908653976704 ], [ 77.432525233212118, 23.22989225398144 ], [ 77.432516733212111, 23.229892353981413 ], [ 77.432504033212112, 23.229860753990536 ], [ 77.432465733212112, 23.229873753986784 ], [ 77.43247373321212, 23.229893653981037 ], [ 77.432445033212133, 23.229903453978203 ], [ 77.432456533212118, 23.229932153969916 ], [ 77.432437633212132, 23.229936053968789 ], [ 77.432422733212121, 23.229908753976677 ], [ 77.43239323321211, 23.22991705397428 ], [ 77.432388133212115, 23.229905553977591 ], [ 77.432353033212109, 23.229915353974768 ] ] ] } },
{ "type": "Feature", "properties": { }, "geometry": { "type": "Polygon", "coordinates": [ [ [ 77.432129333212117, 23.229990553953048 ], [ 77.432147433212123, 23.230031153941322 ], [ 77.43218243321212, 23.230019153944792 ], [ 77.432197533212133, 23.230056453934012 ], [ 77.432158333212115, 23.230069853930143 ], [ 77.432179533212107, 23.230122153915037 ], [ 77.43222503321212, 23.230106553919541 ], [ 77.432217333212108, 23.230087753924977 ], [ 77.432282533212117, 23.230065453931417 ], [ 77.432289733212116, 23.230083353926243 ], [ 77.432315333212102, 23.23007455392878 ], [ 77.432312533212098, 23.230067653930778 ], [ 77.432330333212136, 23.230061553932547 ], [ 77.432319933212113, 23.230036053939909 ], [ 77.432330933212114, 23.230032253941001 ], [ 77.43232143321211, 23.2300090539477 ], [ 77.432285333212121, 23.230021453944122 ], [ 77.432274733212097, 23.229995453951631 ], [ 77.432308233212112, 23.22998385395498 ], [ 77.432301533212112, 23.22996745395972 ], [ 77.432293033212119, 23.229967553959685 ], [ 77.432280333212134, 23.229935853968851 ], [ 77.432241933212111, 23.229948853965094 ], [ 77.43224993321212, 23.22996885395931 ], [ 77.432221233212132, 23.229978653956486 ], [ 77.432232833212112, 23.230007253948227 ], [ 77.432213833212117, 23.230011253947069 ], [ 77.432199033212115, 23.229983953954953 ], [ 77.432169533212118, 23.22999225395256 ], [ 77.432164433212108, 23.229980653955906 ], [ 77.432129333212117, 23.229990553953048 ] ] ] } },
{ "type": "Feature", "properties": { }, "geometry": { "type": "Polygon", "coordinates": [ [ [ 77.43190133321211, 23.230070753929883 ], [ 77.431919433212116, 23.230111353918151 ], [ 77.431954433212098, 23.230099453921593 ], [ 77.431969533212126, 23.230136653910847 ], [ 77.431930333212094, 23.230150053906979 ], [ 77.431951533212114, 23.230202353891876 ], [ 77.431997033212099, 23.230186753896376 ], [ 77.43198933321213, 23.230167953901809 ], [ 77.432054533212096, 23.230145653908252 ], [ 77.432061733212095, 23.230163553903083 ], [ 77.432087333212124, 23.23015475390563 ], [ 77.432084533212119, 23.23014795390759 ], [ 77.432102333212114, 23.230141753909376 ], [ 77.432091933212106, 23.230116253916741 ], [ 77.432102933212121, 23.23011245391784 ], [ 77.432093433212117, 23.230089253924543 ], [ 77.4320573332121, 23.230101653920961 ], [ 77.432046733212118, 23.23007565392847 ], [ 77.432080233212105, 23.23006405393182 ], [ 77.432073533212105, 23.230047653936552 ], [ 77.432065033212112, 23.230047753936528 ], [ 77.432052333212127, 23.230016153945655 ], [ 77.432013933212104, 23.230029153941899 ], [ 77.432022033212107, 23.230049053936145 ], [ 77.431993233212125, 23.230058853933318 ], [ 77.432004833212119, 23.230087553925035 ], [ 77.431985833212096, 23.230091453923908 ], [ 77.431971033212108, 23.230064153931785 ], [ 77.431941533212111, 23.230072453929392 ], [ 77.431936433212115, 23.230060953932718 ], [ 77.43190133321211, 23.230070753929883 ] ] ] } },
{ "type": "Feature", "properties": { }, "geometry": { "type": "Polygon", "coordinates": [ [ [ 77.431611433212112, 23.236432652092194 ], [ 77.431740133212116, 23.236418352096337 ], [ 77.431705233212114, 23.236153452172857 ], [ 77.431576533212109, 23.236167752168726 ], [ 77.431611433212112, 23.236432652092194 ] ] ] } }
]
}
