{
"type": "FeatureCollection",
"name": "shadows_5pm",
"crs": { "type": "name", "properties": { "name": "urn:ogc:def:crs:OGC:1.3:CRS84" } },
"features": [
{ "type": "Feature", "properties": { }, "geometry": { "type": "Polygon", "coordinates": [ [ [ 77.427799358245323, 23.236894592071586 ], [ 77.427864258245307, 23.236849692090324 ], [ 77.428005358245315, 23.236961592043627 ], [ 77.428097458245304, 23.236884192075937 ], [ 77.428208958245321, 23.236959492044502 ], [ 77.428354658245311, 23.23682249210168 ], [ 77.428427458245324, 23.236877892078557 ], [ 77.428599258245313, 23.236714792146625 ], [ 77.428538958245298, 23.236665692167119 ], [ 77.428626558245313, 23.236581992202051 ], [ 77.428553758245329, 23.236523492226464 ], [ 77.428530958245304, 23.236532892222538 ], [ 77.428369458245314, 23.236410592273586 ], [ 77.428453658245317, 23.2363321923063 ], [ 77.428603758245302, 23.236399092278379 ], [ 77.42868795824532, 23.2363206923111 ], [ 77.428567358245303, 23.236192092364771 ], [ 77.428617458245313, 23.236135592388354 ], [ 77.428443358245289, 23.235999692445063 ], [ 77.428343258245306, 23.236085392409301 ], [ 77.428289758245327, 23.236060292419776 ], [ 77.428053158245291, 23.236276792329431 ], [ 77.428026958245326, 23.236257892337314 ], [ 77.427926858245328, 23.236338492303677 ], [ 77.427958658245316, 23.236364592292784 ], [ 77.427704958245329, 23.236608192191113 ], [ 77.427745958245325, 23.236641592177186 ], [ 77.427642358245322, 23.23673989213615 ], [ 77.427646958245305, 23.236759792127849 ], [ 77.427799358245323, 23.236894592071586 ] ], [ [ 77.428166858245319, 23.236331092306759 ], [ 77.428267058245311, 23.236245392342525 ], [ 77.428392158245316, 23.236310192315482 ], [ 77.42827725824533, 23.236397992278835 ], [ 77.428166858245319, 23.236331092306759 ] ], [ [ 77.428161158245317, 23.236604992192454 ], [ 77.428272758245328, 23.236480592244366 ], [ 77.428418358245324, 23.236581992202051 ], [ 77.42828405824531, 23.236704392150966 ], [ 77.428161158245317, 23.236604992192454 ] ] ] } },
{ "type": "Feature", "properties": { }, "geometry": { "type": "Polygon", "coordinates": [ [ [ 77.426548258245305, 23.239228591097461 ], [ 77.426546558245306, 23.239171391121332 ], [ 77.426618258245313, 23.239072791162492 ], [ 77.426542358245328, 23.239026191181946 ], [ 77.426614758245321, 23.238975991202892 ], [ 77.426537858245311, 23.238874091245425 ], [ 77.426535658245342, 23.238797691277306 ], [ 77.426468558245304, 23.238799391276601 ], [ 77.426354958245312, 23.238724391307905 ], [ 77.426293858245302, 23.238802691275222 ], [ 77.426240858245308, 23.238732491304525 ], [ 77.426122458245317, 23.238807891273055 ], [ 77.426116458245318, 23.238808091272972 ], [ 77.426115158245324, 23.238763691291503 ], [ 77.426177658245308, 23.238677691327396 ], [ 77.426111458245302, 23.238636891344427 ], [ 77.426110858245323, 23.238617591352487 ], [ 77.426181258245308, 23.238572791371176 ], [ 77.426106658245303, 23.238473891412458 ], [ 77.426104658245308, 23.238404791441294 ], [ 77.426005358245291, 23.238407291440257 ], [ 77.425909158245318, 23.238343791466761 ], [ 77.425856758245317, 23.23841089143875 ], [ 77.42584585824531, 23.23841119143863 ], [ 77.425795058245328, 23.238343791466761 ], [ 77.425682958245304, 23.23841519143696 ], [ 77.425611058245309, 23.238416991436207 ], [ 77.42561305824529, 23.238487591406738 ], [ 77.425540558245316, 23.238587291365125 ], [ 77.425599758245312, 23.238623691349936 ], [ 77.425531258245329, 23.238691291321718 ], [ 77.425621258245314, 23.238768391289543 ], [ 77.425626458245304, 23.23894509121579 ], [ 77.425548258245314, 23.238946991214995 ], [ 77.425552858245311, 23.23910509114901 ], [ 77.425564658245321, 23.239104791149128 ], [ 77.425632758245314, 23.239163091124801 ], [ 77.425636158245311, 23.239276791077344 ], [ 77.425559858245322, 23.239374391036606 ], [ 77.425628558245307, 23.239419691017702 ], [ 77.425563358245313, 23.239484090990821 ], [ 77.425644158245305, 23.239553190961974 ], [ 77.425647158245326, 23.239655090919449 ], [ 77.425732458245307, 23.23965299092032 ], [ 77.425835458245302, 23.239716290893906 ], [ 77.425884158245324, 23.239649290921864 ], [ 77.425896358245311, 23.239648990921989 ], [ 77.425949558245307, 23.239719490892565 ], [ 77.426066958245315, 23.239644790923748 ], [ 77.42614075824531, 23.239642990924494 ], [ 77.426137958245292, 23.239546690964694 ], [ 77.426195258245315, 23.239467890997581 ], [ 77.426134558245323, 23.239430691013109 ], [ 77.426133758245328, 23.239401191025426 ], [ 77.426193458245308, 23.239363091041326 ], [ 77.426130158245329, 23.239279091076384 ], [ 77.426129258245325, 23.239247891089406 ], [ 77.426253158245302, 23.239313091062193 ], [ 77.426277158245327, 23.239274591078264 ], [ 77.426333258245307, 23.239275191078008 ], [ 77.426365558245323, 23.239317891060189 ], [ 77.426504058245314, 23.239229691096998 ], [ 77.426548258245305, 23.239228591097461 ] ], [ [ 77.426013858245312, 23.238761291292505 ], [ 77.425700858245321, 23.238767991289706 ], [ 77.42569385824531, 23.23849059140549 ], [ 77.426006858245302, 23.238483891408286 ], [ 77.426013858245312, 23.238761291292505 ] ], [ [ 77.426457558245303, 23.239143691132899 ], [ 77.426146758245309, 23.23914539113219 ], [ 77.426144958245303, 23.238879291243251 ], [ 77.426455858245305, 23.238877591243963 ], [ 77.426457558245303, 23.239143691132899 ] ], [ [ 77.426029158245328, 23.239227991097714 ], [ 77.425718458245314, 23.239229291097171 ], [ 77.425716658245321, 23.238861591250643 ], [ 77.426027358245292, 23.238860291251186 ], [ 77.426092558245315, 23.23894149121729 ], [ 77.426092558245315, 23.239172691120793 ], [ 77.426029158245328, 23.239227991097714 ] ], [ [ 77.42603335824532, 23.239541890966699 ], [ 77.425727258245303, 23.239548590963892 ], [ 77.42572025824532, 23.239277691076971 ], [ 77.426026358245309, 23.239270991079767 ], [ 77.42603335824532, 23.239541890966699 ] ] ] } },
{ "type": "Feature", "properties": { }, "geometry": { "type": "Polygon", "coordinates": [ [ [ 77.430713258245319, 23.240801190441054 ], [ 77.430453958245309, 23.24025729066809 ], [ 77.430339958245327, 23.24030319064893 ], [ 77.430402358245303, 23.240433990594337 ], [ 77.430359558245328, 23.240451190587155 ], [ 77.430343058245313, 23.240416490601639 ], [ 77.430121358245316, 23.240505790564363 ], [ 77.430095658245321, 23.240575590535229 ], [ 77.430126058245321, 23.240639390508598 ], [ 77.430146558245312, 23.240631190512023 ], [ 77.430160258245323, 23.240660090499958 ], [ 77.430091258245326, 23.240687890488356 ], [ 77.43018665824529, 23.24088819040475 ], [ 77.430140858245309, 23.240906590397067 ], [ 77.430190858245339, 23.241011390353314 ], [ 77.430713258245319, 23.240801190441054 ] ], [ [ 77.430256658245312, 23.240640490508142 ], [ 77.430462158245319, 23.240558390542407 ], [ 77.430546458245317, 23.240736390468111 ], [ 77.43034095824531, 23.240818590433797 ], [ 77.430256658245312, 23.240640490508142 ] ] ] } },
{ "type": "Feature", "properties": { }, "geometry": { "type": "Polygon", "coordinates": [ [ [ 77.428699158245308, 23.240129990721226 ], [ 77.428920358245307, 23.239799390859211 ], [ 77.428553058245313, 23.239591890945825 ], [ 77.428331858245343, 23.239922490807835 ], [ 77.428699158245308, 23.240129990721226 ] ], [ [ 77.428573258245308, 23.239835190844271 ], [ 77.428702658245314, 23.239908290813759 ], [ 77.428656358245306, 23.239977490784881 ], [ 77.428526958245314, 23.239904390815386 ], [ 77.428573258245308, 23.239835190844271 ] ] ] } },
{ "type": "Feature", "properties": { }, "geometry": { "type": "Polygon", "coordinates": [ [ [ 77.429914958245305, 23.240474790577313 ], [ 77.430034358245308, 23.240148590713464 ], [ 77.429680558245309, 23.240039390759037 ], [ 77.42956115824532, 23.240365490622928 ], [ 77.429914958245305, 23.240474790577313 ] ], [ [ 77.429734858245311, 23.240256690668332 ], [ 77.429689358245327, 23.240246190672725 ], [ 77.429698758245308, 23.240211690687119 ], [ 77.42974435824533, 23.24022219068274 ], [ 77.429747458245302, 23.240210990687416 ], [ 77.429861358245304, 23.240237390676402 ], [ 77.429856758245307, 23.240254190669386 ], [ 77.429899658245304, 23.240264190665211 ], [ 77.429889258245311, 23.240302090649397 ], [ 77.429846358245328, 23.240292090653565 ], [ 77.429827458245313, 23.24036059062497 ], [ 77.429713558245339, 23.240334190635995 ], [ 77.429734858245311, 23.240256690668332 ] ] ] } },
{ "type": "Feature", "properties": { }, "geometry": { "type": "Polygon", "coordinates": [ [ [ 77.428178658245315, 23.237172691955525 ], [ 77.428153258245317, 23.237147891965876 ], [ 77.428082058245309, 23.237209391940208 ], [ 77.428107458245307, 23.237234191929858 ], [ 77.428100458245325, 23.237393491863372 ], [ 77.428072958245309, 23.237417291853436 ], [ 77.42826785824532, 23.237607791773936 ], [ 77.428300858245322, 23.237579191785873 ], [ 77.428337958245322, 23.237615491770722 ], [ 77.428401058245328, 23.237618591769433 ], [ 77.428452558245311, 23.237574091787998 ], [ 77.428488958245339, 23.237609591773182 ], [ 77.428394258245305, 23.237691391739041 ], [ 77.428428058245302, 23.237724491725228 ], [ 77.42860505824531, 23.237571691789007 ], [ 77.428545858245315, 23.237513891813123 ], [ 77.42860065824533, 23.237466491832905 ], [ 77.428243158245323, 23.237116991978773 ], [ 77.428178658245315, 23.237172691955525 ] ], [ [ 77.428223858245289, 23.237242391926436 ], [ 77.42830735824532, 23.237312891897016 ], [ 77.428287058245303, 23.237333291888493 ], [ 77.428305958245303, 23.237349191881862 ], [ 77.428269158245328, 23.23738599186651 ], [ 77.428207758245321, 23.237334091888169 ], [ 77.428223858245289, 23.237242391926436 ] ], [ [ 77.428364358245318, 23.237381291868466 ], [ 77.428459558245322, 23.237463691834076 ], [ 77.428440958245304, 23.237481791826522 ], [ 77.428298058245318, 23.237478891827731 ], [ 77.428249258245302, 23.237436691845346 ], [ 77.428319558245306, 23.237368091873979 ], [ 77.428350458245305, 23.237394791862833 ], [ 77.428364358245318, 23.237381291868466 ] ] ] } },
{ "type": "Feature", "properties": { }, "geometry": { "type": "Polygon", "coordinates": [ [ [ 77.429737558245321, 23.238465091416128 ], [ 77.429747658245319, 23.238414491437247 ], [ 77.429792958245329, 23.238422091434078 ], [ 77.429827458245313, 23.238248191506653 ], [ 77.429776658245288, 23.238239691510206 ], [ 77.429791458245319, 23.23816509154134 ], [ 77.429396958245306, 23.238099091568884 ], [ 77.429382858245305, 23.238170191539211 ], [ 77.429354258245326, 23.238165391541216 ], [ 77.429319358245294, 23.238341191467843 ], [ 77.429366858245302, 23.238349091464542 ], [ 77.429356558245317, 23.238401291442759 ], [ 77.429737558245321, 23.238465091416128 ] ], [ [ 77.429451658245313, 23.238202291525813 ], [ 77.429652458245329, 23.238235891511788 ], [ 77.429627258245304, 23.238363091458702 ], [ 77.429426458245331, 23.238329491472729 ], [ 77.429451658245313, 23.238202291525813 ] ] ] } },
{ "type": "Feature", "properties": { }, "geometry": { "type": "Polygon", "coordinates": [ [ [ 77.426947358245314, 23.238441391426022 ], [ 77.427056558245297, 23.238447691423392 ], [ 77.427561758245304, 23.23796879162327 ], [ 77.427231758245313, 23.237661491751521 ], [ 77.427254558245323, 23.23764059176025 ], [ 77.426912758245308, 23.237350091881485 ], [ 77.426844658245329, 23.237418991852728 ], [ 77.426815958245314, 23.237394691862871 ], [ 77.426772558245318, 23.237438491844593 ], [ 77.426752858245322, 23.237421791851563 ], [ 77.426721558245319, 23.237453391838372 ], [ 77.426756058245303, 23.237482191826359 ], [ 77.426698658245328, 23.237540291802102 ], [ 77.426664158245316, 23.237511491814125 ], [ 77.426602358245319, 23.237573991788047 ], [ 77.426629358245307, 23.23759699177845 ], [ 77.426563658245328, 23.237663391750729 ], [ 77.426585858245303, 23.237682191742888 ], [ 77.426417458245325, 23.237852591671768 ], [ 77.42631245824532, 23.237866391666003 ], [ 77.426947358245314, 23.238441391426022 ] ], [ [ 77.426771358245304, 23.237935991636956 ], [ 77.426957758245308, 23.23775609171204 ], [ 77.427180758245328, 23.237951191630614 ], [ 77.42699435824531, 23.23813109155553 ], [ 77.426771358245304, 23.237935991636956 ] ] ] } },
{ "type": "Feature", "properties": { }, "geometry": { "type": "Polygon", "coordinates": [ [ [ 77.428099458245313, 23.239058691168367 ], [ 77.428120158245335, 23.239030691180059 ], [ 77.428153758245315, 23.239051691171301 ], [ 77.428132958245328, 23.239079591159651 ], [ 77.428214458245321, 23.239130691138321 ], [ 77.428238558245326, 23.239098091151931 ], [ 77.42827855824531, 23.239123191141456 ], [ 77.428315358245314, 23.239073691162119 ], [ 77.428340058245325, 23.239089191155646 ], [ 77.428374858245334, 23.2390420911753 ], [ 77.428350158245308, 23.239026691181735 ], [ 77.428377858245312, 23.238989391197304 ], [ 77.428248058245302, 23.238908091231231 ], [ 77.428229858245302, 23.23893269122096 ], [ 77.428196358245316, 23.23891169122972 ], [ 77.42821455824533, 23.238887091239999 ], [ 77.428108858245324, 23.238820891267626 ], [ 77.427985458245303, 23.238987291198178 ], [ 77.428099458245313, 23.239058691168367 ] ], [ [ 77.428205258245328, 23.239028591180936 ], [ 77.428240958245325, 23.238980491201016 ], [ 77.428288058245329, 23.239009991188702 ], [ 77.428252358245317, 23.239058091168626 ], [ 77.428205258245328, 23.239028591180936 ] ] ] } },
{ "type": "Feature", "properties": { }, "geometry": { "type": "Polygon", "coordinates": [ [ [ 77.426857558245302, 23.240666290497376 ], [ 77.426870358245324, 23.240646590505595 ], [ 77.427001558245294, 23.240718590475542 ], [ 77.427035958245327, 23.240665690497625 ], [ 77.427144758245319, 23.240725490472659 ], [ 77.427204358245291, 23.240633790510937 ], [ 77.42727615824532, 23.240673190494487 ], [ 77.427395058245324, 23.240490390570798 ], [ 77.427341058245304, 23.24046079058315 ], [ 77.427330258245306, 23.240477390576221 ], [ 77.427253258245315, 23.240435190593832 ], [ 77.427264058245328, 23.240418490600806 ], [ 77.427192658245303, 23.24037929061717 ], [ 77.427098358245317, 23.240524190556684 ], [ 77.426935658245313, 23.240434890593956 ], [ 77.426804258245312, 23.2406369905096 ], [ 77.426857558245302, 23.240666290497376 ] ], [ [ 77.427171758245322, 23.240555690543541 ], [ 77.427214458245288, 23.240489890571002 ], [ 77.427283758245323, 23.240527890555143 ], [ 77.427240958245307, 23.240593690527675 ], [ 77.427171758245322, 23.240555690543541 ] ], [ [ 77.426900858245318, 23.240596290526586 ], [ 77.426945958245327, 23.240526990555516 ], [ 77.427016158245323, 23.240565490539449 ], [ 77.426971058245314, 23.240634890510481 ], [ 77.426900858245318, 23.240596290526586 ] ] ] } },
{ "type": "Feature", "properties": { }, "geometry": { "type": "Polygon", "coordinates": [ [ [ 77.430932558245317, 23.239929990804704 ], [ 77.430953858245317, 23.239923490807421 ], [ 77.430974458245316, 23.239980690783543 ], [ 77.431055858245301, 23.239955890793894 ], [ 77.431035158245322, 23.239898690817771 ], [ 77.431087258245313, 23.239882790824403 ], [ 77.430935658245303, 23.239462490999834 ], [ 77.430951558245326, 23.239400891025547 ], [ 77.430859958245321, 23.239380891033893 ], [ 77.430848858245312, 23.239423891015946 ], [ 77.430734658245314, 23.239398991026338 ], [ 77.430878358245309, 23.239288291072548 ], [ 77.430774958245308, 23.239243291091327 ], [ 77.429725558245323, 23.239014391186863 ], [ 77.429597358245303, 23.239517090977046 ], [ 77.430399058245328, 23.239691890904083 ], [ 77.430425858245329, 23.239588290947328 ], [ 77.430555058245318, 23.239616490935557 ], [ 77.430591558245311, 23.23947539099445 ], [ 77.430783658245304, 23.239517290976956 ], [ 77.430932558245317, 23.239929990804704 ] ], [ [ 77.429911258245326, 23.23923679109404 ], [ 77.430029258245327, 23.239261391083765 ], [ 77.429992658245325, 23.239409591021911 ], [ 77.429874658245325, 23.239384891032227 ], [ 77.429911258245326, 23.23923679109404 ] ], [ [ 77.43035515824532, 23.239433991011733 ], [ 77.430383158245306, 23.239343391049541 ], [ 77.430472958245318, 23.239366791039775 ], [ 77.430445058245311, 23.239457391001963 ], [ 77.43035515824532, 23.239433991011733 ] ] ] } },
{ "type": "Feature", "properties": { }, "geometry": { "type": "Polygon", "coordinates": [ [ [ 77.428792058245335, 23.231689294243765 ], [ 77.428794358245327, 23.231735394224525 ], [ 77.428843958245309, 23.231733394225362 ], [ 77.428846558245326, 23.23178599420341 ], [ 77.428988158245318, 23.23178009420587 ], [ 77.428981158245321, 23.231636294265883 ], [ 77.429104358245311, 23.231631194268008 ], [ 77.429096458245311, 23.231471294334721 ], [ 77.428965858245306, 23.231476694332475 ], [ 77.428963558245329, 23.231430994351538 ], [ 77.428814658245315, 23.231437194348956 ], [ 77.428815858245315, 23.231461394338851 ], [ 77.428757558245309, 23.231463794337856 ], [ 77.428760758245303, 23.231526894311529 ], [ 77.428709158245326, 23.231529094310606 ], [ 77.428717258245328, 23.231692394242465 ], [ 77.428792058245335, 23.231689294243765 ] ], [ [ 77.428851858245324, 23.231606094278479 ], [ 77.428963858245311, 23.231600594280778 ], [ 77.428968758245318, 23.231684494245762 ], [ 77.428856758245317, 23.231690094243429 ], [ 77.428851858245324, 23.231606094278479 ] ] ] } },
{ "type": "Feature", "properties": { }, "geometry": { "type": "Polygon", "coordinates": [ [ [ 77.429627958245305, 23.236111992398193 ], [ 77.429534258245326, 23.235774292539119 ], [ 77.429236658245316, 23.235843992510038 ], [ 77.429330358245309, 23.236181692369104 ], [ 77.429627958245305, 23.236111992398193 ] ], [ [ 77.429379358245313, 23.2359408924696 ], [ 77.429459058245328, 23.235922292477365 ], [ 77.429485158245313, 23.236016292438141 ], [ 77.429405458245299, 23.236034992430334 ], [ 77.429379358245313, 23.2359408924696 ] ] ] } },
{ "type": "Feature", "properties": { }, "geometry": { "type": "Polygon", "coordinates": [ [ [ 77.42977713040888, 23.233291322638387 ], [ 77.429998530408881, 23.23256692314218 ], [ 77.430166230408858, 23.232060023494693 ], [ 77.430177430408875, 23.2320623234931 ], [ 77.430245130408863, 23.231839623647968 ], [ 77.430696930408871, 23.231962423562575 ], [ 77.430713130408861, 23.231914123596162 ], [ 77.430814330408879, 23.231940923577525 ], [ 77.430807030408857, 23.231968123558612 ], [ 77.430944230408869, 23.23200632353204 ], [ 77.430908530408857, 23.232118223454222 ], [ 77.430938030408868, 23.232128323447196 ], [ 77.430923730408878, 23.232171223417364 ], [ 77.431218630408878, 23.232254423359503 ], [ 77.431194730408876, 23.232331123306167 ], [ 77.431278330408873, 23.232353123290867 ], [ 77.431247330408866, 23.232447623225145 ], [ 77.431163330408864, 23.232424123241486 ], [ 77.431073730408855, 23.232700423049341 ], [ 77.430920030408871, 23.232657123079449 ], [ 77.430898630408862, 23.232722823033757 ], [ 77.430884930408865, 23.232718523036741 ], [ 77.430835430408877, 23.232871922930059 ], [ 77.430849330408876, 23.232875122927837 ], [ 77.430827730408879, 23.232944622879504 ], [ 77.430787930408869, 23.232934922886251 ], [ 77.430780530408882, 23.232957322870675 ], [ 77.430789530408859, 23.232960422868519 ], [ 77.430773630408879, 23.233006822836249 ], [ 77.430767830408882, 23.233005022837496 ], [ 77.430446630408881, 23.233327722613073 ], [ 77.430326830408859, 23.233440622534552 ], [ 77.430347030408868, 23.233459222521617 ], [ 77.430285330408879, 23.233518522480377 ], [ 77.430267130408865, 23.233503022491156 ], [ 77.430197130408857, 23.233571122443788 ], [ 77.429918630408878, 23.233330822610917 ], [ 77.42977713040888, 23.233291322638387 ] ] ] } },
{ "type": "Feature", "properties": { }, "geometry": { "type": "Polygon", "coordinates": [ [ [ 77.430779858245316, 23.231670994251399 ], [ 77.430874358245319, 23.231235694433028 ], [ 77.431579158245313, 23.231362594380077 ], [ 77.431510858245318, 23.231632294267548 ], [ 77.431336458245326, 23.231596294282568 ], [ 77.431362658245305, 23.231480094331051 ], [ 77.431285558245321, 23.231469394335516 ], [ 77.431214358245327, 23.231764494212385 ], [ 77.431176558245312, 23.231759194214593 ], [ 77.431168158245328, 23.231816994190474 ], [ 77.431159158245308, 23.231845994178382 ], [ 77.431105358245318, 23.231837994181713 ], [ 77.431122858245303, 23.231755194216262 ], [ 77.431053058245311, 23.231732494225735 ], [ 77.431118458245322, 23.231427994352789 ], [ 77.430993458245325, 23.231409294360592 ], [ 77.430933958245305, 23.231708394235799 ], [ 77.430779858245316, 23.231670994251399 ] ] ] } },
{ "type": "Feature", "properties": { }, "geometry": { "type": "Polygon", "coordinates": [ [ [ 77.428220258245304, 23.231375294374779 ], [ 77.428213058245305, 23.231222994438326 ], [ 77.428784158245307, 23.231188294452803 ], [ 77.428795758245329, 23.23134459438759 ], [ 77.428220258245304, 23.231375294374779 ] ] ] } },
{ "type": "Feature", "properties": { }, "geometry": { "type": "Polygon", "coordinates": [ [ [ 77.429873758245321, 23.236596992195793 ], [ 77.43002475824531, 23.236560092211196 ], [ 77.429781258245313, 23.235719492562001 ], [ 77.429630258245325, 23.235756392546602 ], [ 77.429873758245321, 23.236596992195793 ] ] ] } },
{ "type": "Feature", "properties": { }, "geometry": { "type": "Polygon", "coordinates": [ [ [ 77.429509658245308, 23.236760092127721 ], [ 77.429792758245299, 23.236684192159391 ], [ 77.429633558245328, 23.236182392368818 ], [ 77.429350358245316, 23.236258292337141 ], [ 77.429509658245308, 23.236760092127721 ] ] ] } },
{ "type": "Feature", "properties": { }, "geometry": { "type": "Polygon", "coordinates": [ [ [ 77.436284858245315, 23.230237394849556 ], [ 77.436224458245306, 23.230217094858027 ], [ 77.436009858245313, 23.230509994735822 ], [ 77.436002658245314, 23.230544094721594 ], [ 77.435932158245308, 23.230673694667519 ], [ 77.435742458245329, 23.230662094672358 ], [ 77.435663858245306, 23.230712694651245 ], [ 77.435655858245312, 23.230756194633098 ], [ 77.436154858245317, 23.230798994615242 ], [ 77.436284858245315, 23.230237394849556 ] ] ] } },
{ "type": "Feature", "properties": { }, "geometry": { "type": "Polygon", "coordinates": [ [ [ 77.435812058245318, 23.231078194498746 ], [ 77.435843358245322, 23.230937694557369 ], [ 77.435623658245291, 23.230896394574604 ], [ 77.435592358245287, 23.231036794516019 ], [ 77.435812058245318, 23.231078194498746 ] ] ] } },
{ "type": "Feature", "properties": { }, "geometry": { "type": "Polygon", "coordinates": [ [ [ 77.426352258245316, 23.23842489143291 ], [ 77.426601558245324, 23.238648991339375 ], [ 77.426752558245326, 23.238507191398561 ], [ 77.42650325824529, 23.238283091492089 ], [ 77.426457658245326, 23.238325891474226 ], [ 77.426425058245314, 23.238296591486456 ], [ 77.426371358245305, 23.238347091465386 ], [ 77.426403958245302, 23.238376291453193 ], [ 77.426352258245316, 23.23842489143291 ] ] ] } },
{ "type": "Feature", "properties": { }, "geometry": { "type": "Polygon", "coordinates": [ [ [ 77.427676558245295, 23.232480993913409 ], [ 77.427838158245308, 23.232209194026829 ], [ 77.427823358245305, 23.232182994037764 ], [ 77.427822258245328, 23.23213909405608 ], [ 77.42787915824529, 23.23213599405738 ], [ 77.427890458245315, 23.232097294073522 ], [ 77.427917758245314, 23.232066994086164 ], [ 77.427931458245311, 23.232036594098847 ], [ 77.427984958245318, 23.232030394101436 ], [ 77.428028158245326, 23.232048094094054 ], [ 77.428050958245336, 23.232084694078779 ], [ 77.428082758245324, 23.232115094066096 ], [ 77.428114658245306, 23.23213599405738 ], [ 77.428115758245326, 23.232164194045609 ], [ 77.428104458245329, 23.232192394033842 ], [ 77.428079358245299, 23.232227994018984 ], [ 77.428195458245312, 23.232520793896807 ], [ 77.428179558245319, 23.232547893885503 ], [ 77.428152158245325, 23.232554193882873 ], [ 77.428042958245342, 23.232579293872394 ], [ 77.428016058245319, 23.232579093872481 ], [ 77.427923458245303, 23.232578293872812 ], [ 77.427841258245323, 23.232569493876486 ], [ 77.427834758245339, 23.232568893876739 ], [ 77.427740258245322, 23.232542693887666 ], [ 77.427708258245318, 23.23251609389877 ], [ 77.427692458245318, 23.232502993904237 ], [ 77.427676558245295, 23.232480993913409 ] ] ] } },
{ "type": "Feature", "properties": { }, "geometry": { "type": "Polygon", "coordinates": [ [ [ 77.429583658245321, 23.235053192840056 ], [ 77.429727058245319, 23.235166092792944 ], [ 77.429832358245321, 23.235053092840101 ], [ 77.429689058245302, 23.234940192887219 ], [ 77.429583658245321, 23.235053192840056 ] ] ] } },
{ "type": "Feature", "properties": { }, "geometry": { "type": "Polygon", "coordinates": [ [ [ 77.428717858245292, 23.23594879246631 ], [ 77.428825358245319, 23.236300192319661 ], [ 77.429000458245312, 23.236254892338561 ], [ 77.42889285824532, 23.23590349248521 ], [ 77.428717858245292, 23.23594879246631 ] ] ] } },
{ "type": "Feature", "properties": { }, "geometry": { "type": "Polygon", "coordinates": [ [ [ 77.432312258245318, 23.235847792508455 ], [ 77.432560158245323, 23.235866792500527 ], [ 77.432582858245311, 23.235615892605235 ], [ 77.432335058245329, 23.235596892613156 ], [ 77.432312258245318, 23.235847792508455 ] ] ] } },
{ "type": "Feature", "properties": { }, "geometry": { "type": "Polygon", "coordinates": [ [ [ 77.432330458245318, 23.236828592099133 ], [ 77.432399258245297, 23.237200191944048 ], [ 77.433202558245327, 23.237074791996388 ], [ 77.433133858245313, 23.236703092151508 ], [ 77.432330458245318, 23.236828592099133 ] ] ] } },
{ "type": "Feature", "properties": { }, "geometry": { "type": "Polygon", "coordinates": [ [ [ 77.431588558245323, 23.235567592625387 ], [ 77.431929958245306, 23.235393992697837 ], [ 77.431870458245299, 23.235295292739028 ], [ 77.431529058245303, 23.235468792666616 ], [ 77.431588558245323, 23.235567592625387 ] ] ] } },
{ "type": "Feature", "properties": { }, "geometry": { "type": "Polygon", "coordinates": [ [ [ 77.428806458245333, 23.233527193476863 ], [ 77.428803258245324, 23.233707593401579 ], [ 77.428865858245317, 23.233708493401206 ], [ 77.428869058245311, 23.233528093476487 ], [ 77.428806458245333, 23.233527193476863 ] ] ] } },
{ "type": "Feature", "properties": { }, "geometry": { "type": "Polygon", "coordinates": [ [ [ 77.429585258245339, 23.233472493499683 ], [ 77.429755858245315, 23.233703193403418 ], [ 77.429809358245308, 23.233669793417352 ], [ 77.429638758245304, 23.233439093513621 ], [ 77.429585258245339, 23.233472493499683 ] ] ] } },
{ "type": "Feature", "properties": { }, "geometry": { "type": "Polygon", "coordinates": [ [ [ 77.429424358245313, 23.234029893267085 ], [ 77.429439958245311, 23.234084393244345 ], [ 77.429616958245319, 23.234041493262254 ], [ 77.429601358245321, 23.233987093284949 ], [ 77.429424358245313, 23.234029893267085 ] ] ] } },
{ "type": "Feature", "properties": { }, "geometry": { "type": "Polygon", "coordinates": [ [ [ 77.429302058245327, 23.233546393468853 ], [ 77.429338058245321, 23.233594493448777 ], [ 77.429564958245308, 23.233451093508613 ], [ 77.429528958245328, 23.233402993528689 ], [ 77.429302058245327, 23.233546393468853 ] ] ] } },
{ "type": "Feature", "properties": { }, "geometry": { "type": "Polygon", "coordinates": [ [ [ 77.429258658245303, 23.234262093170187 ], [ 77.429446858245299, 23.234151193216469 ], [ 77.429392558245311, 23.234073293248976 ], [ 77.429204258245306, 23.234184193202701 ], [ 77.429258658245303, 23.234262093170187 ] ] ] } },
{ "type": "Feature", "properties": { }, "geometry": { "type": "Polygon", "coordinates": [ [ [ 77.428922258245322, 23.233224093603344 ], [ 77.428977058245309, 23.233416293523138 ], [ 77.429066658245304, 23.233394693532155 ], [ 77.429011858245318, 23.23320249361235 ], [ 77.428922258245322, 23.233224093603344 ] ] ] } },
{ "type": "Feature", "properties": { }, "geometry": { "type": "Polygon", "coordinates": [ [ [ 77.429638358245313, 23.233918993313367 ], [ 77.429691858245292, 23.233956793297594 ], [ 77.429841458245306, 23.233777893372242 ], [ 77.429788058245322, 23.233740093388022 ], [ 77.429638358245313, 23.233918993313367 ] ] ] } },
{ "type": "Feature", "properties": { }, "geometry": { "type": "Polygon", "coordinates": [ [ [ 77.429015658245305, 23.233700193404669 ], [ 77.429056658245329, 23.233753793382302 ], [ 77.429310858245316, 23.233589693450778 ], [ 77.42926985824532, 23.233536093473145 ], [ 77.429015658245305, 23.233700193404669 ] ] ] } },
{ "type": "Feature", "properties": { }, "geometry": { "type": "Polygon", "coordinates": [ [ [ 77.428787158245328, 23.233741593387396 ], [ 77.428769458245327, 23.233979693288035 ], [ 77.428888258245308, 23.233987093284949 ], [ 77.428905958245309, 23.233749093384269 ], [ 77.428787158245328, 23.233741593387396 ] ] ] } },
{ "type": "Feature", "properties": { }, "geometry": { "type": "Polygon", "coordinates": [ [ [ 77.428832158245328, 23.234080193246093 ], [ 77.429152458245326, 23.234272393165895 ], [ 77.429198558245318, 23.234207493192979 ], [ 77.428878358245328, 23.234015293273178 ], [ 77.428832158245328, 23.234080193246093 ] ] ] } },
{ "type": "Feature", "properties": { }, "geometry": { "type": "Polygon", "coordinates": [ [ [ 77.429343858245318, 23.233318693563859 ], [ 77.42924895824531, 23.233417793522513 ], [ 77.429314958245314, 23.233471193500225 ], [ 77.429409958245301, 23.233372093541579 ], [ 77.429343858245318, 23.233318693563859 ] ] ] } },
{ "type": "Feature", "properties": { }, "geometry": { "type": "Polygon", "coordinates": [ [ [ 77.428783958245319, 23.23334679355214 ], [ 77.42884825824531, 23.233462093504027 ], [ 77.42893155824531, 23.233422893520384 ], [ 77.428867158245325, 23.23330759356849 ], [ 77.428783958245319, 23.23334679355214 ] ] ] } },
{ "type": "Feature", "properties": { }, "geometry": { "type": "Polygon", "coordinates": [ [ [ 77.429150758245314, 23.23321959360522 ], [ 77.429120258245305, 23.233388193534861 ], [ 77.42920525824529, 23.233401193529435 ], [ 77.429235858245306, 23.233232593599791 ], [ 77.429150758245314, 23.23321959360522 ] ] ] } },
{ "type": "Feature", "properties": { }, "geometry": { "type": "Polygon", "coordinates": [ [ [ 77.430993358245317, 23.233596493447937 ], [ 77.431156058245321, 23.233717793397325 ], [ 77.431194158245304, 23.233674593415351 ], [ 77.431031458245329, 23.23355329346597 ], [ 77.430993358245317, 23.233596493447937 ] ] ] } },
{ "type": "Feature", "properties": { }, "geometry": { "type": "Polygon", "coordinates": [ [ [ 77.43216245824533, 23.233186393619061 ], [ 77.432089258245327, 23.233282793578844 ], [ 77.432263958245329, 23.233394893532068 ], [ 77.432337158245318, 23.233298493572295 ], [ 77.43216245824533, 23.233186393619061 ] ] ] } },
{ "type": "Feature", "properties": { }, "geometry": { "type": "Polygon", "coordinates": [ [ [ 77.430880958245311, 23.233776993372619 ], [ 77.430954958245295, 23.233856493339449 ], [ 77.431010758245321, 23.233812593357765 ], [ 77.430936758245323, 23.233733193390897 ], [ 77.430880958245311, 23.233776993372619 ] ] ] } },
{ "type": "Feature", "properties": { }, "geometry": { "type": "Polygon", "coordinates": [ [ [ 77.431533558245292, 23.234565193043707 ], [ 77.431849258245308, 23.234495893072634 ], [ 77.431656558245308, 23.233753793382302 ], [ 77.431657858245302, 23.233754693381922 ], [ 77.432158558245305, 23.233106393652449 ], [ 77.431859058245308, 23.232911093733943 ], [ 77.431358358245305, 23.233559293463461 ], [ 77.431317358245295, 23.233732893391021 ], [ 77.431533558245292, 23.234565193043707 ] ] ] } },
{ "type": "Feature", "properties": { }, "geometry": { "type": "Polygon", "coordinates": [ [ [ 77.429363258245303, 23.232070394084747 ], [ 77.429386858245309, 23.231995394116041 ], [ 77.429159358245329, 23.231934694141369 ], [ 77.429135358245304, 23.232010794109613 ], [ 77.428987358245323, 23.231972094125762 ], [ 77.428972758245322, 23.231920094147462 ], [ 77.428647258245306, 23.231997494115163 ], [ 77.428764158245315, 23.232412493942 ], [ 77.428910958245325, 23.232377593956564 ], [ 77.429384658245311, 23.232501493904859 ], [ 77.429506458245328, 23.232107794069144 ], [ 77.429363258245303, 23.232070394084747 ] ] ] } },
{ "type": "Feature", "properties": { }, "geometry": { "type": "Polygon", "coordinates": [ [ [ 77.431942858245321, 23.233475493498432 ], [ 77.43186955824531, 23.233571893458208 ], [ 77.432044258245327, 23.233683993411429 ], [ 77.432117558245295, 23.233587593451652 ], [ 77.431942858245321, 23.233475493498432 ] ] ] } },
{ "type": "Feature", "properties": { }, "geometry": { "type": "Polygon", "coordinates": [ [ [ 77.43201605824531, 23.233379093538662 ], [ 77.431942858245321, 23.233475493498432 ], [ 77.432117558245295, 23.233587593451652 ], [ 77.432190758245312, 23.233491193491886 ], [ 77.43201605824531, 23.233379093538662 ] ] ] } },
{ "type": "Feature", "properties": { }, "geometry": { "type": "Polygon", "coordinates": [ [ [ 77.43186955824531, 23.233571893458208 ], [ 77.431796358245307, 23.233668193418023 ], [ 77.431971058245324, 23.233780293371243 ], [ 77.432044258245327, 23.233683993411429 ], [ 77.43186955824531, 23.233571893458208 ] ] ] } },
{ "type": "Feature", "properties": { }, "geometry": { "type": "Polygon", "coordinates": [ [ [ 77.431796358245307, 23.233668193418023 ], [ 77.431723158245319, 23.233764593377799 ], [ 77.431897858245307, 23.233876693331013 ], [ 77.431971058245324, 23.233780293371243 ], [ 77.431796358245307, 23.233668193418023 ] ] ] } },
{ "type": "Feature", "properties": { }, "geometry": { "type": "Polygon", "coordinates": [ [ [ 77.432089258245327, 23.233282793578844 ], [ 77.43201605824531, 23.233379093538662 ], [ 77.432190758245312, 23.233491193491886 ], [ 77.432263958245329, 23.233394893532068 ], [ 77.432089258245327, 23.233282793578844 ] ] ] } },
{ "type": "Feature", "properties": { }, "geometry": { "type": "Polygon", "coordinates": [ [ [ 77.436086458245327, 23.22770289590698 ], [ 77.436428158245292, 23.227844495847904 ], [ 77.436559158245302, 23.227577395959329 ], [ 77.436217358245315, 23.22743589601837 ], [ 77.436086458245327, 23.22770289590698 ] ] ] } },
{ "type": "Feature", "properties": { }, "geometry": { "type": "Polygon", "coordinates": [ [ [ 77.44367335824532, 23.229390195203038 ], [ 77.443660258245316, 23.228985995371666 ], [ 77.443553158245308, 23.22898889537046 ], [ 77.443587858245323, 23.230062494922532 ], [ 77.443701258245326, 23.230059394923831 ], [ 77.443687758245318, 23.22964389509718 ], [ 77.444281158245317, 23.229627695103947 ], [ 77.444297558245324, 23.230134194892624 ], [ 77.444463258245307, 23.230129694894494 ], [ 77.444460358245308, 23.230038994932343 ], [ 77.444562958245314, 23.230036194933504 ], [ 77.444528158245319, 23.228962795381346 ], [ 77.444431458245319, 23.228965395380264 ], [ 77.44442825824531, 23.228868395420733 ], [ 77.44426045824531, 23.228872995418811 ], [ 77.444276658245329, 23.229373695209919 ], [ 77.44367335824532, 23.229390195203038 ] ] ] } },
{ "type": "Feature", "properties": { }, "geometry": { "type": "Polygon", "coordinates": [ [ [ 77.440515658245317, 23.225037397018934 ], [ 77.440513058245315, 23.225366696881569 ], [ 77.440363558245309, 23.225365696881983 ], [ 77.440360458245308, 23.225755596719335 ], [ 77.440556058245306, 23.225756996718754 ], [ 77.440555958245326, 23.225778096709952 ], [ 77.440903958245329, 23.22578049670895 ], [ 77.440907658245294, 23.225321696900338 ], [ 77.441488958245301, 23.225325596898717 ], [ 77.441490058245307, 23.225187296956406 ], [ 77.441423558245319, 23.225186796956613 ], [ 77.441424658245325, 23.225051997012848 ], [ 77.441683458245322, 23.225053697012136 ], [ 77.441684558245313, 23.224906497073537 ], [ 77.440936858245323, 23.224901397075666 ], [ 77.440935758245303, 23.225040197017766 ], [ 77.440515658245317, 23.225037397018934 ] ] ] } },
{ "type": "Feature", "properties": { }, "geometry": { "type": "Polygon", "coordinates": [ [ [ 77.440656658245302, 23.226059496592562 ], [ 77.440816358245328, 23.226058596592942 ], [ 77.440814858245304, 23.225819296692766 ], [ 77.44065515824532, 23.225820096692431 ], [ 77.440656658245302, 23.226059496592562 ] ] ] } },
{ "type": "Feature", "properties": { }, "geometry": { "type": "Polygon", "coordinates": [ [ [ 77.443859058245323, 23.242003289939277 ], [ 77.444104358245312, 23.242244589838553 ], [ 77.444300558245317, 23.24207618990885 ], [ 77.444055258245328, 23.241834890009581 ], [ 77.443859058245323, 23.242003289939277 ] ] ] } },
{ "type": "Feature", "properties": { }, "geometry": { "type": "Polygon", "coordinates": [ [ [ 77.441718258245302, 23.225814696694684 ], [ 77.441718258245302, 23.225999796617462 ], [ 77.441881058245301, 23.225999796617462 ], [ 77.441881058245301, 23.225814696694684 ], [ 77.441718258245302, 23.225814696694684 ] ] ] } },
{ "type": "Feature", "properties": { }, "geometry": { "type": "Polygon", "coordinates": [ [ [ 77.442624658245322, 23.231092494492781 ], [ 77.442626258245326, 23.231301394405616 ], [ 77.442917158245322, 23.231299494406411 ], [ 77.442915658245326, 23.231090594493576 ], [ 77.442624658245322, 23.231092494492781 ] ] ] } },
{ "type": "Feature", "properties": { }, "geometry": { "type": "Polygon", "coordinates": [ [ [ 77.443783458245306, 23.230963394546638 ], [ 77.443785658245318, 23.231195194449928 ], [ 77.44401965824531, 23.231193294450719 ], [ 77.444017458245312, 23.230961594547399 ], [ 77.443783458245306, 23.230963394546638 ] ] ] } },
{ "type": "Feature", "properties": { }, "geometry": { "type": "Polygon", "coordinates": [ [ [ 77.443962458245309, 23.231373494375529 ], [ 77.443959858245307, 23.231531594309569 ], [ 77.44428845824531, 23.231536194307647 ], [ 77.444291058245327, 23.231378094373618 ], [ 77.443962458245309, 23.231373494375529 ] ] ] } },
{ "type": "Feature", "properties": { }, "geometry": { "type": "Polygon", "coordinates": [ [ [ 77.442623258245305, 23.231501294322207 ], [ 77.442792158245325, 23.231511594317912 ], [ 77.442805258245315, 23.231329394393931 ], [ 77.442636458245303, 23.231319194398193 ], [ 77.442623258245305, 23.231501294322207 ] ] ] } },
{ "type": "Feature", "properties": { }, "geometry": { "type": "Polygon", "coordinates": [ [ [ 77.443760058245303, 23.231375294374779 ], [ 77.443758358245319, 23.231542394305063 ], [ 77.443868258245303, 23.231543394304637 ], [ 77.443869858245307, 23.231376294374364 ], [ 77.443760058245303, 23.231375294374779 ] ] ] } },
{ "type": "Feature", "properties": { }, "geometry": { "type": "Polygon", "coordinates": [ [ [ 77.440883958245308, 23.225972196628977 ], [ 77.441458058245317, 23.225977496626772 ], [ 77.441460058245326, 23.225795196702816 ], [ 77.440885958245303, 23.225789896705031 ], [ 77.440883958245308, 23.225972196628977 ] ] ] } },
{ "type": "Feature", "properties": { }, "geometry": { "type": "Polygon", "coordinates": [ [ [ 77.441651058245327, 23.224079497418515 ], [ 77.44164495824532, 23.224331897313224 ], [ 77.441807758245304, 23.224335297311804 ], [ 77.441813858245311, 23.224082797417132 ], [ 77.441651058245327, 23.224079497418515 ] ] ] } },
{ "type": "Feature", "properties": { }, "geometry": { "type": "Polygon", "coordinates": [ [ [ 77.443718658245302, 23.241805090022012 ], [ 77.443868858245324, 23.241952889960316 ], [ 77.444027958245314, 23.24181629001734 ], [ 77.443877758245307, 23.241668590078994 ], [ 77.443718658245302, 23.241805090022012 ] ] ] } },
{ "type": "Feature", "properties": { }, "geometry": { "type": "Polygon", "coordinates": [ [ [ 77.442902558245308, 23.229701495073151 ], [ 77.443159158245322, 23.229697895074654 ], [ 77.443164558245329, 23.230016094941892 ], [ 77.443440658245294, 23.230012094943564 ], [ 77.443425658245303, 23.229123895314139 ], [ 77.443144658245316, 23.22912789531247 ], [ 77.443149358245307, 23.229408395195435 ], [ 77.4428976582453, 23.229411995193928 ], [ 77.442902558245308, 23.229701495073151 ] ] ] } },
{ "type": "Feature", "properties": { }, "geometry": { "type": "Polygon", "coordinates": [ [ [ 77.427507058245311, 23.23870289131688 ], [ 77.427864558245318, 23.238918891226728 ], [ 77.427993458245325, 23.238738791301891 ], [ 77.427915558245317, 23.238691691321552 ], [ 77.427870758245319, 23.238754291295429 ], [ 77.42782055824533, 23.238723891308112 ], [ 77.427865258245319, 23.238661291334239 ], [ 77.427683958245311, 23.23855179137994 ], [ 77.427723258245308, 23.238496891402857 ], [ 77.42767525824533, 23.238467891414963 ], [ 77.427507058245311, 23.23870289131688 ] ] ] } },
{ "type": "Feature", "properties": { }, "geometry": { "type": "Polygon", "coordinates": [ [ [ 77.428678858245306, 23.240600390524875 ], [ 77.428757958245313, 23.240622790515523 ], [ 77.42872665824531, 23.240715790476713 ], [ 77.428820858245331, 23.240742490465564 ], [ 77.42885215824532, 23.24064959050434 ], [ 77.429034158245315, 23.240701290482761 ], [ 77.429086758245305, 23.240544890548041 ], [ 77.428893558245321, 23.240489990570957 ], [ 77.428917458245309, 23.24041889060064 ], [ 77.428839358245327, 23.240396690609906 ], [ 77.428815358245316, 23.240467790580226 ], [ 77.428731458245295, 23.2404438905902 ], [ 77.428678858245306, 23.240600390524875 ] ] ] } },
{ "type": "Feature", "properties": { }, "geometry": { "type": "Polygon", "coordinates": [ [ [ 77.427322758245325, 23.238922191225349 ], [ 77.427425258245322, 23.238974491203521 ], [ 77.427453858245329, 23.238927091223307 ], [ 77.427637658245303, 23.239020891184147 ], [ 77.427601758245316, 23.239080291159361 ], [ 77.427690358245314, 23.239125591140454 ], [ 77.427782858245322, 23.238972691204271 ], [ 77.427407858245317, 23.238781291284152 ], [ 77.427377258245315, 23.238831991262995 ], [ 77.427339258245325, 23.238812491271137 ], [ 77.427308458245307, 23.23886339124989 ], [ 77.427346558245318, 23.238882791241796 ], [ 77.427322758245325, 23.238922191225349 ] ] ] } },
{ "type": "Feature", "properties": { }, "geometry": { "type": "Polygon", "coordinates": [ [ [ 77.429205058245302, 23.24047129057876 ], [ 77.429312558245314, 23.240501690566077 ], [ 77.429382258245326, 23.240293190653102 ], [ 77.429231058245307, 23.240250490670931 ], [ 77.429218658245304, 23.240287390655528 ], [ 77.429142158245313, 23.240265790664541 ], [ 77.429117658245303, 23.240339090633949 ], [ 77.429154158245325, 23.240349390629643 ], [ 77.429150158245307, 23.240361390624635 ], [ 77.429188458245306, 23.240372190620128 ], [ 77.429184758245313, 23.240383290615494 ], [ 77.429230258245312, 23.240396090610155 ], [ 77.429205058245302, 23.24047129057876 ] ] ] } },
{ "type": "Feature", "properties": { }, "geometry": { "type": "Polygon", "coordinates": [ [ [ 77.429101658245315, 23.236994492029901 ], [ 77.429138058245329, 23.237131791972597 ], [ 77.429168758245311, 23.237124991975435 ], [ 77.429181258245308, 23.237172191955732 ], [ 77.429150558245311, 23.237179091952854 ], [ 77.429223458245303, 23.237454991837708 ], [ 77.429265658245313, 23.237445591841631 ], [ 77.429276758245308, 23.237487791824023 ], [ 77.429238058245332, 23.237496491820387 ], [ 77.429271158245314, 23.237621791768092 ], [ 77.429510458245304, 23.237568291790417 ], [ 77.429344458245325, 23.236940292052516 ], [ 77.429101658245315, 23.236994492029901 ] ] ] } },
{ "type": "Feature", "properties": { }, "geometry": { "type": "Polygon", "coordinates": [ [ [ 77.426951958245326, 23.239947890797229 ], [ 77.426893458245303, 23.240029490763174 ], [ 77.426944358245308, 23.240060290750314 ], [ 77.426848058245312, 23.240194590694259 ], [ 77.426787658245303, 23.240157990709537 ], [ 77.426869458245321, 23.24004389075716 ], [ 77.426768458245292, 23.239982790782665 ], [ 77.426684258245302, 23.240100090733698 ], [ 77.426637558245318, 23.240071790745514 ], [ 77.426733758245319, 23.239937790801449 ], [ 77.426664358245304, 23.239895890818936 ], [ 77.426601758245312, 23.239983190782496 ], [ 77.426480958245321, 23.239909990813054 ], [ 77.426388558245321, 23.240038890759251 ], [ 77.426560758245301, 23.240143190715713 ], [ 77.426587058245303, 23.240106490731034 ], [ 77.426651558245325, 23.240145590714711 ], [ 77.426604158245311, 23.240211690687119 ], [ 77.426843958245314, 23.24035699062647 ], [ 77.427022758245315, 23.240107790730498 ], [ 77.427229158245339, 23.240232790678316 ], [ 77.427287658245305, 23.24015129071234 ], [ 77.426951958245326, 23.239947890797229 ] ] ] } },
{ "type": "Feature", "properties": { }, "geometry": { "type": "Polygon", "coordinates": [ [ [ 77.430224158245309, 23.238128691556529 ], [ 77.430647858245322, 23.238208891523058 ], [ 77.430690458245323, 23.238018991602313 ], [ 77.430266758245324, 23.237938791635791 ], [ 77.430224158245309, 23.238128691556529 ] ] ] } },
{ "type": "Feature", "properties": { }, "geometry": { "type": "Polygon", "coordinates": [ [ [ 77.430547058245324, 23.241783190031157 ], [ 77.430663658245308, 23.241751390044435 ], [ 77.430617858245313, 23.241609290103746 ], [ 77.430501158245335, 23.241641090090468 ], [ 77.430547058245324, 23.241783190031157 ] ] ] } },
{ "type": "Feature", "properties": { }, "geometry": { "type": "Polygon", "coordinates": [ [ [ 77.427624358245311, 23.239758490876284 ], [ 77.427842858245327, 23.239876390827074 ], [ 77.428121758245325, 23.239440091009186 ], [ 77.427903358245302, 23.239322191058388 ], [ 77.427624358245311, 23.239758490876284 ] ] ] } },
{ "type": "Feature", "properties": { }, "geometry": { "type": "Polygon", "coordinates": [ [ [ 77.426667158245294, 23.239775790869064 ], [ 77.426818058245317, 23.239865490831626 ], [ 77.426975358245315, 23.239641890924954 ], [ 77.426922958245314, 23.23961069093798 ], [ 77.426907058245291, 23.239633290928548 ], [ 77.426808558245312, 23.239574790952965 ], [ 77.426667158245294, 23.239775790869064 ] ] ] } },
{ "type": "Feature", "properties": { }, "geometry": { "type": "Polygon", "coordinates": [ [ [ 77.428110758245325, 23.240284890656568 ], [ 77.428451358245312, 23.240473690577758 ], [ 77.428491058245328, 23.240413190603018 ], [ 77.428541758245302, 23.240441290591285 ], [ 77.428605258245298, 23.240344590631651 ], [ 77.428554558245324, 23.240316490643377 ], [ 77.428660158245322, 23.240155690710498 ], [ 77.428319458245312, 23.239966890789304 ], [ 77.428110758245325, 23.240284890656568 ] ] ] } },
{ "type": "Feature", "properties": { }, "geometry": { "type": "Polygon", "coordinates": [ [ [ 77.430164958245314, 23.241686890071357 ], [ 77.430645058245304, 23.241548990128916 ], [ 77.430590658245322, 23.241388990195706 ], [ 77.430492858245287, 23.24141709018398 ], [ 77.430487758245334, 23.241402090190238 ], [ 77.430367558245308, 23.241436590175837 ], [ 77.430372658245304, 23.241451590169572 ], [ 77.430110458245323, 23.241526890138143 ], [ 77.430164958245314, 23.241686890071357 ] ] ] } },
{ "type": "Feature", "properties": { }, "geometry": { "type": "Polygon", "coordinates": [ [ [ 77.429247858245304, 23.240114090727857 ], [ 77.429419258245332, 23.240161990707868 ], [ 77.429492758245331, 23.239940290800408 ], [ 77.429241658245317, 23.239870090829708 ], [ 77.429202158245303, 23.239989390779911 ], [ 77.429257758245328, 23.2400049907734 ], [ 77.429252358245307, 23.240021190766637 ], [ 77.429276458245312, 23.240027890763844 ], [ 77.429247858245304, 23.240114090727857 ] ] ] } },
{ "type": "Feature", "properties": { }, "geometry": { "type": "Polygon", "coordinates": [ [ [ 77.427503858245302, 23.240398090609322 ], [ 77.427694758245309, 23.240131290720683 ], [ 77.42745495824532, 23.239986390781159 ], [ 77.427408558245304, 23.240051190754116 ], [ 77.427505158245324, 23.240109490729782 ], [ 77.427424058245322, 23.240222790682491 ], [ 77.427451258245313, 23.240239190675645 ], [ 77.427387758245303, 23.240327890638625 ], [ 77.427503858245302, 23.240398090609322 ] ] ] } },
{ "type": "Feature", "properties": { }, "geometry": { "type": "Polygon", "coordinates": [ [ [ 77.430254758245326, 23.237776291703607 ], [ 77.430469758245323, 23.237729291723227 ], [ 77.430383358245308, 23.237395091862702 ], [ 77.430168258245317, 23.237441991843134 ], [ 77.430190858245339, 23.237529291806698 ], [ 77.430329658245313, 23.237498991819344 ], [ 77.430366758245313, 23.23764259175941 ], [ 77.430227958245311, 23.237672891746769 ], [ 77.430254758245326, 23.237776291703607 ] ] ] } },
{ "type": "Feature", "properties": { }, "geometry": { "type": "Polygon", "coordinates": [ [ [ 77.428334058245298, 23.238518291393923 ], [ 77.428674258245309, 23.238725791307314 ], [ 77.428772658245308, 23.238589591364168 ], [ 77.428492358245308, 23.238418691435498 ], [ 77.428414958245313, 23.238298691485582 ], [ 77.42834175824531, 23.238399991443302 ], [ 77.428338858245311, 23.238398191444055 ], [ 77.428284958245328, 23.23847279141291 ], [ 77.428341858245318, 23.238507491398433 ], [ 77.428334058245298, 23.238518291393923 ] ] ] } },
{ "type": "Feature", "properties": { }, "geometry": { "type": "Polygon", "coordinates": [ [ [ 77.428476558245308, 23.237785191699896 ], [ 77.428742858245329, 23.237986991615678 ], [ 77.42870735824529, 23.238026591599144 ], [ 77.42876135824531, 23.238067491582076 ], [ 77.4287969582453, 23.238027891598605 ], [ 77.429035558245317, 23.238208691523138 ], [ 77.429121358245311, 23.238113091563037 ], [ 77.428646958245324, 23.237753591713084 ], [ 77.428712958245299, 23.237680091743766 ], [ 77.428628358245319, 23.237615991770515 ], [ 77.428476558245308, 23.237785191699896 ] ] ] } },
{ "type": "Feature", "properties": { }, "geometry": { "type": "Polygon", "coordinates": [ [ [ 77.430930258245311, 23.24149289015234 ], [ 77.430708758245316, 23.241546890129797 ], [ 77.430850958245315, 23.242039789924043 ], [ 77.431086058245313, 23.241982489947961 ], [ 77.431096858245326, 23.242016389933813 ], [ 77.431369958245327, 23.241942989964453 ], [ 77.431361258245303, 23.241915689975844 ], [ 77.431598058245314, 23.241855690000897 ], [ 77.4315537582453, 23.241707990062544 ], [ 77.431584558245319, 23.241700190065799 ], [ 77.431597958245305, 23.241744990047103 ], [ 77.431674358245303, 23.241725590055204 ], [ 77.431660958245303, 23.241680890073859 ], [ 77.431713658245314, 23.241667490079461 ], [ 77.431636858245312, 23.241411790186188 ], [ 77.431476958245298, 23.241452390169247 ], [ 77.431447858245321, 23.241355590209647 ], [ 77.43120275824532, 23.241417790183689 ], [ 77.431188358245308, 23.241372290202676 ], [ 77.431167458245326, 23.24137789020034 ], [ 77.43111865824531, 23.241212190269508 ], [ 77.430875858245315, 23.241272590244293 ], [ 77.430926058245305, 23.241442790173249 ], [ 77.430915258245307, 23.241445690172039 ], [ 77.430930258245311, 23.24149289015234 ] ] ] } },
{ "type": "Feature", "properties": { }, "geometry": { "type": "Polygon", "coordinates": [ [ [ 77.430996858245308, 23.24071059047888 ], [ 77.431241658245327, 23.240647390505259 ], [ 77.431276058245302, 23.240585590531051 ], [ 77.431249658245321, 23.240499490566997 ], [ 77.431159358245324, 23.240426190597592 ], [ 77.431077358245318, 23.240509090562988 ], [ 77.430990158245322, 23.240465090581356 ], [ 77.430970158245287, 23.240487790571873 ], [ 77.430997558245295, 23.240516490559898 ], [ 77.430965358245302, 23.240562690540614 ], [ 77.43097765824534, 23.240589690529347 ], [ 77.43096115824531, 23.240593990527554 ], [ 77.430996858245308, 23.24071059047888 ] ] ] } },
{ "type": "Feature", "properties": { }, "geometry": { "type": "Polygon", "coordinates": [ [ [ 77.426468358245316, 23.241256390251053 ], [ 77.426716458245323, 23.241384490197586 ], [ 77.426740758245302, 23.241344790214153 ], [ 77.426825258245316, 23.241388490195913 ], [ 77.426896458245324, 23.2412720902445 ], [ 77.426939658245303, 23.241294490235152 ], [ 77.426974658245314, 23.241237290259029 ], [ 77.426846858245312, 23.24117129028658 ], [ 77.42689125824532, 23.241098690316882 ], [ 77.426635458245315, 23.240966590372018 ], [ 77.426620758245321, 23.240989490362463 ], [ 77.426562858245319, 23.24099959035825 ], [ 77.426506658245316, 23.241087190321682 ], [ 77.426532858245324, 23.241126390305322 ], [ 77.426518358245318, 23.241149090295846 ], [ 77.426530158245313, 23.241155190293302 ], [ 77.426468358245316, 23.241256390251053 ] ] ] } },
{ "type": "Feature", "properties": { }, "geometry": { "type": "Polygon", "coordinates": [ [ [ 77.431828558245314, 23.238153491546182 ], [ 77.431847358245321, 23.238229291514546 ], [ 77.431645058245323, 23.238271491496935 ], [ 77.431674158245329, 23.238389291447767 ], [ 77.432057658245299, 23.2383091914812 ], [ 77.432028558245321, 23.238191391530357 ], [ 77.431926858245319, 23.238212691521476 ], [ 77.431907558245314, 23.2381342915542 ], [ 77.432142258245321, 23.238076991578112 ], [ 77.432123958245299, 23.238013491604615 ], [ 77.432081858245311, 23.238023691600354 ], [ 77.432068458245311, 23.237977091619808 ], [ 77.431815358245302, 23.23803879159405 ], [ 77.431802458245315, 23.237993891612792 ], [ 77.431716558245313, 23.238014891604031 ], [ 77.431761358245311, 23.238169891539336 ], [ 77.431828558245314, 23.238153491546182 ] ] ] } },
{ "type": "Feature", "properties": { }, "geometry": { "type": "Polygon", "coordinates": [ [ [ 77.427331258245303, 23.23904819117276 ], [ 77.42722875824532, 23.239197091110611 ], [ 77.427343058245313, 23.239263491082895 ], [ 77.427331158245323, 23.239280991075592 ], [ 77.427410558245327, 23.239327091056349 ], [ 77.427423458245315, 23.239308391064156 ], [ 77.427509458245311, 23.239358291043327 ], [ 77.427542158245316, 23.239310691063196 ], [ 77.427527758245319, 23.239302391066655 ], [ 77.427564558245294, 23.239248891088991 ], [ 77.427579258245316, 23.239257391085438 ], [ 77.427611258245321, 23.239210891104847 ], [ 77.42752365824532, 23.239159991126098 ], [ 77.427518958245329, 23.239166891123215 ], [ 77.427411658245319, 23.239104491149259 ], [ 77.427416358245324, 23.239097591152138 ], [ 77.427331258245303, 23.23904819117276 ] ] ] } },
{ "type": "Feature", "properties": { }, "geometry": { "type": "Polygon", "coordinates": [ [ [ 77.427985058245312, 23.24066559049766 ], [ 77.427940058245326, 23.240728190471529 ], [ 77.427920458245325, 23.240716290476499 ], [ 77.427883558245313, 23.240767590455089 ], [ 77.42790305824532, 23.240779490450119 ], [ 77.427836158245299, 23.240872390411347 ], [ 77.427926958245294, 23.240927590388296 ], [ 77.427915758245305, 23.240942990381875 ], [ 77.428019458245302, 23.241006090355537 ], [ 77.428012558245314, 23.241015690351528 ], [ 77.428060058245308, 23.241044490339512 ], [ 77.428075858245307, 23.241022490348691 ], [ 77.42810175824529, 23.241038190342138 ], [ 77.428123558245304, 23.241007890354783 ], [ 77.428149158245304, 23.241023490348276 ], [ 77.428178358245319, 23.240982990365175 ], [ 77.42820985824531, 23.241002190357161 ], [ 77.428270258245306, 23.240918190392222 ], [ 77.428200558245322, 23.240875790409927 ], [ 77.428240258245324, 23.240820790432881 ], [ 77.427985058245312, 23.24066559049766 ] ] ] } },
{ "type": "Feature", "properties": { }, "geometry": { "type": "Polygon", "coordinates": [ [ [ 77.424368858245302, 23.239854590836178 ], [ 77.424404258245303, 23.239853590836596 ], [ 77.424405358245323, 23.239888190822146 ], [ 77.42453555824531, 23.239884490823695 ], [ 77.424534358245324, 23.239849890838137 ], [ 77.424563958245315, 23.239849090838472 ], [ 77.424562058245328, 23.239791490862512 ], [ 77.424693658245289, 23.239787690864102 ], [ 77.424690358245329, 23.239689590905051 ], [ 77.424816758245328, 23.239685990906551 ], [ 77.424810158245307, 23.239489390988606 ], [ 77.424653458245302, 23.239493890986729 ], [ 77.42465435824532, 23.239520990975414 ], [ 77.424614958245314, 23.239522090974962 ], [ 77.424617858245327, 23.239606190939856 ], [ 77.424554558245305, 23.239607990939106 ], [ 77.424507658245304, 23.239647590922576 ], [ 77.424509658245313, 23.239708490897154 ], [ 77.424409158245311, 23.239711390895952 ], [ 77.424410058245314, 23.239739290884302 ], [ 77.424364958245306, 23.239740490883797 ], [ 77.424368858245302, 23.239854590836178 ] ] ] } },
{ "type": "Feature", "properties": { }, "geometry": { "type": "Polygon", "coordinates": [ [ [ 77.431875458245315, 23.238959491209776 ], [ 77.431880758245327, 23.238976591202643 ], [ 77.431856558245329, 23.238982991199968 ], [ 77.431905558245319, 23.239141291133905 ], [ 77.431990158245313, 23.239119191143125 ], [ 77.43198445824531, 23.239100891150763 ], [ 77.432036058245316, 23.239087391156396 ], [ 77.432041758245319, 23.239105691148755 ], [ 77.432098758245317, 23.239090791154975 ], [ 77.432092258245305, 23.239070091163615 ], [ 77.432147958245324, 23.239055491169708 ], [ 77.432154358245327, 23.23907629116103 ], [ 77.432208958245326, 23.239062091166957 ], [ 77.432203358245317, 23.239043991174508 ], [ 77.432257258245329, 23.239029891180397 ], [ 77.432262858245323, 23.239047991172843 ], [ 77.43232005824531, 23.239032991179101 ], [ 77.432312958245305, 23.239010091188664 ], [ 77.432367758245306, 23.238995791194629 ], [ 77.432374858245325, 23.239018691185066 ], [ 77.432455358245321, 23.238997691193838 ], [ 77.43239695824532, 23.238809191272512 ], [ 77.431991058245316, 23.238915191228269 ], [ 77.431980458245306, 23.238880891242584 ], [ 77.431907658245322, 23.238899991234611 ], [ 77.431922258245308, 23.238947291214867 ], [ 77.431875458245315, 23.238959491209776 ] ] ] } },
{ "type": "Feature", "properties": { }, "geometry": { "type": "Polygon", "coordinates": [ [ [ 77.42598555824533, 23.241913189976891 ], [ 77.426170158245313, 23.242013089935188 ], [ 77.426182858245326, 23.2419931899435 ], [ 77.426211958245304, 23.242008989936902 ], [ 77.426242358245318, 23.241961589956688 ], [ 77.426226458245324, 23.241952989960275 ], [ 77.426253358245319, 23.241910989977811 ], [ 77.426281158245317, 23.241925989971548 ], [ 77.426341958245317, 23.241831090011168 ], [ 77.426308058245311, 23.241812690018843 ], [ 77.426375958245316, 23.241706790063045 ], [ 77.426463858245313, 23.241754390043184 ], [ 77.426317758245332, 23.241982289948048 ], [ 77.426361158245328, 23.242005789938236 ], [ 77.426308458245302, 23.242087889903964 ], [ 77.42639985824529, 23.242137389883304 ], [ 77.426670758245308, 23.241714690059752 ], [ 77.426630358245319, 23.241692790068893 ], [ 77.426614358245317, 23.241717790058456 ], [ 77.426572558245326, 23.241695190067887 ], [ 77.426559358245328, 23.241715690059333 ], [ 77.426503058245302, 23.241685190072062 ], [ 77.426490658245328, 23.241704390064054 ], [ 77.426395958245294, 23.241653190085426 ], [ 77.426433758245309, 23.241594290110008 ], [ 77.426252658245303, 23.241496290150916 ], [ 77.426228658245321, 23.241533790135257 ], [ 77.426198458245324, 23.241517490142069 ], [ 77.426151058245324, 23.241591390111218 ], [ 77.426181258245308, 23.241607790104378 ], [ 77.426097058245318, 23.241739090049567 ], [ 77.426085358245302, 23.241732790052197 ], [ 77.426063158245313, 23.241767390037751 ], [ 77.426074858245315, 23.241773690035121 ], [ 77.42598555824533, 23.241913189976891 ] ] ] } },
{ "type": "Feature", "properties": { }, "geometry": { "type": "Polygon", "coordinates": [ [ [ 77.429329258245303, 23.241670290078286 ], [ 77.429374158245309, 23.241746690046391 ], [ 77.429434858245315, 23.241716590058957 ], [ 77.429389858245315, 23.241640190090845 ], [ 77.429329258245303, 23.241670290078286 ] ] ] } },
{ "type": "Feature", "properties": { }, "geometry": { "type": "Polygon", "coordinates": [ [ [ 77.429541158245328, 23.241848290003979 ], [ 77.42960345824531, 23.241807590020976 ], [ 77.429568958245326, 23.241762990039589 ], [ 77.429506658245302, 23.241803590022641 ], [ 77.429541158245328, 23.241848290003979 ] ] ] } },
{ "type": "Feature", "properties": { }, "geometry": { "type": "Polygon", "coordinates": [ [ [ 77.429046958245323, 23.239429591013565 ], [ 77.429280658245304, 23.239509490980215 ], [ 77.429457658245312, 23.23907199116282 ], [ 77.429223958245316, 23.238992191196132 ], [ 77.429046958245323, 23.239429591013565 ] ] ] } },
{ "type": "Feature", "properties": { }, "geometry": { "type": "Polygon", "coordinates": [ [ [ 77.427377358245323, 23.239816890851912 ], [ 77.427428858245307, 23.239844790840262 ], [ 77.427504258245307, 23.239726790889517 ], [ 77.427452758245323, 23.239698990901125 ], [ 77.427377358245323, 23.239816890851912 ] ] ] } },
{ "type": "Feature", "properties": { }, "geometry": { "type": "Polygon", "coordinates": [ [ [ 77.42980795824532, 23.238551891379903 ], [ 77.42987545824532, 23.238561891375728 ], [ 77.42990825824532, 23.238373991454154 ], [ 77.429840858245328, 23.238363991458328 ], [ 77.42980795824532, 23.238551891379903 ] ] ] } },
{ "type": "Feature", "properties": { }, "geometry": { "type": "Polygon", "coordinates": [ [ [ 77.429450958245312, 23.241518690141564 ], [ 77.429527758245328, 23.241474590159974 ], [ 77.429488258245328, 23.241416590184183 ], [ 77.42941155824532, 23.241460690165777 ], [ 77.429450958245312, 23.241518690141564 ] ] ] } },
{ "type": "Feature", "properties": { }, "geometry": { "type": "Polygon", "coordinates": [ [ [ 77.426257758245313, 23.240786190447327 ], [ 77.426329558245314, 23.240828090429837 ], [ 77.426365258245326, 23.240776390451416 ], [ 77.42629355824532, 23.240734490468906 ], [ 77.426257758245313, 23.240786190447327 ] ] ] } },
{ "type": "Feature", "properties": { }, "geometry": { "type": "Polygon", "coordinates": [ [ [ 77.430434958245314, 23.240202590690924 ], [ 77.430561058245303, 23.240209390688083 ], [ 77.430569258245313, 23.240080390741923 ], [ 77.430443158245325, 23.240073690744726 ], [ 77.430434958245314, 23.240202590690924 ] ] ] } },
{ "type": "Feature", "properties": { }, "geometry": { "type": "Polygon", "coordinates": [ [ [ 77.429330858245322, 23.241509390145449 ], [ 77.429405058245308, 23.241583090114684 ], [ 77.429463458245323, 23.241533490135378 ], [ 77.429389258245308, 23.241459790166154 ], [ 77.429330858245322, 23.241509390145449 ] ] ] } },
{ "type": "Feature", "properties": { }, "geometry": { "type": "Polygon", "coordinates": [ [ [ 77.425504058245323, 23.242184589863598 ], [ 77.42567765824532, 23.242275789825527 ], [ 77.425880158245306, 23.241950489961326 ], [ 77.425706558245324, 23.241859189999431 ], [ 77.425504058245323, 23.242184589863598 ] ] ] } },
{ "type": "Feature", "properties": { }, "geometry": { "type": "Polygon", "coordinates": [ [ [ 77.424527058245317, 23.241478790158219 ], [ 77.424647058245313, 23.241418390183437 ], [ 77.424594258245335, 23.241329790220416 ], [ 77.424474258245311, 23.241390190195204 ], [ 77.424527058245317, 23.241478790158219 ] ] ] } },
{ "type": "Feature", "properties": { }, "geometry": { "type": "Polygon", "coordinates": [ [ [ 77.43081585824531, 23.238765091290922 ], [ 77.430813658245327, 23.238844591257731 ], [ 77.430920958245324, 23.238847091256687 ], [ 77.430923158245307, 23.238767591289871 ], [ 77.43081585824531, 23.238765091290922 ] ] ] } },
{ "type": "Feature", "properties": { }, "geometry": { "type": "Polygon", "coordinates": [ [ [ 77.429246758245313, 23.241442590173332 ], [ 77.429309458245314, 23.241509690145328 ], [ 77.42935745824532, 23.241471890161101 ], [ 77.429294758245319, 23.241404790189112 ], [ 77.429246758245313, 23.241442590173332 ] ] ] } },
{ "type": "Feature", "properties": { }, "geometry": { "type": "Polygon", "coordinates": [ [ [ 77.424960258245321, 23.240133090719937 ], [ 77.4250235582453, 23.240194690694217 ], [ 77.425316658245322, 23.239940190800446 ], [ 77.425253358245328, 23.239878690826121 ], [ 77.424960258245321, 23.240133090719937 ] ] ] } },
{ "type": "Feature", "properties": { }, "geometry": { "type": "Polygon", "coordinates": [ [ [ 77.428388458245323, 23.24062799051336 ], [ 77.428445358245312, 23.240657990500832 ], [ 77.428519058245328, 23.240539690550211 ], [ 77.42846215824531, 23.240509690562732 ], [ 77.428388458245323, 23.24062799051336 ] ] ] } },
{ "type": "Feature", "properties": { }, "geometry": { "type": "Polygon", "coordinates": [ [ [ 77.42918775824532, 23.240844890422817 ], [ 77.429252358245307, 23.240863590415014 ], [ 77.429281258245297, 23.240779190450247 ], [ 77.429216558245315, 23.240760490458054 ], [ 77.42918775824532, 23.240844890422817 ] ] ] } },
{ "type": "Feature", "properties": { }, "geometry": { "type": "Polygon", "coordinates": [ [ [ 77.432286358245307, 23.23941119102124 ], [ 77.432353458245302, 23.23961699093535 ], [ 77.432464958245305, 23.239586290948161 ], [ 77.432397958245303, 23.239380491034058 ], [ 77.432286358245307, 23.23941119102124 ] ] ] } },
{ "type": "Feature", "properties": { }, "geometry": { "type": "Polygon", "coordinates": [ [ [ 77.429357358245326, 23.240989090362628 ], [ 77.429455658245288, 23.241009690354023 ], [ 77.429474958245308, 23.240932090386426 ], [ 77.429376758245326, 23.240911390395066 ], [ 77.429357358245326, 23.240989090362628 ] ] ] } },
{ "type": "Feature", "properties": { }, "geometry": { "type": "Polygon", "coordinates": [ [ [ 77.42749995824532, 23.239879090825948 ], [ 77.427558658245317, 23.239911390812466 ], [ 77.427633758245307, 23.239796190860549 ], [ 77.42757505824531, 23.239763890874038 ], [ 77.42749995824532, 23.239879090825948 ] ] ] } },
{ "type": "Feature", "properties": { }, "geometry": { "type": "Polygon", "coordinates": [ [ [ 77.429860958245314, 23.238302991483785 ], [ 77.429941458245324, 23.238314891478826 ], [ 77.42996155824531, 23.238199691526901 ], [ 77.429881058245329, 23.238187791531868 ], [ 77.429860958245314, 23.238302991483785 ] ] ] } },
{ "type": "Feature", "properties": { }, "geometry": { "type": "Polygon", "coordinates": [ [ [ 77.432242758245309, 23.240374190619299 ], [ 77.432405058245337, 23.240337790634488 ], [ 77.43235355824531, 23.240143790715464 ], [ 77.432191258245325, 23.24018009070031 ], [ 77.432242758245309, 23.240374190619299 ] ] ] } },
{ "type": "Feature", "properties": { }, "geometry": { "type": "Polygon", "coordinates": [ [ [ 77.427750758245324, 23.239485390990275 ], [ 77.427862758245325, 23.23931779106023 ], [ 77.427743458245317, 23.239250491088324 ], [ 77.42763145824533, 23.239418091018369 ], [ 77.427750758245324, 23.239485390990275 ] ] ] } },
{ "type": "Feature", "properties": { }, "geometry": { "type": "Polygon", "coordinates": [ [ [ 77.429949458245318, 23.238341191467843 ], [ 77.430076258245322, 23.238365291457779 ], [ 77.430104958245309, 23.238237191511246 ], [ 77.429978258245328, 23.238213091521306 ], [ 77.429949458245318, 23.238341191467843 ] ] ] } },
{ "type": "Feature", "properties": { }, "geometry": { "type": "Polygon", "coordinates": [ [ [ 77.427941858245305, 23.23905629116938 ], [ 77.427892858245315, 23.23912719113979 ], [ 77.42799945824531, 23.239189391113829 ], [ 77.428048458245314, 23.239118491143415 ], [ 77.427941858245305, 23.23905629116938 ] ] ] } },
{ "type": "Feature", "properties": { }, "geometry": { "type": "Polygon", "coordinates": [ [ [ 77.427436958245323, 23.239847090839305 ], [ 77.427491858245304, 23.239877090826788 ], [ 77.427568358245324, 23.239758790876159 ], [ 77.427513358245321, 23.239728790888687 ], [ 77.427436958245323, 23.239847090839305 ] ] ] } },
{ "type": "Feature", "properties": { }, "geometry": { "type": "Polygon", "coordinates": [ [ [ 77.432122758245313, 23.237352591880445 ], [ 77.432210158245326, 23.237336391887204 ], [ 77.43234365824533, 23.237259191919421 ], [ 77.432316158245314, 23.237133891971716 ], [ 77.432084058245323, 23.23717709195369 ], [ 77.432122758245313, 23.237352591880445 ] ] ] } },
{ "type": "Feature", "properties": { }, "geometry": { "type": "Polygon", "coordinates": [ [ [ 77.425150958245311, 23.240315090643957 ], [ 77.425255358245323, 23.240403990606861 ], [ 77.425326058245304, 23.240333990636078 ], [ 77.425342758245307, 23.240348190630147 ], [ 77.425378158245309, 23.240313090644801 ], [ 77.425406758245302, 23.240337490634612 ], [ 77.425466658245327, 23.240278190659371 ], [ 77.425611058245309, 23.240400990608112 ], [ 77.42555765824531, 23.240453890586029 ], [ 77.425536758245315, 23.240436090593455 ], [ 77.425496858245324, 23.240475690576929 ], [ 77.425489158245313, 23.24046909057968 ], [ 77.425437058245308, 23.240520890558063 ], [ 77.425447158245305, 23.240529490554476 ], [ 77.425421158245328, 23.240555190543745 ], [ 77.425369658245302, 23.240511290562065 ], [ 77.425237658245322, 23.240642090507468 ], [ 77.425205958245328, 23.240615090518741 ], [ 77.425155258245326, 23.240665390497746 ], [ 77.425216358245322, 23.240717490476005 ], [ 77.425193158245307, 23.240740490466397 ], [ 77.425011558245302, 23.240585890530934 ], [ 77.425092258245314, 23.240505890564322 ], [ 77.425125258245288, 23.240533890552634 ], [ 77.425212458245312, 23.240447390588745 ], [ 77.425128558245305, 23.240373190619714 ], [ 77.424873858245306, 23.240601190524547 ], [ 77.425072258245308, 23.240770190454 ], [ 77.425103858245322, 23.240738790467105 ], [ 77.425127858245318, 23.240759190458594 ], [ 77.425080358245324, 23.240806290438929 ], [ 77.425214358245327, 23.240920390391306 ], [ 77.425717258245314, 23.240421690599472 ], [ 77.42568835824531, 23.240397090609736 ], [ 77.425720058245304, 23.240365590622879 ], [ 77.425664558245316, 23.240318290642627 ], [ 77.425639458245328, 23.240343190632238 ], [ 77.425599258245327, 23.240308890646553 ], [ 77.425624258245335, 23.240284090656907 ], [ 77.425578658245314, 23.240245190673139 ], [ 77.425551958245308, 23.240271590662122 ], [ 77.425506358245329, 23.240232790678316 ], [ 77.425539358245302, 23.240200090691964 ], [ 77.425486658245305, 23.240155190710706 ], [ 77.425444758245305, 23.240196690693381 ], [ 77.425412858245323, 23.240169490704737 ], [ 77.425369058245323, 23.240212890686621 ], [ 77.425380158245318, 23.240222290682699 ], [ 77.425324958245312, 23.240276990659865 ], [ 77.425317258245315, 23.240270490662578 ], [ 77.425302658245329, 23.24028499065653 ], [ 77.425255358245323, 23.24024469067335 ], [ 77.425215958245317, 23.240283790657028 ], [ 77.425197958245292, 23.240268490663411 ], [ 77.425150958245311, 23.240315090643957 ] ] ] } },
{ "type": "Feature", "properties": { }, "geometry": { "type": "Polygon", "coordinates": [ [ [ 77.43250565824529, 23.239292191070916 ], [ 77.432521658245321, 23.239346491048249 ], [ 77.432641758245325, 23.239316491060773 ], [ 77.432663258245327, 23.239389491030302 ], [ 77.432738358245288, 23.239370791038109 ], [ 77.432700758245318, 23.239243591091199 ], [ 77.43250565824529, 23.239292191070916 ] ] ] } },
{ "type": "Feature", "properties": { }, "geometry": { "type": "Polygon", "coordinates": [ [ [ 77.428372358245312, 23.24060529052284 ], [ 77.428427958245322, 23.240518390559103 ], [ 77.428366358245327, 23.240485090573003 ], [ 77.428329958245328, 23.240541990549257 ], [ 77.428313358245319, 23.24053299055301 ], [ 77.428294158245336, 23.240562990540489 ], [ 77.428372358245312, 23.24060529052284 ] ] ] } },
{ "type": "Feature", "properties": { }, "geometry": { "type": "Polygon", "coordinates": [ [ [ 77.431563258245305, 23.237259691919217 ], [ 77.431598658245306, 23.237441491843335 ], [ 77.431622858245305, 23.237437491845014 ], [ 77.431632458245303, 23.23748709182431 ], [ 77.432039058245323, 23.237420291852185 ], [ 77.431994058245337, 23.237188991948724 ], [ 77.431563258245305, 23.237259691919217 ] ] ] } },
{ "type": "Feature", "properties": { }, "geometry": { "type": "Polygon", "coordinates": [ [ [ 77.425713958245311, 23.241823190014461 ], [ 77.425919158245321, 23.241929189970215 ], [ 77.425948158245305, 23.24188178999 ], [ 77.425874258245315, 23.241843590005946 ], [ 77.425901258245304, 23.241799590024311 ], [ 77.425769858245303, 23.241731790052615 ], [ 77.425713958245311, 23.241823190014461 ] ] ] } },
{ "type": "Feature", "properties": { }, "geometry": { "type": "Polygon", "coordinates": [ [ [ 77.430898958245308, 23.240493690569412 ], [ 77.43094655824531, 23.240525790556013 ], [ 77.430969158245304, 23.240474590577392 ], [ 77.430912458245317, 23.24029869065081 ], [ 77.430828158245319, 23.240321690641206 ], [ 77.43083835824531, 23.240353090628105 ], [ 77.430852458245312, 23.240349290629688 ], [ 77.430898958245308, 23.240493690569412 ] ] ] } },
{ "type": "Feature", "properties": { }, "geometry": { "type": "Polygon", "coordinates": [ [ [ 77.432526658245308, 23.238439391426859 ], [ 77.432568058245309, 23.238586291365543 ], [ 77.432527758245328, 23.238595891361538 ], [ 77.432545058245324, 23.238657191335953 ], [ 77.432568358245305, 23.238651591338289 ], [ 77.432643658245311, 23.238918591226852 ], [ 77.432757958245304, 23.238891391238194 ], [ 77.432624058245324, 23.238416291436497 ], [ 77.432526658245308, 23.238439391426859 ] ] ] } },
{ "type": "Feature", "properties": { }, "geometry": { "type": "Polygon", "coordinates": [ [ [ 77.430456458245331, 23.23864929133925 ], [ 77.430629458245306, 23.23868259132535 ], [ 77.430719758245317, 23.238285891490925 ], [ 77.430546758245313, 23.238252691504776 ], [ 77.430502258245326, 23.238448191423181 ], [ 77.430397058245319, 23.238427991431614 ], [ 77.43036895824531, 23.238551191380196 ], [ 77.430474158245303, 23.238571491371722 ], [ 77.430456458245331, 23.23864929133925 ] ] ] } },
{ "type": "Feature", "properties": { }, "geometry": { "type": "Polygon", "coordinates": [ [ [ 77.424257058245317, 23.240258290667676 ], [ 77.424445958245329, 23.240438090592619 ], [ 77.424553958245326, 23.240342290632608 ], [ 77.424495558245312, 23.24028659065586 ], [ 77.424461458245304, 23.240316790643252 ], [ 77.424411458245302, 23.240269190663117 ], [ 77.424445458245316, 23.240238990675728 ], [ 77.424365058245314, 23.240162490707657 ], [ 77.424257058245317, 23.240258290667676 ] ] ] } },
{ "type": "Feature", "properties": { }, "geometry": { "type": "Polygon", "coordinates": [ [ [ 77.432014158245323, 23.239645290923534 ], [ 77.432317058245317, 23.239573490953507 ], [ 77.432270358245319, 23.239407391022834 ], [ 77.432188158245324, 23.239426891014695 ], [ 77.432168258245312, 23.239356191044205 ], [ 77.432078258245312, 23.239377491035309 ], [ 77.432098158245324, 23.239448291005758 ], [ 77.43196745824531, 23.239479290992822 ], [ 77.432014158245323, 23.239645290923534 ] ] ] } },
{ "type": "Feature", "properties": { }, "geometry": { "type": "Polygon", "coordinates": [ [ [ 77.424881158245327, 23.241896789983738 ], [ 77.425025458245315, 23.241969389953436 ], [ 77.425011658245324, 23.241992589943745 ], [ 77.425113758245331, 23.242043889922332 ], [ 77.425127558245308, 23.242020689932019 ], [ 77.425353558245305, 23.242134389884555 ], [ 77.425567558245319, 23.241775090034544 ], [ 77.425095158245313, 23.241537490133723 ], [ 77.424913258245326, 23.241735390051108 ], [ 77.424881158245327, 23.241896789983738 ] ] ] } },
{ "type": "Feature", "properties": { }, "geometry": { "type": "Polygon", "coordinates": [ [ [ 77.426284258245303, 23.241251290253182 ], [ 77.426343158245317, 23.241280090241165 ], [ 77.426514758245318, 23.240984390364591 ], [ 77.426455958245327, 23.240955490376656 ], [ 77.426284258245303, 23.241251290253182 ] ] ] } },
{ "type": "Feature", "properties": { }, "geometry": { "type": "Polygon", "coordinates": [ [ [ 77.438388958245326, 23.239461291000335 ], [ 77.438472758245311, 23.239486690989736 ], [ 77.438520358245313, 23.239353591045287 ], [ 77.438436558245343, 23.239328291055852 ], [ 77.438388958245326, 23.239461291000335 ] ] ] } },
{ "type": "Feature", "properties": { }, "geometry": { "type": "Polygon", "coordinates": [ [ [ 77.433299358245307, 23.239859690834045 ], [ 77.433470958245309, 23.239818990851031 ], [ 77.433420558245317, 23.239639890925783 ], [ 77.433249058245323, 23.239680690908763 ], [ 77.433299358245307, 23.239859690834045 ] ] ] } },
{ "type": "Feature", "properties": { }, "geometry": { "type": "Polygon", "coordinates": [ [ [ 77.43338315824532, 23.239331591054466 ], [ 77.433496558245324, 23.23932429105751 ], [ 77.433484858245308, 23.239173091120627 ], [ 77.433371558245327, 23.239180491117541 ], [ 77.43338315824532, 23.239331591054466 ] ] ] } },
{ "type": "Feature", "properties": { }, "geometry": { "type": "Polygon", "coordinates": [ [ [ 77.434917458245323, 23.239122191141867 ], [ 77.435099758245315, 23.239157291127228 ], [ 77.435114158245312, 23.239094391153468 ], [ 77.434931758245312, 23.239059291168122 ], [ 77.434917458245323, 23.239122191141867 ] ] ] } },
{ "type": "Feature", "properties": { }, "geometry": { "type": "Polygon", "coordinates": [ [ [ 77.433163258245315, 23.239563290957765 ], [ 77.433395258245326, 23.239509090980381 ], [ 77.433376758245316, 23.239442291008267 ], [ 77.433144758245305, 23.239496490985641 ], [ 77.433163258245315, 23.239563290957765 ] ] ] } },
{ "type": "Feature", "properties": { }, "geometry": { "type": "Polygon", "coordinates": [ [ [ 77.434066458245312, 23.238486291407284 ], [ 77.434260658245307, 23.238544891382819 ], [ 77.434319658245315, 23.238379691451772 ], [ 77.434125458245305, 23.238321191476189 ], [ 77.434066458245312, 23.238486291407284 ] ] ] } },
{ "type": "Feature", "properties": { }, "geometry": { "type": "Polygon", "coordinates": [ [ [ 77.438728858245312, 23.239543890965862 ], [ 77.4388104582453, 23.239567590955968 ], [ 77.438854758245327, 23.239438791009729 ], [ 77.438773158245311, 23.239415091019623 ], [ 77.438728858245312, 23.239543890965862 ] ] ] } },
{ "type": "Feature", "properties": { }, "geometry": { "type": "Polygon", "coordinates": [ [ [ 77.433416758245315, 23.239540490967276 ], [ 77.433608458245303, 23.239498590984766 ], [ 77.433576558245321, 23.23937519103627 ], [ 77.433384758245325, 23.239417091018783 ], [ 77.433416758245315, 23.239540490967276 ] ] ] } },
{ "type": "Feature", "properties": { }, "geometry": { "type": "Polygon", "coordinates": [ [ [ 77.433735258245306, 23.239960690791893 ], [ 77.433904258245306, 23.239926190806294 ], [ 77.433885658245302, 23.239849290838386 ], [ 77.433716658245316, 23.239883790823988 ], [ 77.433735258245306, 23.239960690791893 ] ] ] } },
{ "type": "Feature", "properties": { }, "geometry": { "type": "Polygon", "coordinates": [ [ [ 77.439180458245318, 23.239333791053554 ], [ 77.439403758245319, 23.239397891026798 ], [ 77.439436558245305, 23.239301291067122 ], [ 77.439213258245317, 23.239237191093874 ], [ 77.439180458245318, 23.239333791053554 ] ] ] } },
{ "type": "Feature", "properties": { }, "geometry": { "type": "Polygon", "coordinates": [ [ [ 77.433700358245304, 23.239780790866984 ], [ 77.433870058245304, 23.239741390883424 ], [ 77.433819858245315, 23.239559290959431 ], [ 77.433650258245308, 23.239598690942987 ], [ 77.433700358245304, 23.239780790866984 ] ] ] } },
{ "type": "Feature", "properties": { }, "geometry": { "type": "Polygon", "coordinates": [ [ [ 77.438489458245328, 23.239501390983602 ], [ 77.438610758245304, 23.239533790970079 ], [ 77.438661758245317, 23.23937299103719 ], [ 77.438540458245313, 23.239340591050713 ], [ 77.438489458245328, 23.239501390983602 ] ] ] } },
{ "type": "Feature", "properties": { }, "geometry": { "type": "Polygon", "coordinates": [ [ [ 77.432945258245326, 23.2380822915759 ], [ 77.433170758245311, 23.238167591540293 ], [ 77.433235958245305, 23.238021891601107 ], [ 77.433010558245314, 23.237936691636666 ], [ 77.432945258245326, 23.2380822915759 ] ] ] } },
{ "type": "Feature", "properties": { }, "geometry": { "type": "Polygon", "coordinates": [ [ [ 77.433643358245291, 23.238008191606824 ], [ 77.433617758245319, 23.238105791566092 ], [ 77.433828958245314, 23.238152591546552 ], [ 77.433854558245329, 23.23805499158729 ], [ 77.433643358245291, 23.238008191606824 ] ] ] } },
{ "type": "Feature", "properties": { }, "geometry": { "type": "Polygon", "coordinates": [ [ [ 77.433672158245329, 23.238305291482821 ], [ 77.433854558245329, 23.238383391450228 ], [ 77.433916258245304, 23.238261791500978 ], [ 77.433733858245304, 23.238183791533537 ], [ 77.433672158245329, 23.238305291482821 ] ] ] } },
{ "type": "Feature", "properties": { }, "geometry": { "type": "Polygon", "coordinates": [ [ [ 77.434458758245313, 23.238990891196671 ], [ 77.43469815824534, 23.239048791172507 ], [ 77.434717058245326, 23.238982691200096 ], [ 77.434477658245314, 23.238924791224264 ], [ 77.434458758245313, 23.238990891196671 ] ] ] } },
{ "type": "Feature", "properties": { }, "geometry": { "type": "Polygon", "coordinates": [ [ [ 77.433901558245324, 23.23841789143583 ], [ 77.434013658245334, 23.238465891415796 ], [ 77.434079858245312, 23.238335291470303 ], [ 77.433967758245302, 23.238287291490341 ], [ 77.433901558245324, 23.23841789143583 ] ] ] } },
{ "type": "Feature", "properties": { }, "geometry": { "type": "Polygon", "coordinates": [ [ [ 77.433617258245306, 23.239472690995576 ], [ 77.433719158245324, 23.239449891005091 ], [ 77.433686158245322, 23.239325291057103 ], [ 77.433584158245324, 23.239348091047582 ], [ 77.433617258245306, 23.239472690995576 ] ] ] } },
{ "type": "Feature", "properties": { }, "geometry": { "type": "Polygon", "coordinates": [ [ [ 77.433375458245322, 23.240680190491567 ], [ 77.433751358245317, 23.240590490529009 ], [ 77.433632458245299, 23.240169790704609 ], [ 77.43325645824531, 23.240259490667171 ], [ 77.433375458245322, 23.240680190491567 ] ] ] } },
{ "type": "Feature", "properties": { }, "geometry": { "type": "Polygon", "coordinates": [ [ [ 77.438249158245327, 23.239424891015524 ], [ 77.438368158245311, 23.239455191002886 ], [ 77.438412258245307, 23.239308791063991 ], [ 77.438293258245309, 23.239278491076636 ], [ 77.438249158245327, 23.239424891015524 ] ] ] } },
{ "type": "Feature", "properties": { }, "geometry": { "type": "Polygon", "coordinates": [ [ [ 77.433764758245303, 23.238014891604031 ], [ 77.433895058245326, 23.238040491593338 ], [ 77.433946058245311, 23.237821191684869 ], [ 77.433815658245322, 23.237795591695555 ], [ 77.433764758245303, 23.238014891604031 ] ] ] } },
{ "type": "Feature", "properties": { }, "geometry": { "type": "Polygon", "coordinates": [ [ [ 77.438205758245317, 23.239615890935802 ], [ 77.438322858245314, 23.239640590925497 ], [ 77.438358058245313, 23.23949929098448 ], [ 77.438240958245302, 23.239474690994747 ], [ 77.438205758245317, 23.239615890935802 ] ] ] } },
{ "type": "Feature", "properties": { }, "geometry": { "type": "Polygon", "coordinates": [ [ [ 77.434196558245318, 23.237923691642095 ], [ 77.434373958245288, 23.237963991625278 ], [ 77.434427658245326, 23.237764391708577 ], [ 77.434250258245314, 23.237724091725397 ], [ 77.434196558245318, 23.237923691642095 ] ] ] } },
{ "type": "Feature", "properties": { }, "geometry": { "type": "Polygon", "coordinates": [ [ [ 77.438328158245312, 23.239641590925078 ], [ 77.43842735824532, 23.239667390914306 ], [ 77.438467658245315, 23.239536090969114 ], [ 77.438368458245307, 23.239510290979883 ], [ 77.438328158245312, 23.239641590925078 ] ] ] } },
{ "type": "Feature", "properties": { }, "geometry": { "type": "Polygon", "coordinates": [ [ [ 77.433112958245317, 23.239401891025128 ], [ 77.433363758245306, 23.239371091037977 ], [ 77.433333658245317, 23.239164391124259 ], [ 77.433082858245314, 23.239195191111399 ], [ 77.433112958245317, 23.239401891025128 ] ] ] } },
{ "type": "Feature", "properties": { }, "geometry": { "type": "Polygon", "coordinates": [ [ [ 77.433491858245304, 23.239794990861057 ], [ 77.433658758245315, 23.239758590876249 ], [ 77.433617058245332, 23.239596790943782 ], [ 77.433450058245299, 23.23963319092859 ], [ 77.433491858245304, 23.239794990861057 ] ] ] } },
{ "type": "Feature", "properties": { }, "geometry": { "type": "Polygon", "coordinates": [ [ [ 77.43465795824531, 23.237833791679609 ], [ 77.434589758245295, 23.238057891586084 ], [ 77.434829858245322, 23.238119591560331 ], [ 77.434897958245315, 23.2378953916539 ], [ 77.43465795824531, 23.237833791679609 ] ] ] } },
{ "type": "Feature", "properties": { }, "geometry": { "type": "Polygon", "coordinates": [ [ [ 77.439217358245315, 23.241119990307986 ], [ 77.439418458245314, 23.241147090296678 ], [ 77.439446758245339, 23.240969790370684 ], [ 77.439245658245312, 23.240942690381999 ], [ 77.439217358245315, 23.241119990307986 ] ] ] } },
{ "type": "Feature", "properties": { }, "geometry": { "type": "Polygon", "coordinates": [ [ [ 77.434932158245303, 23.238916991227516 ], [ 77.435088558245312, 23.238982591200138 ], [ 77.435145558245296, 23.238867991247968 ], [ 77.434989158245315, 23.238802391275353 ], [ 77.434932158245303, 23.238916991227516 ] ] ] } },
{ "type": "Feature", "properties": { }, "geometry": { "type": "Polygon", "coordinates": [ [ [ 77.433975058245323, 23.237887991656994 ], [ 77.434161258245325, 23.237934191637709 ], [ 77.434223858245304, 23.237720791726773 ], [ 77.434037658245302, 23.23767459174606 ], [ 77.433975058245323, 23.237887991656994 ] ] ] } },
{ "type": "Feature", "properties": { }, "geometry": { "type": "Polygon", "coordinates": [ [ [ 77.435062958245325, 23.237944691633327 ], [ 77.435179658245303, 23.23796479162494 ], [ 77.435221158245326, 23.237761491709783 ], [ 77.435104458245306, 23.237741391718171 ], [ 77.435062958245325, 23.237944691633327 ] ] ] } },
{ "type": "Feature", "properties": { }, "geometry": { "type": "Polygon", "coordinates": [ [ [ 77.434728958245302, 23.239099391151388 ], [ 77.434818358245323, 23.239120091142748 ], [ 77.434847958245328, 23.239012891187496 ], [ 77.434758458245312, 23.238992191196132 ], [ 77.434728958245302, 23.239099391151388 ] ] ] } },
{ "type": "Feature", "properties": { }, "geometry": { "type": "Polygon", "coordinates": [ [ [ 77.433580958245329, 23.239318691059857 ], [ 77.43368355824532, 23.239294091070125 ], [ 77.433639958245323, 23.239140791134108 ], [ 77.433537458245326, 23.239165491123796 ], [ 77.433580958245329, 23.239318691059857 ] ] ] } },
{ "type": "Feature", "properties": { }, "geometry": { "type": "Polygon", "coordinates": [ [ [ 77.438625658245314, 23.239529090972038 ], [ 77.438716758245306, 23.239555390961058 ], [ 77.438760358245318, 23.239427891014277 ], [ 77.438669158245304, 23.239401591025253 ], [ 77.438625658245314, 23.239529090972038 ] ] ] } },
{ "type": "Feature", "properties": { }, "geometry": { "type": "Polygon", "coordinates": [ [ [ 77.435171558245315, 23.238224391516589 ], [ 77.435420958245317, 23.238277391494471 ], [ 77.435473758245294, 23.238067591582031 ], [ 77.435224358245307, 23.238014591604152 ], [ 77.435171558245315, 23.238224391516589 ] ] ] } },
{ "type": "Feature", "properties": { }, "geometry": { "type": "Polygon", "coordinates": [ [ [ 77.433630958245303, 23.23797149162214 ], [ 77.433743258245329, 23.237992091613545 ], [ 77.433788958245302, 23.237782191701143 ], [ 77.433631258245299, 23.237753191713253 ], [ 77.433599158245329, 23.237900891651613 ], [ 77.433630958245303, 23.23797149162214 ] ] ] } },
{ "type": "Feature", "properties": { }, "geometry": { "type": "Polygon", "coordinates": [ [ [ 77.438440158245328, 23.239656090919031 ], [ 77.438558358245317, 23.239686390906375 ], [ 77.438580858245302, 23.239612190937351 ], [ 77.438565058245317, 23.239608090939061 ], [ 77.438576858245327, 23.239569090955339 ], [ 77.43847445824531, 23.239542890966273 ], [ 77.438440158245328, 23.239656090919031 ] ] ] } },
{ "type": "Feature", "properties": { }, "geometry": { "type": "Polygon", "coordinates": [ [ [ 77.43353945824532, 23.237676091745424 ], [ 77.433936358245305, 23.23774999171459 ], [ 77.434004458245326, 23.237441291843421 ], [ 77.433567858245311, 23.2373598918774 ], [ 77.433540058245313, 23.237485991824773 ], [ 77.43357975824533, 23.23749339182168 ], [ 77.43353945824532, 23.237676091745424 ] ] ] } },
{ "type": "Feature", "properties": { }, "geometry": { "type": "Polygon", "coordinates": [ [ [ 77.434570758245329, 23.238203491525315 ], [ 77.434510358245319, 23.238392191446554 ], [ 77.434764258245323, 23.238460791417932 ], [ 77.434724258245325, 23.238585991365671 ], [ 77.434967858245301, 23.238651791338206 ], [ 77.435068258245323, 23.238337791469263 ], [ 77.434570758245329, 23.238203491525315 ] ] ] } },
{ "type": "Feature", "properties": { }, "geometry": { "type": "Polygon", "coordinates": [ [ [ 77.43279175824533, 23.239521990975007 ], [ 77.433000958245316, 23.239483790990942 ], [ 77.432985958245311, 23.239414591019834 ], [ 77.433080258245312, 23.239397391027008 ], [ 77.433061958245304, 23.239312891062276 ], [ 77.433032258245319, 23.239318391059982 ], [ 77.433011858245308, 23.239224291099255 ], [ 77.432738158245328, 23.239274291078388 ], [ 77.43279175824533, 23.239521990975007 ] ] ] } },
{ "type": "Feature", "properties": { }, "geometry": { "type": "Polygon", "coordinates": [ [ [ 77.438577458245319, 23.239688390905549 ], [ 77.438659458245326, 23.239708290897241 ], [ 77.438693158245314, 23.239590890946246 ], [ 77.438583658245321, 23.239564390957302 ], [ 77.438571858245325, 23.239605790940018 ], [ 77.43858805824533, 23.239609690938394 ], [ 77.43857665824531, 23.239649690921702 ], [ 77.438587858245299, 23.239652390920572 ], [ 77.438577458245319, 23.239688390905549 ] ] ] } },
{ "type": "Feature", "properties": { }, "geometry": { "type": "Polygon", "coordinates": [ [ [ 77.443829758245329, 23.238406691440506 ], [ 77.443826458245312, 23.238522791392047 ], [ 77.443868858245324, 23.238523791391625 ], [ 77.443867658245324, 23.238563691374978 ], [ 77.443950858245287, 23.238565691374145 ], [ 77.443951958245307, 23.238527591390049 ], [ 77.443932958245313, 23.238527191390208 ], [ 77.443936358245324, 23.238409191439459 ], [ 77.443829758245329, 23.238406691440506 ] ] ] } },
{ "type": "Feature", "properties": { }, "geometry": { "type": "Polygon", "coordinates": [ [ [ 77.444011958245326, 23.239339191051297 ], [ 77.444112458245314, 23.239289291072126 ], [ 77.44406855824532, 23.239214491103347 ], [ 77.443967958245324, 23.239264391082514 ], [ 77.444011958245326, 23.239339191051297 ] ] ] } },
{ "type": "Feature", "properties": { }, "geometry": { "type": "Polygon", "coordinates": [ [ [ 77.442241658245322, 23.240348390630068 ], [ 77.442265158245306, 23.240379990616876 ], [ 77.442345558245307, 23.240329390637996 ], [ 77.442322158245304, 23.240297890651139 ], [ 77.442241658245322, 23.240348390630068 ] ] ] } },
{ "type": "Feature", "properties": { }, "geometry": { "type": "Polygon", "coordinates": [ [ [ 77.442001558245309, 23.239722390891355 ], [ 77.442067458245305, 23.2398154908525 ], [ 77.442147958245314, 23.239767390872579 ], [ 77.442082058245319, 23.239674390911397 ], [ 77.442001558245309, 23.239722390891355 ] ] ] } },
{ "type": "Feature", "properties": { }, "geometry": { "type": "Polygon", "coordinates": [ [ [ 77.443738358245312, 23.239273191078848 ], [ 77.443762458245288, 23.239307291064613 ], [ 77.443804658245313, 23.239281991075174 ], [ 77.443780558245308, 23.239247991089361 ], [ 77.443738358245312, 23.239273191078848 ] ] ] } },
{ "type": "Feature", "properties": { }, "geometry": { "type": "Polygon", "coordinates": [ [ [ 77.442284558245305, 23.240193090694881 ], [ 77.442397258245322, 23.240131490720596 ], [ 77.442341258245307, 23.240045190756618 ], [ 77.442228658245298, 23.240106790730906 ], [ 77.442284558245305, 23.240193090694881 ] ] ] } },
{ "type": "Feature", "properties": { }, "geometry": { "type": "Polygon", "coordinates": [ [ [ 77.442534058245315, 23.239277591077006 ], [ 77.442658758245329, 23.239215891102763 ], [ 77.442603758245326, 23.239121891141991 ], [ 77.442479058245311, 23.239183491116282 ], [ 77.442534058245315, 23.239277591077006 ] ] ] } },
{ "type": "Feature", "properties": { }, "geometry": { "type": "Polygon", "coordinates": [ [ [ 77.442052558245294, 23.239023691182989 ], [ 77.442205458245326, 23.239029891180397 ], [ 77.442210258245325, 23.238928191222843 ], [ 77.442057458245301, 23.238921991225428 ], [ 77.442052558245294, 23.239023691182989 ] ] ] } },
{ "type": "Feature", "properties": { }, "geometry": { "type": "Polygon", "coordinates": [ [ [ 77.442483058245315, 23.239888790821897 ], [ 77.442570258245311, 23.239840690841977 ], [ 77.442452858245289, 23.239660990916985 ], [ 77.442365658245308, 23.239708990896947 ], [ 77.442483058245315, 23.239888790821897 ] ] ] } },
{ "type": "Feature", "properties": { }, "geometry": { "type": "Polygon", "coordinates": [ [ [ 77.443356758245329, 23.23900339119146 ], [ 77.443406458245292, 23.238993191195711 ], [ 77.443389758245317, 23.238924191224513 ], [ 77.443340058245326, 23.238934391220255 ], [ 77.443356758245329, 23.23900339119146 ] ] ] } },
{ "type": "Feature", "properties": { }, "geometry": { "type": "Polygon", "coordinates": [ [ [ 77.443543158245305, 23.239384791032268 ], [ 77.443583858245319, 23.23943799101006 ], [ 77.443673658245302, 23.239379991034273 ], [ 77.443633058245311, 23.23932679105647 ], [ 77.443543158245305, 23.239384791032268 ] ] ] } },
{ "type": "Feature", "properties": { }, "geometry": { "type": "Polygon", "coordinates": [ [ [ 77.442739258245325, 23.240316390643422 ], [ 77.442847858245329, 23.240265890664499 ], [ 77.442772858245306, 23.240129690721353 ], [ 77.442664258245316, 23.240180190700272 ], [ 77.442739258245325, 23.240316390643422 ] ] ] } },
{ "type": "Feature", "properties": { }, "geometry": { "type": "Polygon", "coordinates": [ [ [ 77.442778058245324, 23.239674390911397 ], [ 77.442828458245302, 23.239750090879799 ], [ 77.442949158245298, 23.239682290908096 ], [ 77.44289875824532, 23.23960659093969 ], [ 77.442778058245324, 23.239674390911397 ] ] ] } },
{ "type": "Feature", "properties": { }, "geometry": { "type": "Polygon", "coordinates": [ [ [ 77.442369058245305, 23.239686690906257 ], [ 77.442468358245335, 23.239629990929924 ], [ 77.442336258245305, 23.239434791011401 ], [ 77.442236958245303, 23.239491390987773 ], [ 77.442369058245305, 23.239686690906257 ] ] ] } },
{ "type": "Feature", "properties": { }, "geometry": { "type": "Polygon", "coordinates": [ [ [ 77.44177365824531, 23.238910291230312 ], [ 77.441843358245308, 23.238912791229271 ], [ 77.441849158245304, 23.238774591286951 ], [ 77.441779358245327, 23.238772091287998 ], [ 77.44177365824531, 23.238910291230312 ] ] ] } },
{ "type": "Feature", "properties": { }, "geometry": { "type": "Polygon", "coordinates": [ [ [ 77.442449358245327, 23.239115991144459 ], [ 77.44258245824534, 23.239111091146505 ], [ 77.44257705824532, 23.238984291199426 ], [ 77.442443858245312, 23.238989191197383 ], [ 77.442449358245327, 23.239115991144459 ] ] ] } },
{ "type": "Feature", "properties": { }, "geometry": { "type": "Polygon", "coordinates": [ [ [ 77.441781658245304, 23.239616390935595 ], [ 77.441803458245303, 23.239646190923157 ], [ 77.441869158245339, 23.239605490940146 ], [ 77.441847358245312, 23.23957579095255 ], [ 77.441781658245304, 23.239616390935595 ] ] ] } },
{ "type": "Feature", "properties": { }, "geometry": { "type": "Polygon", "coordinates": [ [ [ 77.442873958245315, 23.23942049101737 ], [ 77.442835758245309, 23.239351491046168 ], [ 77.442785258245308, 23.239375091036319 ], [ 77.442823458245314, 23.239444091007513 ], [ 77.442873958245315, 23.23942049101737 ] ] ] } },
{ "type": "Feature", "properties": { }, "geometry": { "type": "Polygon", "coordinates": [ [ [ 77.443537858245321, 23.238968191206151 ], [ 77.443560258245327, 23.239011091188242 ], [ 77.443597858245326, 23.238994391195209 ], [ 77.443575358245312, 23.238951591213073 ], [ 77.443537858245321, 23.238968191206151 ] ] ] } },
{ "type": "Feature", "properties": { }, "geometry": { "type": "Polygon", "coordinates": [ [ [ 77.441820558245311, 23.239437791010147 ], [ 77.441897058245303, 23.239560390958975 ], [ 77.441988258245303, 23.239512290979047 ], [ 77.441911758245311, 23.239389691030219 ], [ 77.441820558245311, 23.239437791010147 ] ] ] } },
{ "type": "Feature", "properties": { }, "geometry": { "type": "Polygon", "coordinates": [ [ [ 77.443505658245314, 23.239832690845315 ], [ 77.443587458245304, 23.239787090864354 ], [ 77.443541958245305, 23.239718090893152 ], [ 77.44346015824533, 23.23976369087411 ], [ 77.443505658245314, 23.239832690845315 ] ] ] } },
{ "type": "Feature", "properties": { }, "geometry": { "type": "Polygon", "coordinates": [ [ [ 77.442076758245307, 23.23993929080082 ], [ 77.442194758245321, 23.240105690731369 ], [ 77.442259858245322, 23.240066590747691 ], [ 77.442141858245307, 23.239900290817104 ], [ 77.442076758245307, 23.23993929080082 ] ] ] } },
{ "type": "Feature", "properties": { }, "geometry": { "type": "Polygon", "coordinates": [ [ [ 77.442387158245324, 23.239230991096463 ], [ 77.442309358245296, 23.239087291156437 ], [ 77.442190858245311, 23.239141391133856 ], [ 77.442268658245325, 23.239285091073882 ], [ 77.442387158245324, 23.239230991096463 ] ] ] } },
{ "type": "Feature", "properties": { }, "geometry": { "type": "Polygon", "coordinates": [ [ [ 77.443326658245326, 23.239652790920413 ], [ 77.443375358245319, 23.239644490923862 ], [ 77.443357258245328, 23.239555090961186 ], [ 77.44330855824532, 23.23956339095772 ], [ 77.443326658245326, 23.239652790920413 ] ] ] } },
{ "type": "Feature", "properties": { }, "geometry": { "type": "Polygon", "coordinates": [ [ [ 77.443696258245311, 23.238750591296967 ], [ 77.443833358245314, 23.238751991296382 ], [ 77.443835158245292, 23.238603691358282 ], [ 77.443698058245303, 23.238602191358908 ], [ 77.443696258245311, 23.238750591296967 ] ] ] } },
{ "type": "Feature", "properties": { }, "geometry": { "type": "Polygon", "coordinates": [ [ [ 77.442920558245305, 23.238504291399774 ], [ 77.443063558245328, 23.238512491396346 ], [ 77.443070058245311, 23.238416191436539 ], [ 77.442927058245303, 23.23840799143996 ], [ 77.442920558245305, 23.238504291399774 ] ] ] } },
{ "type": "Feature", "properties": { }, "geometry": { "type": "Polygon", "coordinates": [ [ [ 77.442036458245312, 23.240448190588406 ], [ 77.442104858245315, 23.240413690602811 ], [ 77.442022058245314, 23.240275090660656 ], [ 77.441953758245305, 23.240309590646262 ], [ 77.442036458245312, 23.240448190588406 ] ] ] } },
{ "type": "Feature", "properties": { }, "geometry": { "type": "Polygon", "coordinates": [ [ [ 77.442882758245304, 23.238893691237244 ], [ 77.442918958245315, 23.238893391237372 ], [ 77.442918358245322, 23.238824391266167 ], [ 77.442882058245303, 23.238824691266043 ], [ 77.442882758245304, 23.238893691237244 ] ] ] } },
{ "type": "Feature", "properties": { }, "geometry": { "type": "Polygon", "coordinates": [ [ [ 77.442046858245334, 23.238577591369172 ], [ 77.44212345824532, 23.238576891369469 ], [ 77.442122158245311, 23.238447491423475 ], [ 77.442045558245326, 23.238448191423181 ], [ 77.442046858245334, 23.238577591369172 ] ] ] } },
{ "type": "Feature", "properties": { }, "geometry": { "type": "Polygon", "coordinates": [ [ [ 77.443562758245292, 23.238742391300391 ], [ 77.443682158245309, 23.238743691299852 ], [ 77.443683758245314, 23.238614791353651 ], [ 77.443564358245311, 23.238613491354197 ], [ 77.443562758245292, 23.238742391300391 ] ] ] } },
{ "type": "Feature", "properties": { }, "geometry": { "type": "Polygon", "coordinates": [ [ [ 77.444050158245318, 23.239427891014277 ], [ 77.44402195824533, 23.23938599103176 ], [ 77.443992258245288, 23.239402791024755 ], [ 77.444020458245305, 23.239444691007268 ], [ 77.444050158245318, 23.239427891014277 ] ] ] } },
{ "type": "Feature", "properties": { }, "geometry": { "type": "Polygon", "coordinates": [ [ [ 77.442394558245311, 23.240564090540037 ], [ 77.442430758245308, 23.240543090548798 ], [ 77.442407858245303, 23.240509590562777 ], [ 77.442371658245307, 23.240530590554012 ], [ 77.442394558245311, 23.240564090540037 ] ] ] } },
{ "type": "Feature", "properties": { }, "geometry": { "type": "Polygon", "coordinates": [ [ [ 77.442095458245319, 23.239854290836302 ], [ 77.442167858245313, 23.239813590853288 ], [ 77.442146458245318, 23.239781390866735 ], [ 77.442074058245325, 23.239821990849777 ], [ 77.442095458245319, 23.239854290836302 ] ] ] } },
{ "type": "Feature", "properties": { }, "geometry": { "type": "Polygon", "coordinates": [ [ [ 77.443790658245305, 23.239240591092461 ], [ 77.443812458245318, 23.239270591079926 ], [ 77.44387155824532, 23.239234191095129 ], [ 77.443849658245313, 23.239204191107646 ], [ 77.443790658245305, 23.239240591092461 ] ] ] } },
{ "type": "Feature", "properties": { }, "geometry": { "type": "Polygon", "coordinates": [ [ [ 77.442169258245315, 23.240243690673768 ], [ 77.442204758245325, 23.240291490653814 ], [ 77.44228925824531, 23.240238490675939 ], [ 77.442253758245329, 23.24019069069589 ], [ 77.442169258245315, 23.240243690673768 ] ] ] } },
{ "type": "Feature", "properties": { }, "geometry": { "type": "Polygon", "coordinates": [ [ [ 77.441899658245319, 23.239244291090909 ], [ 77.441995858245306, 23.239450391004883 ], [ 77.442070958245338, 23.239420791017242 ], [ 77.441974758245308, 23.23921469110326 ], [ 77.441899658245319, 23.239244291090909 ] ] ] } },
{ "type": "Feature", "properties": { }, "geometry": { "type": "Polygon", "coordinates": [ [ [ 77.442231258245329, 23.239062291166871 ], [ 77.442340858245302, 23.239061991166995 ], [ 77.442340458245312, 23.238922291225311 ], [ 77.442230858245324, 23.238922591225183 ], [ 77.442231258245329, 23.239062291166871 ] ] ] } },
{ "type": "Feature", "properties": { }, "geometry": { "type": "Polygon", "coordinates": [ [ [ 77.443417158245325, 23.23882529126579 ], [ 77.443433958245322, 23.238880091242915 ], [ 77.443529158245326, 23.238855391253228 ], [ 77.443512358245314, 23.238800691276062 ], [ 77.443417158245325, 23.23882529126579 ] ] ] } },
{ "type": "Feature", "properties": { }, "geometry": { "type": "Polygon", "coordinates": [ [ [ 77.443757158245305, 23.239214091103513 ], [ 77.443773558245326, 23.239236491094157 ], [ 77.443851358245311, 23.239188491114202 ], [ 77.44383485824531, 23.239165991123585 ], [ 77.443757158245305, 23.239214091103513 ] ] ] } },
{ "type": "Feature", "properties": { }, "geometry": { "type": "Polygon", "coordinates": [ [ [ 77.442339558245308, 23.240191890695385 ], [ 77.442380358245316, 23.24023549067719 ], [ 77.44246615824531, 23.240167690705487 ], [ 77.442425358245316, 23.240124090723686 ], [ 77.442339558245308, 23.240191890695385 ] ] ] } },
{ "type": "Feature", "properties": { }, "geometry": { "type": "Polygon", "coordinates": [ [ [ 77.442660058245309, 23.239484590990607 ], [ 77.442786158245326, 23.239424191015825 ], [ 77.442673958245308, 23.239226391098384 ], [ 77.44254785824532, 23.239286791073173 ], [ 77.442660058245309, 23.239484590990607 ] ] ] } },
{ "type": "Feature", "properties": { }, "geometry": { "type": "Polygon", "coordinates": [ [ [ 77.4420445582453, 23.238785891282237 ], [ 77.4420445582453, 23.238911591229769 ], [ 77.442183958245323, 23.238911591229769 ], [ 77.442183958245323, 23.238785891282237 ], [ 77.4420445582453, 23.238785891282237 ] ] ] } },
{ "type": "Feature", "properties": { }, "geometry": { "type": "Polygon", "coordinates": [ [ [ 77.442468358245335, 23.239629990929924 ], [ 77.44258095824533, 23.239573290953587 ], [ 77.442464158245315, 23.2393772910354 ], [ 77.442351458245327, 23.239433991011733 ], [ 77.442468358245335, 23.239629990929924 ] ] ] } },
{ "type": "Feature", "properties": { }, "geometry": { "type": "Polygon", "coordinates": [ [ [ 77.442967858245325, 23.239279391076252 ], [ 77.443163658245311, 23.239168491122545 ], [ 77.443125358245325, 23.239111291146422 ], [ 77.442929558245325, 23.239222291100095 ], [ 77.442967858245325, 23.239279391076252 ] ] ] } },
{ "type": "Feature", "properties": { }, "geometry": { "type": "Polygon", "coordinates": [ [ [ 77.443295058245297, 23.239213491103762 ], [ 77.443333958245319, 23.239267091081391 ], [ 77.443392358245305, 23.239231291096338 ], [ 77.443353458245312, 23.239177691118705 ], [ 77.443295058245297, 23.239213491103762 ] ] ] } },
{ "type": "Feature", "properties": { }, "geometry": { "type": "Polygon", "coordinates": [ [ [ 77.442780758245306, 23.240074790744266 ], [ 77.442893458245322, 23.240016890768434 ], [ 77.442817258245313, 23.239891890820608 ], [ 77.442704658245319, 23.239949790796441 ], [ 77.442780758245306, 23.240074790744266 ] ] ] } },
{ "type": "Feature", "properties": { }, "geometry": { "type": "Polygon", "coordinates": [ [ [ 77.442747258245319, 23.239682990907802 ], [ 77.442826358245327, 23.239638590926333 ], [ 77.442767958245298, 23.239550590963059 ], [ 77.442688858245305, 23.239594990944532 ], [ 77.442747258245319, 23.239682990907802 ] ] ] } },
{ "type": "Feature", "properties": { }, "geometry": { "type": "Polygon", "coordinates": [ [ [ 77.442228758245321, 23.239477890993406 ], [ 77.442332258245315, 23.239424591015659 ], [ 77.442251358245343, 23.239291891071041 ], [ 77.442147858245306, 23.239345191048795 ], [ 77.442228758245321, 23.239477890993406 ] ] ] } },
{ "type": "Feature", "properties": { }, "geometry": { "type": "Polygon", "coordinates": [ [ [ 77.442433458245304, 23.238974591203476 ], [ 77.442561758245304, 23.238968091206186 ], [ 77.442552258245328, 23.238809291272467 ], [ 77.442423958245314, 23.238815791269758 ], [ 77.442433458245304, 23.238974591203476 ] ] ] } },
{ "type": "Feature", "properties": { }, "geometry": { "type": "Polygon", "coordinates": [ [ [ 77.441988158245309, 23.239707590897531 ], [ 77.44206065824531, 23.239670690912938 ], [ 77.442015058245318, 23.239595290944408 ], [ 77.441942658245338, 23.239632290928967 ], [ 77.441988158245309, 23.239707590897531 ] ] ] } },
{ "type": "Feature", "properties": { }, "geometry": { "type": "Polygon", "coordinates": [ [ [ 77.442674558245329, 23.238355891461708 ], [ 77.44278985824532, 23.238361191459493 ], [ 77.44279375824533, 23.238288291489919 ], [ 77.442678458245325, 23.238282991492127 ], [ 77.442674558245329, 23.238355891461708 ] ] ] } },
{ "type": "Feature", "properties": { }, "geometry": { "type": "Polygon", "coordinates": [ [ [ 77.442336858245326, 23.239404491024047 ], [ 77.442450858245309, 23.239346591048211 ], [ 77.442391358245303, 23.239247591089534 ], [ 77.44227735824532, 23.23930549106537 ], [ 77.442336858245326, 23.239404491024047 ] ] ] } },
{ "type": "Feature", "properties": { }, "geometry": { "type": "Polygon", "coordinates": [ [ [ 77.442827758245315, 23.239454991002965 ], [ 77.442915558245303, 23.239584990948707 ], [ 77.442954058245306, 23.239562990957886 ], [ 77.442866258245303, 23.239432991012144 ], [ 77.442827758245315, 23.239454991002965 ] ] ] } },
{ "type": "Feature", "properties": { }, "geometry": { "type": "Polygon", "coordinates": [ [ [ 77.443873158245324, 23.238995391194795 ], [ 77.443861758245319, 23.238849891255526 ], [ 77.443800558245329, 23.238853991253812 ], [ 77.443811958245306, 23.238999391193122 ], [ 77.443873158245324, 23.238995391194795 ] ] ] } },
{ "type": "Feature", "properties": { }, "geometry": { "type": "Polygon", "coordinates": [ [ [ 77.441880858245327, 23.240258490667589 ], [ 77.441985558245307, 23.240199290692299 ], [ 77.441913858245343, 23.24009229073696 ], [ 77.441809258245328, 23.240151390712299 ], [ 77.441880858245327, 23.240258490667589 ] ] ] } },
{ "type": "Feature", "properties": { }, "geometry": { "type": "Polygon", "coordinates": [ [ [ 77.443671258245288, 23.239685390906796 ], [ 77.443696158245288, 23.239726190889765 ], [ 77.443734458245316, 23.239706490897991 ], [ 77.443709458245308, 23.239665690915022 ], [ 77.443671258245288, 23.239685390906796 ] ] ] } },
{ "type": "Feature", "properties": { }, "geometry": { "type": "Polygon", "coordinates": [ [ [ 77.442025758245308, 23.240169690704651 ], [ 77.442151858245325, 23.240094590736 ], [ 77.442049258245319, 23.239949390796607 ], [ 77.441923258245296, 23.24002459076522 ], [ 77.442025758245308, 23.240169690704651 ] ] ] } },
{ "type": "Feature", "properties": { }, "geometry": { "type": "Polygon", "coordinates": [ [ [ 77.443224058245306, 23.239520890975463 ], [ 77.443189958245313, 23.239547390964397 ], [ 77.443241558245305, 23.239603490940979 ], [ 77.443275658245327, 23.239576990952045 ], [ 77.443224058245306, 23.239520890975463 ] ] ] } },
{ "type": "Feature", "properties": { }, "geometry": { "type": "Polygon", "coordinates": [ [ [ 77.442124258245315, 23.238722791308572 ], [ 77.442284858245301, 23.23872809130636 ], [ 77.442290758245321, 23.238576291369718 ], [ 77.442130158245305, 23.23857099137193 ], [ 77.442124258245315, 23.238722791308572 ] ] ] } },
{ "type": "Feature", "properties": { }, "geometry": { "type": "Polygon", "coordinates": [ [ [ 77.443839258245305, 23.238739391301642 ], [ 77.443956958245309, 23.2387406913011 ], [ 77.443958658245307, 23.238606991356903 ], [ 77.443840958245303, 23.238605791357404 ], [ 77.443839258245305, 23.238739391301642 ] ] ] } },
{ "type": "Feature", "properties": { }, "geometry": { "type": "Polygon", "coordinates": [ [ [ 77.442927058245303, 23.238372691454693 ], [ 77.443069158245322, 23.238380791451316 ], [ 77.4430745582453, 23.238301791484282 ], [ 77.442932458245309, 23.238293591487714 ], [ 77.442927058245303, 23.238372691454693 ] ] ] } },
{ "type": "Feature", "properties": { }, "geometry": { "type": "Polygon", "coordinates": [ [ [ 77.442018358245292, 23.240261490666335 ], [ 77.442049158245325, 23.2403027906491 ], [ 77.442096058245326, 23.240273190661448 ], [ 77.442065258245322, 23.24023189067869 ], [ 77.442018358245292, 23.240261490666335 ] ] ] } },
{ "type": "Feature", "properties": { }, "geometry": { "type": "Polygon", "coordinates": [ [ [ 77.442159858245319, 23.240476590576552 ], [ 77.442186058245312, 23.240512690561481 ], [ 77.44226245824531, 23.240465890581014 ], [ 77.442236258245302, 23.240429690596123 ], [ 77.442159858245319, 23.240476590576552 ] ] ] } },
{ "type": "Feature", "properties": { }, "geometry": { "type": "Polygon", "coordinates": [ [ [ 77.442938358245314, 23.238826491265289 ], [ 77.442936158245303, 23.238888791239294 ], [ 77.443016558245304, 23.238891191238281 ], [ 77.443018858245324, 23.238828991264253 ], [ 77.442938358245314, 23.238826491265289 ] ] ] } },
{ "type": "Feature", "properties": { }, "geometry": { "type": "Polygon", "coordinates": [ [ [ 77.442021358245313, 23.23869339132084 ], [ 77.442106058245315, 23.238695991319751 ], [ 77.442110158245313, 23.238585091366048 ], [ 77.442025458245325, 23.238582491367129 ], [ 77.442021358245313, 23.23869339132084 ] ] ] } },
{ "type": "Feature", "properties": { }, "geometry": { "type": "Polygon", "coordinates": [ [ [ 77.44359285824531, 23.238431191430273 ], [ 77.443589558245307, 23.238548791381191 ], [ 77.443703458245309, 23.238551491380068 ], [ 77.443706758245327, 23.23843389142915 ], [ 77.44359285824531, 23.238431191430273 ] ] ] } },
{ "type": "Feature", "properties": { }, "geometry": { "type": "Polygon", "coordinates": [ [ [ 77.444035358245301, 23.239376091035901 ], [ 77.444099758245315, 23.239342891049745 ], [ 77.444082758245315, 23.239315091061357 ], [ 77.444018458245296, 23.239348391047457 ], [ 77.444035358245301, 23.239376091035901 ] ] ] } },
{ "type": "Feature", "properties": { }, "geometry": { "type": "Polygon", "coordinates": [ [ [ 77.442159858245319, 23.240455590585317 ], [ 77.442218858245326, 23.24041869060072 ], [ 77.442169358245309, 23.240351990628564 ], [ 77.442110358245301, 23.240388890613154 ], [ 77.442159858245319, 23.240455590585317 ] ] ] } },
{ "type": "Feature", "properties": { }, "geometry": { "type": "Polygon", "coordinates": [ [ [ 77.442153158245318, 23.239764290873868 ], [ 77.442188858245288, 23.239813490853333 ], [ 77.442245158245314, 23.23977899086773 ], [ 77.44220945824533, 23.239729790888269 ], [ 77.442153158245318, 23.239764290873868 ] ] ] } },
{ "type": "Feature", "properties": { }, "geometry": { "type": "Polygon", "coordinates": [ [ [ 77.443836258245312, 23.239347191047951 ], [ 77.44391535824532, 23.239297891068531 ], [ 77.443877958245324, 23.239247191089703 ], [ 77.443798858245316, 23.239296491069116 ], [ 77.443836258245312, 23.239347191047951 ] ] ] } },
{ "type": "Feature", "properties": { }, "geometry": { "type": "Polygon", "coordinates": [ [ [ 77.442127658245326, 23.240184490698478 ], [ 77.442165858245303, 23.240231790678735 ], [ 77.442238258245311, 23.24018259069927 ], [ 77.442200058245305, 23.240135190719055 ], [ 77.442127658245326, 23.240184490698478 ] ] ] } },
{ "type": "Feature", "properties": { }, "geometry": { "type": "Polygon", "coordinates": [ [ [ 77.441729358245325, 23.239226991098128 ], [ 77.441766458245311, 23.239300791067325 ], [ 77.441853558245327, 23.239263791082774 ], [ 77.441816558245321, 23.239190091113528 ], [ 77.441729358245325, 23.239226991098128 ] ] ] } },
{ "type": "Feature", "properties": { }, "geometry": { "type": "Polygon", "coordinates": [ [ [ 77.442212158245297, 23.238875791244713 ], [ 77.442316758245326, 23.238875791244713 ], [ 77.442316758245326, 23.238766191290463 ], [ 77.442212158245297, 23.238766191290463 ], [ 77.442212158245297, 23.238875791244713 ] ] ] } },
{ "type": "Feature", "properties": { }, "geometry": { "type": "Polygon", "coordinates": [ [ [ 77.442579658245322, 23.239808690855334 ], [ 77.442690958245336, 23.239751990879 ], [ 77.442592458245329, 23.239588690947159 ], [ 77.442481158245329, 23.239645390923496 ], [ 77.442579658245322, 23.239808690855334 ] ] ] } },
{ "type": "Feature", "properties": { }, "geometry": { "type": "Polygon", "coordinates": [ [ [ 77.44328105824529, 23.238863491249848 ], [ 77.443311758245329, 23.238920591226009 ], [ 77.443368758245313, 23.238894791236785 ], [ 77.443338058245288, 23.238837591260658 ], [ 77.44328105824529, 23.238863491249848 ] ] ] } },
{ "type": "Feature", "properties": { }, "geometry": { "type": "Polygon", "coordinates": [ [ [ 77.443736358245303, 23.239259091084733 ], [ 77.443765858245328, 23.239240591092461 ], [ 77.443749158245311, 23.239218091101844 ], [ 77.443719658245328, 23.239236591094123 ], [ 77.443736358245303, 23.239259091084733 ] ] ] } },
{ "type": "Feature", "properties": { }, "geometry": { "type": "Polygon", "coordinates": [ [ [ 77.442562158245309, 23.240195590693844 ], [ 77.442664758245328, 23.240148890713336 ], [ 77.442593658245329, 23.24001709076834 ], [ 77.442491158245303, 23.240063790748859 ], [ 77.442562158245309, 23.240195590693844 ] ] ] } },
{ "type": "Feature", "properties": { }, "geometry": { "type": "Polygon", "coordinates": [ [ [ 77.441666358245314, 23.238906591231856 ], [ 77.441757558245314, 23.238907891231314 ], [ 77.441759658245303, 23.238773691287328 ], [ 77.441668458245303, 23.238772491287833 ], [ 77.441666358245314, 23.238906591231856 ] ] ] } },
{ "type": "Feature", "properties": { }, "geometry": { "type": "Polygon", "coordinates": [ [ [ 77.443173058245307, 23.239175891119459 ], [ 77.443200558245323, 23.239211991104391 ], [ 77.443247458245324, 23.239181791116998 ], [ 77.443219958245308, 23.239145691132059 ], [ 77.443173058245307, 23.239175891119459 ] ] ] } },
{ "type": "Feature", "properties": { }, "geometry": { "type": "Polygon", "coordinates": [ [ [ 77.44335475824532, 23.239273191078848 ], [ 77.443394058245303, 23.239329791055223 ], [ 77.443447658245304, 23.239298391068324 ], [ 77.443408458245315, 23.239241791091949 ], [ 77.44335475824532, 23.239273191078848 ] ] ] } },
{ "type": "Feature", "properties": { }, "geometry": { "type": "Polygon", "coordinates": [ [ [ 77.441764258245328, 23.239519090976209 ], [ 77.441831258245315, 23.239484590990607 ], [ 77.441755258245323, 23.239359791042698 ], [ 77.441688258245321, 23.239394391028267 ], [ 77.441764258245328, 23.239519090976209 ] ] ] } },
{ "type": "Feature", "properties": { }, "geometry": { "type": "Polygon", "coordinates": [ [ [ 77.442505058245303, 23.238335691470137 ], [ 77.442633658245313, 23.238341291467801 ], [ 77.442637458245329, 23.238267391498642 ], [ 77.442508858245318, 23.238261791500978 ], [ 77.442505058245303, 23.238335691470137 ] ] ] } },
{ "type": "Feature", "properties": { }, "geometry": { "type": "Polygon", "coordinates": [ [ [ 77.443042958245329, 23.239954690794391 ], [ 77.443080358245339, 23.240015890768849 ], [ 77.443141358245327, 23.239984490781957 ], [ 77.443103958245302, 23.239923290807507 ], [ 77.443042958245329, 23.239954690794391 ] ] ] } },
{ "type": "Feature", "properties": { }, "geometry": { "type": "Polygon", "coordinates": [ [ [ 77.442153258245327, 23.239897890818099 ], [ 77.442267358245303, 23.240055690752232 ], [ 77.442332158245321, 23.240016090768766 ], [ 77.442218058245302, 23.239858390834591 ], [ 77.442153258245327, 23.239897890818099 ] ] ] } },
{ "type": "Feature", "properties": { }, "geometry": { "type": "Polygon", "coordinates": [ [ [ 77.442138358245316, 23.239303391066233 ], [ 77.44224665824531, 23.239254691086568 ], [ 77.442184958245321, 23.239138891134896 ], [ 77.442076758245307, 23.239187591114575 ], [ 77.442138358245316, 23.239303391066233 ] ] ] } },
{ "type": "Feature", "properties": { }, "geometry": { "type": "Polygon", "coordinates": [ [ [ 77.443154958245302, 23.239642890924543 ], [ 77.443172758245325, 23.239665490915105 ], [ 77.443219058245319, 23.239634690927957 ], [ 77.443201258245324, 23.239612090937399 ], [ 77.443154958245302, 23.239642890924543 ] ] ] } },
{ "type": "Feature", "properties": { }, "geometry": { "type": "Polygon", "coordinates": [ [ [ 77.443905258245323, 23.238994091195334 ], [ 77.444025858245325, 23.238988891197511 ], [ 77.444017858245331, 23.23883299126258 ], [ 77.443897258245329, 23.238838191260406 ], [ 77.443905258245323, 23.238994091195334 ] ] ] } },
{ "type": "Feature", "properties": { }, "geometry": { "type": "Polygon", "coordinates": [ [ [ 77.443097758245329, 23.238397491444346 ], [ 77.443237058245316, 23.238407491440171 ], [ 77.443247458245324, 23.238283791491803 ], [ 77.443108158245337, 23.238273891495925 ], [ 77.443097758245329, 23.238397491444346 ] ] ] } },
{ "type": "Feature", "properties": { }, "geometry": { "type": "Polygon", "coordinates": [ [ [ 77.441892958245319, 23.240499890566831 ], [ 77.442012358245307, 23.240438290592543 ], [ 77.441941558245318, 23.240322490640882 ], [ 77.441822158245301, 23.240384090615159 ], [ 77.441892958245319, 23.240499890566831 ] ] ] } },
{ "type": "Feature", "properties": { }, "geometry": { "type": "Polygon", "coordinates": [ [ [ 77.441760158245302, 23.24009079073759 ], [ 77.441801658245325, 23.240151990712047 ], [ 77.441905058245311, 23.24009299073667 ], [ 77.441863558245302, 23.240031690762248 ], [ 77.441760158245302, 23.24009079073759 ] ] ] } },
{ "type": "Feature", "properties": { }, "geometry": { "type": "Polygon", "coordinates": [ [ [ 77.441890258245309, 23.23869209132139 ], [ 77.441986458245324, 23.238695291320049 ], [ 77.441990758245311, 23.238581891367378 ], [ 77.441894558245323, 23.238578791368674 ], [ 77.441890258245309, 23.23869209132139 ] ] ] } },
{ "type": "Feature", "properties": { }, "geometry": { "type": "Polygon", "coordinates": [ [ [ 77.443161658245302, 23.239536990968741 ], [ 77.443207358245303, 23.239520490975625 ], [ 77.443167058245322, 23.239426191014989 ], [ 77.443121458245329, 23.239442691008097 ], [ 77.443161658245302, 23.239536990968741 ] ] ] } },
{ "type": "Feature", "properties": { }, "geometry": { "type": "Polygon", "coordinates": [ [ [ 77.442940658245291, 23.238263991500062 ], [ 77.443088958245298, 23.238272491496517 ], [ 77.443095958245308, 23.238169091539671 ], [ 77.442947758245325, 23.238160591543217 ], [ 77.442940658245291, 23.238263991500062 ] ] ] } },
{ "type": "Feature", "properties": { }, "geometry": { "type": "Polygon", "coordinates": [ [ [ 77.443940858245313, 23.239608390938937 ], [ 77.444074258245294, 23.23952629097321 ], [ 77.444021358245323, 23.239453591003546 ], [ 77.443887858245304, 23.239535690969287 ], [ 77.443940858245313, 23.239608390938937 ] ] ] } },
{ "type": "Feature", "properties": { }, "geometry": { "type": "Polygon", "coordinates": [ [ [ 77.442299358245307, 23.240427290597122 ], [ 77.442350258245327, 23.240499990566786 ], [ 77.442446658245316, 23.240442990590573 ], [ 77.442395658245331, 23.240370290620927 ], [ 77.442299358245307, 23.240427290597122 ] ] ] } },
{ "type": "Feature", "properties": { }, "geometry": { "type": "Polygon", "coordinates": [ [ [ 77.442259058245327, 23.240482690574009 ], [ 77.44218815824533, 23.240524090556729 ], [ 77.442257858245327, 23.240625090514563 ], [ 77.442328858245318, 23.240583790531808 ], [ 77.442259058245327, 23.240482690574009 ] ] ] } },
{ "type": "Feature", "properties": { }, "geometry": { "type": "Polygon", "coordinates": [ [ [ 77.442776758245287, 23.239549890963353 ], [ 77.442847858245329, 23.239511690979302 ], [ 77.442802558245319, 23.239440491009017 ], [ 77.442731458245319, 23.239478690993074 ], [ 77.442753958245319, 23.239512890978801 ], [ 77.442776758245287, 23.239549890963353 ] ] ] } },
{ "type": "Feature", "properties": { }, "geometry": { "type": "Polygon", "coordinates": [ [ [ 77.442601758245303, 23.239068691164203 ], [ 77.442664758245328, 23.239066491165119 ], [ 77.442663358245312, 23.239031591179689 ], [ 77.442759358245326, 23.239028291181064 ], [ 77.442748658245307, 23.238771091288406 ], [ 77.442589658245339, 23.238776591286115 ], [ 77.442601758245303, 23.239068691164203 ] ] ] } },
{ "type": "Feature", "properties": { }, "geometry": { "type": "Polygon", "coordinates": [ [ [ 77.442229558245316, 23.239844390840432 ], [ 77.442338258245314, 23.240002090774613 ], [ 77.442401858245304, 23.239965190790009 ], [ 77.442374358245317, 23.23992529080666 ], [ 77.442402358245317, 23.239908990813465 ], [ 77.442370358245313, 23.239862590832836 ], [ 77.442347058245304, 23.239876090827202 ], [ 77.442297858245311, 23.239804690857003 ], [ 77.442229558245316, 23.239844390840432 ] ] ] } },
{ "type": "Feature", "properties": { }, "geometry": { "type": "Polygon", "coordinates": [ [ [ 77.441789358245302, 23.238689691322385 ], [ 77.441875858245311, 23.2386922913213 ], [ 77.441879858245329, 23.238576391369676 ], [ 77.441793358245306, 23.238573891370716 ], [ 77.441792458245317, 23.238599791359906 ], [ 77.441816458245327, 23.238600491359623 ], [ 77.441815458245316, 23.238627791348222 ], [ 77.441791558245328, 23.238627091348508 ], [ 77.441789358245302, 23.238689691322385 ] ] ] } },
{ "type": "Feature", "properties": { }, "geometry": { "type": "Polygon", "coordinates": [ [ [ 77.434400258245319, 23.241728390054028 ], [ 77.434484358245328, 23.24170989006176 ], [ 77.434456558245301, 23.241603990105965 ], [ 77.434483858245329, 23.241597990108463 ], [ 77.434449758245307, 23.241466990163151 ], [ 77.434160458245302, 23.241530490136643 ], [ 77.434164858245325, 23.241547490129548 ], [ 77.433897858245317, 23.24160859010404 ], [ 77.433991458245302, 23.24195428995974 ], [ 77.434263658245314, 23.241892089985697 ], [ 77.434261958245315, 23.241885789988331 ], [ 77.434430958245315, 23.241849590003437 ], [ 77.434400258245319, 23.241728390054028 ] ] ] } },
{ "type": "Feature", "properties": { }, "geometry": { "type": "Polygon", "coordinates": [ [ [ 77.43452965824531, 23.239265291082145 ], [ 77.434530058245329, 23.239263191083023 ], [ 77.434451458245306, 23.239249791088614 ], [ 77.434422258245306, 23.23939389102847 ], [ 77.434379258245315, 23.239387091031304 ], [ 77.434464758245312, 23.239611190937772 ], [ 77.434490658245323, 23.239608890938733 ], [ 77.434500558245304, 23.239579190951126 ], [ 77.434630558245303, 23.239602290941487 ], [ 77.434663558245319, 23.239445691006853 ], [ 77.434678558245309, 23.239448691005595 ], [ 77.434693758245317, 23.2393839910326 ], [ 77.434715658245324, 23.239386791031428 ], [ 77.434721858245325, 23.239345891048504 ], [ 77.434698758245318, 23.239342891049745 ], [ 77.434707958245312, 23.239291591071169 ], [ 77.434592958245304, 23.239274291078388 ], [ 77.434592758245316, 23.239274991078091 ], [ 77.43452965824531, 23.239265291082145 ] ] ] } },
{ "type": "Feature", "properties": { }, "geometry": { "type": "Polygon", "coordinates": [ [ [ 77.433570658245316, 23.241873189993591 ], [ 77.433601358245326, 23.241864589997181 ], [ 77.433647758245314, 23.242015489934186 ], [ 77.433714158245309, 23.241998289941368 ], [ 77.433719458245321, 23.242015489934186 ], [ 77.43382735824531, 23.241987189946002 ], [ 77.433713358245313, 23.24162119009878 ], [ 77.433605958245309, 23.241649390087012 ], [ 77.433599358245317, 23.241629790095189 ], [ 77.433498858245315, 23.241658190083335 ], [ 77.433570658245316, 23.241873189993591 ] ] ] } },
{ "type": "Feature", "properties": { }, "geometry": { "type": "Polygon", "coordinates": [ [ [ 77.435034958245296, 23.23955549096102 ], [ 77.435049758245327, 23.239485990990026 ], [ 77.435039558245322, 23.23948419099078 ], [ 77.435054258245302, 23.239410491021541 ], [ 77.434925458245317, 23.239388891030558 ], [ 77.434892758245311, 23.239531890970863 ], [ 77.434842858245304, 23.239523590974333 ], [ 77.434825558245322, 23.239611890937475 ], [ 77.435018658245326, 23.239643990924076 ], [ 77.435036058245316, 23.23955569096093 ], [ 77.435034958245296, 23.23955549096102 ] ] ] } },
{ "type": "Feature", "properties": { }, "geometry": { "type": "Polygon", "coordinates": [ [ [ 77.433233558245306, 23.238794391278685 ], [ 77.433223458245308, 23.23873169130486 ], [ 77.43327895824531, 23.23872219130882 ], [ 77.433269558245328, 23.238675991328115 ], [ 77.43310015824531, 23.238704991316002 ], [ 77.433083558245315, 23.238622891350268 ], [ 77.432932158245308, 23.238648691339499 ], [ 77.432929058245321, 23.238633491345844 ], [ 77.43284625824532, 23.238647591339962 ], [ 77.432898758245315, 23.23890029123449 ], [ 77.43326555824531, 23.238841791258903 ], [ 77.433255858245303, 23.238790891280154 ], [ 77.433233558245306, 23.238794391278685 ] ] ] } },
{ "type": "Feature", "properties": { }, "geometry": { "type": "Polygon", "coordinates": [ [ [ 77.432441858245312, 23.241184690280981 ], [ 77.432521158245308, 23.24145529016803 ], [ 77.432767158245326, 23.241394390193452 ], [ 77.432700358245327, 23.241166790288457 ], [ 77.432751358245312, 23.241154290293672 ], [ 77.432759558245323, 23.241182490281904 ], [ 77.432905458245344, 23.241146790296803 ], [ 77.432969358245316, 23.241367390204726 ], [ 77.433069458245328, 23.241342890214945 ], [ 77.433006358245308, 23.241124990305909 ], [ 77.433171558245306, 23.241084590322771 ], [ 77.433148558245321, 23.241005090355955 ], [ 77.432441858245312, 23.241184690280981 ] ] ] } },
{ "type": "Feature", "properties": { }, "geometry": { "type": "Polygon", "coordinates": [ [ [ 77.432778958245294, 23.241550390128335 ], [ 77.432780258245302, 23.241554890126451 ], [ 77.432598958245293, 23.241600890107257 ], [ 77.432630058245323, 23.241704390064054 ], [ 77.432618658245303, 23.241706890063007 ], [ 77.432645258245316, 23.241806690021349 ], [ 77.432659858245316, 23.241803390022728 ], [ 77.432736258245328, 23.242057689916575 ], [ 77.432943658245293, 23.242005089938527 ], [ 77.432870958245289, 23.241763190039507 ], [ 77.432894058245324, 23.241757390041926 ], [ 77.43286755824532, 23.241669290078704 ], [ 77.432844558245307, 23.24167519007624 ], [ 77.43282135824532, 23.24159819010838 ], [ 77.432837658245305, 23.241593990110129 ], [ 77.432820658245319, 23.24153949013289 ], [ 77.432778958245294, 23.241550390128335 ] ] ] } },
{ "type": "Feature", "properties": { }, "geometry": { "type": "Polygon", "coordinates": [ [ [ 77.436959544327095, 23.241017053806441 ], [ 77.437020444327089, 23.241028753799931 ], [ 77.437019844327111, 23.241032153798038 ], [ 77.437038644327089, 23.241046753789909 ], [ 77.437076144327108, 23.241047853789297 ], [ 77.437118144327087, 23.241070353776781 ], [ 77.437145844327091, 23.241062453781169 ], [ 77.437147744327078, 23.241053253786294 ], [ 77.437162944327113, 23.241056153784687 ], [ 77.437208244327095, 23.241035653796093 ], [ 77.437213344327091, 23.241017153806389 ], [ 77.437225344327075, 23.241018053805885 ], [ 77.437252544327109, 23.240904053869333 ], [ 77.437241344327091, 23.240901953870502 ], [ 77.437241944327099, 23.240875153885415 ], [ 77.437212544327096, 23.24083805390606 ], [ 77.437009144327078, 23.240798953927822 ], [ 77.436959544327095, 23.241017053806441 ] ] ] } },
{ "type": "Feature", "properties": { }, "geometry": { "type": "Polygon", "coordinates": [ [ [ 77.433797358245315, 23.240202390691007 ], [ 77.433812658245316, 23.24025619066855 ], [ 77.433886558245305, 23.240238490675939 ], [ 77.433871358245312, 23.240184690698388 ], [ 77.433797358245315, 23.240202390691007 ] ] ] } },
{ "type": "Feature", "properties": { }, "geometry": { "type": "Polygon", "coordinates": [ [ [ 77.433209858245306, 23.241466890163185 ], [ 77.433272758245309, 23.24165759008358 ], [ 77.433697858245324, 23.241539290132966 ], [ 77.433634958245321, 23.241348590212574 ], [ 77.433209858245306, 23.241466890163185 ] ] ] } },
{ "type": "Feature", "properties": { }, "geometry": { "type": "Polygon", "coordinates": [ [ [ 77.433545758245288, 23.23855769137748 ], [ 77.433547958245327, 23.238751891296427 ], [ 77.433828258245313, 23.238796291277893 ], [ 77.433871058245316, 23.238686491323723 ], [ 77.433545758245288, 23.23855769137748 ] ] ] } },
{ "type": "Feature", "properties": { }, "geometry": { "type": "Polygon", "coordinates": [ [ [ 77.434595858245316, 23.240544790548086 ], [ 77.434691158245329, 23.240519790558523 ], [ 77.434599358245308, 23.240224590681741 ], [ 77.434504058245324, 23.240249690671263 ], [ 77.434595858245316, 23.240544790548086 ] ] ] } },
{ "type": "Feature", "properties": { }, "geometry": { "type": "Polygon", "coordinates": [ [ [ 77.433543158245314, 23.238957091210782 ], [ 77.433840458245328, 23.238963191208235 ], [ 77.433844158245321, 23.238812591271092 ], [ 77.433546758245328, 23.238806491273635 ], [ 77.433543158245314, 23.238957091210782 ] ] ] } },
{ "type": "Feature", "properties": { }, "geometry": { "type": "Polygon", "coordinates": [ [ [ 77.434702058245321, 23.240513190561277 ], [ 77.434712558245337, 23.240577590534393 ], [ 77.434817658245308, 23.240563190540406 ], [ 77.434807158245306, 23.240498690567328 ], [ 77.434702058245321, 23.240513190561277 ] ] ] } },
{ "type": "Feature", "properties": { }, "geometry": { "type": "Polygon", "coordinates": [ [ [ 77.433664758245314, 23.242051089919325 ], [ 77.433676158245333, 23.242101789898168 ], [ 77.433858558245305, 23.242067289912569 ], [ 77.433847158245314, 23.242016589933726 ], [ 77.433664758245314, 23.242051089919325 ] ] ] } },
{ "type": "Feature", "properties": { }, "geometry": { "type": "Polygon", "coordinates": [ [ [ 77.433835258245324, 23.240334490635863 ], [ 77.433915358245329, 23.240315390643829 ], [ 77.433899558245329, 23.240259490667171 ], [ 77.43381945824531, 23.240278690659157 ], [ 77.433835258245324, 23.240334490635863 ] ] ] } },
{ "type": "Feature", "properties": { }, "geometry": { "type": "Polygon", "coordinates": [ [ [ 77.437304758245304, 23.24134639021349 ], [ 77.437552858245326, 23.241383990197793 ], [ 77.437572658245315, 23.241273390243954 ], [ 77.437324558245308, 23.241235790259658 ], [ 77.437304758245304, 23.24134639021349 ] ] ] } },
{ "type": "Feature", "properties": { }, "geometry": { "type": "Polygon", "coordinates": [ [ [ 77.432771258245324, 23.238333391471098 ], [ 77.432787958245328, 23.23842349143349 ], [ 77.43293005824529, 23.238401291442759 ], [ 77.432913458245309, 23.238311191480367 ], [ 77.432771258245324, 23.238333391471098 ] ] ] } },
{ "type": "Feature", "properties": { }, "geometry": { "type": "Polygon", "coordinates": [ [ [ 77.433832458245334, 23.240339990633565 ], [ 77.43384985824531, 23.240392090611824 ], [ 77.433936358245305, 23.240367790621971 ], [ 77.433918958245314, 23.240315590643753 ], [ 77.433832458245334, 23.240339990633565 ] ] ] } },
{ "type": "Feature", "properties": { }, "geometry": { "type": "Polygon", "coordinates": [ [ [ 77.433474058245324, 23.242044489922087 ], [ 77.433498558245319, 23.242128589886978 ], [ 77.43362125824531, 23.242098389899578 ], [ 77.433596758245315, 23.242014289934694 ], [ 77.433474058245324, 23.242044489922087 ] ] ] } },
{ "type": "Feature", "properties": { }, "geometry": { "type": "Polygon", "coordinates": [ [ [ 77.432809058245311, 23.238462591417171 ], [ 77.432828258245323, 23.238557491377566 ], [ 77.432964458245323, 23.23853429138725 ], [ 77.43298085824533, 23.238615391353402 ], [ 77.433131458245313, 23.23858969136413 ], [ 77.433099858245328, 23.238412991437873 ], [ 77.432809058245311, 23.238462591417171 ] ] ] } },
{ "type": "Feature", "properties": { }, "geometry": { "type": "Polygon", "coordinates": [ [ [ 77.434068458245306, 23.241510890144824 ], [ 77.434046758245316, 23.241443890172789 ], [ 77.434120158245321, 23.241425890180299 ], [ 77.434090558245302, 23.241323990222842 ], [ 77.434060458245312, 23.241331390219745 ], [ 77.434024958245303, 23.241220090266204 ], [ 77.43388815824531, 23.241256990250807 ], [ 77.433979858245308, 23.24153519013468 ], [ 77.434068458245306, 23.241510890144824 ] ] ] } },
{ "type": "Feature", "properties": { }, "geometry": { "type": "Polygon", "coordinates": [ [ [ 77.434384058245314, 23.240027490764007 ], [ 77.433942758245308, 23.240138190717801 ], [ 77.434276258245305, 23.241261090249093 ], [ 77.434711058245298, 23.241151990294636 ], [ 77.434466458245311, 23.240328490638369 ], [ 77.434392358245304, 23.240347090630607 ], [ 77.434365858245314, 23.240257690667924 ], [ 77.434446458245304, 23.240237390676402 ], [ 77.434384058245314, 23.240027490764007 ] ] ] } },
{ "type": "Feature", "properties": { }, "geometry": { "type": "Polygon", "coordinates": [ [ [ 77.433597158245306, 23.240924290389678 ], [ 77.433597658245304, 23.240925890389011 ], [ 77.433924158245318, 23.240847590421694 ], [ 77.433863958245311, 23.24063589051006 ], [ 77.433547058245324, 23.240711890478337 ], [ 77.433543958245309, 23.240700890482927 ], [ 77.433406758245312, 23.240733890469162 ], [ 77.433469558245321, 23.240954990376864 ], [ 77.433597158245306, 23.240924290389678 ] ] ] } },
{ "type": "Feature", "properties": { }, "geometry": { "type": "Polygon", "coordinates": [ [ [ 77.435074958245337, 23.239744390882169 ], [ 77.435103258245306, 23.239627290931047 ], [ 77.43508235824531, 23.239623090932803 ], [ 77.435100858245292, 23.239546090964947 ], [ 77.435059958245304, 23.239537790968406 ], [ 77.435032458245317, 23.239652190920658 ], [ 77.43500155824529, 23.239645890923285 ], [ 77.434982358245307, 23.239725590890018 ], [ 77.435074958245337, 23.239744390882169 ] ] ] } },
{ "type": "Feature", "properties": { }, "geometry": { "type": "Polygon", "coordinates": [ [ [ 77.436687058245326, 23.238405791440879 ], [ 77.436673858245314, 23.238487091406949 ], [ 77.436813158245315, 23.238506191398979 ], [ 77.436826358245327, 23.23842489143291 ], [ 77.436687058245326, 23.238405791440879 ] ] ] } },
{ "type": "Feature", "properties": { }, "geometry": { "type": "Polygon", "coordinates": [ [ [ 77.436659558245324, 23.238569691372472 ], [ 77.436644458245311, 23.238662691333651 ], [ 77.436774258245308, 23.238680591326187 ], [ 77.436789458245315, 23.238587491365042 ], [ 77.436659558245324, 23.238569691372472 ] ] ] } },
{ "type": "Feature", "properties": { }, "geometry": { "type": "Polygon", "coordinates": [ [ [ 77.436973958245304, 23.23794519163312 ], [ 77.437111858245302, 23.237966691624148 ], [ 77.437135358245314, 23.237838591677608 ], [ 77.43699745824533, 23.237817191686538 ], [ 77.436973958245304, 23.23794519163312 ] ] ] } },
{ "type": "Feature", "properties": { }, "geometry": { "type": "Polygon", "coordinates": [ [ [ 77.436730758245304, 23.238266191499143 ], [ 77.436720558245327, 23.238321591476023 ], [ 77.436854058245331, 23.238342291467379 ], [ 77.436864258245308, 23.238286891490503 ], [ 77.436730758245304, 23.238266191499143 ] ] ] } },
{ "type": "Feature", "properties": { }, "geometry": { "type": "Polygon", "coordinates": [ [ [ 77.436774258245308, 23.238851291254939 ], [ 77.436878858245322, 23.238867891248006 ], [ 77.436892758245307, 23.238793991278854 ], [ 77.436788158245307, 23.238777291285828 ], [ 77.436774258245308, 23.238851291254939 ] ] ] } },
{ "type": "Feature", "properties": { }, "geometry": { "type": "Polygon", "coordinates": [ [ [ 77.43692765824531, 23.238141791551065 ], [ 77.436917058245314, 23.23821419152085 ], [ 77.437043758245323, 23.238229891514294 ], [ 77.437054358245291, 23.238157491544509 ], [ 77.43692765824531, 23.238141791551065 ] ] ] } },
{ "type": "Feature", "properties": { }, "geometry": { "type": "Polygon", "coordinates": [ [ [ 77.436821358245311, 23.238615391353402 ], [ 77.43694225824531, 23.238634091345599 ], [ 77.436955158245311, 23.238564091374808 ], [ 77.436834258245327, 23.23854529138266 ], [ 77.436821358245311, 23.238615391353402 ] ] ] } },
{ "type": "Feature", "properties": { }, "geometry": { "type": "Polygon", "coordinates": [ [ [ 77.436818658245315, 23.238623291350102 ], [ 77.436804258245317, 23.238702191317174 ], [ 77.436930258245326, 23.238721591309076 ], [ 77.436944658245324, 23.238642691342001 ], [ 77.436818658245315, 23.238623291350102 ] ] ] } },
{ "type": "Feature", "properties": { }, "geometry": { "type": "Polygon", "coordinates": [ [ [ 77.436588258245308, 23.238953191212413 ], [ 77.436697158245309, 23.238969191205726 ], [ 77.436716158245318, 23.238859091251683 ], [ 77.436607258245317, 23.238843091258364 ], [ 77.436588258245308, 23.238953191212413 ] ] ] } },
{ "type": "Feature", "properties": { }, "geometry": { "type": "Polygon", "coordinates": [ [ [ 77.436811458245316, 23.237940491635083 ], [ 77.436786058245303, 23.238078491577486 ], [ 77.436910658245324, 23.238097891569389 ], [ 77.436936058245323, 23.237959791627027 ], [ 77.436811458245316, 23.237940491635083 ] ] ] } },
{ "type": "Feature", "properties": { }, "geometry": { "type": "Polygon", "coordinates": [ [ [ 77.436738058245311, 23.238951091213288 ], [ 77.436875158245314, 23.238971191204897 ], [ 77.436891458245327, 23.238877391244046 ], [ 77.436754358245324, 23.23885729125244 ], [ 77.436738058245311, 23.238951091213288 ] ] ] } },
{ "type": "Feature", "properties": { }, "geometry": { "type": "Polygon", "coordinates": [ [ [ 77.436872858245323, 23.238376591453068 ], [ 77.436857358245305, 23.238460891417887 ], [ 77.436988558245318, 23.238481291409364 ], [ 77.437004058245307, 23.238396891444594 ], [ 77.436872858245323, 23.238376591453068 ] ] ] } },
{ "type": "Feature", "properties": { }, "geometry": { "type": "Polygon", "coordinates": [ [ [ 77.436665658245303, 23.238492691404609 ], [ 77.436654458245314, 23.238561091376063 ], [ 77.436797758245319, 23.238580791367834 ], [ 77.436808858245314, 23.238512391396391 ], [ 77.436665658245303, 23.238492691404609 ] ] ] } },
{ "type": "Feature", "properties": { }, "geometry": { "type": "Polygon", "coordinates": [ [ [ 77.436758458245322, 23.238184091533416 ], [ 77.436891858245318, 23.238204791524776 ], [ 77.436911058245329, 23.238100591568259 ], [ 77.436777658245333, 23.238079891576906 ], [ 77.436758458245322, 23.238184091533416 ] ] ] } },
{ "type": "Feature", "properties": { }, "geometry": { "type": "Polygon", "coordinates": [ [ [ 77.436788358245309, 23.238768091289661 ], [ 77.436912358245337, 23.238787191281695 ], [ 77.436923158245321, 23.238727991306401 ], [ 77.436799158245307, 23.238708891314374 ], [ 77.436788358245309, 23.238768091289661 ] ] ] } },
{ "type": "Feature", "properties": { }, "geometry": { "type": "Polygon", "coordinates": [ [ [ 77.436900958245303, 23.238299691485164 ], [ 77.437025158245305, 23.238319691476818 ], [ 77.437040058245316, 23.238241591509411 ], [ 77.436915958245322, 23.238221591517757 ], [ 77.436900958245303, 23.238299691485164 ] ] ] } },
{ "type": "Feature", "properties": { }, "geometry": { "type": "Polygon", "coordinates": [ [ [ 77.436960658245312, 23.238066791582369 ], [ 77.436948058245321, 23.238135291553775 ], [ 77.437062358245313, 23.238153091546351 ], [ 77.437074958245304, 23.238084491574977 ], [ 77.436960658245312, 23.238066791582369 ] ] ] } },
{ "type": "Feature", "properties": { }, "geometry": { "type": "Polygon", "coordinates": [ [ [ 77.436841358245303, 23.238542191383949 ], [ 77.436962558245327, 23.238558791377017 ], [ 77.436974758245313, 23.238483991408241 ], [ 77.436853558245318, 23.23846739141517 ], [ 77.436841358245303, 23.238542191383949 ] ] ] } },
{ "type": "Feature", "properties": { }, "geometry": { "type": "Polygon", "coordinates": [ [ [ 77.436638158245316, 23.238666991331861 ], [ 77.436628058245319, 23.238729191305904 ], [ 77.436754158245293, 23.238746491298681 ], [ 77.43676415824531, 23.238684291324645 ], [ 77.436638158245316, 23.238666991331861 ] ] ] } },
{ "type": "Feature", "properties": { }, "geometry": { "type": "Polygon", "coordinates": [ [ [ 77.436696458245322, 23.238322591475601 ], [ 77.436682558245309, 23.238398191444055 ], [ 77.436818558245321, 23.238419291435246 ], [ 77.436832458245306, 23.238343691466799 ], [ 77.436696458245322, 23.238322591475601 ] ] ] } },
{ "type": "Feature", "properties": { }, "geometry": { "type": "Polygon", "coordinates": [ [ [ 77.436620258245313, 23.238736591302811 ], [ 77.436608258245315, 23.238809891272219 ], [ 77.436743858245308, 23.238828591264419 ], [ 77.43675585824532, 23.238755191295049 ], [ 77.436620258245313, 23.238736591302811 ] ] ] } },
{ "type": "Feature", "properties": { }, "geometry": { "type": "Polygon", "coordinates": [ [ [ 77.436969758245326, 23.237967391623847 ], [ 77.436952958245328, 23.238058691585746 ], [ 77.437091058245315, 23.238080191576778 ], [ 77.437107858245312, 23.237988791614924 ], [ 77.436969758245326, 23.237967391623847 ] ] ] } },
{ "type": "Feature", "properties": { }, "geometry": { "type": "Polygon", "coordinates": [ [ [ 77.436754258245315, 23.238188191531698 ], [ 77.436740158245314, 23.238264691499772 ], [ 77.436866758245301, 23.23828439149155 ], [ 77.436880858245317, 23.238207791523518 ], [ 77.436754258245315, 23.238188191531698 ] ] ] } },
{ "type": "Feature", "properties": { }, "geometry": { "type": "Polygon", "coordinates": [ [ [ 77.436832958245304, 23.23780719169071 ], [ 77.436809758245303, 23.237933191638128 ], [ 77.436942858245317, 23.237953791629529 ], [ 77.436966058245332, 23.237827891682077 ], [ 77.436832958245304, 23.23780719169071 ] ] ] } },
{ "type": "Feature", "properties": { }, "geometry": { "type": "Polygon", "coordinates": [ [ [ 77.436890458245315, 23.238301891484245 ], [ 77.436877558245314, 23.238372291454866 ], [ 77.437007658245307, 23.238392491446422 ], [ 77.437020558245308, 23.238322091475812 ], [ 77.436890458245315, 23.238301891484245 ] ] ] } },
{ "type": "Feature", "properties": { }, "geometry": { "type": "Polygon", "coordinates": [ [ [ 77.428346858245305, 23.232726593810934 ], [ 77.42833385824531, 23.232727793810433 ], [ 77.42832235824531, 23.232733393808097 ], [ 77.428314058245306, 23.232742593804261 ], [ 77.428310258245304, 23.232754093799461 ], [ 77.428311558245312, 23.232765993794501 ], [ 77.428317658245305, 23.232776493790112 ], [ 77.428327658245294, 23.232784093786936 ], [ 77.428340158245305, 23.232787593785485 ], [ 77.428353058245321, 23.232786493785941 ], [ 77.428364558245306, 23.232780893788277 ], [ 77.428372858245325, 23.232771693792117 ], [ 77.428376658245313, 23.232760193796913 ], [ 77.428375458245299, 23.23274829380188 ], [ 77.428369358245305, 23.232737793806262 ], [ 77.428359258245322, 23.232730093809469 ], [ 77.428346858245305, 23.232726593810934 ] ] ] } },
{ "type": "Feature", "properties": { }, "geometry": { "type": "Polygon", "coordinates": [ [ [ 77.430934058245313, 23.229606095112953 ], [ 77.431047558245325, 23.229615995108819 ], [ 77.4310630582453, 23.229465995171413 ], [ 77.430949558245317, 23.229456195175494 ], [ 77.430934058245313, 23.229606095112953 ] ] ] } },
{ "type": "Feature", "properties": { }, "geometry": { "type": "Polygon", "coordinates": [ [ [ 77.430782958245302, 23.230347494803624 ], [ 77.430978158245324, 23.230371394793647 ], [ 77.43099545824532, 23.23025269484318 ], [ 77.430800158245304, 23.230228794853144 ], [ 77.430782958245302, 23.230347494803624 ] ] ] } },
{ "type": "Feature", "properties": { }, "geometry": { "type": "Polygon", "coordinates": [ [ [ 77.43052095824531, 23.228969895378384 ], [ 77.430482858245313, 23.229053295343586 ], [ 77.430687258245328, 23.229131995310759 ], [ 77.430725258245317, 23.229048595345553 ], [ 77.43052095824531, 23.228969895378384 ] ] ] } },
{ "type": "Feature", "properties": { }, "geometry": { "type": "Polygon", "coordinates": [ [ [ 77.429661558245328, 23.231939694139285 ], [ 77.429790058245302, 23.231970094126602 ], [ 77.429826058245325, 23.231841694180172 ], [ 77.429697558245309, 23.231811194192897 ], [ 77.429661558245328, 23.231939694139285 ] ] ] } },
{ "type": "Feature", "properties": { }, "geometry": { "type": "Polygon", "coordinates": [ [ [ 77.425901958245291, 23.229564695130225 ], [ 77.426016858245319, 23.229577495124889 ], [ 77.426033658245316, 23.229450595177834 ], [ 77.425918758245317, 23.229437795183173 ], [ 77.425901958245291, 23.229564695130225 ] ] ] } },
{ "type": "Feature", "properties": { }, "geometry": { "type": "Polygon", "coordinates": [ [ [ 77.425492058245311, 23.229840195015282 ], [ 77.425530558245313, 23.229840795015036 ], [ 77.425532258245326, 23.229750695052623 ], [ 77.42549375824531, 23.229749995052913 ], [ 77.425492058245311, 23.229840195015282 ] ] ] } },
{ "type": "Feature", "properties": { }, "geometry": { "type": "Polygon", "coordinates": [ [ [ 77.43058415824531, 23.231343994387842 ], [ 77.430681858245322, 23.231360094381124 ], [ 77.430738158245333, 23.231073194500834 ], [ 77.430640458245321, 23.231056994507593 ], [ 77.43058415824531, 23.231343994387842 ] ] ] } },
{ "type": "Feature", "properties": { }, "geometry": { "type": "Polygon", "coordinates": [ [ [ 77.427265858245306, 23.229069895336664 ], [ 77.427270258245329, 23.229165995296565 ], [ 77.427495558245326, 23.229157395300163 ], [ 77.427491158245317, 23.229061295340252 ], [ 77.427265858245306, 23.229069895336664 ] ] ] } },
{ "type": "Feature", "properties": { }, "geometry": { "type": "Polygon", "coordinates": [ [ [ 77.429113058245306, 23.231586294286735 ], [ 77.42913245824532, 23.23173219422587 ], [ 77.429344258245294, 23.23170849423575 ], [ 77.429324958245303, 23.23156259429663 ], [ 77.429113058245306, 23.231586294286735 ] ] ] } },
{ "type": "Feature", "properties": { }, "geometry": { "type": "Polygon", "coordinates": [ [ [ 77.424596558245327, 23.228433295602262 ], [ 77.424703258245302, 23.22843159560297 ], [ 77.424702358245312, 23.228383895622869 ], [ 77.424595658245295, 23.228385595622157 ], [ 77.424596558245327, 23.228433295602262 ] ] ] } },
{ "type": "Feature", "properties": { }, "geometry": { "type": "Polygon", "coordinates": [ [ [ 77.424493458245308, 23.22852689556321 ], [ 77.424539358245312, 23.228526695563296 ], [ 77.424539158245324, 23.228456795592454 ], [ 77.42449325824532, 23.228456895592416 ], [ 77.424493458245308, 23.22852689556321 ] ] ] } },
{ "type": "Feature", "properties": { }, "geometry": { "type": "Polygon", "coordinates": [ [ [ 77.428003158245303, 23.228320595649276 ], [ 77.428068058245302, 23.228381195623996 ], [ 77.428128058245321, 23.228326995646608 ], [ 77.428138758245311, 23.228336995642429 ], [ 77.428165858245336, 23.228312495652656 ], [ 77.428155158245303, 23.22830249565683 ], [ 77.428220258245304, 23.228243795681315 ], [ 77.428155458245328, 23.228183195706595 ], [ 77.428003158245303, 23.228320595649276 ] ] ] } },
{ "type": "Feature", "properties": { }, "geometry": { "type": "Polygon", "coordinates": [ [ [ 77.42664565824532, 23.229931294977273 ], [ 77.42675385824532, 23.229980294956825 ], [ 77.426841058245316, 23.229817595024716 ], [ 77.426732858245302, 23.229768695045109 ], [ 77.42664565824532, 23.229931294977273 ] ] ] } },
{ "type": "Feature", "properties": { }, "geometry": { "type": "Polygon", "coordinates": [ [ [ 77.43057775824532, 23.228428995604055 ], [ 77.430502158245318, 23.22849509557647 ], [ 77.430606758245304, 23.228596195534294 ], [ 77.430682358245335, 23.228530095561872 ], [ 77.43057775824532, 23.228428995604055 ] ] ] } },
{ "type": "Feature", "properties": { }, "geometry": { "type": "Polygon", "coordinates": [ [ [ 77.424807258245323, 23.22838859562091 ], [ 77.424808158245298, 23.228441495598833 ], [ 77.424926958245322, 23.228439695599594 ], [ 77.424926058245319, 23.228386895621622 ], [ 77.424807258245323, 23.22838859562091 ] ] ] } },
{ "type": "Feature", "properties": { }, "geometry": { "type": "Polygon", "coordinates": [ [ [ 77.424981358245304, 23.22842659560505 ], [ 77.425067858245299, 23.228425995605303 ], [ 77.425067358245315, 23.228371795627922 ], [ 77.42498085824532, 23.22837239562767 ], [ 77.424981358245304, 23.22842659560505 ] ] ] } },
{ "type": "Feature", "properties": { }, "geometry": { "type": "Polygon", "coordinates": [ [ [ 77.427804958245318, 23.228499995574431 ], [ 77.427875258245322, 23.228566795546559 ], [ 77.427939158245323, 23.228510095570222 ], [ 77.427944158245325, 23.228514795568259 ], [ 77.427969858245319, 23.228491995577766 ], [ 77.427964858245318, 23.228487295579733 ], [ 77.428026758245323, 23.228432195602721 ], [ 77.427956458245319, 23.228365395630583 ], [ 77.427804958245318, 23.228499995574431 ] ] ] } },
{ "type": "Feature", "properties": { }, "geometry": { "type": "Polygon", "coordinates": [ [ [ 77.427261058245307, 23.230191894868543 ], [ 77.427389658245303, 23.230198094865955 ], [ 77.427396958245325, 23.230070294919283 ], [ 77.427268358245314, 23.230064094921858 ], [ 77.427261058245307, 23.230191894868543 ] ] ] } },
{ "type": "Feature", "properties": { }, "geometry": { "type": "Polygon", "coordinates": [ [ [ 77.425905858245329, 23.229611595110661 ], [ 77.425885958245303, 23.229724595063512 ], [ 77.426048458245319, 23.229748895053369 ], [ 77.426068458245311, 23.229635895100518 ], [ 77.425905858245329, 23.229611595110661 ] ] ] } },
{ "type": "Feature", "properties": { }, "geometry": { "type": "Polygon", "coordinates": [ [ [ 77.424463558245321, 23.229188295287269 ], [ 77.424598358245305, 23.229197095283595 ], [ 77.424605858245329, 23.229099595324271 ], [ 77.424471058245288, 23.229090795327942 ], [ 77.424463558245321, 23.229188295287269 ] ] ] } },
{ "type": "Feature", "properties": { }, "geometry": { "type": "Polygon", "coordinates": [ [ [ 77.424720158245307, 23.228448995595709 ], [ 77.424799558245311, 23.22844779559621 ], [ 77.424798258245303, 23.228378995624912 ], [ 77.424718858245313, 23.228380295624373 ], [ 77.424720158245307, 23.228448995595709 ] ] ] } },
{ "type": "Feature", "properties": { }, "geometry": { "type": "Polygon", "coordinates": [ [ [ 77.424775358245313, 23.229373395210036 ], [ 77.42490465824531, 23.229391495202488 ], [ 77.424923958245301, 23.229275195251013 ], [ 77.424794558245296, 23.229257095258568 ], [ 77.424775358245313, 23.229373395210036 ] ] ] } },
{ "type": "Feature", "properties": { }, "geometry": { "type": "Polygon", "coordinates": [ [ [ 77.429158058245321, 23.228485195580607 ], [ 77.429319658245319, 23.228560495549193 ], [ 77.429411158245316, 23.228394795618321 ], [ 77.429249458245309, 23.228319495649739 ], [ 77.429158058245321, 23.228485195580607 ] ] ] } },
{ "type": "Feature", "properties": { }, "geometry": { "type": "Polygon", "coordinates": [ [ [ 77.426397458245305, 23.229660295090341 ], [ 77.426538358245324, 23.229705995071271 ], [ 77.426564258245307, 23.229638695099354 ], [ 77.426423258245308, 23.229592995118423 ], [ 77.426397458245305, 23.229660295090341 ] ] ] } },
{ "type": "Feature", "properties": { }, "geometry": { "type": "Polygon", "coordinates": [ [ [ 77.430715958245315, 23.230300194823357 ], [ 77.430761258245312, 23.230303194822106 ], [ 77.430768058245306, 23.2302161948584 ], [ 77.430722758245309, 23.230213194859655 ], [ 77.430715958245315, 23.230300194823357 ] ] ] } },
{ "type": "Feature", "properties": { }, "geometry": { "type": "Polygon", "coordinates": [ [ [ 77.430431758245305, 23.228288395662712 ], [ 77.430353058245302, 23.228361495632214 ], [ 77.430468358245292, 23.22846629558849 ], [ 77.430547058245324, 23.228393095619033 ], [ 77.430431758245305, 23.228288395662712 ] ] ] } },
{ "type": "Feature", "properties": { }, "geometry": { "type": "Polygon", "coordinates": [ [ [ 77.428201358245303, 23.228658595508261 ], [ 77.428340958245315, 23.228711695486115 ], [ 77.428387158245314, 23.228609095528917 ], [ 77.428247558245317, 23.228556095551035 ], [ 77.428201358245303, 23.228658595508261 ] ] ] } },
{ "type": "Feature", "properties": { }, "geometry": { "type": "Polygon", "coordinates": [ [ [ 77.425726358245328, 23.229706995070853 ], [ 77.425779458245316, 23.229713795068022 ], [ 77.425813058245311, 23.229491395160814 ], [ 77.425759858245314, 23.229484595163647 ], [ 77.425726358245328, 23.229706995070853 ] ] ] } },
{ "type": "Feature", "properties": { }, "geometry": { "type": "Polygon", "coordinates": [ [ [ 77.439674158245325, 23.236881792076932 ], [ 77.439816758245314, 23.236903292067957 ], [ 77.439831358245328, 23.236821592102057 ], [ 77.439688758245325, 23.236800092111032 ], [ 77.439674158245325, 23.236881792076932 ] ] ] } },
{ "type": "Feature", "properties": { }, "geometry": { "type": "Polygon", "coordinates": [ [ [ 77.437595658245314, 23.23716309195953 ], [ 77.437562358245302, 23.237299491902608 ], [ 77.437641658245326, 23.237315891895765 ], [ 77.437674958245324, 23.237179491952684 ], [ 77.437595658245314, 23.23716309195953 ] ] ] } },
{ "type": "Feature", "properties": { }, "geometry": { "type": "Polygon", "coordinates": [ [ [ 77.437459158245318, 23.237443791842384 ], [ 77.437533658245329, 23.237459091835994 ], [ 77.43756485824531, 23.237331191889371 ], [ 77.437490458245321, 23.237315791895799 ], [ 77.437459158245318, 23.237443791842384 ] ] ] } },
{ "type": "Feature", "properties": { }, "geometry": { "type": "Polygon", "coordinates": [ [ [ 77.437515558245323, 23.235015792855666 ], [ 77.437671058245328, 23.235036092847196 ], [ 77.437686258245321, 23.234938092888093 ], [ 77.437530758245316, 23.234917792896564 ], [ 77.437515558245323, 23.235015792855666 ] ] ] } },
{ "type": "Feature", "properties": { }, "geometry": { "type": "Polygon", "coordinates": [ [ [ 77.437741058245308, 23.236960392044129 ], [ 77.437833158245297, 23.236970792039788 ], [ 77.437849358245316, 23.236849992090207 ], [ 77.437757258245313, 23.236839592094544 ], [ 77.437741058245308, 23.236960392044129 ] ] ] } },
{ "type": "Feature", "properties": { }, "geometry": { "type": "Polygon", "coordinates": [ [ [ 77.437720658245311, 23.237109991981693 ], [ 77.43780955824532, 23.237118691978061 ], [ 77.43782415824532, 23.236991792031027 ], [ 77.437735258245326, 23.236983192034611 ], [ 77.437720658245311, 23.237109991981693 ] ] ] } },
{ "type": "Feature", "properties": { }, "geometry": { "type": "Polygon", "coordinates": [ [ [ 77.439159758245324, 23.236828692099092 ], [ 77.439284558245305, 23.236849592090369 ], [ 77.439300658245315, 23.2367682921243 ], [ 77.439175858245321, 23.236747392133026 ], [ 77.439159758245324, 23.236828692099092 ] ] ] } },
{ "type": "Feature", "properties": { }, "geometry": { "type": "Polygon", "coordinates": [ [ [ 77.437627858245307, 23.237094891987997 ], [ 77.437715458245307, 23.237102091984994 ], [ 77.437728058245327, 23.236973292038748 ], [ 77.437640458245312, 23.236965992041796 ], [ 77.437627858245307, 23.237094891987997 ] ] ] } },
{ "type": "Feature", "properties": { }, "geometry": { "type": "Polygon", "coordinates": [ [ [ 77.439219058245314, 23.236572892205849 ], [ 77.439335658245312, 23.236592392197711 ], [ 77.43935235824533, 23.236508292232806 ], [ 77.439235758245317, 23.236488692240993 ], [ 77.439219058245314, 23.236572892205849 ] ] ] } },
{ "type": "Feature", "properties": { }, "geometry": { "type": "Polygon", "coordinates": [ [ [ 77.437569358245327, 23.234706892984573 ], [ 77.4375506582453, 23.234815992939048 ], [ 77.437707758245296, 23.234838792929526 ], [ 77.437726458245322, 23.234729692975058 ], [ 77.437569358245327, 23.234706892984573 ] ] ] } },
{ "type": "Feature", "properties": { }, "geometry": { "type": "Polygon", "coordinates": [ [ [ 77.437800758245317, 23.237503491817467 ], [ 77.43783085824532, 23.237380091868971 ], [ 77.437757358245321, 23.237364991875264 ], [ 77.437727158245323, 23.237488291823812 ], [ 77.437800758245317, 23.237503491817467 ] ] ] } },
{ "type": "Feature", "properties": { }, "geometry": { "type": "Polygon", "coordinates": [ [ [ 77.439939958245304, 23.230468094753306 ], [ 77.440285358245319, 23.230459394756934 ], [ 77.440279658245302, 23.23027159483529 ], [ 77.43993435824531, 23.230280394831617 ], [ 77.439939958245304, 23.230468094753306 ] ] ] } },
{ "type": "Feature", "properties": { }, "geometry": { "type": "Polygon", "coordinates": [ [ [ 77.439571458245325, 23.236691392156398 ], [ 77.43969345824533, 23.236709792148716 ], [ 77.439708758245317, 23.236624192184443 ], [ 77.439586758245326, 23.236605792192123 ], [ 77.439571458245325, 23.236691392156398 ] ] ] } },
{ "type": "Feature", "properties": { }, "geometry": { "type": "Polygon", "coordinates": [ [ [ 77.437690958245312, 23.234610593024762 ], [ 77.437803958245311, 23.234621393020248 ], [ 77.437811858245311, 23.234551493049427 ], [ 77.437698858245312, 23.234540693053937 ], [ 77.437690958245312, 23.234610593024762 ] ] ] } },
{ "type": "Feature", "properties": { }, "geometry": { "type": "Polygon", "coordinates": [ [ [ 77.430208958245316, 23.228444695597503 ], [ 77.430256958245309, 23.228435195601467 ], [ 77.430233458245311, 23.228335995642855 ], [ 77.430185558245327, 23.228345495638894 ], [ 77.430208958245316, 23.228444695597503 ] ] ] } },
{ "type": "Feature", "properties": { }, "geometry": { "type": "Polygon", "coordinates": [ [ [ 77.437547258245317, 23.237444491842091 ], [ 77.43762275824534, 23.237459991835625 ], [ 77.437647058245304, 23.237360791877023 ], [ 77.437571458245301, 23.237345191883527 ], [ 77.437547258245317, 23.237444491842091 ] ] ] } },
{ "type": "Feature", "properties": { }, "geometry": { "type": "Polygon", "coordinates": [ [ [ 77.4301850582453, 23.228762995464706 ], [ 77.430288258245312, 23.228786095455067 ], [ 77.430323858245316, 23.228652195510932 ], [ 77.430220558245324, 23.228629095520571 ], [ 77.4301850582453, 23.228762995464706 ] ] ] } },
{ "type": "Feature", "properties": { }, "geometry": { "type": "Polygon", "coordinates": [ [ [ 77.429871358245322, 23.230382994788808 ], [ 77.429906958245311, 23.230383894788432 ], [ 77.429909058245315, 23.230315494816978 ], [ 77.429873358245317, 23.230314594817351 ], [ 77.429871358245322, 23.230382994788808 ] ] ] } },
{ "type": "Feature", "properties": { }, "geometry": { "type": "Polygon", "coordinates": [ [ [ 77.439543358245302, 23.236856392087532 ], [ 77.439657958245292, 23.236873592080354 ], [ 77.439670258245329, 23.236804692109107 ], [ 77.439555658245311, 23.236787392116334 ], [ 77.439543358245302, 23.236856392087532 ] ] ] } },
{ "type": "Feature", "properties": { }, "geometry": { "type": "Polygon", "coordinates": [ [ [ 77.432597058245321, 23.230613494692641 ], [ 77.432620758245321, 23.230689094661091 ], [ 77.432915858245323, 23.230605294696058 ], [ 77.432890858245329, 23.230530894727107 ], [ 77.432597058245321, 23.230613494692641 ] ] ] } },
{ "type": "Feature", "properties": { }, "geometry": { "type": "Polygon", "coordinates": [ [ [ 77.439308958245306, 23.23675229213098 ], [ 77.439427958245318, 23.236772192122679 ], [ 77.43944275824532, 23.236697292153927 ], [ 77.439323758245322, 23.236677392162239 ], [ 77.439308958245306, 23.23675229213098 ] ] ] } },
{ "type": "Feature", "properties": { }, "geometry": { "type": "Polygon", "coordinates": [ [ [ 77.428584958245324, 23.230112794901544 ], [ 77.428711558245325, 23.23015879488235 ], [ 77.428789958245304, 23.229976594958377 ], [ 77.428663358245316, 23.229930594977564 ], [ 77.428584958245324, 23.230112794901544 ] ] ] } },
{ "type": "Feature", "properties": { }, "geometry": { "type": "Polygon", "coordinates": [ [ [ 77.437656658245288, 23.236949392048722 ], [ 77.437734358245308, 23.236958592044886 ], [ 77.43775155824531, 23.236836892095667 ], [ 77.437673958245313, 23.23682769209951 ], [ 77.437656658245288, 23.236949392048722 ] ] ] } },
{ "type": "Feature", "properties": { }, "geometry": { "type": "Polygon", "coordinates": [ [ [ 77.437537858245307, 23.237077991995051 ], [ 77.437618258245323, 23.237086091991664 ], [ 77.437632058245327, 23.236970192040044 ], [ 77.437551658245326, 23.236962092043424 ], [ 77.437537858245307, 23.237077991995051 ] ] ] } },
{ "type": "Feature", "properties": { }, "geometry": { "type": "Polygon", "coordinates": [ [ [ 77.425951658245339, 23.230135194892203 ], [ 77.425953358245323, 23.230244594846553 ], [ 77.426210558245302, 23.230241194847974 ], [ 77.426208858245317, 23.230131794893619 ], [ 77.425951658245339, 23.230135194892203 ] ] ] } },
{ "type": "Feature", "properties": { }, "geometry": { "type": "Polygon", "coordinates": [ [ [ 77.439699058245324, 23.236788392115908 ], [ 77.439821258245303, 23.236806892108195 ], [ 77.439835958245311, 23.236724192142706 ], [ 77.439713858245312, 23.236705792150381 ], [ 77.439699058245324, 23.236788392115908 ] ] ] } },
{ "type": "Feature", "properties": { }, "geometry": { "type": "Polygon", "coordinates": [ [ [ 77.429050858245304, 23.230367894795108 ], [ 77.429084458245313, 23.230528994727894 ], [ 77.429116558245312, 23.230523394730231 ], [ 77.429082958245303, 23.230362194797493 ], [ 77.429050858245304, 23.230367894795108 ] ] ] } },
{ "type": "Feature", "properties": { }, "geometry": { "type": "Polygon", "coordinates": [ [ [ 77.437842658245302, 23.237358791877856 ], [ 77.437949958245312, 23.237371491872555 ], [ 77.437970858245322, 23.237221791935038 ], [ 77.437863558245326, 23.237209191940288 ], [ 77.437842658245302, 23.237358791877856 ] ] ] } },
{ "type": "Feature", "properties": { }, "geometry": { "type": "Polygon", "coordinates": [ [ [ 77.429038758245341, 23.228412295611022 ], [ 77.429137758245304, 23.228420395607639 ], [ 77.429148658245296, 23.228307395654785 ], [ 77.429049658245333, 23.228299295658164 ], [ 77.429038758245341, 23.228412295611022 ] ] ] } },
{ "type": "Feature", "properties": { }, "geometry": { "type": "Polygon", "coordinates": [ [ [ 77.437468958245304, 23.237281091910287 ], [ 77.437545558245318, 23.237296891903689 ], [ 77.437576858245322, 23.237168791957149 ], [ 77.437500258245322, 23.237152991963747 ], [ 77.437468958245304, 23.237281091910287 ] ] ] } },
{ "type": "Feature", "properties": { }, "geometry": { "type": "Polygon", "coordinates": [ [ [ 77.430423158245318, 23.230302894822231 ], [ 77.430472058245314, 23.230308294819977 ], [ 77.430486858245303, 23.230194894867289 ], [ 77.430437958245321, 23.230189494869546 ], [ 77.430423158245318, 23.230302894822231 ] ] ] } },
{ "type": "Feature", "properties": { }, "geometry": { "type": "Polygon", "coordinates": [ [ [ 77.439702158245311, 23.236695292154764 ], [ 77.439824058245321, 23.236713692147088 ], [ 77.439837858245326, 23.236636692179214 ], [ 77.439715858245322, 23.236618292186897 ], [ 77.439702158245311, 23.236695292154764 ] ] ] } },
{ "type": "Feature", "properties": { }, "geometry": { "type": "Polygon", "coordinates": [ [ [ 77.430596858245295, 23.228720495482442 ], [ 77.430699458245329, 23.228774095460075 ], [ 77.43077595824532, 23.228650495511644 ], [ 77.430673358245315, 23.228596895534004 ], [ 77.430596858245295, 23.228720495482442 ] ] ] } },
{ "type": "Feature", "properties": { }, "geometry": { "type": "Polygon", "coordinates": [ [ [ 77.429903558245329, 23.230546894720426 ], [ 77.429904558245312, 23.23060139469769 ], [ 77.430178758245319, 23.230597094699483 ], [ 77.430177758245307, 23.230542594722216 ], [ 77.429903558245329, 23.230546894720426 ] ] ] } },
{ "type": "Feature", "properties": { }, "geometry": { "type": "Polygon", "coordinates": [ [ [ 77.439367258245312, 23.236499092236649 ], [ 77.43949135824532, 23.236519892227964 ], [ 77.43950765824529, 23.236437892262192 ], [ 77.439383558245311, 23.236417092270869 ], [ 77.439367258245312, 23.236499092236649 ] ] ] } },
{ "type": "Feature", "properties": { }, "geometry": { "type": "Polygon", "coordinates": [ [ [ 77.42846245824532, 23.230069994919404 ], [ 77.428578358245304, 23.230109794902798 ], [ 77.428656158245317, 23.229918794982488 ], [ 77.428540258245306, 23.229878894999132 ], [ 77.42846245824532, 23.230069994919404 ] ] ] } },
{ "type": "Feature", "properties": { }, "geometry": { "type": "Polygon", "coordinates": [ [ [ 77.439552958245329, 23.236778692119959 ], [ 77.439687558245325, 23.236798992111488 ], [ 77.439701958245323, 23.236718392145125 ], [ 77.439567358245327, 23.236698092153603 ], [ 77.439552958245329, 23.236778692119959 ] ] ] } },
{ "type": "Feature", "properties": { }, "geometry": { "type": "Polygon", "coordinates": [ [ [ 77.429750358245329, 23.230449394761106 ], [ 77.429781458245301, 23.230451094760394 ], [ 77.429802458245305, 23.23022139485623 ], [ 77.429765058245309, 23.230228294853365 ], [ 77.429750358245329, 23.230449394761106 ] ] ] } },
{ "type": "Feature", "properties": { }, "geometry": { "type": "Polygon", "coordinates": [ [ [ 77.439298658245292, 23.236849792090286 ], [ 77.43941755824531, 23.236869692081978 ], [ 77.439435658245301, 23.236778692119959 ], [ 77.439316758245312, 23.236758792128271 ], [ 77.439298658245292, 23.236849792090286 ] ] ] } },
{ "type": "Feature", "properties": { }, "geometry": { "type": "Polygon", "coordinates": [ [ [ 77.430370558245329, 23.228713995485151 ], [ 77.430376558245328, 23.228785495455316 ], [ 77.430445458245302, 23.228780595457366 ], [ 77.430439458245303, 23.22870909548719 ], [ 77.430370558245329, 23.228713995485151 ] ] ] } },
{ "type": "Feature", "properties": { }, "geometry": { "type": "Polygon", "coordinates": [ [ [ 77.437849158245314, 23.236991792031027 ], [ 77.437923058245303, 23.236996792028936 ], [ 77.437932558245322, 23.236879192078018 ], [ 77.437858558245324, 23.236874192080101 ], [ 77.437849158245314, 23.236991792031027 ] ] ] } },
{ "type": "Feature", "properties": { }, "geometry": { "type": "Polygon", "coordinates": [ [ [ 77.430113358245322, 23.228848095429207 ], [ 77.430174858245323, 23.228876295417436 ], [ 77.430222858245315, 23.228787895454317 ], [ 77.430161458245323, 23.228759695466088 ], [ 77.430113358245322, 23.228848095429207 ] ] ] } },
{ "type": "Feature", "properties": { }, "geometry": { "type": "Polygon", "coordinates": [ [ [ 77.437813458245301, 23.23733289188867 ], [ 77.437843658245313, 23.237209391940208 ], [ 77.437777058245317, 23.237195691945928 ], [ 77.437746858245305, 23.237319091894424 ], [ 77.437813458245301, 23.23733289188867 ] ] ] } },
{ "type": "Feature", "properties": { }, "geometry": { "type": "Polygon", "coordinates": [ [ [ 77.43057075824531, 23.228985395371922 ], [ 77.430679758245304, 23.228794595451522 ], [ 77.430602158245307, 23.228757095467166 ], [ 77.430493158245341, 23.228947995387518 ], [ 77.43057075824531, 23.228985395371922 ] ] ] } },
{ "type": "Feature", "properties": { }, "geometry": { "type": "Polygon", "coordinates": [ [ [ 77.437557358245328, 23.236932192055903 ], [ 77.43763545824531, 23.236939492052855 ], [ 77.437648258245304, 23.236823792101134 ], [ 77.437570258245302, 23.236816492104182 ], [ 77.437557358245328, 23.236932192055903 ] ] ] } },
{ "type": "Feature", "properties": { }, "geometry": { "type": "Polygon", "coordinates": [ [ [ 77.432167958245316, 23.230663394671822 ], [ 77.432312958245305, 23.230671694668352 ], [ 77.432319258245315, 23.230578894707076 ], [ 77.432174258245311, 23.230570594710539 ], [ 77.432167958245316, 23.230663394671822 ] ] ] } },
{ "type": "Feature", "properties": { }, "geometry": { "type": "Polygon", "coordinates": [ [ [ 77.437440258245303, 23.237063592001054 ], [ 77.437530158245309, 23.237071291997843 ], [ 77.437541958245319, 23.23695579204605 ], [ 77.437452058245313, 23.236947992049309 ], [ 77.437440258245303, 23.237063592001054 ] ] ] } },
{ "type": "Feature", "properties": { }, "geometry": { "type": "Polygon", "coordinates": [ [ [ 77.431678458245329, 23.228748195470882 ], [ 77.43169975824533, 23.228848595428992 ], [ 77.431864758245311, 23.22881899544134 ], [ 77.431843458245311, 23.228718695483192 ], [ 77.431678458245329, 23.228748195470882 ] ] ] } },
{ "type": "Feature", "properties": { }, "geometry": { "type": "Polygon", "coordinates": [ [ [ 77.437455158245342, 23.23691979206107 ], [ 77.43755225824529, 23.23692789205769 ], [ 77.437563558245316, 23.236812792105724 ], [ 77.437466358245317, 23.236804692109107 ], [ 77.437455158245342, 23.23691979206107 ] ] ] } },
{ "type": "Feature", "properties": { }, "geometry": { "type": "Polygon", "coordinates": [ [ [ 77.427309558245327, 23.229447095179289 ], [ 77.427520358245303, 23.229434695184466 ], [ 77.427514758245309, 23.229353995218133 ], [ 77.427303858245324, 23.229366395212963 ], [ 77.427309558245327, 23.229447095179289 ] ] ] } },
{ "type": "Feature", "properties": { }, "geometry": { "type": "Polygon", "coordinates": [ [ [ 77.441015558245326, 23.237153191963664 ], [ 77.441162358245322, 23.237160591960571 ], [ 77.44117045824531, 23.237024792017252 ], [ 77.441023658245314, 23.237017392020338 ], [ 77.441015558245326, 23.237153191963664 ] ] ] } },
{ "type": "Feature", "properties": { }, "geometry": { "type": "Polygon", "coordinates": [ [ [ 77.429092158245325, 23.230339894806793 ], [ 77.429127058245314, 23.230530894727107 ], [ 77.429187558245289, 23.230521494731025 ], [ 77.429152658245314, 23.230330494810712 ], [ 77.429092158245325, 23.230339894806793 ] ] ] } },
{ "type": "Feature", "properties": { }, "geometry": { "type": "Polygon", "coordinates": [ [ [ 77.437731058245305, 23.23501149285746 ], [ 77.437822858245326, 23.235025792851498 ], [ 77.437842958245326, 23.234916592897061 ], [ 77.437751158245305, 23.23490229290303 ], [ 77.437731058245305, 23.23501149285746 ] ] ] } },
{ "type": "Feature", "properties": { }, "geometry": { "type": "Polygon", "coordinates": [ [ [ 77.430267958245324, 23.228948195387442 ], [ 77.430319358245328, 23.228848595428992 ], [ 77.430254458245329, 23.228820295440805 ], [ 77.430203058245311, 23.228919895399248 ], [ 77.430267958245324, 23.228948195387442 ] ] ] } },
{ "type": "Feature", "properties": { }, "geometry": { "type": "Polygon", "coordinates": [ [ [ 77.437809158245329, 23.237512091813876 ], [ 77.437913858245295, 23.237533691804863 ], [ 77.437949258245311, 23.237388591865422 ], [ 77.437844658245325, 23.237366991874431 ], [ 77.437809158245329, 23.237512091813876 ] ] ] } },
{ "type": "Feature", "properties": { }, "geometry": { "type": "Polygon", "coordinates": [ [ [ 77.431986958245304, 23.230602394697268 ], [ 77.432114358245315, 23.23061959469009 ], [ 77.432132058245315, 23.230508894736282 ], [ 77.432004658245305, 23.230491594743501 ], [ 77.431986958245304, 23.230602394697268 ] ] ] } },
{ "type": "Feature", "properties": { }, "geometry": { "type": "Polygon", "coordinates": [ [ [ 77.426460358245322, 23.229941794972895 ], [ 77.426541158245328, 23.229731395060679 ], [ 77.426361358245288, 23.229673095084994 ], [ 77.42628055824531, 23.22988359499718 ], [ 77.426460358245322, 23.229941794972895 ] ] ] } },
{ "type": "Feature", "properties": { }, "geometry": { "type": "Polygon", "coordinates": [ [ [ 77.440310958245306, 23.230626094687381 ], [ 77.440532258245327, 23.230623594688428 ], [ 77.440527558245293, 23.230269094836334 ], [ 77.440306258245329, 23.23027159483529 ], [ 77.440310958245306, 23.230626094687381 ] ] ] } },
{ "type": "Feature", "properties": { }, "geometry": { "type": "Polygon", "coordinates": [ [ [ 77.43110915824532, 23.228402495615107 ], [ 77.43107045824533, 23.228446395596791 ], [ 77.431123458245324, 23.228485895580313 ], [ 77.431162158245314, 23.228441995598629 ], [ 77.43110915824532, 23.228402495615107 ] ] ] } },
{ "type": "Feature", "properties": { }, "geometry": { "type": "Polygon", "coordinates": [ [ [ 77.437342258245309, 23.237415891854024 ], [ 77.43745265824532, 23.237438691844506 ], [ 77.437483558245304, 23.237312491897182 ], [ 77.437373058245313, 23.237289691906696 ], [ 77.437342258245309, 23.237415891854024 ] ] ] } },
{ "type": "Feature", "properties": { }, "geometry": { "type": "Polygon", "coordinates": [ [ [ 77.427306358245332, 23.229608595111912 ], [ 77.427514658245315, 23.229603595114 ], [ 77.427511658245308, 23.229497495158263 ], [ 77.427303358245311, 23.229502395156217 ], [ 77.427306358245332, 23.229608595111912 ] ] ] } },
{ "type": "Feature", "properties": { }, "geometry": { "type": "Polygon", "coordinates": [ [ [ 77.440609358245311, 23.236792392114246 ], [ 77.44076975824531, 23.236800492110863 ], [ 77.440777158245297, 23.236677192162311 ], [ 77.440616758245326, 23.236669092165705 ], [ 77.440609358245311, 23.236792392114246 ] ] ] } },
{ "type": "Feature", "properties": { }, "geometry": { "type": "Polygon", "coordinates": [ [ [ 77.429818258245319, 23.230433194767858 ], [ 77.429852758245303, 23.230434394767364 ], [ 77.42986085824532, 23.230248994844715 ], [ 77.429826258245313, 23.230247694845257 ], [ 77.429818258245319, 23.230433194767858 ] ] ] } },
{ "type": "Feature", "properties": { }, "geometry": { "type": "Polygon", "coordinates": [ [ [ 77.437754958245321, 23.234884492910453 ], [ 77.437848858245303, 23.234899892904032 ], [ 77.437870158245303, 23.234790192949813 ], [ 77.437776258245322, 23.234774792956241 ], [ 77.437754958245321, 23.234884492910453 ] ] ] } },
{ "type": "Feature", "properties": { }, "geometry": { "type": "Polygon", "coordinates": [ [ [ 77.437462658245309, 23.237293291905196 ], [ 77.437494958245324, 23.237161091960367 ], [ 77.437402558245324, 23.237142091968298 ], [ 77.437370258245309, 23.237274191913162 ], [ 77.437462658245309, 23.237293291905196 ] ] ] } },
{ "type": "Feature", "properties": { }, "geometry": { "type": "Polygon", "coordinates": [ [ [ 77.43923515824531, 23.236481692243917 ], [ 77.439355958245315, 23.236501892235477 ], [ 77.439372558245296, 23.236418092270451 ], [ 77.439251758245305, 23.23639789227888 ], [ 77.43923515824531, 23.236481692243917 ] ] ] } },
{ "type": "Feature", "properties": { }, "geometry": { "type": "Polygon", "coordinates": [ [ [ 77.439722858245304, 23.236604792192537 ], [ 77.439844958245303, 23.236623192184855 ], [ 77.439857258245311, 23.236554192213653 ], [ 77.439735158245313, 23.236535792221336 ], [ 77.439722858245304, 23.236604792192537 ] ] ] } },
{ "type": "Feature", "properties": { }, "geometry": { "type": "Polygon", "coordinates": [ [ [ 77.437632258245316, 23.237460691835324 ], [ 77.437722658245306, 23.237479291827565 ], [ 77.437748558245332, 23.237373291871805 ], [ 77.437658158245313, 23.23735469187957 ], [ 77.437632258245316, 23.237460691835324 ] ] ] } },
{ "type": "Feature", "properties": { }, "geometry": { "type": "Polygon", "coordinates": [ [ [ 77.439188458245326, 23.236641692177137 ], [ 77.439315158245307, 23.23666289216829 ], [ 77.439328358245305, 23.236596492196004 ], [ 77.439201558245315, 23.236575292204851 ], [ 77.439188458245326, 23.236641692177137 ] ] ] } },
{ "type": "Feature", "properties": { }, "geometry": { "type": "Polygon", "coordinates": [ [ [ 77.439579558245327, 23.23659669219591 ], [ 77.439703958245317, 23.23661539218811 ], [ 77.43971715824533, 23.236541192219079 ], [ 77.439592858245305, 23.236522492226882 ], [ 77.439579558245327, 23.23659669219591 ] ] ] } },
{ "type": "Feature", "properties": { }, "geometry": { "type": "Polygon", "coordinates": [ [ [ 77.43933025824532, 23.23667329216395 ], [ 77.439450958245303, 23.236693492155521 ], [ 77.439465958245322, 23.236617592187194 ], [ 77.439345358245305, 23.236597392195627 ], [ 77.43933025824532, 23.23667329216395 ] ] ] } },
{ "type": "Feature", "properties": { }, "geometry": { "type": "Polygon", "coordinates": [ [ [ 77.439147258245313, 23.236928492057444 ], [ 77.439277158245318, 23.23695019204839 ], [ 77.439296058245318, 23.236854892088154 ], [ 77.439166158245314, 23.236833092097257 ], [ 77.439147258245313, 23.236928492057444 ] ] ] } },
{ "type": "Feature", "properties": { }, "geometry": { "type": "Polygon", "coordinates": [ [ [ 77.437816158245326, 23.237106791983031 ], [ 77.43788925824532, 23.237113091980397 ], [ 77.437900458245323, 23.237004292025802 ], [ 77.437827358245329, 23.236997992028439 ], [ 77.437816158245326, 23.237106791983031 ] ] ] } },
{ "type": "Feature", "properties": { }, "geometry": { "type": "Polygon", "coordinates": [ [ [ 77.439175358245308, 23.236741792135359 ], [ 77.439301058245306, 23.236762792126594 ], [ 77.439319058245303, 23.236671892164534 ], [ 77.439193358245305, 23.236650792173332 ], [ 77.439175358245308, 23.236741792135359 ] ] ] } },
{ "type": "Feature", "properties": { }, "geometry": { "type": "Polygon", "coordinates": [ [ [ 77.440447958245315, 23.236782292118455 ], [ 77.440598758245315, 23.236786592116665 ], [ 77.440602858245327, 23.236665492167202 ], [ 77.440452058245313, 23.236661192168995 ], [ 77.440447958245315, 23.236782292118455 ] ] ] } },
{ "type": "Feature", "properties": { }, "geometry": { "type": "Polygon", "coordinates": [ [ [ 77.439349558245311, 23.236590492198506 ], [ 77.439476958245322, 23.236611892189572 ], [ 77.439494058245302, 23.236525892225462 ], [ 77.439366558245311, 23.23650459223435 ], [ 77.439349558245311, 23.236590492198506 ] ] ] } },
{ "type": "Feature", "properties": { }, "geometry": { "type": "Polygon", "coordinates": [ [ [ 77.437644958245329, 23.237304891900354 ], [ 77.43773255824533, 23.237322991892796 ], [ 77.437763858245319, 23.23719979194421 ], [ 77.437766158245324, 23.237185791950061 ], [ 77.437678458245315, 23.237167691957612 ], [ 77.437676858245297, 23.237174291954851 ], [ 77.437644958245329, 23.237304891900354 ] ] ] } },
{ "type": "Feature", "properties": { }, "geometry": { "type": "Polygon", "coordinates": [ [ [ 77.436294658245316, 23.240063690748897 ], [ 77.43627615824532, 23.240152090712002 ], [ 77.436401558245322, 23.240174290702736 ], [ 77.436420058245318, 23.24008579073967 ], [ 77.436294658245316, 23.240063690748897 ] ] ] } },
{ "type": "Feature", "properties": { }, "geometry": { "type": "Polygon", "coordinates": [ [ [ 77.436456158245321, 23.241339390216407 ], [ 77.436531458245312, 23.241358490208434 ], [ 77.436566258245321, 23.241242890256693 ], [ 77.436490958245315, 23.241223790264662 ], [ 77.436456158245321, 23.241339390216407 ] ] ] } },
{ "type": "Feature", "properties": { }, "geometry": { "type": "Polygon", "coordinates": [ [ [ 77.437548058245326, 23.238755491294921 ], [ 77.437663558245305, 23.238771791288119 ], [ 77.437696558245307, 23.238573691370803 ], [ 77.437581158245308, 23.238557391377601 ], [ 77.437548058245326, 23.238755491294921 ] ] ] } },
{ "type": "Feature", "properties": { }, "geometry": { "type": "Polygon", "coordinates": [ [ [ 77.436754358245324, 23.239842990841016 ], [ 77.436854658245295, 23.239870590829497 ], [ 77.436894258245317, 23.239749190880168 ], [ 77.436793858245309, 23.239721590891687 ], [ 77.436754358245324, 23.239842990841016 ] ] ] } },
{ "type": "Feature", "properties": { }, "geometry": { "type": "Polygon", "coordinates": [ [ [ 77.436715858245321, 23.241409290187232 ], [ 77.436750258245311, 23.241294790235028 ], [ 77.436648258245327, 23.241268890245838 ], [ 77.436613858245309, 23.241383390198038 ], [ 77.436715858245321, 23.241409290187232 ] ] ] } },
{ "type": "Feature", "properties": { }, "geometry": { "type": "Polygon", "coordinates": [ [ [ 77.436374458245311, 23.240423490598719 ], [ 77.43649845824531, 23.240445090589699 ], [ 77.436514858245317, 23.2403657906228 ], [ 77.436390758245309, 23.24034419063182 ], [ 77.436374458245311, 23.240423490598719 ] ] ] } },
{ "type": "Feature", "properties": { }, "geometry": { "type": "Polygon", "coordinates": [ [ [ 77.436799458245304, 23.240018690767684 ], [ 77.436891758245338, 23.240046890755913 ], [ 77.436938858245327, 23.23991629081042 ], [ 77.436846558245307, 23.239888190822146 ], [ 77.436799458245304, 23.240018690767684 ] ] ] } },
{ "type": "Feature", "properties": { }, "geometry": { "type": "Polygon", "coordinates": [ [ [ 77.437493758245324, 23.238309991480868 ], [ 77.437612658245314, 23.238328391473182 ], [ 77.437633458245301, 23.238215291520383 ], [ 77.437514558245311, 23.238196891528066 ], [ 77.437493758245324, 23.238309991480868 ] ] ] } },
{ "type": "Feature", "properties": { }, "geometry": { "type": "Polygon", "coordinates": [ [ [ 77.436553858245318, 23.240566990538813 ], [ 77.436536558245322, 23.240644990506262 ], [ 77.436680258245303, 23.240671890495037 ], [ 77.436697458245305, 23.240593790527633 ], [ 77.436553858245318, 23.240566990538813 ] ] ] } },
{ "type": "Feature", "properties": { }, "geometry": { "type": "Polygon", "coordinates": [ [ [ 77.437004558245306, 23.239196191110992 ], [ 77.437090858245327, 23.239205391107141 ], [ 77.437107658245324, 23.239073091162364 ], [ 77.437021358245303, 23.239063791166242 ], [ 77.437004558245306, 23.239196191110992 ] ] ] } },
{ "type": "Feature", "properties": { }, "geometry": { "type": "Polygon", "coordinates": [ [ [ 77.436617358245329, 23.24101309035261 ], [ 77.436750258245311, 23.241044690339418 ], [ 77.436768758245321, 23.240979190366765 ], [ 77.436635858245324, 23.24094759037995 ], [ 77.436617358245329, 23.24101309035261 ] ] ] } },
{ "type": "Feature", "properties": { }, "geometry": { "type": "Polygon", "coordinates": [ [ [ 77.437506658245326, 23.240173290703154 ], [ 77.43757185824532, 23.240189590696346 ], [ 77.437598258245316, 23.240100490733539 ], [ 77.437533058245322, 23.240084190740344 ], [ 77.437506658245326, 23.240173290703154 ] ] ] } },
{ "type": "Feature", "properties": { }, "geometry": { "type": "Polygon", "coordinates": [ [ [ 77.43670135824533, 23.239979090784207 ], [ 77.436796858245316, 23.240006090772948 ], [ 77.436834358245321, 23.239893990819727 ], [ 77.436738858245306, 23.239866990831 ], [ 77.43670135824533, 23.239979090784207 ] ] ] } },
{ "type": "Feature", "properties": { }, "geometry": { "type": "Polygon", "coordinates": [ [ [ 77.436314658245323, 23.240665790497584 ], [ 77.436443458245307, 23.240686690488857 ], [ 77.43645855824532, 23.24060839052154 ], [ 77.436329758245293, 23.240587390530308 ], [ 77.436314658245323, 23.240665790497584 ] ] ] } },
{ "type": "Feature", "properties": { }, "geometry": { "type": "Polygon", "coordinates": [ [ [ 77.437152958245321, 23.240085090739971 ], [ 77.437225458245308, 23.240106090731199 ], [ 77.437259858245326, 23.240005790773065 ], [ 77.437187358245311, 23.239984790781829 ], [ 77.437152958245321, 23.240085090739971 ] ] ] } },
{ "type": "Feature", "properties": { }, "geometry": { "type": "Polygon", "coordinates": [ [ [ 77.437068458245307, 23.239015391186445 ], [ 77.437156858245302, 23.239025291182315 ], [ 77.437171158245306, 23.238917991227101 ], [ 77.437082658245316, 23.238907991231276 ], [ 77.437068458245307, 23.239015391186445 ] ] ] } },
{ "type": "Feature", "properties": { }, "geometry": { "type": "Polygon", "coordinates": [ [ [ 77.438131258245306, 23.240373890619423 ], [ 77.438169258245338, 23.240258390667627 ], [ 77.438090358245319, 23.240236490676772 ], [ 77.438052458245295, 23.240352090628516 ], [ 77.438131258245306, 23.240373890619423 ] ] ] } },
{ "type": "Feature", "properties": { }, "geometry": { "type": "Polygon", "coordinates": [ [ [ 77.43762555824533, 23.238319491476897 ], [ 77.437610458245302, 23.238402891442089 ], [ 77.437727058245315, 23.238420691434662 ], [ 77.437742158245328, 23.238337391469429 ], [ 77.43762555824533, 23.238319491476897 ] ] ] } },
{ "type": "Feature", "properties": { }, "geometry": { "type": "Polygon", "coordinates": [ [ [ 77.436705658245316, 23.23916629112346 ], [ 77.436826558245315, 23.23918029111762 ], [ 77.436844258245316, 23.239051291171464 ], [ 77.436723358245317, 23.239037291177297 ], [ 77.436705658245316, 23.23916629112346 ] ] ] } },
{ "type": "Feature", "properties": { }, "geometry": { "type": "Polygon", "coordinates": [ [ [ 77.43651545824531, 23.239867090830963 ], [ 77.436496758245326, 23.239946290797903 ], [ 77.436604858245303, 23.239967990788841 ], [ 77.436623658245324, 23.239888790821897 ], [ 77.43651545824531, 23.239867090830963 ] ] ] } },
{ "type": "Feature", "properties": { }, "geometry": { "type": "Polygon", "coordinates": [ [ [ 77.437204558245313, 23.237969391623018 ], [ 77.437384958245303, 23.237996091611869 ], [ 77.437406158245324, 23.237875491662205 ], [ 77.437225758245319, 23.237848691673392 ], [ 77.437204558245313, 23.237969391623018 ] ] ] } },
{ "type": "Feature", "properties": { }, "geometry": { "type": "Polygon", "coordinates": [ [ [ 77.436572758245305, 23.240488990571379 ], [ 77.436556558245329, 23.240561890540949 ], [ 77.436708258245304, 23.240590290529095 ], [ 77.436724358245314, 23.240517390559528 ], [ 77.436572758245305, 23.240488990571379 ] ] ] } },
{ "type": "Feature", "properties": { }, "geometry": { "type": "Polygon", "coordinates": [ [ [ 77.436997558245324, 23.239360991042201 ], [ 77.437073158245312, 23.239370091038403 ], [ 77.43708905824532, 23.239258291085068 ], [ 77.437013458245318, 23.239249191088859 ], [ 77.436997558245324, 23.239360991042201 ] ] ] } },
{ "type": "Feature", "properties": { }, "geometry": { "type": "Polygon", "coordinates": [ [ [ 77.436235458245307, 23.240308890646553 ], [ 77.436220758245327, 23.240369390621304 ], [ 77.436348758245316, 23.240395790610279 ], [ 77.436363558245304, 23.240335290635532 ], [ 77.436235458245307, 23.240308890646553 ] ] ] } },
{ "type": "Feature", "properties": { }, "geometry": { "type": "Polygon", "coordinates": [ [ [ 77.436642758245299, 23.240944490381249 ], [ 77.436771358245309, 23.240975190368435 ], [ 77.43679255824533, 23.240899990399821 ], [ 77.436663958245305, 23.240869290412636 ], [ 77.436642758245299, 23.240944490381249 ] ] ] } },
{ "type": "Feature", "properties": { }, "geometry": { "type": "Polygon", "coordinates": [ [ [ 77.43671605824531, 23.239317691060272 ], [ 77.436732858245307, 23.239211491104601 ], [ 77.436653758245313, 23.239200891109022 ], [ 77.436636958245316, 23.239307191064661 ], [ 77.43671605824531, 23.239317691060272 ] ] ] } },
{ "type": "Feature", "properties": { }, "geometry": { "type": "Polygon", "coordinates": [ [ [ 77.438376058245311, 23.240447390588745 ], [ 77.438467158245317, 23.240472590578225 ], [ 77.43850115824533, 23.240369090621428 ], [ 77.438410058245324, 23.240343890631944 ], [ 77.438376058245311, 23.240447390588745 ] ] ] } },
{ "type": "Feature", "properties": { }, "geometry": { "type": "Polygon", "coordinates": [ [ [ 77.438201558245325, 23.240402190607604 ], [ 77.438241258245327, 23.240281490657992 ], [ 77.438181058245306, 23.240264790664959 ], [ 77.438141458245326, 23.240385490614578 ], [ 77.438201558245325, 23.240402190607604 ] ] ] } },
{ "type": "Feature", "properties": { }, "geometry": { "type": "Polygon", "coordinates": [ [ [ 77.437637958245304, 23.238257591502734 ], [ 77.43762715824532, 23.238317191477858 ], [ 77.437748658245312, 23.238335791470092 ], [ 77.43775945824531, 23.238276191494968 ], [ 77.437637958245304, 23.238257591502734 ] ] ] } },
{ "type": "Feature", "properties": { }, "geometry": { "type": "Polygon", "coordinates": [ [ [ 77.437022858245328, 23.241311490228053 ], [ 77.437107358245314, 23.241328690220875 ], [ 77.437135858245313, 23.241210790270092 ], [ 77.437051358245341, 23.241193590277266 ], [ 77.437022858245328, 23.241311490228053 ] ] ] } },
{ "type": "Feature", "properties": { }, "geometry": { "type": "Polygon", "coordinates": [ [ [ 77.437414258245326, 23.240174290702736 ], [ 77.437496358245312, 23.240195690693806 ], [ 77.437531458245317, 23.240082090741222 ], [ 77.437449258245323, 23.240060690750148 ], [ 77.437414258245326, 23.240174290702736 ] ] ] } },
{ "type": "Feature", "properties": { }, "geometry": { "type": "Polygon", "coordinates": [ [ [ 77.437394558245302, 23.238014691604111 ], [ 77.437493658245316, 23.238027691598688 ], [ 77.437514958245316, 23.237890791655825 ], [ 77.437415858245316, 23.237877791661244 ], [ 77.437394558245302, 23.238014691604111 ] ] ] } },
{ "type": "Feature", "properties": { }, "geometry": { "type": "Polygon", "coordinates": [ [ [ 77.437067658245311, 23.240064290748652 ], [ 77.437149958245328, 23.240086890739217 ], [ 77.437185458245324, 23.239977590784836 ], [ 77.437103158245321, 23.239955090794229 ], [ 77.437067658245311, 23.240064290748652 ] ] ] } },
{ "type": "Feature", "properties": { }, "geometry": { "type": "Polygon", "coordinates": [ [ [ 77.436397958245308, 23.240336590634985 ], [ 77.436516558245302, 23.240359390625468 ], [ 77.436535458245316, 23.240276490660076 ], [ 77.436416758245329, 23.24025369066959 ], [ 77.436397958245308, 23.240336590634985 ] ] ] } },
{ "type": "Feature", "properties": { }, "geometry": { "type": "Polygon", "coordinates": [ [ [ 77.437554158245305, 23.238941191217418 ], [ 77.437636058245317, 23.23894999121374 ], [ 77.43765205824532, 23.23882419126625 ], [ 77.437570158245322, 23.238815391269924 ], [ 77.437554158245305, 23.238941191217418 ] ] ] } },
{ "type": "Feature", "properties": { }, "geometry": { "type": "Polygon", "coordinates": [ [ [ 77.436983958245293, 23.240032090762085 ], [ 77.437058858245322, 23.240053390753197 ], [ 77.437092358245323, 23.239953890794727 ], [ 77.437017458245322, 23.239932590803619 ], [ 77.436983958245293, 23.240032090762085 ] ] ] } },
{ "type": "Feature", "properties": { }, "geometry": { "type": "Polygon", "coordinates": [ [ [ 77.436253558245326, 23.240244190673558 ], [ 77.436238458245327, 23.240306190647679 ], [ 77.436365258245317, 23.240332290636783 ], [ 77.436380358245302, 23.240270290662664 ], [ 77.436253558245326, 23.240244190673558 ] ] ] } },
{ "type": "Feature", "properties": { }, "geometry": { "type": "Polygon", "coordinates": [ [ [ 77.436661258245309, 23.240860590416268 ], [ 77.436788058245327, 23.240890790403665 ], [ 77.43680605824531, 23.240826890430331 ], [ 77.43667925824532, 23.240796690442941 ], [ 77.436661258245309, 23.240860590416268 ] ] ] } },
{ "type": "Feature", "properties": { }, "geometry": { "type": "Polygon", "coordinates": [ [ [ 77.438563458245326, 23.240822290432252 ], [ 77.438526858245325, 23.240893990402331 ], [ 77.438645958245317, 23.240945390380872 ], [ 77.438682558245318, 23.240873690410801 ], [ 77.438563458245326, 23.240822290432252 ] ] ] } },
{ "type": "Feature", "properties": { }, "geometry": { "type": "Polygon", "coordinates": [ [ [ 77.437777758245304, 23.24111409031045 ], [ 77.437855658245311, 23.241131690303103 ], [ 77.437885758245315, 23.241018890350194 ], [ 77.43780795824533, 23.241001290357538 ], [ 77.437777758245304, 23.24111409031045 ] ] ] } },
{ "type": "Feature", "properties": { }, "geometry": { "type": "Polygon", "coordinates": [ [ [ 77.437485358245326, 23.238163891541841 ], [ 77.437639958245327, 23.238182791533955 ], [ 77.437655658245305, 23.238073991579363 ], [ 77.437501158245311, 23.238055091587245 ], [ 77.437485358245326, 23.238163891541841 ] ] ] } },
{ "type": "Feature", "properties": { }, "geometry": { "type": "Polygon", "coordinates": [ [ [ 77.436157458245304, 23.241127790304734 ], [ 77.436233158245329, 23.241143190298303 ], [ 77.436264558245341, 23.241013190352572 ], [ 77.436188758245308, 23.240997790359003 ], [ 77.436157458245304, 23.241127790304734 ] ] ] } },
{ "type": "Feature", "properties": { }, "geometry": { "type": "Polygon", "coordinates": [ [ [ 77.436012858245306, 23.24121809026704 ], [ 77.436091658245317, 23.241238090258694 ], [ 77.436120658245329, 23.241141690298932 ], [ 77.436041858245318, 23.241121590307316 ], [ 77.436012858245306, 23.24121809026704 ] ] ] } },
{ "type": "Feature", "properties": { }, "geometry": { "type": "Polygon", "coordinates": [ [ [ 77.43743845824531, 23.239056091169459 ], [ 77.437613858245328, 23.239074691161697 ], [ 77.437627058245312, 23.238970591205149 ], [ 77.437451558245328, 23.238951891212949 ], [ 77.43743845824531, 23.239056091169459 ] ] ] } },
{ "type": "Feature", "properties": { }, "geometry": { "type": "Polygon", "coordinates": [ [ [ 77.437672658245319, 23.240238990675728 ], [ 77.437787258245308, 23.240271890661997 ], [ 77.437821158245313, 23.240172390703531 ], [ 77.43770655824531, 23.240139390717303 ], [ 77.437672658245319, 23.240238990675728 ] ] ] } },
{ "type": "Feature", "properties": { }, "geometry": { "type": "Polygon", "coordinates": [ [ [ 77.438359258245313, 23.240907190396818 ], [ 77.438316758245321, 23.240977790367349 ], [ 77.43842705824531, 23.241033790343973 ], [ 77.438469558245302, 23.240963290373397 ], [ 77.438359258245313, 23.240907190396818 ] ] ] } },
{ "type": "Feature", "properties": { }, "geometry": { "type": "Polygon", "coordinates": [ [ [ 77.438523558245308, 23.240331690637031 ], [ 77.438597658245328, 23.24035229062844 ], [ 77.438637358245316, 23.240231490678863 ], [ 77.43856325824531, 23.240210890687457 ], [ 77.438523558245308, 23.240331690637031 ] ] ] } },
{ "type": "Feature", "properties": { }, "geometry": { "type": "Polygon", "coordinates": [ [ [ 77.436116458245323, 23.240778790450413 ], [ 77.436089558245314, 23.240898690400368 ], [ 77.436198258245341, 23.240919290391766 ], [ 77.436225258245315, 23.24079949044177 ], [ 77.436116458245323, 23.240778790450413 ] ] ] } },
{ "type": "Feature", "properties": { }, "geometry": { "type": "Polygon", "coordinates": [ [ [ 77.436857358245305, 23.239871190829245 ], [ 77.436956058245329, 23.239898190817975 ], [ 77.436996958245317, 23.239771890870696 ], [ 77.436898258245321, 23.239744890881962 ], [ 77.436857358245305, 23.239871190829245 ] ] ] } },
{ "type": "Feature", "properties": { }, "geometry": { "type": "Polygon", "coordinates": [ [ [ 77.437860258245323, 23.241133790302229 ], [ 77.437933158245315, 23.241149090295846 ], [ 77.437960258245326, 23.241039690341506 ], [ 77.437887358245305, 23.241024390347896 ], [ 77.437860258245323, 23.241133790302229 ] ] ] } },
{ "type": "Feature", "properties": { }, "geometry": { "type": "Polygon", "coordinates": [ [ [ 77.437352658245317, 23.239408891022205 ], [ 77.437437458245327, 23.239418591018161 ], [ 77.437451358245312, 23.239315791061067 ], [ 77.437366458245322, 23.239306091065117 ], [ 77.437352658245317, 23.239408891022205 ] ] ] } },
{ "type": "Feature", "properties": { }, "geometry": { "type": "Polygon", "coordinates": [ [ [ 77.43701205824533, 23.241475690159515 ], [ 77.437151358245302, 23.241511090144733 ], [ 77.437185858245329, 23.241396190192699 ], [ 77.437046558245328, 23.241360890207432 ], [ 77.43701205824533, 23.241475690159515 ] ] ] } },
{ "type": "Feature", "properties": { }, "geometry": { "type": "Polygon", "coordinates": [ [ [ 77.436803958245292, 23.239329391055392 ], [ 77.436820558245316, 23.239223991099376 ], [ 77.436737558245326, 23.23921289110401 ], [ 77.436720958245317, 23.239318291060027 ], [ 77.436803958245292, 23.239329391055392 ] ] ] } },
{ "type": "Feature", "properties": { }, "geometry": { "type": "Polygon", "coordinates": [ [ [ 77.436049058245317, 23.241083190323351 ], [ 77.436131158245303, 23.241099890316381 ], [ 77.436158758245327, 23.240985690364049 ], [ 77.436076558245304, 23.240968990371019 ], [ 77.436049058245317, 23.241083190323351 ] ] ] } },
{ "type": "Feature", "properties": { }, "geometry": { "type": "Polygon", "coordinates": [ [ [ 77.436511858245311, 23.240828690429581 ], [ 77.436494758245317, 23.240905990397319 ], [ 77.43664255824531, 23.240933590385794 ], [ 77.436659658245304, 23.240856290418058 ], [ 77.436511858245311, 23.240828690429581 ] ] ] } },
{ "type": "Feature", "properties": { }, "geometry": { "type": "Polygon", "coordinates": [ [ [ 77.438012158245343, 23.238937991218751 ], [ 77.438075658245324, 23.238570891371971 ], [ 77.437954258245313, 23.238553091379401 ], [ 77.437890758245317, 23.238920191226182 ], [ 77.438012158245343, 23.238937991218751 ] ] ] } },
{ "type": "Feature", "properties": { }, "geometry": { "type": "Polygon", "coordinates": [ [ [ 77.437114558245312, 23.241327490221376 ], [ 77.43720015824529, 23.241344890214116 ], [ 77.437233258245314, 23.241207790271343 ], [ 77.437147658245308, 23.241190290278645 ], [ 77.437114558245312, 23.241327490221376 ] ] ] } },
{ "type": "Feature", "properties": { }, "geometry": { "type": "Polygon", "coordinates": [ [ [ 77.438085858245302, 23.241192790277605 ], [ 77.438135958245326, 23.241205090272469 ], [ 77.438172858245323, 23.241078690325228 ], [ 77.438122758245328, 23.241066290330405 ], [ 77.438085858245302, 23.241192790277605 ] ] ] } },
{ "type": "Feature", "properties": { }, "geometry": { "type": "Polygon", "coordinates": [ [ [ 77.438634758245314, 23.240509290562901 ], [ 77.438702958245329, 23.240528790554766 ], [ 77.438743358245304, 23.240409790604438 ], [ 77.438675158245331, 23.240390190612619 ], [ 77.438634758245314, 23.240509290562901 ] ] ] } },
{ "type": "Feature", "properties": { }, "geometry": { "type": "Polygon", "coordinates": [ [ [ 77.438354558245308, 23.240283990656948 ], [ 77.438440758245306, 23.240308790646598 ], [ 77.438483958245328, 23.240182290699391 ], [ 77.438397858245324, 23.240157390709786 ], [ 77.438354558245308, 23.240283990656948 ] ] ] } },
{ "type": "Feature", "properties": { }, "geometry": { "type": "Polygon", "coordinates": [ [ [ 77.437923558245316, 23.240327390638832 ], [ 77.438046358245316, 23.240361390624635 ], [ 77.438088158245321, 23.240234190677729 ], [ 77.437965358245293, 23.240200190691926 ], [ 77.437923558245316, 23.240327390638832 ] ] ] } },
{ "type": "Feature", "properties": { }, "geometry": { "type": "Polygon", "coordinates": [ [ [ 77.437447058245326, 23.239425891015106 ], [ 77.437527658245315, 23.239432691012279 ], [ 77.437538258245311, 23.239326091056764 ], [ 77.437457658245322, 23.239319291059605 ], [ 77.437447058245326, 23.239425891015106 ] ] ] } },
{ "type": "Feature", "properties": { }, "geometry": { "type": "Polygon", "coordinates": [ [ [ 77.438521858245309, 23.240897890400699 ], [ 77.438487258245303, 23.240965690372398 ], [ 77.438604358245328, 23.241016190351321 ], [ 77.438638958245321, 23.24094849037958 ], [ 77.438521858245309, 23.240897890400699 ] ] ] } },
{ "type": "Feature", "properties": { }, "geometry": { "type": "Polygon", "coordinates": [ [ [ 77.437725958245323, 23.240100290733622 ], [ 77.437828658245309, 23.240129290721519 ], [ 77.43786755824533, 23.240012890770103 ], [ 77.437764858245302, 23.239983890782206 ], [ 77.437725958245323, 23.240100290733622 ] ] ] } },
{ "type": "Feature", "properties": { }, "geometry": { "type": "Polygon", "coordinates": [ [ [ 77.436308158245311, 23.239907990813883 ], [ 77.436465758245319, 23.239940590800281 ], [ 77.436490258245328, 23.239840890841897 ], [ 77.43633265824532, 23.239808190855545 ], [ 77.436308158245311, 23.239907990813883 ] ] ] } },
{ "type": "Feature", "properties": { }, "geometry": { "type": "Polygon", "coordinates": [ [ [ 77.436900958245303, 23.239342291050008 ], [ 77.436918158245305, 23.239233191095543 ], [ 77.436826558245315, 23.239220991100638 ], [ 77.436809358245313, 23.239330091055098 ], [ 77.436900958245303, 23.239342291050008 ] ] ] } },
{ "type": "Feature", "properties": { }, "geometry": { "type": "Polygon", "coordinates": [ [ [ 77.436119158245305, 23.241277690242168 ], [ 77.436236158245308, 23.241307390229768 ], [ 77.436268858245313, 23.241198890275054 ], [ 77.43615185824531, 23.241169190287454 ], [ 77.436119158245305, 23.241277690242168 ] ] ] } },
{ "type": "Feature", "properties": { }, "geometry": { "type": "Polygon", "coordinates": [ [ [ 77.437757658245317, 23.239361791041858 ], [ 77.437739458245318, 23.239502890982976 ], [ 77.437923558245316, 23.239522890974623 ], [ 77.437941758245316, 23.239381791033519 ], [ 77.437757658245317, 23.239361791041858 ] ] ] } },
{ "type": "Feature", "properties": { }, "geometry": { "type": "Polygon", "coordinates": [ [ [ 77.437255058245327, 23.239052091171132 ], [ 77.437341658245302, 23.239061391167244 ], [ 77.437356958245303, 23.238939991217915 ], [ 77.437270358245328, 23.238930791221762 ], [ 77.437255058245327, 23.239052091171132 ] ] ] } },
{ "type": "Feature", "properties": { }, "geometry": { "type": "Polygon", "coordinates": [ [ [ 77.436214758245328, 23.240373190619714 ], [ 77.436194158245328, 23.24045759058448 ], [ 77.436326358245324, 23.240484790573134 ], [ 77.436346958245323, 23.240400390608364 ], [ 77.436214758245328, 23.240373190619714 ] ] ] } },
{ "type": "Feature", "properties": { }, "geometry": { "type": "Polygon", "coordinates": [ [ [ 77.438436358245312, 23.24074639046394 ], [ 77.438568458245314, 23.240790690445444 ], [ 77.438598558245303, 23.240715290476921 ], [ 77.438466458245315, 23.240670890495455 ], [ 77.438436358245312, 23.24074639046394 ] ] ] } },
{ "type": "Feature", "properties": { }, "geometry": { "type": "Polygon", "coordinates": [ [ [ 77.438604358245328, 23.240735290468567 ], [ 77.438733758245306, 23.240796890442855 ], [ 77.438800758245321, 23.240678090492445 ], [ 77.438671358245315, 23.24061649051816 ], [ 77.438604358245328, 23.240735290468567 ] ] ] } },
{ "type": "Feature", "properties": { }, "geometry": { "type": "Polygon", "coordinates": [ [ [ 77.436492158245315, 23.239284391074175 ], [ 77.43663385824533, 23.239303291066278 ], [ 77.436650358245316, 23.239198991109813 ], [ 77.436508558245308, 23.239180091117706 ], [ 77.436492158245315, 23.239284391074175 ] ] ] } },
{ "type": "Feature", "properties": { }, "geometry": { "type": "Polygon", "coordinates": [ [ [ 77.437674758245308, 23.23805139158879 ], [ 77.437818758245314, 23.238068991581443 ], [ 77.437839458245307, 23.237926091641093 ], [ 77.437695458245344, 23.237908491648433 ], [ 77.437674758245308, 23.23805139158879 ] ] ] } },
{ "type": "Feature", "properties": { }, "geometry": { "type": "Polygon", "coordinates": [ [ [ 77.437274158245302, 23.239393491028636 ], [ 77.437344358245312, 23.239401891025128 ], [ 77.437360958245307, 23.239285591073671 ], [ 77.437290758245325, 23.23927709107722 ], [ 77.437274158245302, 23.239393491028636 ] ] ] } },
{ "type": "Feature", "properties": { }, "geometry": { "type": "Polygon", "coordinates": [ [ [ 77.437451558245328, 23.238461891417469 ], [ 77.437438058245306, 23.238536791386203 ], [ 77.437573858245329, 23.238557391377601 ], [ 77.437587258245316, 23.23848249140887 ], [ 77.437451558245328, 23.238461891417469 ] ] ] } },
{ "type": "Feature", "properties": { }, "geometry": { "type": "Polygon", "coordinates": [ [ [ 77.438443158245306, 23.241039590341547 ], [ 77.438398058245312, 23.241120190307903 ], [ 77.438496658245327, 23.241166690288498 ], [ 77.438541758245321, 23.241086090322145 ], [ 77.438443158245306, 23.241039590341547 ] ] ] } },
{ "type": "Feature", "properties": { }, "geometry": { "type": "Polygon", "coordinates": [ [ [ 77.438710558245305, 23.240544990548003 ], [ 77.438869558245301, 23.240590590528971 ], [ 77.438913058245319, 23.240462490582438 ], [ 77.438753958245329, 23.24041689060147 ], [ 77.438710558245305, 23.240544990548003 ] ] ] } },
{ "type": "Feature", "properties": { }, "geometry": { "type": "Polygon", "coordinates": [ [ [ 77.43696115824531, 23.239897190818397 ], [ 77.437032958245297, 23.239917990809708 ], [ 77.43707485824531, 23.239795990860632 ], [ 77.437003058245324, 23.239775190869313 ], [ 77.43696115824531, 23.239897190818397 ] ] ] } },
{ "type": "Feature", "properties": { }, "geometry": { "type": "Polygon", "coordinates": [ [ [ 77.43717355824532, 23.239385491031971 ], [ 77.437265658245295, 23.239396491027378 ], [ 77.437282258245304, 23.239279691076131 ], [ 77.437190258245323, 23.239268591080766 ], [ 77.43717355824532, 23.239385491031971 ] ] ] } },
{ "type": "Feature", "properties": { }, "geometry": { "type": "Polygon", "coordinates": [ [ [ 77.43694535824531, 23.241283690239655 ], [ 77.437017558245316, 23.241298390233528 ], [ 77.43704525824532, 23.241183590281441 ], [ 77.43697295824532, 23.241168890287582 ], [ 77.43694535824531, 23.241283690239655 ] ] ] } },
{ "type": "Feature", "properties": { }, "geometry": { "type": "Polygon", "coordinates": [ [ [ 77.437461358245315, 23.240024690765171 ], [ 77.437538958245312, 23.240047690755578 ], [ 77.437578758245309, 23.239933990803035 ], [ 77.437501158245311, 23.239911090812594 ], [ 77.437461358245315, 23.240024690765171 ] ] ] } },
{ "type": "Feature", "properties": { }, "geometry": { "type": "Polygon", "coordinates": [ [ [ 77.438313558245326, 23.240979290366724 ], [ 77.438265658245328, 23.241055290334998 ], [ 77.438389758245307, 23.241121290307447 ], [ 77.43843765824532, 23.241045290339176 ], [ 77.438313558245326, 23.240979290366724 ] ] ] } },
{ "type": "Feature", "properties": { }, "geometry": { "type": "Polygon", "coordinates": [ [ [ 77.437121458245315, 23.239942090799651 ], [ 77.437214058245317, 23.239968190788762 ], [ 77.437252758245307, 23.239852290837138 ], [ 77.43716015824532, 23.239826190848031 ], [ 77.437121458245315, 23.239942090799651 ] ] ] } },
{ "type": "Feature", "properties": { }, "geometry": { "type": "Polygon", "coordinates": [ [ [ 77.436121458245324, 23.240772390453085 ], [ 77.436236058245328, 23.240794090444027 ], [ 77.436251258245321, 23.240726490472248 ], [ 77.436136658245317, 23.240704690481344 ], [ 77.436121458245324, 23.240772390453085 ] ] ] } },
{ "type": "Feature", "properties": { }, "geometry": { "type": "Polygon", "coordinates": [ [ [ 77.436454958245307, 23.240095590735582 ], [ 77.436586358245307, 23.240116390726904 ], [ 77.436600458245323, 23.240040990758374 ], [ 77.436469058245322, 23.240020290767021 ], [ 77.436454958245307, 23.240095590735582 ] ] ] } },
{ "type": "Feature", "properties": { }, "geometry": { "type": "Polygon", "coordinates": [ [ [ 77.436987458245326, 23.239350991046379 ], [ 77.437004258245324, 23.239244391090867 ], [ 77.436923158245321, 23.239233591095374 ], [ 77.436906358245309, 23.239340191050882 ], [ 77.436987458245326, 23.239350991046379 ] ] ] } },
{ "type": "Feature", "properties": { }, "geometry": { "type": "Polygon", "coordinates": [ [ [ 77.436573958245319, 23.241200190274519 ], [ 77.436645858245328, 23.241214790268419 ], [ 77.436673758245306, 23.24109879031684 ], [ 77.436601958245319, 23.241084190322937 ], [ 77.436573958245319, 23.241200190274519 ] ] ] } },
{ "type": "Feature", "properties": { }, "geometry": { "type": "Polygon", "coordinates": [ [ [ 77.437158558245329, 23.239044691174222 ], [ 77.437252858245287, 23.23905469117004 ], [ 77.43726865824533, 23.238929691222214 ], [ 77.437174358245329, 23.238919591226431 ], [ 77.437158558245329, 23.239044691174222 ] ] ] } },
{ "type": "Feature", "properties": { }, "geometry": { "type": "Polygon", "coordinates": [ [ [ 77.438168358245306, 23.241355490209688 ], [ 77.43829905824532, 23.241390590195042 ], [ 77.438332458245327, 23.241285790238781 ], [ 77.438201758245313, 23.241250690253437 ], [ 77.438168358245306, 23.241355490209688 ] ] ] } },
{ "type": "Feature", "properties": { }, "geometry": { "type": "Polygon", "coordinates": [ [ [ 77.437446658245307, 23.238925791223842 ], [ 77.437543558245324, 23.238936191219508 ], [ 77.437559458245289, 23.238811191271679 ], [ 77.437462558245315, 23.238800791276013 ], [ 77.437446658245307, 23.238925791223842 ] ] ] } },
{ "type": "Feature", "properties": { }, "geometry": { "type": "Polygon", "coordinates": [ [ [ 77.438407358245314, 23.240818390433887 ], [ 77.438518358245304, 23.240868990412761 ], [ 77.43856315824533, 23.240795790443315 ], [ 77.438442358245311, 23.24075359046093 ], [ 77.438407358245314, 23.240818390433887 ] ] ] } },
{ "type": "Feature", "properties": { }, "geometry": { "type": "Polygon", "coordinates": [ [ [ 77.438604358245328, 23.240744490464728 ], [ 77.438565458245321, 23.240820690432919 ], [ 77.438686758245311, 23.240873090411046 ], [ 77.438725758245326, 23.240796890442855 ], [ 77.438604358245328, 23.240744490464728 ] ] ] } },
{ "type": "Feature", "properties": { }, "geometry": { "type": "Polygon", "coordinates": [ [ [ 77.437713758245309, 23.241258890250013 ], [ 77.437816958245307, 23.241282590240118 ], [ 77.437849858245329, 23.241161790290541 ], [ 77.437746558245323, 23.241138090300431 ], [ 77.437713758245309, 23.241258890250013 ] ] ] } },
{ "type": "Feature", "properties": { }, "geometry": { "type": "Polygon", "coordinates": [ [ [ 77.437364058245322, 23.239256691085739 ], [ 77.437449458245311, 23.239266991081436 ], [ 77.437470658245303, 23.239118691143339 ], [ 77.43738515824532, 23.239108391147631 ], [ 77.437364058245322, 23.239256691085739 ] ] ] } },
{ "type": "Feature", "properties": { }, "geometry": { "type": "Polygon", "coordinates": [ [ [ 77.436723758245321, 23.240610090520832 ], [ 77.436829558245307, 23.24063539051027 ], [ 77.436853758245306, 23.240549690546043 ], [ 77.43674795824532, 23.240524490556552 ], [ 77.436723758245321, 23.240610090520832 ] ] ] } },
{ "type": "Feature", "properties": { }, "geometry": { "type": "Polygon", "coordinates": [ [ [ 77.437964558245298, 23.240194290694387 ], [ 77.438154758245318, 23.240249190671467 ], [ 77.438203758245322, 23.240105890731282 ], [ 77.438013558245302, 23.240050990754199 ], [ 77.437964558245298, 23.240194290694387 ] ] ] } },
{ "type": "Feature", "properties": { }, "geometry": { "type": "Polygon", "coordinates": [ [ [ 77.436908858245303, 23.240009290771603 ], [ 77.436977158245298, 23.240030390762801 ], [ 77.43701205824533, 23.239935190802534 ], [ 77.436943758245306, 23.239914090811343 ], [ 77.436908858245303, 23.240009290771603 ] ] ] } },
{ "type": "Feature", "properties": { }, "geometry": { "type": "Polygon", "coordinates": [ [ [ 77.438556258245328, 23.240486790572294 ], [ 77.43862945824533, 23.240507690563575 ], [ 77.438666058245317, 23.240399890608568 ], [ 77.438592858245329, 23.240378990617291 ], [ 77.438556258245328, 23.240486790572294 ] ] ] } },
{ "type": "Feature", "properties": { }, "geometry": { "type": "Polygon", "coordinates": [ [ [ 77.436161458245309, 23.240643490506883 ], [ 77.43614755824531, 23.240705190481137 ], [ 77.436259758245328, 23.240726490472248 ], [ 77.436273658245327, 23.240664790497991 ], [ 77.436161458245309, 23.240643490506883 ] ] ] } },
{ "type": "Feature", "properties": { }, "geometry": { "type": "Polygon", "coordinates": [ [ [ 77.437839258245319, 23.23912849113924 ], [ 77.43799355824531, 23.239147991131105 ], [ 77.438022658245316, 23.238952791212569 ], [ 77.437868358245325, 23.238933291220714 ], [ 77.437839258245319, 23.23912849113924 ] ] ] } },
{ "type": "Feature", "properties": { }, "geometry": { "type": "Polygon", "coordinates": [ [ [ 77.437279558245322, 23.238128191556747 ], [ 77.437368558245311, 23.238143691550274 ], [ 77.437391458245315, 23.238032091596853 ], [ 77.437302458245327, 23.238016591603312 ], [ 77.437279558245322, 23.238128191556747 ] ] ] } },
{ "type": "Feature", "properties": { }, "geometry": { "type": "Polygon", "coordinates": [ [ [ 77.437934358245315, 23.241155390293212 ], [ 77.438082458245319, 23.241190090278728 ], [ 77.438117358245321, 23.241063990331366 ], [ 77.437969358245311, 23.241029390345812 ], [ 77.437934358245315, 23.241155390293212 ] ] ] } },
{ "type": "Feature", "properties": { }, "geometry": { "type": "Polygon", "coordinates": [ [ [ 77.438445758245308, 23.240311090645633 ], [ 77.438517858245305, 23.240331890636952 ], [ 77.438560158245309, 23.240208090688625 ], [ 77.438488058245326, 23.24018729069731 ], [ 77.438445758245308, 23.240311090645633 ] ] ] } },
{ "type": "Feature", "properties": { }, "geometry": { "type": "Polygon", "coordinates": [ [ [ 77.437345158245307, 23.239068891164116 ], [ 77.437431958245327, 23.239078191160235 ], [ 77.437448158245303, 23.238949891213789 ], [ 77.437361358245312, 23.238940591217663 ], [ 77.437345158245307, 23.239068891164116 ] ] ] } },
{ "type": "Feature", "properties": { }, "geometry": { "type": "Polygon", "coordinates": [ [ [ 77.438336358245323, 23.241181090282485 ], [ 77.438294158245313, 23.241259490249764 ], [ 77.438419458245306, 23.241316290226052 ], [ 77.438461558245308, 23.24123789025878 ], [ 77.438336358245323, 23.241181090282485 ] ] ] } },
{ "type": "Feature", "properties": { }, "geometry": { "type": "Polygon", "coordinates": [ [ [ 77.438278858245312, 23.240410890603979 ], [ 77.438313658245306, 23.240304890648218 ], [ 77.438249558245317, 23.240287190655614 ], [ 77.438214758245309, 23.240393090611409 ], [ 77.438278858245312, 23.240410890603979 ] ] ] } },
{ "type": "Feature", "properties": { }, "geometry": { "type": "Polygon", "coordinates": [ [ [ 77.437039958245308, 23.239915690810676 ], [ 77.437112158245313, 23.239936090802164 ], [ 77.437152058245303, 23.239817190851785 ], [ 77.437079858245326, 23.239796690860341 ], [ 77.437039958245308, 23.239915690810676 ] ] ] } },
{ "type": "Feature", "properties": { }, "geometry": { "type": "Polygon", "coordinates": [ [ [ 77.438790758245304, 23.240381590616202 ], [ 77.438940358245304, 23.240426590597416 ], [ 77.438981158245326, 23.240312090645212 ], [ 77.438831558245326, 23.240267090663998 ], [ 77.438790758245304, 23.240381590616202 ] ] ] } },
{ "type": "Feature", "properties": { }, "geometry": { "type": "Polygon", "coordinates": [ [ [ 77.437659058245302, 23.238173791537704 ], [ 77.437794958245306, 23.238190391530779 ], [ 77.437809958245325, 23.238086891573978 ], [ 77.437674058245307, 23.238070291580915 ], [ 77.437659058245302, 23.238173791537704 ] ] ] } },
{ "type": "Feature", "properties": { }, "geometry": { "type": "Polygon", "coordinates": [ [ [ 77.436176958245326, 23.240572890536356 ], [ 77.436161558245317, 23.2406405905081 ], [ 77.436281958245289, 23.240663690498454 ], [ 77.436297358245326, 23.240595990526714 ], [ 77.436176958245326, 23.240572890536356 ] ] ] } },
{ "type": "Feature", "properties": { }, "geometry": { "type": "Polygon", "coordinates": [ [ [ 77.43798245824533, 23.241302690231727 ], [ 77.438068358245317, 23.241323290223132 ], [ 77.438097958245294, 23.241219290266539 ], [ 77.43801205824532, 23.241198690275144 ], [ 77.43798245824533, 23.241302690231727 ] ] ] } },
{ "type": "Feature", "properties": { }, "geometry": { "type": "Polygon", "coordinates": [ [ [ 77.43732595824531, 23.240150690712589 ], [ 77.437409658245315, 23.240170890704157 ], [ 77.43744325824531, 23.240053390753197 ], [ 77.437359658245327, 23.240033190761629 ], [ 77.43732595824531, 23.240150690712589 ] ] ] } },
{ "type": "Feature", "properties": { }, "geometry": { "type": "Polygon", "coordinates": [ [ [ 77.436326158245308, 23.241147690296433 ], [ 77.436393058245329, 23.241161290290755 ], [ 77.436423258245327, 23.241035690343175 ], [ 77.436356458245328, 23.241022090348856 ], [ 77.436326158245308, 23.241147690296433 ] ] ] } },
{ "type": "Feature", "properties": { }, "geometry": { "type": "Polygon", "coordinates": [ [ [ 77.436475558245306, 23.240018890767594 ], [ 77.436603658245332, 23.240039190759127 ], [ 77.436615858245304, 23.239974190786256 ], [ 77.436487758245306, 23.239953890794727 ], [ 77.436475558245306, 23.240018890767594 ] ] ] } },
{ "type": "Feature", "properties": { }, "geometry": { "type": "Polygon", "coordinates": [ [ [ 77.437194358245321, 23.239209891105272 ], [ 77.437261558245311, 23.239217991101889 ], [ 77.437279558245322, 23.239092191154398 ], [ 77.43721225824531, 23.239084091157768 ], [ 77.437194358245321, 23.239209891105272 ] ] ] } },
{ "type": "Feature", "properties": { }, "geometry": { "type": "Polygon", "coordinates": [ [ [ 77.436378858245305, 23.239717790893277 ], [ 77.436357858245302, 23.239806990856042 ], [ 77.436485258245327, 23.239832290845481 ], [ 77.436506258245302, 23.239743090882719 ], [ 77.436378858245305, 23.239717790893277 ] ] ] } },
{ "type": "Feature", "properties": { }, "geometry": { "type": "Polygon", "coordinates": [ [ [ 77.437421158245314, 23.238601291359284 ], [ 77.43755805824533, 23.238622891350268 ], [ 77.437569858245311, 23.23855949137673 ], [ 77.43743295824531, 23.238537991385702 ], [ 77.437421158245314, 23.238601291359284 ] ] ] } },
{ "type": "Feature", "properties": { }, "geometry": { "type": "Polygon", "coordinates": [ [ [ 77.438066158245306, 23.241338990216573 ], [ 77.438163058245323, 23.241364290206015 ], [ 77.438195358245324, 23.241259790249639 ], [ 77.438098458245321, 23.241234490260197 ], [ 77.438066158245306, 23.241338990216573 ] ] ] } },
{ "type": "Feature", "properties": { }, "geometry": { "type": "Polygon", "coordinates": [ [ [ 77.438264758245296, 23.240247090672344 ], [ 77.438341758245329, 23.240269390663041 ], [ 77.438383058245321, 23.24014839071355 ], [ 77.438306158245297, 23.240126190722808 ], [ 77.438264758245296, 23.240247090672344 ] ] ] } },
{ "type": "Feature", "properties": { }, "geometry": { "type": "Polygon", "coordinates": [ [ [ 77.437592858245296, 23.238484091408196 ], [ 77.437581058245328, 23.238549091381071 ], [ 77.437697558245318, 23.238566991373599 ], [ 77.437709358245314, 23.238501891400773 ], [ 77.437592858245296, 23.238484091408196 ] ] ] } },
{ "type": "Feature", "properties": { }, "geometry": { "type": "Polygon", "coordinates": [ [ [ 77.438399158245318, 23.240820490433009 ], [ 77.438354258245312, 23.240901790399068 ], [ 77.438471258245315, 23.240959190375115 ], [ 77.43852335824532, 23.24087829040888 ], [ 77.438399158245318, 23.240820490433009 ] ] ] } },
{ "type": "Feature", "properties": { }, "geometry": { "type": "Polygon", "coordinates": [ [ [ 77.437456558245302, 23.239269591080348 ], [ 77.437536858245323, 23.239277791076923 ], [ 77.437554258245314, 23.239133591137119 ], [ 77.43747395824532, 23.239125491140495 ], [ 77.437456558245302, 23.239269591080348 ] ] ] } },
{ "type": "Feature", "properties": { }, "geometry": { "type": "Polygon", "coordinates": [ [ [ 77.437088758245324, 23.238858391251981 ], [ 77.437104058245311, 23.238742291300433 ], [ 77.437000258245334, 23.23873079130523 ], [ 77.436984958245318, 23.238846791256815 ], [ 77.437088758245324, 23.238858391251981 ] ] ] } },
{ "type": "Feature", "properties": { }, "geometry": { "type": "Polygon", "coordinates": [ [ [ 77.436697958245318, 23.240699890483345 ], [ 77.436820658245324, 23.240729190471118 ], [ 77.436844858245323, 23.240643390506929 ], [ 77.436722158245317, 23.240614190519118 ], [ 77.436697958245318, 23.240699890483345 ] ] ] } },
{ "type": "Feature", "properties": { }, "geometry": { "type": "Polygon", "coordinates": [ [ [ 77.437894158245314, 23.241294690235065 ], [ 77.437975558245327, 23.241313790227093 ], [ 77.438008758245303, 23.241193990277104 ], [ 77.43792725824531, 23.241174990285028 ], [ 77.437894158245314, 23.241294690235065 ] ] ] } },
{ "type": "Feature", "properties": { }, "geometry": { "type": "Polygon", "coordinates": [ [ [ 77.436197158245292, 23.240462990582234 ], [ 77.436181158245304, 23.240528490554887 ], [ 77.436301958245323, 23.240553390544498 ], [ 77.436317858245317, 23.240487890571838 ], [ 77.436197158245292, 23.240462990582234 ] ] ] } },
{ "type": "Feature", "properties": { }, "geometry": { "type": "Polygon", "coordinates": [ [ [ 77.436490358245322, 23.240912890394437 ], [ 77.436473958245315, 23.240987090363461 ], [ 77.436603958245314, 23.241011390353314 ], [ 77.436620358245307, 23.240937090384335 ], [ 77.436490358245322, 23.240912890394437 ] ] ] } },
{ "type": "Feature", "properties": { }, "geometry": { "type": "Polygon", "coordinates": [ [ [ 77.438470358245326, 23.24066759049683 ], [ 77.438600158245322, 23.240712690477999 ], [ 77.438651258245301, 23.240588490529845 ], [ 77.438521458245305, 23.24054339054867 ], [ 77.438470358245326, 23.24066759049683 ] ] ] } },
{ "type": "Feature", "properties": { }, "geometry": { "type": "Polygon", "coordinates": [ [ [ 77.437659758245317, 23.238069591581198 ], [ 77.437683158245306, 23.237907491648851 ], [ 77.437524358245327, 23.237888091656949 ], [ 77.437500858245329, 23.238050191589295 ], [ 77.437659758245317, 23.238069591581198 ] ] ] } },
{ "type": "Feature", "properties": { }, "geometry": { "type": "Polygon", "coordinates": [ [ [ 77.437270758245319, 23.23922529109884 ], [ 77.437352958245313, 23.239235191094703 ], [ 77.437371358245315, 23.239105691148755 ], [ 77.437289258245329, 23.239095791152888 ], [ 77.437270758245319, 23.23922529109884 ] ] ] } },
{ "type": "Feature", "properties": { }, "geometry": { "type": "Polygon", "coordinates": [ [ [ 77.437536358245325, 23.23943169101269 ], [ 77.43764025824531, 23.239442191008305 ], [ 77.437653458245308, 23.239331291054601 ], [ 77.437549558245323, 23.239320791058972 ], [ 77.437536358245325, 23.23943169101269 ] ] ] } },
{ "type": "Feature", "properties": { }, "geometry": { "type": "Polygon", "coordinates": [ [ [ 77.43746965824532, 23.238381291451105 ], [ 77.437454958245311, 23.238457691419214 ], [ 77.437587558245312, 23.238479191410249 ], [ 77.437602158245326, 23.238402691442175 ], [ 77.43746965824532, 23.238381291451105 ] ] ] } },
{ "type": "Feature", "properties": { }, "geometry": { "type": "Polygon", "coordinates": [ [ [ 77.438471758245313, 23.240964290372986 ], [ 77.43843485824533, 23.241031390344972 ], [ 77.438556158245319, 23.24108779032143 ], [ 77.438593158245325, 23.241020690349441 ], [ 77.438471758245313, 23.240964290372986 ] ] ] } },
{ "type": "Feature", "properties": { }, "geometry": { "type": "Polygon", "coordinates": [ [ [ 77.436652758245316, 23.241218390266919 ], [ 77.436747158245325, 23.241237590258901 ], [ 77.43677575824529, 23.241119090308366 ], [ 77.436681358245309, 23.241099890316381 ], [ 77.436652758245316, 23.241218390266919 ] ] ] } },
{ "type": "Feature", "properties": { }, "geometry": { "type": "Polygon", "coordinates": [ [ [ 77.437606758245323, 23.238407691440084 ], [ 77.437594458245314, 23.238480991409492 ], [ 77.437716558245313, 23.238498191402314 ], [ 77.437728758245328, 23.23842489143291 ], [ 77.437606758245323, 23.238407691440084 ] ] ] } },
{ "type": "Feature", "properties": { }, "geometry": { "type": "Polygon", "coordinates": [ [ [ 77.437379458245303, 23.238158991543884 ], [ 77.437469058245313, 23.238174591537373 ], [ 77.437491458245304, 23.238065991582697 ], [ 77.437401758245329, 23.238050391589216 ], [ 77.437379458245303, 23.238158991543884 ] ] ] } },
{ "type": "Feature", "properties": { }, "geometry": { "type": "Polygon", "coordinates": [ [ [ 77.437197558245316, 23.238743591299894 ], [ 77.437110958245313, 23.238734091303854 ], [ 77.437093558245337, 23.238866691248511 ], [ 77.437180158245312, 23.238876291244509 ], [ 77.437197558245316, 23.238743591299894 ] ] ] } },
{ "type": "Feature", "properties": { }, "geometry": { "type": "Polygon", "coordinates": [ [ [ 77.436243958245342, 23.241143190298303 ], [ 77.43631725824531, 23.241158090292085 ], [ 77.436349058245312, 23.241026090347187 ], [ 77.436275758245316, 23.241011190353404 ], [ 77.436243958245342, 23.241143190298303 ] ] ] } },
{ "type": "Feature", "properties": { }, "geometry": { "type": "Polygon", "coordinates": [ [ [ 77.437287158245326, 23.238904591232689 ], [ 77.437433358245315, 23.23892029122614 ], [ 77.437450158245298, 23.238788391281194 ], [ 77.437303958245309, 23.238772691287743 ], [ 77.437287158245326, 23.238904591232689 ] ] ] } },
{ "type": "Feature", "properties": { }, "geometry": { "type": "Polygon", "coordinates": [ [ [ 77.438286558245323, 23.240421490599548 ], [ 77.438371258245311, 23.240444990589744 ], [ 77.438404758245326, 23.24034299063231 ], [ 77.438320058245324, 23.240319490642129 ], [ 77.438286558245323, 23.240421490599548 ] ] ] } },
{ "type": "Feature", "properties": { }, "geometry": { "type": "Polygon", "coordinates": [ [ [ 77.43636705824531, 23.241322890223298 ], [ 77.43645025824533, 23.241343990214489 ], [ 77.436487158245328, 23.241221290265702 ], [ 77.436403958245322, 23.241200190274519 ], [ 77.43636705824531, 23.241322890223298 ] ] ] } },
{ "type": "Feature", "properties": { }, "geometry": { "type": "Polygon", "coordinates": [ [ [ 77.438606358245309, 23.240339690633697 ], [ 77.438692258245325, 23.240364390623384 ], [ 77.438732158245315, 23.240246990672389 ], [ 77.438646258245328, 23.240222290682699 ], [ 77.438606358245309, 23.240339690633697 ] ] ] } },
{ "type": "Feature", "properties": { }, "geometry": { "type": "Polygon", "coordinates": [ [ [ 77.438485758245307, 23.240459090583858 ], [ 77.438554458245292, 23.240479790575215 ], [ 77.438585358245291, 23.240393190611368 ], [ 77.438516558245325, 23.240372490620004 ], [ 77.438485758245307, 23.240459090583858 ] ] ] } },
{ "type": "Feature", "properties": { }, "geometry": { "type": "Polygon", "coordinates": [ [ [ 77.436258558245314, 23.241289290237322 ], [ 77.436355458245288, 23.241313890227055 ], [ 77.436385558245291, 23.241213490268962 ], [ 77.436288758245311, 23.241188890279236 ], [ 77.436258558245314, 23.241289290237322 ] ] ] } },
{ "type": "Feature", "properties": { }, "geometry": { "type": "Polygon", "coordinates": [ [ [ 77.437393758245307, 23.238737191302562 ], [ 77.437540958245293, 23.238757091294257 ], [ 77.437557558245317, 23.238653691337412 ], [ 77.437410358245302, 23.238633691345761 ], [ 77.437393758245307, 23.238737191302562 ] ] ] } },
{ "type": "Feature", "properties": { }, "geometry": { "type": "Polygon", "coordinates": [ [ [ 77.437797858245318, 23.239356791043949 ], [ 77.437937058245325, 23.239371991037608 ], [ 77.437960958245313, 23.239186891114869 ], [ 77.437821658245312, 23.239171791121166 ], [ 77.437797858245318, 23.239356791043949 ] ] ] } },
{ "type": "Feature", "properties": { }, "geometry": { "type": "Polygon", "coordinates": [ [ [ 77.436538358245301, 23.239759790875752 ], [ 77.436516158245311, 23.239841190841766 ], [ 77.436633458245325, 23.239868290830465 ], [ 77.436655758245323, 23.239786890864437 ], [ 77.436538358245301, 23.239759790875752 ] ] ] } },
{ "type": "Feature", "properties": { }, "geometry": { "type": "Polygon", "coordinates": [ [ [ 77.437258958245309, 23.238125691557784 ], [ 77.4372825582453, 23.238011391605493 ], [ 77.437181958245318, 23.237993891612792 ], [ 77.437158358245298, 23.23810819156509 ], [ 77.437258958245309, 23.238125691557784 ] ] ] } },
{ "type": "Feature", "properties": { }, "geometry": { "type": "Polygon", "coordinates": [ [ [ 77.436960358245315, 23.241345390213898 ], [ 77.436921558245302, 23.241474490160016 ], [ 77.437001958245318, 23.2414948901515 ], [ 77.437040758245317, 23.241365790205389 ], [ 77.436960358245315, 23.241345390213898 ] ] ] } },
{ "type": "Feature", "properties": { }, "geometry": { "type": "Polygon", "coordinates": [ [ [ 77.436401158245317, 23.241159290291581 ], [ 77.436483358245312, 23.241175990284614 ], [ 77.436513958245328, 23.241048990337628 ], [ 77.436431758245305, 23.241032290344595 ], [ 77.436401158245317, 23.241159290291581 ] ] ] } },
{ "type": "Feature", "properties": { }, "geometry": { "type": "Polygon", "coordinates": [ [ [ 77.43838325824531, 23.241126990305069 ], [ 77.438353658245319, 23.241185190280778 ], [ 77.438464958245319, 23.241232990260826 ], [ 77.438494558245296, 23.241174690285163 ], [ 77.43838325824531, 23.241126990305069 ] ] ] } },
{ "type": "Feature", "properties": { }, "geometry": { "type": "Polygon", "coordinates": [ [ [ 77.437370858245316, 23.239999590775653 ], [ 77.437457658245322, 23.240023090765842 ], [ 77.437496958245319, 23.239900390817056 ], [ 77.437410158245328, 23.239876990826826 ], [ 77.437370858245316, 23.239999590775653 ] ] ] } },
{ "type": "Feature", "properties": { }, "geometry": { "type": "Polygon", "coordinates": [ [ [ 77.437819358245321, 23.241279390241452 ], [ 77.437889158245326, 23.241296290234402 ], [ 77.437923858245327, 23.241174490285243 ], [ 77.437854058245307, 23.241157690292258 ], [ 77.437819358245321, 23.241279390241452 ] ] ] } },
{ "type": "Feature", "properties": { }, "geometry": { "type": "Polygon", "coordinates": [ [ [ 77.438702858245321, 23.240359290625516 ], [ 77.43877915824531, 23.240380490616662 ], [ 77.438804658245303, 23.240302690649138 ], [ 77.438728358245328, 23.240281490657992 ], [ 77.438702858245321, 23.240359290625516 ] ] ] } },
{ "type": "Feature", "properties": { }, "geometry": { "type": "Polygon", "coordinates": [ [ [ 77.437546358245314, 23.239264691082393 ], [ 77.437654258245303, 23.239275591077842 ], [ 77.437668458245312, 23.23915689112739 ], [ 77.437560558245309, 23.239145991131938 ], [ 77.437546358245314, 23.239264691082393 ] ] ] } },
{ "type": "Feature", "properties": { }, "geometry": { "type": "Polygon", "coordinates": [ [ [ 77.436594158245299, 23.240392990611451 ], [ 77.436574458245303, 23.240482290574171 ], [ 77.436733058245323, 23.240511890561816 ], [ 77.436752758245319, 23.240422690599047 ], [ 77.436594158245299, 23.240392990611451 ] ] ] } },
{ "type": "Feature", "properties": { }, "geometry": { "type": "Polygon", "coordinates": [ [ [ 77.436378858245305, 23.239708590897113 ], [ 77.436514958245311, 23.239739390884264 ], [ 77.436536358245306, 23.23965949091761 ], [ 77.436400258245328, 23.239628690930466 ], [ 77.436378858245305, 23.239708590897113 ] ] ] } },
{ "type": "Feature", "properties": { }, "geometry": { "type": "Polygon", "coordinates": [ [ [ 77.436850858245322, 23.241323190223174 ], [ 77.436815358245326, 23.241441390173833 ], [ 77.436916958245305, 23.241467190163064 ], [ 77.436952458245329, 23.241348990212401 ], [ 77.436850858245322, 23.241323190223174 ] ] ] } },
{ "type": "Feature", "properties": { }, "geometry": { "type": "Polygon", "coordinates": [ [ [ 77.436494258245318, 23.241180090282903 ], [ 77.436571558245319, 23.24119579027635 ], [ 77.436599858245302, 23.241078190325439 ], [ 77.436522658245309, 23.241062490331991 ], [ 77.436494258245318, 23.241180090282903 ] ] ] } },
{ "type": "Feature", "properties": { }, "geometry": { "type": "Polygon", "coordinates": [ [ [ 77.438176158245327, 23.240222290682699 ], [ 77.438261058245303, 23.240246790672476 ], [ 77.438303458245329, 23.240122990724142 ], [ 77.43821855824531, 23.240098490734368 ], [ 77.438176158245327, 23.240222290682699 ] ] ] } },
{ "type": "Feature", "properties": { }, "geometry": { "type": "Polygon", "coordinates": [ [ [ 77.436310758245327, 23.239992790778487 ], [ 77.436296458245309, 23.240061090749982 ], [ 77.436423058245296, 23.240083490740631 ], [ 77.436437358245328, 23.240015190769142 ], [ 77.436310758245327, 23.239992790778487 ] ] ] } },
{ "type": "Feature", "properties": { }, "geometry": { "type": "Polygon", "coordinates": [ [ [ 77.437656658245288, 23.23818179153437 ], [ 77.437643658245321, 23.238253691504362 ], [ 77.437768958245314, 23.238272891496347 ], [ 77.43778205824529, 23.238200991526352 ], [ 77.437656658245288, 23.23818179153437 ] ] ] } },
{ "type": "Feature", "properties": { }, "geometry": { "type": "Polygon", "coordinates": [ [ [ 77.437278758245327, 23.238900591234362 ], [ 77.43729915824531, 23.238755291295007 ], [ 77.437202258245307, 23.238743791299807 ], [ 77.43718185824531, 23.238889091239162 ], [ 77.437278758245327, 23.238900591234362 ] ] ] } },
{ "type": "Feature", "properties": { }, "geometry": { "type": "Polygon", "coordinates": [ [ [ 77.437635058245306, 23.240080290741972 ], [ 77.437715458245307, 23.240104390731908 ], [ 77.437757058245325, 23.239987390780747 ], [ 77.437676658245323, 23.239963290790804 ], [ 77.437635058245306, 23.240080290741972 ] ] ] } },
{ "type": "Feature", "properties": { }, "geometry": { "type": "Polygon", "coordinates": [ [ [ 77.436334758245323, 23.240583490531929 ], [ 77.436458458245312, 23.240605790522626 ], [ 77.436473758245313, 23.240533990552592 ], [ 77.436350058245324, 23.240511690561902 ], [ 77.436334758245323, 23.240583490531929 ] ] ] } },
{ "type": "Feature", "properties": { }, "geometry": { "type": "Polygon", "coordinates": [ [ [ 77.437233058245326, 23.240105590731407 ], [ 77.437306658245305, 23.240125490723095 ], [ 77.437338458245307, 23.240025990764636 ], [ 77.437264958245308, 23.240006090772948 ], [ 77.437233058245326, 23.240105590731407 ] ] ] } },
{ "type": "Feature", "properties": { }, "geometry": { "type": "Polygon", "coordinates": [ [ [ 77.436424758245323, 23.240246090672766 ], [ 77.436546758245314, 23.240266390664292 ], [ 77.436560058245306, 23.240199190692341 ], [ 77.436437958245307, 23.240178790700856 ], [ 77.436424758245323, 23.240246090672766 ] ] ] } },
{ "type": "Feature", "properties": { }, "geometry": { "type": "Polygon", "coordinates": [ [ [ 77.436950358245312, 23.239006791190036 ], [ 77.437065658245302, 23.239019691184648 ], [ 77.437080458245305, 23.238907091231653 ], [ 77.436965158245314, 23.238894291236992 ], [ 77.436950358245312, 23.239006791190036 ] ] ] } },
{ "type": "Feature", "properties": { }, "geometry": { "type": "Polygon", "coordinates": [ [ [ 77.436753258245304, 23.240522590557358 ], [ 77.436857258245325, 23.240547390547 ], [ 77.436880458245327, 23.240465490581187 ], [ 77.436776358245325, 23.24044069059153 ], [ 77.436753258245304, 23.240522590557358 ] ] ] } },
{ "type": "Feature", "properties": { }, "geometry": { "type": "Polygon", "coordinates": [ [ [ 77.436274858245326, 23.240157590709703 ], [ 77.436254458245315, 23.240241490674684 ], [ 77.436384158245318, 23.240268190663535 ], [ 77.436404658245323, 23.240184290698558 ], [ 77.436274858245326, 23.240157590709703 ] ] ] } },
{ "type": "Feature", "properties": { }, "geometry": { "type": "Polygon", "coordinates": [ [ [ 77.436544058245318, 23.23975519087767 ], [ 77.436663758245317, 23.239784090865605 ], [ 77.43668435824533, 23.239712290895575 ], [ 77.436564658245317, 23.239683290907674 ], [ 77.436544058245318, 23.23975519087767 ] ] ] } },
{ "type": "Feature", "properties": { }, "geometry": { "type": "Polygon", "coordinates": [ [ [ 77.436836258245322, 23.23917739111883 ], [ 77.436925758245309, 23.239187691114534 ], [ 77.436942858245317, 23.239063191166498 ], [ 77.436853358245315, 23.239052791170838 ], [ 77.436836258245322, 23.23917739111883 ] ] ] } },
{ "type": "Feature", "properties": { }, "geometry": { "type": "Polygon", "coordinates": [ [ [ 77.436757158245328, 23.241307290229809 ], [ 77.436727358245321, 23.241406490188403 ], [ 77.436812358245305, 23.241428090179383 ], [ 77.436842158245312, 23.241328890220796 ], [ 77.436757158245328, 23.241307290229809 ] ] ] } },
{ "type": "Feature", "properties": { }, "geometry": { "type": "Polygon", "coordinates": [ [ [ 77.437081058245326, 23.239368791038949 ], [ 77.437164258245318, 23.239378791034774 ], [ 77.43718025824532, 23.239266491081644 ], [ 77.437097058245328, 23.239256491085815 ], [ 77.437081058245326, 23.239368791038949 ] ] ] } },
{ "type": "Feature", "properties": { }, "geometry": { "type": "Polygon", "coordinates": [ [ [ 77.437489558245304, 23.2383122914799 ], [ 77.437477358245303, 23.238379191451983 ], [ 77.437605058245325, 23.23839899144372 ], [ 77.437617358245291, 23.238332091471637 ], [ 77.437489558245304, 23.2383122914799 ] ] ] } },
{ "type": "Feature", "properties": { }, "geometry": { "type": "Polygon", "coordinates": [ [ [ 77.436538358245301, 23.241373890202002 ], [ 77.436606458245322, 23.24139119019479 ], [ 77.436642958245329, 23.241269990245378 ], [ 77.436574758245328, 23.241252690252601 ], [ 77.436538358245301, 23.241373890202002 ] ] ] } },
{ "type": "Feature", "properties": { }, "geometry": { "type": "Polygon", "coordinates": [ [ [ 77.436755358245307, 23.241252990252477 ], [ 77.43684035824532, 23.241270290245254 ], [ 77.436868258245326, 23.241154690293502 ], [ 77.436783258245327, 23.241137390300725 ], [ 77.436755358245307, 23.241252990252477 ] ] ] } },
{ "type": "Feature", "properties": { }, "geometry": { "type": "Polygon", "coordinates": [ [ [ 77.436264958245317, 23.240814390435553 ], [ 77.436239758245293, 23.240926490388755 ], [ 77.43637685824531, 23.240952590377866 ], [ 77.436402058245307, 23.240840490424652 ], [ 77.436264958245317, 23.240814390435553 ] ] ] } },
{ "type": "Feature", "properties": { }, "geometry": { "type": "Polygon", "coordinates": [ [ [ 77.436334358245318, 23.239923190807541 ], [ 77.43632085824531, 23.239987790780575 ], [ 77.436443558245315, 23.240009390771565 ], [ 77.43645705824531, 23.239944790798525 ], [ 77.436334358245318, 23.239923190807541 ] ] ] } },
{ "type": "Feature", "properties": { }, "geometry": { "type": "Polygon", "coordinates": [ [ [ 77.437576858245322, 23.240213890686203 ], [ 77.437663158245314, 23.240238090676105 ], [ 77.437698358245328, 23.240132590720133 ], [ 77.437612058245307, 23.240108290730284 ], [ 77.437576858245322, 23.240213890686203 ] ] ] } },
{ "type": "Feature", "properties": { }, "geometry": { "type": "Polygon", "coordinates": [ [ [ 77.436350158245304, 23.240510590562362 ], [ 77.436482858245313, 23.240534090552551 ], [ 77.436498958245309, 23.240457490584525 ], [ 77.436366258245314, 23.240433990594337 ], [ 77.436350158245304, 23.240510590562362 ] ] ] } },
{ "type": "Feature", "properties": { }, "geometry": { "type": "Polygon", "coordinates": [ [ [ 77.436438858245324, 23.240172090703656 ], [ 77.436568858245309, 23.240191790695437 ], [ 77.436581658245302, 23.240120990724982 ], [ 77.436451558245309, 23.2401012907332 ], [ 77.436438858245324, 23.240172090703656 ] ] ] } },
{ "type": "Feature", "properties": { }, "geometry": { "type": "Polygon", "coordinates": [ [ [ 77.436291958245306, 23.240750690462139 ], [ 77.436425358245302, 23.24077469045212 ], [ 77.436442958245323, 23.240692290486518 ], [ 77.436309558245327, 23.240668290496533 ], [ 77.436291958245306, 23.240750690462139 ] ] ] } },
{ "type": "Feature", "properties": { }, "geometry": { "type": "Polygon", "coordinates": [ [ [ 77.437543658245303, 23.240048590755205 ], [ 77.437620258245317, 23.240072990745016 ], [ 77.43766275824531, 23.239960490791976 ], [ 77.437586158245324, 23.239935990802199 ], [ 77.437543658245303, 23.240048590755205 ] ] ] } },
{ "type": "Feature", "properties": { }, "geometry": { "type": "Polygon", "coordinates": [ [ [ 77.437957958245306, 23.238522291392254 ], [ 77.438073458245299, 23.238538091385664 ], [ 77.438103558245302, 23.238352191463253 ], [ 77.437987958245316, 23.238336391469851 ], [ 77.437957958245306, 23.238522291392254 ] ] ] } },
{ "type": "Feature", "properties": { }, "geometry": { "type": "Polygon", "coordinates": [ [ [ 77.4372162582453, 23.239975990785503 ], [ 77.437295858245307, 23.239999690775615 ], [ 77.437338558245315, 23.239878690826121 ], [ 77.437258858245301, 23.239854990836012 ], [ 77.4372162582453, 23.239975990785503 ] ] ] } },
{ "type": "Feature", "properties": { }, "geometry": { "type": "Polygon", "coordinates": [ [ [ 77.437103858245322, 23.239205591107066 ], [ 77.437184258245324, 23.239215191103053 ], [ 77.437203058245316, 23.239082891158269 ], [ 77.437122658245315, 23.239073291162281 ], [ 77.437103858245322, 23.239205591107066 ] ] ] } },
{ "type": "Feature", "properties": { }, "geometry": { "type": "Polygon", "coordinates": [ [ [ 77.436698958245302, 23.240706890480421 ], [ 77.436676158245305, 23.240787790446653 ], [ 77.43680725824531, 23.24081909043359 ], [ 77.4368301582453, 23.240738190467358 ], [ 77.436698958245302, 23.240706890480421 ] ] ] } },
{ "type": "Feature", "properties": { }, "geometry": { "type": "Polygon", "coordinates": [ [ [ 77.436842558245303, 23.241283790239621 ], [ 77.436932858245328, 23.241302090231983 ], [ 77.436967458245292, 23.241166490288585 ], [ 77.436870558245317, 23.241167790288031 ], [ 77.436842558245303, 23.241283790239621 ] ] ] } },
{ "type": "Feature", "properties": { }, "geometry": { "type": "Polygon", "coordinates": [ [ [ 77.438364658245305, 23.241112690311041 ], [ 77.438251958245303, 23.241054790335202 ], [ 77.438223258245316, 23.241101890315544 ], [ 77.438182258245305, 23.241091690319806 ], [ 77.438141758245308, 23.241229890262115 ], [ 77.438270558245335, 23.241261790248799 ], [ 77.438364658245305, 23.241112690311041 ] ] ] } },
{ "type": "Feature", "properties": { }, "geometry": { "type": "Polygon", "coordinates": [ [ [ 77.436527858245299, 23.239143891132812 ], [ 77.4367018582453, 23.23916409112438 ], [ 77.436719958245291, 23.239032391179347 ], [ 77.436667958245323, 23.239026391181856 ], [ 77.436659558245324, 23.239087791156226 ], [ 77.436537458245326, 23.239073691162119 ], [ 77.436527858245299, 23.239143891132812 ] ] ] } },
{ "type": "Feature", "properties": { }, "geometry": { "type": "Polygon", "coordinates": [ [ [ 77.433211058245305, 23.228177695708894 ], [ 77.43330735824533, 23.228262995673312 ], [ 77.433358458245308, 23.22821439569358 ], [ 77.433262158245327, 23.228129095729173 ], [ 77.433211058245305, 23.228177695708894 ] ] ] } },
{ "type": "Feature", "properties": { }, "geometry": { "type": "Polygon", "coordinates": [ [ [ 77.430709758245314, 23.228945595388527 ], [ 77.430789558245323, 23.228997595366831 ], [ 77.430894758245302, 23.228861295423698 ], [ 77.430814958245307, 23.228809195445432 ], [ 77.430709758245314, 23.228945595388527 ] ] ] } },
{ "type": "Feature", "properties": { }, "geometry": { "type": "Polygon", "coordinates": [ [ [ 77.429478258245311, 23.228551895552776 ], [ 77.429659158245315, 23.228639295516313 ], [ 77.429699058245319, 23.228569795545315 ], [ 77.42951815824533, 23.228482295581813 ], [ 77.429478258245311, 23.228551895552776 ] ] ] } },
{ "type": "Feature", "properties": { }, "geometry": { "type": "Polygon", "coordinates": [ [ [ 77.433011158245321, 23.228197695700555 ], [ 77.433074958245328, 23.228269895670429 ], [ 77.433187558245322, 23.228185895705472 ], [ 77.433123758245316, 23.228113695735598 ], [ 77.433011158245321, 23.228197695700555 ] ] ] } },
{ "type": "Feature", "properties": { }, "geometry": { "type": "Polygon", "coordinates": [ [ [ 77.429628058245299, 23.229140595307165 ], [ 77.429715958245325, 23.229173895293275 ], [ 77.429775358245323, 23.229041895348349 ], [ 77.429687458245311, 23.229008495362276 ], [ 77.429628058245299, 23.229140595307165 ] ] ] } },
{ "type": "Feature", "properties": { }, "geometry": { "type": "Polygon", "coordinates": [ [ [ 77.432717358245327, 23.229625795104734 ], [ 77.432924058245305, 23.229509695153173 ], [ 77.432886958245319, 23.229453895176455 ], [ 77.432680258245327, 23.229569995128017 ], [ 77.432717358245327, 23.229625795104734 ] ] ] } },
{ "type": "Feature", "properties": { }, "geometry": { "type": "Polygon", "coordinates": [ [ [ 77.432618258245313, 23.228793895451815 ], [ 77.43271715824531, 23.228871395419478 ], [ 77.432774258245317, 23.228809895445142 ], [ 77.432675458245328, 23.228732395477476 ], [ 77.432618258245313, 23.228793895451815 ] ] ] } },
{ "type": "Feature", "properties": { }, "geometry": { "type": "Polygon", "coordinates": [ [ [ 77.432039558245307, 23.228650595511606 ], [ 77.432129958245312, 23.228747895471006 ], [ 77.432188558245329, 23.228701895490197 ], [ 77.432098158245324, 23.228604595530793 ], [ 77.432039558245307, 23.228650595511606 ] ] ] } },
{ "type": "Feature", "properties": { }, "geometry": { "type": "Polygon", "coordinates": [ [ [ 77.432124058245307, 23.229896494991795 ], [ 77.432206258245287, 23.22987699499993 ], [ 77.432186158245329, 23.229805495029758 ], [ 77.432103958245307, 23.229824995021627 ], [ 77.432124058245307, 23.229896494991795 ] ] ] } },
{ "type": "Feature", "properties": { }, "geometry": { "type": "Polygon", "coordinates": [ [ [ 77.432471958245301, 23.229091195327779 ], [ 77.432584858245306, 23.229185795288309 ], [ 77.432646458245316, 23.229123695314225 ], [ 77.432533658245319, 23.229029095353692 ], [ 77.432471958245301, 23.229091195327779 ] ] ] } },
{ "type": "Feature", "properties": { }, "geometry": { "type": "Polygon", "coordinates": [ [ [ 77.432224558245323, 23.229876595000096 ], [ 77.432366058245321, 23.229838095016163 ], [ 77.432342758245326, 23.229765795046319 ], [ 77.432201258245328, 23.229804295030259 ], [ 77.432224558245323, 23.229876595000096 ] ] ] } },
{ "type": "Feature", "properties": { }, "geometry": { "type": "Polygon", "coordinates": [ [ [ 77.429993658245309, 23.228563095548111 ], [ 77.430039358245324, 23.228583795539471 ], [ 77.430066858245297, 23.228532695560794 ], [ 77.430021158245324, 23.228511895569472 ], [ 77.429993658245309, 23.228563095548111 ] ] ] } },
{ "type": "Feature", "properties": { }, "geometry": { "type": "Polygon", "coordinates": [ [ [ 77.428142658245321, 23.229584195122094 ], [ 77.428140558245317, 23.22943689518355 ], [ 77.428076658245303, 23.229437695183211 ], [ 77.428076858245291, 23.229456295175453 ], [ 77.428027658245327, 23.229456895175204 ], [ 77.428028258245291, 23.229499495157434 ], [ 77.428000858245312, 23.229499795157306 ], [ 77.428002058245326, 23.229585795121427 ], [ 77.428142658245321, 23.229584195122094 ] ] ] } },
{ "type": "Feature", "properties": { }, "geometry": { "type": "Polygon", "coordinates": [ [ [ 77.440663058245306, 23.234043793261282 ], [ 77.44077085824533, 23.23401939327147 ], [ 77.440721058245316, 23.233833493349042 ], [ 77.440613358245329, 23.233857893338861 ], [ 77.440663058245306, 23.234043793261282 ] ] ] } },
{ "type": "Feature", "properties": { }, "geometry": { "type": "Polygon", "coordinates": [ [ [ 77.442296658245326, 23.234277593163725 ], [ 77.442446158245318, 23.234278793163224 ], [ 77.442447858245316, 23.234103393236417 ], [ 77.442298358245324, 23.234102193236918 ], [ 77.442296658245326, 23.234277593163725 ] ] ] } },
{ "type": "Feature", "properties": { }, "geometry": { "type": "Polygon", "coordinates": [ [ [ 77.440302458245313, 23.234683492994328 ], [ 77.440610858245321, 23.234693792990036 ], [ 77.44061775824531, 23.234519593062739 ], [ 77.440309358245315, 23.234509293067035 ], [ 77.440302458245313, 23.234683492994328 ] ] ] } },
{ "type": "Feature", "properties": { }, "geometry": { "type": "Polygon", "coordinates": [ [ [ 77.442294758245311, 23.234084593244255 ], [ 77.442439258245315, 23.23408699324326 ], [ 77.442442658245326, 23.233913993315458 ], [ 77.442298158245308, 23.233911593316453 ], [ 77.442294758245311, 23.234084593244255 ] ] ] } },
{ "type": "Feature", "properties": { }, "geometry": { "type": "Polygon", "coordinates": [ [ [ 77.441614658245314, 23.234024293269425 ], [ 77.441815858245306, 23.234024293269425 ], [ 77.441815858245306, 23.233923893311317 ], [ 77.441614658245314, 23.233923893311317 ], [ 77.441614658245314, 23.234024293269425 ] ] ] } },
{ "type": "Feature", "properties": { }, "geometry": { "type": "Polygon", "coordinates": [ [ [ 77.442153158245318, 23.234088193242762 ], [ 77.4422877582453, 23.234086793243339 ], [ 77.442285458245323, 23.233909193317448 ], [ 77.442150958245321, 23.233910593316875 ], [ 77.442153158245318, 23.234088193242762 ] ] ] } },
{ "type": "Feature", "properties": { }, "geometry": { "type": "Polygon", "coordinates": [ [ [ 77.442297958245319, 23.234361993128502 ], [ 77.442440158245319, 23.234362293128374 ], [ 77.442440358245307, 23.234284393160884 ], [ 77.442298158245308, 23.234284093161012 ], [ 77.442297958245319, 23.234361993128502 ] ] ] } },
{ "type": "Feature", "properties": { }, "geometry": { "type": "Polygon", "coordinates": [ [ [ 77.440620258245332, 23.234695892989166 ], [ 77.44079215824533, 23.234698192988205 ], [ 77.440794158245325, 23.234566293043247 ], [ 77.440622258245327, 23.234564093044163 ], [ 77.440620258245332, 23.234695892989166 ] ] ] } },
{ "type": "Feature", "properties": { }, "geometry": { "type": "Polygon", "coordinates": [ [ [ 77.440773858245308, 23.234018193271968 ], [ 77.440881158245304, 23.233994793281742 ], [ 77.440832258245308, 23.233804993360941 ], [ 77.440724858245304, 23.233828393351175 ], [ 77.440773858245308, 23.234018193271968 ] ] ] } },
{ "type": "Feature", "properties": { }, "geometry": { "type": "Polygon", "coordinates": [ [ [ 77.440039558245303, 23.234610293024883 ], [ 77.440297558245305, 23.234623293019457 ], [ 77.440304158245297, 23.234512093065863 ], [ 77.440046158245323, 23.234499093071296 ], [ 77.440039558245303, 23.234610293024883 ] ] ] } },
{ "type": "Feature", "properties": { }, "geometry": { "type": "Polygon", "coordinates": [ [ [ 77.438725458245344, 23.234597893030056 ], [ 77.438853558245327, 23.234606493026472 ], [ 77.438862758245321, 23.234489593075253 ], [ 77.438734758245317, 23.234481093078802 ], [ 77.438725458245344, 23.234597893030056 ] ] ] } },
{ "type": "Feature", "properties": { }, "geometry": { "type": "Polygon", "coordinates": [ [ [ 77.442297958245319, 23.234463093086312 ], [ 77.442440158245319, 23.234462393086606 ], [ 77.442439558245312, 23.23436639312667 ], [ 77.442297458245321, 23.234367193126335 ], [ 77.442297958245319, 23.234463093086312 ] ] ] } },
{ "type": "Feature", "properties": { }, "geometry": { "type": "Polygon", "coordinates": [ [ [ 77.431982858245291, 23.230786994620246 ], [ 77.432203458245311, 23.23080879461115 ], [ 77.432213058245324, 23.230726694645412 ], [ 77.431992458245304, 23.230704894654497 ], [ 77.431982858245291, 23.230786994620246 ] ] ] } },
{ "type": "Feature", "properties": { }, "geometry": { "type": "Polygon", "coordinates": [ [ [ 77.43328815824529, 23.229927294978939 ], [ 77.433183458245324, 23.23002029494014 ], [ 77.433337058245343, 23.230166394879191 ], [ 77.433441758245323, 23.230073394917984 ], [ 77.43328815824529, 23.229927294978939 ] ] ] } },
{ "type": "Feature", "properties": { }, "geometry": { "type": "Polygon", "coordinates": [ [ [ 77.427679658245324, 23.229033795351725 ], [ 77.427871558245315, 23.229024695355527 ], [ 77.427862558245337, 23.228864695422274 ], [ 77.42767055824531, 23.228873895418442 ], [ 77.427679658245324, 23.229033795351725 ] ] ] } },
{ "type": "Feature", "properties": { }, "geometry": { "type": "Polygon", "coordinates": [ [ [ 77.432934758245324, 23.230190394869172 ], [ 77.433003158245313, 23.230388794786389 ], [ 77.433271358245307, 23.230310794818937 ], [ 77.433202958245303, 23.230112394901713 ], [ 77.432934758245324, 23.230190394869172 ] ] ] } },
{ "type": "Feature", "properties": { }, "geometry": { "type": "Polygon", "coordinates": [ [ [ 77.428957358245299, 23.228950095386647 ], [ 77.429036258245333, 23.228971795377589 ], [ 77.429021358245322, 23.229017595358492 ], [ 77.429075358245328, 23.229032395352313 ], [ 77.429106558245323, 23.22893659539228 ], [ 77.428973758245306, 23.228899995407549 ], [ 77.428957358245299, 23.228950095386647 ] ] ] } },
{ "type": "Feature", "properties": { }, "geometry": { "type": "Polygon", "coordinates": [ [ [ 77.436327958245315, 23.241504690147408 ], [ 77.43641715824532, 23.241525690138644 ], [ 77.436447158245301, 23.241417890183644 ], [ 77.43635795824531, 23.241396990192364 ], [ 77.436327958245315, 23.241504690147408 ] ] ] } },
{ "type": "Feature", "properties": { }, "geometry": { "type": "Polygon", "coordinates": [ [ [ 77.43760105824532, 23.240698190484053 ], [ 77.437726058245318, 23.24072139047437 ], [ 77.437742558245304, 23.240646390505677 ], [ 77.437617558245321, 23.240623190515361 ], [ 77.43760105824532, 23.240698190484053 ] ] ] } },
{ "type": "Feature", "properties": { }, "geometry": { "type": "Polygon", "coordinates": [ [ [ 77.437495258245306, 23.240414090602641 ], [ 77.437619558245316, 23.240433190594672 ], [ 77.437641258245307, 23.240314390644251 ], [ 77.437516958245311, 23.240295290652224 ], [ 77.437495258245306, 23.240414090602641 ] ] ] } },
{ "type": "Feature", "properties": { }, "geometry": { "type": "Polygon", "coordinates": [ [ [ 77.437432758245322, 23.241576190117563 ], [ 77.437555958245326, 23.241597690108591 ], [ 77.437571258245313, 23.241524090139311 ], [ 77.437447958245343, 23.241502590148283 ], [ 77.437432758245322, 23.241576190117563 ] ] ] } },
{ "type": "Feature", "properties": { }, "geometry": { "type": "Polygon", "coordinates": [ [ [ 77.437264158245313, 23.241550590128249 ], [ 77.437420258245325, 23.24157889011644 ], [ 77.437438658245313, 23.241492990152299 ], [ 77.4372825582453, 23.241464690164104 ], [ 77.437264158245313, 23.241550590128249 ] ] ] } },
{ "type": "Feature", "properties": { }, "geometry": { "type": "Polygon", "coordinates": [ [ [ 77.437263158245329, 23.240503090565497 ], [ 77.437369558245322, 23.24052809055506 ], [ 77.437399858245314, 23.240419490600388 ], [ 77.437293458245293, 23.240394490610818 ], [ 77.437263158245329, 23.240503090565497 ] ] ] } },
{ "type": "Feature", "properties": { }, "geometry": { "type": "Polygon", "coordinates": [ [ [ 77.437272158245307, 23.241629590095275 ], [ 77.437251358245319, 23.241708590062288 ], [ 77.437381458245312, 23.241737390050275 ], [ 77.43740215824532, 23.241658490083211 ], [ 77.437272158245307, 23.241629590095275 ] ] ] } },
{ "type": "Feature", "properties": { }, "geometry": { "type": "Polygon", "coordinates": [ [ [ 77.437296958245327, 23.241445090172292 ], [ 77.437419258245313, 23.241462990164813 ], [ 77.437429958245318, 23.241401690190397 ], [ 77.437307658245302, 23.241383690197917 ], [ 77.437296958245327, 23.241445090172292 ] ] ] } },
{ "type": "Feature", "properties": { }, "geometry": { "type": "Polygon", "coordinates": [ [ [ 77.437021858245316, 23.240426390597502 ], [ 77.437104258245327, 23.240448290588368 ], [ 77.437132158245319, 23.240359590625385 ], [ 77.437049758245323, 23.240337690634533 ], [ 77.437021858245316, 23.240426390597502 ] ] ] } },
{ "type": "Feature", "properties": { }, "geometry": { "type": "Polygon", "coordinates": [ [ [ 77.436768558245291, 23.241591890111007 ], [ 77.436852058245321, 23.241609690103584 ], [ 77.436877158245309, 23.241510590144941 ], [ 77.436793658245321, 23.241492690152416 ], [ 77.436768558245291, 23.241591890111007 ] ] ] } },
{ "type": "Feature", "properties": { }, "geometry": { "type": "Polygon", "coordinates": [ [ [ 77.436566658245326, 23.242072489910392 ], [ 77.436675158245322, 23.242091789902339 ], [ 77.43670055824532, 23.241971489952554 ], [ 77.436592058245324, 23.241952189960614 ], [ 77.436566658245326, 23.242072489910392 ] ] ] } },
{ "type": "Feature", "properties": { }, "geometry": { "type": "Polygon", "coordinates": [ [ [ 77.437560958245328, 23.240855990418186 ], [ 77.437695358245307, 23.240880990407749 ], [ 77.437728458245317, 23.240730690470489 ], [ 77.43759405824531, 23.240705690480922 ], [ 77.437560958245328, 23.240855990418186 ] ] ] } },
{ "type": "Feature", "properties": { }, "geometry": { "type": "Polygon", "coordinates": [ [ [ 77.436957158245306, 23.240287190655614 ], [ 77.436994158245312, 23.240171290703987 ], [ 77.436920458245311, 23.24015149071225 ], [ 77.436883458245291, 23.24026739066387 ], [ 77.436957158245306, 23.240287190655614 ] ] ] } },
{ "type": "Feature", "properties": { }, "geometry": { "type": "Polygon", "coordinates": [ [ [ 77.436637758245325, 23.240309390646345 ], [ 77.436724958245321, 23.240332590636662 ], [ 77.436759958245318, 23.240221590682996 ], [ 77.436672758245322, 23.240198390692676 ], [ 77.436637758245325, 23.240309390646345 ] ] ] } },
{ "type": "Feature", "properties": { }, "geometry": { "type": "Polygon", "coordinates": [ [ [ 77.436466658245322, 23.242064289913813 ], [ 77.436556958245319, 23.242080389907102 ], [ 77.43658565824532, 23.241944289963907 ], [ 77.43649535824531, 23.241928189970633 ], [ 77.436466658245322, 23.242064289913813 ] ] ] } },
{ "type": "Feature", "properties": { }, "geometry": { "type": "Polygon", "coordinates": [ [ [ 77.437634658245315, 23.240427090597215 ], [ 77.437760558245316, 23.240450490587445 ], [ 77.437781658245314, 23.240354890627355 ], [ 77.437655758245327, 23.240331490637118 ], [ 77.437634658245315, 23.240427090597215 ] ] ] } },
{ "type": "Feature", "properties": { }, "geometry": { "type": "Polygon", "coordinates": [ [ [ 77.437502358245311, 23.241097090317549 ], [ 77.437477458245311, 23.24121919026658 ], [ 77.437609558245313, 23.241241890257111 ], [ 77.437634458245327, 23.241119790308073 ], [ 77.437502358245311, 23.241097090317549 ] ] ] } },
{ "type": "Feature", "properties": { }, "geometry": { "type": "Polygon", "coordinates": [ [ [ 77.437425758245325, 23.24157909011635 ], [ 77.437410958245323, 23.241650690086466 ], [ 77.437540058245318, 23.241673190077069 ], [ 77.437554858245321, 23.241601690106918 ], [ 77.437425758245325, 23.24157909011635 ] ] ] } },
{ "type": "Feature", "properties": { }, "geometry": { "type": "Polygon", "coordinates": [ [ [ 77.436790858245317, 23.240218790684157 ], [ 77.436866558245327, 23.240239190675645 ], [ 77.436901458245316, 23.240129990721226 ], [ 77.436825658245311, 23.240109590729737 ], [ 77.436790858245317, 23.240218790684157 ] ] ] } },
{ "type": "Feature", "properties": { }, "geometry": { "type": "Polygon", "coordinates": [ [ [ 77.437545258245322, 23.240940590382873 ], [ 77.437534158245313, 23.240994990360171 ], [ 77.437654058245315, 23.241015590351569 ], [ 77.437665058245329, 23.240961190374275 ], [ 77.437545258245322, 23.240940590382873 ] ] ] } },
{ "type": "Feature", "properties": { }, "geometry": { "type": "Polygon", "coordinates": [ [ [ 77.436378758245297, 23.242025489930018 ], [ 77.436464258245309, 23.24204068992367 ], [ 77.436487458245324, 23.241930689969585 ], [ 77.436402058245307, 23.241915489975927 ], [ 77.436378758245297, 23.242025489930018 ] ] ] } },
{ "type": "Feature", "properties": { }, "geometry": { "type": "Polygon", "coordinates": [ [ [ 77.437349858245327, 23.241979789949092 ], [ 77.4373323582453, 23.242064189913858 ], [ 77.437452458245332, 23.242085189905094 ], [ 77.437469858245308, 23.242000789940324 ], [ 77.437349858245327, 23.241979789949092 ] ] ] } },
{ "type": "Feature", "properties": { }, "geometry": { "type": "Polygon", "coordinates": [ [ [ 77.437506358245315, 23.241078590325266 ], [ 77.437642058245302, 23.241101890315544 ], [ 77.437658558245303, 23.241020690349441 ], [ 77.437522858245302, 23.240997390359169 ], [ 77.437506358245315, 23.241078590325266 ] ] ] } },
{ "type": "Feature", "properties": { }, "geometry": { "type": "Polygon", "coordinates": [ [ [ 77.437107658245324, 23.24045019058757 ], [ 77.437182958245302, 23.240470190579224 ], [ 77.437213258245322, 23.240373790619461 ], [ 77.437138058245324, 23.240353790627807 ], [ 77.437107658245324, 23.24045019058757 ] ] ] } },
{ "type": "Feature", "properties": { }, "geometry": { "type": "Polygon", "coordinates": [ [ [ 77.437232258245288, 23.241789190028655 ], [ 77.43736265824532, 23.24181809001659 ], [ 77.437381758245294, 23.241745390046933 ], [ 77.437251358245319, 23.241716390059047 ], [ 77.437232258245288, 23.241789190028655 ] ] ] } },
{ "type": "Feature", "properties": { }, "geometry": { "type": "Polygon", "coordinates": [ [ [ 77.437441758245313, 23.241495390151293 ], [ 77.437564758245315, 23.241516890142318 ], [ 77.437582858245307, 23.241429390178844 ], [ 77.437459858245305, 23.241407990187774 ], [ 77.437441758245313, 23.241495390151293 ] ] ] } },
{ "type": "Feature", "properties": { }, "geometry": { "type": "Polygon", "coordinates": [ [ [ 77.437558958245305, 23.240869590412512 ], [ 77.437545158245328, 23.240937790384045 ], [ 77.437661258245313, 23.240957690375737 ], [ 77.437675058245318, 23.240889490404207 ], [ 77.437558958245305, 23.240869590412512 ] ] ] } },
{ "type": "Feature", "properties": { }, "geometry": { "type": "Polygon", "coordinates": [ [ [ 77.436759358245311, 23.240344490631689 ], [ 77.436821558245313, 23.240360990624804 ], [ 77.436857258245325, 23.240247790672058 ], [ 77.436795058245309, 23.240231190678983 ], [ 77.436759358245311, 23.240344490631689 ] ] ] } },
{ "type": "Feature", "properties": { }, "geometry": { "type": "Polygon", "coordinates": [ [ [ 77.43718855824531, 23.240480790574797 ], [ 77.437255358245309, 23.240497990567622 ], [ 77.43728485824532, 23.240401290607984 ], [ 77.437218058245321, 23.240384090615159 ], [ 77.43718855824531, 23.240480790574797 ] ] ] } },
{ "type": "Feature", "properties": { }, "geometry": { "type": "Polygon", "coordinates": [ [ [ 77.436920958245295, 23.240407990605192 ], [ 77.437014558245309, 23.240432890594793 ], [ 77.437045558245302, 23.240334390635908 ], [ 77.436951958245317, 23.240309490646304 ], [ 77.436920958245295, 23.240407990605192 ] ] ] } },
{ "type": "Feature", "properties": { }, "geometry": { "type": "Polygon", "coordinates": [ [ [ 77.436685858245312, 23.241580090115935 ], [ 77.436758458245322, 23.241595590109466 ], [ 77.436788258245315, 23.241477990158554 ], [ 77.436715558245311, 23.241462490165016 ], [ 77.436685858245312, 23.241580090115935 ] ] ] } },
{ "type": "Feature", "properties": { }, "geometry": { "type": "Polygon", "coordinates": [ [ [ 77.43640525824533, 23.241911189977728 ], [ 77.436435758245324, 23.241766890037962 ], [ 77.436296358245329, 23.241742090048309 ], [ 77.436265858245307, 23.241886289988123 ], [ 77.43640525824533, 23.241911189977728 ] ] ] } },
{ "type": "Feature", "properties": { }, "geometry": { "type": "Polygon", "coordinates": [ [ [ 77.437409558245292, 23.241659290082879 ], [ 77.437392458245327, 23.241742390048184 ], [ 77.437527258245311, 23.241765890038373 ], [ 77.437544458245327, 23.241682890073026 ], [ 77.437409558245292, 23.241659290082879 ] ] ] } },
{ "type": "Feature", "properties": { }, "geometry": { "type": "Polygon", "coordinates": [ [ [ 77.436825058245319, 23.240376490618335 ], [ 77.436908958245311, 23.240398790609028 ], [ 77.436942358245304, 23.240292690653312 ], [ 77.436858458245325, 23.240270390662619 ], [ 77.436825058245319, 23.240376490618335 ] ] ] } },
{ "type": "Feature", "properties": { }, "geometry": { "type": "Polygon", "coordinates": [ [ [ 77.43739975824532, 23.240916490392937 ], [ 77.437383458245307, 23.240996690359463 ], [ 77.437503358245323, 23.241017290350857 ], [ 77.437519658245307, 23.240937090384335 ], [ 77.43739975824532, 23.240916490392937 ] ] ] } },
{ "type": "Feature", "properties": { }, "geometry": { "type": "Polygon", "coordinates": [ [ [ 77.43685775824531, 23.241629490095313 ], [ 77.436943258245321, 23.241649890086801 ], [ 77.436973358245325, 23.241543290131293 ], [ 77.436887858245314, 23.241522890139816 ], [ 77.43685775824531, 23.241629490095313 ] ] ] } },
{ "type": "Feature", "properties": { }, "geometry": { "type": "Polygon", "coordinates": [ [ [ 77.436506058245314, 23.241561390123739 ], [ 77.436577358245302, 23.241578190116726 ], [ 77.436615558245308, 23.241441390173833 ], [ 77.43654425824532, 23.241424590180845 ], [ 77.436506058245314, 23.241561390123739 ] ] ] } },
{ "type": "Feature", "properties": { }, "geometry": { "type": "Polygon", "coordinates": [ [ [ 77.437386158245303, 23.2417473900461 ], [ 77.437371358245315, 23.241818690016341 ], [ 77.437513858245325, 23.241843590005946 ], [ 77.437528658245327, 23.241772290035705 ], [ 77.437386158245303, 23.2417473900461 ] ] ] } },
{ "type": "Feature", "properties": { }, "geometry": { "type": "Polygon", "coordinates": [ [ [ 77.43737965824532, 23.240999690358205 ], [ 77.437340858245307, 23.241190090278728 ], [ 77.437461858245314, 23.24121089027005 ], [ 77.437500558245318, 23.241020490349527 ], [ 77.43737965824532, 23.240999690358205 ] ] ] } },
{ "type": "Feature", "properties": { }, "geometry": { "type": "Polygon", "coordinates": [ [ [ 77.437419158245305, 23.240835990426536 ], [ 77.437403358245319, 23.240913990393981 ], [ 77.437527458245327, 23.240935290385089 ], [ 77.437543358245307, 23.240857290417644 ], [ 77.437419158245305, 23.240835990426536 ] ] ] } },
{ "type": "Feature", "properties": { }, "geometry": { "type": "Polygon", "coordinates": [ [ [ 77.436951558245312, 23.241650990086345 ], [ 77.437023658245323, 23.241669190078742 ], [ 77.437055858245301, 23.241561390123739 ], [ 77.436983758245304, 23.241543190131342 ], [ 77.436951558245312, 23.241650990086345 ] ] ] } },
{ "type": "Feature", "properties": { }, "geometry": { "type": "Polygon", "coordinates": [ [ [ 77.437371058245304, 23.241825390013538 ], [ 77.437342458245297, 23.241963389955934 ], [ 77.437482058245322, 23.241987789945746 ], [ 77.437510658245316, 23.241849790003357 ], [ 77.437371058245304, 23.241825390013538 ] ] ] } },
{ "type": "Feature", "properties": { }, "geometry": { "type": "Polygon", "coordinates": [ [ [ 77.436411958245316, 23.241907789979141 ], [ 77.436491058245323, 23.241922389973048 ], [ 77.436521858245314, 23.241781290031952 ], [ 77.436442858245314, 23.241766690038041 ], [ 77.436411958245316, 23.241907789979141 ] ] ] } },
{ "type": "Feature", "properties": { }, "geometry": { "type": "Polygon", "coordinates": [ [ [ 77.437263258245309, 23.241625790096865 ], [ 77.437402358245293, 23.241650990086345 ], [ 77.437416958245322, 23.241583090114684 ], [ 77.437277858245309, 23.241557890125204 ], [ 77.437263258245309, 23.241625790096865 ] ] ] } },
{ "type": "Feature", "properties": { }, "geometry": { "type": "Polygon", "coordinates": [ [ [ 77.436495158245336, 23.241921989973218 ], [ 77.436574758245328, 23.241937289966828 ], [ 77.436603958245314, 23.241809790020053 ], [ 77.436524358245308, 23.241794390026481 ], [ 77.436495158245336, 23.241921989973218 ] ] ] } },
{ "type": "Feature", "properties": { }, "geometry": { "type": "Polygon", "coordinates": [ [ [ 77.436593658245329, 23.241571690119443 ], [ 77.436674658245309, 23.241589090112182 ], [ 77.436705358245305, 23.241468090162687 ], [ 77.436624358245311, 23.241450790169903 ], [ 77.436593658245329, 23.241571690119443 ] ] ] } },
{ "type": "Feature", "properties": { }, "geometry": { "type": "Polygon", "coordinates": [ [ [ 77.437163058245318, 23.242104489897038 ], [ 77.437295358245308, 23.242126789887728 ], [ 77.437308258245295, 23.242062589914532 ], [ 77.437175958245319, 23.24204018992388 ], [ 77.437163058245318, 23.242104489897038 ] ] ] } },
{ "type": "Feature", "properties": { }, "geometry": { "type": "Polygon", "coordinates": [ [ [ 77.437299558245314, 23.240379190617205 ], [ 77.437404258245309, 23.240404190606771 ], [ 77.437442758245311, 23.240267990663625 ], [ 77.437338058245302, 23.240242990674062 ], [ 77.437299558245314, 23.240379190617205 ] ] ] } },
{ "type": "Feature", "properties": { }, "geometry": { "type": "Polygon", "coordinates": [ [ [ 77.436727658245303, 23.241750790044684 ], [ 77.436793358245325, 23.241766690038041 ], [ 77.436826958245305, 23.241649190087095 ], [ 77.436761358245292, 23.241633290093727 ], [ 77.436727658245303, 23.241750790044684 ] ] ] } },
{ "type": "Feature", "properties": { }, "geometry": { "type": "Polygon", "coordinates": [ [ [ 77.437036058245326, 23.241676890075532 ], [ 77.437140258245321, 23.241701690065177 ], [ 77.437174458245309, 23.241580290115852 ], [ 77.437070258245328, 23.241555490126203 ], [ 77.437036058245326, 23.241676890075532 ] ] ] } },
{ "type": "Feature", "properties": { }, "geometry": { "type": "Polygon", "coordinates": [ [ [ 77.436421758245288, 23.241543390131259 ], [ 77.436502658245303, 23.241561690123614 ], [ 77.436537758245308, 23.241430390178429 ], [ 77.436456958245316, 23.241412190186018 ], [ 77.436421758245288, 23.241543390131259 ] ] ] } },
{ "type": "Feature", "properties": { }, "geometry": { "type": "Polygon", "coordinates": [ [ [ 77.437619158245326, 23.240611890520082 ], [ 77.437752558245322, 23.240636690509724 ], [ 77.437765558245303, 23.240577690534352 ], [ 77.437632158245293, 23.240552890544706 ], [ 77.437619158245326, 23.240611890520082 ] ] ] } },
{ "type": "Feature", "properties": { }, "geometry": { "type": "Polygon", "coordinates": [ [ [ 77.436766758245312, 23.240212590686745 ], [ 77.436804658245336, 23.240093790736335 ], [ 77.436710358245307, 23.240068490746896 ], [ 77.436672458245312, 23.24018729069731 ], [ 77.436766758245312, 23.240212590686745 ] ] ] } },
{ "type": "Feature", "properties": { }, "geometry": { "type": "Polygon", "coordinates": [ [ [ 77.436796058245321, 23.24177489003462 ], [ 77.436908558245321, 23.241801990023308 ], [ 77.436940758245314, 23.241689390070317 ], [ 77.436828358245322, 23.241662190081669 ], [ 77.436796058245321, 23.24177489003462 ] ] ] } },
{ "type": "Feature", "properties": { }, "geometry": { "type": "Polygon", "coordinates": [ [ [ 77.436915658245312, 23.24181949001601 ], [ 77.437005158245327, 23.241841090006989 ], [ 77.43704165824532, 23.241713690060173 ], [ 77.436952058245311, 23.24169209006919 ], [ 77.436915658245312, 23.24181949001601 ] ] ] } },
{ "type": "Feature", "properties": { }, "geometry": { "type": "Polygon", "coordinates": [ [ [ 77.437176958245303, 23.242030689927844 ], [ 77.437319058245308, 23.242060289915489 ], [ 77.437341258245326, 23.241970189953101 ], [ 77.437199158245306, 23.241940589965456 ], [ 77.437176958245303, 23.242030689927844 ] ] ] } },
{ "type": "Feature", "properties": { }, "geometry": { "type": "Polygon", "coordinates": [ [ [ 77.437208758245319, 23.240365490622928 ], [ 77.437291158245301, 23.240385690614492 ], [ 77.437332158245326, 23.240244490673437 ], [ 77.437249758245329, 23.240224290681862 ], [ 77.437208758245319, 23.240365490622928 ] ] ] } },
{ "type": "Feature", "properties": { }, "geometry": { "type": "Polygon", "coordinates": [ [ [ 77.436490658245319, 23.241707890062592 ], [ 77.436569558245324, 23.241726190054951 ], [ 77.436598658245302, 23.241620990098866 ], [ 77.436519658245317, 23.241602590106549 ], [ 77.436490658245319, 23.241707890062592 ] ] ] } },
{ "type": "Feature", "properties": { }, "geometry": { "type": "Polygon", "coordinates": [ [ [ 77.437194358245321, 23.241930889969503 ], [ 77.437324458245314, 23.241956789958696 ], [ 77.437356158245308, 23.241821990014955 ], [ 77.437226158245309, 23.241796090025773 ], [ 77.437194358245321, 23.241930889969503 ] ] ] } },
{ "type": "Feature", "properties": { }, "geometry": { "type": "Polygon", "coordinates": [ [ [ 77.43708075824533, 23.240170490704326 ], [ 77.437035858245295, 23.240311190645592 ], [ 77.437200458245329, 23.240355490627095 ], [ 77.43724535824532, 23.24021479068583 ], [ 77.43708075824533, 23.240170490704326 ] ] ] } },
{ "type": "Feature", "properties": { }, "geometry": { "type": "Polygon", "coordinates": [ [ [ 77.437461958245322, 23.240576390534898 ], [ 77.437594658245317, 23.240601090524581 ], [ 77.437608758245318, 23.240536990551337 ], [ 77.437476058245323, 23.24051229056165 ], [ 77.437461958245322, 23.240576390534898 ] ] ] } },
{ "type": "Feature", "properties": { }, "geometry": { "type": "Polygon", "coordinates": [ [ [ 77.436656258245321, 23.241723990055867 ], [ 77.436728058245308, 23.24173959004936 ], [ 77.436754858245308, 23.241635490092811 ], [ 77.436683158245316, 23.241619890099322 ], [ 77.436656258245321, 23.241723990055867 ] ] ] } },
{ "type": "Feature", "properties": { }, "geometry": { "type": "Polygon", "coordinates": [ [ [ 77.437017458245322, 23.241821790015045 ], [ 77.437097758245315, 23.241841190006948 ], [ 77.437128058245321, 23.241735390051108 ], [ 77.437047658245319, 23.241715990059209 ], [ 77.437017458245322, 23.241821790015045 ] ] ] } },
{ "type": "Feature", "properties": { }, "geometry": { "type": "Polygon", "coordinates": [ [ [ 77.437518658245324, 23.240426890597298 ], [ 77.437504658245317, 23.240503790565199 ], [ 77.437609858245324, 23.24051999055844 ], [ 77.437623858245317, 23.240443090590535 ], [ 77.437518658245324, 23.240426890597298 ] ] ] } },
{ "type": "Feature", "properties": { }, "geometry": { "type": "Polygon", "coordinates": [ [ [ 77.436572158245298, 23.241722790056368 ], [ 77.436644958245324, 23.241739690049318 ], [ 77.436675458245304, 23.241629090095483 ], [ 77.436602758245314, 23.241612190102536 ], [ 77.436572158245298, 23.241722790056368 ] ] ] } },
{ "type": "Feature", "properties": { }, "geometry": { "type": "Polygon", "coordinates": [ [ [ 77.436244058245322, 23.241999289940949 ], [ 77.436367158245304, 23.242021289931767 ], [ 77.436390158245317, 23.241912089977347 ], [ 77.436267058245306, 23.241890189986492 ], [ 77.436244058245322, 23.241999289940949 ] ] ] } },
{ "type": "Feature", "properties": { }, "geometry": { "type": "Polygon", "coordinates": [ [ [ 77.437444158245313, 23.240673490494366 ], [ 77.437580058245302, 23.240698790483805 ], [ 77.43759835824531, 23.24061559051853 ], [ 77.437462458245321, 23.240590290529095 ], [ 77.437444158245313, 23.240673490494366 ] ] ] } },
{ "type": "Feature", "properties": { }, "geometry": { "type": "Polygon", "coordinates": [ [ [ 77.43658565824532, 23.241944289963907 ], [ 77.436720158245322, 23.24196908995356 ], [ 77.436746258245321, 23.241849590003437 ], [ 77.436611858245314, 23.241824790013794 ], [ 77.43658565824532, 23.241944289963907 ] ] ] } },
{ "type": "Feature", "properties": { }, "geometry": { "type": "Polygon", "coordinates": [ [ [ 77.437411358245328, 23.240823190431882 ], [ 77.437546058245317, 23.240845990422358 ], [ 77.437563958245306, 23.240756790459596 ], [ 77.437429158245322, 23.240733990469106 ], [ 77.437411358245328, 23.240823190431882 ] ] ] } },
{ "type": "Feature", "properties": { }, "geometry": { "type": "Polygon", "coordinates": [ [ [ 77.437627658245304, 23.240538790550588 ], [ 77.437748958245308, 23.24056139054116 ], [ 77.43777165824531, 23.240458190584228 ], [ 77.437650358245307, 23.24043559059367 ], [ 77.437627658245304, 23.240538790550588 ] ] ] } },
{ "type": "Feature", "properties": { }, "geometry": { "type": "Polygon", "coordinates": [ [ [ 77.436026458245308, 23.24203298992688 ], [ 77.43601245824533, 23.242123089889276 ], [ 77.436115158245315, 23.242136489883677 ], [ 77.436129058245342, 23.242046389921288 ], [ 77.436026458245308, 23.24203298992688 ] ] ] } },
{ "type": "Feature", "properties": { }, "geometry": { "type": "Polygon", "coordinates": [ [ [ 77.43607605824532, 23.241724090055818 ], [ 77.436214258245329, 23.241742490048146 ], [ 77.436226558245309, 23.241664090080871 ], [ 77.436088358245314, 23.24164569008855 ], [ 77.43607605824532, 23.241724090055818 ] ] ] } },
{ "type": "Feature", "properties": { }, "geometry": { "type": "Polygon", "coordinates": [ [ [ 77.435897058245303, 23.241824290014002 ], [ 77.435885258245307, 23.241898989982818 ], [ 77.436013758245323, 23.241916089975678 ], [ 77.436025458245311, 23.241841390006865 ], [ 77.435897058245303, 23.241824290014002 ] ] ] } },
{ "type": "Feature", "properties": { }, "geometry": { "type": "Polygon", "coordinates": [ [ [ 77.435956358245321, 23.241491290153004 ], [ 77.436093058245305, 23.24151199014436 ], [ 77.436103958245312, 23.241451190169741 ], [ 77.435967258245313, 23.241430490178384 ], [ 77.435956358245321, 23.241491290153004 ] ] ] } },
{ "type": "Feature", "properties": { }, "geometry": { "type": "Polygon", "coordinates": [ [ [ 77.43610685824531, 23.241546990129752 ], [ 77.436230958245304, 23.241565790121903 ], [ 77.436241358245312, 23.241507890146067 ], [ 77.436117258245304, 23.241489090153923 ], [ 77.43610685824531, 23.241546990129752 ] ] ] } },
{ "type": "Feature", "properties": { }, "geometry": { "type": "Polygon", "coordinates": [ [ [ 77.436049558245315, 23.241798990024559 ], [ 77.436195058245289, 23.241818390016466 ], [ 77.436206458245309, 23.241746090046639 ], [ 77.436060958245307, 23.24172669005474 ], [ 77.436049558245315, 23.241798990024559 ] ] ] } },
{ "type": "Feature", "properties": { }, "geometry": { "type": "Polygon", "coordinates": [ [ [ 77.435871558245324, 23.241967889954061 ], [ 77.435997058245306, 23.241984589947091 ], [ 77.436007058245309, 23.241921589973387 ], [ 77.435881458245319, 23.241904889980358 ], [ 77.435871558245324, 23.241967889954061 ] ] ] } },
{ "type": "Feature", "properties": { }, "geometry": { "type": "Polygon", "coordinates": [ [ [ 77.436036158245315, 23.241857590000095 ], [ 77.436162358245326, 23.24187438999309 ], [ 77.436171258245338, 23.24181809001659 ], [ 77.436045058245327, 23.241801290023602 ], [ 77.436036158245315, 23.241857590000095 ] ] ] } },
{ "type": "Feature", "properties": { }, "geometry": { "type": "Polygon", "coordinates": [ [ [ 77.435969758245307, 23.241424690180796 ], [ 77.436105958245307, 23.241444390172585 ], [ 77.436128458245307, 23.241312990227428 ], [ 77.435992358245329, 23.241293290235657 ], [ 77.435969758245307, 23.241424690180796 ] ] ] } },
{ "type": "Feature", "properties": { }, "geometry": { "type": "Polygon", "coordinates": [ [ [ 77.436024158245317, 23.241827990012457 ], [ 77.436046458245329, 23.24168599007173 ], [ 77.435904258245301, 23.241667090079623 ], [ 77.435881958245318, 23.241809090020347 ], [ 77.436024158245317, 23.241827990012457 ] ] ] } },
{ "type": "Feature", "properties": { }, "geometry": { "type": "Polygon", "coordinates": [ [ [ 77.43594965824532, 23.241506090146821 ], [ 77.435934858245318, 23.241588690112348 ], [ 77.436085158245319, 23.241611390102875 ], [ 77.436099958245293, 23.241528790137352 ], [ 77.43594965824532, 23.241506090146821 ] ] ] } },
{ "type": "Feature", "properties": { }, "geometry": { "type": "Polygon", "coordinates": [ [ [ 77.436129158245322, 23.241486990154797 ], [ 77.436262058245319, 23.241507090146406 ], [ 77.436283058245309, 23.241389990195291 ], [ 77.436150158245312, 23.241369890203675 ], [ 77.436129158245322, 23.241486990154797 ] ] ] } },
{ "type": "Feature", "properties": { }, "geometry": { "type": "Polygon", "coordinates": [ [ [ 77.43611595824531, 23.241563390122913 ], [ 77.436101858245308, 23.241641790090178 ], [ 77.436210458245313, 23.24165829008329 ], [ 77.4362245582453, 23.241579790116063 ], [ 77.43611595824531, 23.241563390122913 ] ] ] } },
{ "type": "Feature", "properties": { }, "geometry": { "type": "Polygon", "coordinates": [ [ [ 77.435921358245324, 23.241663190081248 ], [ 77.436065358245315, 23.24168149007361 ], [ 77.436075658245329, 23.241613190102118 ], [ 77.435931658245323, 23.241594890109752 ], [ 77.435921358245324, 23.241663190081248 ] ] ] } },
{ "type": "Feature", "properties": { }, "geometry": { "type": "Polygon", "coordinates": [ [ [ 77.436017058245326, 23.241978989949423 ], [ 77.436010058245316, 23.242025989929804 ], [ 77.436116358245314, 23.242039289924257 ], [ 77.436123358245325, 23.241992189943918 ], [ 77.436017058245326, 23.241978989949423 ] ] ] } },
{ "type": "Feature", "properties": { }, "geometry": { "type": "Polygon", "coordinates": [ [ [ 77.435872258245311, 23.241980989948587 ], [ 77.435862658245327, 23.242053889918161 ], [ 77.436000758245328, 23.242069289911733 ], [ 77.436010358245312, 23.241996389942166 ], [ 77.435872258245311, 23.241980989948587 ] ] ] } },
{ "type": "Feature", "properties": { }, "geometry": { "type": "Polygon", "coordinates": [ [ [ 77.436025758245322, 23.241974089951473 ], [ 77.436153258245326, 23.241991289944291 ], [ 77.436170958245327, 23.241881189990242 ], [ 77.436043258245306, 23.24186398999743 ], [ 77.436025758245322, 23.241974089951473 ] ] ] } },
{ "type": "Feature", "properties": { }, "geometry": { "type": "Polygon", "coordinates": [ [ [ 77.442802858245315, 23.234925492893346 ], [ 77.442723958245324, 23.234960892878579 ], [ 77.442780558245317, 23.235067492834087 ], [ 77.442859458245309, 23.235032092848861 ], [ 77.442802858245315, 23.234925492893346 ] ] ] } },
{ "type": "Feature", "properties": { }, "geometry": { "type": "Polygon", "coordinates": [ [ [ 77.44335475824532, 23.236576092204515 ], [ 77.443468658245294, 23.236583292201502 ], [ 77.443473458245322, 23.2365178922288 ], [ 77.443359658245328, 23.236510792231769 ], [ 77.44335475824532, 23.236576092204515 ] ] ] } },
{ "type": "Feature", "properties": { }, "geometry": { "type": "Polygon", "coordinates": [ [ [ 77.443139858245317, 23.234717392980187 ], [ 77.443224458245297, 23.234876792913674 ], [ 77.443367958245304, 23.234812492940499 ], [ 77.44328335824531, 23.234652993007071 ], [ 77.443139858245317, 23.234717392980187 ] ] ] } },
{ "type": "Feature", "properties": { }, "geometry": { "type": "Polygon", "coordinates": [ [ [ 77.443038758245308, 23.237179591952646 ], [ 77.443036058245312, 23.237298491903022 ], [ 77.443114858245323, 23.2372999919024 ], [ 77.443117558245291, 23.237181091952014 ], [ 77.443038758245308, 23.237179591952646 ] ] ] } },
{ "type": "Feature", "properties": { }, "geometry": { "type": "Polygon", "coordinates": [ [ [ 77.443134458245311, 23.234743192969429 ], [ 77.443067058245319, 23.234773392956821 ], [ 77.44312855824532, 23.234889292908463 ], [ 77.443195958245312, 23.234859092921059 ], [ 77.443134458245311, 23.234743192969429 ] ] ] } },
{ "type": "Feature", "properties": { }, "geometry": { "type": "Polygon", "coordinates": [ [ [ 77.443865558245321, 23.234105193235667 ], [ 77.44393665824532, 23.234101193237336 ], [ 77.443933658245314, 23.23405679325586 ], [ 77.443862558245314, 23.234060793254187 ], [ 77.443865558245321, 23.234105193235667 ] ] ] } },
{ "type": "Feature", "properties": { }, "geometry": { "type": "Polygon", "coordinates": [ [ [ 77.442864458245324, 23.236626292183562 ], [ 77.442744358245321, 23.236623892184564 ], [ 77.442741658245325, 23.236740392135943 ], [ 77.442861758245328, 23.236742692134982 ], [ 77.442864458245324, 23.236626292183562 ] ] ] } },
{ "type": "Feature", "properties": { }, "geometry": { "type": "Polygon", "coordinates": [ [ [ 77.443017658245324, 23.237185991949978 ], [ 77.442940158245321, 23.237182891951271 ], [ 77.442935458245302, 23.237281491910117 ], [ 77.443012958245319, 23.237284591908825 ], [ 77.443017658245324, 23.237185991949978 ] ] ] } },
{ "type": "Feature", "properties": { }, "geometry": { "type": "Polygon", "coordinates": [ [ [ 77.442708358245312, 23.234945692884924 ], [ 77.442633658245313, 23.234979192870941 ], [ 77.442701658245326, 23.235107292817482 ], [ 77.442776358245297, 23.235073792831461 ], [ 77.442708358245312, 23.234945692884924 ] ] ] } },
{ "type": "Feature", "properties": { }, "geometry": { "type": "Polygon", "coordinates": [ [ [ 77.443759258245308, 23.234072293249397 ], [ 77.443764258245324, 23.234137993221978 ], [ 77.443796758245313, 23.234135993222807 ], [ 77.443791758245325, 23.234070193250272 ], [ 77.443759258245308, 23.234072293249397 ] ] ] } },
{ "type": "Feature", "properties": { }, "geometry": { "type": "Polygon", "coordinates": [ [ [ 77.443889358245329, 23.233979193288246 ], [ 77.443893958245312, 23.234035493264749 ], [ 77.443963458245292, 23.234030693266757 ], [ 77.443958858245324, 23.233974293290284 ], [ 77.443889358245329, 23.233979193288246 ] ] ] } },
{ "type": "Feature", "properties": { }, "geometry": { "type": "Polygon", "coordinates": [ [ [ 77.442794758245313, 23.234892892906952 ], [ 77.442858558245305, 23.235013092856796 ], [ 77.442939558245314, 23.234976792871944 ], [ 77.442875758245322, 23.234856592922103 ], [ 77.442794758245313, 23.234892892906952 ] ] ] } },
{ "type": "Feature", "properties": { }, "geometry": { "type": "Polygon", "coordinates": [ [ [ 77.443100258245295, 23.237321091893591 ], [ 77.443097258245317, 23.237420991851899 ], [ 77.443185658245326, 23.237423191850983 ], [ 77.443188658245305, 23.237323291892675 ], [ 77.443100258245295, 23.237321091893591 ] ] ] } },
{ "type": "Feature", "properties": { }, "geometry": { "type": "Polygon", "coordinates": [ [ [ 77.442851658245317, 23.237177691953438 ], [ 77.442846558245321, 23.237290191906485 ], [ 77.442927658245324, 23.237293291905196 ], [ 77.44293275824532, 23.237180791952138 ], [ 77.442851658245317, 23.237177691953438 ] ] ] } },
{ "type": "Feature", "properties": { }, "geometry": { "type": "Polygon", "coordinates": [ [ [ 77.443967958245324, 23.234737592971769 ], [ 77.44394735824531, 23.234784592952149 ], [ 77.444025858245325, 23.234813592940043 ], [ 77.444046458245325, 23.234766492959697 ], [ 77.443967958245324, 23.234737592971769 ] ] ] } },
{ "type": "Feature", "properties": { }, "geometry": { "type": "Polygon", "coordinates": [ [ [ 77.44266625824531, 23.237159891960872 ], [ 77.442655058245307, 23.237268991915336 ], [ 77.442737158245322, 23.237276191912329 ], [ 77.442748458245319, 23.237166991957903 ], [ 77.44266625824531, 23.237159891960872 ] ] ] } },
{ "type": "Feature", "properties": { }, "geometry": { "type": "Polygon", "coordinates": [ [ [ 77.444069958245322, 23.234777192955235 ], [ 77.444042758245303, 23.234862292919718 ], [ 77.444105658245306, 23.23487929291263 ], [ 77.444132858245325, 23.23479419294814 ], [ 77.444069958245322, 23.234777192955235 ] ] ] } },
{ "type": "Feature", "properties": { }, "geometry": { "type": "Polygon", "coordinates": [ [ [ 77.443001158245323, 23.237326791891213 ], [ 77.442997958245314, 23.237429091848519 ], [ 77.443091858245324, 23.237431591847471 ], [ 77.443095058245305, 23.237329291890173 ], [ 77.443001158245323, 23.237326791891213 ] ] ] } },
{ "type": "Feature", "properties": { }, "geometry": { "type": "Polygon", "coordinates": [ [ [ 77.4440011582453, 23.235003992860591 ], [ 77.444035258245322, 23.235039892845606 ], [ 77.444077858245322, 23.235005692859882 ], [ 77.444043758245314, 23.234969792874868 ], [ 77.4440011582453, 23.235003992860591 ] ] ] } },
{ "type": "Feature", "properties": { }, "geometry": { "type": "Polygon", "coordinates": [ [ [ 77.442899958245334, 23.237421091851857 ], [ 77.442905958245319, 23.237315691895841 ], [ 77.442822958245316, 23.23731169189751 ], [ 77.442816958245302, 23.237417091853523 ], [ 77.442899958245334, 23.237421091851857 ] ] ] } },
{ "type": "Feature", "properties": { }, "geometry": { "type": "Polygon", "coordinates": [ [ [ 77.442909958245323, 23.23741549185419 ], [ 77.442978358245327, 23.237416191853903 ], [ 77.44297935824531, 23.237322391893048 ], [ 77.442910958245307, 23.237321791893301 ], [ 77.442909958245323, 23.23741549185419 ] ] ] } },
{ "type": "Feature", "properties": { }, "geometry": { "type": "Polygon", "coordinates": [ [ [ 77.443803358245319, 23.233889193325805 ], [ 77.443803958245311, 23.233923993311276 ], [ 77.443832658245327, 23.233923593311445 ], [ 77.443831958245312, 23.233888793325963 ], [ 77.443803358245319, 23.233889193325805 ] ] ] } },
{ "type": "Feature", "properties": { }, "geometry": { "type": "Polygon", "coordinates": [ [ [ 77.442408358245316, 23.237124691975559 ], [ 77.44240565824532, 23.2372515919226 ], [ 77.442490558245296, 23.237253091921971 ], [ 77.442493258245307, 23.237126191974937 ], [ 77.442408358245316, 23.237124691975559 ] ] ] } },
{ "type": "Feature", "properties": { }, "geometry": { "type": "Polygon", "coordinates": [ [ [ 77.442381258245305, 23.237405291858451 ], [ 77.442467758245314, 23.237406491857953 ], [ 77.442469658245329, 23.237294491904695 ], [ 77.44238315824532, 23.237293291905196 ], [ 77.442381258245305, 23.237405291858451 ] ] ] } },
{ "type": "Feature", "properties": { }, "geometry": { "type": "Polygon", "coordinates": [ [ [ 77.442961758245318, 23.234821392936794 ], [ 77.442889958245317, 23.234853592923358 ], [ 77.442951758245329, 23.234969992874777 ], [ 77.443023558245315, 23.234937892888176 ], [ 77.442961758245318, 23.234821392936794 ] ] ] } },
{ "type": "Feature", "properties": { }, "geometry": { "type": "Polygon", "coordinates": [ [ [ 77.44295685824531, 23.236422892268443 ], [ 77.442954058245306, 23.236500192236186 ], [ 77.443075458245318, 23.236503892234644 ], [ 77.443078258245308, 23.236426592266909 ], [ 77.44295685824531, 23.236422892268443 ] ] ] } },
{ "type": "Feature", "properties": { }, "geometry": { "type": "Polygon", "coordinates": [ [ [ 77.443042358245307, 23.234937792888218 ], [ 77.443124558245302, 23.234900892903617 ], [ 77.44305435824532, 23.234768692958784 ], [ 77.442972158245325, 23.23480549294343 ], [ 77.443042358245307, 23.234937792888218 ] ] ] } },
{ "type": "Feature", "properties": { }, "geometry": { "type": "Polygon", "coordinates": [ [ [ 77.443516758245323, 23.236671592164651 ], [ 77.443514058245327, 23.236746592133354 ], [ 77.443652158245314, 23.236750792131605 ], [ 77.44365485824531, 23.236675792162899 ], [ 77.443516758245323, 23.236671592164651 ] ] ] } },
{ "type": "Feature", "properties": { }, "geometry": { "type": "Polygon", "coordinates": [ [ [ 77.442716858245291, 23.236771592122924 ], [ 77.442717258245295, 23.236836392095885 ], [ 77.442839958245315, 23.236835692096168 ], [ 77.442839558245325, 23.236770992123176 ], [ 77.442716858245291, 23.236771592122924 ] ] ] } },
{ "type": "Feature", "properties": { }, "geometry": { "type": "Polygon", "coordinates": [ [ [ 77.44278585824533, 23.235637692596136 ], [ 77.442911658245322, 23.235641092594719 ], [ 77.442914658245314, 23.235546492634196 ], [ 77.442788858245308, 23.235543092635613 ], [ 77.44278585824533, 23.235637692596136 ] ] ] } },
{ "type": "Feature", "properties": { }, "geometry": { "type": "Polygon", "coordinates": [ [ [ 77.443364058245308, 23.236599792194625 ], [ 77.443358458245328, 23.236674792163321 ], [ 77.443473258245319, 23.236681992160317 ], [ 77.44347875824532, 23.236606992191618 ], [ 77.443364058245308, 23.236599792194625 ] ] ] } },
{ "type": "Feature", "properties": { }, "geometry": { "type": "Polygon", "coordinates": [ [ [ 77.443217158245304, 23.237300291902265 ], [ 77.443220458245307, 23.237188191949059 ], [ 77.443128058245307, 23.237185891950023 ], [ 77.443124658245324, 23.237297991903233 ], [ 77.443217158245304, 23.237300291902265 ] ] ] } },
{ "type": "Feature", "properties": { }, "geometry": { "type": "Polygon", "coordinates": [ [ [ 77.44334295824531, 23.236842592093289 ], [ 77.443454458245327, 23.236849592090369 ], [ 77.44345935824532, 23.23678269211829 ], [ 77.443347858245303, 23.236775692121217 ], [ 77.44334295824531, 23.236842592093289 ] ] ] } },
{ "type": "Feature", "properties": { }, "geometry": { "type": "Polygon", "coordinates": [ [ [ 77.44293275824532, 23.236959392044547 ], [ 77.44293155824532, 23.237082391993216 ], [ 77.443044258245322, 23.23708319199288 ], [ 77.443045358245342, 23.236960292044166 ], [ 77.44293275824532, 23.236959392044547 ] ] ] } },
{ "type": "Feature", "properties": { }, "geometry": { "type": "Polygon", "coordinates": [ [ [ 77.442572358245314, 23.235169892791365 ], [ 77.442695258245308, 23.235114792814354 ], [ 77.442629758245303, 23.234991392865854 ], [ 77.442531958245297, 23.235035192847572 ], [ 77.442543558245319, 23.235057092838435 ], [ 77.442518458245317, 23.235068292833763 ], [ 77.442572358245314, 23.235169892791365 ] ] ] } },
{ "type": "Feature", "properties": { }, "geometry": { "type": "Polygon", "coordinates": [ [ [ 77.43858215824531, 23.233180593621487 ], [ 77.438563958245325, 23.233181693621031 ], [ 77.438547658245312, 23.233189093617938 ], [ 77.438535658245314, 23.233201693612688 ], [ 77.438529858245303, 23.233217593606049 ], [ 77.438531058245303, 23.233234293599082 ], [ 77.438539158245305, 23.233249293592824 ], [ 77.438552858245302, 23.233260293588234 ], [ 77.438570058245304, 23.233265593586019 ], [ 77.438588258245318, 23.233264493586482 ], [ 77.438604558245316, 23.233257093589565 ], [ 77.438616558245329, 23.233244493594828 ], [ 77.438622358245311, 23.233228693601422 ], [ 77.438621158245311, 23.233211993608389 ], [ 77.438613058245309, 23.233196993614648 ], [ 77.438599358245327, 23.233185993619234 ], [ 77.43858215824531, 23.233180593621487 ] ] ] } },
{ "type": "Feature", "properties": { }, "geometry": { "type": "Polygon", "coordinates": [ [ [ 77.439117758245303, 23.232724093811981 ], [ 77.439274858245327, 23.232746293802716 ], [ 77.439297358245327, 23.232612093858712 ], [ 77.439140158245323, 23.232589893867974 ], [ 77.439117758245303, 23.232724093811981 ] ] ] } },
{ "type": "Feature", "properties": { }, "geometry": { "type": "Polygon", "coordinates": [ [ [ 77.436089358245326, 23.233418093522385 ], [ 77.436226158245304, 23.233449193509408 ], [ 77.436244158245302, 23.233382393537283 ], [ 77.436107358245323, 23.233351293550268 ], [ 77.436089358245326, 23.233418093522385 ] ] ] } },
{ "type": "Feature", "properties": { }, "geometry": { "type": "Polygon", "coordinates": [ [ [ 77.438866158245318, 23.231684094245932 ], [ 77.438947458245309, 23.231680794247307 ], [ 77.438940458245327, 23.231532594309147 ], [ 77.438859158245322, 23.231535894307772 ], [ 77.438866158245318, 23.231684094245932 ] ] ] } },
{ "type": "Feature", "properties": { }, "geometry": { "type": "Polygon", "coordinates": [ [ [ 77.438674458245316, 23.232967893710246 ], [ 77.43878395824531, 23.232985493702898 ], [ 77.438806358245301, 23.232868193751852 ], [ 77.438696858245322, 23.232850593759199 ], [ 77.438674458245316, 23.232967893710246 ] ] ] } },
{ "type": "Feature", "properties": { }, "geometry": { "type": "Polygon", "coordinates": [ [ [ 77.438010958245329, 23.232733093808221 ], [ 77.437983458245313, 23.232822493770914 ], [ 77.438112558245322, 23.232855993756942 ], [ 77.43814005824531, 23.232766493794287 ], [ 77.438010958245329, 23.232733093808221 ] ] ] } },
{ "type": "Feature", "properties": { }, "geometry": { "type": "Polygon", "coordinates": [ [ [ 77.439266458245328, 23.231847894177584 ], [ 77.439345558245321, 23.231848694177248 ], [ 77.439347158245326, 23.231715994232623 ], [ 77.439268058245304, 23.231715194232951 ], [ 77.439266458245328, 23.231847894177584 ] ] ] } },
{ "type": "Feature", "properties": { }, "geometry": { "type": "Polygon", "coordinates": [ [ [ 77.437874858245308, 23.233225293602835 ], [ 77.438009158245308, 23.233260093588321 ], [ 77.438036258245319, 23.233171893625119 ], [ 77.43790195824532, 23.233137093639645 ], [ 77.437874858245308, 23.233225293602835 ] ] ] } },
{ "type": "Feature", "properties": { }, "geometry": { "type": "Polygon", "coordinates": [ [ [ 77.43847835824532, 23.233508093484829 ], [ 77.438562658245317, 23.233512093483156 ], [ 77.438570858245313, 23.233364893544582 ], [ 77.438486558245302, 23.233360893546255 ], [ 77.43847835824532, 23.233508093484829 ] ] ] } },
{ "type": "Feature", "properties": { }, "geometry": { "type": "Polygon", "coordinates": [ [ [ 77.436237558245338, 23.233470793500388 ], [ 77.436369658245312, 23.233501593487546 ], [ 77.436393558245328, 23.233415093523643 ], [ 77.436261458245312, 23.233384293536488 ], [ 77.436237558245338, 23.233470793500388 ] ] ] } },
{ "type": "Feature", "properties": { }, "geometry": { "type": "Polygon", "coordinates": [ [ [ 77.43859205824532, 23.232564893878404 ], [ 77.438670958245311, 23.232583793870521 ], [ 77.438701158245308, 23.232477393914916 ], [ 77.438622258245303, 23.232458493922802 ], [ 77.43859205824532, 23.232564893878404 ] ] ] } },
{ "type": "Feature", "properties": { }, "geometry": { "type": "Polygon", "coordinates": [ [ [ 77.439071858245327, 23.232900193738491 ], [ 77.439176358245305, 23.232924593728306 ], [ 77.439205458245311, 23.232819293772252 ], [ 77.439101058245313, 23.232794893782433 ], [ 77.439071858245327, 23.232900193738491 ] ] ] } },
{ "type": "Feature", "properties": { }, "geometry": { "type": "Polygon", "coordinates": [ [ [ 77.438155358245311, 23.232755993798666 ], [ 77.438280758245313, 23.232788493785105 ], [ 77.438305058245319, 23.232709193818202 ], [ 77.438179658245318, 23.232676593831801 ], [ 77.438155358245311, 23.232755993798666 ] ] ] } },
{ "type": "Feature", "properties": { }, "geometry": { "type": "Polygon", "coordinates": [ [ [ 77.439188058245321, 23.231843094179588 ], [ 77.439259058245327, 23.231843794179291 ], [ 77.439260558245294, 23.231719494231157 ], [ 77.439189458245309, 23.231718794231455 ], [ 77.439188058245321, 23.231843094179588 ] ] ] } },
{ "type": "Feature", "properties": { }, "geometry": { "type": "Polygon", "coordinates": [ [ [ 77.438173058245312, 23.232048494093885 ], [ 77.438314258245313, 23.232076494082204 ], [ 77.438334958245292, 23.231988294119002 ], [ 77.438193858245327, 23.231960194130725 ], [ 77.438173058245312, 23.232048494093885 ] ] ] } },
{ "type": "Feature", "properties": { }, "geometry": { "type": "Polygon", "coordinates": [ [ [ 77.43890435824531, 23.231860894172161 ], [ 77.438992858245314, 23.231861794171788 ], [ 77.438994458245304, 23.231730894226406 ], [ 77.438905958245329, 23.231729994226782 ], [ 77.43890435824531, 23.231860894172161 ] ] ] } },
{ "type": "Feature", "properties": { }, "geometry": { "type": "Polygon", "coordinates": [ [ [ 77.438460358245294, 23.23277779378957 ], [ 77.438532158245323, 23.23279419378273 ], [ 77.438565758245304, 23.232669393834804 ], [ 77.438493858245309, 23.232653093841606 ], [ 77.438460358245294, 23.23277779378957 ] ] ] } },
{ "type": "Feature", "properties": { }, "geometry": { "type": "Polygon", "coordinates": [ [ [ 77.438758558245297, 23.232620693855125 ], [ 77.438834658245312, 23.232638893847529 ], [ 77.438869558245301, 23.232515993898815 ], [ 77.438793458245328, 23.232497793906401 ], [ 77.438758558245297, 23.232620693855125 ] ] ] } },
{ "type": "Feature", "properties": { }, "geometry": { "type": "Polygon", "coordinates": [ [ [ 77.438130458245311, 23.232198994031087 ], [ 77.438113658245328, 23.232267094002669 ], [ 77.438252458245316, 23.232295993990608 ], [ 77.438269258245327, 23.232227894019029 ], [ 77.438130458245311, 23.232198994031087 ] ] ] } },
{ "type": "Feature", "properties": { }, "geometry": { "type": "Polygon", "coordinates": [ [ [ 77.439397358245316, 23.231659894256033 ], [ 77.439494258245318, 23.231655994257657 ], [ 77.439487358245316, 23.231510794318243 ], [ 77.439390358245305, 23.231514694316619 ], [ 77.439397358245316, 23.231659894256033 ] ] ] } },
{ "type": "Feature", "properties": { }, "geometry": { "type": "Polygon", "coordinates": [ [ [ 77.438948958245319, 23.232740293805215 ], [ 77.438920358245326, 23.232843593762112 ], [ 77.439052658245302, 23.232874493749225 ], [ 77.43908115824533, 23.232771193792324 ], [ 77.438948958245319, 23.232740293805215 ] ] ] } },
{ "type": "Feature", "properties": { }, "geometry": { "type": "Polygon", "coordinates": [ [ [ 77.438157158245318, 23.23211929406434 ], [ 77.438293458245326, 23.232147794052448 ], [ 77.438309858245304, 23.232081494080109 ], [ 77.43817355824531, 23.232052994092008 ], [ 77.438157158245318, 23.23211929406434 ] ] ] } },
{ "type": "Feature", "properties": { }, "geometry": { "type": "Polygon", "coordinates": [ [ [ 77.438200658245322, 23.233507493485082 ], [ 77.438208158245317, 23.233374193540705 ], [ 77.438117158245305, 23.233369893542502 ], [ 77.438109758245318, 23.233503293486837 ], [ 77.438200658245322, 23.233507493485082 ] ] ] } },
{ "type": "Feature", "properties": { }, "geometry": { "type": "Polygon", "coordinates": [ [ [ 77.438423858245315, 23.23176099421385 ], [ 77.438534958245313, 23.231784294204122 ], [ 77.438548758245304, 23.23172859422737 ], [ 77.438437758245314, 23.231705294237088 ], [ 77.438423858245315, 23.23176099421385 ] ] ] } },
{ "type": "Feature", "properties": { }, "geometry": { "type": "Polygon", "coordinates": [ [ [ 77.439206358245315, 23.232170594042941 ], [ 77.439216458245326, 23.232051994092419 ], [ 77.439090858245294, 23.232042894096217 ], [ 77.439080758245325, 23.232161494046732 ], [ 77.439206358245315, 23.232170594042941 ] ] ] } },
{ "type": "Feature", "properties": { }, "geometry": { "type": "Polygon", "coordinates": [ [ [ 77.439119658245318, 23.231533194308895 ], [ 77.439126758245308, 23.231682994246388 ], [ 77.4392142582453, 23.231679394247895 ], [ 77.43920715824531, 23.231529594310402 ], [ 77.439119658245318, 23.231533194308895 ] ] ] } },
{ "type": "Feature", "properties": { }, "geometry": { "type": "Polygon", "coordinates": [ [ [ 77.438435158245312, 23.232926093727688 ], [ 77.438510858245309, 23.232938293722597 ], [ 77.438536858245314, 23.232802193779385 ], [ 77.438461158245289, 23.232789993784479 ], [ 77.438435158245312, 23.232926093727688 ] ] ] } },
{ "type": "Feature", "properties": { }, "geometry": { "type": "Polygon", "coordinates": [ [ [ 77.437993058245311, 23.233873693332267 ], [ 77.438121058245315, 23.233882393328638 ], [ 77.438129858245318, 23.233772593374461 ], [ 77.438001758245321, 23.233763993378048 ], [ 77.437993058245311, 23.233873693332267 ] ] ] } },
{ "type": "Feature", "properties": { }, "geometry": { "type": "Polygon", "coordinates": [ [ [ 77.43793785824532, 23.2334834934951 ], [ 77.438028158245302, 23.233487793493303 ], [ 77.438037058245314, 23.23332879355965 ], [ 77.437946658245338, 23.233324493561447 ], [ 77.43793785824532, 23.2334834934951 ] ] ] } },
{ "type": "Feature", "properties": { }, "geometry": { "type": "Polygon", "coordinates": [ [ [ 77.438022358245291, 23.233633493432496 ], [ 77.438107558245306, 23.233636493431245 ], [ 77.438113058245321, 23.233504893486163 ], [ 77.43802785824532, 23.233501893487414 ], [ 77.438022358245291, 23.233633493432496 ] ] ] } },
{ "type": "Feature", "properties": { }, "geometry": { "type": "Polygon", "coordinates": [ [ [ 77.439301258245322, 23.231666894253109 ], [ 77.439382058245329, 23.231663594254485 ], [ 77.439375358245329, 23.231523094313111 ], [ 77.439294558245308, 23.231526394311736 ], [ 77.439301258245322, 23.231666894253109 ] ] ] } },
{ "type": "Feature", "properties": { }, "geometry": { "type": "Polygon", "coordinates": [ [ [ 77.438293858245316, 23.231656394257488 ], [ 77.438432558245324, 23.23167969424777 ], [ 77.438456258245324, 23.231554294300093 ], [ 77.438315158245317, 23.231570494293329 ], [ 77.438293858245316, 23.231656394257488 ] ] ] } },
{ "type": "Feature", "properties": { }, "geometry": { "type": "Polygon", "coordinates": [ [ [ 77.438240258245301, 23.231831794184306 ], [ 77.438219458245328, 23.231919794147586 ], [ 77.438367458245324, 23.231949294135273 ], [ 77.438388258245325, 23.231861294171996 ], [ 77.438240258245301, 23.231831794184306 ] ] ] } },
{ "type": "Feature", "properties": { }, "geometry": { "type": "Polygon", "coordinates": [ [ [ 77.439028758245328, 23.231537894306935 ], [ 77.43903535824532, 23.231677294248769 ], [ 77.439121658245327, 23.231673794250227 ], [ 77.439115058245306, 23.231534394308394 ], [ 77.439028758245328, 23.231537894306935 ] ] ] } },
{ "type": "Feature", "properties": { }, "geometry": { "type": "Polygon", "coordinates": [ [ [ 77.438516458245317, 23.232939993721885 ], [ 77.438596258245312, 23.232952793716546 ], [ 77.438621558245302, 23.232820493771751 ], [ 77.438541658245313, 23.232807593777135 ], [ 77.438516458245317, 23.232939993721885 ] ] ] } },
{ "type": "Feature", "properties": { }, "geometry": { "type": "Polygon", "coordinates": [ [ [ 77.438028058245308, 23.232650693842604 ], [ 77.438162758245326, 23.232685593828034 ], [ 77.438191158245303, 23.232593093866637 ], [ 77.438056458245327, 23.232558093881241 ], [ 77.438028058245308, 23.232650693842604 ] ] ] } },
{ "type": "Feature", "properties": { }, "geometry": { "type": "Polygon", "coordinates": [ [ [ 77.437818658245305, 23.233866693335191 ], [ 77.437951458245323, 23.23387279333264 ], [ 77.437957858245326, 23.233755993381379 ], [ 77.437825058245309, 23.233749793383968 ], [ 77.437818658245305, 23.233866693335191 ] ] ] } },
{ "type": "Feature", "properties": { }, "geometry": { "type": "Polygon", "coordinates": [ [ [ 77.438417058245307, 23.231767194211262 ], [ 77.438396458245307, 23.231856094174166 ], [ 77.438522658245304, 23.231880694163905 ], [ 77.438543258245303, 23.231791794200994 ], [ 77.438417058245307, 23.231767194211262 ] ] ] } },
{ "type": "Feature", "properties": { }, "geometry": { "type": "Polygon", "coordinates": [ [ [ 77.439023858245307, 23.232370393959563 ], [ 77.439153258245312, 23.232386393952883 ], [ 77.439162558245314, 23.232323093979304 ], [ 77.439033158245309, 23.232307093985977 ], [ 77.439023858245307, 23.232370393959563 ] ] ] } },
{ "type": "Feature", "properties": { }, "geometry": { "type": "Polygon", "coordinates": [ [ [ 77.438832758245326, 23.233208493609844 ], [ 77.438968058245308, 23.233240093596667 ], [ 77.43899155824532, 23.233155193632093 ], [ 77.438856258245309, 23.233123593645278 ], [ 77.438832758245326, 23.233208493609844 ] ] ] } },
{ "type": "Feature", "properties": { }, "geometry": { "type": "Polygon", "coordinates": [ [ [ 77.43883015824531, 23.23350469348625 ], [ 77.438925858245312, 23.233509193484373 ], [ 77.438933858245306, 23.233365793544206 ], [ 77.43883805824531, 23.233361293546093 ], [ 77.43883015824531, 23.23350469348625 ] ] ] } },
{ "type": "Feature", "properties": { }, "geometry": { "type": "Polygon", "coordinates": [ [ [ 77.436516458245322, 23.23350469348625 ], [ 77.436556058245301, 23.233375293540249 ], [ 77.436458458245312, 23.233350093550762 ], [ 77.436418858245318, 23.233479493496763 ], [ 77.436516458245322, 23.23350469348625 ] ] ] } },
{ "type": "Feature", "properties": { }, "geometry": { "type": "Polygon", "coordinates": [ [ [ 77.438581958245322, 23.232565193878283 ], [ 77.438612858245321, 23.232456193923767 ], [ 77.438541558245305, 23.232439193930858 ], [ 77.438510658245306, 23.23254809388542 ], [ 77.438581958245322, 23.232565193878283 ] ] ] } },
{ "type": "Feature", "properties": { }, "geometry": { "type": "Polygon", "coordinates": [ [ [ 77.439009758245291, 23.233111493650327 ], [ 77.439144358245315, 23.233142893637218 ], [ 77.439164358245321, 23.233070593667392 ], [ 77.439029758245312, 23.233039093680535 ], [ 77.439009758245291, 23.233111493650327 ] ] ] } },
{ "type": "Feature", "properties": { }, "geometry": { "type": "Polygon", "coordinates": [ [ [ 77.438172158245322, 23.232670193834466 ], [ 77.438296558245312, 23.232702493820995 ], [ 77.438323858245312, 23.232613693858045 ], [ 77.438199458245322, 23.232581393871524 ], [ 77.438172158245322, 23.232670193834466 ] ] ] } },
{ "type": "Feature", "properties": { }, "geometry": { "type": "Polygon", "coordinates": [ [ [ 77.439082958245308, 23.231858394173205 ], [ 77.43917515824532, 23.231859294172832 ], [ 77.439176858245304, 23.231714794233124 ], [ 77.439084758245315, 23.231713894233497 ], [ 77.439082958245308, 23.231858394173205 ] ] ] } },
{ "type": "Feature", "properties": { }, "geometry": { "type": "Polygon", "coordinates": [ [ [ 77.439146458245304, 23.232588893868385 ], [ 77.439300458245327, 23.232606493861049 ], [ 77.439311858245304, 23.23252259389605 ], [ 77.439157858245338, 23.232504893903446 ], [ 77.439146458245304, 23.232588893868385 ] ] ] } },
{ "type": "Feature", "properties": { }, "geometry": { "type": "Polygon", "coordinates": [ [ [ 77.438626058245305, 23.232814893774091 ], [ 77.438697958245314, 23.232831293767248 ], [ 77.438731758245311, 23.232705693819661 ], [ 77.438659858245316, 23.232689393826458 ], [ 77.438626058245305, 23.232814893774091 ] ] ] } },
{ "type": "Feature", "properties": { }, "geometry": { "type": "Polygon", "coordinates": [ [ [ 77.437904558245322, 23.233132993641352 ], [ 77.438035358245315, 23.23316689362721 ], [ 77.438059358245312, 23.233088693659845 ], [ 77.437928558245318, 23.233054793673986 ], [ 77.437904558245322, 23.233132993641352 ] ] ] } },
{ "type": "Feature", "properties": { }, "geometry": { "type": "Polygon", "coordinates": [ [ [ 77.438710958245323, 23.232451893925557 ], [ 77.43878155824531, 23.232468893918462 ], [ 77.438819058245329, 23.23233729397338 ], [ 77.438748458245328, 23.232320293980468 ], [ 77.438710958245323, 23.232451893925557 ] ] ] } },
{ "type": "Feature", "properties": { }, "geometry": { "type": "Polygon", "coordinates": [ [ [ 77.438818258245306, 23.233289993575838 ], [ 77.438944758245313, 23.233319593563493 ], [ 77.438965758245317, 23.233243593595205 ], [ 77.438839258245324, 23.233213993607549 ], [ 77.438818258245306, 23.233289993575838 ] ] ] } },
{ "type": "Feature", "properties": { }, "geometry": { "type": "Polygon", "coordinates": [ [ [ 77.438566558245313, 23.233509293484328 ], [ 77.438645158245322, 23.233512993482787 ], [ 77.43865325824531, 23.233367493543501 ], [ 77.438574758245323, 23.233363793545045 ], [ 77.438566558245313, 23.233509293484328 ] ] ] } },
{ "type": "Feature", "properties": { }, "geometry": { "type": "Polygon", "coordinates": [ [ [ 77.438681558245321, 23.232603393862341 ], [ 77.438753658245318, 23.232620693855125 ], [ 77.438787758245326, 23.23250059390524 ], [ 77.438715658245314, 23.232483293912455 ], [ 77.438681558245321, 23.232603393862341 ] ] ] } },
{ "type": "Feature", "properties": { }, "geometry": { "type": "Polygon", "coordinates": [ [ [ 77.439016258245303, 23.233029293684627 ], [ 77.439167858245327, 23.233064693669849 ], [ 77.439198758245325, 23.232952793716546 ], [ 77.43904725824531, 23.232917393731324 ], [ 77.439016258245303, 23.233029293684627 ] ] ] } },
{ "type": "Feature", "properties": { }, "geometry": { "type": "Polygon", "coordinates": [ [ [ 77.438124758245308, 23.232853693757903 ], [ 77.438250458245321, 23.232886293744297 ], [ 77.438277858245328, 23.232797093781517 ], [ 77.438152158245302, 23.23276449379512 ], [ 77.438124758245308, 23.232853693757903 ] ] ] } },
{ "type": "Feature", "properties": { }, "geometry": { "type": "Polygon", "coordinates": [ [ [ 77.438291258245314, 23.233507793484957 ], [ 77.438372958245324, 23.233511593483367 ], [ 77.438380958245318, 23.233368093543241 ], [ 77.438299258245308, 23.23336419354488 ], [ 77.438291258245314, 23.233507793484957 ] ] ] } },
{ "type": "Feature", "properties": { }, "geometry": { "type": "Polygon", "coordinates": [ [ [ 77.439004958245306, 23.231859694172663 ], [ 77.439074958245314, 23.231860394172372 ], [ 77.439076658245327, 23.231722094230076 ], [ 77.43900655824531, 23.231721394230366 ], [ 77.439004958245306, 23.231859694172663 ] ] ] } },
{ "type": "Feature", "properties": { }, "geometry": { "type": "Polygon", "coordinates": [ [ [ 77.438541758245321, 23.232796293781853 ], [ 77.438619758245324, 23.232813993774467 ], [ 77.438654158245299, 23.232685993827875 ], [ 77.43857625824532, 23.232668193835302 ], [ 77.438541758245321, 23.232796293781853 ] ] ] } },
{ "type": "Feature", "properties": { }, "geometry": { "type": "Polygon", "coordinates": [ [ [ 77.43878825824531, 23.232470093917964 ], [ 77.438875658245323, 23.2324910939092 ], [ 77.438914658245309, 23.232354093966372 ], [ 77.438827258245311, 23.232333093975136 ], [ 77.43878825824531, 23.232470093917964 ] ] ] } },
{ "type": "Feature", "properties": { }, "geometry": { "type": "Polygon", "coordinates": [ [ [ 77.439234358245315, 23.232043094096134 ], [ 77.439396958245325, 23.232054194091507 ], [ 77.439406458245315, 23.231936794140491 ], [ 77.43924385824532, 23.231925694145122 ], [ 77.439234358245315, 23.232043094096134 ] ] ] } },
{ "type": "Feature", "properties": { }, "geometry": { "type": "Polygon", "coordinates": [ [ [ 77.438157258245326, 23.232121294063507 ], [ 77.438137758245304, 23.232194694032881 ], [ 77.438271658245313, 23.232224594020405 ], [ 77.438291058245326, 23.232151294050986 ], [ 77.438157258245326, 23.232121294063507 ] ] ] } },
{ "type": "Feature", "properties": { }, "geometry": { "type": "Polygon", "coordinates": [ [ [ 77.438442258245303, 23.231703894237675 ], [ 77.438559158245326, 23.23172969422691 ], [ 77.43859635824532, 23.231587594286204 ], [ 77.438479458245325, 23.231561794296965 ], [ 77.438442258245303, 23.231703894237675 ] ] ] } },
{ "type": "Feature", "properties": { }, "geometry": { "type": "Polygon", "coordinates": [ [ [ 77.437802058245325, 23.23346889350119 ], [ 77.437796358245322, 23.233606893443607 ], [ 77.437902958245303, 23.233610693442017 ], [ 77.437908758245314, 23.2334726934996 ], [ 77.437802058245325, 23.23346889350119 ] ] ] } },
{ "type": "Feature", "properties": { }, "geometry": { "type": "Polygon", "coordinates": [ [ [ 77.438656858245309, 23.231676794248976 ], [ 77.438770958245314, 23.231682294246685 ], [ 77.438763958245318, 23.231535594307893 ], [ 77.438706258245304, 23.231541294305519 ], [ 77.438656858245309, 23.231676794248976 ] ] ] } },
{ "type": "Feature", "properties": { }, "geometry": { "type": "Polygon", "coordinates": [ [ [ 77.438341058245314, 23.232028994102023 ], [ 77.438453158245295, 23.232052894092046 ], [ 77.438471358245309, 23.231980694122171 ], [ 77.438359358245322, 23.231956794132145 ], [ 77.438341058245314, 23.232028994102023 ] ] ] } },
{ "type": "Feature", "properties": { }, "geometry": { "type": "Polygon", "coordinates": [ [ [ 77.438207958245314, 23.23350759348504 ], [ 77.438283558245303, 23.233511093483578 ], [ 77.438291358245323, 23.233371393541873 ], [ 77.438215758245306, 23.233367893543328 ], [ 77.438207958245314, 23.23350759348504 ] ] ] } },
{ "type": "Feature", "properties": { }, "geometry": { "type": "Polygon", "coordinates": [ [ [ 77.43922805824532, 23.23216319404602 ], [ 77.439367858245319, 23.232173894041555 ], [ 77.439378258245313, 23.232059294089378 ], [ 77.439238458245313, 23.232048594093847 ], [ 77.43922805824532, 23.23216319404602 ] ] ] } },
{ "type": "Feature", "properties": { }, "geometry": { "type": "Polygon", "coordinates": [ [ [ 77.438344258245323, 23.232915193732236 ], [ 77.438426858245322, 23.232928493726686 ], [ 77.438454158245321, 23.232785893786186 ], [ 77.438371558245308, 23.232772493791785 ], [ 77.438344258245323, 23.232915193732236 ] ] ] } },
{ "type": "Feature", "properties": { }, "geometry": { "type": "Polygon", "coordinates": [ [ [ 77.438041958245321, 23.233165693627704 ], [ 77.438163958245312, 23.233197393614486 ], [ 77.438187758245306, 23.233120193646691 ], [ 77.438065658245307, 23.233088593659883 ], [ 77.438041958245321, 23.233165693627704 ] ] ] } },
{ "type": "Feature", "properties": { }, "geometry": { "type": "Polygon", "coordinates": [ [ [ 77.438166358245311, 23.23389219332455 ], [ 77.4383125582453, 23.233903293319916 ], [ 77.43832235824533, 23.233793893365569 ], [ 77.438176158245327, 23.233782793370199 ], [ 77.438166358245311, 23.23389219332455 ] ] ] } },
{ "type": "Feature", "properties": { }, "geometry": { "type": "Polygon", "coordinates": [ [ [ 77.438280358245308, 23.232255694007424 ], [ 77.438401058245304, 23.232280393997119 ], [ 77.438419958245319, 23.232202594029584 ], [ 77.438299258245308, 23.232177794039931 ], [ 77.438280358245308, 23.232255694007424 ] ] ] } },
{ "type": "Feature", "properties": { }, "geometry": { "type": "Polygon", "coordinates": [ [ [ 77.437905758245321, 23.233630093433923 ], [ 77.438016458245315, 23.233633993432299 ], [ 77.438022358245291, 23.233491493491751 ], [ 77.437911658245341, 23.233487593493386 ], [ 77.437905758245321, 23.233630093433923 ] ] ] } },
{ "type": "Feature", "properties": { }, "geometry": { "type": "Polygon", "coordinates": [ [ [ 77.438730658245319, 23.231733194225445 ], [ 77.438729158245337, 23.231861094172078 ], [ 77.438817658245299, 23.231861894171747 ], [ 77.438819158245323, 23.231734094225068 ], [ 77.438730658245319, 23.231733194225445 ] ] ] } },
{ "type": "Feature", "properties": { }, "geometry": { "type": "Polygon", "coordinates": [ [ [ 77.438323058245302, 23.232100494072185 ], [ 77.438435458245294, 23.232124094062335 ], [ 77.438452158245312, 23.232056794090422 ], [ 77.438339758245334, 23.232033094100309 ], [ 77.438323058245302, 23.232100494072185 ] ] ] } },
{ "type": "Feature", "properties": { }, "geometry": { "type": "Polygon", "coordinates": [ [ [ 77.438749758245308, 23.233509293484328 ], [ 77.438826358245322, 23.233512893482825 ], [ 77.43883395824534, 23.23337679353962 ], [ 77.438757358245311, 23.233373193541123 ], [ 77.438749758245308, 23.233509293484328 ] ] ] } },
{ "type": "Feature", "properties": { }, "geometry": { "type": "Polygon", "coordinates": [ [ [ 77.438014958245319, 23.23326099358794 ], [ 77.438140558245308, 23.233293593574338 ], [ 77.438167758245328, 23.233205093611264 ], [ 77.43804215824531, 23.23317249362487 ], [ 77.438014958245319, 23.23326099358794 ] ] ] } },
{ "type": "Feature", "properties": { }, "geometry": { "type": "Polygon", "coordinates": [ [ [ 77.439356258245311, 23.231854694174746 ], [ 77.439464758245322, 23.23185579417429 ], [ 77.439466558245343, 23.231707894235999 ], [ 77.439357958245324, 23.231706794236462 ], [ 77.439356258245311, 23.231854694174746 ] ] ] } },
{ "type": "Feature", "properties": { }, "geometry": { "type": "Polygon", "coordinates": [ [ [ 77.438298958245312, 23.232174194041431 ], [ 77.438422058245322, 23.232201094030209 ], [ 77.438440758245306, 23.232128894060335 ], [ 77.438317658245325, 23.232101994071559 ], [ 77.438298958245312, 23.232174194041431 ] ] ] } },
{ "type": "Feature", "properties": { }, "geometry": { "type": "Polygon", "coordinates": [ [ [ 77.438551158245289, 23.232416493940327 ], [ 77.438630358245305, 23.232435493932403 ], [ 77.438668958245316, 23.232299693989066 ], [ 77.438589758245314, 23.232280693996994 ], [ 77.438551158245289, 23.232416493940327 ] ] ] } },
{ "type": "Feature", "properties": { }, "geometry": { "type": "Polygon", "coordinates": [ [ [ 77.439003758245306, 23.232468093918797 ], [ 77.439142558245322, 23.23248569391146 ], [ 77.439156858245312, 23.232390193951307 ], [ 77.439018058245324, 23.232372693958599 ], [ 77.439003758245306, 23.232468093918797 ] ] ] } },
{ "type": "Feature", "properties": { }, "geometry": { "type": "Polygon", "coordinates": [ [ [ 77.438863458245308, 23.233120093646733 ], [ 77.438983458245318, 23.233148093635052 ], [ 77.439009558245303, 23.233053393674567 ], [ 77.438889658245301, 23.233025393686255 ], [ 77.438863458245308, 23.233120093646733 ] ] ] } },
{ "type": "Feature", "properties": { }, "geometry": { "type": "Polygon", "coordinates": [ [ [ 77.438932858245323, 23.233504393486371 ], [ 77.438993758245303, 23.233507193485206 ], [ 77.439001458245329, 23.233368093543241 ], [ 77.438940658245315, 23.233365193544454 ], [ 77.438932858245323, 23.233504393486371 ] ] ] } },
{ "type": "Feature", "properties": { }, "geometry": { "type": "Polygon", "coordinates": [ [ [ 77.438163258245311, 23.233656693422819 ], [ 77.438242358245319, 23.233659493421651 ], [ 77.438247958245327, 23.233525893477399 ], [ 77.438168858245319, 23.233523093478571 ], [ 77.438163258245311, 23.233656693422819 ] ] ] } },
{ "type": "Feature", "properties": { }, "geometry": { "type": "Polygon", "coordinates": [ [ [ 77.436385358245303, 23.233271993583351 ], [ 77.436607958245304, 23.233316993564571 ], [ 77.436629558245315, 23.233226793602213 ], [ 77.436406958245314, 23.233181793620986 ], [ 77.436385358245303, 23.233271993583351 ] ] ] } },
{ "type": "Feature", "properties": { }, "geometry": { "type": "Polygon", "coordinates": [ [ [ 77.439157858245338, 23.232499393905741 ], [ 77.439311458245314, 23.23251789389802 ], [ 77.439328558245322, 23.232398293947927 ], [ 77.439174858245309, 23.232379793955644 ], [ 77.439157858245338, 23.232499393905741 ] ] ] } },
{ "type": "Feature", "properties": { }, "geometry": { "type": "Polygon", "coordinates": [ [ [ 77.438290158245323, 23.23166169425528 ], [ 77.438270558245335, 23.23173939422286 ], [ 77.438414758245329, 23.231770094210052 ], [ 77.438434358245303, 23.231692394242465 ], [ 77.438290158245323, 23.23166169425528 ] ] ] } },
{ "type": "Feature", "properties": { }, "geometry": { "type": "Polygon", "coordinates": [ [ [ 77.439003958245323, 23.233117093647987 ], [ 77.438958758245306, 23.233280493579805 ], [ 77.439117358245326, 23.233317493564364 ], [ 77.439162458245306, 23.233154093632546 ], [ 77.439003958245323, 23.233117093647987 ] ] ] } },
{ "type": "Feature", "properties": { }, "geometry": { "type": "Polygon", "coordinates": [ [ [ 77.438645958245317, 23.23186569417016 ], [ 77.438717758245303, 23.231866494169829 ], [ 77.438719458245316, 23.231721694230242 ], [ 77.438647658245316, 23.231720994230532 ], [ 77.438645958245317, 23.23186569417016 ] ] ] } },
{ "type": "Feature", "properties": { }, "geometry": { "type": "Polygon", "coordinates": [ [ [ 77.438777158245315, 23.231681794246892 ], [ 77.438856758245308, 23.231678594248237 ], [ 77.438850058245322, 23.231538494306683 ], [ 77.43877045824533, 23.231541694305349 ], [ 77.438777158245315, 23.231681794246892 ] ] ] } },
{ "type": "Feature", "properties": { }, "geometry": { "type": "Polygon", "coordinates": [ [ [ 77.438704658245314, 23.232839293763909 ], [ 77.438809258245314, 23.232862993754019 ], [ 77.438845858245301, 23.232727193810685 ], [ 77.438741258245301, 23.232703393820618 ], [ 77.438704658245314, 23.232839293763909 ] ] ] } },
{ "type": "Feature", "properties": { }, "geometry": { "type": "Polygon", "coordinates": [ [ [ 77.437931458245316, 23.232972193708452 ], [ 77.438052058245304, 23.233003493695396 ], [ 77.438082858245323, 23.232903393737161 ], [ 77.437962258245307, 23.232872093750228 ], [ 77.437931458245316, 23.232972193708452 ] ] ] } },
{ "type": "Feature", "properties": { }, "geometry": { "type": "Polygon", "coordinates": [ [ [ 77.438638458245308, 23.232435593932358 ], [ 77.438703758245325, 23.232451293925809 ], [ 77.438741858245308, 23.232317593981598 ], [ 77.438676558245291, 23.232301893988144 ], [ 77.438638458245308, 23.232435593932358 ] ] ] } },
{ "type": "Feature", "properties": { }, "geometry": { "type": "Polygon", "coordinates": [ [ [ 77.438650258245318, 23.233508293484743 ], [ 77.438739758245305, 23.233512493482991 ], [ 77.438747758245313, 23.233368893542924 ], [ 77.438658258245326, 23.233364693544665 ], [ 77.438650258245318, 23.233508293484743 ] ] ] } },
{ "type": "Feature", "properties": { }, "geometry": { "type": "Polygon", "coordinates": [ [ [ 77.438241758245312, 23.231827294186175 ], [ 77.43838765824529, 23.231857794173454 ], [ 77.438408958245304, 23.231771594209423 ], [ 77.438263158245306, 23.231741094222144 ], [ 77.438241758245312, 23.231827294186175 ] ] ] } },
{ "type": "Feature", "properties": { }, "geometry": { "type": "Polygon", "coordinates": [ [ [ 77.438377158245288, 23.233507493485082 ], [ 77.438474258245321, 23.233512093483156 ], [ 77.43848225824533, 23.233367893543328 ], [ 77.438385158245325, 23.233363393545211 ], [ 77.438377158245288, 23.233507493485082 ] ] ] } },
{ "type": "Feature", "properties": { }, "geometry": { "type": "Polygon", "coordinates": [ [ [ 77.439037358245329, 23.232297493989989 ], [ 77.439177658245313, 23.232317993981429 ], [ 77.439190758245303, 23.232242194013065 ], [ 77.439050558245313, 23.232221694021618 ], [ 77.439037358245329, 23.232297493989989 ] ] ] } },
{ "type": "Feature", "properties": { }, "geometry": { "type": "Polygon", "coordinates": [ [ [ 77.439104558245305, 23.232038494098056 ], [ 77.439227158245302, 23.23204879409376 ], [ 77.439237958245315, 23.231940594138909 ], [ 77.439115358245289, 23.231930194143246 ], [ 77.439104558245305, 23.232038494098056 ] ] ] } },
{ "type": "Feature", "properties": { }, "geometry": { "type": "Polygon", "coordinates": [ [ [ 77.438084258245311, 23.2329799937052 ], [ 77.438214258245324, 23.233013693691138 ], [ 77.438238258245306, 23.232935593723724 ], [ 77.438108258245322, 23.232901893737786 ], [ 77.438084258245311, 23.2329799937052 ] ] ] } },
{ "type": "Feature", "properties": { }, "geometry": { "type": "Polygon", "coordinates": [ [ [ 77.438825558245327, 23.231861194172033 ], [ 77.438899858245321, 23.231861994171705 ], [ 77.438901358245317, 23.231732894225569 ], [ 77.438827158245317, 23.23173219422587 ], [ 77.438825558245327, 23.231861194172033 ] ] ] } },
{ "type": "Feature", "properties": { }, "geometry": { "type": "Polygon", "coordinates": [ [ [ 77.438366358245304, 23.232758293797705 ], [ 77.438453058245329, 23.232778093789445 ], [ 77.438486558245302, 23.232653693841346 ], [ 77.438399858245319, 23.232633993849571 ], [ 77.438366358245304, 23.232758293797705 ] ] ] } },
{ "type": "Feature", "properties": { }, "geometry": { "type": "Polygon", "coordinates": [ [ [ 77.437807358245308, 23.233315593565159 ], [ 77.437799158245326, 23.23346189350411 ], [ 77.437930958245303, 23.233468093501518 ], [ 77.437939158245314, 23.23332179356257 ], [ 77.437807358245308, 23.233315593565159 ] ] ] } },
{ "type": "Feature", "properties": { }, "geometry": { "type": "Polygon", "coordinates": [ [ [ 77.438222458245306, 23.232526793894309 ], [ 77.438354058245324, 23.232549693884746 ], [ 77.438373058245304, 23.232457393923262 ], [ 77.438241458245315, 23.232434493932814 ], [ 77.438222458245306, 23.232526793894309 ] ] ] } },
{ "type": "Feature", "properties": { }, "geometry": { "type": "Polygon", "coordinates": [ [ [ 77.435827158245317, 23.233392493533067 ], [ 77.435919358245329, 23.233418993522008 ], [ 77.435948358245312, 23.233333793557563 ], [ 77.435856158245329, 23.233307293568618 ], [ 77.435827158245317, 23.233392493533067 ] ] ] } },
{ "type": "Feature", "properties": { }, "geometry": { "type": "Polygon", "coordinates": [ [ [ 77.439188158245315, 23.23237829395627 ], [ 77.439329558245305, 23.232393893949762 ], [ 77.439342658245323, 23.232294093991403 ], [ 77.439201158245325, 23.232278493997914 ], [ 77.439188158245315, 23.23237829395627 ] ] ] } },
{ "type": "Feature", "properties": { }, "geometry": { "type": "Polygon", "coordinates": [ [ [ 77.438059958245319, 23.233080893663089 ], [ 77.438184658245305, 23.233113293649577 ], [ 77.438209358245302, 23.233032693683203 ], [ 77.438084658245302, 23.233000393696685 ], [ 77.438059958245319, 23.233080893663089 ] ] ] } },
{ "type": "Feature", "properties": { }, "geometry": { "type": "Polygon", "coordinates": [ [ [ 77.438038658245304, 23.233463393503481 ], [ 77.438099858245309, 23.233466293502275 ], [ 77.438105758245328, 23.233360293546504 ], [ 77.438044558245309, 23.23335739354771 ], [ 77.438038658245304, 23.233463393503481 ] ] ] } },
{ "type": "Feature", "properties": { }, "geometry": { "type": "Polygon", "coordinates": [ [ [ 77.438248658245314, 23.232351493967453 ], [ 77.438370558245325, 23.232377793956481 ], [ 77.438393358245307, 23.232288293993825 ], [ 77.438271458245325, 23.232261994004801 ], [ 77.438248658245314, 23.232351493967453 ] ] ] } },
{ "type": "Feature", "properties": { }, "geometry": { "type": "Polygon", "coordinates": [ [ [ 77.438352758245315, 23.233913793315534 ], [ 77.438487558245328, 23.233920593312696 ], [ 77.438494458245316, 23.233805093360896 ], [ 77.438359658245304, 23.233798293363733 ], [ 77.438352758245315, 23.233913793315534 ] ] ] } },
{ "type": "Feature", "properties": { }, "geometry": { "type": "Polygon", "coordinates": [ [ [ 77.439003158245328, 23.233494393490538 ], [ 77.439087658245313, 23.233498393488883 ], [ 77.439094858245312, 23.233369993542457 ], [ 77.439010258245318, 23.23336599354413 ], [ 77.439003158245328, 23.233494393490538 ] ] ] } },
{ "type": "Feature", "properties": { }, "geometry": { "type": "Polygon", "coordinates": [ [ [ 77.438714258245327, 23.23366769341823 ], [ 77.438801958245293, 23.233670793416938 ], [ 77.43880765824531, 23.233534493473812 ], [ 77.438719958245315, 23.233531393475111 ], [ 77.438714258245327, 23.23366769341823 ] ] ] } },
{ "type": "Feature", "properties": { }, "geometry": { "type": "Polygon", "coordinates": [ [ [ 77.435728758245318, 23.233376293539823 ], [ 77.435816558245307, 23.233396993531187 ], [ 77.435841158245324, 23.233309193567827 ], [ 77.435753258245327, 23.233288493576467 ], [ 77.435728758245318, 23.233376293539823 ] ] ] } },
{ "type": "Feature", "properties": { }, "geometry": { "type": "Polygon", "coordinates": [ [ [ 77.439298158245322, 23.231664094254274 ], [ 77.439291458245293, 23.231522394313398 ], [ 77.439211658245327, 23.231525594312068 ], [ 77.439218358245299, 23.231667294252944 ], [ 77.439298158245322, 23.231664094254274 ] ] ] } },
{ "type": "Feature", "properties": { }, "geometry": { "type": "Polygon", "coordinates": [ [ [ 77.43894465824529, 23.231536194307647 ], [ 77.438951058245294, 23.231670194251727 ], [ 77.439030658245315, 23.231666994253064 ], [ 77.439024258245311, 23.231532994308985 ], [ 77.43894465824529, 23.231536194307647 ] ] ] } },
{ "type": "Feature", "properties": { }, "geometry": { "type": "Polygon", "coordinates": [ [ [ 77.438601458245302, 23.232948293718422 ], [ 77.438668058245327, 23.232958993713957 ], [ 77.438691058245311, 23.232838593764203 ], [ 77.438624458245314, 23.232827893768668 ], [ 77.438601458245302, 23.232948293718422 ] ] ] } },
{ "type": "Feature", "properties": { }, "geometry": { "type": "Polygon", "coordinates": [ [ [ 77.438034658245329, 23.232655093840773 ], [ 77.438012258245323, 23.232728093810309 ], [ 77.438147358245288, 23.232763093795707 ], [ 77.438169758245323, 23.232690093826161 ], [ 77.438034658245329, 23.232655093840773 ] ] ] } },
{ "type": "Feature", "properties": { }, "geometry": { "type": "Polygon", "coordinates": [ [ [ 77.438458258245319, 23.23239359394988 ], [ 77.43854195824531, 23.232413693941499 ], [ 77.438580358245318, 23.232278593997872 ], [ 77.438496658245327, 23.23225849400626 ], [ 77.438458258245319, 23.23239359394988 ] ] ] } },
{ "type": "Feature", "properties": { }, "geometry": { "type": "Polygon", "coordinates": [ [ [ 77.438378158245328, 23.23193419414158 ], [ 77.438481958245319, 23.231954294133189 ], [ 77.438498758245316, 23.231880694163905 ], [ 77.43839505824532, 23.231860694172248 ], [ 77.438378158245328, 23.23193419414158 ] ] ] } },
{ "type": "Feature", "properties": { }, "geometry": { "type": "Polygon", "coordinates": [ [ [ 77.438256158245338, 23.233667193418437 ], [ 77.438353058245312, 23.23367059341702 ], [ 77.438358958245317, 23.233529493475899 ], [ 77.438261958245306, 23.233526093477323 ], [ 77.438256158245338, 23.233667193418437 ] ] ] } },
{ "type": "Feature", "properties": { }, "geometry": { "type": "Polygon", "coordinates": [ [ [ 77.435501958245311, 23.233303193570332 ], [ 77.43558725824532, 23.233329493559356 ], [ 77.435616758245317, 23.233248593593114 ], [ 77.435691058245311, 23.233271493583558 ], [ 77.435747458245302, 23.233116993648032 ], [ 77.435674458245316, 23.233094493657422 ], [ 77.435699058245305, 23.233027193685505 ], [ 77.435612358245322, 23.23300049369664 ], [ 77.435501958245311, 23.233303193570332 ] ] ] } },
{ "type": "Feature", "properties": { }, "geometry": { "type": "Polygon", "coordinates": [ [ [ 77.435436258245318, 23.233285293577804 ], [ 77.435565658245338, 23.232987693701986 ], [ 77.435471158245321, 23.232952993716459 ], [ 77.435441058245331, 23.233022193687582 ], [ 77.435364558245311, 23.232994193699273 ], [ 77.435297158245319, 23.233149293634554 ], [ 77.435390258245306, 23.233183493620277 ], [ 77.435358358245324, 23.233256693589738 ], [ 77.435436258245318, 23.233285293577804 ] ] ] } },
{ "type": "Feature", "properties": { }, "geometry": { "type": "Polygon", "coordinates": [ [ [ 77.44330595824529, 23.237759091710789 ], [ 77.443204658245293, 23.237753291713211 ], [ 77.443197058245318, 23.237866291666045 ], [ 77.443298358245315, 23.237872091663629 ], [ 77.44330595824529, 23.237759091710789 ] ] ] } },
{ "type": "Feature", "properties": { }, "geometry": { "type": "Polygon", "coordinates": [ [ [ 77.443843458245311, 23.237362391876356 ], [ 77.443749858245326, 23.237358891877822 ], [ 77.443744758245288, 23.237473591829946 ], [ 77.44383845824531, 23.237477091828481 ], [ 77.443843458245311, 23.237362391876356 ] ] ] } },
{ "type": "Feature", "properties": { }, "geometry": { "type": "Polygon", "coordinates": [ [ [ 77.443792858245317, 23.237791991697062 ], [ 77.443786158245288, 23.237891791655404 ], [ 77.443891858245308, 23.237897791652905 ], [ 77.443898558245323, 23.237797991694549 ], [ 77.443792858245317, 23.237791991697062 ] ] ] } },
{ "type": "Feature", "properties": { }, "geometry": { "type": "Polygon", "coordinates": [ [ [ 77.442967558245314, 23.237948691631654 ], [ 77.442960658245326, 23.238048991589793 ], [ 77.443111458245312, 23.238057691586164 ], [ 77.443118258245306, 23.237957391628029 ], [ 77.442967558245314, 23.237948691631654 ] ] ] } },
{ "type": "Feature", "properties": { }, "geometry": { "type": "Polygon", "coordinates": [ [ [ 77.443207858245302, 23.236847392091288 ], [ 77.443090058245318, 23.236839992094378 ], [ 77.443083858245316, 23.236923792059404 ], [ 77.443201658245329, 23.236931092056352 ], [ 77.443207858245302, 23.236847392091288 ] ] ] } },
{ "type": "Feature", "properties": { }, "geometry": { "type": "Polygon", "coordinates": [ [ [ 77.444032158245307, 23.238437691427567 ], [ 77.444191158245317, 23.238435191428607 ], [ 77.444189758245315, 23.238363691458449 ], [ 77.444030858245313, 23.238366091457443 ], [ 77.444032158245307, 23.238437691427567 ] ] ] } },
{ "type": "Feature", "properties": { }, "geometry": { "type": "Polygon", "coordinates": [ [ [ 77.443125258245317, 23.238078291577569 ], [ 77.443118758245305, 23.238155391545384 ], [ 77.443254558245314, 23.23816509154134 ], [ 77.443261058245312, 23.238087991573515 ], [ 77.443125258245317, 23.238078291577569 ] ] ] } },
{ "type": "Feature", "properties": { }, "geometry": { "type": "Polygon", "coordinates": [ [ [ 77.443582558245311, 23.237327091891085 ], [ 77.443495858245313, 23.237325991891545 ], [ 77.443494158245315, 23.237446191841386 ], [ 77.44358095824532, 23.237447191840964 ], [ 77.443582558245311, 23.237327091891085 ] ] ] } },
{ "type": "Feature", "properties": { }, "geometry": { "type": "Polygon", "coordinates": [ [ [ 77.443466858245316, 23.237554491796182 ], [ 77.443454058245308, 23.237702291734497 ], [ 77.443554058245326, 23.237709691731407 ], [ 77.443566958245327, 23.237561891793092 ], [ 77.443466858245316, 23.237554491796182 ] ] ] } },
{ "type": "Feature", "properties": { }, "geometry": { "type": "Polygon", "coordinates": [ [ [ 77.44405795824531, 23.238569091372721 ], [ 77.444071858245309, 23.23863379134572 ], [ 77.444218058245326, 23.238607391356734 ], [ 77.444204158245313, 23.238542691383735 ], [ 77.44405795824531, 23.238569091372721 ] ] ] } },
{ "type": "Feature", "properties": { }, "geometry": { "type": "Polygon", "coordinates": [ [ [ 77.442518458245317, 23.238169991539298 ], [ 77.442514158245316, 23.23825309150461 ], [ 77.442642458245302, 23.238258691502271 ], [ 77.442646758245317, 23.238175491536992 ], [ 77.442518458245317, 23.238169991539298 ] ] ] } },
{ "type": "Feature", "properties": { }, "geometry": { "type": "Polygon", "coordinates": [ [ [ 77.443188558245325, 23.237740791718426 ], [ 77.443093758245311, 23.237735391720683 ], [ 77.443085358245312, 23.237860491668471 ], [ 77.443180058245318, 23.237865891666214 ], [ 77.443188558245325, 23.237740791718426 ] ] ] } },
{ "type": "Feature", "properties": { }, "geometry": { "type": "Polygon", "coordinates": [ [ [ 77.444033258245327, 23.237236191929028 ], [ 77.444025358245312, 23.237360191877272 ], [ 77.444108158245314, 23.237364691875396 ], [ 77.444116158245308, 23.237240691927148 ], [ 77.444033258245327, 23.237236191929028 ] ] ] } },
{ "type": "Feature", "properties": { }, "geometry": { "type": "Polygon", "coordinates": [ [ [ 77.442921958245307, 23.238515091395264 ], [ 77.442915958245322, 23.238603391358406 ], [ 77.44302675824531, 23.238609791355739 ], [ 77.443032858245317, 23.238521491392589 ], [ 77.442921958245307, 23.238515091395264 ] ] ] } },
{ "type": "Feature", "properties": { }, "geometry": { "type": "Polygon", "coordinates": [ [ [ 77.444042958245319, 23.238294091487504 ], [ 77.444042358245312, 23.238353491462707 ], [ 77.444186458245312, 23.238354691462209 ], [ 77.444187058245319, 23.238295391486957 ], [ 77.444042958245319, 23.238294091487504 ] ] ] } },
{ "type": "Feature", "properties": { }, "geometry": { "type": "Polygon", "coordinates": [ [ [ 77.443119358245326, 23.238172091538416 ], [ 77.443112658245326, 23.238250791505575 ], [ 77.443253958245322, 23.238260891501351 ], [ 77.443260658245308, 23.238182091534242 ], [ 77.443119358245326, 23.238172091538416 ] ] ] } },
{ "type": "Feature", "properties": { }, "geometry": { "type": "Polygon", "coordinates": [ [ [ 77.443576758245328, 23.237564091792173 ], [ 77.443564858245324, 23.237700691735164 ], [ 77.443677258245302, 23.237708991731701 ], [ 77.44368915824532, 23.237572291788751 ], [ 77.443576758245328, 23.237564091792173 ] ] ] } },
{ "type": "Feature", "properties": { }, "geometry": { "type": "Polygon", "coordinates": [ [ [ 77.443343858245314, 23.23693509205469 ], [ 77.443331358245302, 23.23710439198403 ], [ 77.443465058245309, 23.237112791980529 ], [ 77.443477558245306, 23.236943392051227 ], [ 77.443343858245314, 23.23693509205469 ] ] ] } },
{ "type": "Feature", "properties": { }, "geometry": { "type": "Polygon", "coordinates": [ [ [ 77.442527158245312, 23.238098491569136 ], [ 77.442523958245303, 23.238160791543134 ], [ 77.442649158245317, 23.238166291540839 ], [ 77.442652358245326, 23.238103891566883 ], [ 77.442527158245312, 23.238098491569136 ] ] ] } },
{ "type": "Feature", "properties": { }, "geometry": { "type": "Polygon", "coordinates": [ [ [ 77.4433220582453, 23.237180091952432 ], [ 77.44331805824531, 23.237296691903779 ], [ 77.44340255824531, 23.237299091902774 ], [ 77.443406558245314, 23.237182591951395 ], [ 77.4433220582453, 23.237180091952432 ] ] ] } },
{ "type": "Feature", "properties": { }, "geometry": { "type": "Polygon", "coordinates": [ [ [ 77.444119358245302, 23.237397591861662 ], [ 77.444038458245331, 23.237394391862995 ], [ 77.444033758245311, 23.237494191821344 ], [ 77.444114658245326, 23.237497391820014 ], [ 77.444119358245302, 23.237397591861662 ] ] ] } },
{ "type": "Feature", "properties": { }, "geometry": { "type": "Polygon", "coordinates": [ [ [ 77.443094158245302, 23.238409791439206 ], [ 77.443085058245316, 23.238517891394093 ], [ 77.443232258245303, 23.238528291389756 ], [ 77.443241358245302, 23.238420191434869 ], [ 77.443094158245302, 23.238409791439206 ] ] ] } },
{ "type": "Feature", "properties": { }, "geometry": { "type": "Polygon", "coordinates": [ [ [ 77.443590258245322, 23.237196691945513 ], [ 77.443501758245304, 23.237194691946339 ], [ 77.443498358245336, 23.237320091894006 ], [ 77.443586958245305, 23.237322091893176 ], [ 77.443590258245322, 23.237196691945513 ] ] ] } },
{ "type": "Feature", "properties": { }, "geometry": { "type": "Polygon", "coordinates": [ [ [ 77.443117658245328, 23.23652129222738 ], [ 77.443112758245306, 23.236587892199591 ], [ 77.443213958245323, 23.236594292196916 ], [ 77.443218858245302, 23.236527592224753 ], [ 77.443117658245328, 23.23652129222738 ] ] ] } },
{ "type": "Feature", "properties": { }, "geometry": { "type": "Polygon", "coordinates": [ [ [ 77.444039958245327, 23.238215291520383 ], [ 77.444039258245326, 23.238284591491464 ], [ 77.444204958245308, 23.238285891490925 ], [ 77.444205558245329, 23.238216491519882 ], [ 77.444039958245327, 23.238215291520383 ] ] ] } },
{ "type": "Feature", "properties": { }, "geometry": { "type": "Polygon", "coordinates": [ [ [ 77.443385858245321, 23.236099292403498 ], [ 77.443380058245324, 23.23617729237095 ], [ 77.443516458245313, 23.236185892367359 ], [ 77.443522258245309, 23.236107892399907 ], [ 77.443385858245321, 23.236099292403498 ] ] ] } },
{ "type": "Feature", "properties": { }, "geometry": { "type": "Polygon", "coordinates": [ [ [ 77.443409058245322, 23.237746691715966 ], [ 77.443318558245309, 23.237741491718136 ], [ 77.443310758245303, 23.237857291669808 ], [ 77.443401258245302, 23.237862391667679 ], [ 77.443409058245322, 23.237746691715966 ] ] ] } },
{ "type": "Feature", "properties": { }, "geometry": { "type": "Polygon", "coordinates": [ [ [ 77.444017358245318, 23.237793091696599 ], [ 77.444008358245298, 23.237926291641006 ], [ 77.44411595824532, 23.237932291638501 ], [ 77.444124858245317, 23.237799091694097 ], [ 77.444017358245318, 23.237793091696599 ] ] ] } },
{ "type": "Feature", "properties": { }, "geometry": { "type": "Polygon", "coordinates": [ [ [ 77.443700258245315, 23.237561491793258 ], [ 77.443688058245328, 23.237701891734666 ], [ 77.443798458245325, 23.237709991731279 ], [ 77.443810758245306, 23.237569591789875 ], [ 77.443700258245315, 23.237561491793258 ] ] ] } },
{ "type": "Feature", "properties": { }, "geometry": { "type": "Polygon", "coordinates": [ [ [ 77.44334685824532, 23.236682992159896 ], [ 77.443341058245323, 23.236761392127185 ], [ 77.443466258245309, 23.236769192123923 ], [ 77.44347205824532, 23.236690792156647 ], [ 77.44334685824532, 23.236682992159896 ] ] ] } },
{ "type": "Feature", "properties": { }, "geometry": { "type": "Polygon", "coordinates": [ [ [ 77.444014458245306, 23.237354891879484 ], [ 77.444021858245321, 23.237239691927559 ], [ 77.443947258245302, 23.237235591929274 ], [ 77.443939858245329, 23.237350891881153 ], [ 77.444014458245306, 23.237354891879484 ] ] ] } },
{ "type": "Feature", "properties": { }, "geometry": { "type": "Polygon", "coordinates": [ [ [ 77.443962158245313, 23.23632699230847 ], [ 77.443957658245324, 23.236416892270949 ], [ 77.444135358245305, 23.236424292267866 ], [ 77.444139858245308, 23.236334392305377 ], [ 77.443962158245313, 23.23632699230847 ] ] ] } },
{ "type": "Feature", "properties": { }, "geometry": { "type": "Polygon", "coordinates": [ [ [ 77.44353835824532, 23.236339592303214 ], [ 77.443535358245327, 23.236423692268115 ], [ 77.44366505824533, 23.236427592266491 ], [ 77.443668058245308, 23.236343492301586 ], [ 77.44353835824532, 23.236339592303214 ] ] ] } },
{ "type": "Feature", "properties": { }, "geometry": { "type": "Polygon", "coordinates": [ [ [ 77.443413658245291, 23.237187491949349 ], [ 77.443414958245327, 23.237303991900731 ], [ 77.443487958245314, 23.237303191901059 ], [ 77.443486558245326, 23.237186791949643 ], [ 77.443413658245291, 23.237187491949349 ] ] ] } },
{ "type": "Feature", "properties": { }, "geometry": { "type": "Polygon", "coordinates": [ [ [ 77.442912658245305, 23.238617291352611 ], [ 77.442906258245316, 23.238711191313413 ], [ 77.443040858245311, 23.238718891310207 ], [ 77.443047158245321, 23.238625091349348 ], [ 77.442912658245305, 23.238617291352611 ] ] ] } },
{ "type": "Feature", "properties": { }, "geometry": { "type": "Polygon", "coordinates": [ [ [ 77.44311795824531, 23.23642789226637 ], [ 77.443111758245323, 23.236511792231351 ], [ 77.443222558245324, 23.236518792228431 ], [ 77.443228758245297, 23.236434792263481 ], [ 77.44311795824531, 23.23642789226637 ] ] ] } },
{ "type": "Feature", "properties": { }, "geometry": { "type": "Polygon", "coordinates": [ [ [ 77.443508458245304, 23.236919392061242 ], [ 77.443643858245323, 23.236923492059528 ], [ 77.443648758245303, 23.236786792116575 ], [ 77.443513358245298, 23.23678269211829 ], [ 77.443508458245304, 23.236919392061242 ] ] ] } },
{ "type": "Feature", "properties": { }, "geometry": { "type": "Polygon", "coordinates": [ [ [ 77.444033858245319, 23.238114491562463 ], [ 77.444031758245302, 23.238201691526061 ], [ 77.444185358245321, 23.238204791524776 ], [ 77.444187458245324, 23.238117591561164 ], [ 77.444033858245319, 23.238114491562463 ] ] ] } },
{ "type": "Feature", "properties": { }, "geometry": { "type": "Polygon", "coordinates": [ [ [ 77.442613358245325, 23.23768469174184 ], [ 77.442504758245306, 23.237682791742639 ], [ 77.442502158245318, 23.237810691689255 ], [ 77.442610658245314, 23.23781259168846 ], [ 77.442613358245325, 23.23768469174184 ] ] ] } },
{ "type": "Feature", "properties": { }, "geometry": { "type": "Polygon", "coordinates": [ [ [ 77.443559558245312, 23.236189592365811 ], [ 77.443683558245326, 23.236193292364266 ], [ 77.443686358245316, 23.236114992396942 ], [ 77.443562358245302, 23.236111292398494 ], [ 77.443559558245312, 23.236189592365811 ] ] ] } },
{ "type": "Feature", "properties": { }, "geometry": { "type": "Polygon", "coordinates": [ [ [ 77.443548358245295, 23.238033191596394 ], [ 77.443563858245341, 23.238198891527237 ], [ 77.443615558245327, 23.238194891528902 ], [ 77.443600158245303, 23.238029091598104 ], [ 77.443548358245295, 23.238033191596394 ] ] ] } },
{ "type": "Feature", "properties": { }, "geometry": { "type": "Polygon", "coordinates": [ [ [ 77.443071258245325, 23.236877292078809 ], [ 77.443072058245292, 23.23679529211303 ], [ 77.442945258245317, 23.236794292113448 ], [ 77.442944458245321, 23.236876292079227 ], [ 77.443071258245325, 23.236877292078809 ] ] ] } },
{ "type": "Feature", "properties": { }, "geometry": { "type": "Polygon", "coordinates": [ [ [ 77.44360865824531, 23.237317691895012 ], [ 77.443732858245312, 23.237324391892216 ], [ 77.443741258245311, 23.237194491946426 ], [ 77.443616958245315, 23.237187791949225 ], [ 77.44360865824531, 23.237317691895012 ] ] ] } },
{ "type": "Feature", "properties": { }, "geometry": { "type": "Polygon", "coordinates": [ [ [ 77.443099958245327, 23.236667192166493 ], [ 77.443217758245325, 23.2366745921634 ], [ 77.443223058245323, 23.236603092193242 ], [ 77.443105258245311, 23.236595692196335 ], [ 77.443099958245327, 23.236667192166493 ] ] ] } },
{ "type": "Feature", "properties": { }, "geometry": { "type": "Polygon", "coordinates": [ [ [ 77.442966658245311, 23.236304892317698 ], [ 77.442969458245329, 23.236416292271201 ], [ 77.443177258245328, 23.236411992273002 ], [ 77.443174558245303, 23.236300492319533 ], [ 77.442966658245311, 23.236304892317698 ] ] ] } },
{ "type": "Feature", "properties": { }, "geometry": { "type": "Polygon", "coordinates": [ [ [ 77.442535558245311, 23.238015591603734 ], [ 77.442529858245322, 23.238088691573225 ], [ 77.442652558245314, 23.23809669156989 ], [ 77.442658258245302, 23.238023591600399 ], [ 77.442535558245311, 23.238015591603734 ] ] ] } },
{ "type": "Feature", "properties": { }, "geometry": { "type": "Polygon", "coordinates": [ [ [ 77.442942858245317, 23.236699092153174 ], [ 77.442942058245322, 23.23678379211783 ], [ 77.443070858245306, 23.236784792117415 ], [ 77.443071658245302, 23.236700192152721 ], [ 77.442942858245317, 23.236699092153174 ] ] ] } },
{ "type": "Feature", "properties": { }, "geometry": { "type": "Polygon", "coordinates": [ [ [ 77.443533158245316, 23.236500992235854 ], [ 77.443649758245328, 23.236504492234396 ], [ 77.443652358245302, 23.236431892264697 ], [ 77.443535758245289, 23.236428292266194 ], [ 77.443533158245316, 23.236500992235854 ] ] ] } },
{ "type": "Feature", "properties": { }, "geometry": { "type": "Polygon", "coordinates": [ [ [ 77.443628458245328, 23.236956992045549 ], [ 77.443516858245303, 23.236953692046928 ], [ 77.443511558245319, 23.237101891985077 ], [ 77.443623058245308, 23.23710529198366 ], [ 77.443628458245328, 23.236956992045549 ] ] ] } },
{ "type": "Feature", "properties": { }, "geometry": { "type": "Polygon", "coordinates": [ [ [ 77.443851658245293, 23.237224191934033 ], [ 77.443843058245321, 23.237358191878105 ], [ 77.443933758245308, 23.237363091876063 ], [ 77.443942358245323, 23.237229191931949 ], [ 77.443851658245293, 23.237224191934033 ] ] ] } },
{ "type": "Feature", "properties": { }, "geometry": { "type": "Polygon", "coordinates": [ [ [ 77.443788458245308, 23.23623579234653 ], [ 77.443933258245309, 23.236239492344986 ], [ 77.443935858245325, 23.236153792380758 ], [ 77.44379105824531, 23.236150092382292 ], [ 77.443788458245308, 23.23623579234653 ] ] ] } },
{ "type": "Feature", "properties": { }, "geometry": { "type": "Polygon", "coordinates": [ [ [ 77.442695158245314, 23.238129591556149 ], [ 77.442691658245323, 23.23819279152978 ], [ 77.4428064582453, 23.238197991527603 ], [ 77.442809858245326, 23.238134891553951 ], [ 77.442695158245314, 23.238129591556149 ] ] ] } },
{ "type": "Feature", "properties": { }, "geometry": { "type": "Polygon", "coordinates": [ [ [ 77.443210958245317, 23.236760692127472 ], [ 77.443094658245315, 23.23675339213052 ], [ 77.443088858245318, 23.236832592097461 ], [ 77.443205058245312, 23.236839892094419 ], [ 77.443210958245317, 23.236760692127472 ] ] ] } },
{ "type": "Feature", "properties": { }, "geometry": { "type": "Polygon", "coordinates": [ [ [ 77.443005558245304, 23.237546191799638 ], [ 77.442992458245342, 23.237697391736535 ], [ 77.443092858245322, 23.237704791733453 ], [ 77.443105958245312, 23.237553591796555 ], [ 77.443005558245304, 23.237546191799638 ] ] ] } },
{ "type": "Feature", "properties": { }, "geometry": { "type": "Polygon", "coordinates": [ [ [ 77.443777758245304, 23.236255592338264 ], [ 77.443769358245305, 23.236347392299958 ], [ 77.44392965824531, 23.23635969229483 ], [ 77.443937958245328, 23.236267892333135 ], [ 77.443777758245304, 23.236255592338264 ] ] ] } },
{ "type": "Feature", "properties": { }, "geometry": { "type": "Polygon", "coordinates": [ [ [ 77.442690458245323, 23.238200491526566 ], [ 77.442686658245307, 23.238269791497643 ], [ 77.442801058245323, 23.238274991495473 ], [ 77.44280485824531, 23.238205691524396 ], [ 77.442690458245323, 23.238200491526566 ] ] ] } },
{ "type": "Feature", "properties": { }, "geometry": { "type": "Polygon", "coordinates": [ [ [ 77.443340758245327, 23.237554291796261 ], [ 77.443224458245297, 23.237545791799811 ], [ 77.443211658245303, 23.237692091738754 ], [ 77.44332795824532, 23.237700591735198 ], [ 77.443340758245327, 23.237554291796261 ] ] ] } },
{ "type": "Feature", "properties": { }, "geometry": { "type": "Polygon", "coordinates": [ [ [ 77.443533358245304, 23.236518492228559 ], [ 77.443530258245303, 23.236603892192907 ], [ 77.443652358245302, 23.236607592191366 ], [ 77.443655358245323, 23.236522192227007 ], [ 77.443533358245304, 23.236518492228559 ] ] ] } },
{ "type": "Feature", "properties": { }, "geometry": { "type": "Polygon", "coordinates": [ [ [ 77.44308355824532, 23.237025592016913 ], [ 77.443078758245321, 23.23708999199004 ], [ 77.443192258245304, 23.237097091987081 ], [ 77.443197058245318, 23.237032692013955 ], [ 77.44308355824532, 23.237025592016913 ] ] ] } },
{ "type": "Feature", "properties": { }, "geometry": { "type": "Polygon", "coordinates": [ [ [ 77.443849458245325, 23.237392391863839 ], [ 77.443847758245312, 23.237471891830651 ], [ 77.443915858245319, 23.237473091830147 ], [ 77.443917558245303, 23.237393591863331 ], [ 77.443849458245325, 23.237392391863839 ] ] ] } },
{ "type": "Feature", "properties": { }, "geometry": { "type": "Polygon", "coordinates": [ [ [ 77.44376735824531, 23.236408392274505 ], [ 77.443761958245318, 23.236480192244535 ], [ 77.443913558245313, 23.236489692240571 ], [ 77.44391895824532, 23.236417892270531 ], [ 77.44376735824531, 23.236408392274505 ] ] ] } },
{ "type": "Feature", "properties": { }, "geometry": { "type": "Polygon", "coordinates": [ [ [ 77.443817858245325, 23.237577891786415 ], [ 77.443805358245314, 23.237721491726479 ], [ 77.443986658245308, 23.237734891720891 ], [ 77.443999158245305, 23.237591191780858 ], [ 77.443817858245325, 23.237577891786415 ] ] ] } },
{ "type": "Feature", "properties": { }, "geometry": { "type": "Polygon", "coordinates": [ [ [ 77.443752058245309, 23.237194191946553 ], [ 77.443743758245304, 23.237323991892385 ], [ 77.443826558245306, 23.237328491890501 ], [ 77.443834958245318, 23.23719869194467 ], [ 77.443752058245309, 23.237194191946553 ] ] ] } },
{ "type": "Feature", "properties": { }, "geometry": { "type": "Polygon", "coordinates": [ [ [ 77.444028158245303, 23.237392691863707 ], [ 77.443944258245324, 23.237388191865588 ], [ 77.443936858245308, 23.237505291816717 ], [ 77.444020758245316, 23.237509791814837 ], [ 77.444028158245303, 23.237392691863707 ] ] ] } },
{ "type": "Feature", "properties": { }, "geometry": { "type": "Polygon", "coordinates": [ [ [ 77.442960058245319, 23.238064091583496 ], [ 77.442954758245307, 23.238142291550847 ], [ 77.443091958245319, 23.238150191547557 ], [ 77.443097258245317, 23.238071991580199 ], [ 77.442960058245319, 23.238064091583496 ] ] ] } },
{ "type": "Feature", "properties": { }, "geometry": { "type": "Polygon", "coordinates": [ [ [ 77.443405058245332, 23.237340491885497 ], [ 77.443402358245322, 23.23743349184668 ], [ 77.443485058245329, 23.237435491845844 ], [ 77.443487658245303, 23.237342491884657 ], [ 77.443405058245332, 23.237340491885497 ] ] ] } },
{ "type": "Feature", "properties": { }, "geometry": { "type": "Polygon", "coordinates": [ [ [ 77.44320915824531, 23.23755869179443 ], [ 77.443111758245323, 23.237551591797391 ], [ 77.44309985824529, 23.237688391740303 ], [ 77.443197258245306, 23.237695591737289 ], [ 77.44320915824531, 23.23755869179443 ] ] ] } },
{ "type": "Feature", "properties": { }, "geometry": { "type": "Polygon", "coordinates": [ [ [ 77.4440425582453, 23.238014691604111 ], [ 77.444038758245327, 23.238104591566593 ], [ 77.444190958245315, 23.238110191564253 ], [ 77.444194758245317, 23.238020191601812 ], [ 77.4440425582453, 23.238014691604111 ] ] ] } },
{ "type": "Feature", "properties": { }, "geometry": { "type": "Polygon", "coordinates": [ [ [ 77.443766358245327, 23.236527592224753 ], [ 77.443762258245329, 23.236664392167665 ], [ 77.443898558245323, 23.236667792166244 ], [ 77.443902558245313, 23.236530992223333 ], [ 77.443766358245327, 23.236527592224753 ] ] ] } },
{ "type": "Feature", "properties": { }, "geometry": { "type": "Polygon", "coordinates": [ [ [ 77.443555058245309, 23.237758791710913 ], [ 77.443546558245316, 23.237886191657747 ], [ 77.443652958245309, 23.237892191655238 ], [ 77.44366155824531, 23.237764791708411 ], [ 77.443555058245309, 23.237758791710913 ] ] ] } },
{ "type": "Feature", "properties": { }, "geometry": { "type": "Polygon", "coordinates": [ [ [ 77.443377358245328, 23.236331392306639 ], [ 77.443496758245317, 23.236338892303507 ], [ 77.443507058245316, 23.236199192361806 ], [ 77.443387658245314, 23.23619169236494 ], [ 77.443377358245328, 23.236331392306639 ] ] ] } },
{ "type": "Feature", "properties": { }, "geometry": { "type": "Polygon", "coordinates": [ [ [ 77.443085858245311, 23.236927192057987 ], [ 77.443080258245317, 23.237003692026065 ], [ 77.443197158245312, 23.237010992023013 ], [ 77.443202858245314, 23.236934492054935 ], [ 77.443085858245311, 23.236927192057987 ] ] ] } },
{ "type": "Feature", "properties": { }, "geometry": { "type": "Polygon", "coordinates": [ [ [ 77.44360035824532, 23.237361891876564 ], [ 77.443599658245304, 23.237458591836205 ], [ 77.443714958245309, 23.237459291835911 ], [ 77.443715658245324, 23.23736259187627 ], [ 77.44360035824532, 23.237361891876564 ] ] ] } },
{ "type": "Feature", "properties": { }, "geometry": { "type": "Polygon", "coordinates": [ [ [ 77.442854058245317, 23.237711591730612 ], [ 77.442736958245305, 23.237703891733826 ], [ 77.442726958245316, 23.237833891679575 ], [ 77.442843958245319, 23.237841591676361 ], [ 77.442854058245317, 23.237711591730612 ] ] ] } },
{ "type": "Feature", "properties": { }, "geometry": { "type": "Polygon", "coordinates": [ [ [ 77.443094458245326, 23.23668159216048 ], [ 77.443093858245305, 23.236751992131108 ], [ 77.443227658245306, 23.236752892130728 ], [ 77.443228158245304, 23.236682592160061 ], [ 77.443094458245326, 23.23668159216048 ] ] ] } },
{ "type": "Feature", "properties": { }, "geometry": { "type": "Polygon", "coordinates": [ [ [ 77.442721958245329, 23.236990592031532 ], [ 77.442718558245303, 23.237091491989414 ], [ 77.442838158245323, 23.237094891987997 ], [ 77.44284155824532, 23.236994092030059 ], [ 77.442721958245329, 23.236990592031532 ] ] ] } },
{ "type": "Feature", "properties": { }, "geometry": { "type": "Polygon", "coordinates": [ [ [ 77.443754958245322, 23.236673592163829 ], [ 77.443755358245312, 23.236757692128727 ], [ 77.443910858245303, 23.236757092128975 ], [ 77.443910458245313, 23.23667299216407 ], [ 77.443754958245322, 23.236673592163829 ] ] ] } },
{ "type": "Feature", "properties": { }, "geometry": { "type": "Polygon", "coordinates": [ [ [ 77.443541758245303, 23.237751991713754 ], [ 77.443430758245327, 23.237745691716384 ], [ 77.443421658245313, 23.237880391660166 ], [ 77.443532658245289, 23.237886691657536 ], [ 77.443541758245303, 23.237751991713754 ] ] ] } },
{ "type": "Feature", "properties": { }, "geometry": { "type": "Polygon", "coordinates": [ [ [ 77.444093558245314, 23.238731891304774 ], [ 77.444109758245304, 23.238807591273176 ], [ 77.444280658245319, 23.238776791286032 ], [ 77.444264558245322, 23.23870109131763 ], [ 77.444093558245314, 23.238731891304774 ] ] ] } },
{ "type": "Feature", "properties": { }, "geometry": { "type": "Polygon", "coordinates": [ [ [ 77.443959358245294, 23.236253592339107 ], [ 77.444139958245316, 23.236267892333135 ], [ 77.444149458245306, 23.236166292375533 ], [ 77.443968858245313, 23.236151992381508 ], [ 77.443959358245294, 23.236253592339107 ] ] ] } },
{ "type": "Feature", "properties": { }, "geometry": { "type": "Polygon", "coordinates": [ [ [ 77.44269895824533, 23.238039291593839 ], [ 77.442694958245326, 23.238113191563002 ], [ 77.44281115824532, 23.238118491560794 ], [ 77.442815158245324, 23.238044591591631 ], [ 77.44269895824533, 23.238039291593839 ] ] ] } },
{ "type": "Feature", "properties": { }, "geometry": { "type": "Polygon", "coordinates": [ [ [ 77.443672358245337, 23.237756391711915 ], [ 77.443663258245294, 23.237890591655901 ], [ 77.443776358245316, 23.237896991653233 ], [ 77.443785358245293, 23.23776279170924 ], [ 77.443672358245337, 23.237756391711915 ] ] ] } },
{ "type": "Feature", "properties": { }, "geometry": { "type": "Polygon", "coordinates": [ [ [ 77.443546758245304, 23.236318092312182 ], [ 77.443656258245326, 23.23632139231081 ], [ 77.443660658245321, 23.236197492362518 ], [ 77.443551258245321, 23.236194092363942 ], [ 77.443546758245304, 23.236318092312182 ] ] ] } },
{ "type": "Feature", "properties": { }, "geometry": { "type": "Polygon", "coordinates": [ [ [ 77.442940658245291, 23.236880292077554 ], [ 77.442940058245327, 23.236941192052143 ], [ 77.443062058245303, 23.23694209205177 ], [ 77.443062658245324, 23.23688129207714 ], [ 77.442940658245291, 23.236880292077554 ] ] ] } },
{ "type": "Feature", "properties": { }, "geometry": { "type": "Polygon", "coordinates": [ [ [ 77.443136958245319, 23.237967691623723 ], [ 77.443129358245315, 23.238058591585791 ], [ 77.443285158245303, 23.23806969158116 ], [ 77.443292758245306, 23.237978791619092 ], [ 77.443136958245319, 23.237967691623723 ] ] ] } },
{ "type": "Feature", "properties": { }, "geometry": { "type": "Polygon", "coordinates": [ [ [ 77.444075458245294, 23.238651191338459 ], [ 77.444088958245317, 23.238724191307988 ], [ 77.444250558245315, 23.238698891318553 ], [ 77.444237058245307, 23.23862589134902 ], [ 77.444075458245294, 23.238651191338459 ] ] ] } },
{ "type": "Feature", "properties": { }, "geometry": { "type": "Polygon", "coordinates": [ [ [ 77.443931958245329, 23.236606492191822 ], [ 77.443930458245305, 23.236697892153682 ], [ 77.444112158245318, 23.236700292152683 ], [ 77.444113658245314, 23.236608892190823 ], [ 77.443931958245329, 23.236606492191822 ] ] ] } },
{ "type": "Feature", "properties": { }, "geometry": { "type": "Polygon", "coordinates": [ [ [ 77.442948358245303, 23.236632292181056 ], [ 77.44294785824529, 23.236694392155144 ], [ 77.4430745582453, 23.236695392154729 ], [ 77.443075158245307, 23.236633292180638 ], [ 77.442948358245303, 23.236632292181056 ] ] ] } },
{ "type": "Feature", "properties": { }, "geometry": { "type": "Polygon", "coordinates": [ [ [ 77.443354058245319, 23.2375462917996 ], [ 77.443343058245304, 23.237673191746641 ], [ 77.443422358245314, 23.237679091744177 ], [ 77.443433358245315, 23.237552191797143 ], [ 77.443354058245319, 23.2375462917996 ] ] ] } },
{ "type": "Feature", "properties": { }, "geometry": { "type": "Polygon", "coordinates": [ [ [ 77.444052658245297, 23.238558791377017 ], [ 77.444207558245324, 23.238537191386033 ], [ 77.444193458245323, 23.238451791421678 ], [ 77.44403855824531, 23.238473391412665 ], [ 77.444052658245297, 23.238558791377017 ] ] ] } },
{ "type": "Feature", "properties": { }, "geometry": { "type": "Polygon", "coordinates": [ [ [ 77.443317358245324, 23.237307991899058 ], [ 77.443312658245318, 23.237431791847392 ], [ 77.443390458245304, 23.237434291846352 ], [ 77.443395158245323, 23.237310491898015 ], [ 77.443317358245324, 23.237307991899058 ] ] ] } },
{ "type": "Feature", "properties": { }, "geometry": { "type": "Polygon", "coordinates": [ [ [ 77.442983258245306, 23.237742891717549 ], [ 77.442974258245329, 23.237877191661497 ], [ 77.443076258245327, 23.237882991659077 ], [ 77.443085258245304, 23.237748691715129 ], [ 77.442983258245306, 23.237742891717549 ] ] ] } },
{ "type": "Feature", "properties": { }, "geometry": { "type": "Polygon", "coordinates": [ [ [ 77.443088358245333, 23.236533592222251 ], [ 77.442962058245314, 23.236530192223668 ], [ 77.442959158245301, 23.236623992184519 ], [ 77.443085358245312, 23.236627392183099 ], [ 77.443088358245333, 23.236533592222251 ] ] ] } },
{ "type": "Feature", "properties": { }, "geometry": { "type": "Polygon", "coordinates": [ [ [ 77.442715858245307, 23.237957691627898 ], [ 77.442712058245306, 23.2380295915979 ], [ 77.442823158245318, 23.238034691595765 ], [ 77.442827058245314, 23.237962791625776 ], [ 77.442715858245307, 23.237957691627898 ] ] ] } },
{ "type": "Feature", "properties": { }, "geometry": { "type": "Polygon", "coordinates": [ [ [ 77.444121658245308, 23.236557392212326 ], [ 77.444127258245317, 23.236432192264569 ], [ 77.443953058245313, 23.236425492267369 ], [ 77.443946658245324, 23.236567092208269 ], [ 77.444068058245321, 23.236571692206354 ], [ 77.444068758245308, 23.23655529221319 ], [ 77.444121658245308, 23.236557392212326 ] ] ] } },
{ "type": "Feature", "properties": { }, "geometry": { "type": "Polygon", "coordinates": [ [ [ 77.442660958245312, 23.237937291636417 ], [ 77.442591258245329, 23.237932991638214 ], [ 77.442592658245289, 23.237913591646304 ], [ 77.442540458245304, 23.237910391647642 ], [ 77.442532858245315, 23.238013091604781 ], [ 77.442654858245319, 23.23802059160165 ], [ 77.442660958245312, 23.237937291636417 ] ] ] } },
{ "type": "Feature", "properties": { }, "geometry": { "type": "Polygon", "coordinates": [ [ [ 77.443365658245327, 23.236344592301126 ], [ 77.443355258245319, 23.2364845922427 ], [ 77.443469958245302, 23.236491792239697 ], [ 77.443473758245318, 23.236439492261518 ], [ 77.443491058245328, 23.236440592261069 ], [ 77.443494758245322, 23.236390192282098 ], [ 77.443472758245292, 23.23638889228264 ], [ 77.443475558245311, 23.236351492298247 ], [ 77.443365658245327, 23.236344592301126 ] ] ] } },
{ "type": "Feature", "properties": { }, "geometry": { "type": "Polygon", "coordinates": [ [ [ 77.444047058245303, 23.23759129178082 ], [ 77.444045458245299, 23.237730791722598 ], [ 77.444101358245319, 23.237731391722352 ], [ 77.444101258245325, 23.23774799171542 ], [ 77.444136358245316, 23.237748391715254 ], [ 77.444136858245329, 23.237707891732157 ], [ 77.444132058245316, 23.237707891732157 ], [ 77.444133358245296, 23.237592091780485 ], [ 77.444047058245303, 23.23759129178082 ] ] ] } },
{ "type": "Feature", "properties": { }, "geometry": { "type": "Polygon", "coordinates": [ [ [ 77.438942258245305, 23.238820991267588 ], [ 77.439092458245327, 23.23883639126116 ], [ 77.439102158245305, 23.238757091294257 ], [ 77.438951958245312, 23.23874159130073 ], [ 77.438942258245305, 23.238820991267588 ] ] ] } },
{ "type": "Feature", "properties": { }, "geometry": { "type": "Polygon", "coordinates": [ [ [ 77.438726558245321, 23.239110291146844 ], [ 77.43887535824534, 23.239131891137824 ], [ 77.438899158245292, 23.238993791195465 ], [ 77.438750358245315, 23.238972091204523 ], [ 77.438726558245321, 23.239110291146844 ] ] ] } },
{ "type": "Feature", "properties": { }, "geometry": { "type": "Polygon", "coordinates": [ [ [ 77.439382658245293, 23.238679191326771 ], [ 77.439438058245329, 23.238697591319095 ], [ 77.439482758245319, 23.238584391366338 ], [ 77.439427258245303, 23.238565891374058 ], [ 77.439382658245293, 23.238679191326771 ] ] ] } },
{ "type": "Feature", "properties": { }, "geometry": { "type": "Polygon", "coordinates": [ [ [ 77.438882258245329, 23.238507791398309 ], [ 77.438914658245309, 23.238405891440834 ], [ 77.438843058245311, 23.23838659144889 ], [ 77.438810558245322, 23.238488591406323 ], [ 77.438882258245329, 23.238507791398309 ] ] ] } },
{ "type": "Feature", "properties": { }, "geometry": { "type": "Polygon", "coordinates": [ [ [ 77.438508558245303, 23.238685191324269 ], [ 77.438488858245307, 23.238805391274095 ], [ 77.438645658245306, 23.238827091265044 ], [ 77.438665358245302, 23.238706891315207 ], [ 77.438508558245303, 23.238685191324269 ] ] ] } },
{ "type": "Feature", "properties": { }, "geometry": { "type": "Polygon", "coordinates": [ [ [ 77.438541158245314, 23.238577191369345 ], [ 77.438689958245305, 23.238597491360871 ], [ 77.438712558245328, 23.238458291418965 ], [ 77.438563658245315, 23.238437891427481 ], [ 77.438541158245314, 23.238577191369345 ] ] ] } },
{ "type": "Feature", "properties": { }, "geometry": { "type": "Polygon", "coordinates": [ [ [ 77.439312758245308, 23.238489591405905 ], [ 77.439392058245318, 23.238518691393757 ], [ 77.439446558245308, 23.238393591445973 ], [ 77.439367258245312, 23.238364391458159 ], [ 77.439312758245308, 23.238489591405905 ] ] ] } },
{ "type": "Feature", "properties": { }, "geometry": { "type": "Polygon", "coordinates": [ [ [ 77.438830658245323, 23.238354991462078 ], [ 77.438939558245309, 23.238383191450314 ], [ 77.438982658245322, 23.238242591508989 ], [ 77.438873758245322, 23.238214391520764 ], [ 77.438830658245323, 23.238354991462078 ] ] ] } },
{ "type": "Feature", "properties": { }, "geometry": { "type": "Polygon", "coordinates": [ [ [ 77.438443858245307, 23.239004091191166 ], [ 77.438430258245305, 23.239084291157692 ], [ 77.438599658245323, 23.23910849114759 ], [ 77.438613258245326, 23.239028291181064 ], [ 77.438443858245307, 23.239004091191166 ] ] ] } },
{ "type": "Feature", "properties": { }, "geometry": { "type": "Polygon", "coordinates": [ [ [ 77.439442058245305, 23.238703491316627 ], [ 77.43948185824533, 23.238715891311454 ], [ 77.439523758245301, 23.238602391358825 ], [ 77.439483858245325, 23.238589991364002 ], [ 77.439442058245305, 23.238703491316627 ] ] ] } },
{ "type": "Feature", "properties": { }, "geometry": { "type": "Polygon", "coordinates": [ [ [ 77.439396458245326, 23.238527791389963 ], [ 77.439496758245298, 23.23856469137456 ], [ 77.439555658245311, 23.238429591430943 ], [ 77.439455258245317, 23.238392591446388 ], [ 77.439396458245326, 23.238527791389963 ] ] ] } },
{ "type": "Feature", "properties": { }, "geometry": { "type": "Polygon", "coordinates": [ [ [ 77.436763158245327, 23.242045789921541 ], [ 77.436746958245294, 23.24214188988142 ], [ 77.436881058245305, 23.242160989873447 ], [ 77.436897258245295, 23.242064889913564 ], [ 77.436763158245327, 23.242045789921541 ] ] ] } },
{ "type": "Feature", "properties": { }, "geometry": { "type": "Polygon", "coordinates": [ [ [ 77.439511658245308, 23.238560091376478 ], [ 77.439619358245309, 23.238599591359993 ], [ 77.439674258245304, 23.238473191412751 ], [ 77.439566558245303, 23.238433691429233 ], [ 77.439511658245308, 23.238560091376478 ] ] ] } },
{ "type": "Feature", "properties": { }, "geometry": { "type": "Polygon", "coordinates": [ [ [ 77.439538858245328, 23.238742991300143 ], [ 77.439585458245318, 23.238616791352818 ], [ 77.439531558245307, 23.238599991359827 ], [ 77.43948505824531, 23.238726191307158 ], [ 77.439538858245328, 23.238742991300143 ] ] ] } },
{ "type": "Feature", "properties": { }, "geometry": { "type": "Polygon", "coordinates": [ [ [ 77.436787058245315, 23.241953489960068 ], [ 77.436771258245329, 23.242044289922166 ], [ 77.436900658245321, 23.242063289914235 ], [ 77.436916458245307, 23.241972489952136 ], [ 77.436787058245315, 23.241953489960068 ] ] ] } },
{ "type": "Feature", "properties": { }, "geometry": { "type": "Polygon", "coordinates": [ [ [ 77.439638158245288, 23.238597791360746 ], [ 77.439714658245308, 23.238622791350309 ], [ 77.439767558245308, 23.238485991407408 ], [ 77.43969115824531, 23.238460991417838 ], [ 77.439638158245288, 23.238597791360746 ] ] ] } },
{ "type": "Feature", "properties": { }, "geometry": { "type": "Polygon", "coordinates": [ [ [ 77.438766958245296, 23.238872791245964 ], [ 77.438911758245297, 23.238891591238122 ], [ 77.438921858245322, 23.238825691265617 ], [ 77.438777058245293, 23.23880689127347 ], [ 77.438766958245296, 23.238872791245964 ] ] ] } },
{ "type": "Feature", "properties": { }, "geometry": { "type": "Polygon", "coordinates": [ [ [ 77.436808358245329, 23.241840490007238 ], [ 77.436789658245317, 23.241950389961364 ], [ 77.436917758245315, 23.241968789953681 ], [ 77.436936358245319, 23.241858889999559 ], [ 77.436808358245329, 23.241840490007238 ] ] ] } },
{ "type": "Feature", "properties": { }, "geometry": { "type": "Polygon", "coordinates": [ [ [ 77.438513658245327, 23.238676691327814 ], [ 77.438670458245312, 23.23869839131876 ], [ 77.438686658245288, 23.238599691359955 ], [ 77.438529758245323, 23.238577991369009 ], [ 77.438513658245327, 23.238676691327814 ] ] ] } },
{ "type": "Feature", "properties": { }, "geometry": { "type": "Polygon", "coordinates": [ [ [ 77.438908558245302, 23.239072091162782 ], [ 77.438900258245312, 23.239151891129474 ], [ 77.439028158245307, 23.239163091124801 ], [ 77.439036458245326, 23.239083291158106 ], [ 77.438908558245302, 23.239072091162782 ] ] ] } },
{ "type": "Feature", "properties": { }, "geometry": { "type": "Polygon", "coordinates": [ [ [ 77.438951258245325, 23.238736591302811 ], [ 77.439114258245311, 23.238754191295463 ], [ 77.439124058245312, 23.238677191327604 ], [ 77.438961058245312, 23.238659591334947 ], [ 77.438951258245325, 23.238736591302811 ] ] ] } },
{ "type": "Feature", "properties": { }, "geometry": { "type": "Polygon", "coordinates": [ [ [ 77.439215058245296, 23.238616991352732 ], [ 77.439279558245318, 23.238636991344386 ], [ 77.439321758245313, 23.238522391392216 ], [ 77.439257258245291, 23.238502391400566 ], [ 77.439215058245296, 23.238616991352732 ] ] ] } },
{ "type": "Feature", "properties": { }, "geometry": { "type": "Polygon", "coordinates": [ [ [ 77.438846658245311, 23.239341091050505 ], [ 77.438982158245324, 23.239363591041116 ], [ 77.439001658245303, 23.239264591082435 ], [ 77.438866158245318, 23.239242091091832 ], [ 77.438846658245311, 23.239341091050505 ] ] ] } },
{ "type": "Feature", "properties": { }, "geometry": { "type": "Polygon", "coordinates": [ [ [ 77.439325758245317, 23.238633091346014 ], [ 77.439362958245312, 23.238528791389538 ], [ 77.439324758245306, 23.238517291394345 ], [ 77.439287558245312, 23.238621591350814 ], [ 77.439325758245317, 23.238633091346014 ] ] ] } },
{ "type": "Feature", "properties": { }, "geometry": { "type": "Polygon", "coordinates": [ [ [ 77.438613858245304, 23.23819349152949 ], [ 77.438739558245317, 23.238211491521973 ], [ 77.438750958245308, 23.238143891550187 ], [ 77.438625358245318, 23.238125891557701 ], [ 77.438613858245304, 23.23819349152949 ] ] ] } },
{ "type": "Feature", "properties": { }, "geometry": { "type": "Polygon", "coordinates": [ [ [ 77.439069758245324, 23.238569791372431 ], [ 77.439147658245304, 23.238592991362744 ], [ 77.439189758245305, 23.238473791412499 ], [ 77.43911195824532, 23.238450491422221 ], [ 77.439069758245324, 23.238569791372431 ] ] ] } },
{ "type": "Feature", "properties": { }, "geometry": { "type": "Polygon", "coordinates": [ [ [ 77.439321958245301, 23.23864929133925 ], [ 77.439380958245323, 23.23866889133107 ], [ 77.439423858245306, 23.238559991376523 ], [ 77.439364958245292, 23.238540291384741 ], [ 77.439321958245301, 23.23864929133925 ] ] ] } },
{ "type": "Feature", "properties": { }, "geometry": { "type": "Polygon", "coordinates": [ [ [ 77.438897558245301, 23.238508491398012 ], [ 77.438982758245288, 23.238531391388456 ], [ 77.439018858245333, 23.23841789143583 ], [ 77.438933658245318, 23.238394991445389 ], [ 77.438897558245301, 23.238508491398012 ] ] ] } },
{ "type": "Feature", "properties": { }, "geometry": { "type": "Polygon", "coordinates": [ [ [ 77.439150358245314, 23.238601391359239 ], [ 77.439209558245309, 23.238617891352355 ], [ 77.439248058245312, 23.238501291401022 ], [ 77.43918895824531, 23.23848479140791 ], [ 77.439150358245314, 23.238601391359239 ] ] ] } },
{ "type": "Feature", "properties": { }, "geometry": { "type": "Polygon", "coordinates": [ [ [ 77.439096058245326, 23.238415091436998 ], [ 77.439174358245324, 23.238435391428517 ], [ 77.439210958245326, 23.238315891478397 ], [ 77.439132758245307, 23.238295591486871 ], [ 77.439096058245326, 23.238415091436998 ] ] ] } },
{ "type": "Feature", "properties": { }, "geometry": { "type": "Polygon", "coordinates": [ [ [ 77.438797458245304, 23.238709791314001 ], [ 77.438926658245308, 23.238726591306989 ], [ 77.43894025824531, 23.238637791344054 ], [ 77.438811058245307, 23.238620991351063 ], [ 77.438797458245304, 23.238709791314001 ] ] ] } },
{ "type": "Feature", "properties": { }, "geometry": { "type": "Polygon", "coordinates": [ [ [ 77.438569758245308, 23.238434391428946 ], [ 77.438721758245322, 23.238456191419843 ], [ 77.438734758245317, 23.238379591451817 ], [ 77.438582758245317, 23.238357791460913 ], [ 77.438569758245308, 23.238434391428946 ] ] ] } },
{ "type": "Feature", "properties": { }, "geometry": { "type": "Polygon", "coordinates": [ [ [ 77.438583858245309, 23.238355591461833 ], [ 77.438737058245323, 23.238377491452692 ], [ 77.438749458245312, 23.238303791483453 ], [ 77.43859635824532, 23.238281891492591 ], [ 77.438583858245309, 23.238355591461833 ] ] ] } },
{ "type": "Feature", "properties": { }, "geometry": { "type": "Polygon", "coordinates": [ [ [ 77.438449458245302, 23.239239891092748 ], [ 77.43856325824531, 23.239255491086233 ], [ 77.438572858245308, 23.23919629111094 ], [ 77.438458958245334, 23.239180791117416 ], [ 77.438449458245302, 23.239239891092748 ] ] ] } },
{ "type": "Feature", "properties": { }, "geometry": { "type": "Polygon", "coordinates": [ [ [ 77.439604658245329, 23.238725091307614 ], [ 77.439641458245305, 23.238625091349348 ], [ 77.439591558245326, 23.238609591355814 ], [ 77.439554658245314, 23.238709491314122 ], [ 77.439604658245329, 23.238725091307614 ] ] ] } },
{ "type": "Feature", "properties": { }, "geometry": { "type": "Polygon", "coordinates": [ [ [ 77.438418458245323, 23.238272891496347 ], [ 77.438566158245308, 23.23829589148675 ], [ 77.438584558245324, 23.238196091528394 ], [ 77.438436858245325, 23.238173091538002 ], [ 77.438418458245323, 23.238272891496347 ] ] ] } },
{ "type": "Feature", "properties": { }, "geometry": { "type": "Polygon", "coordinates": [ [ [ 77.439604658245329, 23.238739291301684 ], [ 77.439694158245302, 23.238767091290082 ], [ 77.439736758245303, 23.238651791338206 ], [ 77.439647158245307, 23.238623891349853 ], [ 77.439604658245329, 23.238739291301684 ] ] ] } },
{ "type": "Feature", "properties": { }, "geometry": { "type": "Polygon", "coordinates": [ [ [ 77.438680058245325, 23.239312791062318 ], [ 77.438838558245308, 23.239336791052295 ], [ 77.438855058245309, 23.239245191090532 ], [ 77.438696558245326, 23.239221191100548 ], [ 77.438680058245325, 23.239312791062318 ] ] ] } },
{ "type": "Feature", "properties": { }, "geometry": { "type": "Polygon", "coordinates": [ [ [ 77.438921258245315, 23.238893991237124 ], [ 77.439079458245317, 23.238912891229234 ], [ 77.439089658245322, 23.238840191259573 ], [ 77.438931458245307, 23.23882129126746 ], [ 77.438921258245315, 23.238893991237124 ] ] ] } },
{ "type": "Feature", "properties": { }, "geometry": { "type": "Polygon", "coordinates": [ [ [ 77.438458458245307, 23.238913491228981 ], [ 77.438443758245342, 23.239000591192621 ], [ 77.438610058245303, 23.239024391182692 ], [ 77.438624758245311, 23.238937291219049 ], [ 77.438458458245307, 23.238913491228981 ] ] ] } },
{ "type": "Feature", "properties": { }, "geometry": { "type": "Polygon", "coordinates": [ [ [ 77.438965258245304, 23.238388291448182 ], [ 77.439078158245323, 23.238417491435996 ], [ 77.439122458245322, 23.238272791496389 ], [ 77.439009658245325, 23.238243491508616 ], [ 77.438965258245304, 23.238388291448182 ] ] ] } },
{ "type": "Feature", "properties": { }, "geometry": { "type": "Polygon", "coordinates": [ [ [ 77.438306958245306, 23.238834291262041 ], [ 77.438458758245304, 23.238851991254649 ], [ 77.438471358245309, 23.238760591292788 ], [ 77.438319558245311, 23.238742891300184 ], [ 77.438306958245306, 23.238834291262041 ] ] ] } },
{ "type": "Feature", "properties": { }, "geometry": { "type": "Polygon", "coordinates": [ [ [ 77.438486858245327, 23.23880709127339 ], [ 77.438468758245321, 23.238907291231566 ], [ 77.438627958245291, 23.238931691221378 ], [ 77.438646058245311, 23.238831491263202 ], [ 77.438486858245327, 23.23880709127339 ] ] ] } },
{ "type": "Feature", "properties": { }, "geometry": { "type": "Polygon", "coordinates": [ [ [ 77.438424458245322, 23.238163891541841 ], [ 77.438585958245326, 23.238189691531073 ], [ 77.438611158245308, 23.238056091586834 ], [ 77.438449658245304, 23.238030291597603 ], [ 77.438424458245322, 23.238163891541841 ] ] ] } },
{ "type": "Feature", "properties": { }, "geometry": { "type": "Polygon", "coordinates": [ [ [ 77.438278458245307, 23.239036691177557 ], [ 77.438258658245303, 23.23918099111733 ], [ 77.438399058245324, 23.23919719111057 ], [ 77.438418858245328, 23.239052891170797 ], [ 77.438278458245307, 23.239036691177557 ] ] ] } },
{ "type": "Feature", "properties": { }, "geometry": { "type": "Polygon", "coordinates": [ [ [ 77.438751558245329, 23.238965191207399 ], [ 77.438903358245312, 23.238984891199184 ], [ 77.438917158245317, 23.238895191236615 ], [ 77.438765258245326, 23.238875491244841 ], [ 77.438751558245329, 23.238965191207399 ] ] ] } },
{ "type": "Feature", "properties": { }, "geometry": { "type": "Polygon", "coordinates": [ [ [ 77.438277958245308, 23.239031891179561 ], [ 77.438418058245318, 23.239050691171716 ], [ 77.438435158245312, 23.23894349121646 ], [ 77.438295058245316, 23.238924691224302 ], [ 77.438277958245308, 23.239031891179561 ] ] ] } },
{ "type": "Feature", "properties": { }, "geometry": { "type": "Polygon", "coordinates": [ [ [ 77.43839145824532, 23.238382891450438 ], [ 77.438371958245312, 23.238496691402943 ], [ 77.43854395824529, 23.238521591392548 ], [ 77.438563458245326, 23.23840779144005 ], [ 77.43839145824532, 23.238382891450438 ] ] ] } },
{ "type": "Feature", "properties": { }, "geometry": { "type": "Polygon", "coordinates": [ [ [ 77.438595958245315, 23.238276691494761 ], [ 77.438760058245322, 23.238300191484957 ], [ 77.438773458245308, 23.238221491517795 ], [ 77.438609258245307, 23.238197991527603 ], [ 77.438595958245315, 23.238276691494761 ] ] ] } },
{ "type": "Feature", "properties": { }, "geometry": { "type": "Polygon", "coordinates": [ [ [ 77.436941658245317, 23.241995389942577 ], [ 77.437065558245308, 23.242013489935029 ], [ 77.437086458245304, 23.241892889985362 ], [ 77.436962558245327, 23.24187478999292 ], [ 77.436941658245317, 23.241995389942577 ] ] ] } },
{ "type": "Feature", "properties": { }, "geometry": { "type": "Polygon", "coordinates": [ [ [ 77.438992358245329, 23.238534091387336 ], [ 77.439067258245302, 23.238554191378942 ], [ 77.439103558245321, 23.238440391426444 ], [ 77.439028658245306, 23.238420291434831 ], [ 77.438992358245329, 23.238534091387336 ] ] ] } },
{ "type": "Feature", "properties": { }, "geometry": { "type": "Polygon", "coordinates": [ [ [ 77.438332358245319, 23.238692691321134 ], [ 77.438494058245325, 23.238713491312449 ], [ 77.438507258245323, 23.238626491348768 ], [ 77.438345558245302, 23.238605691357446 ], [ 77.438332358245319, 23.238692691321134 ] ] ] } },
{ "type": "Feature", "properties": { }, "geometry": { "type": "Polygon", "coordinates": [ [ [ 77.438774958245318, 23.23879789127723 ], [ 77.438932858245323, 23.238818391268669 ], [ 77.438945958245313, 23.238733291304186 ], [ 77.438788058245322, 23.238712791312743 ], [ 77.438774958245318, 23.23879789127723 ] ] ] } },
{ "type": "Feature", "properties": { }, "geometry": { "type": "Polygon", "coordinates": [ [ [ 77.438416258245311, 23.239171891121128 ], [ 77.438586458245339, 23.23919629111094 ], [ 77.438600858245337, 23.23911139114638 ], [ 77.438430658245309, 23.239086991156565 ], [ 77.438416258245311, 23.239171891121128 ] ] ] } },
{ "type": "Feature", "properties": { }, "geometry": { "type": "Polygon", "coordinates": [ [ [ 77.438299958245324, 23.238922791225097 ], [ 77.438449158245305, 23.238939791218002 ], [ 77.438459958245318, 23.238859891251348 ], [ 77.438310758245322, 23.23884289125845 ], [ 77.438299958245324, 23.238922791225097 ] ] ] } },
{ "type": "Feature", "properties": { }, "geometry": { "type": "Polygon", "coordinates": [ [ [ 77.438695658245322, 23.239217691102013 ], [ 77.438858958245305, 23.239242091091832 ], [ 77.438877458245329, 23.239137291135563 ], [ 77.438714158245318, 23.239112991145713 ], [ 77.438695658245322, 23.239217691102013 ] ] ] } },
{ "type": "Feature", "properties": { }, "geometry": { "type": "Polygon", "coordinates": [ [ [ 77.438872358245305, 23.239233991095205 ], [ 77.439012558245309, 23.239257391085438 ], [ 77.439028958245302, 23.239174591120001 ], [ 77.438888758245312, 23.239151191129768 ], [ 77.438872358245305, 23.239233991095205 ] ] ] } },
{ "type": "Feature", "properties": { }, "geometry": { "type": "Polygon", "coordinates": [ [ [ 77.438912058245307, 23.23898759119805 ], [ 77.438903258245304, 23.239067291164787 ], [ 77.439048958245323, 23.239080891159105 ], [ 77.439057758245312, 23.239001191192376 ], [ 77.438912058245307, 23.23898759119805 ] ] ] } },
{ "type": "Feature", "properties": { }, "geometry": { "type": "Polygon", "coordinates": [ [ [ 77.436924258245313, 23.242076389908771 ], [ 77.437049158245316, 23.242094689901126 ], [ 77.437062758245304, 23.242016089933941 ], [ 77.436937858245301, 23.241997789941575 ], [ 77.436924258245313, 23.242076389908771 ] ] ] } },
{ "type": "Feature", "properties": { }, "geometry": { "type": "Polygon", "coordinates": [ [ [ 77.438355558245291, 23.238603291358448 ], [ 77.438505558245325, 23.238622191350562 ], [ 77.438518258245324, 23.238536791386203 ], [ 77.438368358245327, 23.238517891394093 ], [ 77.438355558245291, 23.238603291358448 ] ] ] } },
{ "type": "Feature", "properties": { }, "geometry": { "type": "Polygon", "coordinates": [ [ [ 77.439190558245301, 23.23846559141592 ], [ 77.439289458245312, 23.238491191405238 ], [ 77.439328658245316, 23.238363291458612 ], [ 77.439229758245318, 23.238337691469297 ], [ 77.439190558245301, 23.23846559141592 ] ] ] } },
{ "type": "Feature", "properties": { }, "geometry": { "type": "Polygon", "coordinates": [ [ [ 77.438394158245302, 23.238375891453362 ], [ 77.438561958245316, 23.238400891442929 ], [ 77.438579558245323, 23.238301191484535 ], [ 77.438411858245303, 23.238276091495013 ], [ 77.438394158245302, 23.238375891453362 ] ] ] } },
{ "type": "Feature", "properties": { }, "geometry": { "type": "Polygon", "coordinates": [ [ [ 77.438927858245307, 23.238899991234611 ], [ 77.438916058245297, 23.238981091200756 ], [ 77.439070958245324, 23.239000091192832 ], [ 77.43908275824532, 23.238918891226728 ], [ 77.438927858245307, 23.238899991234611 ] ] ] } },
{ "type": "Feature", "properties": { }, "geometry": { "type": "Polygon", "coordinates": [ [ [ 77.429939258245327, 23.234382793119824 ], [ 77.429910258245314, 23.234388893117277 ], [ 77.429885658245325, 23.234404193110894 ], [ 77.42986875824532, 23.234426593101539 ], [ 77.429861758245309, 23.234453193090445 ], [ 77.429865658245305, 23.234480193079175 ], [ 77.429879958245309, 23.234504193069164 ], [ 77.429902658245325, 23.234521693061861 ], [ 77.42993075824532, 23.234530593058143 ], [ 77.429960458245304, 23.234529493058602 ], [ 77.429987758245304, 23.23451859306315 ], [ 77.430008858245316, 23.234499393071168 ], [ 77.430021058245302, 23.23447449308156 ], [ 77.430022558245327, 23.234447293092902 ], [ 77.430013258245324, 23.23442129310375 ], [ 77.429994458245304, 23.23440019311256 ], [ 77.429968558245321, 23.234386793118148 ], [ 77.429939258245327, 23.234382793119824 ] ] ] } },
{ "type": "Feature", "properties": { }, "geometry": { "type": "Polygon", "coordinates": [ [ [ 77.433190958245305, 23.229264695255395 ], [ 77.433380558245304, 23.229065095338669 ], [ 77.433320058245329, 23.229016595358903 ], [ 77.433130458245301, 23.229216095275671 ], [ 77.433190958245305, 23.229264695255395 ] ] ] } },
{ "type": "Feature", "properties": { }, "geometry": { "type": "Polygon", "coordinates": [ [ [ 77.429003158245308, 23.235523992643586 ], [ 77.429029658245298, 23.235647792591923 ], [ 77.429166158245323, 23.235623092602239 ], [ 77.429139758245313, 23.23549939265385 ], [ 77.429003158245308, 23.235523992643586 ] ] ] } },
{ "type": "Feature", "properties": { }, "geometry": { "type": "Polygon", "coordinates": [ [ [ 77.430948858245344, 23.228952195385773 ], [ 77.431084358245315, 23.228743895472679 ], [ 77.431016758245306, 23.228706795488158 ], [ 77.430881258245307, 23.228915095401252 ], [ 77.430948858245344, 23.228952195385773 ] ] ] } },
{ "type": "Feature", "properties": { }, "geometry": { "type": "Polygon", "coordinates": [ [ [ 77.426142058245318, 23.228341895640391 ], [ 77.426226858245315, 23.228341195640681 ], [ 77.426226358245302, 23.228291095661586 ], [ 77.426141558245305, 23.228291795661296 ], [ 77.426142058245318, 23.228341895640391 ] ] ] } },
{ "type": "Feature", "properties": { }, "geometry": { "type": "Polygon", "coordinates": [ [ [ 77.426992958245307, 23.228968895378799 ], [ 77.42699435824531, 23.22912539531351 ], [ 77.42708195824531, 23.229124695313804 ], [ 77.427080558245322, 23.228968195379096 ], [ 77.426992958245307, 23.228968895378799 ] ] ] } },
{ "type": "Feature", "properties": { }, "geometry": { "type": "Polygon", "coordinates": [ [ [ 77.429722758245305, 23.22872239548164 ], [ 77.429800258245322, 23.228761195465459 ], [ 77.429876058245313, 23.228633695518653 ], [ 77.429798558245309, 23.228594795534875 ], [ 77.429722758245305, 23.22872239548164 ] ] ] } },
{ "type": "Feature", "properties": { }, "geometry": { "type": "Polygon", "coordinates": [ [ [ 77.427555358245314, 23.229831095019087 ], [ 77.427554458245297, 23.229947594970472 ], [ 77.427765958245317, 23.22994889496993 ], [ 77.427766758245312, 23.229832395018537 ], [ 77.427555358245314, 23.229831095019087 ] ] ] } },
{ "type": "Feature", "properties": { }, "geometry": { "type": "Polygon", "coordinates": [ [ [ 77.431837758245308, 23.229948294970182 ], [ 77.43203215824532, 23.229904194988578 ], [ 77.432014758245316, 23.229839495015579 ], [ 77.431820358245318, 23.22988359499718 ], [ 77.431837758245308, 23.229948294970182 ] ] ] } },
{ "type": "Feature", "properties": { }, "geometry": { "type": "Polygon", "coordinates": [ [ [ 77.432604858245327, 23.237478091828066 ], [ 77.432663858245306, 23.237687591740627 ], [ 77.432857458245323, 23.237641491759867 ], [ 77.43279845824533, 23.237431991847306 ], [ 77.432604858245327, 23.237478091828066 ] ] ] } },
{ "type": "Feature", "properties": { }, "geometry": { "type": "Polygon", "coordinates": [ [ [ 77.426725258245312, 23.229418295191309 ], [ 77.426724458245317, 23.229504095155512 ], [ 77.426812358245314, 23.22950469515526 ], [ 77.426813158245309, 23.229418895191063 ], [ 77.426725258245312, 23.229418295191309 ] ] ] } },
{ "type": "Feature", "properties": { }, "geometry": { "type": "Polygon", "coordinates": [ [ [ 77.426418658245311, 23.230076494916691 ], [ 77.426489058245323, 23.230113094901423 ], [ 77.42655845824531, 23.230000294948482 ], [ 77.426488058245312, 23.22996369496375 ], [ 77.426418658245311, 23.230076494916691 ] ] ] } },
{ "type": "Feature", "properties": { }, "geometry": { "type": "Polygon", "coordinates": [ [ [ 77.426204458245323, 23.229338395224637 ], [ 77.426332758245294, 23.229387495204165 ], [ 77.42638395824531, 23.229274595251262 ], [ 77.42625565824531, 23.229225395271794 ], [ 77.426204458245323, 23.229338395224637 ] ] ] } },
{ "type": "Feature", "properties": { }, "geometry": { "type": "Polygon", "coordinates": [ [ [ 77.425836858245304, 23.228379995624497 ], [ 77.426050058245309, 23.228371395628084 ], [ 77.426047058245302, 23.228309095654076 ], [ 77.425833858245312, 23.22831779565044 ], [ 77.425836858245304, 23.228379995624497 ] ] ] } },
{ "type": "Feature", "properties": { }, "geometry": { "type": "Polygon", "coordinates": [ [ [ 77.431307358245306, 23.228158495716904 ], [ 77.43113835824532, 23.228339695641306 ], [ 77.431202058245304, 23.228389895620367 ], [ 77.431371058245318, 23.228208695695958 ], [ 77.431307358245306, 23.228158495716904 ] ] ] } },
{ "type": "Feature", "properties": { }, "geometry": { "type": "Polygon", "coordinates": [ [ [ 77.432257458245303, 23.229349895219844 ], [ 77.43235155824533, 23.229435095184293 ], [ 77.432405358245319, 23.229384995205205 ], [ 77.432311258245306, 23.229299795240749 ], [ 77.432257458245303, 23.229349895219844 ] ] ] } },
{ "type": "Feature", "properties": { }, "geometry": { "type": "Polygon", "coordinates": [ [ [ 77.431547958245318, 23.228559095549773 ], [ 77.431638258245329, 23.228640495515815 ], [ 77.431771358245328, 23.228515695567879 ], [ 77.431681058245303, 23.22843429560184 ], [ 77.431547958245318, 23.228559095549773 ] ] ] } },
{ "type": "Feature", "properties": { }, "geometry": { "type": "Polygon", "coordinates": [ [ [ 77.431917558245317, 23.236474992246709 ], [ 77.431932158245317, 23.236589592198875 ], [ 77.432149358245312, 23.236566192208649 ], [ 77.432134758245311, 23.236451492256514 ], [ 77.431917558245317, 23.236474992246709 ] ] ] } },
{ "type": "Feature", "properties": { }, "geometry": { "type": "Polygon", "coordinates": [ [ [ 77.432907958245309, 23.237655491754026 ], [ 77.433209558245309, 23.237654291754527 ], [ 77.433208058245327, 23.237343591884198 ], [ 77.432906358245305, 23.237344891883655 ], [ 77.432907958245309, 23.237655491754026 ] ] ] } },
{ "type": "Feature", "properties": { }, "geometry": { "type": "Polygon", "coordinates": [ [ [ 77.432010058245325, 23.229027695354265 ], [ 77.431951458245322, 23.22908349533099 ], [ 77.432042658245322, 23.229164295297281 ], [ 77.432101258245325, 23.229108395320601 ], [ 77.432010058245325, 23.229027695354265 ] ] ] } },
{ "type": "Feature", "properties": { }, "geometry": { "type": "Polygon", "coordinates": [ [ [ 77.432064358245327, 23.229159495299285 ], [ 77.432158958245296, 23.229240895265324 ], [ 77.432203158245315, 23.229197495283433 ], [ 77.432108658245312, 23.229116095317391 ], [ 77.432064358245327, 23.229159495299285 ] ] ] } },
{ "type": "Feature", "properties": { }, "geometry": { "type": "Polygon", "coordinates": [ [ [ 77.426712658245307, 23.228192695702635 ], [ 77.426749558245305, 23.228232795685901 ], [ 77.426842858245308, 23.228160295716151 ], [ 77.426805958245311, 23.228120195732881 ], [ 77.426712658245307, 23.228192695702635 ] ] ] } },
{ "type": "Feature", "properties": { }, "geometry": { "type": "Polygon", "coordinates": [ [ [ 77.424619258245315, 23.229212795277046 ], [ 77.424757358245316, 23.229225195271873 ], [ 77.424769758245318, 23.229107895320816 ], [ 77.424631658245318, 23.229095595325944 ], [ 77.424619258245315, 23.229212795277046 ] ] ] } },
{ "type": "Feature", "properties": { }, "geometry": { "type": "Polygon", "coordinates": [ [ [ 77.427005758245343, 23.229506795154382 ], [ 77.427005758245343, 23.229609095111705 ], [ 77.427060058245303, 23.229609095111705 ], [ 77.427060058245303, 23.229506795154382 ], [ 77.427005758245343, 23.229506795154382 ] ] ] } },
{ "type": "Feature", "properties": { }, "geometry": { "type": "Polygon", "coordinates": [ [ [ 77.426628258245316, 23.230170194877594 ], [ 77.426710158245314, 23.23021959485699 ], [ 77.426758758245313, 23.230151494885401 ], [ 77.426676958245324, 23.230102094906009 ], [ 77.426628258245316, 23.230170194877594 ] ] ] } },
{ "type": "Feature", "properties": { }, "geometry": { "type": "Polygon", "coordinates": [ [ [ 77.430731258245316, 23.23057639470812 ], [ 77.431050358245329, 23.230620594689679 ], [ 77.431075658245319, 23.230465994754177 ], [ 77.430756558245321, 23.230421794772624 ], [ 77.430731258245316, 23.23057639470812 ] ] ] } },
{ "type": "Feature", "properties": { }, "geometry": { "type": "Polygon", "coordinates": [ [ [ 77.430007958245312, 23.234917492896688 ], [ 77.4300950582453, 23.234983092869314 ], [ 77.43012415824532, 23.234950492882913 ], [ 77.430037058245304, 23.234884892910291 ], [ 77.430007958245312, 23.234917492896688 ] ] ] } },
{ "type": "Feature", "properties": { }, "geometry": { "type": "Polygon", "coordinates": [ [ [ 77.431567658245328, 23.236503992234603 ], [ 77.431724158245302, 23.236483992242952 ], [ 77.431692858245313, 23.236276692329461 ], [ 77.431536258245302, 23.236296692321119 ], [ 77.431567658245328, 23.236503992234603 ] ] ] } },
{ "type": "Feature", "properties": { }, "geometry": { "type": "Polygon", "coordinates": [ [ [ 77.43188415824531, 23.231880994163781 ], [ 77.431935458245306, 23.231918794148001 ], [ 77.432288458245324, 23.231514794316571 ], [ 77.432237158245329, 23.231476994332343 ], [ 77.43188415824531, 23.231880994163781 ] ] ] } },
{ "type": "Feature", "properties": { }, "geometry": { "type": "Polygon", "coordinates": [ [ [ 77.425417758245302, 23.229189395286809 ], [ 77.425571758245312, 23.229195695284179 ], [ 77.425575058245329, 23.229127595312598 ], [ 77.425421058245306, 23.229121395315179 ], [ 77.425417758245302, 23.229189395286809 ] ] ] } },
{ "type": "Feature", "properties": { }, "geometry": { "type": "Polygon", "coordinates": [ [ [ 77.427983858245341, 23.229712695068478 ], [ 77.428148758245328, 23.22971369506806 ], [ 77.428149558245295, 23.22960289511429 ], [ 77.427984658245336, 23.229601895114708 ], [ 77.427983858245341, 23.229712695068478 ] ] ] } },
{ "type": "Feature", "properties": { }, "geometry": { "type": "Polygon", "coordinates": [ [ [ 77.426639858245309, 23.228236395684409 ], [ 77.426676358245302, 23.228275995667879 ], [ 77.426737558245307, 23.228228395687747 ], [ 77.426701058245328, 23.228188695704304 ], [ 77.426639858245309, 23.228236395684409 ] ] ] } },
{ "type": "Feature", "properties": { }, "geometry": { "type": "Polygon", "coordinates": [ [ [ 77.431166658245303, 23.229065995338289 ], [ 77.431279658245288, 23.229136895308717 ], [ 77.431387958245324, 23.228991195369495 ], [ 77.431274958245311, 23.228920295399082 ], [ 77.431166658245303, 23.229065995338289 ] ] ] } },
{ "type": "Feature", "properties": { }, "geometry": { "type": "Polygon", "coordinates": [ [ [ 77.429944158245334, 23.230304094821729 ], [ 77.430155458245324, 23.230435494766905 ], [ 77.430253458245318, 23.230302394822441 ], [ 77.430042158245314, 23.230170994877259 ], [ 77.429944158245334, 23.230304094821729 ] ] ] } },
{ "type": "Feature", "properties": { }, "geometry": { "type": "Polygon", "coordinates": [ [ [ 77.43006335824532, 23.229448595178667 ], [ 77.430471358245327, 23.22964009509877 ], [ 77.430572058245303, 23.229458895174371 ], [ 77.430164158245304, 23.229267395254269 ], [ 77.43006335824532, 23.229448595178667 ] ] ] } },
{ "type": "Feature", "properties": { }, "geometry": { "type": "Polygon", "coordinates": [ [ [ 77.429956158245318, 23.234734292973137 ], [ 77.430024458245313, 23.234761492961791 ], [ 77.430048358245315, 23.23471069298299 ], [ 77.429980158245314, 23.234683492994328 ], [ 77.429956158245318, 23.234734292973137 ] ] ] } },
{ "type": "Feature", "properties": { }, "geometry": { "type": "Polygon", "coordinates": [ [ [ 77.425422158245311, 23.228942395389861 ], [ 77.425669958245336, 23.228917395400291 ], [ 77.425656458245314, 23.228804695447309 ], [ 77.425408758245325, 23.228829595436917 ], [ 77.425422158245311, 23.228942395389861 ] ] ] } },
{ "type": "Feature", "properties": { }, "geometry": { "type": "Polygon", "coordinates": [ [ [ 77.42481465824531, 23.229215995275716 ], [ 77.424932758245305, 23.229228395270532 ], [ 77.424947658245316, 23.229109495320149 ], [ 77.424829558245307, 23.229096995325353 ], [ 77.42481465824531, 23.229215995275716 ] ] ] } },
{ "type": "Feature", "properties": { }, "geometry": { "type": "Polygon", "coordinates": [ [ [ 77.425016958245322, 23.228968495378972 ], [ 77.425212058245307, 23.228955095384567 ], [ 77.42520195824531, 23.228831595436084 ], [ 77.425006958245319, 23.228844995430492 ], [ 77.425016958245322, 23.228968495378972 ] ] ] } },
{ "type": "Feature", "properties": { }, "geometry": { "type": "Polygon", "coordinates": [ [ [ 77.430581058245338, 23.231562694296588 ], [ 77.430744458245314, 23.231582294288405 ], [ 77.430765958245331, 23.231431294351417 ], [ 77.430602558245312, 23.231411694359593 ], [ 77.430581058245338, 23.231562694296588 ] ] ] } },
{ "type": "Feature", "properties": { }, "geometry": { "type": "Polygon", "coordinates": [ [ [ 77.430376258245303, 23.228194495701885 ], [ 77.430549658245326, 23.228337995642026 ], [ 77.430612658245309, 23.228273695668843 ], [ 77.430439358245323, 23.228130195728713 ], [ 77.430376258245303, 23.228194495701885 ] ] ] } },
{ "type": "Feature", "properties": { }, "geometry": { "type": "Polygon", "coordinates": [ [ [ 77.427057358245293, 23.230077694916194 ], [ 77.427137658245329, 23.229956294966843 ], [ 77.426998558245316, 23.22987859499926 ], [ 77.426918258245308, 23.22999999494861 ], [ 77.427057358245293, 23.230077694916194 ] ] ] } },
{ "type": "Feature", "properties": { }, "geometry": { "type": "Polygon", "coordinates": [ [ [ 77.432315158245302, 23.228963695380976 ], [ 77.432409958245302, 23.229058595341382 ], [ 77.432479458245325, 23.22899989536587 ], [ 77.432384658245311, 23.228905095405416 ], [ 77.432315158245302, 23.228963695380976 ] ] ] } },
{ "type": "Feature", "properties": { }, "geometry": { "type": "Polygon", "coordinates": [ [ [ 77.425076258245298, 23.228641495515394 ], [ 77.425316358245325, 23.228638095516821 ], [ 77.42531565824531, 23.228591795536136 ], [ 77.425075458245303, 23.228595095534754 ], [ 77.425076258245298, 23.228641495515394 ] ] ] } },
{ "type": "Feature", "properties": { }, "geometry": { "type": "Polygon", "coordinates": [ [ [ 77.427311258245325, 23.229322195231404 ], [ 77.427493758245305, 23.229313895234863 ], [ 77.427489058245314, 23.229224895272004 ], [ 77.427306458245312, 23.229233095268579 ], [ 77.427311258245325, 23.229322195231404 ] ] ] } },
{ "type": "Feature", "properties": { }, "geometry": { "type": "Polygon", "coordinates": [ [ [ 77.425752858245289, 23.228897995408385 ], [ 77.425992358245324, 23.228889695411844 ], [ 77.425987758245327, 23.228775795459367 ], [ 77.425748258245321, 23.228783995455942 ], [ 77.425752858245289, 23.228897995408385 ] ] ] } },
{ "type": "Feature", "properties": { }, "geometry": { "type": "Polygon", "coordinates": [ [ [ 77.432701258245316, 23.229298695241209 ], [ 77.43273375824532, 23.229326795229483 ], [ 77.43277515824532, 23.229286295246382 ], [ 77.432742658245317, 23.229258295258067 ], [ 77.432701258245316, 23.229298695241209 ] ] ] } },
{ "type": "Feature", "properties": { }, "geometry": { "type": "Polygon", "coordinates": [ [ [ 77.425269558245304, 23.229398895199399 ], [ 77.425269258245322, 23.22925329526015 ], [ 77.425152058245303, 23.229253595260015 ], [ 77.425152358245327, 23.229399195199278 ], [ 77.425269558245304, 23.229398895199399 ] ] ] } },
{ "type": "Feature", "properties": { }, "geometry": { "type": "Polygon", "coordinates": [ [ [ 77.430117058245315, 23.230154194884275 ], [ 77.430290558245318, 23.230264294838335 ], [ 77.430445558245324, 23.23005809492437 ], [ 77.430272058245322, 23.22994799497031 ], [ 77.430117058245315, 23.230154194884275 ] ] ] } },
{ "type": "Feature", "properties": { }, "geometry": { "type": "Polygon", "coordinates": [ [ [ 77.431423658245322, 23.236695892154515 ], [ 77.431445358245327, 23.236904792067339 ], [ 77.431580058245316, 23.236892992072256 ], [ 77.431558458245291, 23.23668409215944 ], [ 77.431423658245322, 23.236695892154515 ] ] ] } },
{ "type": "Feature", "properties": { }, "geometry": { "type": "Polygon", "coordinates": [ [ [ 77.429021958245329, 23.229977594957958 ], [ 77.429131558245302, 23.229702595072688 ], [ 77.429040258245323, 23.229671895085502 ], [ 77.428930658245321, 23.229946894970766 ], [ 77.429021958245329, 23.229977594957958 ] ] ] } },
{ "type": "Feature", "properties": { }, "geometry": { "type": "Polygon", "coordinates": [ [ [ 77.425582258245313, 23.229088095329072 ], [ 77.42557305824532, 23.229226495271327 ], [ 77.425741758245309, 23.229235895267411 ], [ 77.425750958245303, 23.229097495325149 ], [ 77.425582258245313, 23.229088095329072 ] ] ] } },
{ "type": "Feature", "properties": { }, "geometry": { "type": "Polygon", "coordinates": [ [ [ 77.429293258245309, 23.23520019277872 ], [ 77.429418758245305, 23.235095092822576 ], [ 77.429309858245304, 23.234985292868398 ], [ 77.429184358245308, 23.235090392824535 ], [ 77.429293258245309, 23.23520019277872 ] ] ] } },
{ "type": "Feature", "properties": { }, "geometry": { "type": "Polygon", "coordinates": [ [ [ 77.431504158245332, 23.236139492386716 ], [ 77.431510458245327, 23.23623579234653 ], [ 77.431622958245313, 23.236229592349115 ], [ 77.431616658245318, 23.236133292389312 ], [ 77.431504158245332, 23.236139492386716 ] ] ] } },
{ "type": "Feature", "properties": { }, "geometry": { "type": "Polygon", "coordinates": [ [ [ 77.427727858245305, 23.230002794947442 ], [ 77.427612058245316, 23.23010089490651 ], [ 77.427781658245323, 23.230269894836002 ], [ 77.427897458245326, 23.230171794876934 ], [ 77.427727858245305, 23.230002794947442 ] ] ] } },
{ "type": "Feature", "properties": { }, "geometry": { "type": "Polygon", "coordinates": [ [ [ 77.427693658245303, 23.229665495088167 ], [ 77.427892658245327, 23.229663095089169 ], [ 77.427891158245302, 23.229557595133191 ], [ 77.427692158245321, 23.229559895132233 ], [ 77.427693658245303, 23.229665495088167 ] ] ] } },
{ "type": "Feature", "properties": { }, "geometry": { "type": "Polygon", "coordinates": [ [ [ 77.432576658245324, 23.229369395211709 ], [ 77.432609558245318, 23.229406895196067 ], [ 77.432638258245305, 23.229385695204908 ], [ 77.432605458245305, 23.229348095220598 ], [ 77.432576658245324, 23.229369395211709 ] ] ] } },
{ "type": "Feature", "properties": { }, "geometry": { "type": "Polygon", "coordinates": [ [ [ 77.428612258245309, 23.231502994321495 ], [ 77.428678258245327, 23.231497994323586 ], [ 77.428670558245315, 23.231413094359009 ], [ 77.428604558245311, 23.23141819435688 ], [ 77.428612258245309, 23.231502994321495 ] ] ] } },
{ "type": "Feature", "properties": { }, "geometry": { "type": "Polygon", "coordinates": [ [ [ 77.424869258245309, 23.229881694997964 ], [ 77.425018058245314, 23.229872595001758 ], [ 77.425010658245313, 23.229771095044111 ], [ 77.424861958245302, 23.229780095040358 ], [ 77.424869258245309, 23.229881694997964 ] ] ] } },
{ "type": "Feature", "properties": { }, "geometry": { "type": "Polygon", "coordinates": [ [ [ 77.429162258245299, 23.229590895119291 ], [ 77.429280258245328, 23.229324695230357 ], [ 77.429194758245288, 23.229292695243711 ], [ 77.429076758245301, 23.229558895132651 ], [ 77.429162258245299, 23.229590895119291 ] ] ] } },
{ "type": "Feature", "properties": { }, "geometry": { "type": "Polygon", "coordinates": [ [ [ 77.43301795824533, 23.229462695172778 ], [ 77.433139558245315, 23.229339995223977 ], [ 77.43307125824532, 23.22928279524784 ], [ 77.43294965824532, 23.229405495196652 ], [ 77.43301795824533, 23.229462695172778 ] ] ] } },
{ "type": "Feature", "properties": { }, "geometry": { "type": "Polygon", "coordinates": [ [ [ 77.426678158245323, 23.22964589509635 ], [ 77.426677858245327, 23.229712895068396 ], [ 77.42682685824532, 23.22971349506814 ], [ 77.426827158245302, 23.229646495096102 ], [ 77.426678158245323, 23.22964589509635 ] ] ] } },
{ "type": "Feature", "properties": { }, "geometry": { "type": "Polygon", "coordinates": [ [ [ 77.431277558245327, 23.2288775954169 ], [ 77.431379058245327, 23.228943795389274 ], [ 77.431459158245318, 23.228840095432542 ], [ 77.431357658245304, 23.228773895460158 ], [ 77.431277558245327, 23.2288775954169 ] ] ] } },
{ "type": "Feature", "properties": { }, "geometry": { "type": "Polygon", "coordinates": [ [ [ 77.425832358245316, 23.229290595244589 ], [ 77.425943858245304, 23.229342795222809 ], [ 77.425995958245323, 23.229248995261941 ], [ 77.425884458245321, 23.22919679528372 ], [ 77.425832358245316, 23.229290595244589 ] ] ] } },
{ "type": "Feature", "properties": { }, "geometry": { "type": "Polygon", "coordinates": [ [ [ 77.426832758245325, 23.230315694816891 ], [ 77.426835258245319, 23.230423394771954 ], [ 77.426975258245335, 23.23042069477308 ], [ 77.426972758245327, 23.230312994818021 ], [ 77.426832758245325, 23.230315694816891 ] ] ] } },
{ "type": "Feature", "properties": { }, "geometry": { "type": "Polygon", "coordinates": [ [ [ 77.424576758245308, 23.228953695385147 ], [ 77.424806658245302, 23.228960695382227 ], [ 77.424809858245311, 23.228872295419105 ], [ 77.424579958245303, 23.228865195422074 ], [ 77.424576758245308, 23.228953695385147 ] ] ] } },
{ "type": "Feature", "properties": { }, "geometry": { "type": "Polygon", "coordinates": [ [ [ 77.431707958245326, 23.228421695607096 ], [ 77.431788858245312, 23.22849419557685 ], [ 77.431924958245304, 23.228365995630337 ], [ 77.431844058245318, 23.228293495660584 ], [ 77.431707958245326, 23.228421695607096 ] ] ] } },
{ "type": "Feature", "properties": { }, "geometry": { "type": "Polygon", "coordinates": [ [ [ 77.432388158245317, 23.229698995074187 ], [ 77.432452858245327, 23.229809895027927 ], [ 77.432561758245313, 23.229756195050328 ], [ 77.432497058245303, 23.229645295096599 ], [ 77.432388158245317, 23.229698995074187 ] ] ] } },
{ "type": "Feature", "properties": { }, "geometry": { "type": "Polygon", "coordinates": [ [ [ 77.427081558245305, 23.229499295157517 ], [ 77.427081458245297, 23.229309395236744 ], [ 77.426958858245314, 23.229309395236744 ], [ 77.426958858245314, 23.229499295157517 ], [ 77.427081558245305, 23.229499295157517 ] ] ] } },
{ "type": "Feature", "properties": { }, "geometry": { "type": "Polygon", "coordinates": [ [ [ 77.427543158245328, 23.230107994903552 ], [ 77.427551158245322, 23.229883094997383 ], [ 77.427421958245318, 23.229879194999008 ], [ 77.427413958245324, 23.23010409490518 ], [ 77.427543158245328, 23.230107994903552 ] ] ] } },
{ "type": "Feature", "properties": { }, "geometry": { "type": "Polygon", "coordinates": [ [ [ 77.432681958245325, 23.229259395257603 ], [ 77.432746358245311, 23.229197095283595 ], [ 77.432666358245314, 23.229127295312718 ], [ 77.432601958245328, 23.229189495286771 ], [ 77.432681958245325, 23.229259395257603 ] ] ] } },
{ "type": "Feature", "properties": { }, "geometry": { "type": "Polygon", "coordinates": [ [ [ 77.431156458245326, 23.229089095328654 ], [ 77.431054858245332, 23.229236295267238 ], [ 77.431207758245307, 23.229325495230029 ], [ 77.431309458245309, 23.22917829529144 ], [ 77.431156458245326, 23.229089095328654 ] ] ] } },
{ "type": "Feature", "properties": { }, "geometry": { "type": "Polygon", "coordinates": [ [ [ 77.425226558245313, 23.228955695384311 ], [ 77.42541035824533, 23.228946095388316 ], [ 77.425403458245313, 23.228833995435085 ], [ 77.425219658245311, 23.228843595431083 ], [ 77.425226558245313, 23.228955695384311 ] ] ] } },
{ "type": "Feature", "properties": { }, "geometry": { "type": "Polygon", "coordinates": [ [ [ 77.424902258245297, 23.228647295512982 ], [ 77.425056558245302, 23.228647695512812 ], [ 77.425056758245319, 23.228587795537802 ], [ 77.424902458245327, 23.228587395537968 ], [ 77.424902258245297, 23.228647295512982 ] ] ] } },
{ "type": "Feature", "properties": { }, "geometry": { "type": "Polygon", "coordinates": [ [ [ 77.431250958245329, 23.236185392367563 ], [ 77.431325658245342, 23.236177692370781 ], [ 77.431298758245319, 23.235955892463348 ], [ 77.431224158245314, 23.235963492460176 ], [ 77.431250958245329, 23.236185392367563 ] ] ] } },
{ "type": "Feature", "properties": { }, "geometry": { "type": "Polygon", "coordinates": [ [ [ 77.432818958245321, 23.228832395435756 ], [ 77.432767358245314, 23.228878295416603 ], [ 77.432944458245288, 23.229046195346552 ], [ 77.432995958245314, 23.229000195365749 ], [ 77.432818958245321, 23.228832395435756 ] ] ] } },
{ "type": "Feature", "properties": { }, "geometry": { "type": "Polygon", "coordinates": [ [ [ 77.424241058245329, 23.22857599554272 ], [ 77.42423835824529, 23.22863389551857 ], [ 77.424748158245322, 23.228653895510224 ], [ 77.424750858245318, 23.228595895534422 ], [ 77.424241058245329, 23.22857599554272 ] ] ] } },
{ "type": "Feature", "properties": { }, "geometry": { "type": "Polygon", "coordinates": [ [ [ 77.427182058245322, 23.230080794914901 ], [ 77.427294758245324, 23.229917494983024 ], [ 77.427238458245327, 23.22988469499672 ], [ 77.427125858245319, 23.230047994928579 ], [ 77.427182058245322, 23.230080794914901 ] ] ] } },
{ "type": "Feature", "properties": { }, "geometry": { "type": "Polygon", "coordinates": [ [ [ 77.425107058245317, 23.230444894762986 ], [ 77.425262658245302, 23.230569394711036 ], [ 77.425353858245302, 23.230473094751218 ], [ 77.425198258245317, 23.230348594803161 ], [ 77.425107058245317, 23.230444894762986 ] ] ] } },
{ "type": "Feature", "properties": { }, "geometry": { "type": "Polygon", "coordinates": [ [ [ 77.425213358245315, 23.229170195294824 ], [ 77.425369658245302, 23.229171695294191 ], [ 77.425370558245319, 23.229089695328405 ], [ 77.425214258245333, 23.229088295328989 ], [ 77.425213358245315, 23.229170195294824 ] ] ] } },
{ "type": "Feature", "properties": { }, "geometry": { "type": "Polygon", "coordinates": [ [ [ 77.427201958245305, 23.229177395291817 ], [ 77.427199058245307, 23.228960495382307 ], [ 77.427103958245311, 23.22896159538185 ], [ 77.42710685824531, 23.229178495291354 ], [ 77.427201958245305, 23.229177395291817 ] ] ] } },
{ "type": "Feature", "properties": { }, "geometry": { "type": "Polygon", "coordinates": [ [ [ 77.426787258245312, 23.22914449530554 ], [ 77.426871258245328, 23.229143295306041 ], [ 77.426868858245314, 23.228990395369831 ], [ 77.426784858245313, 23.228991495369375 ], [ 77.426787258245312, 23.22914449530554 ] ] ] } },
{ "type": "Feature", "properties": { }, "geometry": { "type": "Polygon", "coordinates": [ [ [ 77.425806558245327, 23.229149795303332 ], [ 77.425844558245302, 23.229161995298242 ], [ 77.425863658245319, 23.229111995319101 ], [ 77.425825558245322, 23.229099795324185 ], [ 77.425806558245327, 23.229149795303332 ] ] ] } },
{ "type": "Feature", "properties": { }, "geometry": { "type": "Polygon", "coordinates": [ [ [ 77.429357558245314, 23.231531794309475 ], [ 77.429361758245321, 23.231684194245894 ], [ 77.429994758245329, 23.231669394252069 ], [ 77.429990558245308, 23.231516994315658 ], [ 77.429357558245314, 23.231531794309475 ] ] ] } },
{ "type": "Feature", "properties": { }, "geometry": { "type": "Polygon", "coordinates": [ [ [ 77.43220745824533, 23.228828595437339 ], [ 77.432256958245318, 23.22878949545365 ], [ 77.43218505824531, 23.228712595485732 ], [ 77.432135558245307, 23.228751695469416 ], [ 77.43220745824533, 23.228828595437339 ] ] ] } },
{ "type": "Feature", "properties": { }, "geometry": { "type": "Polygon", "coordinates": [ [ [ 77.42698125824532, 23.22913349531013 ], [ 77.426982658245322, 23.228985995371666 ], [ 77.426902158245312, 23.228985395371922 ], [ 77.42690075824531, 23.229132795310424 ], [ 77.42698125824532, 23.22913349531013 ] ] ] } },
{ "type": "Feature", "properties": { }, "geometry": { "type": "Polygon", "coordinates": [ [ [ 77.431591158245311, 23.236654392171832 ], [ 77.431608358245327, 23.236856392087532 ], [ 77.431924458245319, 23.236833692097008 ], [ 77.431907258245317, 23.236631692181309 ], [ 77.431591158245311, 23.236654392171832 ] ] ] } },
{ "type": "Feature", "properties": { }, "geometry": { "type": "Polygon", "coordinates": [ [ [ 77.428082758245324, 23.229328295228857 ], [ 77.428215958245303, 23.229051995344133 ], [ 77.428096858245326, 23.229003495364363 ], [ 77.427963658245318, 23.229279895249054 ], [ 77.428082758245324, 23.229328295228857 ] ] ] } },
{ "type": "Feature", "properties": { }, "geometry": { "type": "Polygon", "coordinates": [ [ [ 77.431416858245314, 23.228690295495038 ], [ 77.431502158245323, 23.228755095468003 ], [ 77.431617458245327, 23.22862689552149 ], [ 77.431532158245318, 23.228562095548519 ], [ 77.431416858245314, 23.228690295495038 ] ] ] } },
{ "type": "Feature", "properties": { }, "geometry": { "type": "Polygon", "coordinates": [ [ [ 77.431307658245316, 23.231712294234164 ], [ 77.431273258245312, 23.23187249416732 ], [ 77.431483758245307, 23.231910694151381 ], [ 77.431518158245311, 23.231750494218225 ], [ 77.431307658245316, 23.231712294234164 ] ] ] } },
{ "type": "Feature", "properties": { }, "geometry": { "type": "Polygon", "coordinates": [ [ [ 77.432216358245313, 23.22884469543062 ], [ 77.432295058245302, 23.228932395394033 ], [ 77.43235075824532, 23.228890195411644 ], [ 77.432271958245323, 23.228802495448228 ], [ 77.432216358245313, 23.22884469543062 ] ] ] } },
{ "type": "Feature", "properties": { }, "geometry": { "type": "Polygon", "coordinates": [ [ [ 77.426704658245313, 23.228431795602887 ], [ 77.426746758245315, 23.228480695582483 ], [ 77.427008158245329, 23.228290495661835 ], [ 77.426966058245327, 23.228241595682235 ], [ 77.426704658245313, 23.228431795602887 ] ] ] } },
{ "type": "Feature", "properties": { }, "geometry": { "type": "Polygon", "coordinates": [ [ [ 77.429440858245314, 23.230311694818557 ], [ 77.429803658245291, 23.230104594904972 ], [ 77.429721658245313, 23.229983294955574 ], [ 77.429358858245308, 23.230190494869124 ], [ 77.429440858245314, 23.230311694818557 ] ] ] } },
{ "type": "Feature", "properties": { }, "geometry": { "type": "Polygon", "coordinates": [ [ [ 77.425560658245317, 23.23021349485953 ], [ 77.425683358245308, 23.230215994858487 ], [ 77.425687458245307, 23.230050894927373 ], [ 77.425564758245315, 23.230048394928417 ], [ 77.425560658245317, 23.23021349485953 ] ] ] } },
{ "type": "Feature", "properties": { }, "geometry": { "type": "Polygon", "coordinates": [ [ [ 77.432292358245292, 23.236247592341613 ], [ 77.432420458245304, 23.236250692340313 ], [ 77.432421958245342, 23.236196692362853 ], [ 77.432293858245302, 23.236193592364145 ], [ 77.432292358245292, 23.236247592341613 ] ] ] } },
{ "type": "Feature", "properties": { }, "geometry": { "type": "Polygon", "coordinates": [ [ [ 77.426653858245302, 23.229418195191347 ], [ 77.426658858245318, 23.229496595158643 ], [ 77.426714658245302, 23.229493595159902 ], [ 77.426709658245315, 23.229415195192605 ], [ 77.426653858245302, 23.229418195191347 ] ] ] } },
{ "type": "Feature", "properties": { }, "geometry": { "type": "Polygon", "coordinates": [ [ [ 77.426388258245311, 23.230334394809088 ], [ 77.426571258245318, 23.230439794765111 ], [ 77.426631458245311, 23.23035159480191 ], [ 77.426448558245312, 23.230246094845931 ], [ 77.426388258245311, 23.230334394809088 ] ] ] } },
{ "type": "Feature", "properties": { }, "geometry": { "type": "Polygon", "coordinates": [ [ [ 77.426066958245315, 23.229181395290148 ], [ 77.425994358245319, 23.229311995235658 ], [ 77.426117758245326, 23.229369895211509 ], [ 77.426190358245321, 23.229239295265984 ], [ 77.426066958245315, 23.229181395290148 ] ] ] } },
{ "type": "Feature", "properties": { }, "geometry": { "type": "Polygon", "coordinates": [ [ [ 77.424227358245318, 23.237265891916628 ], [ 77.424254458245301, 23.237342491884657 ], [ 77.424588858245315, 23.237242591926353 ], [ 77.424561758245304, 23.237166091958279 ], [ 77.424227358245318, 23.237265891916628 ] ] ] } },
{ "type": "Feature", "properties": { }, "geometry": { "type": "Polygon", "coordinates": [ [ [ 77.431172558245322, 23.236386192283771 ], [ 77.431191358245314, 23.23654269221845 ], [ 77.431319758245323, 23.236529692223879 ], [ 77.43130105824531, 23.236373192289189 ], [ 77.431172558245322, 23.236386192283771 ] ] ] } },
{ "type": "Feature", "properties": { }, "geometry": { "type": "Polygon", "coordinates": [ [ [ 77.425543258245312, 23.228619095524742 ], [ 77.425592258245302, 23.228616095525997 ], [ 77.425576858245307, 23.228407195613144 ], [ 77.425527858245303, 23.228410295611855 ], [ 77.425543258245312, 23.228619095524742 ] ] ] } },
{ "type": "Feature", "properties": { }, "geometry": { "type": "Polygon", "coordinates": [ [ [ 77.428585258245292, 23.228230195686994 ], [ 77.428765758245319, 23.228234995684989 ], [ 77.42877045824531, 23.228087195746649 ], [ 77.428589958245325, 23.228082295748695 ], [ 77.428585258245292, 23.228230195686994 ] ] ] } },
{ "type": "Feature", "properties": { }, "geometry": { "type": "Polygon", "coordinates": [ [ [ 77.431227158245321, 23.232019094106153 ], [ 77.431437758245323, 23.232160794047026 ], [ 77.431499558245307, 23.232083294079363 ], [ 77.431288958245318, 23.23194159413849 ], [ 77.431227158245321, 23.232019094106153 ] ] ] } },
{ "type": "Feature", "properties": { }, "geometry": { "type": "Polygon", "coordinates": [ [ [ 77.431140058245319, 23.232123894062422 ], [ 77.43138275824532, 23.232287793994036 ], [ 77.431443158245315, 23.232212194025578 ], [ 77.431200458245314, 23.232048294093968 ], [ 77.431140058245319, 23.232123894062422 ] ] ] } },
{ "type": "Feature", "properties": { }, "geometry": { "type": "Polygon", "coordinates": [ [ [ 77.432244758245318, 23.229342595222896 ], [ 77.432301458245306, 23.229287195246009 ], [ 77.432210958245321, 23.229208995278629 ], [ 77.432154258245319, 23.229264295255557 ], [ 77.432244758245318, 23.229342595222896 ] ] ] } },
{ "type": "Feature", "properties": { }, "geometry": { "type": "Polygon", "coordinates": [ [ [ 77.431935658245322, 23.2368051921089 ], [ 77.432164958245309, 23.236781792118663 ], [ 77.432155558245327, 23.236703992151135 ], [ 77.431926258245298, 23.236727392141372 ], [ 77.431935658245322, 23.2368051921089 ] ] ] } },
{ "type": "Feature", "properties": { }, "geometry": { "type": "Polygon", "coordinates": [ [ [ 77.426671858245328, 23.229620995106742 ], [ 77.426847558245299, 23.2296186951077 ], [ 77.426845858245329, 23.229512595151967 ], [ 77.426670158245329, 23.229514995150961 ], [ 77.426671858245328, 23.229620995106742 ] ] ] } },
{ "type": "Feature", "properties": { }, "geometry": { "type": "Polygon", "coordinates": [ [ [ 77.425065658245316, 23.229179295291019 ], [ 77.425209158245323, 23.229181795289978 ], [ 77.425210458245303, 23.229120295315642 ], [ 77.42506695824531, 23.229117895316637 ], [ 77.425065658245316, 23.229179295291019 ] ] ] } },
{ "type": "Feature", "properties": { }, "geometry": { "type": "Polygon", "coordinates": [ [ [ 77.431747858245302, 23.236597592195544 ], [ 77.43187625824531, 23.236583392201467 ], [ 77.431814558245307, 23.236111392398449 ], [ 77.431686158245327, 23.236125592392526 ], [ 77.431747858245302, 23.236597592195544 ] ] ] } },
{ "type": "Feature", "properties": { }, "geometry": { "type": "Polygon", "coordinates": [ [ [ 77.425769758245295, 23.229259795257438 ], [ 77.425807758245327, 23.22927699525026 ], [ 77.425860458245324, 23.22917899529115 ], [ 77.425822458245307, 23.229161795298324 ], [ 77.425769758245295, 23.229259795257438 ] ] ] } },
{ "type": "Feature", "properties": { }, "geometry": { "type": "Polygon", "coordinates": [ [ [ 77.425619658245324, 23.228386795621656 ], [ 77.425824858245306, 23.228381895623702 ], [ 77.425823258245302, 23.228326495646815 ], [ 77.425618158245328, 23.228331495644728 ], [ 77.425619658245324, 23.228386795621656 ] ] ] } },
{ "type": "Feature", "properties": { }, "geometry": { "type": "Polygon", "coordinates": [ [ [ 77.426654758245306, 23.22938169520658 ], [ 77.426811058245306, 23.22937989520733 ], [ 77.426809758245312, 23.229284795247011 ], [ 77.426653458245312, 23.229286595246247 ], [ 77.426654758245306, 23.22938169520658 ] ] ] } },
{ "type": "Feature", "properties": { }, "geometry": { "type": "Polygon", "coordinates": [ [ [ 77.432573858245306, 23.229734695059307 ], [ 77.432712058245315, 23.229655795092214 ], [ 77.432654958245323, 23.229571295127471 ], [ 77.432516658245305, 23.229650295094512 ], [ 77.432573858245306, 23.229734695059307 ] ] ] } },
{ "type": "Feature", "properties": { }, "geometry": { "type": "Polygon", "coordinates": [ [ [ 77.426491158245312, 23.230133094893073 ], [ 77.426582258245318, 23.230183194872168 ], [ 77.426669058245309, 23.23004979492783 ], [ 77.426578058245312, 23.229999694948734 ], [ 77.426491158245312, 23.230133094893073 ] ] ] } },
{ "type": "Feature", "properties": { }, "geometry": { "type": "Polygon", "coordinates": [ [ [ 77.431677758245314, 23.231531094309773 ], [ 77.431853458245314, 23.231558194298469 ], [ 77.431879158245309, 23.231417994356963 ], [ 77.431703458245323, 23.231390794368309 ], [ 77.431677758245314, 23.231531094309773 ] ] ] } },
{ "type": "Feature", "properties": { }, "geometry": { "type": "Polygon", "coordinates": [ [ [ 77.424606558245316, 23.230557094716175 ], [ 77.424684858245328, 23.230600194698187 ], [ 77.424665058245296, 23.230630594685504 ], [ 77.42470095824531, 23.230650394677244 ], [ 77.424785758245307, 23.23052049473144 ], [ 77.424671558245308, 23.230457594757684 ], [ 77.424606558245316, 23.230557094716175 ] ] ] } },
{ "type": "Feature", "properties": { }, "geometry": { "type": "Polygon", "coordinates": [ [ [ 77.429434258245323, 23.229763095047453 ], [ 77.429469758245304, 23.229774695042614 ], [ 77.429459558245327, 23.229800895031676 ], [ 77.429522458245316, 23.229821495023085 ], [ 77.42963065824533, 23.229542395139529 ], [ 77.429532358245311, 23.229510195152962 ], [ 77.429434258245323, 23.229763095047453 ] ] ] } },
{ "type": "Feature", "properties": { }, "geometry": { "type": "Polygon", "coordinates": [ [ [ 77.432054058245313, 23.235192192782055 ], [ 77.43204765824531, 23.235323092727427 ], [ 77.432130058245306, 23.235326492726006 ], [ 77.432121258245303, 23.235504792651597 ], [ 77.432310158245329, 23.2355126926483 ], [ 77.432325358245308, 23.235203392777379 ], [ 77.432054058245313, 23.235192192782055 ] ] ] } },
{ "type": "Feature", "properties": { }, "geometry": { "type": "Polygon", "coordinates": [ [ [ 77.42853595824532, 23.229777595041401 ], [ 77.428594258245326, 23.229797595033055 ], [ 77.42865555824531, 23.229646795095977 ], [ 77.428828958245319, 23.229706295071146 ], [ 77.429014458245305, 23.229249495261737 ], [ 77.428782658245325, 23.229169995294907 ], [ 77.42853595824532, 23.229777595041401 ] ] ] } },
{ "type": "Feature", "properties": { }, "geometry": { "type": "Polygon", "coordinates": [ [ [ 77.430296058245318, 23.231654094258449 ], [ 77.430562458245305, 23.231686494244933 ], [ 77.430581858245333, 23.231552194300971 ], [ 77.430486458245312, 23.231540594305809 ], [ 77.430504058245305, 23.23141839435679 ], [ 77.430333058245324, 23.231397594365479 ], [ 77.430296058245318, 23.231654094258449 ] ] ] } },
{ "type": "Feature", "properties": { }, "geometry": { "type": "Polygon", "coordinates": [ [ [ 77.435406958245323, 23.231739094222988 ], [ 77.435367958245308, 23.231868994168781 ], [ 77.435554258245304, 23.231916194149086 ], [ 77.435593258245305, 23.231786394203247 ], [ 77.435406958245323, 23.231739094222988 ] ] ] } },
{ "type": "Feature", "properties": { }, "geometry": { "type": "Polygon", "coordinates": [ [ [ 77.435440258245322, 23.231581294288826 ], [ 77.435634358245323, 23.231627194269677 ], [ 77.4356603582453, 23.231534394308394 ], [ 77.435466258245313, 23.23148849432755 ], [ 77.435440258245322, 23.231581294288826 ] ] ] } },
{ "type": "Feature", "properties": { }, "geometry": { "type": "Polygon", "coordinates": [ [ [ 77.435313758245329, 23.232147094052738 ], [ 77.435277058245319, 23.232268094002258 ], [ 77.435457258245322, 23.232314193983019 ], [ 77.435493958245317, 23.232193194033503 ], [ 77.435313758245329, 23.232147094052738 ] ] ] } },
{ "type": "Feature", "properties": { }, "geometry": { "type": "Polygon", "coordinates": [ [ [ 77.435495558245307, 23.232587593868935 ], [ 77.435703458245328, 23.23262079385508 ], [ 77.435726558245307, 23.232498893905944 ], [ 77.435518658245329, 23.232465593919844 ], [ 77.435495558245307, 23.232587593868935 ] ] ] } },
{ "type": "Feature", "properties": { }, "geometry": { "type": "Polygon", "coordinates": [ [ [ 77.435516658245319, 23.231299694406324 ], [ 77.435710758245321, 23.231344994387428 ], [ 77.435738158245329, 23.231246094428688 ], [ 77.435543958245319, 23.231200894447547 ], [ 77.435516658245319, 23.231299694406324 ] ] ] } },
{ "type": "Feature", "properties": { }, "geometry": { "type": "Polygon", "coordinates": [ [ [ 77.435236058245323, 23.232407193944209 ], [ 77.43520355824532, 23.232521793896392 ], [ 77.435394358245318, 23.232567393877368 ], [ 77.435426758245313, 23.23245279392518 ], [ 77.435236058245323, 23.232407193944209 ] ] ] } },
{ "type": "Feature", "properties": { }, "geometry": { "type": "Polygon", "coordinates": [ [ [ 77.435487658245322, 23.231387394369726 ], [ 77.435463358245315, 23.23148149433047 ], [ 77.435664358245305, 23.231525294312192 ], [ 77.435688558245332, 23.231431194351462 ], [ 77.435487658245322, 23.231387394369726 ] ] ] } },
{ "type": "Feature", "properties": { }, "geometry": { "type": "Polygon", "coordinates": [ [ [ 77.435163658245315, 23.232674993832465 ], [ 77.435344458245297, 23.232722793812517 ], [ 77.435389758245321, 23.23257799387294 ], [ 77.435208958245298, 23.232530193892885 ], [ 77.435163658245315, 23.232674993832465 ] ] ] } },
{ "type": "Feature", "properties": { }, "geometry": { "type": "Polygon", "coordinates": [ [ [ 77.435523058245323, 23.232459393922426 ], [ 77.435725858245306, 23.232495393907406 ], [ 77.435752458245318, 23.232368993960151 ], [ 77.435549658245321, 23.232332993975174 ], [ 77.435523058245323, 23.232459393922426 ] ] ] } },
{ "type": "Feature", "properties": { }, "geometry": { "type": "Polygon", "coordinates": [ [ [ 77.435490158245329, 23.231380094372781 ], [ 77.435677958245307, 23.231422694355 ], [ 77.435698558245306, 23.231345594387168 ], [ 77.435510858245323, 23.231303094404904 ], [ 77.435490158245329, 23.231380094372781 ] ] ] } },
{ "type": "Feature", "properties": { }, "geometry": { "type": "Polygon", "coordinates": [ [ [ 77.435675258245311, 23.231916594148917 ], [ 77.435866558245323, 23.2319609941304 ], [ 77.435895958245325, 23.231854094175002 ], [ 77.435704658245328, 23.231809694193522 ], [ 77.435675258245311, 23.231916594148917 ] ] ] } },
{ "type": "Feature", "properties": { }, "geometry": { "type": "Polygon", "coordinates": [ [ [ 77.43562435824532, 23.232074594082992 ], [ 77.43582135824532, 23.232116494065512 ], [ 77.435859658245306, 23.23196439412898 ], [ 77.435662658245306, 23.23192249414646 ], [ 77.43562435824532, 23.232074594082992 ] ] ] } },
{ "type": "Feature", "properties": { }, "geometry": { "type": "Polygon", "coordinates": [ [ [ 77.435367758245306, 23.231876294165733 ], [ 77.435330458245303, 23.232004094112412 ], [ 77.435520158245325, 23.232050894092886 ], [ 77.435557558245321, 23.231923094146204 ], [ 77.435367758245306, 23.231876294165733 ] ] ] } },
{ "type": "Feature", "properties": { }, "geometry": { "type": "Polygon", "coordinates": [ [ [ 77.435340358245298, 23.232014794107943 ], [ 77.435303058245296, 23.232141494055071 ], [ 77.435494058245325, 23.232189094035213 ], [ 77.435531458245308, 23.232062394088082 ], [ 77.435340358245298, 23.232014794107943 ] ] ] } },
{ "type": "Feature", "properties": { }, "geometry": { "type": "Polygon", "coordinates": [ [ [ 77.435587058245304, 23.232195994032338 ], [ 77.435780858245309, 23.232239594014143 ], [ 77.435811458245311, 23.232124894062007 ], [ 77.435617658245306, 23.232081294080199 ], [ 77.435587058245304, 23.232195994032338 ] ] ] } },
{ "type": "Feature", "properties": { }, "geometry": { "type": "Polygon", "coordinates": [ [ [ 77.4355569582453, 23.232327193977589 ], [ 77.435752758245314, 23.232364493962027 ], [ 77.435780858245309, 23.232239594014143 ], [ 77.435585058245309, 23.232202294029708 ], [ 77.4355569582453, 23.232327193977589 ] ] ] } },
{ "type": "Feature", "properties": { }, "geometry": { "type": "Polygon", "coordinates": [ [ [ 77.435420158245321, 23.23167159425115 ], [ 77.435613958245327, 23.231712294234164 ], [ 77.435633858245311, 23.231631994267669 ], [ 77.435440058245305, 23.231591294284652 ], [ 77.435420158245321, 23.23167159425115 ] ] ] } },
{ "type": "Feature", "properties": { }, "geometry": { "type": "Polygon", "coordinates": [ [ [ 77.435237558245291, 23.232401293946676 ], [ 77.435428658245328, 23.232449093926721 ], [ 77.435464658245309, 23.232327493977461 ], [ 77.435273558245328, 23.232279693997405 ], [ 77.435237558245291, 23.232401293946676 ] ] ] } },
{ "type": "Feature", "properties": { }, "geometry": { "type": "Polygon", "coordinates": [ [ [ 77.443978058245321, 23.235832192514966 ], [ 77.443973058245305, 23.2359408924696 ], [ 77.444044258245313, 23.235943692468435 ], [ 77.444049158245321, 23.235834892513839 ], [ 77.443978058245321, 23.235832192514966 ] ] ] } },
{ "type": "Feature", "properties": { }, "geometry": { "type": "Polygon", "coordinates": [ [ [ 77.443779658245319, 23.235818592520644 ], [ 77.443774158245304, 23.235939292470267 ], [ 77.443867458245307, 23.235942892468771 ], [ 77.443872858245328, 23.235822192519141 ], [ 77.443779658245319, 23.235818592520644 ] ] ] } },
{ "type": "Feature", "properties": { }, "geometry": { "type": "Polygon", "coordinates": [ [ [ 77.443958058245329, 23.235972692456333 ], [ 77.443946758245318, 23.236093692405838 ], [ 77.444034858245303, 23.236100692402918 ], [ 77.444046158245314, 23.235979692453409 ], [ 77.443958058245329, 23.235972692456333 ] ] ] } },
{ "type": "Feature", "properties": { }, "geometry": { "type": "Polygon", "coordinates": [ [ [ 77.443770058245306, 23.235967792458371 ], [ 77.443760458245322, 23.236069492415929 ], [ 77.443856558245315, 23.236077092412767 ], [ 77.44386605824532, 23.235975392455206 ], [ 77.443770058245306, 23.235967792458371 ] ] ] } },
{ "type": "Feature", "properties": { }, "geometry": { "type": "Polygon", "coordinates": [ [ [ 77.444051658245314, 23.235996592446362 ], [ 77.444042258245304, 23.236096392404711 ], [ 77.444115858245311, 23.236102192402292 ], [ 77.444125158245313, 23.236002392443936 ], [ 77.444051658245314, 23.235996592446362 ] ] ] } },
{ "type": "Feature", "properties": { }, "geometry": { "type": "Polygon", "coordinates": [ [ [ 77.443876158245317, 23.235965492459336 ], [ 77.443866258245308, 23.236071092415266 ], [ 77.443935558245329, 23.236076592412971 ], [ 77.443945458245324, 23.235970992457045 ], [ 77.443876158245317, 23.235965492459336 ] ] ] } },
{ "type": "Feature", "properties": { }, "geometry": { "type": "Polygon", "coordinates": [ [ [ 77.4438862582453, 23.23581819252081 ], [ 77.443881258245327, 23.235928392474822 ], [ 77.443963758245303, 23.235931592473488 ], [ 77.443968758245319, 23.235821392519476 ], [ 77.4438862582453, 23.23581819252081 ] ] ] } },
{ "type": "Feature", "properties": { }, "geometry": { "type": "Polygon", "coordinates": [ [ [ 77.444056958245326, 23.235843592510211 ], [ 77.444051358245289, 23.235966892458752 ], [ 77.444130758245322, 23.235969892457504 ], [ 77.444136358245316, 23.235846692508922 ], [ 77.444056958245326, 23.235843592510211 ] ] ] } },
{ "type": "Feature", "properties": { }, "geometry": { "type": "Polygon", "coordinates": [ [ [ 77.430700258245309, 23.22825679567589 ], [ 77.430794858245321, 23.228341695640477 ], [ 77.430888258245304, 23.228253795677148 ], [ 77.430793558245327, 23.22816889571256 ], [ 77.430700258245309, 23.22825679567589 ] ] ] } },
{ "type": "Feature", "properties": { }, "geometry": { "type": "Polygon", "coordinates": [ [ [ 77.425537458245287, 23.229826695020911 ], [ 77.425565058245326, 23.229826195021126 ], [ 77.425564258245316, 23.229787695037185 ], [ 77.425536558245327, 23.229788195036978 ], [ 77.425537458245287, 23.229826695020911 ] ] ] } },
{ "type": "Feature", "properties": { }, "geometry": { "type": "Polygon", "coordinates": [ [ [ 77.431401758245329, 23.230371494793609 ], [ 77.431815858245315, 23.230590294702317 ], [ 77.431970258245329, 23.230386294787433 ], [ 77.431559558245311, 23.230155194883856 ], [ 77.431401758245329, 23.230371494793609 ] ] ] } },
{ "type": "Feature", "properties": { }, "geometry": { "type": "Polygon", "coordinates": [ [ [ 77.431574058245317, 23.229089095328654 ], [ 77.431721058245316, 23.229173395293486 ], [ 77.431790358245323, 23.229071195336122 ], [ 77.431643358245324, 23.228986995371244 ], [ 77.431574058245317, 23.229089095328654 ] ] ] } },
{ "type": "Feature", "properties": { }, "geometry": { "type": "Polygon", "coordinates": [ [ [ 77.428928958245308, 23.230241894847676 ], [ 77.429027058245325, 23.230147194887191 ], [ 77.428980558245328, 23.230106594904132 ], [ 77.428882458245312, 23.230201394864576 ], [ 77.428928958245308, 23.230241894847676 ] ] ] } },
{ "type": "Feature", "properties": { }, "geometry": { "type": "Polygon", "coordinates": [ [ [ 77.431470558245294, 23.229228995270283 ], [ 77.431595458245312, 23.229285195246842 ], [ 77.431657058245307, 23.22916979529499 ], [ 77.431532158245318, 23.229113495318476 ], [ 77.431470558245294, 23.229228995270283 ] ] ] } },
{ "type": "Feature", "properties": { }, "geometry": { "type": "Polygon", "coordinates": [ [ [ 77.432758358245323, 23.228502695573304 ], [ 77.432844258245311, 23.228575395542975 ], [ 77.432900258245326, 23.228519495566299 ], [ 77.432814458245318, 23.228446795596621 ], [ 77.432758358245323, 23.228502695573304 ] ] ] } },
{ "type": "Feature", "properties": { }, "geometry": { "type": "Polygon", "coordinates": [ [ [ 77.42617585824533, 23.228485395580524 ], [ 77.426335458245305, 23.228483095581485 ], [ 77.426334158245325, 23.22840789561285 ], [ 77.426174558245307, 23.2284101956119 ], [ 77.42617585824533, 23.228485395580524 ] ] ] } },
{ "type": "Feature", "properties": { }, "geometry": { "type": "Polygon", "coordinates": [ [ [ 77.432205758245317, 23.230526594728889 ], [ 77.432310658245328, 23.230534794725472 ], [ 77.432318458245305, 23.230450794760529 ], [ 77.432213458245329, 23.230442594763939 ], [ 77.432205758245317, 23.230526594728889 ] ] ] } },
{ "type": "Feature", "properties": { }, "geometry": { "type": "Polygon", "coordinates": [ [ [ 77.430902158245317, 23.2300970949081 ], [ 77.431289758245313, 23.230322794813926 ], [ 77.431434858245311, 23.230113294901336 ], [ 77.431027258245308, 23.229895294992293 ], [ 77.430902158245317, 23.2300970949081 ] ] ] } },
{ "type": "Feature", "properties": { }, "geometry": { "type": "Polygon", "coordinates": [ [ [ 77.42508705824531, 23.22842799560447 ], [ 77.425277558245313, 23.228426095605258 ], [ 77.42527695824532, 23.228375395626411 ], [ 77.425086558245326, 23.228377295625624 ], [ 77.42508705824531, 23.22842799560447 ] ] ] } },
{ "type": "Feature", "properties": { }, "geometry": { "type": "Polygon", "coordinates": [ [ [ 77.430237658245304, 23.236849392090459 ], [ 77.43019245824533, 23.236714492146753 ], [ 77.430025158245314, 23.236761892126971 ], [ 77.430070358245302, 23.236896692070712 ], [ 77.430237658245304, 23.236849392090459 ] ] ] } },
{ "type": "Feature", "properties": { }, "geometry": { "type": "Polygon", "coordinates": [ [ [ 77.432361658245327, 23.230560194714876 ], [ 77.432483558245309, 23.230564394713124 ], [ 77.432488858245307, 23.230432194768277 ], [ 77.432366958245311, 23.230427994770036 ], [ 77.432361658245327, 23.230560194714876 ] ] ] } },
{ "type": "Feature", "properties": { }, "geometry": { "type": "Polygon", "coordinates": [ [ [ 77.428219858245328, 23.228122895731758 ], [ 77.428282258245304, 23.228185495705645 ], [ 77.428346958245314, 23.228131095728337 ], [ 77.428358458245327, 23.228142595723536 ], [ 77.428394058245317, 23.228112695736012 ], [ 77.428382558245318, 23.228101195740813 ], [ 77.428440058245329, 23.228052795761002 ], [ 77.428377858245312, 23.227990295787077 ], [ 77.428219858245328, 23.228122895731758 ] ] ] } },
{ "type": "Feature", "properties": { }, "geometry": { "type": "Polygon", "coordinates": [ [ [ 77.432523058245309, 23.228684895497288 ], [ 77.432610358245327, 23.228760295465836 ], [ 77.432666858245312, 23.228704995488908 ], [ 77.432579458245314, 23.228629695520322 ], [ 77.432523058245309, 23.228684895497288 ] ] ] } },
{ "type": "Feature", "properties": { }, "geometry": { "type": "Polygon", "coordinates": [ [ [ 77.42761885824531, 23.228317595650527 ], [ 77.427710858245305, 23.228420595607563 ], [ 77.427813458245325, 23.22834329563981 ], [ 77.42772145824533, 23.22824029568277 ], [ 77.42761885824531, 23.228317595650527 ] ] ] } },
{ "type": "Feature", "properties": { }, "geometry": { "type": "Polygon", "coordinates": [ [ [ 77.427329958245323, 23.23030449482156 ], [ 77.427485358245306, 23.23043919476536 ], [ 77.42760895824533, 23.230318794815592 ], [ 77.427453558245318, 23.230184094871802 ], [ 77.427329958245323, 23.23030449482156 ] ] ] } },
{ "type": "Feature", "properties": { }, "geometry": { "type": "Polygon", "coordinates": [ [ [ 77.432246858245293, 23.228274295668594 ], [ 77.432326758245324, 23.228381695623785 ], [ 77.43241235824533, 23.228327895646231 ], [ 77.432332458245313, 23.228220495691037 ], [ 77.432246858245293, 23.228274295668594 ] ] ] } },
{ "type": "Feature", "properties": { }, "geometry": { "type": "Polygon", "coordinates": [ [ [ 77.432878858245317, 23.230412594776453 ], [ 77.432943358245311, 23.230606694695478 ], [ 77.433054558245303, 23.230575494708493 ], [ 77.432936958245307, 23.230221694856105 ], [ 77.432786258245315, 23.230263994838459 ], [ 77.432839358245317, 23.230423694771826 ], [ 77.432878858245317, 23.230412594776453 ] ] ] } },
{ "type": "Feature", "properties": { }, "geometry": { "type": "Polygon", "coordinates": [ [ [ 77.424556658245308, 23.228474795584948 ], [ 77.424556658245308, 23.228546895554864 ], [ 77.424613058245328, 23.228546895554864 ], [ 77.424613058245328, 23.228474795584948 ], [ 77.424556658245308, 23.228474795584948 ] ] ] } },
{ "type": "Feature", "properties": { }, "geometry": { "type": "Polygon", "coordinates": [ [ [ 77.431373458245318, 23.229451195177582 ], [ 77.431577858245319, 23.229514395151217 ], [ 77.431648158245309, 23.229322495231276 ], [ 77.431443758245322, 23.229259295257648 ], [ 77.431373458245318, 23.229451195177582 ] ] ] } },
{ "type": "Feature", "properties": { }, "geometry": { "type": "Polygon", "coordinates": [ [ [ 77.430688758245338, 23.228262995673312 ], [ 77.43063035824531, 23.228323495648073 ], [ 77.430714058245314, 23.228391595619659 ], [ 77.430772358245321, 23.228330995644939 ], [ 77.430688758245338, 23.228262995673312 ] ] ] } },
{ "type": "Feature", "properties": { }, "geometry": { "type": "Polygon", "coordinates": [ [ [ 77.428287258245319, 23.230071094918944 ], [ 77.428401258245302, 23.230102994905629 ], [ 77.428480758245314, 23.229862795005857 ], [ 77.42836685824534, 23.229830895019163 ], [ 77.428287258245319, 23.230071094918944 ] ] ] } },
{ "type": "Feature", "properties": { }, "geometry": { "type": "Polygon", "coordinates": [ [ [ 77.430835058245322, 23.228197495700634 ], [ 77.430896758245311, 23.228257895675437 ], [ 77.430998958245326, 23.228169695712236 ], [ 77.430937258245322, 23.228109395737391 ], [ 77.430835058245322, 23.228197495700634 ] ] ] } },
{ "type": "Feature", "properties": { }, "geometry": { "type": "Polygon", "coordinates": [ [ [ 77.426415058245325, 23.228461895590325 ], [ 77.426506158245317, 23.228460795590784 ], [ 77.426504458245304, 23.228340595640933 ], [ 77.426413458245321, 23.228341595640511 ], [ 77.426415058245325, 23.228461895590325 ] ] ] } },
{ "type": "Feature", "properties": { }, "geometry": { "type": "Polygon", "coordinates": [ [ [ 77.432949458245304, 23.228670895503132 ], [ 77.433034658245305, 23.228748495470757 ], [ 77.433091758245311, 23.228695595492823 ], [ 77.433006658245318, 23.228617995525202 ], [ 77.432949458245304, 23.228670895503132 ] ] ] } },
{ "type": "Feature", "properties": { }, "geometry": { "type": "Polygon", "coordinates": [ [ [ 77.431371858245328, 23.229461295173365 ], [ 77.43131165824532, 23.229625895104697 ], [ 77.431519558245313, 23.229690095077906 ], [ 77.431579758245306, 23.229525595146537 ], [ 77.431371858245328, 23.229461295173365 ] ] ] } },
{ "type": "Feature", "properties": { }, "geometry": { "type": "Polygon", "coordinates": [ [ [ 77.428743158245311, 23.230162694880725 ], [ 77.428870058245295, 23.230211594860322 ], [ 77.428914058245311, 23.230115294900497 ], [ 77.428787158245328, 23.230066294920945 ], [ 77.428743158245311, 23.230162694880725 ] ] ] } },
{ "type": "Feature", "properties": { }, "geometry": { "type": "Polygon", "coordinates": [ [ [ 77.432854958245301, 23.228581495540432 ], [ 77.432938758245328, 23.228650395511682 ], [ 77.432992258245321, 23.228595395534629 ], [ 77.432908458245308, 23.228526495563376 ], [ 77.432854958245301, 23.228581495540432 ] ] ] } },
{ "type": "Feature", "properties": { }, "geometry": { "type": "Polygon", "coordinates": [ [ [ 77.433056158245307, 23.22875099546971 ], [ 77.433132258245308, 23.228820895440553 ], [ 77.433181158245304, 23.228775995459277 ], [ 77.433105058245317, 23.228705995488486 ], [ 77.433056158245307, 23.22875099546971 ] ] ] } },
{ "type": "Feature", "properties": { }, "geometry": { "type": "Polygon", "coordinates": [ [ [ 77.432248658245314, 23.2307882946197 ], [ 77.432637358245316, 23.230799994614824 ], [ 77.432640958245329, 23.230699994656547 ], [ 77.432592658245326, 23.230698494657172 ], [ 77.432595958245344, 23.230605494695975 ], [ 77.43232445824529, 23.230597294699397 ], [ 77.43232115824533, 23.230690394660556 ], [ 77.432252258245313, 23.23068829466143 ], [ 77.432248658245314, 23.2307882946197 ] ] ] } },
{ "type": "Feature", "properties": { }, "geometry": { "type": "Polygon", "coordinates": [ [ [ 77.444155758245316, 23.235265692751376 ], [ 77.444071058245314, 23.235260092753716 ], [ 77.444061258245327, 23.235385692701303 ], [ 77.444145958245315, 23.235391292698967 ], [ 77.444155758245316, 23.235265692751376 ] ] ] } },
{ "type": "Feature", "properties": { }, "geometry": { "type": "Polygon", "coordinates": [ [ [ 77.443565658245319, 23.235727992558449 ], [ 77.44356245824531, 23.235793092531278 ], [ 77.443672758245313, 23.235797792529326 ], [ 77.443676058245302, 23.235732692556493 ], [ 77.443565658245319, 23.235727992558449 ] ] ] } },
{ "type": "Feature", "properties": { }, "geometry": { "type": "Polygon", "coordinates": [ [ [ 77.44299785824532, 23.234038593263456 ], [ 77.442998558245293, 23.234098293238546 ], [ 77.443116858245318, 23.234097193239005 ], [ 77.443116158245331, 23.234037493263912 ], [ 77.44299785824532, 23.234038593263456 ] ] ] } },
{ "type": "Feature", "properties": { }, "geometry": { "type": "Polygon", "coordinates": [ [ [ 77.442986858245305, 23.235767692541884 ], [ 77.442983958245307, 23.235856592504785 ], [ 77.443112658245326, 23.235860092503319 ], [ 77.44311555824531, 23.235771192540422 ], [ 77.442986858245305, 23.235767692541884 ] ] ] } },
{ "type": "Feature", "properties": { }, "geometry": { "type": "Polygon", "coordinates": [ [ [ 77.442622058245306, 23.235820892519683 ], [ 77.442620158245319, 23.235890492490636 ], [ 77.442754258245301, 23.235893492489385 ], [ 77.442756158245288, 23.235823892518436 ], [ 77.442622058245306, 23.235820892519683 ] ] ] } },
{ "type": "Feature", "properties": { }, "geometry": { "type": "Polygon", "coordinates": [ [ [ 77.442973258245303, 23.234297093155583 ], [ 77.44297415824532, 23.23438329311961 ], [ 77.443137058245327, 23.234381893120194 ], [ 77.443136158245323, 23.234295693156167 ], [ 77.442973258245303, 23.234297093155583 ] ] ] } },
{ "type": "Feature", "properties": { }, "geometry": { "type": "Polygon", "coordinates": [ [ [ 77.442782058245314, 23.235781892535957 ], [ 77.442779658245314, 23.23585669250474 ], [ 77.442905658245294, 23.235859992503364 ], [ 77.442908058245322, 23.235785292534537 ], [ 77.442782058245314, 23.235781892535957 ] ] ] } },
{ "type": "Feature", "properties": { }, "geometry": { "type": "Polygon", "coordinates": [ [ [ 77.442642558245325, 23.236170492373784 ], [ 77.442592158245319, 23.236279392328335 ], [ 77.442669958245318, 23.236309792315652 ], [ 77.442720358245325, 23.236200892361097 ], [ 77.442642558245325, 23.236170492373784 ] ] ] } },
{ "type": "Feature", "properties": { }, "geometry": { "type": "Polygon", "coordinates": [ [ [ 77.442632058245309, 23.235649592591177 ], [ 77.442633058245306, 23.235738192554198 ], [ 77.442761158245318, 23.235736892554741 ], [ 77.442760158245321, 23.235648292591716 ], [ 77.442632058245309, 23.235649592591177 ] ] ] } },
{ "type": "Feature", "properties": { }, "geometry": { "type": "Polygon", "coordinates": [ [ [ 77.443436458245316, 23.23547079266579 ], [ 77.443432458245312, 23.235542992635658 ], [ 77.443536558245327, 23.235547892633608 ], [ 77.443540558245331, 23.235475692663744 ], [ 77.443436458245316, 23.23547079266579 ] ] ] } },
{ "type": "Feature", "properties": { }, "geometry": { "type": "Polygon", "coordinates": [ [ [ 77.443990858245314, 23.235253392756515 ], [ 77.443979658245325, 23.235396792696669 ], [ 77.444053758245303, 23.235401692694619 ], [ 77.44406495824532, 23.23525829275447 ], [ 77.443990858245314, 23.235253392756515 ] ] ] } },
{ "type": "Feature", "properties": { }, "geometry": { "type": "Polygon", "coordinates": [ [ [ 77.44340335824532, 23.235969592457629 ], [ 77.443398758245308, 23.236051592423404 ], [ 77.443533458245312, 23.236057892420778 ], [ 77.443537958245315, 23.235975892454999 ], [ 77.44340335824532, 23.235969592457629 ] ] ] } },
{ "type": "Feature", "properties": { }, "geometry": { "type": "Polygon", "coordinates": [ [ [ 77.442653858245308, 23.236325792308968 ], [ 77.442599258245323, 23.236420992269238 ], [ 77.442664958245317, 23.236452892255926 ], [ 77.442719658245309, 23.236357692295655 ], [ 77.442653858245308, 23.236325792308968 ] ] ] } },
{ "type": "Feature", "properties": { }, "geometry": { "type": "Polygon", "coordinates": [ [ [ 77.442979058245328, 23.235937492471027 ], [ 77.442976458245312, 23.236021192436091 ], [ 77.443106258245322, 23.236024692434626 ], [ 77.443108858245324, 23.235940992469562 ], [ 77.442979058245328, 23.235937492471027 ] ] ] } },
{ "type": "Feature", "properties": { }, "geometry": { "type": "Polygon", "coordinates": [ [ [ 77.443141858245326, 23.235795092530452 ], [ 77.443137658245305, 23.235871592498523 ], [ 77.443265658245309, 23.235877592496021 ], [ 77.443269858245301, 23.235801092527943 ], [ 77.443141858245326, 23.235795092530452 ] ] ] } },
{ "type": "Feature", "properties": { }, "geometry": { "type": "Polygon", "coordinates": [ [ [ 77.442419858245302, 23.236233992347284 ], [ 77.442352758245306, 23.236335392304962 ], [ 77.442423558245309, 23.236374892288481 ], [ 77.442490658245305, 23.236273492330803 ], [ 77.442419858245302, 23.236233992347284 ] ] ] } },
{ "type": "Feature", "properties": { }, "geometry": { "type": "Polygon", "coordinates": [ [ [ 77.442626058245295, 23.235743192552107 ], [ 77.4426252582453, 23.235814792522223 ], [ 77.442764758245303, 23.235815992521722 ], [ 77.442765558245313, 23.235744492551564 ], [ 77.442626058245295, 23.235743192552107 ] ] ] } },
{ "type": "Feature", "properties": { }, "geometry": { "type": "Polygon", "coordinates": [ [ [ 77.442990758245315, 23.234207093193138 ], [ 77.442991658245305, 23.234292093157674 ], [ 77.443130458245307, 23.234290793158213 ], [ 77.443129558245303, 23.234205793193684 ], [ 77.442990758245315, 23.234207093193138 ] ] ] } },
{ "type": "Feature", "properties": { }, "geometry": { "type": "Polygon", "coordinates": [ [ [ 77.442729858245315, 23.233969493292289 ], [ 77.442728458245313, 23.234060193254443 ], [ 77.442865958245321, 23.234061893253728 ], [ 77.442867258245315, 23.233971193291577 ], [ 77.442729858245315, 23.233969493292289 ] ] ] } },
{ "type": "Feature", "properties": { }, "geometry": { "type": "Polygon", "coordinates": [ [ [ 77.44279575824531, 23.23569929257043 ], [ 77.442793458245305, 23.235772192540004 ], [ 77.442913658245317, 23.235775392538674 ], [ 77.442915958245322, 23.235702492569096 ], [ 77.44279575824531, 23.23569929257043 ] ] ] } },
{ "type": "Feature", "properties": { }, "geometry": { "type": "Polygon", "coordinates": [ [ [ 77.442563858245308, 23.234411993107638 ], [ 77.442686058245329, 23.23441079310814 ], [ 77.442685258245319, 23.234335393139602 ], [ 77.442562958245304, 23.234336593139101 ], [ 77.442563858245308, 23.234411993107638 ] ] ] } },
{ "type": "Feature", "properties": { }, "geometry": { "type": "Polygon", "coordinates": [ [ [ 77.443902858245323, 23.235262092752883 ], [ 77.443891858245308, 23.235402292694374 ], [ 77.443976458245302, 23.235407892692042 ], [ 77.443987458245303, 23.235267592750585 ], [ 77.443902858245323, 23.235262092752883 ] ] ] } },
{ "type": "Feature", "properties": { }, "geometry": { "type": "Polygon", "coordinates": [ [ [ 77.443685558245321, 23.235568192625141 ], [ 77.443689558245325, 23.235486992659023 ], [ 77.44357155824531, 23.235481992661118 ], [ 77.443567458245326, 23.235563292627184 ], [ 77.443685558245321, 23.235568192625141 ] ] ] } },
{ "type": "Feature", "properties": { }, "geometry": { "type": "Polygon", "coordinates": [ [ [ 77.443547658245322, 23.235951092465349 ], [ 77.443543358245321, 23.236037192429418 ], [ 77.443680558245319, 23.236042992426999 ], [ 77.443684858245291, 23.235956992462881 ], [ 77.443547658245322, 23.235951092465349 ] ] ] } },
{ "type": "Feature", "properties": { }, "geometry": { "type": "Polygon", "coordinates": [ [ [ 77.442791658245312, 23.236381292285806 ], [ 77.442729758245306, 23.236355392296623 ], [ 77.442681458245303, 23.236453092255847 ], [ 77.442743358245309, 23.236478892245078 ], [ 77.442791658245312, 23.236381292285806 ] ] ] } },
{ "type": "Feature", "properties": { }, "geometry": { "type": "Polygon", "coordinates": [ [ [ 77.442748558245299, 23.23406559325219 ], [ 77.442747458245307, 23.234145993218632 ], [ 77.442877358245326, 23.234147593217969 ], [ 77.442878558245326, 23.234067193251526 ], [ 77.442748558245299, 23.23406559325219 ] ] ] } },
{ "type": "Feature", "properties": { }, "geometry": { "type": "Polygon", "coordinates": [ [ [ 77.443148958245317, 23.235713592564458 ], [ 77.443145058245321, 23.235785592534413 ], [ 77.443269458245311, 23.235791392531993 ], [ 77.443273458245301, 23.235719392562039 ], [ 77.443148958245317, 23.235713592564458 ] ] ] } },
{ "type": "Feature", "properties": { }, "geometry": { "type": "Polygon", "coordinates": [ [ [ 77.442731158245323, 23.233888193326212 ], [ 77.442730058245303, 23.233964793294252 ], [ 77.442861258245316, 23.233966393293581 ], [ 77.442862358245307, 23.233889793325552 ], [ 77.442731158245323, 23.233888193326212 ] ] ] } },
{ "type": "Feature", "properties": { }, "geometry": { "type": "Polygon", "coordinates": [ [ [ 77.442727158245305, 23.234328093142651 ], [ 77.442725858245325, 23.234418693104839 ], [ 77.442872658245321, 23.234420493104089 ], [ 77.442873958245315, 23.234329893141901 ], [ 77.442727158245305, 23.234328093142651 ] ] ] } },
{ "type": "Feature", "properties": { }, "geometry": { "type": "Polygon", "coordinates": [ [ [ 77.443568258245321, 23.235634892597307 ], [ 77.443565258245314, 23.235721792561037 ], [ 77.443688458245305, 23.235725292559582 ], [ 77.443691458245311, 23.235638492595804 ], [ 77.443568258245321, 23.235634892597307 ] ] ] } },
{ "type": "Feature", "properties": { }, "geometry": { "type": "Polygon", "coordinates": [ [ [ 77.442809758245303, 23.236226292350494 ], [ 77.44273975824531, 23.23619999236147 ], [ 77.442689158245315, 23.23631369231402 ], [ 77.442759158245309, 23.236339992303048 ], [ 77.442809758245303, 23.236226292350494 ] ] ] } },
{ "type": "Feature", "properties": { }, "geometry": { "type": "Polygon", "coordinates": [ [ [ 77.443807458245303, 23.235249392758185 ], [ 77.443797058245309, 23.235382692702554 ], [ 77.443881358245307, 23.235388292700218 ], [ 77.443891758245329, 23.235254992755848 ], [ 77.443807458245303, 23.235249392758185 ] ] ] } },
{ "type": "Feature", "properties": { }, "geometry": { "type": "Polygon", "coordinates": [ [ [ 77.443558158245324, 23.235894592488926 ], [ 77.443555958245298, 23.235939092470353 ], [ 77.443666458245303, 23.23594379246839 ], [ 77.443668658245315, 23.235899292486966 ], [ 77.443558158245324, 23.235894592488926 ] ] ] } },
{ "type": "Feature", "properties": { }, "geometry": { "type": "Polygon", "coordinates": [ [ [ 77.442537758245322, 23.233975493289783 ], [ 77.442538558245317, 23.234051893257906 ], [ 77.442685858245312, 23.234050393258535 ], [ 77.442684958245309, 23.233973993290416 ], [ 77.442537758245322, 23.233975493289783 ] ] ] } },
{ "type": "Feature", "properties": { }, "geometry": { "type": "Polygon", "coordinates": [ [ [ 77.442995258245304, 23.235691092573848 ], [ 77.442993458245326, 23.235750592549017 ], [ 77.443114858245323, 23.235753892547645 ], [ 77.443116758245296, 23.235694292572521 ], [ 77.442995258245304, 23.235691092573848 ] ] ] } },
{ "type": "Feature", "properties": { }, "geometry": { "type": "Polygon", "coordinates": [ [ [ 77.442446658245316, 23.236350792298538 ], [ 77.442492158245329, 23.236373892288899 ], [ 77.442543058245306, 23.236289492324122 ], [ 77.44249765824533, 23.236266292333802 ], [ 77.442446658245316, 23.236350792298538 ] ] ] } },
{ "type": "Feature", "properties": { }, "geometry": { "type": "Polygon", "coordinates": [ [ [ 77.44255855824531, 23.234144193219386 ], [ 77.442698158245335, 23.234142793219974 ], [ 77.442697158245309, 23.234059193254858 ], [ 77.442557658245292, 23.234060493254315 ], [ 77.44255855824531, 23.234144193219386 ] ] ] } },
{ "type": "Feature", "properties": { }, "geometry": { "type": "Polygon", "coordinates": [ [ [ 77.442978858245311, 23.23411689323078 ], [ 77.442979758245315, 23.23419799319694 ], [ 77.443127758245325, 23.234196593197527 ], [ 77.44312695824533, 23.234115493231364 ], [ 77.442978858245311, 23.23411689323078 ] ] ] } },
{ "type": "Feature", "properties": { }, "geometry": { "type": "Polygon", "coordinates": [ [ [ 77.44238165824531, 23.236082392410548 ], [ 77.442323358245304, 23.236196392362974 ], [ 77.442388758245329, 23.236224692351165 ], [ 77.442447158245315, 23.236110692398743 ], [ 77.44238165824531, 23.236082392410548 ] ] ] } },
{ "type": "Feature", "properties": { }, "geometry": { "type": "Polygon", "coordinates": [ [ [ 77.442986758245326, 23.234466893084726 ], [ 77.443130558245329, 23.234465593085265 ], [ 77.443129758245334, 23.234388693117356 ], [ 77.442985958245316, 23.234389993116821 ], [ 77.442986758245326, 23.234466893084726 ] ] ] } },
{ "type": "Feature", "properties": { }, "geometry": { "type": "Polygon", "coordinates": [ [ [ 77.442561658245339, 23.234237193180583 ], [ 77.442562758245316, 23.234329793141942 ], [ 77.44269475824531, 23.234328493142481 ], [ 77.442693758245326, 23.234235893181129 ], [ 77.442561658245339, 23.234237193180583 ] ] ] } },
{ "type": "Feature", "properties": { }, "geometry": { "type": "Polygon", "coordinates": [ [ [ 77.44403575824532, 23.23544059267839 ], [ 77.443962558245303, 23.235439192678978 ], [ 77.443960258245312, 23.235539892636957 ], [ 77.444033358245306, 23.235541392636332 ], [ 77.44403575824532, 23.23544059267839 ] ] ] } },
{ "type": "Feature", "properties": { }, "geometry": { "type": "Polygon", "coordinates": [ [ [ 77.442763858245314, 23.236506292233642 ], [ 77.442860158245324, 23.236543692218039 ], [ 77.442910058245303, 23.236434892263443 ], [ 77.442813758245308, 23.236397592279005 ], [ 77.442763858245314, 23.236506292233642 ] ] ] } },
{ "type": "Feature", "properties": { }, "geometry": { "type": "Polygon", "coordinates": [ [ [ 77.442618658245308, 23.235987192450281 ], [ 77.442617258245306, 23.236065892417436 ], [ 77.442750758245325, 23.236126192392273 ], [ 77.442752758245319, 23.235992792447945 ], [ 77.442618658245308, 23.235987192450281 ] ] ] } },
{ "type": "Feature", "properties": { }, "geometry": { "type": "Polygon", "coordinates": [ [ [ 77.442565258245324, 23.236293892322283 ], [ 77.442514758245309, 23.236392392281179 ], [ 77.442590958245319, 23.236425392267407 ], [ 77.442641458245319, 23.23632699230847 ], [ 77.442565258245324, 23.236293892322283 ] ] ] } },
{ "type": "Feature", "properties": { }, "geometry": { "type": "Polygon", "coordinates": [ [ [ 77.443415558245306, 23.235805892525942 ], [ 77.443410958245309, 23.235890092490806 ], [ 77.443549158245304, 23.235896592488089 ], [ 77.443553758245315, 23.235812392523229 ], [ 77.443415558245306, 23.235805892525942 ] ] ] } },
{ "type": "Feature", "properties": { }, "geometry": { "type": "Polygon", "coordinates": [ [ [ 77.442475558245334, 23.236090992406965 ], [ 77.442426858245327, 23.236201692360765 ], [ 77.442502958245313, 23.236229892348998 ], [ 77.442551558245313, 23.236119292395152 ], [ 77.442475558245334, 23.236090992406965 ] ] ] } },
{ "type": "Feature", "properties": { }, "geometry": { "type": "Polygon", "coordinates": [ [ [ 77.443006758245318, 23.23551199264859 ], [ 77.443004458245326, 23.235584192618465 ], [ 77.443129158245313, 23.235587592617048 ], [ 77.443131458245318, 23.235515392647176 ], [ 77.443006758245318, 23.23551199264859 ] ] ] } },
{ "type": "Feature", "properties": { }, "geometry": { "type": "Polygon", "coordinates": [ [ [ 77.443428558245301, 23.235641392594591 ], [ 77.44342465824532, 23.235711792565208 ], [ 77.443546758245304, 23.235717492562838 ], [ 77.443550658245314, 23.23564709259222 ], [ 77.443428558245301, 23.235641392594591 ] ] ] } },
{ "type": "Feature", "properties": { }, "geometry": { "type": "Polygon", "coordinates": [ [ [ 77.443131158245293, 23.235952492464758 ], [ 77.443126358245308, 23.236040292428118 ], [ 77.443240958245326, 23.23604559242591 ], [ 77.443245858245305, 23.235957892462512 ], [ 77.443131158245293, 23.235952492464758 ] ] ] } },
{ "type": "Feature", "properties": { }, "geometry": { "type": "Polygon", "coordinates": [ [ [ 77.442828258245314, 23.236236792346116 ], [ 77.442783258245314, 23.236359392294947 ], [ 77.442900558245299, 23.236403692276458 ], [ 77.442903258245309, 23.236258292337141 ], [ 77.442828258245314, 23.236236792346116 ] ] ] } },
{ "type": "Feature", "properties": { }, "geometry": { "type": "Polygon", "coordinates": [ [ [ 77.442550558245316, 23.234419693104421 ], [ 77.442551358245311, 23.234490393074921 ], [ 77.442700858245303, 23.234488893075547 ], [ 77.442700058245308, 23.234418293105009 ], [ 77.442550558245316, 23.234419693104421 ] ] ] } },
{ "type": "Feature", "properties": { }, "geometry": { "type": "Polygon", "coordinates": [ [ [ 77.442726458245303, 23.234239993179411 ], [ 77.442725358245312, 23.234313993148533 ], [ 77.442867958245287, 23.234315793147779 ], [ 77.442869058245307, 23.234241793178661 ], [ 77.442726458245303, 23.234239993179411 ] ] ] } },
{ "type": "Feature", "properties": { }, "geometry": { "type": "Polygon", "coordinates": [ [ [ 77.444043458245304, 23.23554779263365 ], [ 77.444124058245322, 23.23555139263215 ], [ 77.44412975824531, 23.235443292677264 ], [ 77.444049158245321, 23.235439692678767 ], [ 77.444043458245304, 23.23554779263365 ] ] ] } },
{ "type": "Feature", "properties": { }, "geometry": { "type": "Polygon", "coordinates": [ [ [ 77.443138158245304, 23.235880392494849 ], [ 77.443134458245311, 23.235947292466928 ], [ 77.443256058245325, 23.235952892464599 ], [ 77.443259758245304, 23.23588599249252 ], [ 77.443138158245304, 23.235880392494849 ] ] ] } },
{ "type": "Feature", "properties": { }, "geometry": { "type": "Polygon", "coordinates": [ [ [ 77.442793858245324, 23.235689492574515 ], [ 77.442907658245304, 23.235692592573226 ], [ 77.442909258245322, 23.235644092593468 ], [ 77.44279535824532, 23.235641092594719 ], [ 77.442793858245324, 23.235689492574515 ] ] ] } },
{ "type": "Feature", "properties": { }, "geometry": { "type": "Polygon", "coordinates": [ [ [ 77.442626058245295, 23.235903992485007 ], [ 77.442624358245325, 23.235977492454335 ], [ 77.442754458245318, 23.235979992453288 ], [ 77.442756158245288, 23.235906492483963 ], [ 77.442626058245295, 23.235903992485007 ] ] ] } },
{ "type": "Feature", "properties": { }, "geometry": { "type": "Polygon", "coordinates": [ [ [ 77.44377085824533, 23.235522292644291 ], [ 77.443848658245329, 23.235526892642373 ], [ 77.443855358245315, 23.235431392682226 ], [ 77.443777558245316, 23.235426692684193 ], [ 77.44377085824533, 23.235522292644291 ] ] ] } },
{ "type": "Feature", "properties": { }, "geometry": { "type": "Polygon", "coordinates": [ [ [ 77.442542558245307, 23.233967293293208 ], [ 77.44267805824532, 23.233965993293754 ], [ 77.442676958245315, 23.233874393331977 ], [ 77.442541558245324, 23.233875693331434 ], [ 77.442542558245307, 23.233967293293208 ] ] ] } },
{ "type": "Feature", "properties": { }, "geometry": { "type": "Polygon", "coordinates": [ [ [ 77.442999858245315, 23.235603892610243 ], [ 77.442997458245316, 23.2356801925784 ], [ 77.443122158245316, 23.235683492577017 ], [ 77.443124558245302, 23.235607192608864 ], [ 77.442999858245315, 23.235603892610243 ] ] ] } },
{ "type": "Feature", "properties": { }, "geometry": { "type": "Polygon", "coordinates": [ [ [ 77.443418358245324, 23.235719492562001 ], [ 77.44341405824531, 23.235798192529163 ], [ 77.443544858245303, 23.235804292526609 ], [ 77.443549158245304, 23.235725592559458 ], [ 77.443418358245324, 23.235719492562001 ] ] ] } },
{ "type": "Feature", "properties": { }, "geometry": { "type": "Polygon", "coordinates": [ [ [ 77.442631458245316, 23.236167492375042 ], [ 77.442554858245302, 23.236135592388354 ], [ 77.442504958245323, 23.236236992346036 ], [ 77.442581458245314, 23.236268792332758 ], [ 77.442631458245316, 23.236167492375042 ] ] ] } },
{ "type": "Feature", "properties": { }, "geometry": { "type": "Polygon", "coordinates": [ [ [ 77.443156058245293, 23.23561849260415 ], [ 77.443151358245316, 23.2357019925693 ], [ 77.443282758245303, 23.235708092566753 ], [ 77.443287458245322, 23.235624592601603 ], [ 77.443156058245293, 23.23561849260415 ] ] ] } },
{ "type": "Feature", "properties": { }, "geometry": { "type": "Polygon", "coordinates": [ [ [ 77.443435258245316, 23.235551892631946 ], [ 77.44343175824531, 23.23561529260548 ], [ 77.443537758245327, 23.235620292603389 ], [ 77.443541258245318, 23.235556792629904 ], [ 77.443435258245316, 23.235551892631946 ] ] ] } },
{ "type": "Feature", "properties": { }, "geometry": { "type": "Polygon", "coordinates": [ [ [ 77.442979658245306, 23.235864392501529 ], [ 77.442977458245323, 23.235933492472693 ], [ 77.443106958245323, 23.235936992471231 ], [ 77.443109158245306, 23.235867892500067 ], [ 77.442979658245306, 23.235864392501529 ] ] ] } },
{ "type": "Feature", "properties": { }, "geometry": { "type": "Polygon", "coordinates": [ [ [ 77.442791358245316, 23.236089492407586 ], [ 77.442787158245309, 23.236129892390728 ], [ 77.442893758245319, 23.236171192373494 ], [ 77.442895958245316, 23.236091992406539 ], [ 77.442791358245316, 23.236089492407586 ] ] ] } },
{ "type": "Feature", "properties": { }, "geometry": { "type": "Polygon", "coordinates": [ [ [ 77.442555258245307, 23.234160793212464 ], [ 77.442556058245302, 23.234231793182836 ], [ 77.442690458245323, 23.234230493183379 ], [ 77.442689658245314, 23.234159493212999 ], [ 77.442555258245307, 23.234160793212464 ] ] ] } },
{ "type": "Feature", "properties": { }, "geometry": { "type": "Polygon", "coordinates": [ [ [ 77.442964958245327, 23.234474293081639 ], [ 77.44296595824531, 23.234565093043749 ], [ 77.443130058245316, 23.234563593044374 ], [ 77.443129158245313, 23.234472793082269 ], [ 77.442964958245327, 23.234474293081639 ] ] ] } },
{ "type": "Feature", "properties": { }, "geometry": { "type": "Polygon", "coordinates": [ [ [ 77.443874758245315, 23.235447092675678 ], [ 77.44386875824533, 23.235565392626309 ], [ 77.443950858245287, 23.235568892624848 ], [ 77.443956958245309, 23.235450592674216 ], [ 77.443874758245315, 23.235447092675678 ] ] ] } },
{ "type": "Feature", "properties": { }, "geometry": { "type": "Polygon", "coordinates": [ [ [ 77.443558158245324, 23.235877592496021 ], [ 77.443666558245312, 23.235882292494061 ], [ 77.443670458245293, 23.235805092526277 ], [ 77.443562058245305, 23.235800492528199 ], [ 77.443558158245324, 23.235877592496021 ] ] ] } },
{ "type": "Feature", "properties": { }, "geometry": { "type": "Polygon", "coordinates": [ [ [ 77.443158758245303, 23.235516492646717 ], [ 77.443153858245338, 23.235604292610077 ], [ 77.443280358245318, 23.235610192607613 ], [ 77.443285158245303, 23.235522392644253 ], [ 77.443158758245303, 23.235516492646717 ] ] ] } },
{ "type": "Feature", "properties": { }, "geometry": { "type": "Polygon", "coordinates": [ [ [ 77.442981358245305, 23.23392439331111 ], [ 77.442982558245305, 23.234027993267873 ], [ 77.443142058245314, 23.234026493268512 ], [ 77.443140958245323, 23.233922893311732 ], [ 77.442981358245305, 23.23392439331111 ] ] ] } },
{ "type": "Feature", "properties": { }, "geometry": { "type": "Polygon", "coordinates": [ [ [ 77.442729858245315, 23.23415679321413 ], [ 77.442728658245329, 23.234233893181955 ], [ 77.442871958245306, 23.234235693181201 ], [ 77.442873058245326, 23.23415859321338 ], [ 77.442729858245315, 23.23415679321413 ] ] ] } },
{ "type": "Feature", "properties": { }, "geometry": { "type": "Polygon", "coordinates": [ [ [ 77.442731958245318, 23.234424193102548 ], [ 77.442731658245293, 23.234443893094323 ], [ 77.44274405824531, 23.234444093094243 ], [ 77.442743258245315, 23.23449699307217 ], [ 77.44288535824532, 23.234498793071417 ], [ 77.442886458245312, 23.234426093101749 ], [ 77.442731958245318, 23.234424193102548 ] ] ] } },
{ "type": "Feature", "properties": { }, "geometry": { "type": "Polygon", "coordinates": [ [ [ 77.442899058245317, 23.236059392420149 ], [ 77.442904458245323, 23.235889392491092 ], [ 77.44278585824533, 23.235886192492426 ], [ 77.442784858245304, 23.235917292479453 ], [ 77.442775658245324, 23.235917092479532 ], [ 77.442772458245329, 23.236018792437093 ], [ 77.442784458245313, 23.236019092436969 ], [ 77.442783258245314, 23.236056292421441 ], [ 77.442899058245317, 23.236059392420149 ] ] ] } },
{ "type": "Feature", "properties": { }, "geometry": { "type": "Polygon", "coordinates": [ [ [ 77.43991305824531, 23.241798990024559 ], [ 77.439913358245335, 23.241829490011835 ], [ 77.439964258245311, 23.241829190011959 ], [ 77.439964058245323, 23.241798690024691 ], [ 77.43991305824531, 23.241798990024559 ] ] ] } },
{ "type": "Feature", "properties": { }, "geometry": { "type": "Polygon", "coordinates": [ [ [ 77.441721058245321, 23.238557391377601 ], [ 77.441804258245298, 23.238557791377435 ], [ 77.441804858245305, 23.238443391425189 ], [ 77.441721658245328, 23.238442991425355 ], [ 77.441721058245321, 23.238557391377601 ] ] ] } },
{ "type": "Feature", "properties": { }, "geometry": { "type": "Polygon", "coordinates": [ [ [ 77.441344158245315, 23.240147190714048 ], [ 77.441378358245302, 23.240200890691625 ], [ 77.441488358245294, 23.240141790716301 ], [ 77.441454158245293, 23.24008809073872 ], [ 77.441344158245315, 23.240147190714048 ] ] ] } },
{ "type": "Feature", "properties": { }, "geometry": { "type": "Polygon", "coordinates": [ [ [ 77.44007185824529, 23.24009009073788 ], [ 77.440155958245313, 23.240114390727729 ], [ 77.440196858245315, 23.239994890777613 ], [ 77.440112758245306, 23.239970590787756 ], [ 77.44007185824529, 23.24009009073788 ] ] ] } },
{ "type": "Feature", "properties": { }, "geometry": { "type": "Polygon", "coordinates": [ [ [ 77.441987658245324, 23.238565391374269 ], [ 77.441995658245318, 23.238431091430321 ], [ 77.441905758245326, 23.238426491432243 ], [ 77.441897658245324, 23.238560791376191 ], [ 77.441987658245324, 23.238565391374269 ] ] ] } },
{ "type": "Feature", "properties": { }, "geometry": { "type": "Polygon", "coordinates": [ [ [ 77.441090758245309, 23.23990259081614 ], [ 77.441059158245309, 23.240024390765303 ], [ 77.441207358245322, 23.240020090767096 ], [ 77.441236258245326, 23.239946990797606 ], [ 77.441090758245309, 23.23990259081614 ] ] ] } },
{ "type": "Feature", "properties": { }, "geometry": { "type": "Polygon", "coordinates": [ [ [ 77.440023358245327, 23.238601891359032 ], [ 77.440147658245309, 23.238652591337871 ], [ 77.440178958245326, 23.238587791364914 ], [ 77.440054658245316, 23.238537091386082 ], [ 77.440023358245327, 23.238601891359032 ] ] ] } },
{ "type": "Feature", "properties": { }, "geometry": { "type": "Polygon", "coordinates": [ [ [ 77.44090865824532, 23.239946990797606 ], [ 77.44105555824531, 23.23998699078091 ], [ 77.441083858245321, 23.239899190817564 ], [ 77.440937058245311, 23.23985919083426 ], [ 77.44090865824532, 23.239946990797606 ] ] ] } },
{ "type": "Feature", "properties": { }, "geometry": { "type": "Polygon", "coordinates": [ [ [ 77.439809458245307, 23.241773990034989 ], [ 77.439913258245326, 23.241778090033286 ], [ 77.439916058245316, 23.241718490058169 ], [ 77.439812258245311, 23.241714390059876 ], [ 77.439809458245307, 23.241773990034989 ] ] ] } },
{ "type": "Feature", "properties": { }, "geometry": { "type": "Polygon", "coordinates": [ [ [ 77.441062058245308, 23.239436791010561 ], [ 77.441032958245316, 23.239510790979669 ], [ 77.441172058245328, 23.239556990960391 ], [ 77.441201158245306, 23.239482990991277 ], [ 77.441062058245308, 23.239436791010561 ] ] ] } },
{ "type": "Feature", "properties": { }, "geometry": { "type": "Polygon", "coordinates": [ [ [ 77.439835158245302, 23.23905469117004 ], [ 77.439963458245316, 23.239106091148592 ], [ 77.439990658245307, 23.239048791172507 ], [ 77.439862358245321, 23.238997291194 ], [ 77.439835158245302, 23.23905469117004 ] ] ] } },
{ "type": "Feature", "properties": { }, "geometry": { "type": "Polygon", "coordinates": [ [ [ 77.441008258245304, 23.240399190608859 ], [ 77.44105315824531, 23.240467990580143 ], [ 77.441177858245311, 23.240399190608859 ], [ 77.441133058245327, 23.24033049063754 ], [ 77.441008258245304, 23.240399190608859 ] ] ] } },
{ "type": "Feature", "properties": { }, "geometry": { "type": "Polygon", "coordinates": [ [ [ 77.43985655824531, 23.239509190980339 ], [ 77.439984158245323, 23.239560090959099 ], [ 77.440014958245328, 23.239494790986353 ], [ 77.439887358245315, 23.239443891007596 ], [ 77.43985655824531, 23.239509190980339 ] ] ] } },
{ "type": "Feature", "properties": { }, "geometry": { "type": "Polygon", "coordinates": [ [ [ 77.441355758245294, 23.239159891126143 ], [ 77.441479658245314, 23.239199791109485 ], [ 77.441522858245321, 23.239086391156814 ], [ 77.44139895824533, 23.239046491173468 ], [ 77.441355758245294, 23.239159891126143 ] ] ] } },
{ "type": "Feature", "properties": { }, "geometry": { "type": "Polygon", "coordinates": [ [ [ 77.439838758245315, 23.240196490693464 ], [ 77.439948558245305, 23.240228390680151 ], [ 77.439988658245312, 23.240111990728739 ], [ 77.439878858245322, 23.240080090742051 ], [ 77.439838758245315, 23.240196490693464 ] ] ] } },
{ "type": "Feature", "properties": { }, "geometry": { "type": "Polygon", "coordinates": [ [ [ 77.441471558245311, 23.240357590626218 ], [ 77.441579658245303, 23.240299490650472 ], [ 77.441523358245291, 23.240211090687371 ], [ 77.441415358245308, 23.240269190663117 ], [ 77.441471558245311, 23.240357590626218 ] ] ] } },
{ "type": "Feature", "properties": { }, "geometry": { "type": "Polygon", "coordinates": [ [ [ 77.441069558245303, 23.239429891013444 ], [ 77.441199758245318, 23.239473090995411 ], [ 77.441233258245305, 23.239388091030886 ], [ 77.441103058245304, 23.239344891048919 ], [ 77.441069558245303, 23.239429891013444 ] ] ] } },
{ "type": "Feature", "properties": { }, "geometry": { "type": "Polygon", "coordinates": [ [ [ 77.43967255824532, 23.239458791001386 ], [ 77.439823658245317, 23.239519490976043 ], [ 77.439856958245315, 23.239449591005219 ], [ 77.439705758245296, 23.239388891030558 ], [ 77.43967255824532, 23.239458791001386 ] ] ] } },
{ "type": "Feature", "properties": { }, "geometry": { "type": "Polygon", "coordinates": [ [ [ 77.440323958245315, 23.238985991198717 ], [ 77.440441358245323, 23.239028691180902 ], [ 77.440467458245308, 23.238968091206186 ], [ 77.440350058245315, 23.238925391224015 ], [ 77.440323958245315, 23.238985991198717 ] ] ] } },
{ "type": "Feature", "properties": { }, "geometry": { "type": "Polygon", "coordinates": [ [ [ 77.440912658245324, 23.240250390670969 ], [ 77.440961758245322, 23.240325490639623 ], [ 77.441087358245312, 23.240256290668508 ], [ 77.441038358245308, 23.24018119069985 ], [ 77.440912658245324, 23.240250390670969 ] ] ] } },
{ "type": "Feature", "properties": { }, "geometry": { "type": "Polygon", "coordinates": [ [ [ 77.439826058245316, 23.240188090696968 ], [ 77.439863058245322, 23.240080790741761 ], [ 77.439752958245322, 23.240048790755115 ], [ 77.439716058245324, 23.240155990710377 ], [ 77.439826058245316, 23.240188090696968 ] ] ] } },
{ "type": "Feature", "properties": { }, "geometry": { "type": "Polygon", "coordinates": [ [ [ 77.439640358245313, 23.239521690975128 ], [ 77.439788058245327, 23.239580990950376 ], [ 77.439815358245312, 23.239523490974374 ], [ 77.439667658245298, 23.239464290999084 ], [ 77.439640358245313, 23.239521690975128 ] ] ] } },
{ "type": "Feature", "properties": { }, "geometry": { "type": "Polygon", "coordinates": [ [ [ 77.441627158245311, 23.238565391374269 ], [ 77.441716558245304, 23.238565891374058 ], [ 77.441717258245319, 23.238439791426693 ], [ 77.441627858245312, 23.238439391426859 ], [ 77.441627158245311, 23.238565391374269 ] ] ] } },
{ "type": "Feature", "properties": { }, "geometry": { "type": "Polygon", "coordinates": [ [ [ 77.440077358245318, 23.238966391206898 ], [ 77.440198058245315, 23.239014391186863 ], [ 77.440227358245323, 23.238952191212821 ], [ 77.440106658245327, 23.238904191232859 ], [ 77.440077358245318, 23.238966391206898 ] ] ] } },
{ "type": "Feature", "properties": { }, "geometry": { "type": "Polygon", "coordinates": [ [ [ 77.441168858245305, 23.240301190649767 ], [ 77.441294658245312, 23.240233390678068 ], [ 77.441247958245327, 23.240160090708656 ], [ 77.441122158245321, 23.240227890680359 ], [ 77.441168858245305, 23.240301190649767 ] ] ] } },
{ "type": "Feature", "properties": { }, "geometry": { "type": "Polygon", "coordinates": [ [ [ 77.439588058245306, 23.241800590023892 ], [ 77.439683658245315, 23.241800790023813 ], [ 77.439683758245323, 23.241757390041926 ], [ 77.439588158245328, 23.241757190042016 ], [ 77.439588058245306, 23.241800590023892 ] ] ] } },
{ "type": "Feature", "properties": { }, "geometry": { "type": "Polygon", "coordinates": [ [ [ 77.441885558245303, 23.23856039137635 ], [ 77.441886358245327, 23.238433391429361 ], [ 77.441811658245328, 23.238432991429526 ], [ 77.441810858245333, 23.238559991376523 ], [ 77.441885558245303, 23.23856039137635 ] ] ] } },
{ "type": "Feature", "properties": { }, "geometry": { "type": "Polygon", "coordinates": [ [ [ 77.44150515824532, 23.240145990714545 ], [ 77.441627858245312, 23.240076990743347 ], [ 77.441574358245305, 23.239996690776866 ], [ 77.441451658245327, 23.240065690748064 ], [ 77.44150515824532, 23.240145990714545 ] ] ] } },
{ "type": "Feature", "properties": { }, "geometry": { "type": "Polygon", "coordinates": [ [ [ 77.441968158245302, 23.239025391182274 ], [ 77.442050158245308, 23.239028191181109 ], [ 77.442053958245324, 23.238934791220082 ], [ 77.441971958245318, 23.238931991221261 ], [ 77.441968158245302, 23.239025391182274 ] ] ] } },
{ "type": "Feature", "properties": { }, "geometry": { "type": "Polygon", "coordinates": [ [ [ 77.441175358245289, 23.239169591122089 ], [ 77.441304058245322, 23.239212391104221 ], [ 77.441330158245307, 23.239146191131855 ], [ 77.441201458245303, 23.239103391149719 ], [ 77.441175358245289, 23.239169591122089 ] ] ] } },
{ "type": "Feature", "properties": { }, "geometry": { "type": "Polygon", "coordinates": [ [ [ 77.440782458245323, 23.241244690255936 ], [ 77.440875658245318, 23.241271190244877 ], [ 77.440915958245313, 23.24115169029476 ], [ 77.44082265824531, 23.241125190305819 ], [ 77.440782458245323, 23.241244690255936 ] ] ] } },
{ "type": "Feature", "properties": { }, "geometry": { "type": "Polygon", "coordinates": [ [ [ 77.439708258245304, 23.241698890066345 ], [ 77.439705158245332, 23.241766390038169 ], [ 77.43980045824533, 23.241770190036583 ], [ 77.439803658245324, 23.241702590064804 ], [ 77.439708258245304, 23.241698890066345 ] ] ] } },
{ "type": "Feature", "properties": { }, "geometry": { "type": "Polygon", "coordinates": [ [ [ 77.441874258245306, 23.239021391183943 ], [ 77.441959058245303, 23.239024291182734 ], [ 77.441962458245342, 23.238940991217504 ], [ 77.441877658245318, 23.238938091218714 ], [ 77.441874258245306, 23.239021391183943 ] ] ] } },
{ "type": "Feature", "properties": { }, "geometry": { "type": "Polygon", "coordinates": [ [ [ 77.441225658245301, 23.23900609119033 ], [ 77.441192458245325, 23.239094291153521 ], [ 77.441337558245323, 23.239140491134233 ], [ 77.441370758245313, 23.239052291171046 ], [ 77.441225658245301, 23.23900609119033 ] ] ] } },
{ "type": "Feature", "properties": { }, "geometry": { "type": "Polygon", "coordinates": [ [ [ 77.440115058245325, 23.239527490972705 ], [ 77.4402277582453, 23.23956859095555 ], [ 77.440259258245305, 23.239495490986062 ], [ 77.440146558245303, 23.239454491003173 ], [ 77.440115058245325, 23.239527490972705 ] ] ] } },
{ "type": "Feature", "properties": { }, "geometry": { "type": "Polygon", "coordinates": [ [ [ 77.438821058245324, 23.23960459094052 ], [ 77.438770258245313, 23.239759490875873 ], [ 77.438869258245319, 23.239786890864437 ], [ 77.438920058245301, 23.239631990929091 ], [ 77.438821058245324, 23.23960459094052 ] ] ] } },
{ "type": "Feature", "properties": { }, "geometry": { "type": "Polygon", "coordinates": [ [ [ 77.439642058245326, 23.239971390787424 ], [ 77.439676758245312, 23.239855490835801 ], [ 77.439607558245314, 23.239838090843065 ], [ 77.439572858245313, 23.239953890794727 ], [ 77.439642058245326, 23.239971390787424 ] ] ] } },
{ "type": "Feature", "properties": { }, "geometry": { "type": "Polygon", "coordinates": [ [ [ 77.441648158245329, 23.239901190816727 ], [ 77.441674458245302, 23.239941290799987 ], [ 77.441775258245315, 23.239885690823197 ], [ 77.441748958245327, 23.239845590839934 ], [ 77.441648158245329, 23.239901190816727 ] ] ] } },
{ "type": "Feature", "properties": { }, "geometry": { "type": "Polygon", "coordinates": [ [ [ 77.439866258245317, 23.238990891196671 ], [ 77.440005858245328, 23.239046891173299 ], [ 77.440040658245323, 23.238973591203891 ], [ 77.439901158245306, 23.238917591227271 ], [ 77.439866258245317, 23.238990891196671 ] ] ] } },
{ "type": "Feature", "properties": { }, "geometry": { "type": "Polygon", "coordinates": [ [ [ 77.441053458245321, 23.240120590725148 ], [ 77.441109558245316, 23.240220190683576 ], [ 77.441249758245306, 23.240153390711455 ], [ 77.441193658245325, 23.240053890752986 ], [ 77.441053458245321, 23.240120590725148 ] ] ] } },
{ "type": "Feature", "properties": { }, "geometry": { "type": "Polygon", "coordinates": [ [ [ 77.440247858245314, 23.239605090940316 ], [ 77.440390158245307, 23.239652690920447 ], [ 77.440444958245322, 23.239514490978124 ], [ 77.440302658245329, 23.239466890997996 ], [ 77.440247858245314, 23.239605090940316 ] ] ] } },
{ "type": "Feature", "properties": { }, "geometry": { "type": "Polygon", "coordinates": [ [ [ 77.44008955824529, 23.239611290937727 ], [ 77.44020125824531, 23.239651990920738 ], [ 77.440224358245317, 23.239598390943119 ], [ 77.440112658245312, 23.239557790960053 ], [ 77.44008955824529, 23.239611290937727 ] ] ] } },
{ "type": "Feature", "properties": { }, "geometry": { "type": "Polygon", "coordinates": [ [ [ 77.441987858245312, 23.239951890795567 ], [ 77.441936958245307, 23.23987829082628 ], [ 77.441856858245302, 23.23992509080675 ], [ 77.441907858245315, 23.239998690776034 ], [ 77.441987858245312, 23.239951890795567 ] ] ] } },
{ "type": "Feature", "properties": { }, "geometry": { "type": "Polygon", "coordinates": [ [ [ 77.441424958245321, 23.238562491375468 ], [ 77.441538558245313, 23.238552991379436 ], [ 77.441538558245313, 23.238446391423931 ], [ 77.441456458245327, 23.238443591425099 ], [ 77.441424958245321, 23.238562491375468 ] ] ] } },
{ "type": "Feature", "properties": { }, "geometry": { "type": "Polygon", "coordinates": [ [ [ 77.44187825824531, 23.239770190871404 ], [ 77.441900858245319, 23.239800790858627 ], [ 77.441981358245329, 23.239750790879498 ], [ 77.441958858245329, 23.239720190892275 ], [ 77.44187825824531, 23.239770190871404 ] ] ] } },
{ "type": "Feature", "properties": { }, "geometry": { "type": "Polygon", "coordinates": [ [ [ 77.439606758245318, 23.239609190938602 ], [ 77.439567858245312, 23.239690090904837 ], [ 77.439702558245315, 23.239744890881962 ], [ 77.439741558245288, 23.239663990915727 ], [ 77.439606758245318, 23.239609190938602 ] ] ] } },
{ "type": "Feature", "properties": { }, "geometry": { "type": "Polygon", "coordinates": [ [ [ 77.441953758245305, 23.238931091221634 ], [ 77.442039858245323, 23.238930791221762 ], [ 77.442039258245302, 23.238792391279524 ], [ 77.441953058245318, 23.238792791279359 ], [ 77.441953758245305, 23.238931091221634 ] ] ] } },
{ "type": "Feature", "properties": { }, "geometry": { "type": "Polygon", "coordinates": [ [ [ 77.439610858245302, 23.240163990707035 ], [ 77.439698358245309, 23.240189490696388 ], [ 77.439749658245319, 23.240040790758453 ], [ 77.439662058245318, 23.240015290769097 ], [ 77.439610858245302, 23.240163990707035 ] ] ] } },
{ "type": "Feature", "properties": { }, "geometry": { "type": "Polygon", "coordinates": [ [ [ 77.440172058245324, 23.239356291044164 ], [ 77.440282658245323, 23.239396491027378 ], [ 77.440308558245306, 23.239336391052468 ], [ 77.440197958245307, 23.239296191069247 ], [ 77.440172058245324, 23.239356291044164 ] ] ] } },
{ "type": "Feature", "properties": { }, "geometry": { "type": "Polygon", "coordinates": [ [ [ 77.441860958245314, 23.239912590811961 ], [ 77.441932158245322, 23.239870890829373 ], [ 77.441892958245319, 23.239814190853043 ], [ 77.441821758245311, 23.239855790835673 ], [ 77.441860958245314, 23.239912590811961 ] ] ] } },
{ "type": "Feature", "properties": { }, "geometry": { "type": "Polygon", "coordinates": [ [ [ 77.438852258245305, 23.239546990964559 ], [ 77.439051258245314, 23.239598890942904 ], [ 77.43908825824532, 23.239479190992871 ], [ 77.438889258245311, 23.239427191014567 ], [ 77.438852258245305, 23.239546990964559 ] ] ] } },
{ "type": "Feature", "properties": { }, "geometry": { "type": "Polygon", "coordinates": [ [ [ 77.441227158245312, 23.239492790987189 ], [ 77.441365958245328, 23.239541090967027 ], [ 77.441388358245305, 23.239486890989646 ], [ 77.441249458245323, 23.239438591009812 ], [ 77.441227158245312, 23.239492790987189 ] ] ] } },
{ "type": "Feature", "properties": { }, "geometry": { "type": "Polygon", "coordinates": [ [ [ 77.441486758245304, 23.240551390545331 ], [ 77.441426658245319, 23.240583490531929 ], [ 77.441497258245306, 23.240695190485312 ], [ 77.441557358245305, 23.240663090498696 ], [ 77.441486758245304, 23.240551390545331 ] ] ] } },
{ "type": "Feature", "properties": { }, "geometry": { "type": "Polygon", "coordinates": [ [ [ 77.441423358245302, 23.23898129120068 ], [ 77.441550758245313, 23.239018891184987 ], [ 77.441573458245315, 23.238953891212116 ], [ 77.441446058245319, 23.238916291227806 ], [ 77.441423358245302, 23.23898129120068 ] ] ] } },
{ "type": "Feature", "properties": { }, "geometry": { "type": "Polygon", "coordinates": [ [ [ 77.440265258245319, 23.239142091133566 ], [ 77.440381358245304, 23.239184391115909 ], [ 77.440414458245328, 23.23910759114796 ], [ 77.440298358245329, 23.239065391165578 ], [ 77.440265258245319, 23.239142091133566 ] ] ] } },
{ "type": "Feature", "properties": { }, "geometry": { "type": "Polygon", "coordinates": [ [ [ 77.440013458245318, 23.239781690866607 ], [ 77.43998205824532, 23.239862290832956 ], [ 77.440116858245304, 23.239906690814429 ], [ 77.440148258245316, 23.239826090848073 ], [ 77.440013458245318, 23.239781690866607 ] ] ] } },
{ "type": "Feature", "properties": { }, "geometry": { "type": "Polygon", "coordinates": [ [ [ 77.441656258245317, 23.240380190616786 ], [ 77.441781458245316, 23.240309590646262 ], [ 77.44174045824532, 23.240248290671847 ], [ 77.441615358245315, 23.240318890642378 ], [ 77.441656258245317, 23.240380190616786 ] ] ] } },
{ "type": "Feature", "properties": { }, "geometry": { "type": "Polygon", "coordinates": [ [ [ 77.440185058245319, 23.239285591073671 ], [ 77.44031495824531, 23.23933289105393 ], [ 77.440336958245325, 23.239281691075295 ], [ 77.440207058245321, 23.239234391095039 ], [ 77.440185058245319, 23.239285591073671 ] ] ] } },
{ "type": "Feature", "properties": { }, "geometry": { "type": "Polygon", "coordinates": [ [ [ 77.440978458245311, 23.239763390874245 ], [ 77.441111858245307, 23.239807690855752 ], [ 77.441141758245323, 23.239731690887474 ], [ 77.441008358245327, 23.239687290906005 ], [ 77.440978458245311, 23.239763390874245 ] ] ] } },
{ "type": "Feature", "properties": { }, "geometry": { "type": "Polygon", "coordinates": [ [ [ 77.441720558245322, 23.240022090766267 ], [ 77.441763858245324, 23.240084490740216 ], [ 77.441863258245306, 23.240026290764511 ], [ 77.441819958245304, 23.239963890790548 ], [ 77.441720558245322, 23.240022090766267 ] ] ] } },
{ "type": "Feature", "properties": { }, "geometry": { "type": "Polygon", "coordinates": [ [ [ 77.441249958245308, 23.239429591013565 ], [ 77.441395558245304, 23.239480290992404 ], [ 77.441416958245327, 23.239428291014107 ], [ 77.441271358245302, 23.23937769103523 ], [ 77.441249958245308, 23.239429591013565 ] ] ] } },
{ "type": "Feature", "properties": { }, "geometry": { "type": "Polygon", "coordinates": [ [ [ 77.440219358245329, 23.239232391095875 ], [ 77.440336258245296, 23.239274991078091 ], [ 77.440374258245328, 23.239186791114911 ], [ 77.440257358245319, 23.239144291132643 ], [ 77.440219358245329, 23.239232391095875 ] ] ] } },
{ "type": "Feature", "properties": { }, "geometry": { "type": "Polygon", "coordinates": [ [ [ 77.439801058245308, 23.241819890015833 ], [ 77.439898358245316, 23.241826690012999 ], [ 77.439901358245322, 23.241790390028147 ], [ 77.439852758245294, 23.241786990029574 ], [ 77.439804058245329, 23.241783590030991 ], [ 77.439801058245308, 23.241819890015833 ] ] ] } },
{ "type": "Feature", "properties": { }, "geometry": { "type": "Polygon", "coordinates": [ [ [ 77.441484358245305, 23.240369690621179 ], [ 77.441532358245325, 23.240441590591164 ], [ 77.441646158245319, 23.240377490617913 ], [ 77.441598058245305, 23.240305490647973 ], [ 77.441484358245305, 23.240369690621179 ] ] ] } },
{ "type": "Feature", "properties": { }, "geometry": { "type": "Polygon", "coordinates": [ [ [ 77.440163658245325, 23.240116590726817 ], [ 77.440239358245307, 23.240137590718053 ], [ 77.440274858245303, 23.240029790763046 ], [ 77.440199258245315, 23.24000879077181 ], [ 77.440163658245325, 23.240116590726817 ] ] ] } },
{ "type": "Feature", "properties": { }, "geometry": { "type": "Polygon", "coordinates": [ [ [ 77.440062758245318, 23.240252090670264 ], [ 77.440100958245324, 23.240134390719387 ], [ 77.439998558245321, 23.240106390731075 ], [ 77.43996035824533, 23.240223990681987 ], [ 77.440062758245318, 23.240252090670264 ] ] ] } },
{ "type": "Feature", "properties": { }, "geometry": { "type": "Polygon", "coordinates": [ [ [ 77.441286558245324, 23.240474990577223 ], [ 77.441329358245312, 23.240542290549133 ], [ 77.441436058245301, 23.240484890573086 ], [ 77.441393258245313, 23.240417590601183 ], [ 77.441286558245324, 23.240474990577223 ] ] ] } },
{ "type": "Feature", "properties": { }, "geometry": { "type": "Polygon", "coordinates": [ [ [ 77.441576658245324, 23.239805590856626 ], [ 77.441615858245314, 23.239864390832082 ], [ 77.441718558245327, 23.239806590856212 ], [ 77.44167935824531, 23.239747790880752 ], [ 77.441576658245324, 23.239805590856626 ] ] ] } },
{ "type": "Feature", "properties": { }, "geometry": { "type": "Polygon", "coordinates": [ [ [ 77.441105858245308, 23.239342391049963 ], [ 77.441235158245306, 23.239385391032013 ], [ 77.441267258245318, 23.239303691066112 ], [ 77.441137958245307, 23.239260791084021 ], [ 77.441105858245308, 23.239342391049963 ] ] ] } },
{ "type": "Feature", "properties": { }, "geometry": { "type": "Polygon", "coordinates": [ [ [ 77.439767058245323, 23.239221591100385 ], [ 77.439901658245319, 23.2392756910778 ], [ 77.439946058245297, 23.239182191116825 ], [ 77.439811458245302, 23.239128191139368 ], [ 77.439767058245323, 23.239221591100385 ] ] ] } },
{ "type": "Feature", "properties": { }, "geometry": { "type": "Polygon", "coordinates": [ [ [ 77.441611758245315, 23.240303090648975 ], [ 77.441731758245325, 23.24023549067719 ], [ 77.441688858245314, 23.240171290703987 ], [ 77.441568858245304, 23.240238890675769 ], [ 77.441611758245315, 23.240303090648975 ] ] ] } },
{ "type": "Feature", "properties": { }, "geometry": { "type": "Polygon", "coordinates": [ [ [ 77.441515058245329, 23.238678991326854 ], [ 77.441521158245322, 23.23856379137494 ], [ 77.441431758245301, 23.23857099137193 ], [ 77.441395558245304, 23.238677591327441 ], [ 77.441515058245329, 23.238678991326854 ] ] ] } },
{ "type": "Feature", "properties": { }, "geometry": { "type": "Polygon", "coordinates": [ [ [ 77.441164558245305, 23.240313090644801 ], [ 77.441206058245328, 23.24037839061754 ], [ 77.441334858245312, 23.24030909064647 ], [ 77.441293258245324, 23.240243890673678 ], [ 77.441164558245305, 23.240313090644801 ] ] ] } },
{ "type": "Feature", "properties": { }, "geometry": { "type": "Polygon", "coordinates": [ [ [ 77.439690158245313, 23.241806690021349 ], [ 77.439794058245326, 23.241812190019054 ], [ 77.439796458245326, 23.241774690034706 ], [ 77.439692458245304, 23.241769190037001 ], [ 77.439690158245313, 23.241806690021349 ] ] ] } },
{ "type": "Feature", "properties": { }, "geometry": { "type": "Polygon", "coordinates": [ [ [ 77.440425158245304, 23.238761691292336 ], [ 77.440541758245303, 23.238804091274641 ], [ 77.440579458245296, 23.238716691311119 ], [ 77.440462858245311, 23.23867429132881 ], [ 77.440425158245304, 23.238761691292336 ] ] ] } },
{ "type": "Feature", "properties": { }, "geometry": { "type": "Polygon", "coordinates": [ [ [ 77.440080158245337, 23.240273090661489 ], [ 77.440164558245328, 23.240295690652058 ], [ 77.440202058245305, 23.240177390701437 ], [ 77.440117758245307, 23.240154790710868 ], [ 77.440080158245337, 23.240273090661489 ] ] ] } },
{ "type": "Feature", "properties": { }, "geometry": { "type": "Polygon", "coordinates": [ [ [ 77.439186158245306, 23.239648290922286 ], [ 77.439314958245333, 23.239681890908262 ], [ 77.439358058245318, 23.239542290966526 ], [ 77.439229358245328, 23.239508690980553 ], [ 77.439186158245306, 23.239648290922286 ] ] ] } },
{ "type": "Feature", "properties": { }, "geometry": { "type": "Polygon", "coordinates": [ [ [ 77.441134958245328, 23.239255491086233 ], [ 77.441268458245304, 23.239299891067706 ], [ 77.441301258245318, 23.239216391102556 ], [ 77.441167858245322, 23.239172091121045 ], [ 77.441134958245328, 23.239255491086233 ] ] ] } },
{ "type": "Feature", "properties": { }, "geometry": { "type": "Polygon", "coordinates": [ [ [ 77.439536558245308, 23.241729590053531 ], [ 77.439588558245319, 23.241729290053655 ], [ 77.439588158245328, 23.241686790071395 ], [ 77.439536258245312, 23.241687190071232 ], [ 77.439536558245308, 23.241729590053531 ] ] ] } },
{ "type": "Feature", "properties": { }, "geometry": { "type": "Polygon", "coordinates": [ [ [ 77.440390458245304, 23.239228291097589 ], [ 77.440349358245328, 23.239335791052717 ], [ 77.440507558245315, 23.239386991031346 ], [ 77.440548758245328, 23.239279491076214 ], [ 77.440390458245304, 23.239228291097589 ] ] ] } },
{ "type": "Feature", "properties": { }, "geometry": { "type": "Polygon", "coordinates": [ [ [ 77.441706958245305, 23.238668291331319 ], [ 77.441783458245311, 23.238670291330486 ], [ 77.441786458245318, 23.238572191371421 ], [ 77.441709958245312, 23.238570191372265 ], [ 77.441706958245305, 23.238668291331319 ] ] ] } },
{ "type": "Feature", "properties": { }, "geometry": { "type": "Polygon", "coordinates": [ [ [ 77.439886958245296, 23.23944139100864 ], [ 77.440018158245309, 23.239493590986854 ], [ 77.440061958245323, 23.239400791025588 ], [ 77.439930658245316, 23.239348591047371 ], [ 77.439886958245296, 23.23944139100864 ] ] ] } },
{ "type": "Feature", "properties": { }, "geometry": { "type": "Polygon", "coordinates": [ [ [ 77.439130258245314, 23.239824390848778 ], [ 77.439253258245301, 23.239858390834591 ], [ 77.439297558245315, 23.23972319089102 ], [ 77.439174658245321, 23.239689090905252 ], [ 77.439130258245314, 23.239824390848778 ] ] ] } },
{ "type": "Feature", "properties": { }, "geometry": { "type": "Polygon", "coordinates": [ [ [ 77.439649358245305, 23.239981690783125 ], [ 77.43972825824531, 23.240001690774779 ], [ 77.439766758245312, 23.239873190828412 ], [ 77.439687758245313, 23.239853290836713 ], [ 77.439649358245305, 23.239981690783125 ] ] ] } },
{ "type": "Feature", "properties": { }, "geometry": { "type": "Polygon", "coordinates": [ [ [ 77.440155058245296, 23.239866590831166 ], [ 77.440296958245298, 23.23991449081117 ], [ 77.440347058245308, 23.239789090863511 ], [ 77.44020515824532, 23.239741190883507 ], [ 77.440155058245296, 23.239866590831166 ] ] ] } },
{ "type": "Feature", "properties": { }, "geometry": { "type": "Polygon", "coordinates": [ [ [ 77.44044995824531, 23.239100191151053 ], [ 77.440404558245305, 23.239221791100306 ], [ 77.440565058245312, 23.239272291079221 ], [ 77.440610458245317, 23.239150791129934 ], [ 77.44044995824531, 23.239100191151053 ] ] ] } },
{ "type": "Feature", "properties": { }, "geometry": { "type": "Polygon", "coordinates": [ [ [ 77.440013858245337, 23.239771890870696 ], [ 77.440144958245298, 23.239819590850782 ], [ 77.440178758245295, 23.239741190883507 ], [ 77.440047658245305, 23.239693390903462 ], [ 77.440013858245337, 23.239771890870696 ] ] ] } },
{ "type": "Feature", "properties": { }, "geometry": { "type": "Polygon", "coordinates": [ [ [ 77.439929158245292, 23.239341591050295 ], [ 77.440060958245297, 23.239393991028429 ], [ 77.440096158245325, 23.23931939105956 ], [ 77.439964258245311, 23.239266991081436 ], [ 77.439929158245292, 23.239341591050295 ] ] ] } },
{ "type": "Feature", "properties": { }, "geometry": { "type": "Polygon", "coordinates": [ [ [ 77.440300658245306, 23.239463390999465 ], [ 77.440441658245319, 23.239510390979845 ], [ 77.440488158245302, 23.239392391029092 ], [ 77.440347058245308, 23.23934549104867 ], [ 77.440300658245306, 23.239463390999465 ] ] ] } },
{ "type": "Feature", "properties": { }, "geometry": { "type": "Polygon", "coordinates": [ [ [ 77.441096058245321, 23.239890290821272 ], [ 77.441224158245319, 23.239925390806626 ], [ 77.441249758245306, 23.239846490839561 ], [ 77.441121758245316, 23.239811390854211 ], [ 77.441096058245321, 23.239890290821272 ] ] ] } },
{ "type": "Feature", "properties": { }, "geometry": { "type": "Polygon", "coordinates": [ [ [ 77.43898485824532, 23.239799390859211 ], [ 77.439025058245306, 23.239676690910436 ], [ 77.438920358245326, 23.239647690922531 ], [ 77.438880158245325, 23.239770390871325 ], [ 77.43898485824532, 23.239799390859211 ] ] ] } },
{ "type": "Feature", "properties": { }, "geometry": { "type": "Polygon", "coordinates": [ [ [ 77.440945558245303, 23.239844690840304 ], [ 77.441078358245321, 23.239887790822316 ], [ 77.441107558245321, 23.239811790854041 ], [ 77.440974758245304, 23.239768690872033 ], [ 77.440945558245303, 23.239844690840304 ] ] ] } },
{ "type": "Feature", "properties": { }, "geometry": { "type": "Polygon", "coordinates": [ [ [ 77.441829058245318, 23.239698490901329 ], [ 77.44184865824532, 23.239724990890267 ], [ 77.441931058245316, 23.2396738909116 ], [ 77.441911558245309, 23.239647290922697 ], [ 77.441829058245318, 23.239698490901329 ] ] ] } },
{ "type": "Feature", "properties": { }, "geometry": { "type": "Polygon", "coordinates": [ [ [ 77.441283558245317, 23.239375691036066 ], [ 77.441417458245326, 23.239422291016613 ], [ 77.441439058245308, 23.239369791038527 ], [ 77.441305158245314, 23.239323191057974 ], [ 77.441283558245317, 23.239375691036066 ] ] ] } },
{ "type": "Feature", "properties": { }, "geometry": { "type": "Polygon", "coordinates": [ [ [ 77.440252858245302, 23.239635990927415 ], [ 77.440211558245323, 23.239739390884264 ], [ 77.440343358245329, 23.239783890865684 ], [ 77.440384658245307, 23.239680390908887 ], [ 77.440252858245302, 23.239635990927415 ] ] ] } },
{ "type": "Feature", "properties": { }, "geometry": { "type": "Polygon", "coordinates": [ [ [ 77.440055758245308, 23.239689290905172 ], [ 77.440177258245313, 23.239733490886721 ], [ 77.440206558245308, 23.239665590915063 ], [ 77.440085058245302, 23.239621290933552 ], [ 77.440055758245308, 23.239689290905172 ] ] ] } },
{ "type": "Feature", "properties": { }, "geometry": { "type": "Polygon", "coordinates": [ [ [ 77.439820658245296, 23.239573090953673 ], [ 77.439945458245305, 23.239622990932844 ], [ 77.439975358245306, 23.239559790959227 ], [ 77.439850558245325, 23.239509890980052 ], [ 77.439820658245296, 23.239573090953673 ] ] ] } },
{ "type": "Feature", "properties": { }, "geometry": { "type": "Polygon", "coordinates": [ [ [ 77.439795558245308, 23.240022290766177 ], [ 77.439835758245323, 23.239897190818397 ], [ 77.439772958245314, 23.239880190825492 ], [ 77.439732758245299, 23.240005290773272 ], [ 77.439795558245308, 23.240022290766177 ] ] ] } },
{ "type": "Feature", "properties": { }, "geometry": { "type": "Polygon", "coordinates": [ [ [ 77.439807258245324, 23.239116291144327 ], [ 77.439927958245306, 23.239164691124131 ], [ 77.439954158245314, 23.239109491147175 ], [ 77.439833558245311, 23.239061091167372 ], [ 77.439807258245324, 23.239116291144327 ] ] ] } },
{ "type": "Feature", "properties": { }, "geometry": { "type": "Polygon", "coordinates": [ [ [ 77.441940358245304, 23.239873990828084 ], [ 77.442024458245314, 23.239824690848657 ], [ 77.442007258245312, 23.239799890859004 ], [ 77.441923158245302, 23.239849190838427 ], [ 77.441940358245304, 23.239873990828084 ] ] ] } },
{ "type": "Feature", "properties": { }, "geometry": { "type": "Polygon", "coordinates": [ [ [ 77.441558758245307, 23.240235290677273 ], [ 77.44168715824533, 23.24016299070745 ], [ 77.441635858245306, 23.240086190739508 ], [ 77.441507558245334, 23.240158590709289 ], [ 77.441558758245307, 23.240235290677273 ] ] ] } },
{ "type": "Feature", "properties": { }, "geometry": { "type": "Polygon", "coordinates": [ [ [ 77.440495358245315, 23.238958391210247 ], [ 77.440645058245323, 23.239012291187741 ], [ 77.440699758245316, 23.238884291241167 ], [ 77.440550058245307, 23.238830291263703 ], [ 77.440495358245315, 23.238958391210247 ] ] ] } },
{ "type": "Feature", "properties": { }, "geometry": { "type": "Polygon", "coordinates": [ [ [ 77.43866265824532, 23.239709890896574 ], [ 77.438772758245307, 23.239738590884588 ], [ 77.438810058245309, 23.239617690935056 ], [ 77.438699958245309, 23.239588990947041 ], [ 77.43866265824532, 23.239709890896574 ] ] ] } },
{ "type": "Feature", "properties": { }, "geometry": { "type": "Polygon", "coordinates": [ [ [ 77.439783358245307, 23.239669290913511 ], [ 77.439926358245302, 23.239720190892275 ], [ 77.43996075824532, 23.239638390926416 ], [ 77.439817758245326, 23.239587490947663 ], [ 77.439783358245307, 23.239669290913511 ] ] ] } },
{ "type": "Feature", "properties": { }, "geometry": { "type": "Polygon", "coordinates": [ [ [ 77.441766658245328, 23.239769590871656 ], [ 77.441820358245309, 23.239847090839305 ], [ 77.441894658245303, 23.239803690857425 ], [ 77.441840958245322, 23.23972609088981 ], [ 77.441766658245328, 23.239769590871656 ] ] ] } },
{ "type": "Feature", "properties": { }, "geometry": { "type": "Polygon", "coordinates": [ [ [ 77.441218458245316, 23.2395619909583 ], [ 77.441332458245313, 23.239602690941314 ], [ 77.441353558245325, 23.239552790962144 ], [ 77.441239558245329, 23.239512190979092 ], [ 77.441218458245316, 23.2395619909583 ] ] ] } },
{ "type": "Feature", "properties": { }, "geometry": { "type": "Polygon", "coordinates": [ [ [ 77.440913258245303, 23.24024469067335 ], [ 77.441031358245326, 23.240179590700521 ], [ 77.440969558245314, 23.240084790740095 ], [ 77.440851358245325, 23.240149890712917 ], [ 77.440913258245303, 23.24024469067335 ] ] ] } },
{ "type": "Feature", "properties": { }, "geometry": { "type": "Polygon", "coordinates": [ [ [ 77.440363558245309, 23.238904591232689 ], [ 77.440459558245308, 23.238939591218085 ], [ 77.440490258245305, 23.238868291247844 ], [ 77.44039425824532, 23.238833291262452 ], [ 77.440363558245309, 23.238904591232689 ] ] ] } },
{ "type": "Feature", "properties": { }, "geometry": { "type": "Polygon", "coordinates": [ [ [ 77.440136258245317, 23.238814591270259 ], [ 77.440265058245302, 23.238854491253605 ], [ 77.440290658245317, 23.238784791282697 ], [ 77.440161858245318, 23.238744891299344 ], [ 77.440136258245317, 23.238814591270259 ] ] ] } },
{ "type": "Feature", "properties": { }, "geometry": { "type": "Polygon", "coordinates": [ [ [ 77.439808258245307, 23.240033390761546 ], [ 77.439898658245312, 23.240058090751241 ], [ 77.439942258245324, 23.239923090807586 ], [ 77.439851858245319, 23.239898490817858 ], [ 77.439808258245307, 23.240033390761546 ] ] ] } },
{ "type": "Feature", "properties": { }, "geometry": { "type": "Polygon", "coordinates": [ [ [ 77.441700758245318, 23.239679390909306 ], [ 77.44176175824532, 23.239767490872527 ], [ 77.441837558245311, 23.23972319089102 ], [ 77.441776558245309, 23.239635090927795 ], [ 77.441700758245318, 23.239679390909306 ] ] ] } },
{ "type": "Feature", "properties": { }, "geometry": { "type": "Polygon", "coordinates": [ [ [ 77.441170558245304, 23.239653290920199 ], [ 77.441315058245323, 23.239701890899909 ], [ 77.441345758245305, 23.239624790932087 ], [ 77.441201258245329, 23.239576190952377 ], [ 77.441170558245304, 23.239653290920199 ] ] ] } },
{ "type": "Feature", "properties": { }, "geometry": { "type": "Polygon", "coordinates": [ [ [ 77.439576558245321, 23.241793590026816 ], [ 77.439575258245313, 23.241747990045848 ], [ 77.43953255824529, 23.241749090045385 ], [ 77.43953395824532, 23.241794690026357 ], [ 77.439576558245321, 23.241793590026816 ] ] ] } },
{ "type": "Feature", "properties": { }, "geometry": { "type": "Polygon", "coordinates": [ [ [ 77.440170658245307, 23.238662491333738 ], [ 77.440231258245305, 23.238684791324435 ], [ 77.440262058245324, 23.238614291353862 ], [ 77.440201458245326, 23.23859189136321 ], [ 77.440170658245307, 23.238662491333738 ] ] ] } },
{ "type": "Feature", "properties": { }, "geometry": { "type": "Polygon", "coordinates": [ [ [ 77.441118258245311, 23.240559390541993 ], [ 77.441167858245322, 23.24063539051027 ], [ 77.441294558245318, 23.240565590539404 ], [ 77.441244958245306, 23.240489590571126 ], [ 77.441118258245311, 23.240559390541993 ] ] ] } },
{ "type": "Feature", "properties": { }, "geometry": { "type": "Polygon", "coordinates": [ [ [ 77.439912258245315, 23.240041990757959 ], [ 77.439987958245311, 23.240062390749436 ], [ 77.440020158245318, 23.239961290791641 ], [ 77.439944458245307, 23.239940990800111 ], [ 77.439912258245315, 23.240041990757959 ] ] ] } },
{ "type": "Feature", "properties": { }, "geometry": { "type": "Polygon", "coordinates": [ [ [ 77.441277158245327, 23.240470090579265 ], [ 77.441381258245329, 23.240414090602641 ], [ 77.44132945824532, 23.24033269063662 ], [ 77.441225258245311, 23.240388690613244 ], [ 77.441277158245327, 23.240470090579265 ] ] ] } },
{ "type": "Feature", "properties": { }, "geometry": { "type": "Polygon", "coordinates": [ [ [ 77.440131858245323, 23.238814891270131 ], [ 77.440108258245317, 23.238872791245964 ], [ 77.440230358245316, 23.238914891228397 ], [ 77.440253958245307, 23.238856991252558 ], [ 77.440131858245323, 23.238814891270131 ] ] ] } },
{ "type": "Feature", "properties": { }, "geometry": { "type": "Polygon", "coordinates": [ [ [ 77.439997558245324, 23.239169091122296 ], [ 77.44011115824533, 23.23921429110343 ], [ 77.440158858245326, 23.239112991145713 ], [ 77.440045258245306, 23.239067891164542 ], [ 77.439997558245324, 23.239169091122296 ] ] ] } },
{ "type": "Feature", "properties": { }, "geometry": { "type": "Polygon", "coordinates": [ [ [ 77.441831658245306, 23.240521190557942 ], [ 77.441884158245301, 23.240494890568915 ], [ 77.441816458245327, 23.240380890616503 ], [ 77.441763958245318, 23.240407190605517 ], [ 77.441831658245306, 23.240521190557942 ] ] ] } },
{ "type": "Feature", "properties": { }, "geometry": { "type": "Polygon", "coordinates": [ [ [ 77.44106185824532, 23.240481190574631 ], [ 77.441108958245309, 23.24055329054454 ], [ 77.441234258245302, 23.240484290573338 ], [ 77.441187158245313, 23.240412090603474 ], [ 77.44106185824532, 23.240481190574631 ] ] ] } },
{ "type": "Feature", "properties": { }, "geometry": { "type": "Polygon", "coordinates": [ [ [ 77.43906815824532, 23.239607990939106 ], [ 77.439173458245307, 23.239635390927667 ], [ 77.439211658245327, 23.239511790979261 ], [ 77.439106358245311, 23.239484390990697 ], [ 77.43906815824532, 23.239607990939106 ] ] ] } },
{ "type": "Feature", "properties": { }, "geometry": { "type": "Polygon", "coordinates": [ [ [ 77.441854158245306, 23.2389119912296 ], [ 77.44194385824531, 23.238914991228356 ], [ 77.441948558245315, 23.238794191278771 ], [ 77.441858858245311, 23.238791191280026 ], [ 77.441854158245306, 23.2389119912296 ] ] ] } },
{ "type": "Feature", "properties": { }, "geometry": { "type": "Polygon", "coordinates": [ [ [ 77.441544658245306, 23.240519390558685 ], [ 77.441491658245297, 23.240547890546793 ], [ 77.441566058245314, 23.240664690498033 ], [ 77.441619158245317, 23.240636090509973 ], [ 77.441544658245306, 23.240519390558685 ] ] ] } },
{ "type": "Feature", "properties": { }, "geometry": { "type": "Polygon", "coordinates": [ [ [ 77.439473058245298, 23.239886090823028 ], [ 77.439567558245315, 23.239912590811961 ], [ 77.43959715824532, 23.239823590849117 ], [ 77.439502558245323, 23.239797090860176 ], [ 77.439473058245298, 23.239886090823028 ] ] ] } },
{ "type": "Feature", "properties": { }, "geometry": { "type": "Polygon", "coordinates": [ [ [ 77.439403658245311, 23.240092590736833 ], [ 77.439506458245305, 23.240122490724353 ], [ 77.439567358245327, 23.239945690798148 ], [ 77.439464558245305, 23.239915790810635 ], [ 77.439403658245311, 23.240092590736833 ] ] ] } },
{ "type": "Feature", "properties": { }, "geometry": { "type": "Polygon", "coordinates": [ [ [ 77.441559458245308, 23.240529190554597 ], [ 77.441646758245312, 23.240667190496993 ], [ 77.441843858245321, 23.24056179054099 ], [ 77.441756558245316, 23.240423890598546 ], [ 77.441559458245308, 23.240529190554597 ] ] ] } },
{ "type": "Feature", "properties": { }, "geometry": { "type": "Polygon", "coordinates": [ [ [ 77.441928258245341, 23.239839590842433 ], [ 77.44200615824532, 23.239793790861555 ], [ 77.441981958245307, 23.239758990876073 ], [ 77.441904058245328, 23.239804890856924 ], [ 77.441928258245341, 23.239839590842433 ] ] ] } },
{ "type": "Feature", "properties": { }, "geometry": { "type": "Polygon", "coordinates": [ [ [ 77.441554058245302, 23.238556191378109 ], [ 77.441624158245304, 23.238556491377985 ], [ 77.441624758245325, 23.238444091424899 ], [ 77.441554758245303, 23.238443691425058 ], [ 77.441554058245302, 23.238556191378109 ] ] ] } },
{ "type": "Feature", "properties": { }, "geometry": { "type": "Polygon", "coordinates": [ [ [ 77.440046558245299, 23.239036591177594 ], [ 77.440136158245309, 23.239070691163366 ], [ 77.440165558245312, 23.239005291190665 ], [ 77.440075958245302, 23.238971191204897 ], [ 77.440046558245299, 23.239036591177594 ] ] ] } },
{ "type": "Feature", "properties": { }, "geometry": { "type": "Polygon", "coordinates": [ [ [ 77.441852158245311, 23.239725790889935 ], [ 77.441880358245328, 23.239764090873948 ], [ 77.441960458245319, 23.239714390894697 ], [ 77.441932258245316, 23.239676090910681 ], [ 77.441852158245311, 23.239725790889935 ] ] ] } },
{ "type": "Feature", "properties": { }, "geometry": { "type": "Polygon", "coordinates": [ [ [ 77.441662558245326, 23.239618390934762 ], [ 77.441697658245303, 23.239669090913601 ], [ 77.441775858245322, 23.239623390932675 ], [ 77.441740758245302, 23.239572690953835 ], [ 77.441662558245326, 23.239618390934762 ] ] ] } },
{ "type": "Feature", "properties": { }, "geometry": { "type": "Polygon", "coordinates": [ [ [ 77.439749658245319, 23.239293091070543 ], [ 77.439876158245312, 23.239343891049341 ], [ 77.439905858245311, 23.239281391075419 ], [ 77.439779358245303, 23.239230591096621 ], [ 77.439749658245319, 23.239293091070543 ] ] ] } },
{ "type": "Feature", "properties": { }, "geometry": { "type": "Polygon", "coordinates": [ [ [ 77.440390258245316, 23.238822691266876 ], [ 77.440503058245298, 23.238863691249765 ], [ 77.440527158245303, 23.238807891273055 ], [ 77.440414258245312, 23.238766791290207 ], [ 77.440390258245316, 23.238822691266876 ] ] ] } },
{ "type": "Feature", "properties": { }, "geometry": { "type": "Polygon", "coordinates": [ [ [ 77.4399553582453, 23.239257191085525 ], [ 77.440085958245305, 23.239309091063863 ], [ 77.440124258245319, 23.239227591097883 ], [ 77.439993658245314, 23.239175691119542 ], [ 77.4399553582453, 23.239257191085525 ] ] ] } },
{ "type": "Feature", "properties": { }, "geometry": { "type": "Polygon", "coordinates": [ [ [ 77.441834958245337, 23.239683390907636 ], [ 77.441906258245311, 23.239637590926751 ], [ 77.441881158245323, 23.23960459094052 ], [ 77.441809858245307, 23.239650290921446 ], [ 77.441834958245337, 23.239683390907636 ] ] ] } },
{ "type": "Feature", "properties": { }, "geometry": { "type": "Polygon", "coordinates": [ [ [ 77.441421158245319, 23.240579390533643 ], [ 77.441351058245317, 23.240615690518489 ], [ 77.441430158245311, 23.24074459046469 ], [ 77.441500258245327, 23.240708290479834 ], [ 77.441421158245319, 23.240579390533643 ] ] ] } },
{ "type": "Feature", "properties": { }, "geometry": { "type": "Polygon", "coordinates": [ [ [ 77.441703158245332, 23.239984390781999 ], [ 77.441725458245315, 23.240016790768472 ], [ 77.44181075824531, 23.239967090789218 ], [ 77.441788458245341, 23.239934690802745 ], [ 77.441703158245332, 23.239984390781999 ] ] ] } },
{ "type": "Feature", "properties": { }, "geometry": { "type": "Polygon", "coordinates": [ [ [ 77.439950458245306, 23.238757491294088 ], [ 77.439913758245311, 23.238832491262787 ], [ 77.440067458245309, 23.238896091236239 ], [ 77.440104258245313, 23.238821091267543 ], [ 77.439950458245306, 23.238757491294088 ] ] ] } },
{ "type": "Feature", "properties": { }, "geometry": { "type": "Polygon", "coordinates": [ [ [ 77.441352458245319, 23.239174191120167 ], [ 77.441298458245328, 23.239315891061029 ], [ 77.441428758245323, 23.239357791043535 ], [ 77.441482758245314, 23.239216091102676 ], [ 77.441352458245319, 23.239174191120167 ] ] ] } },
{ "type": "Feature", "properties": { }, "geometry": { "type": "Polygon", "coordinates": [ [ [ 77.439697558245314, 23.239378291034988 ], [ 77.439857258245311, 23.239442391008225 ], [ 77.439893158245312, 23.239366991039692 ], [ 77.439733358245306, 23.239302891066448 ], [ 77.439697558245314, 23.239378291034988 ] ] ] } },
{ "type": "Feature", "properties": { }, "geometry": { "type": "Polygon", "coordinates": [ [ [ 77.439982658245313, 23.238682091325565 ], [ 77.439948158245301, 23.238753491295761 ], [ 77.440099458245328, 23.238815191270003 ], [ 77.440133958245326, 23.238743691299852 ], [ 77.439982658245313, 23.238682091325565 ] ] ] } },
{ "type": "Feature", "properties": { }, "geometry": { "type": "Polygon", "coordinates": [ [ [ 77.441130258245295, 23.239786790864478 ], [ 77.441253558245322, 23.239820590850364 ], [ 77.441269758245312, 23.239770790871155 ], [ 77.441146458245314, 23.239736990885262 ], [ 77.441130258245295, 23.239786790864478 ] ] ] } },
{ "type": "Feature", "properties": { }, "geometry": { "type": "Polygon", "coordinates": [ [ [ 77.440136358245311, 23.239441591008561 ], [ 77.440264358245315, 23.239488190989107 ], [ 77.440297358245317, 23.239411591021078 ], [ 77.440169358245328, 23.239364991040532 ], [ 77.440136358245311, 23.239441591008561 ] ] ] } },
{ "type": "Feature", "properties": { }, "geometry": { "type": "Polygon", "coordinates": [ [ [ 77.441420358245324, 23.240744690464645 ], [ 77.441346758245317, 23.240625890514238 ], [ 77.441288358245316, 23.240656390501503 ], [ 77.441361958245309, 23.240775190451913 ], [ 77.441420358245324, 23.240744690464645 ] ] ] } },
{ "type": "Feature", "properties": { }, "geometry": { "type": "Polygon", "coordinates": [ [ [ 77.441670958245325, 23.239946390797861 ], [ 77.441696358245309, 23.239984190782085 ], [ 77.441790858245326, 23.239930590804452 ], [ 77.441765558245308, 23.239892790820232 ], [ 77.441670958245325, 23.239946390797861 ] ] ] } },
{ "type": "Feature", "properties": { }, "geometry": { "type": "Polygon", "coordinates": [ [ [ 77.439903158245315, 23.238914191228684 ], [ 77.440030958245316, 23.238965391207319 ], [ 77.440062758245318, 23.238898491235236 ], [ 77.439935058245325, 23.238847191256649 ], [ 77.439903158245315, 23.238914191228684 ] ] ] } },
{ "type": "Feature", "properties": { }, "geometry": { "type": "Polygon", "coordinates": [ [ [ 77.441618158245305, 23.238671991329777 ], [ 77.441703458245314, 23.238674191328858 ], [ 77.441706658245323, 23.238571291371805 ], [ 77.44162125824532, 23.238569091372721 ], [ 77.441618158245305, 23.238671991329777 ] ] ] } },
{ "type": "Feature", "properties": { }, "geometry": { "type": "Polygon", "coordinates": [ [ [ 77.441621158245326, 23.239863590832417 ], [ 77.441645858245309, 23.239900890816852 ], [ 77.441745458245322, 23.239845290840055 ], [ 77.44172075824531, 23.239807890855676 ], [ 77.441621158245326, 23.239863590832417 ] ] ] } },
{ "type": "Feature", "properties": { }, "geometry": { "type": "Polygon", "coordinates": [ [ [ 77.441753058245325, 23.239564190957385 ], [ 77.441779658245309, 23.239602590941363 ], [ 77.441849658245303, 23.239561690958428 ], [ 77.441823058245305, 23.239523290974457 ], [ 77.441753058245325, 23.239564190957385 ] ] ] } },
{ "type": "Feature", "properties": { }, "geometry": { "type": "Polygon", "coordinates": [ [ [ 77.441530858245343, 23.23867809132723 ], [ 77.441615758245305, 23.238680291326315 ], [ 77.441619158245317, 23.238569991372344 ], [ 77.441534158245304, 23.238567791373271 ], [ 77.441530858245343, 23.23867809132723 ] ] ] } },
{ "type": "Feature", "properties": { }, "geometry": { "type": "Polygon", "coordinates": [ [ [ 77.440023558245343, 23.238613991353986 ], [ 77.439990458245319, 23.23868239132544 ], [ 77.440133158245317, 23.238740591301141 ], [ 77.440166258245313, 23.23867209132974 ], [ 77.440023558245343, 23.238613991353986 ] ] ] } },
{ "type": "Feature", "properties": { }, "geometry": { "type": "Polygon", "coordinates": [ [ [ 77.441578558245325, 23.239802890857757 ], [ 77.441677158245326, 23.239746590881253 ], [ 77.441651258245315, 23.239708390897199 ], [ 77.441552758245308, 23.239764690873706 ], [ 77.441578558245325, 23.239802890857757 ] ] ] } },
{ "type": "Feature", "properties": { }, "geometry": { "type": "Polygon", "coordinates": [ [ [ 77.439633258245323, 23.239525790973413 ], [ 77.439598558245308, 23.239598790942946 ], [ 77.439751458245325, 23.239660090917361 ], [ 77.439786058245318, 23.239587190947788 ], [ 77.439633258245323, 23.239525790973413 ] ] ] } },
{ "type": "Feature", "properties": { }, "geometry": { "type": "Polygon", "coordinates": [ [ [ 77.439509558245334, 23.240123990723728 ], [ 77.439605458245325, 23.240151890712085 ], [ 77.439653758245328, 23.240011790770566 ], [ 77.439557858245308, 23.239983890782206 ], [ 77.439509558245334, 23.240123990723728 ] ] ] } },
{ "type": "Feature", "properties": { }, "geometry": { "type": "Polygon", "coordinates": [ [ [ 77.440192658245323, 23.238678291327147 ], [ 77.440169058245317, 23.238743591299894 ], [ 77.440301758245312, 23.238784291282908 ], [ 77.440325458245312, 23.238718991310151 ], [ 77.440192658245323, 23.238678291327147 ] ] ] } },
{ "type": "Feature", "properties": { }, "geometry": { "type": "Polygon", "coordinates": [ [ [ 77.440965358245307, 23.240333290636364 ], [ 77.441002958245306, 23.240390890612328 ], [ 77.44113765824531, 23.240316690643297 ], [ 77.441100058245311, 23.24025909066734 ], [ 77.440965358245307, 23.240333290636364 ] ] ] } },
{ "type": "Feature", "properties": { }, "geometry": { "type": "Polygon", "coordinates": [ [ [ 77.441231758245323, 23.239000091192832 ], [ 77.441370258245314, 23.239042191175258 ], [ 77.441399458245314, 23.238961391208989 ], [ 77.441260858245329, 23.238919291226559 ], [ 77.441231758245323, 23.239000091192832 ] ] ] } },
{ "type": "Feature", "properties": { }, "geometry": { "type": "Polygon", "coordinates": [ [ [ 77.441970858245313, 23.239911190812549 ], [ 77.442051258245328, 23.239864390832082 ], [ 77.442027258245304, 23.239829490846656 ], [ 77.441946758245308, 23.239876290827119 ], [ 77.441970858245313, 23.239911190812549 ] ] ] } },
{ "type": "Feature", "properties": { }, "geometry": { "type": "Polygon", "coordinates": [ [ [ 77.440288458245305, 23.239048791172507 ], [ 77.440413058245312, 23.239094191153558 ], [ 77.44043925824532, 23.239033391178936 ], [ 77.440314658245313, 23.238987991197884 ], [ 77.440288458245305, 23.239048791172507 ] ] ] } },
{ "type": "Feature", "properties": { }, "geometry": { "type": "Polygon", "coordinates": [ [ [ 77.441371758245324, 23.240209290688124 ], [ 77.441405958245312, 23.240265690664582 ], [ 77.441527558245326, 23.240203390690588 ], [ 77.441493258245302, 23.24014699071413 ], [ 77.441371758245324, 23.240209290688124 ] ] ] } },
{ "type": "Feature", "properties": { }, "geometry": { "type": "Polygon", "coordinates": [ [ [ 77.439992058245323, 23.240062990749191 ], [ 77.440071758245324, 23.240083790740503 ], [ 77.440107958245306, 23.239966690789384 ], [ 77.440028258245334, 23.239945890798065 ], [ 77.439992058245323, 23.240062990749191 ] ] ] } },
{ "type": "Feature", "properties": { }, "geometry": { "type": "Polygon", "coordinates": [ [ [ 77.43959445824531, 23.241752290044065 ], [ 77.439697358245311, 23.241751590044345 ], [ 77.439696858245313, 23.241689590070227 ], [ 77.439593958245325, 23.241690290069933 ], [ 77.43959445824531, 23.241752290044065 ] ] ] } },
{ "type": "Feature", "properties": { }, "geometry": { "type": "Polygon", "coordinates": [ [ [ 77.4404503582453, 23.239087291156437 ], [ 77.44058175824533, 23.239133691137074 ], [ 77.440632058245313, 23.239013591187202 ], [ 77.440500658245313, 23.238967191206566 ], [ 77.4404503582453, 23.239087291156437 ] ] ] } },
{ "type": "Feature", "properties": { }, "geometry": { "type": "Polygon", "coordinates": [ [ [ 77.441691558245324, 23.239017691185488 ], [ 77.441869758245304, 23.239023791182944 ], [ 77.441873958245324, 23.238920591226009 ], [ 77.441695758245302, 23.238914491228563 ], [ 77.441691558245324, 23.239017691185488 ] ] ] } },
{ "type": "Feature", "properties": { }, "geometry": { "type": "Polygon", "coordinates": [ [ [ 77.441206758245315, 23.240699190483639 ], [ 77.441258458245329, 23.240782390448913 ], [ 77.441322258245322, 23.240803890439938 ], [ 77.441358058245314, 23.240785590447572 ], [ 77.441283758245305, 23.24066199049917 ], [ 77.441206758245315, 23.240699190483639 ] ] ] } },
{ "type": "Feature", "properties": { }, "geometry": { "type": "Polygon", "coordinates": [ [ [ 77.439893158245312, 23.239790190863062 ], [ 77.439855058245328, 23.239717290893488 ], [ 77.439781858245325, 23.239711190896035 ], [ 77.439823758245311, 23.239789290863431 ], [ 77.439841458245326, 23.239785890864855 ], [ 77.439853558245289, 23.239807090856001 ], [ 77.439893158245312, 23.239790190863062 ] ] ] } },
{ "type": "Feature", "properties": { }, "geometry": { "type": "Polygon", "coordinates": [ [ [ 77.441016058245324, 23.239601690941733 ], [ 77.441074958245309, 23.239621290933552 ], [ 77.441068258245323, 23.239638390926416 ], [ 77.441133358245324, 23.239659990917399 ], [ 77.441170358245316, 23.239565890956683 ], [ 77.441046358245302, 23.239524690973873 ], [ 77.441016058245324, 23.239601690941733 ] ] ] } },
{ "type": "Feature", "properties": { }, "geometry": { "type": "Polygon", "coordinates": [ [ [ 77.440895558245302, 23.240080490741889 ], [ 77.441022458245328, 23.240068990746693 ], [ 77.441044658245303, 23.240070890745891 ], [ 77.441047958245306, 23.240038690759331 ], [ 77.441024058245333, 23.240031690762248 ], [ 77.441028558245321, 23.239987090780872 ], [ 77.440934958245307, 23.239959590792356 ], [ 77.440914758245327, 23.239998090776279 ], [ 77.440895558245302, 23.240080490741889 ] ] ] } },
{ "type": "Feature", "properties": { }, "geometry": { "type": "Polygon", "coordinates": [ [ [ 77.44290785824532, 23.233714093398866 ], [ 77.44288105824532, 23.233850293342034 ], [ 77.442950258245304, 23.23386179333723 ], [ 77.442977058245319, 23.233725593394063 ], [ 77.44290785824532, 23.233714093398866 ] ] ] } },
{ "type": "Feature", "properties": { }, "geometry": { "type": "Polygon", "coordinates": [ [ [ 77.44273615824531, 23.233693193407586 ], [ 77.442720058245314, 23.233826893351797 ], [ 77.442798958245319, 23.233834893348458 ], [ 77.442815058245301, 23.233701193404254 ], [ 77.44273615824531, 23.233693193407586 ] ] ] } },
{ "type": "Feature", "properties": { }, "geometry": { "type": "Polygon", "coordinates": [ [ [ 77.442425358245316, 23.233684793411101 ], [ 77.442495558245312, 23.233683293411723 ], [ 77.442494558245329, 23.233644193428042 ], [ 77.442424358245304, 23.233645693427405 ], [ 77.442425358245316, 23.233684793411101 ] ] ] } },
{ "type": "Feature", "properties": { }, "geometry": { "type": "Polygon", "coordinates": [ [ [ 77.442561258245306, 23.236754992129857 ], [ 77.442684658245312, 23.236764092126055 ], [ 77.442690358245315, 23.236698192153558 ], [ 77.442566958245294, 23.236689092157352 ], [ 77.442561258245306, 23.236754992129857 ] ] ] } },
{ "type": "Feature", "properties": { }, "geometry": { "type": "Polygon", "coordinates": [ [ [ 77.442686758245316, 23.238442491425563 ], [ 77.442683058245294, 23.238559791376606 ], [ 77.442776958245318, 23.2385621913756 ], [ 77.442780658245326, 23.238444991424519 ], [ 77.442686758245316, 23.238442491425563 ] ] ] } },
{ "type": "Feature", "properties": { }, "geometry": { "type": "Polygon", "coordinates": [ [ [ 77.442560858245344, 23.233618293438845 ], [ 77.442562558245314, 23.233570493458792 ], [ 77.442489958245332, 23.233568393459667 ], [ 77.442488258245305, 23.23361609343976 ], [ 77.442560858245344, 23.233618293438845 ] ] ] } },
{ "type": "Feature", "properties": { }, "geometry": { "type": "Polygon", "coordinates": [ [ [ 77.442309258245317, 23.23855159138003 ], [ 77.442303958245319, 23.238669591330776 ], [ 77.442385758245294, 23.238672691329491 ], [ 77.44239105824532, 23.238554691378734 ], [ 77.442309258245317, 23.23855159138003 ] ] ] } },
{ "type": "Feature", "properties": { }, "geometry": { "type": "Polygon", "coordinates": [ [ [ 77.442653758245314, 23.233680193413019 ], [ 77.442650358245302, 23.233817593355681 ], [ 77.442719358245313, 23.233818993355094 ], [ 77.442722758245324, 23.233681593412427 ], [ 77.442653758245314, 23.233680193413019 ] ] ] } },
{ "type": "Feature", "properties": { }, "geometry": { "type": "Polygon", "coordinates": [ [ [ 77.442550058245317, 23.237292491905528 ], [ 77.442544658245325, 23.237400591860414 ], [ 77.442629558245329, 23.237404191858907 ], [ 77.442634858245313, 23.237296091904025 ], [ 77.442550058245317, 23.237292491905528 ] ] ] } },
{ "type": "Feature", "properties": { }, "geometry": { "type": "Polygon", "coordinates": [ [ [ 77.442573258245318, 23.236768392124258 ], [ 77.442566058245319, 23.236850592089951 ], [ 77.442686558245327, 23.236859392086281 ], [ 77.442693658245318, 23.236777192120584 ], [ 77.442573258245318, 23.236768392124258 ] ] ] } },
{ "type": "Feature", "properties": { }, "geometry": { "type": "Polygon", "coordinates": [ [ [ 77.443585158245327, 23.238437591427605 ], [ 77.443481658245304, 23.238435091428645 ], [ 77.443477758245336, 23.238572991371093 ], [ 77.443581258245288, 23.23857549137005 ], [ 77.443585158245327, 23.238437591427605 ] ] ] } },
{ "type": "Feature", "properties": { }, "geometry": { "type": "Polygon", "coordinates": [ [ [ 77.442498858245344, 23.233648493426241 ], [ 77.44249855824529, 23.233691593408256 ], [ 77.442503558245306, 23.233691593408256 ], [ 77.44256795824532, 23.233691893408128 ], [ 77.442571658245328, 23.233691893408128 ], [ 77.442571858245302, 23.233648793426113 ], [ 77.442498858245344, 23.233648493426241 ] ] ] } },
{ "type": "Feature", "properties": { }, "geometry": { "type": "Polygon", "coordinates": [ [ [ 77.442743558245326, 23.237295891904107 ], [ 77.442739858245304, 23.23739909186104 ], [ 77.442806558245309, 23.237401091860196 ], [ 77.442810258245316, 23.237297891903275 ], [ 77.442743558245326, 23.237295891904107 ] ] ] } },
{ "type": "Feature", "properties": { }, "geometry": { "type": "Polygon", "coordinates": [ [ [ 77.442400458245316, 23.238554691378734 ], [ 77.442394058245341, 23.238669491330818 ], [ 77.442482958245307, 23.238673691329065 ], [ 77.442489258245317, 23.238558791377017 ], [ 77.442400458245316, 23.238554691378734 ] ] ] } },
{ "type": "Feature", "properties": { }, "geometry": { "type": "Polygon", "coordinates": [ [ [ 77.442731858245324, 23.237309691898346 ], [ 77.442639358245302, 23.237307591899221 ], [ 77.442636358245309, 23.237415691854107 ], [ 77.442728858245303, 23.237417891853188 ], [ 77.442731858245324, 23.237309691898346 ] ] ] } },
{ "type": "Feature", "properties": { }, "geometry": { "type": "Polygon", "coordinates": [ [ [ 77.442495658245321, 23.238426491432243 ], [ 77.442492558245306, 23.238537691385829 ], [ 77.442570958245312, 23.238539591385031 ], [ 77.442574058245327, 23.238428391431452 ], [ 77.442495658245321, 23.238426491432243 ] ] ] } },
{ "type": "Feature", "properties": { }, "geometry": { "type": "Polygon", "coordinates": [ [ [ 77.442562458245305, 23.236621992185363 ], [ 77.442557058245328, 23.236683392159744 ], [ 77.442679758245319, 23.236692492155935 ], [ 77.442685158245297, 23.236631092181558 ], [ 77.442562458245305, 23.236621992185363 ] ] ] } },
{ "type": "Feature", "properties": { }, "geometry": { "type": "Polygon", "coordinates": [ [ [ 77.442588158245329, 23.23843389142915 ], [ 77.4425838582453, 23.238570391372175 ], [ 77.442675658245321, 23.238572791371176 ], [ 77.44268005824533, 23.238436391428106 ], [ 77.442588158245329, 23.23843389142915 ] ] ] } },
{ "type": "Feature", "properties": { }, "geometry": { "type": "Polygon", "coordinates": [ [ [ 77.442640958245306, 23.233682693411968 ], [ 77.442575658245318, 23.233682093412224 ], [ 77.442574258245315, 23.233816493356137 ], [ 77.442639658245298, 23.233816993355923 ], [ 77.442640958245306, 23.233682693411968 ] ] ] } },
{ "type": "Feature", "properties": { }, "geometry": { "type": "Polygon", "coordinates": [ [ [ 77.442412458245329, 23.238422191434029 ], [ 77.442416158245322, 23.238547891381572 ], [ 77.442490658245305, 23.238546091382325 ], [ 77.442486958245311, 23.238420391434783 ], [ 77.442412458245329, 23.238422191434029 ] ] ] } },
{ "type": "Feature", "properties": { }, "geometry": { "type": "Polygon", "coordinates": [ [ [ 77.44276665824529, 23.237260391918927 ], [ 77.442836858245329, 23.237263991917427 ], [ 77.442843158245324, 23.237158991961248 ], [ 77.442773058245294, 23.237155391962748 ], [ 77.44276665824529, 23.237260391918927 ] ] ] } },
{ "type": "Feature", "properties": { }, "geometry": { "type": "Polygon", "coordinates": [ [ [ 77.442435158245289, 23.233689493409134 ], [ 77.442433058245328, 23.233792993365942 ], [ 77.442494758245317, 23.233793993365527 ], [ 77.442496758245312, 23.233690493408712 ], [ 77.442435158245289, 23.233689493409134 ] ] ] } },
{ "type": "Feature", "properties": { }, "geometry": { "type": "Polygon", "coordinates": [ [ [ 77.443442358245321, 23.238621991350644 ], [ 77.443334458245303, 23.238620891351108 ], [ 77.443332958245293, 23.2387406913011 ], [ 77.443440858245324, 23.238741791300644 ], [ 77.443442358245321, 23.238621991350644 ] ] ] } },
{ "type": "Feature", "properties": { }, "geometry": { "type": "Polygon", "coordinates": [ [ [ 77.442974258245329, 23.23378369336983 ], [ 77.44296235824531, 23.23386429333619 ], [ 77.443070958245315, 23.233877893330515 ], [ 77.443082858245305, 23.233797293364152 ], [ 77.442974258245329, 23.23378369336983 ] ] ] } },
{ "type": "Feature", "properties": { }, "geometry": { "type": "Polygon", "coordinates": [ [ [ 77.442550758245318, 23.236937992053477 ], [ 77.442542758245324, 23.237029792015168 ], [ 77.442676558245338, 23.237039692011031 ], [ 77.442684558245332, 23.236947892049344 ], [ 77.442550758245318, 23.236937992053477 ] ] ] } },
{ "type": "Feature", "properties": { }, "geometry": { "type": "Polygon", "coordinates": [ [ [ 77.442578358245328, 23.236614892188321 ], [ 77.442707558245289, 23.236624392184353 ], [ 77.442715258245329, 23.236536392221083 ], [ 77.442586058245325, 23.236526892225047 ], [ 77.442578358245328, 23.236614892188321 ] ] ] } },
{ "type": "Feature", "properties": { }, "geometry": { "type": "Polygon", "coordinates": [ [ [ 77.443343458245309, 23.238436691427978 ], [ 77.443339458245319, 23.238577891369044 ], [ 77.443467658245311, 23.2385808913678 ], [ 77.443471658245315, 23.238439791426693 ], [ 77.443343458245309, 23.238436691427978 ] ] ] } },
{ "type": "Feature", "properties": { }, "geometry": { "type": "Polygon", "coordinates": [ [ [ 77.442502358245306, 23.238573191371014 ], [ 77.442496958245329, 23.238676991327686 ], [ 77.44258215824533, 23.238680691326142 ], [ 77.442587458245313, 23.238576891369469 ], [ 77.442502358245306, 23.238573191371014 ] ] ] } },
{ "type": "Feature", "properties": { }, "geometry": { "type": "Polygon", "coordinates": [ [ [ 77.443076358245321, 23.238647691339921 ], [ 77.443223858245332, 23.238652591337871 ], [ 77.443227658245306, 23.238556991377774 ], [ 77.443080158245309, 23.238551991379861 ], [ 77.443076358245321, 23.238647691339921 ] ] ] } },
{ "type": "Feature", "properties": { }, "geometry": { "type": "Polygon", "coordinates": [ [ [ 77.442503558245306, 23.233691593408256 ], [ 77.442505558245315, 23.233797293364152 ], [ 77.442570058245309, 23.233796293364563 ], [ 77.44256795824532, 23.233691893408128 ], [ 77.442503558245306, 23.233691593408256 ] ] ] } },
{ "type": "Feature", "properties": { }, "geometry": { "type": "Polygon", "coordinates": [ [ [ 77.442403758245305, 23.238427091431983 ], [ 77.44232475824532, 23.238422791433788 ], [ 77.44231735824529, 23.238536191386459 ], [ 77.442396358245318, 23.238540491384661 ], [ 77.442403758245305, 23.238427091431983 ] ] ] } },
{ "type": "Feature", "properties": { }, "geometry": { "type": "Polygon", "coordinates": [ [ [ 77.442620158245319, 23.237143091967877 ], [ 77.442504658245312, 23.23714199196834 ], [ 77.442503358245332, 23.237263991917427 ], [ 77.442618858245297, 23.23726509191696 ], [ 77.442620158245319, 23.237143091967877 ] ] ] } },
{ "type": "Feature", "properties": { }, "geometry": { "type": "Polygon", "coordinates": [ [ [ 77.442344558245324, 23.233686393410427 ], [ 77.442341958245308, 23.233786193368786 ], [ 77.442423758245326, 23.233787993368033 ], [ 77.442426358245328, 23.233688193409677 ], [ 77.442344558245324, 23.233686393410427 ] ] ] } },
{ "type": "Feature", "properties": { }, "geometry": { "type": "Polygon", "coordinates": [ [ [ 77.44346055824532, 23.238624991349393 ], [ 77.443459158245304, 23.238733191304235 ], [ 77.443556458245325, 23.238734191303809 ], [ 77.443557758245319, 23.238625991348972 ], [ 77.44346055824532, 23.238624991349393 ] ] ] } },
{ "type": "Feature", "properties": { }, "geometry": { "type": "Polygon", "coordinates": [ [ [ 77.442980258245314, 23.233773893373911 ], [ 77.443070758245327, 23.23378499336928 ], [ 77.443082358245306, 23.233705093402623 ], [ 77.442991858245321, 23.23369399340725 ], [ 77.442980258245314, 23.233773893373911 ] ] ] } },
{ "type": "Feature", "properties": { }, "geometry": { "type": "Polygon", "coordinates": [ [ [ 77.442559958245326, 23.236856192087622 ], [ 77.442553358245306, 23.236932692055685 ], [ 77.442683258245324, 23.236942292051683 ], [ 77.442689858245288, 23.236865792083609 ], [ 77.442559958245326, 23.236856192087622 ] ] ] } },
{ "type": "Feature", "properties": { }, "geometry": { "type": "Polygon", "coordinates": [ [ [ 77.44307295824531, 23.238659991334782 ], [ 77.443067558245303, 23.238745091299261 ], [ 77.443217158245304, 23.238753091295926 ], [ 77.443222458245302, 23.238667991331447 ], [ 77.44307295824531, 23.238659991334782 ] ] ] } },
{ "type": "Feature", "properties": { }, "geometry": { "type": "Polygon", "coordinates": [ [ [ 77.442596858245324, 23.238574391370513 ], [ 77.442590158245324, 23.238688991322679 ], [ 77.442665958245328, 23.238692691321134 ], [ 77.442672658245314, 23.238578091368964 ], [ 77.442596858245324, 23.238574391370513 ] ] ] } },
{ "type": "Feature", "properties": { }, "geometry": { "type": "Polygon", "coordinates": [ [ [ 77.442687958245315, 23.238573191371014 ], [ 77.442685158245297, 23.238691491321632 ], [ 77.44277165824532, 23.238693291320878 ], [ 77.442774458245324, 23.238574891370298 ], [ 77.442687958245315, 23.238573191371014 ] ] ] } },
{ "type": "Feature", "properties": { }, "geometry": { "type": "Polygon", "coordinates": [ [ [ 77.442540058245314, 23.23729369190503 ], [ 77.442474458245329, 23.237293191905234 ], [ 77.442473458245303, 23.237393591863331 ], [ 77.442539058245316, 23.23739409186312 ], [ 77.442540058245314, 23.23729369190503 ] ] ] } },
{ "type": "Feature", "properties": { }, "geometry": { "type": "Polygon", "coordinates": [ [ [ 77.44283005824532, 23.233699293405046 ], [ 77.442807258245296, 23.233826893351797 ], [ 77.442866158245309, 23.233835793348085 ], [ 77.442888958245319, 23.233708193401331 ], [ 77.44283005824532, 23.233699293405046 ] ] ] } },
{ "type": "Feature", "properties": { }, "geometry": { "type": "Polygon", "coordinates": [ [ [ 77.442386458245309, 23.233589593450827 ], [ 77.442384858245305, 23.233659893421482 ], [ 77.442415558245315, 23.23366049342123 ], [ 77.442417258245328, 23.233590293450529 ], [ 77.442386458245309, 23.233589593450827 ] ] ] } },
{ "type": "Feature", "properties": { }, "geometry": { "type": "Polygon", "coordinates": [ [ [ 77.434618558245319, 23.230406994778793 ], [ 77.434790658245305, 23.23053289472627 ], [ 77.434876558245321, 23.230433794767613 ], [ 77.434704458245321, 23.23030789482014 ], [ 77.434618558245319, 23.230406994778793 ] ] ] } },
{ "type": "Feature", "properties": { }, "geometry": { "type": "Polygon", "coordinates": [ [ [ 77.435100458245302, 23.231843494179419 ], [ 77.435172158245322, 23.231571794292794 ], [ 77.435072658245304, 23.231549594302052 ], [ 77.435000958245325, 23.231821294188684 ], [ 77.435100458245302, 23.231843494179419 ] ] ] } },
{ "type": "Feature", "properties": { }, "geometry": { "type": "Polygon", "coordinates": [ [ [ 77.435885558245317, 23.232407593944046 ], [ 77.436082158245327, 23.232454893924309 ], [ 77.436135358245309, 23.232268094002258 ], [ 77.4359387582453, 23.23222089402195 ], [ 77.435885558245317, 23.232407593944046 ] ] ] } },
{ "type": "Feature", "properties": { }, "geometry": { "type": "Polygon", "coordinates": [ [ [ 77.435067258245311, 23.23426259316998 ], [ 77.435201358245322, 23.234295293156329 ], [ 77.435221258245321, 23.234226293185124 ], [ 77.435087158245324, 23.234193593198778 ], [ 77.435067258245311, 23.23426259316998 ] ] ] } },
{ "type": "Feature", "properties": { }, "geometry": { "type": "Polygon", "coordinates": [ [ [ 77.43708075824533, 23.230381694789358 ], [ 77.437222658245304, 23.230412994776291 ], [ 77.437244658245305, 23.230328294811631 ], [ 77.437102758245302, 23.230297094824653 ], [ 77.43708075824533, 23.230381694789358 ] ] ] } },
{ "type": "Feature", "properties": { }, "geometry": { "type": "Polygon", "coordinates": [ [ [ 77.434044058245306, 23.231766194211669 ], [ 77.434179558245319, 23.231630894268132 ], [ 77.434071558245321, 23.231539494306269 ], [ 77.433936058245322, 23.231674894249771 ], [ 77.434044058245306, 23.231766194211669 ] ] ] } },
{ "type": "Feature", "properties": { }, "geometry": { "type": "Polygon", "coordinates": [ [ [ 77.435763558245313, 23.22901479535966 ], [ 77.435704258245323, 23.229160095299033 ], [ 77.435900558245308, 23.229227895270746 ], [ 77.435959958245306, 23.229082595331366 ], [ 77.435763558245313, 23.22901479535966 ] ] ] } },
{ "type": "Feature", "properties": { }, "geometry": { "type": "Polygon", "coordinates": [ [ [ 77.43652335824531, 23.231150194468704 ], [ 77.436729358245316, 23.231196994449178 ], [ 77.436760558245297, 23.231080994497578 ], [ 77.436554458245325, 23.231034194517104 ], [ 77.43652335824531, 23.231150194468704 ] ] ] } },
{ "type": "Feature", "properties": { }, "geometry": { "type": "Polygon", "coordinates": [ [ [ 77.436884458245316, 23.231178094457061 ], [ 77.437034158245311, 23.23120679444509 ], [ 77.43705315824532, 23.231123194479974 ], [ 77.436903458245325, 23.231094494491945 ], [ 77.436884458245316, 23.231178094457061 ] ] ] } },
{ "type": "Feature", "properties": { }, "geometry": { "type": "Polygon", "coordinates": [ [ [ 77.436799158245307, 23.229345195221804 ], [ 77.436909658245327, 23.229368195212214 ], [ 77.436955058245303, 23.229183595289228 ], [ 77.43684465824532, 23.229160695298784 ], [ 77.436799158245307, 23.229345195221804 ] ] ] } },
{ "type": "Feature", "properties": { }, "geometry": { "type": "Polygon", "coordinates": [ [ [ 77.434993458245316, 23.230607794695011 ], [ 77.435158458245311, 23.230649694677531 ], [ 77.435213758245311, 23.230465794754263 ], [ 77.43510175824531, 23.230439894765066 ], [ 77.434993458245316, 23.230607794695011 ] ] ] } },
{ "type": "Feature", "properties": { }, "geometry": { "type": "Polygon", "coordinates": [ [ [ 77.434536258245302, 23.230504194738238 ], [ 77.434706258245313, 23.230628594686333 ], [ 77.434783958245305, 23.230538994723723 ], [ 77.434613958245308, 23.23041459477562 ], [ 77.434536258245302, 23.230504194738238 ] ] ] } },
{ "type": "Feature", "properties": { }, "geometry": { "type": "Polygon", "coordinates": [ [ [ 77.434234058245309, 23.231938994139572 ], [ 77.434330658245315, 23.232024094104069 ], [ 77.43447005824531, 23.231890394159848 ], [ 77.434373558245298, 23.231805294195361 ], [ 77.434234058245309, 23.231938994139572 ] ] ] } },
{ "type": "Feature", "properties": { }, "geometry": { "type": "Polygon", "coordinates": [ [ [ 77.435751458245306, 23.231625094270544 ], [ 77.43593385824532, 23.231665494253697 ], [ 77.435951358245319, 23.231598994281445 ], [ 77.435768958245319, 23.231558594298296 ], [ 77.435751458245306, 23.231625094270544 ] ] ] } },
{ "type": "Feature", "properties": { }, "geometry": { "type": "Polygon", "coordinates": [ [ [ 77.433294958245313, 23.231279394414795 ], [ 77.433545758245288, 23.231478394331759 ], [ 77.433657158245325, 23.231359894381207 ], [ 77.433406358245307, 23.231160894464242 ], [ 77.433294958245313, 23.231279394414795 ] ] ] } },
{ "type": "Feature", "properties": { }, "geometry": { "type": "Polygon", "coordinates": [ [ [ 77.436562858245296, 23.231030594518611 ], [ 77.436760658245305, 23.231075494499873 ], [ 77.436794058245326, 23.230951194551736 ], [ 77.436596258245302, 23.23090629457047 ], [ 77.436562858245296, 23.231030594518611 ] ] ] } },
{ "type": "Feature", "properties": { }, "geometry": { "type": "Polygon", "coordinates": [ [ [ 77.433991658245318, 23.233501293487667 ], [ 77.434171458245302, 23.233694693406964 ], [ 77.434520758245327, 23.233420493521386 ], [ 77.434341058245323, 23.233227093602085 ], [ 77.433991658245318, 23.233501293487667 ] ] ] } },
{ "type": "Feature", "properties": { }, "geometry": { "type": "Polygon", "coordinates": [ [ [ 77.435507158245301, 23.234909892899861 ], [ 77.435647258245325, 23.234937592888301 ], [ 77.435666458245322, 23.234855792922435 ], [ 77.435526258245318, 23.234828092933991 ], [ 77.435507158245301, 23.234909892899861 ] ] ] } },
{ "type": "Feature", "properties": { }, "geometry": { "type": "Polygon", "coordinates": [ [ [ 77.436136758245325, 23.23500539286001 ], [ 77.436242058245327, 23.235024892851868 ], [ 77.43627495824532, 23.234875192914345 ], [ 77.436169658245319, 23.234855692922476 ], [ 77.436136758245325, 23.23500539286001 ] ] ] } },
{ "type": "Feature", "properties": { }, "geometry": { "type": "Polygon", "coordinates": [ [ [ 77.435142358245315, 23.230350794802241 ], [ 77.435290558245313, 23.23038649478735 ], [ 77.435327058245306, 23.230208994861407 ], [ 77.435223758245328, 23.230179394873762 ], [ 77.435142358245315, 23.230350794802241 ] ] ] } },
{ "type": "Feature", "properties": { }, "geometry": { "type": "Polygon", "coordinates": [ [ [ 77.436732858245307, 23.230414294775748 ], [ 77.436936758245324, 23.230456194758268 ], [ 77.436979158245308, 23.230281894830991 ], [ 77.436775358245328, 23.230239994848471 ], [ 77.436732858245307, 23.230414294775748 ] ] ] } },
{ "type": "Feature", "properties": { }, "geometry": { "type": "Polygon", "coordinates": [ [ [ 77.436378858245305, 23.230575094708652 ], [ 77.436583358245315, 23.230624694687958 ], [ 77.436615958245312, 23.230511094735363 ], [ 77.436411458245317, 23.230461494756053 ], [ 77.436378858245305, 23.230575094708652 ] ] ] } },
{ "type": "Feature", "properties": { }, "geometry": { "type": "Polygon", "coordinates": [ [ [ 77.436472658245322, 23.2295323951437 ], [ 77.436650058245306, 23.229570495127806 ], [ 77.436698558245325, 23.229380195207206 ], [ 77.436521158245313, 23.229341995223145 ], [ 77.436472658245322, 23.2295323951437 ] ] ] } },
{ "type": "Feature", "properties": { }, "geometry": { "type": "Polygon", "coordinates": [ [ [ 77.436454658245324, 23.23031849481572 ], [ 77.436644358245289, 23.230366494795696 ], [ 77.436681358245309, 23.230243294847099 ], [ 77.436491558245322, 23.230195194867168 ], [ 77.436454658245324, 23.23031849481572 ] ] ] } },
{ "type": "Feature", "properties": { }, "geometry": { "type": "Polygon", "coordinates": [ [ [ 77.433971658245312, 23.231162194463693 ], [ 77.43412735824532, 23.231276194416132 ], [ 77.43421355824529, 23.231176694457648 ], [ 77.434057958245319, 23.231062794505171 ], [ 77.433971658245312, 23.231162194463693 ] ] ] } },
{ "type": "Feature", "properties": { }, "geometry": { "type": "Polygon", "coordinates": [ [ [ 77.436210458245313, 23.232370493959529 ], [ 77.436394958245302, 23.232409393943296 ], [ 77.436418258245311, 23.232316393982099 ], [ 77.436233658245314, 23.232277493998332 ], [ 77.436210458245313, 23.232370493959529 ] ] ] } },
{ "type": "Feature", "properties": { }, "geometry": { "type": "Polygon", "coordinates": [ [ [ 77.433528958245319, 23.231000894530997 ], [ 77.433789858245319, 23.231206694445127 ], [ 77.433885058245323, 23.231104694487691 ], [ 77.433624258245331, 23.23089889457356 ], [ 77.433528958245319, 23.231000894530997 ] ] ] } },
{ "type": "Feature", "properties": { }, "geometry": { "type": "Polygon", "coordinates": [ [ [ 77.434728258245329, 23.22978919503656 ], [ 77.434796958245315, 23.229675795083875 ], [ 77.434669058245305, 23.229610395111163 ], [ 77.434600358245319, 23.229723895063806 ], [ 77.434728258245329, 23.22978919503656 ] ] ] } },
{ "type": "Feature", "properties": { }, "geometry": { "type": "Polygon", "coordinates": [ [ [ 77.434984058245306, 23.23140109436401 ], [ 77.435160058245302, 23.231131594476466 ], [ 77.43496035824532, 23.231071594501497 ], [ 77.434814558245321, 23.231284994412455 ], [ 77.434984058245306, 23.23140109436401 ] ] ] } },
{ "type": "Feature", "properties": { }, "geometry": { "type": "Polygon", "coordinates": [ [ [ 77.435817758245307, 23.231346994386588 ], [ 77.436011258245316, 23.231389894368682 ], [ 77.436031658245312, 23.231312194401109 ], [ 77.435838158245318, 23.231269294419011 ], [ 77.435817758245307, 23.231346994386588 ] ] ] } },
{ "type": "Feature", "properties": { }, "geometry": { "type": "Polygon", "coordinates": [ [ [ 77.434927058245307, 23.234798392946395 ], [ 77.435075958245321, 23.234824892935329 ], [ 77.435094558245311, 23.234736492972221 ], [ 77.434945758245306, 23.23470999298328 ], [ 77.434927058245307, 23.234798392946395 ] ] ] } },
{ "type": "Feature", "properties": { }, "geometry": { "type": "Polygon", "coordinates": [ [ [ 77.437016558245304, 23.231302194405284 ], [ 77.437174158245313, 23.231332394392684 ], [ 77.43719245824532, 23.231251394426476 ], [ 77.437034958245306, 23.231221194439076 ], [ 77.437016558245304, 23.231302194405284 ] ] ] } },
{ "type": "Feature", "properties": { }, "geometry": { "type": "Polygon", "coordinates": [ [ [ 77.434926058245324, 23.232068394085577 ], [ 77.435000558245321, 23.231797894198451 ], [ 77.434909558245295, 23.231776794207256 ], [ 77.43483515824532, 23.232047294094389 ], [ 77.434926058245324, 23.232068394085577 ] ] ] } },
{ "type": "Feature", "properties": { }, "geometry": { "type": "Polygon", "coordinates": [ [ [ 77.434456458245322, 23.231489894326966 ], [ 77.434573358245316, 23.231577494290409 ], [ 77.434656558245322, 23.231483794329506 ], [ 77.434539658245328, 23.231396094366104 ], [ 77.434456458245322, 23.231489894326966 ] ] ] } },
{ "type": "Feature", "properties": { }, "geometry": { "type": "Polygon", "coordinates": [ [ [ 77.436701158245313, 23.230517394732733 ], [ 77.436895658245305, 23.230557294716093 ], [ 77.436919958245312, 23.230457094757892 ], [ 77.43672545824532, 23.230417294774494 ], [ 77.436701158245313, 23.230517394732733 ] ] ] } },
{ "type": "Feature", "properties": { }, "geometry": { "type": "Polygon", "coordinates": [ [ [ 77.435340858245311, 23.234677892996679 ], [ 77.435319958245316, 23.234772092957364 ], [ 77.435472758245311, 23.234800792945396 ], [ 77.435493758245329, 23.234706592984697 ], [ 77.435340858245311, 23.234677892996679 ] ] ] } },
{ "type": "Feature", "properties": { }, "geometry": { "type": "Polygon", "coordinates": [ [ [ 77.433537058245321, 23.233609193442639 ], [ 77.433730858245326, 23.233752093383014 ], [ 77.433806858245291, 23.233665093419312 ], [ 77.433613058245328, 23.233522193478944 ], [ 77.433537058245321, 23.233609193442639 ] ] ] } },
{ "type": "Feature", "properties": { }, "geometry": { "type": "Polygon", "coordinates": [ [ [ 77.437083258245309, 23.231098894490106 ], [ 77.437260958245304, 23.231134094475422 ], [ 77.437292458245309, 23.230999694531498 ], [ 77.437114758245315, 23.230964494546189 ], [ 77.437083258245309, 23.231098894490106 ] ] ] } },
{ "type": "Feature", "properties": { }, "geometry": { "type": "Polygon", "coordinates": [ [ [ 77.43497735824532, 23.234586393034864 ], [ 77.435123558245323, 23.234607393026096 ], [ 77.435136758245307, 23.234529593058561 ], [ 77.434990558245318, 23.234508693067284 ], [ 77.43497735824532, 23.234586393034864 ] ] ] } },
{ "type": "Feature", "properties": { }, "geometry": { "type": "Polygon", "coordinates": [ [ [ 77.43704405824532, 23.231204194446175 ], [ 77.437199558245311, 23.231238094432026 ], [ 77.437217458245314, 23.231168894460897 ], [ 77.437061858245315, 23.231134994475045 ], [ 77.43704405824532, 23.231204194446175 ] ] ] } },
{ "type": "Feature", "properties": { }, "geometry": { "type": "Polygon", "coordinates": [ [ [ 77.433609858245333, 23.233514493482161 ], [ 77.43381945824531, 23.233663893419816 ], [ 77.433915658245311, 23.233549893467384 ], [ 77.433706058245306, 23.233400493529729 ], [ 77.433609858245333, 23.233514493482161 ] ] ] } },
{ "type": "Feature", "properties": { }, "geometry": { "type": "Polygon", "coordinates": [ [ [ 77.434952958245304, 23.230991294535009 ], [ 77.435035858245314, 23.231008394527873 ], [ 77.435079158245316, 23.230830894601926 ], [ 77.434996158245326, 23.230813894609025 ], [ 77.434952958245304, 23.230991294535009 ] ] ] } },
{ "type": "Feature", "properties": { }, "geometry": { "type": "Polygon", "coordinates": [ [ [ 77.433970858245303, 23.233431693516707 ], [ 77.43429005824531, 23.233169193626249 ], [ 77.434116658245344, 23.232991193700524 ], [ 77.433797558245317, 23.233253693590985 ], [ 77.433970858245303, 23.233431693516707 ] ] ] } },
{ "type": "Feature", "properties": { }, "geometry": { "type": "Polygon", "coordinates": [ [ [ 77.433459958245336, 23.233687993409767 ], [ 77.433665758245326, 23.233834693348541 ], [ 77.433730758245318, 23.233757693380674 ], [ 77.433524858245306, 23.233611093441848 ], [ 77.433459958245336, 23.233687993409767 ] ] ] } },
{ "type": "Feature", "properties": { }, "geometry": { "type": "Polygon", "coordinates": [ [ [ 77.434467758245319, 23.234691192991125 ], [ 77.43449255824531, 23.234558693046417 ], [ 77.434412358245325, 23.234545993051718 ], [ 77.434387558245291, 23.234678492996427 ], [ 77.434467758245319, 23.234691192991125 ] ] ] } },
{ "type": "Feature", "properties": { }, "geometry": { "type": "Polygon", "coordinates": [ [ [ 77.4353331582453, 23.23021959485699 ], [ 77.435306458245321, 23.230395294783676 ], [ 77.435397658245321, 23.230416294774919 ], [ 77.435440358245316, 23.23024169484777 ], [ 77.4353331582453, 23.23021959485699 ] ] ] } },
{ "type": "Feature", "properties": { }, "geometry": { "type": "Polygon", "coordinates": [ [ [ 77.435527758245314, 23.234821292936836 ], [ 77.435666758245304, 23.234847892925742 ], [ 77.435681558245307, 23.234782892952857 ], [ 77.435542558245302, 23.234756292963954 ], [ 77.435527758245314, 23.234821292936836 ] ] ] } },
{ "type": "Feature", "properties": { }, "geometry": { "type": "Polygon", "coordinates": [ [ [ 77.436912258245329, 23.230916494566213 ], [ 77.436885158245303, 23.231032294517899 ], [ 77.437056858245327, 23.231066194503754 ], [ 77.437083958245324, 23.230950394552071 ], [ 77.436912258245329, 23.230916494566213 ] ] ] } },
{ "type": "Feature", "properties": { }, "geometry": { "type": "Polygon", "coordinates": [ [ [ 77.435840358245315, 23.232609093859963 ], [ 77.436037858245328, 23.232656493840189 ], [ 77.436091458245315, 23.232468093918797 ], [ 77.435893958245316, 23.232420593938624 ], [ 77.435840358245315, 23.232609093859963 ] ] ] } },
{ "type": "Feature", "properties": { }, "geometry": { "type": "Polygon", "coordinates": [ [ [ 77.435097558245303, 23.234114493231782 ], [ 77.435077758245328, 23.234185593202113 ], [ 77.435234158245322, 23.234222293186797 ], [ 77.435253958245312, 23.234151293216424 ], [ 77.435097558245303, 23.234114493231782 ] ] ] } },
{ "type": "Feature", "properties": { }, "geometry": { "type": "Polygon", "coordinates": [ [ [ 77.43641475824532, 23.230453694759316 ], [ 77.436607158245309, 23.230502094739116 ], [ 77.436644858245302, 23.230375394791977 ], [ 77.436452458245313, 23.230326994812177 ], [ 77.43641475824532, 23.230453694759316 ] ] ] } },
{ "type": "Feature", "properties": { }, "geometry": { "type": "Polygon", "coordinates": [ [ [ 77.433877058245329, 23.231255994424558 ], [ 77.434043058245322, 23.231377494373863 ], [ 77.43412455824533, 23.231283394413129 ], [ 77.433958558245322, 23.231161894463821 ], [ 77.433877058245329, 23.231255994424558 ] ] ] } },
{ "type": "Feature", "properties": { }, "geometry": { "type": "Polygon", "coordinates": [ [ [ 77.4345391582453, 23.231026894520141 ], [ 77.434661658245304, 23.231122794480143 ], [ 77.434751558245324, 23.231025794520608 ], [ 77.434628958245341, 23.230929994560579 ], [ 77.4345391582453, 23.231026894520141 ] ] ] } },
{ "type": "Feature", "properties": { }, "geometry": { "type": "Polygon", "coordinates": [ [ [ 77.435773858245341, 23.232848693759987 ], [ 77.435955558245325, 23.232892393741754 ], [ 77.435993558245329, 23.23275889379746 ], [ 77.435811858245302, 23.232715293815648 ], [ 77.435773858245341, 23.232848693759987 ] ] ] } },
{ "type": "Feature", "properties": { }, "geometry": { "type": "Polygon", "coordinates": [ [ [ 77.437027958245324, 23.229396195200529 ], [ 77.437073258245306, 23.229212395277216 ], [ 77.436971658245312, 23.229191295286018 ], [ 77.43692645824531, 23.229375095209331 ], [ 77.437027958245324, 23.229396195200529 ] ] ] } },
{ "type": "Feature", "properties": { }, "geometry": { "type": "Polygon", "coordinates": [ [ [ 77.434479858245311, 23.234698592988032 ], [ 77.434562558245318, 23.234710892982903 ], [ 77.43458605824533, 23.234578493038157 ], [ 77.434503358245308, 23.234566093043334 ], [ 77.434479858245311, 23.234698592988032 ] ] ] } },
{ "type": "Feature", "properties": { }, "geometry": { "type": "Polygon", "coordinates": [ [ [ 77.435187858245328, 23.230675594666728 ], [ 77.435354958245313, 23.230720594647948 ], [ 77.435425558245313, 23.23049909474037 ], [ 77.435258458245315, 23.230454094759146 ], [ 77.435187858245328, 23.230675594666728 ] ] ] } },
{ "type": "Feature", "properties": { }, "geometry": { "type": "Polygon", "coordinates": [ [ [ 77.436203658245304, 23.23120469444596 ], [ 77.436388058245299, 23.231250294426935 ], [ 77.436424858245317, 23.231124694479348 ], [ 77.436240458245322, 23.231079094498376 ], [ 77.436203658245304, 23.23120469444596 ] ] ] } },
{ "type": "Feature", "properties": { }, "geometry": { "type": "Polygon", "coordinates": [ [ [ 77.434443258245324, 23.230615994691597 ], [ 77.434602558245302, 23.230732694642906 ], [ 77.434695658245317, 23.230625194687757 ], [ 77.43453635824531, 23.230508594736406 ], [ 77.434443258245324, 23.230615994691597 ] ] ] } },
{ "type": "Feature", "properties": { }, "geometry": { "type": "Polygon", "coordinates": [ [ [ 77.436857958245312, 23.22985719500819 ], [ 77.437071858245318, 23.229892994993254 ], [ 77.437097758245315, 23.229762195047822 ], [ 77.436883858245295, 23.229726495062724 ], [ 77.436857958245312, 23.22985719500819 ] ] ] } },
{ "type": "Feature", "properties": { }, "geometry": { "type": "Polygon", "coordinates": [ [ [ 77.435434658245327, 23.230512194734903 ], [ 77.435388958245326, 23.230686194662301 ], [ 77.435515658245308, 23.230711394651795 ], [ 77.435595658245305, 23.230547994719966 ], [ 77.435434658245327, 23.230512194734903 ] ] ] } },
{ "type": "Feature", "properties": { }, "geometry": { "type": "Polygon", "coordinates": [ [ [ 77.435536658245326, 23.234747192967752 ], [ 77.435683458245322, 23.234773392956821 ], [ 77.435699158245328, 23.234699092987832 ], [ 77.435552358245317, 23.234672892998763 ], [ 77.435536658245326, 23.234747192967752 ] ] ] } },
{ "type": "Feature", "properties": { }, "geometry": { "type": "Polygon", "coordinates": [ [ [ 77.436575358245307, 23.230170294877556 ], [ 77.43669935824532, 23.230188794869839 ], [ 77.43672665824532, 23.230034194934344 ], [ 77.436602558245326, 23.230015694942061 ], [ 77.436575358245307, 23.230170294877556 ] ] ] } },
{ "type": "Feature", "properties": { }, "geometry": { "type": "Polygon", "coordinates": [ [ [ 77.434040658245323, 23.23049439474233 ], [ 77.434286058245306, 23.2306643946714 ], [ 77.434400158245325, 23.230525394729398 ], [ 77.434154758245327, 23.230355294800365 ], [ 77.434040658245323, 23.23049439474233 ] ] ] } },
{ "type": "Feature", "properties": { }, "geometry": { "type": "Polygon", "coordinates": [ [ [ 77.433780958245308, 23.231353994383667 ], [ 77.43394495824532, 23.231474094333556 ], [ 77.434028258245306, 23.231377994373659 ], [ 77.433864258245322, 23.231257894423766 ], [ 77.433780958245308, 23.231353994383667 ] ] ] } },
{ "type": "Feature", "properties": { }, "geometry": { "type": "Polygon", "coordinates": [ [ [ 77.434471458245326, 23.231091794493068 ], [ 77.434583458245328, 23.231182994455018 ], [ 77.434642058245302, 23.231122094480426 ], [ 77.434530158245323, 23.231030894518483 ], [ 77.434471458245326, 23.231091794493068 ] ] ] } },
{ "type": "Feature", "properties": { }, "geometry": { "type": "Polygon", "coordinates": [ [ [ 77.435377358245304, 23.23455129304951 ], [ 77.435349558245321, 23.23467239299897 ], [ 77.435495758245324, 23.234700792987123 ], [ 77.435523558245322, 23.234579593037697 ], [ 77.435377358245304, 23.23455129304951 ] ] ] } },
{ "type": "Feature", "properties": { }, "geometry": { "type": "Polygon", "coordinates": [ [ [ 77.436641158245308, 23.230771294626798 ], [ 77.436607458245305, 23.230896894574393 ], [ 77.436797558245303, 23.230940094556367 ], [ 77.436831258245306, 23.230814494608772 ], [ 77.436641158245308, 23.230771294626798 ] ] ] } },
{ "type": "Feature", "properties": { }, "geometry": { "type": "Polygon", "coordinates": [ [ [ 77.434269958245309, 23.230217894857692 ], [ 77.434520458245316, 23.230391394785304 ], [ 77.434614058245302, 23.230277394832871 ], [ 77.434363558245309, 23.230103794905308 ], [ 77.434269958245309, 23.230217894857692 ] ] ] } },
{ "type": "Feature", "properties": { }, "geometry": { "type": "Polygon", "coordinates": [ [ [ 77.436560858245315, 23.229796195033639 ], [ 77.436739858245318, 23.229824995021627 ], [ 77.436765258245316, 23.229691495077322 ], [ 77.436586358245307, 23.229662695089338 ], [ 77.436560858245315, 23.229796195033639 ] ] ] } },
{ "type": "Feature", "properties": { }, "geometry": { "type": "Polygon", "coordinates": [ [ [ 77.436000458245317, 23.229440595182002 ], [ 77.436192358245307, 23.229481895164774 ], [ 77.436241358245312, 23.229289295245131 ], [ 77.436049458245321, 23.229247995262359 ], [ 77.436000458245317, 23.229440595182002 ] ] ] } },
{ "type": "Feature", "properties": { }, "geometry": { "type": "Polygon", "coordinates": [ [ [ 77.435715358245304, 23.230159794881931 ], [ 77.435776458245314, 23.230179794873592 ], [ 77.435806558245304, 23.23010179490613 ], [ 77.435745458245307, 23.230081794914479 ], [ 77.435715358245304, 23.230159794881931 ] ] ] } },
{ "type": "Feature", "properties": { }, "geometry": { "type": "Polygon", "coordinates": [ [ [ 77.435713658245319, 23.229191095286097 ], [ 77.435666558245316, 23.229370695211166 ], [ 77.435833558245307, 23.229407595195774 ], [ 77.435880658245324, 23.229228095270663 ], [ 77.435713658245319, 23.229191095286097 ] ] ] } },
{ "type": "Feature", "properties": { }, "geometry": { "type": "Polygon", "coordinates": [ [ [ 77.436240858245313, 23.231073094500864 ], [ 77.436423258245327, 23.231116894482597 ], [ 77.436451658245304, 23.23101689452432 ], [ 77.436269258245318, 23.230973094542598 ], [ 77.436240858245313, 23.231073094500864 ] ] ] } },
{ "type": "Feature", "properties": { }, "geometry": { "type": "Polygon", "coordinates": [ [ [ 77.434967958245309, 23.234676392997308 ], [ 77.435111458245316, 23.234702292986491 ], [ 77.435123958245313, 23.234643893010862 ], [ 77.43498045824532, 23.234617993021672 ], [ 77.434967958245309, 23.234676392997308 ] ] ] } },
{ "type": "Feature", "properties": { }, "geometry": { "type": "Polygon", "coordinates": [ [ [ 77.434355458245321, 23.230750094635642 ], [ 77.434508258245316, 23.230861894588998 ], [ 77.434599658245304, 23.230756494632971 ], [ 77.434446858245323, 23.230644694679619 ], [ 77.434355458245321, 23.230750094635642 ] ] ] } },
{ "type": "Feature", "properties": { }, "geometry": { "type": "Polygon", "coordinates": [ [ [ 77.436252958245319, 23.229477995166398 ], [ 77.43646805824531, 23.229524295147083 ], [ 77.436515258245322, 23.229339295224268 ], [ 77.436300058245308, 23.229293095243541 ], [ 77.436252958245319, 23.229477995166398 ] ] ] } },
{ "type": "Feature", "properties": { }, "geometry": { "type": "Polygon", "coordinates": [ [ [ 77.436244458245326, 23.232276093998912 ], [ 77.436431858245314, 23.232315593982431 ], [ 77.436456058245312, 23.232218494022952 ], [ 77.436268758245305, 23.232178994039437 ], [ 77.436244458245326, 23.232276093998912 ] ] ] } },
{ "type": "Feature", "properties": { }, "geometry": { "type": "Polygon", "coordinates": [ [ [ 77.435839658245328, 23.231262894421683 ], [ 77.436030158245302, 23.231305094404068 ], [ 77.436056558245312, 23.231204594446009 ], [ 77.435866058245296, 23.231162394463613 ], [ 77.435839658245328, 23.231262894421683 ] ] ] } },
{ "type": "Feature", "properties": { }, "geometry": { "type": "Polygon", "coordinates": [ [ [ 77.434261058245312, 23.23022049485661 ], [ 77.434153758245301, 23.230349194802912 ], [ 77.434407058245327, 23.23052749472852 ], [ 77.434514358245323, 23.230398694782259 ], [ 77.434261058245312, 23.23022049485661 ] ] ] } },
{ "type": "Feature", "properties": { }, "geometry": { "type": "Polygon", "coordinates": [ [ [ 77.437385258245328, 23.22985809500781 ], [ 77.437361558245328, 23.229950094969436 ], [ 77.437498458245315, 23.229979894956994 ], [ 77.437522158245315, 23.229887894995379 ], [ 77.437385258245328, 23.22985809500781 ] ] ] } },
{ "type": "Feature", "properties": { }, "geometry": { "type": "Polygon", "coordinates": [ [ [ 77.435415458245288, 23.234400893112269 ], [ 77.435381558245311, 23.234541693053515 ], [ 77.435526658245323, 23.234571193041198 ], [ 77.435560558245328, 23.234430393099956 ], [ 77.435415458245288, 23.234400893112269 ] ] ] } },
{ "type": "Feature", "properties": { }, "geometry": { "type": "Polygon", "coordinates": [ [ [ 77.436079358245294, 23.22918439528889 ], [ 77.43624855824531, 23.229219595274209 ], [ 77.436290558245318, 23.229048895345429 ], [ 77.436121358245302, 23.229013695360113 ], [ 77.436079358245294, 23.22918439528889 ] ] ] } },
{ "type": "Feature", "properties": { }, "geometry": { "type": "Polygon", "coordinates": [ [ [ 77.434615258245316, 23.234739192971098 ], [ 77.434675258245306, 23.234749292966878 ], [ 77.434702758245308, 23.234611893024219 ], [ 77.434642758245303, 23.234601793028435 ], [ 77.434615258245316, 23.234739192971098 ] ] ] } },
{ "type": "Feature", "properties": { }, "geometry": { "type": "Polygon", "coordinates": [ [ [ 77.435130658245313, 23.232258794006128 ], [ 77.435184258245329, 23.232065994086579 ], [ 77.435068858245316, 23.232038894097887 ], [ 77.435015258245315, 23.23223169401744 ], [ 77.435130658245313, 23.232258794006128 ] ] ] } },
{ "type": "Feature", "properties": { }, "geometry": { "type": "Polygon", "coordinates": [ [ [ 77.434644158245305, 23.230919194565086 ], [ 77.434829858245322, 23.230958694548601 ], [ 77.434880358245323, 23.230782094622288 ], [ 77.434783058245316, 23.230757494632552 ], [ 77.434644158245305, 23.230919194565086 ] ] ] } },
{ "type": "Feature", "properties": { }, "geometry": { "type": "Polygon", "coordinates": [ [ [ 77.434582158245291, 23.231585394287116 ], [ 77.434723858245306, 23.231694494241591 ], [ 77.434805258245319, 23.231605294278815 ], [ 77.434663658245313, 23.23149619432434 ], [ 77.434582158245291, 23.231585394287116 ] ] ] } },
{ "type": "Feature", "properties": { }, "geometry": { "type": "Polygon", "coordinates": [ [ [ 77.435811258245323, 23.23270659381928 ], [ 77.436003558245304, 23.2327527938 ], [ 77.436030958245325, 23.232656693840102 ], [ 77.435838558245322, 23.232610493859376 ], [ 77.435811258245323, 23.23270659381928 ] ] ] } },
{ "type": "Feature", "properties": { }, "geometry": { "type": "Polygon", "coordinates": [ [ [ 77.43579855824531, 23.230198794865665 ], [ 77.435864958245318, 23.230222694855694 ], [ 77.43590035824532, 23.230139994890198 ], [ 77.435833958245325, 23.230116094900168 ], [ 77.43579855824531, 23.230198794865665 ] ] ] } },
{ "type": "Feature", "properties": { }, "geometry": { "type": "Polygon", "coordinates": [ [ [ 77.435015258245315, 23.234431093099669 ], [ 77.435142658245297, 23.234454593089858 ], [ 77.435162058245325, 23.234365593127002 ], [ 77.435034658245314, 23.234342193136762 ], [ 77.435015258245315, 23.234431093099669 ] ] ] } },
{ "type": "Feature", "properties": { }, "geometry": { "type": "Polygon", "coordinates": [ [ [ 77.437311758245329, 23.229991594952121 ], [ 77.43735475824532, 23.229842995014117 ], [ 77.437224758245307, 23.229811195027384 ], [ 77.437181658245308, 23.229959794965382 ], [ 77.437311758245329, 23.229991594952121 ] ] ] } },
{ "type": "Feature", "properties": { }, "geometry": { "type": "Polygon", "coordinates": [ [ [ 77.437031958245313, 23.229402895197733 ], [ 77.437138358245306, 23.229424995188513 ], [ 77.437184358245318, 23.229237995266534 ], [ 77.437077958245311, 23.229215895275757 ], [ 77.437031958245313, 23.229402895197733 ] ] ] } },
{ "type": "Feature", "properties": { }, "geometry": { "type": "Polygon", "coordinates": [ [ [ 77.436991758245327, 23.231392794367476 ], [ 77.437150658245329, 23.231422394355125 ], [ 77.437169158245325, 23.231338194390261 ], [ 77.437010258245323, 23.231308594402613 ], [ 77.436991758245327, 23.231392794367476 ] ] ] } },
{ "type": "Feature", "properties": { }, "geometry": { "type": "Polygon", "coordinates": [ [ [ 77.435839758245322, 23.22885439542657 ], [ 77.435940258245324, 23.228891995410894 ], [ 77.43600375824532, 23.228748595470709 ], [ 77.435903158245324, 23.228710995486392 ], [ 77.435839758245322, 23.22885439542657 ] ] ] } },
{ "type": "Feature", "properties": { }, "geometry": { "type": "Polygon", "coordinates": [ [ [ 77.434849158245328, 23.230967894544765 ], [ 77.434946358245327, 23.230988694536091 ], [ 77.434990558245318, 23.230814794608648 ], [ 77.434893358245318, 23.230793994617326 ], [ 77.434849158245328, 23.230967894544765 ] ] ] } },
{ "type": "Feature", "properties": { }, "geometry": { "type": "Polygon", "coordinates": [ [ [ 77.43468125824532, 23.234769292958529 ], [ 77.43476175824533, 23.234782492953027 ], [ 77.434789258245317, 23.234641393011906 ], [ 77.434708758245307, 23.234628193017414 ], [ 77.43468125824532, 23.234769292958529 ] ] ] } },
{ "type": "Feature", "properties": { }, "geometry": { "type": "Polygon", "coordinates": [ [ [ 77.434729958245313, 23.232160194047278 ], [ 77.43497735824532, 23.232206794027835 ], [ 77.43499705824533, 23.2321181940648 ], [ 77.434749658245309, 23.232071694084205 ], [ 77.434729958245313, 23.232160194047278 ] ] ] } },
{ "type": "Feature", "properties": { }, "geometry": { "type": "Polygon", "coordinates": [ [ [ 77.434696258245324, 23.230298794823941 ], [ 77.434896658245322, 23.230388894786348 ], [ 77.434951158245326, 23.230286694828994 ], [ 77.434750658245321, 23.23019659486658 ], [ 77.434696258245324, 23.230298794823941 ] ] ] } },
{ "type": "Feature", "properties": { }, "geometry": { "type": "Polygon", "coordinates": [ [ [ 77.436607458245305, 23.230003894946982 ], [ 77.436728858245303, 23.230019294940561 ], [ 77.436749558245324, 23.229881894997888 ], [ 77.436628158245313, 23.229866495004309 ], [ 77.436607458245305, 23.230003894946982 ] ] ] } },
{ "type": "Feature", "properties": { }, "geometry": { "type": "Polygon", "coordinates": [ [ [ 77.435478658245302, 23.232667893835426 ], [ 77.435676658245313, 23.232702893820822 ], [ 77.435692458245299, 23.232627493852288 ], [ 77.435494358245293, 23.232592493866893 ], [ 77.435478658245302, 23.232667893835426 ] ] ] } },
{ "type": "Feature", "properties": { }, "geometry": { "type": "Polygon", "coordinates": [ [ [ 77.435052458245323, 23.2310310945184 ], [ 77.435153258245322, 23.231049494510717 ], [ 77.435194158245324, 23.23086059458954 ], [ 77.435093358245311, 23.230842194597216 ], [ 77.435052458245323, 23.2310310945184 ] ] ] } },
{ "type": "Feature", "properties": { }, "geometry": { "type": "Polygon", "coordinates": [ [ [ 77.43486675824532, 23.234466893084726 ], [ 77.434953258245315, 23.234478593079842 ], [ 77.434975958245303, 23.234336793139015 ], [ 77.434889458245308, 23.234325093143898 ], [ 77.43486675824532, 23.234466893084726 ] ] ] } },
{ "type": "Feature", "properties": { }, "geometry": { "type": "Polygon", "coordinates": [ [ [ 77.433388158245307, 23.233775493373244 ], [ 77.43360145824532, 23.23392709330999 ], [ 77.433672858245316, 23.233842193345417 ], [ 77.433459658245312, 23.233690693408633 ], [ 77.433388158245307, 23.233775493373244 ] ] ] } },
{ "type": "Feature", "properties": { }, "geometry": { "type": "Polygon", "coordinates": [ [ [ 77.43541555824531, 23.230437394766113 ], [ 77.435514958245307, 23.230452594759775 ], [ 77.435550558245311, 23.230255994841801 ], [ 77.435451158245314, 23.23024079484814 ], [ 77.43541555824531, 23.230437394766113 ] ] ] } },
{ "type": "Feature", "properties": { }, "geometry": { "type": "Polygon", "coordinates": [ [ [ 77.437167758245323, 23.23067549466677 ], [ 77.437336758245308, 23.230715794649953 ], [ 77.437374958245314, 23.230580194706533 ], [ 77.437205958245315, 23.230539994723305 ], [ 77.437167758245323, 23.23067549466677 ] ] ] } },
{ "type": "Feature", "properties": { }, "geometry": { "type": "Polygon", "coordinates": [ [ [ 77.437279258245326, 23.229455895175619 ], [ 77.437324158245332, 23.229273495251721 ], [ 77.437190758245322, 23.22924569526332 ], [ 77.437145858245302, 23.229428195187175 ], [ 77.437279258245326, 23.229455895175619 ] ] ] } },
{ "type": "Feature", "properties": { }, "geometry": { "type": "Polygon", "coordinates": [ [ [ 77.435035158245327, 23.229675095084165 ], [ 77.435203158245329, 23.229742495056044 ], [ 77.435319058245312, 23.229498695157762 ], [ 77.43515105824531, 23.229431295185886 ], [ 77.435035158245327, 23.229675095084165 ] ] ] } },
{ "type": "Feature", "properties": { }, "geometry": { "type": "Polygon", "coordinates": [ [ [ 77.435575558245304, 23.229357495216668 ], [ 77.435653758245309, 23.229373195210126 ], [ 77.435698058245308, 23.229187095287767 ], [ 77.435619758245295, 23.229171395294319 ], [ 77.435575558245304, 23.229357495216668 ] ] ] } },
{ "type": "Feature", "properties": { }, "geometry": { "type": "Polygon", "coordinates": [ [ [ 77.436272358245304, 23.230963794546476 ], [ 77.436470558245318, 23.231011794526449 ], [ 77.436510158245298, 23.230873994583941 ], [ 77.436311958245327, 23.230825894604017 ], [ 77.436272358245304, 23.230963794546476 ] ] ] } },
{ "type": "Feature", "properties": { }, "geometry": { "type": "Polygon", "coordinates": [ [ [ 77.437219358245315, 23.230531394726896 ], [ 77.437373558245326, 23.230569194711123 ], [ 77.437405958245307, 23.230458194757432 ], [ 77.437251658245302, 23.230420294773246 ], [ 77.437219358245315, 23.230531394726896 ] ] ] } },
{ "type": "Feature", "properties": { }, "geometry": { "type": "Polygon", "coordinates": [ [ [ 77.434255458245303, 23.230859594589958 ], [ 77.434409658245315, 23.23097249454284 ], [ 77.43449805824531, 23.230870394585452 ], [ 77.434343858245313, 23.230757594632514 ], [ 77.434255458245303, 23.230859594589958 ] ] ] } },
{ "type": "Feature", "properties": { }, "geometry": { "type": "Polygon", "coordinates": [ [ [ 77.436676058245325, 23.229570295127893 ], [ 77.436816558245312, 23.229600595115247 ], [ 77.436863858245303, 23.229415095192643 ], [ 77.436723358245317, 23.229384795205288 ], [ 77.436676058245325, 23.229570295127893 ] ] ] } },
{ "type": "Feature", "properties": { }, "geometry": { "type": "Polygon", "coordinates": [ [ [ 77.437133358245319, 23.230928594561163 ], [ 77.437317958245316, 23.230965594545726 ], [ 77.437352158245304, 23.230821394605886 ], [ 77.437167558245307, 23.230784394621331 ], [ 77.437133358245319, 23.230928594561163 ] ] ] } },
{ "type": "Feature", "properties": { }, "geometry": { "type": "Polygon", "coordinates": [ [ [ 77.436348958245333, 23.229239695265822 ], [ 77.436442858245314, 23.22925919525769 ], [ 77.43648465824532, 23.229089495328491 ], [ 77.43639065824533, 23.229069995336623 ], [ 77.436348958245333, 23.229239695265822 ] ] ] } },
{ "type": "Feature", "properties": { }, "geometry": { "type": "Polygon", "coordinates": [ [ [ 77.436802658245327, 23.230008194945185 ], [ 77.436920658245327, 23.23002609493772 ], [ 77.436941458245315, 23.229910194986072 ], [ 77.436823458245328, 23.229892294993544 ], [ 77.436802658245327, 23.230008194945185 ] ] ] } },
{ "type": "Feature", "properties": { }, "geometry": { "type": "Polygon", "coordinates": [ [ [ 77.435161158245307, 23.231046494511972 ], [ 77.435274958245301, 23.231067094503377 ], [ 77.435368458245307, 23.230895194575101 ], [ 77.435199658245324, 23.230863494588327 ], [ 77.435161158245307, 23.231046494511972 ] ] ] } },
{ "type": "Feature", "properties": { }, "geometry": { "type": "Polygon", "coordinates": [ [ [ 77.435555958245317, 23.234661593003473 ], [ 77.435706058245302, 23.234690992991212 ], [ 77.435729058245315, 23.234591993032524 ], [ 77.43557895824533, 23.234562593044792 ], [ 77.435555958245317, 23.234661593003473 ] ] ] } },
{ "type": "Feature", "properties": { }, "geometry": { "type": "Polygon", "coordinates": [ [ [ 77.437161158245303, 23.230661994672403 ], [ 77.437195458245313, 23.230539394723554 ], [ 77.437022858245328, 23.230498694740536 ], [ 77.436988558245318, 23.23062119468943 ], [ 77.437161158245303, 23.230661994672403 ] ] ] } },
{ "type": "Feature", "properties": { }, "geometry": { "type": "Polygon", "coordinates": [ [ [ 77.435120558245302, 23.234857492921726 ], [ 77.435276758245337, 23.234886492909631 ], [ 77.435292658245302, 23.234814192939798 ], [ 77.435136458245324, 23.234785292951866 ], [ 77.435120558245302, 23.234857492921726 ] ] ] } },
{ "type": "Feature", "properties": { }, "geometry": { "type": "Polygon", "coordinates": [ [ [ 77.435478958245312, 23.229348295220518 ], [ 77.435561758245314, 23.229366095213091 ], [ 77.435610058245288, 23.229176895292024 ], [ 77.435527258245315, 23.229159095299451 ], [ 77.435478958245312, 23.229348295220518 ] ] ] } },
{ "type": "Feature", "properties": { }, "geometry": { "type": "Polygon", "coordinates": [ [ [ 77.436827758245315, 23.229609395111577 ], [ 77.436949558245303, 23.229635595100646 ], [ 77.436998158245302, 23.22944479518025 ], [ 77.436876358245314, 23.229418595191184 ], [ 77.436827758245315, 23.229609395111577 ] ] ] } },
{ "type": "Feature", "properties": { }, "geometry": { "type": "Polygon", "coordinates": [ [ [ 77.434409058245322, 23.231182394455271 ], [ 77.43453045824532, 23.23127789441542 ], [ 77.434598258245302, 23.231205194445756 ], [ 77.434476858245304, 23.2311096944856 ], [ 77.434409058245322, 23.231182394455271 ] ] ] } },
{ "type": "Feature", "properties": { }, "geometry": { "type": "Polygon", "coordinates": [ [ [ 77.435151358245321, 23.234706292984818 ], [ 77.435307258245317, 23.234735492972636 ], [ 77.435328858245327, 23.234638493013115 ], [ 77.435172958245317, 23.234609193025346 ], [ 77.435151358245321, 23.234706292984818 ] ] ] } },
{ "type": "Feature", "properties": { }, "geometry": { "type": "Polygon", "coordinates": [ [ [ 77.434404758245321, 23.232029594101771 ], [ 77.434569058245316, 23.232162894046152 ], [ 77.434811158245324, 23.231910894151291 ], [ 77.434646758245307, 23.231777594206918 ], [ 77.434404758245321, 23.232029594101771 ] ] ] } },
{ "type": "Feature", "properties": { }, "geometry": { "type": "Polygon", "coordinates": [ [ [ 77.435767958245307, 23.234889592908335 ], [ 77.435885358245315, 23.234911792899066 ], [ 77.435920658245308, 23.234753792964995 ], [ 77.435803358245309, 23.234731592974263 ], [ 77.435767958245307, 23.234889592908335 ] ] ] } },
{ "type": "Feature", "properties": { }, "geometry": { "type": "Polygon", "coordinates": [ [ [ 77.435880658245324, 23.231063194505001 ], [ 77.436084358245324, 23.231108394486146 ], [ 77.436117658245308, 23.230981594539045 ], [ 77.435913858245328, 23.230936394557908 ], [ 77.435880658245324, 23.231063194505001 ] ] ] } },
{ "type": "Feature", "properties": { }, "geometry": { "type": "Polygon", "coordinates": [ [ [ 77.435775658245319, 23.231557794298634 ], [ 77.435953758245304, 23.231597294282153 ], [ 77.435979958245312, 23.231497794323662 ], [ 77.435801758245304, 23.231458294340147 ], [ 77.435775658245319, 23.231557794298634 ] ] ] } },
{ "type": "Feature", "properties": { }, "geometry": { "type": "Polygon", "coordinates": [ [ [ 77.434223658245315, 23.23192179414675 ], [ 77.434363858245291, 23.231788694202283 ], [ 77.434289558245297, 23.231722594229872 ], [ 77.434149358245307, 23.231855694174332 ], [ 77.434223658245315, 23.23192179414675 ] ] ] } },
{ "type": "Feature", "properties": { }, "geometry": { "type": "Polygon", "coordinates": [ [ [ 77.435608058245307, 23.234461593086941 ], [ 77.435588358245312, 23.234562193044958 ], [ 77.435730158245306, 23.234585593035195 ], [ 77.435749858245288, 23.234485093077129 ], [ 77.435608058245307, 23.234461593086941 ] ] ] } },
{ "type": "Feature", "properties": { }, "geometry": { "type": "Polygon", "coordinates": [ [ [ 77.435156458245302, 23.234711192982775 ], [ 77.435140758245311, 23.234778092954866 ], [ 77.435295358245313, 23.234808592942134 ], [ 77.435311058245304, 23.234741792970013 ], [ 77.435156458245302, 23.234711192982775 ] ] ] } },
{ "type": "Feature", "properties": { }, "geometry": { "type": "Polygon", "coordinates": [ [ [ 77.434351758245327, 23.231237094432441 ], [ 77.434472358245316, 23.231332194392767 ], [ 77.434521958245327, 23.231278994414964 ], [ 77.434401458245318, 23.231183994454604 ], [ 77.434351758245327, 23.231237094432441 ] ] ] } },
{ "type": "Feature", "properties": { }, "geometry": { "type": "Polygon", "coordinates": [ [ [ 77.436777858245321, 23.230145594887855 ], [ 77.436901158245291, 23.230162294880891 ], [ 77.436921358245314, 23.23003579493367 ], [ 77.436798058245316, 23.230019094940644 ], [ 77.436777858245321, 23.230145594887855 ] ] ] } },
{ "type": "Feature", "properties": { }, "geometry": { "type": "Polygon", "coordinates": [ [ [ 77.435204658245311, 23.234503893069288 ], [ 77.435354958245313, 23.234527293059518 ], [ 77.43537295824531, 23.234429293100423 ], [ 77.435222758245303, 23.234405893110178 ], [ 77.435204658245311, 23.234503893069288 ] ] ] } },
{ "type": "Feature", "properties": { }, "geometry": { "type": "Polygon", "coordinates": [ [ [ 77.435273458245319, 23.231648794260661 ], [ 77.435351258245319, 23.231369094377367 ], [ 77.435246558245325, 23.231344494387631 ], [ 77.435168858245305, 23.231624194270928 ], [ 77.435273458245319, 23.231648794260661 ] ] ] } },
{ "type": "Feature", "properties": { }, "geometry": { "type": "Polygon", "coordinates": [ [ [ 77.435524858245302, 23.230456494758148 ], [ 77.435602258245325, 23.230467594753517 ], [ 77.435636458245327, 23.230266094837582 ], [ 77.435559058245303, 23.230254994842216 ], [ 77.435524858245302, 23.230456494758148 ] ] ] } },
{ "type": "Feature", "properties": { }, "geometry": { "type": "Polygon", "coordinates": [ [ [ 77.435997058245306, 23.23203189410081 ], [ 77.436177158245314, 23.232075194082743 ], [ 77.436222158245315, 23.231917194148672 ], [ 77.43604195824534, 23.231873894166732 ], [ 77.435997058245306, 23.23203189410081 ] ] ] } },
{ "type": "Feature", "properties": { }, "geometry": { "type": "Polygon", "coordinates": [ [ [ 77.436944758245318, 23.230832794601135 ], [ 77.43713645824532, 23.230875194583447 ], [ 77.437167358245318, 23.230757094632725 ], [ 77.436975658245316, 23.230714694650413 ], [ 77.436944758245318, 23.230832794601135 ] ] ] } },
{ "type": "Feature", "properties": { }, "geometry": { "type": "Polygon", "coordinates": [ [ [ 77.433642958245315, 23.230880094581401 ], [ 77.433884358245336, 23.231077894498878 ], [ 77.433997558245323, 23.230961294547516 ], [ 77.433756158245316, 23.230763494630054 ], [ 77.433642958245315, 23.230880094581401 ] ] ] } },
{ "type": "Feature", "properties": { }, "geometry": { "type": "Polygon", "coordinates": [ [ [ 77.436469558245292, 23.229272595252095 ], [ 77.436576958245311, 23.229294895242788 ], [ 77.436621258245324, 23.229115095317805 ], [ 77.436513758245312, 23.229092795327112 ], [ 77.436469558245292, 23.229272595252095 ] ] ] } },
{ "type": "Feature", "properties": { }, "geometry": { "type": "Polygon", "coordinates": [ [ [ 77.435764958245329, 23.229709295069906 ], [ 77.435715858245317, 23.229828895019999 ], [ 77.435994458245318, 23.229925494979696 ], [ 77.436043558245302, 23.229805895029592 ], [ 77.435764958245329, 23.229709295069906 ] ] ] } },
{ "type": "Feature", "properties": { }, "geometry": { "type": "Polygon", "coordinates": [ [ [ 77.43475785824532, 23.230192494868295 ], [ 77.434953858245322, 23.230280594831534 ], [ 77.435015858245322, 23.230164094880145 ], [ 77.434819858245319, 23.230075994916898 ], [ 77.43475785824532, 23.230192494868295 ] ] ] } },
{ "type": "Feature", "properties": { }, "geometry": { "type": "Polygon", "coordinates": [ [ [ 77.436766458245316, 23.230199794865246 ], [ 77.436888458245321, 23.230215194858818 ], [ 77.436895358245323, 23.23016939487793 ], [ 77.436773258245324, 23.230153994884358 ], [ 77.436766458245316, 23.230199794865246 ] ] ] } },
{ "type": "Feature", "properties": { }, "geometry": { "type": "Polygon", "coordinates": [ [ [ 77.43486245824532, 23.234786292951437 ], [ 77.434890958245319, 23.234651893007523 ], [ 77.434814558245321, 23.23463819301324 ], [ 77.434786058245336, 23.234772592957153 ], [ 77.43486245824532, 23.234786292951437 ] ] ] } },
{ "type": "Feature", "properties": { }, "geometry": { "type": "Polygon", "coordinates": [ [ [ 77.437048058245324, 23.230497794740916 ], [ 77.437206958245298, 23.230530394727303 ], [ 77.437229458245312, 23.23043809476582 ], [ 77.437070558245324, 23.230405494779422 ], [ 77.437048058245324, 23.230497794740916 ] ] ] } },
{ "type": "Feature", "properties": { }, "geometry": { "type": "Polygon", "coordinates": [ [ [ 77.435544558245311, 23.231172294459487 ], [ 77.435738258245308, 23.231217894440455 ], [ 77.435765158245303, 23.23112139448072 ], [ 77.435571358245326, 23.231075794499745 ], [ 77.435544558245311, 23.231172294459487 ] ] ] } },
{ "type": "Feature", "properties": { }, "geometry": { "type": "Polygon", "coordinates": [ [ [ 77.435454558245311, 23.232747593802173 ], [ 77.435644358245327, 23.232782493787607 ], [ 77.435661458245306, 23.232704093820317 ], [ 77.435471658245319, 23.232669093834929 ], [ 77.435454558245311, 23.232747593802173 ] ] ] } },
{ "type": "Feature", "properties": { }, "geometry": { "type": "Polygon", "coordinates": [ [ [ 77.434071858245318, 23.231775694207712 ], [ 77.434155058245324, 23.23184679417805 ], [ 77.434286858245315, 23.231716594232374 ], [ 77.434203658245309, 23.23164549426204 ], [ 77.434071858245318, 23.231775694207712 ] ] ] } },
{ "type": "Feature", "properties": { }, "geometry": { "type": "Polygon", "coordinates": [ [ [ 77.436525758245324, 23.231155194466616 ], [ 77.436485458245315, 23.231305294403985 ], [ 77.436689158245315, 23.231351494384715 ], [ 77.43672945824531, 23.231201494447298 ], [ 77.436525758245324, 23.231155194466616 ] ] ] } },
{ "type": "Feature", "properties": { }, "geometry": { "type": "Polygon", "coordinates": [ [ [ 77.437080558245313, 23.23025069484401 ], [ 77.437290958245313, 23.230293694826074 ], [ 77.437318258245327, 23.230180794873174 ], [ 77.437107858245312, 23.23013779489111 ], [ 77.437080558245313, 23.23025069484401 ] ] ] } },
{ "type": "Feature", "properties": { }, "geometry": { "type": "Polygon", "coordinates": [ [ [ 77.436069458245314, 23.232883393745507 ], [ 77.43625365824532, 23.232922293729278 ], [ 77.436310858245307, 23.232693693824665 ], [ 77.436126658245328, 23.232654793840901 ], [ 77.436069458245314, 23.232883393745507 ] ] ] } },
{ "type": "Feature", "properties": { }, "geometry": { "type": "Polygon", "coordinates": [ [ [ 77.435636558245307, 23.230129294894663 ], [ 77.435701558245313, 23.230149894886065 ], [ 77.43573105824531, 23.230071494918779 ], [ 77.435666058245317, 23.230050894927373 ], [ 77.435636558245307, 23.230129294894663 ] ] ] } },
{ "type": "Feature", "properties": { }, "geometry": { "type": "Polygon", "coordinates": [ [ [ 77.434828258245332, 23.230073494917939 ], [ 77.43501055824531, 23.23015539488377 ], [ 77.435074358245302, 23.230035594933756 ], [ 77.434892058245325, 23.229953694967925 ], [ 77.434828258245332, 23.230073494917939 ] ] ] } },
{ "type": "Feature", "properties": { }, "geometry": { "type": "Polygon", "coordinates": [ [ [ 77.436306758245337, 23.230822994605226 ], [ 77.436513258245313, 23.230870594585365 ], [ 77.436541758245326, 23.230766394628841 ], [ 77.436335158245313, 23.230718794648702 ], [ 77.436306758245337, 23.230822994605226 ] ] ] } },
{ "type": "Feature", "properties": { }, "geometry": { "type": "Polygon", "coordinates": [ [ [ 77.434171258245328, 23.230958694548601 ], [ 77.434324058245309, 23.23107049450196 ], [ 77.434403258245311, 23.230979094540093 ], [ 77.43425045824533, 23.230867294586741 ], [ 77.434171258245328, 23.230958694548601 ] ] ] } },
{ "type": "Feature", "properties": { }, "geometry": { "type": "Polygon", "coordinates": [ [ [ 77.435113858245316, 23.229937194974813 ], [ 77.435204158245313, 23.229747195054088 ], [ 77.435023158245329, 23.229674595084379 ], [ 77.434932858245304, 23.229864595005097 ], [ 77.435113858245316, 23.229937194974813 ] ] ] } },
{ "type": "Feature", "properties": { }, "geometry": { "type": "Polygon", "coordinates": [ [ [ 77.437109458245303, 23.23013509489224 ], [ 77.43730585824531, 23.230170894877308 ], [ 77.437331858245329, 23.230050394927577 ], [ 77.437135358245314, 23.230014594942521 ], [ 77.437109458245303, 23.23013509489224 ] ] ] } },
{ "type": "Feature", "properties": { }, "geometry": { "type": "Polygon", "coordinates": [ [ [ 77.435802158245309, 23.231453194342279 ], [ 77.43598205824533, 23.231493094325625 ], [ 77.436007058245309, 23.231397894365351 ], [ 77.435827158245317, 23.231357994381998 ], [ 77.435802158245309, 23.231453194342279 ] ] ] } },
{ "type": "Feature", "properties": { }, "geometry": { "type": "Polygon", "coordinates": [ [ [ 77.434269458245311, 23.231346094386964 ], [ 77.434392858245303, 23.231443094346496 ], [ 77.434471858245317, 23.231358194381926 ], [ 77.43434845824531, 23.231261194422387 ], [ 77.434269458245311, 23.231346094386964 ] ] ] } },
{ "type": "Feature", "properties": { }, "geometry": { "type": "Polygon", "coordinates": [ [ [ 77.435577158245295, 23.230113894901084 ], [ 77.435628958245303, 23.230131794893619 ], [ 77.435660458245323, 23.230054794925749 ], [ 77.435608658245329, 23.230036894933217 ], [ 77.435577158245295, 23.230113894901084 ] ] ] } },
{ "type": "Feature", "properties": { }, "geometry": { "type": "Polygon", "coordinates": [ [ [ 77.435187258245307, 23.23457469303974 ], [ 77.435333458245324, 23.234598093029977 ], [ 77.435346258245318, 23.234530493058195 ], [ 77.435200058245329, 23.234507093067958 ], [ 77.435187258245307, 23.23457469303974 ] ] ] } },
{ "type": "Feature", "properties": { }, "geometry": { "type": "Polygon", "coordinates": [ [ [ 77.434475258245314, 23.22993739497473 ], [ 77.434754758245333, 23.230062994922328 ], [ 77.434824258245328, 23.229932494976772 ], [ 77.434544758245309, 23.229806795029216 ], [ 77.434475258245314, 23.22993739497473 ] ] ] } },
{ "type": "Feature", "properties": { }, "geometry": { "type": "Polygon", "coordinates": [ [ [ 77.435612358245322, 23.230461094756219 ], [ 77.435762358245313, 23.23048379474675 ], [ 77.435796558245315, 23.230293394826198 ], [ 77.43564655824531, 23.230270694835671 ], [ 77.435612358245322, 23.230461094756219 ] ] ] } },
{ "type": "Feature", "properties": { }, "geometry": { "type": "Polygon", "coordinates": [ [ [ 77.435377058245308, 23.229322995231065 ], [ 77.435468958245309, 23.229344495222097 ], [ 77.435521958245303, 23.229152795302078 ], [ 77.435430058245302, 23.229131395311004 ], [ 77.435377058245308, 23.229322995231065 ] ] ] } },
{ "type": "Feature", "properties": { }, "geometry": { "type": "Polygon", "coordinates": [ [ [ 77.436340258245295, 23.230711294651833 ], [ 77.436544158245312, 23.230760894631135 ], [ 77.436581858245319, 23.230629794685839 ], [ 77.43637805824531, 23.230580194706533 ], [ 77.436340258245295, 23.230711294651833 ] ] ] } },
{ "type": "Feature", "properties": { }, "geometry": { "type": "Polygon", "coordinates": [ [ [ 77.434073658245325, 23.231062094505464 ], [ 77.434227458245317, 23.231174594458519 ], [ 77.434316158245309, 23.231072194501245 ], [ 77.434162458245325, 23.230959694548186 ], [ 77.434073658245325, 23.231062094505464 ] ] ] } },
{ "type": "Feature", "properties": { }, "geometry": { "type": "Polygon", "coordinates": [ [ [ 77.435766858245302, 23.229007895362528 ], [ 77.435933958245315, 23.229066395338126 ], [ 77.435996658245315, 23.228915595401041 ], [ 77.435829458245308, 23.228856995425492 ], [ 77.435766858245302, 23.229007895362528 ] ] ] } },
{ "type": "Feature", "properties": { }, "geometry": { "type": "Polygon", "coordinates": [ [ [ 77.436968258245329, 23.229627395104064 ], [ 77.437143758245327, 23.22966509508834 ], [ 77.437188158245306, 23.229490795161059 ], [ 77.437012658245322, 23.22945309517679 ], [ 77.436968258245329, 23.229627395104064 ] ] ] } },
{ "type": "Feature", "properties": { }, "geometry": { "type": "Polygon", "coordinates": [ [ [ 77.434703258245307, 23.229545295138323 ], [ 77.434847458245315, 23.229613695109784 ], [ 77.434910758245309, 23.229500995156798 ], [ 77.434766658245309, 23.229432595185337 ], [ 77.434703258245307, 23.229545295138323 ] ] ] } },
{ "type": "Feature", "properties": { }, "geometry": { "type": "Polygon", "coordinates": [ [ [ 77.433894458245305, 23.230642294680628 ], [ 77.434107658245324, 23.230808594611233 ], [ 77.434223758245309, 23.230682994663638 ], [ 77.434010558245305, 23.23051669473303 ], [ 77.433894458245305, 23.230642294680628 ] ] ] } },
{ "type": "Feature", "properties": { }, "geometry": { "type": "Polygon", "coordinates": [ [ [ 77.435890658245313, 23.234916092897276 ], [ 77.436008258245309, 23.234939192887634 ], [ 77.436044458245306, 23.234783992952398 ], [ 77.435926858245324, 23.234760792962081 ], [ 77.435890658245313, 23.234916092897276 ] ] ] } },
{ "type": "Feature", "properties": { }, "geometry": { "type": "Polygon", "coordinates": [ [ [ 77.435719758245313, 23.231750994218018 ], [ 77.435902858245328, 23.231791494201119 ], [ 77.435934658245301, 23.231670194251727 ], [ 77.4357515582453, 23.231629594268679 ], [ 77.435719758245313, 23.231750994218018 ] ] ] } },
{ "type": "Feature", "properties": { }, "geometry": { "type": "Polygon", "coordinates": [ [ [ 77.436156258245305, 23.232560793880118 ], [ 77.436343758245329, 23.232600393863592 ], [ 77.436369558245303, 23.232497293906615 ], [ 77.436182058245322, 23.232457793923096 ], [ 77.436156258245305, 23.232560793880118 ] ] ] } },
{ "type": "Feature", "properties": { }, "geometry": { "type": "Polygon", "coordinates": [ [ [ 77.43446765824531, 23.229941394973061 ], [ 77.434385958245329, 23.230094994908978 ], [ 77.434666758245328, 23.230221194856316 ], [ 77.434748558245303, 23.230067594920403 ], [ 77.43446765824531, 23.229941394973061 ] ] ] } },
{ "type": "Feature", "properties": { }, "geometry": { "type": "Polygon", "coordinates": [ [ [ 77.434400358245327, 23.231753594216933 ], [ 77.434451758245316, 23.231790094201706 ], [ 77.434536958245317, 23.231689094243851 ], [ 77.434485558245328, 23.231652494259116 ], [ 77.434400358245327, 23.231753594216933 ] ] ] } },
{ "type": "Feature", "properties": { }, "geometry": { "type": "Polygon", "coordinates": [ [ [ 77.436312458245297, 23.232122494063002 ], [ 77.436510958245293, 23.232158794047859 ], [ 77.436541258245313, 23.232018994106191 ], [ 77.436342758245317, 23.231982594121384 ], [ 77.436312458245297, 23.232122494063002 ] ] ] } },
{ "type": "Feature", "properties": { }, "geometry": { "type": "Polygon", "coordinates": [ [ [ 77.433409658245324, 23.231143194471628 ], [ 77.433685258245305, 23.231360694380871 ], [ 77.433802658245327, 23.231235094433284 ], [ 77.433527058245303, 23.23101759452403 ], [ 77.433409658245324, 23.231143194471628 ] ] ] } },
{ "type": "Feature", "properties": { }, "geometry": { "type": "Polygon", "coordinates": [ [ [ 77.435200158245308, 23.229272895251967 ], [ 77.435348458245315, 23.22932109523186 ], [ 77.435422858245303, 23.229128095312383 ], [ 77.435274458245303, 23.229079795332538 ], [ 77.435200158245308, 23.229272895251967 ] ] ] } },
{ "type": "Feature", "properties": { }, "geometry": { "type": "Polygon", "coordinates": [ [ [ 77.43539545824531, 23.231322194396935 ], [ 77.435473258245324, 23.231042494513641 ], [ 77.435367158245313, 23.23101759452403 ], [ 77.435289358245313, 23.23129729440733 ], [ 77.43539545824531, 23.231322194396935 ] ] ] } },
{ "type": "Feature", "properties": { }, "geometry": { "type": "Polygon", "coordinates": [ [ [ 77.435939958245299, 23.232215294024282 ], [ 77.436140658245321, 23.232263494004176 ], [ 77.436191158245308, 23.232085794078316 ], [ 77.435990558245308, 23.232037594098429 ], [ 77.435939958245299, 23.232215294024282 ] ] ] } },
{ "type": "Feature", "properties": { }, "geometry": { "type": "Polygon", "coordinates": [ [ [ 77.436134058245315, 23.232650593842646 ], [ 77.436321558245311, 23.232690093826161 ], [ 77.436342558245329, 23.232606093861214 ], [ 77.436155058245305, 23.232566593877706 ], [ 77.436134058245315, 23.232650593842646 ] ] ] } },
{ "type": "Feature", "properties": { }, "geometry": { "type": "Polygon", "coordinates": [ [ [ 77.436033558245313, 23.234981392870026 ], [ 77.436123058245315, 23.234999692862381 ], [ 77.436159258245326, 23.234850592924609 ], [ 77.43606975824531, 23.234832292932243 ], [ 77.436033558245313, 23.234981392870026 ] ] ] } },
{ "type": "Feature", "properties": { }, "geometry": { "type": "Polygon", "coordinates": [ [ [ 77.436188658245328, 23.232455593924016 ], [ 77.436371658245307, 23.232494193907911 ], [ 77.436391758245307, 23.232413893941413 ], [ 77.436208758245314, 23.232375193957562 ], [ 77.436188658245328, 23.232455593924016 ] ] ] } },
{ "type": "Feature", "properties": { }, "geometry": { "type": "Polygon", "coordinates": [ [ [ 77.433773758245309, 23.230761794630759 ], [ 77.43400305824531, 23.230946694553612 ], [ 77.434116058245309, 23.230828294603015 ], [ 77.433886758245322, 23.230643394680165 ], [ 77.433773758245309, 23.230761794630759 ] ] ] } },
{ "type": "Feature", "properties": { }, "geometry": { "type": "Polygon", "coordinates": [ [ [ 77.436860258245304, 23.231288994410786 ], [ 77.437001158245323, 23.231314194400269 ], [ 77.43702275824532, 23.231212394442753 ], [ 77.436881958245309, 23.231187194453266 ], [ 77.436860258245304, 23.231288994410786 ] ] ] } },
{ "type": "Feature", "properties": { }, "geometry": { "type": "Polygon", "coordinates": [ [ [ 77.436657158245325, 23.229301595239995 ], [ 77.436771158245321, 23.229325295230108 ], [ 77.436812358245305, 23.229157995299914 ], [ 77.436698258245315, 23.229134295309802 ], [ 77.436657158245325, 23.229301595239995 ] ] ] } },
{ "type": "Feature", "properties": { }, "geometry": { "type": "Polygon", "coordinates": [ [ [ 77.436837858245326, 23.231369094377367 ], [ 77.436969258245327, 23.231392794367476 ], [ 77.436985258245315, 23.231317894398732 ], [ 77.4368538582453, 23.231294094408657 ], [ 77.436837858245326, 23.231369094377367 ] ] ] } },
{ "type": "Feature", "properties": { }, "geometry": { "type": "Polygon", "coordinates": [ [ [ 77.433783658245304, 23.231391294368105 ], [ 77.433730558245315, 23.23145269434249 ], [ 77.433737558245326, 23.231504694320787 ], [ 77.433769058245304, 23.231548894302342 ], [ 77.433807658245328, 23.231569094293913 ], [ 77.433854658245323, 23.231581894288574 ], [ 77.433929958245315, 23.231509694318706 ], [ 77.433783658245304, 23.231391294368105 ] ] ] } },
{ "type": "Feature", "properties": { }, "geometry": { "type": "Polygon", "coordinates": [ [ [ 77.444077258245315, 23.234404093110935 ], [ 77.444018458245296, 23.234406393109971 ], [ 77.444021458245317, 23.234469593083595 ], [ 77.444080358245301, 23.234467193084601 ], [ 77.444077258245315, 23.234404093110935 ] ] ] } },
{ "type": "Feature", "properties": { }, "geometry": { "type": "Polygon", "coordinates": [ [ [ 77.443830558245324, 23.23439789311352 ], [ 77.443877158245328, 23.234400693112352 ], [ 77.443879458245291, 23.234367793126083 ], [ 77.443832858245315, 23.234365093127209 ], [ 77.443830558245324, 23.23439789311352 ] ] ] } },
{ "type": "Feature", "properties": { }, "geometry": { "type": "Polygon", "coordinates": [ [ [ 77.443887858245304, 23.234406793109809 ], [ 77.443935758245303, 23.234406793109809 ], [ 77.443935758245303, 23.234351093133053 ], [ 77.443887858245304, 23.234351093133053 ], [ 77.443887858245304, 23.234406793109809 ] ] ] } },
{ "type": "Feature", "properties": { }, "geometry": { "type": "Polygon", "coordinates": [ [ [ 77.443942858245293, 23.234405593110303 ], [ 77.443976058245312, 23.234406193110058 ], [ 77.443976858245307, 23.234366993126418 ], [ 77.443943758245311, 23.23436639312667 ], [ 77.443942858245293, 23.234405593110303 ] ] ] } },
{ "type": "Feature", "properties": { }, "geometry": { "type": "Polygon", "coordinates": [ [ [ 77.443924358245326, 23.234410493108264 ], [ 77.443923658245311, 23.23444229309499 ], [ 77.443971258245327, 23.234443193094616 ], [ 77.443972058245322, 23.234411493107846 ], [ 77.443924358245326, 23.234410493108264 ] ] ] } },
{ "type": "Feature", "properties": { }, "geometry": { "type": "Polygon", "coordinates": [ [ [ 77.443847258245313, 23.234472793082269 ], [ 77.443903658245318, 23.234471293082883 ], [ 77.443901958245306, 23.234416193105883 ], [ 77.443845658245309, 23.234417593105295 ], [ 77.443847258245313, 23.234472793082269 ] ] ] } },
{ "type": "Feature", "properties": { }, "geometry": { "type": "Polygon", "coordinates": [ [ [ 77.438380658245322, 23.233269493584391 ], [ 77.43837135824532, 23.233257993589191 ], [ 77.438357958245305, 23.233250593592281 ], [ 77.438342458245316, 23.233248493593155 ], [ 77.438327258245323, 23.233251893591735 ], [ 77.438314758245326, 23.233260493588148 ], [ 77.438306658245324, 23.233272793583016 ], [ 77.438304358245318, 23.233286993577092 ], [ 77.438308158245306, 23.233300893571293 ], [ 77.438317458245308, 23.233312493566448 ], [ 77.438330858245322, 23.233319893563365 ], [ 77.438346358245312, 23.233321993562488 ], [ 77.438361458245325, 23.233318493563949 ], [ 77.438374058245302, 23.233309893567537 ], [ 77.43838205824531, 23.233297593572665 ], [ 77.43838435824533, 23.233283393578599 ], [ 77.438380658245322, 23.233269493584391 ] ] ] } },
{ "type": "Feature", "properties": { }, "geometry": { "type": "Polygon", "coordinates": [ [ [ 77.442153158245318, 23.234986492867893 ], [ 77.442283858245318, 23.234988292867143 ], [ 77.442285158245326, 23.234910292899691 ], [ 77.442154458245327, 23.234908392900493 ], [ 77.442153158245318, 23.234986492867893 ] ] ] } },
{ "type": "Feature", "properties": { }, "geometry": { "type": "Polygon", "coordinates": [ [ [ 77.434329158245319, 23.235292692740114 ], [ 77.434517658245326, 23.23532919272488 ], [ 77.434537158245305, 23.235244092760389 ], [ 77.434348758245321, 23.235207592775627 ], [ 77.434329158245319, 23.235292692740114 ] ] ] } },
{ "type": "Feature", "properties": { }, "geometry": { "type": "Polygon", "coordinates": [ [ [ 77.44094985824529, 23.233153993632587 ], [ 77.440928658245312, 23.233031393683756 ], [ 77.440856358245313, 23.233041893679363 ], [ 77.440877458245311, 23.233164493628205 ], [ 77.44094985824529, 23.233153993632587 ] ] ] } },
{ "type": "Feature", "properties": { }, "geometry": { "type": "Polygon", "coordinates": [ [ [ 77.435021858245321, 23.236293392322491 ], [ 77.435196458245315, 23.236336192304631 ], [ 77.435246058245312, 23.236165492375875 ], [ 77.435071358245324, 23.236122692393732 ], [ 77.435021858245321, 23.236293392322491 ] ] ] } },
{ "type": "Feature", "properties": { }, "geometry": { "type": "Polygon", "coordinates": [ [ [ 77.434241458245324, 23.235623392602104 ], [ 77.434435958245302, 23.235661592586158 ], [ 77.434469658245305, 23.235516792646592 ], [ 77.434275158245299, 23.235478592662531 ], [ 77.434241458245324, 23.235623392602104 ] ] ] } },
{ "type": "Feature", "properties": { }, "geometry": { "type": "Polygon", "coordinates": [ [ [ 77.442140058245329, 23.237845791674609 ], [ 77.44224935824532, 23.23784949167306 ], [ 77.442255458245313, 23.237696291736999 ], [ 77.442146158245308, 23.237692591738536 ], [ 77.442140058245329, 23.237845791674609 ] ] ] } },
{ "type": "Feature", "properties": { }, "geometry": { "type": "Polygon", "coordinates": [ [ [ 77.4346789582453, 23.236224792351123 ], [ 77.434867458245307, 23.236272192331342 ], [ 77.434898258245326, 23.236168692374537 ], [ 77.434709858245327, 23.236121292394319 ], [ 77.4346789582453, 23.236224792351123 ] ] ] } },
{ "type": "Feature", "properties": { }, "geometry": { "type": "Polygon", "coordinates": [ [ [ 77.437436558245309, 23.235206092776249 ], [ 77.437425358245321, 23.235280692745121 ], [ 77.437575158245295, 23.235299692737193 ], [ 77.437586358245312, 23.235225192768283 ], [ 77.437436558245309, 23.235206092776249 ] ] ] } },
{ "type": "Feature", "properties": { }, "geometry": { "type": "Polygon", "coordinates": [ [ [ 77.440570658245321, 23.233517193481028 ], [ 77.440678058245325, 23.233497593489208 ], [ 77.440629758245322, 23.233274493582307 ], [ 77.440522358245303, 23.233294193574089 ], [ 77.440570658245321, 23.233517193481028 ] ] ] } },
{ "type": "Feature", "properties": { }, "geometry": { "type": "Polygon", "coordinates": [ [ [ 77.435565858245312, 23.237297291903531 ], [ 77.435549458245305, 23.237376191870595 ], [ 77.435663658245318, 23.237396091862287 ], [ 77.435679958245302, 23.237317191895219 ], [ 77.435565858245312, 23.237297291903531 ] ] ] } },
{ "type": "Feature", "properties": { }, "geometry": { "type": "Polygon", "coordinates": [ [ [ 77.442104158245314, 23.236110692398743 ], [ 77.442182758245309, 23.236141892385714 ], [ 77.442233458245312, 23.236033792430835 ], [ 77.442154858245317, 23.236002692443808 ], [ 77.442104158245314, 23.236110692398743 ] ] ] } },
{ "type": "Feature", "properties": { }, "geometry": { "type": "Polygon", "coordinates": [ [ [ 77.434745358245308, 23.235726892558912 ], [ 77.434876258245311, 23.235756592546522 ], [ 77.434931458245316, 23.235550892632357 ], [ 77.434800658245308, 23.235521192644757 ], [ 77.434745358245308, 23.235726892558912 ] ] ] } },
{ "type": "Feature", "properties": { }, "geometry": { "type": "Polygon", "coordinates": [ [ [ 77.433815958245305, 23.233798993363436 ], [ 77.434122458245312, 23.23401149327476 ], [ 77.434258158245314, 23.233846393343661 ], [ 77.43395165824532, 23.233633793432372 ], [ 77.433815958245305, 23.233798993363436 ] ] ] } },
{ "type": "Feature", "properties": { }, "geometry": { "type": "Polygon", "coordinates": [ [ [ 77.442297958245319, 23.234982792869438 ], [ 77.442445458245302, 23.234987092867645 ], [ 77.442448558245303, 23.234898992904405 ], [ 77.44230105824532, 23.234894692906206 ], [ 77.442297958245319, 23.234982792869438 ] ] ] } },
{ "type": "Feature", "properties": { }, "geometry": { "type": "Polygon", "coordinates": [ [ [ 77.434882858245317, 23.237314791896225 ], [ 77.434991458245321, 23.237333891888248 ], [ 77.43502545824532, 23.237170591956406 ], [ 77.434916858245302, 23.237151491964372 ], [ 77.434882858245317, 23.237314791896225 ] ] ] } },
{ "type": "Feature", "properties": { }, "geometry": { "type": "Polygon", "coordinates": [ [ [ 77.440203658245295, 23.234137793222057 ], [ 77.440306858245307, 23.234117193230652 ], [ 77.440261758245313, 23.233926293310319 ], [ 77.440158458245321, 23.233946993301679 ], [ 77.440203658245295, 23.234137793222057 ] ] ] } },
{ "type": "Feature", "properties": { }, "geometry": { "type": "Polygon", "coordinates": [ [ [ 77.438112858245304, 23.235952792464634 ], [ 77.438260358245302, 23.235968092458251 ], [ 77.43827275824529, 23.23586729250032 ], [ 77.438125358245316, 23.235851992506706 ], [ 77.438112858245304, 23.235952792464634 ] ] ] } },
{ "type": "Feature", "properties": { }, "geometry": { "type": "Polygon", "coordinates": [ [ [ 77.435074358245302, 23.236118192395612 ], [ 77.435280458245302, 23.236170492373784 ], [ 77.435309258245312, 23.236074592413807 ], [ 77.435103158245312, 23.236022292435631 ], [ 77.435074358245302, 23.236118192395612 ] ] ] } },
{ "type": "Feature", "properties": { }, "geometry": { "type": "Polygon", "coordinates": [ [ [ 77.434658158245313, 23.236307392316647 ], [ 77.434849358245302, 23.236352992297618 ], [ 77.434869558245325, 23.236281192327581 ], [ 77.43467845824533, 23.236235592346613 ], [ 77.434658158245313, 23.236307392316647 ] ] ] } },
{ "type": "Feature", "properties": { }, "geometry": { "type": "Polygon", "coordinates": [ [ [ 77.440685258245324, 23.233499993488206 ], [ 77.440917358245315, 23.233460993504483 ], [ 77.440875158245319, 23.233248393593197 ], [ 77.440643058245328, 23.233287393576923 ], [ 77.440685258245324, 23.233499993488206 ] ] ] } },
{ "type": "Feature", "properties": { }, "geometry": { "type": "Polygon", "coordinates": [ [ [ 77.439597358245308, 23.236138692387055 ], [ 77.439608058245312, 23.236011492440134 ], [ 77.439536758245325, 23.23600639244227 ], [ 77.439526058245306, 23.236133592389184 ], [ 77.439597358245308, 23.236138692387055 ] ] ] } },
{ "type": "Feature", "properties": { }, "geometry": { "type": "Polygon", "coordinates": [ [ [ 77.435238258245306, 23.23429049315834 ], [ 77.435368958245292, 23.234325593143694 ], [ 77.435388858245318, 23.234262893169856 ], [ 77.435258258245327, 23.234227793184502 ], [ 77.435238258245306, 23.23429049315834 ] ] ] } },
{ "type": "Feature", "properties": { }, "geometry": { "type": "Polygon", "coordinates": [ [ [ 77.439177858245316, 23.23455329304867 ], [ 77.439314658245323, 23.2345723930407 ], [ 77.439335858245329, 23.234444493094077 ], [ 77.439199058245308, 23.234425393102043 ], [ 77.439177858245316, 23.23455329304867 ] ] ] } },
{ "type": "Feature", "properties": { }, "geometry": { "type": "Polygon", "coordinates": [ [ [ 77.435143358245327, 23.237554191796306 ], [ 77.435176158245312, 23.237386591866255 ], [ 77.435086158245326, 23.237371691872468 ], [ 77.435053358245341, 23.237539291802523 ], [ 77.435143358245327, 23.237554191796306 ] ] ] } },
{ "type": "Feature", "properties": { }, "geometry": { "type": "Polygon", "coordinates": [ [ [ 77.438424358245314, 23.236629892182062 ], [ 77.438441758245318, 23.236528892224207 ], [ 77.438365858245319, 23.236517792228845 ], [ 77.438348458245329, 23.236618892186652 ], [ 77.438424358245314, 23.236629892182062 ] ] ] } },
{ "type": "Feature", "properties": { }, "geometry": { "type": "Polygon", "coordinates": [ [ [ 77.441274358245323, 23.232201694029964 ], [ 77.441395758245321, 23.232203494029211 ], [ 77.441397058245329, 23.232122794062882 ], [ 77.441275758245311, 23.232120994063632 ], [ 77.441274358245323, 23.232201694029964 ] ] ] } },
{ "type": "Feature", "properties": { }, "geometry": { "type": "Polygon", "coordinates": [ [ [ 77.435285258245329, 23.234160493212585 ], [ 77.435417558245291, 23.234195993197773 ], [ 77.435435258245292, 23.234140493220934 ], [ 77.435302958245302, 23.234104893235791 ], [ 77.435285258245329, 23.234160493212585 ] ] ] } },
{ "type": "Feature", "properties": { }, "geometry": { "type": "Polygon", "coordinates": [ [ [ 77.438070158245296, 23.236118792395356 ], [ 77.43821855824531, 23.236138092387307 ], [ 77.438233658245323, 23.236040292428118 ], [ 77.438085258245323, 23.236020892436212 ], [ 77.438070158245296, 23.236118792395356 ] ] ] } },
{ "type": "Feature", "properties": { }, "geometry": { "type": "Polygon", "coordinates": [ [ [ 77.433708058245301, 23.233899993321298 ], [ 77.434019858245307, 23.234125493227193 ], [ 77.434111058245307, 23.234019093271595 ], [ 77.433799158245321, 23.233793593365696 ], [ 77.433708058245301, 23.233899993321298 ] ] ] } },
{ "type": "Feature", "properties": { }, "geometry": { "type": "Polygon", "coordinates": [ [ [ 77.434500158245314, 23.236933992055146 ], [ 77.434695158245319, 23.2369690920405 ], [ 77.434717358245322, 23.236864992083941 ], [ 77.434522358245317, 23.236829792098636 ], [ 77.434500158245314, 23.236933992055146 ] ] ] } },
{ "type": "Feature", "properties": { }, "geometry": { "type": "Polygon", "coordinates": [ [ [ 77.434975458245319, 23.236743992134443 ], [ 77.434941058245315, 23.236918092061781 ], [ 77.435049658245319, 23.236936292054192 ], [ 77.435084058245309, 23.236762192126843 ], [ 77.434975458245319, 23.236743992134443 ] ] ] } },
{ "type": "Feature", "properties": { }, "geometry": { "type": "Polygon", "coordinates": [ [ [ 77.43349685824532, 23.234192093199407 ], [ 77.433799858245322, 23.234387993117643 ], [ 77.433906158245307, 23.23424929317553 ], [ 77.433603058245311, 23.234053293257322 ], [ 77.43349685824532, 23.234192093199407 ] ] ] } },
{ "type": "Feature", "properties": { }, "geometry": { "type": "Polygon", "coordinates": [ [ [ 77.441157358245306, 23.233401393529359 ], [ 77.441258458245329, 23.233388393534781 ], [ 77.441226958245323, 23.2331812936212 ], [ 77.441125858245314, 23.233194293615774 ], [ 77.441157358245306, 23.233401393529359 ] ] ] } },
{ "type": "Feature", "properties": { }, "geometry": { "type": "Polygon", "coordinates": [ [ [ 77.436678758245321, 23.232570793875947 ], [ 77.436620758245326, 23.232780493788443 ], [ 77.436807658245314, 23.232825393769705 ], [ 77.436868558245322, 23.232603993862096 ], [ 77.436678758245321, 23.232570793875947 ] ] ] } },
{ "type": "Feature", "properties": { }, "geometry": { "type": "Polygon", "coordinates": [ [ [ 77.442376058245316, 23.237681891743012 ], [ 77.442486158245302, 23.237684791741799 ], [ 77.442491558245322, 23.237515991812245 ], [ 77.442381458245322, 23.237512991813496 ], [ 77.442376058245316, 23.237681891743012 ] ] ] } },
{ "type": "Feature", "properties": { }, "geometry": { "type": "Polygon", "coordinates": [ [ [ 77.43515375824532, 23.235815392521975 ], [ 77.435337258245298, 23.235853092506247 ], [ 77.435390858245327, 23.235633192598016 ], [ 77.435207358245307, 23.235595392613789 ], [ 77.43515375824532, 23.235815392521975 ] ] ] } },
{ "type": "Feature", "properties": { }, "geometry": { "type": "Polygon", "coordinates": [ [ [ 77.435482858245308, 23.237624891766803 ], [ 77.435593458245336, 23.237649491756532 ], [ 77.435616958245305, 23.237560491793676 ], [ 77.435506258245326, 23.237535791803985 ], [ 77.435482858245308, 23.237624891766803 ] ] ] } },
{ "type": "Feature", "properties": { }, "geometry": { "type": "Polygon", "coordinates": [ [ [ 77.439306658245314, 23.236254192338855 ], [ 77.439408958245323, 23.236262992335181 ], [ 77.43942105824533, 23.236144092384801 ], [ 77.439318758245307, 23.236135292388472 ], [ 77.439306658245314, 23.236254192338855 ] ] ] } },
{ "type": "Feature", "properties": { }, "geometry": { "type": "Polygon", "coordinates": [ [ [ 77.439310358245308, 23.235184892785092 ], [ 77.439405958245302, 23.235193992781305 ], [ 77.439422658245334, 23.235046092843021 ], [ 77.439327058245325, 23.235036992846823 ], [ 77.439310358245308, 23.235184892785092 ] ] ] } },
{ "type": "Feature", "properties": { }, "geometry": { "type": "Polygon", "coordinates": [ [ [ 77.440986058245315, 23.23154389430443 ], [ 77.441111058245312, 23.231544194304306 ], [ 77.441111358245308, 23.231464994337355 ], [ 77.440986258245317, 23.231464694337479 ], [ 77.440986058245315, 23.23154389430443 ] ] ] } },
{ "type": "Feature", "properties": { }, "geometry": { "type": "Polygon", "coordinates": [ [ [ 77.435886858245325, 23.235882092494148 ], [ 77.435991458245297, 23.235901792485919 ], [ 77.436016458245319, 23.23578979253266 ], [ 77.435911858245305, 23.235770092540882 ], [ 77.435886858245325, 23.235882092494148 ] ] ] } },
{ "type": "Feature", "properties": { }, "geometry": { "type": "Polygon", "coordinates": [ [ [ 77.436935758245312, 23.237490091823059 ], [ 77.437059158245305, 23.237515291812542 ], [ 77.437077858245303, 23.237437891844841 ], [ 77.436954558245333, 23.237412691855361 ], [ 77.436935758245312, 23.237490091823059 ] ] ] } },
{ "type": "Feature", "properties": { }, "geometry": { "type": "Polygon", "coordinates": [ [ [ 77.435289158245325, 23.234096193239417 ], [ 77.435434958245324, 23.234135393223063 ], [ 77.435456858245288, 23.23406669325173 ], [ 77.435311058245304, 23.234027493268091 ], [ 77.435289158245325, 23.234096193239417 ] ] ] } },
{ "type": "Feature", "properties": { }, "geometry": { "type": "Polygon", "coordinates": [ [ [ 77.434304858245312, 23.235367692708813 ], [ 77.434498958245314, 23.235405892692874 ], [ 77.434516058245322, 23.235332492723497 ], [ 77.43432195824532, 23.235294192739484 ], [ 77.434304858245312, 23.235367692708813 ] ] ] } },
{ "type": "Feature", "properties": { }, "geometry": { "type": "Polygon", "coordinates": [ [ [ 77.440102258245318, 23.232561193879953 ], [ 77.44027145824532, 23.232587093869142 ], [ 77.44029155824532, 23.232479893913872 ], [ 77.44014315824532, 23.232331393975837 ], [ 77.440102258245318, 23.232561193879953 ] ] ] } },
{ "type": "Feature", "properties": { }, "geometry": { "type": "Polygon", "coordinates": [ [ [ 77.44233115824531, 23.236983792034362 ], [ 77.442462958245315, 23.236987792032693 ], [ 77.442465858245328, 23.236907592066164 ], [ 77.442334058245308, 23.236903592067833 ], [ 77.44233115824531, 23.236983792034362 ] ] ] } },
{ "type": "Feature", "properties": { }, "geometry": { "type": "Polygon", "coordinates": [ [ [ 77.438785558245328, 23.234976292872147 ], [ 77.438807058245317, 23.234855292922639 ], [ 77.438679958245316, 23.234836192930615 ], [ 77.438658458245328, 23.23495719288012 ], [ 77.438785558245328, 23.234976292872147 ] ] ] } },
{ "type": "Feature", "properties": { }, "geometry": { "type": "Polygon", "coordinates": [ [ [ 77.434605258245313, 23.236524292226125 ], [ 77.434805758245318, 23.236569892207097 ], [ 77.434830258245327, 23.236478892245078 ], [ 77.434629758245308, 23.23643329226411 ], [ 77.434605258245313, 23.236524292226125 ] ] ] } },
{ "type": "Feature", "properties": { }, "geometry": { "type": "Polygon", "coordinates": [ [ [ 77.442247358245325, 23.237681191743306 ], [ 77.442363458245325, 23.237687091740838 ], [ 77.442374258245337, 23.237507791815677 ], [ 77.442258058245315, 23.237501891818127 ], [ 77.442247358245325, 23.237681191743306 ] ] ] } },
{ "type": "Feature", "properties": { }, "geometry": { "type": "Polygon", "coordinates": [ [ [ 77.435196058245339, 23.237566691791091 ], [ 77.435400058245307, 23.237610991772598 ], [ 77.435426658245333, 23.237507691815715 ], [ 77.435222558245329, 23.237463391834201 ], [ 77.435196058245339, 23.237566691791091 ] ] ] } },
{ "type": "Feature", "properties": { }, "geometry": { "type": "Polygon", "coordinates": [ [ [ 77.440548458245303, 23.234058793255024 ], [ 77.440648658245308, 23.234037493263912 ], [ 77.440599758245327, 23.233843393344916 ], [ 77.440499558245307, 23.233864693336027 ], [ 77.440548458245303, 23.234058793255024 ] ] ] } },
{ "type": "Feature", "properties": { }, "geometry": { "type": "Polygon", "coordinates": [ [ [ 77.438175758245322, 23.236811892106104 ], [ 77.438405058245309, 23.236854392088365 ], [ 77.438421058245297, 23.236781392118832 ], [ 77.438191758245324, 23.236738892136568 ], [ 77.438175758245322, 23.236811892106104 ] ] ] } },
{ "type": "Feature", "properties": { }, "geometry": { "type": "Polygon", "coordinates": [ [ [ 77.439423858245306, 23.235200992778378 ], [ 77.439506758245329, 23.235207692775582 ], [ 77.439519758245311, 23.235072092832166 ], [ 77.43943685824533, 23.235065392834969 ], [ 77.439423858245306, 23.235200992778378 ] ] ] } },
{ "type": "Feature", "properties": { }, "geometry": { "type": "Polygon", "coordinates": [ [ [ 77.435394958245311, 23.235807792525144 ], [ 77.435539658245318, 23.235830592515633 ], [ 77.435562458245329, 23.235708592566549 ], [ 77.435417758245322, 23.235685792576067 ], [ 77.435394958245311, 23.235807792525144 ] ] ] } },
{ "type": "Feature", "properties": { }, "geometry": { "type": "Polygon", "coordinates": [ [ [ 77.43711275824532, 23.23648569224224 ], [ 77.437273658245289, 23.236504192234523 ], [ 77.437283858245308, 23.236429292265782 ], [ 77.437122958245325, 23.236410792273503 ], [ 77.43711275824532, 23.23648569224224 ] ] ] } },
{ "type": "Feature", "properties": { }, "geometry": { "type": "Polygon", "coordinates": [ [ [ 77.440213258245308, 23.233552293466385 ], [ 77.440330958245312, 23.233528993476106 ], [ 77.440284658245318, 23.233331793558399 ], [ 77.440166958245328, 23.233355193548636 ], [ 77.440213258245308, 23.233552293466385 ] ] ] } },
{ "type": "Feature", "properties": { }, "geometry": { "type": "Polygon", "coordinates": [ [ [ 77.43868635824532, 23.234766392959745 ], [ 77.438809458245316, 23.234786192951482 ], [ 77.438835758245318, 23.234648693008861 ], [ 77.438712658245308, 23.234628893017128 ], [ 77.43868635824532, 23.234766392959745 ] ] ] } },
{ "type": "Feature", "properties": { }, "geometry": { "type": "Polygon", "coordinates": [ [ [ 77.434590258245322, 23.235965192459457 ], [ 77.434633058245311, 23.235786592533998 ], [ 77.434523558245317, 23.23576439254326 ], [ 77.434480758245329, 23.235943092468684 ], [ 77.434590258245322, 23.235965192459457 ] ] ] } },
{ "type": "Feature", "properties": { }, "geometry": { "type": "Polygon", "coordinates": [ [ [ 77.434933158245329, 23.23659359219721 ], [ 77.435116158245307, 23.236629792182097 ], [ 77.435138758245316, 23.236533192222421 ], [ 77.434955758245309, 23.23649699223752 ], [ 77.434933158245329, 23.23659359219721 ] ] ] } },
{ "type": "Feature", "properties": { }, "geometry": { "type": "Polygon", "coordinates": [ [ [ 77.441271058245306, 23.232302393987936 ], [ 77.441393358245321, 23.232305493986647 ], [ 77.441396058245317, 23.232214894024452 ], [ 77.441273658245322, 23.232211794025741 ], [ 77.441271058245306, 23.232302393987936 ] ] ] } },
{ "type": "Feature", "properties": { }, "geometry": { "type": "Polygon", "coordinates": [ [ [ 77.438963358245317, 23.235593992614376 ], [ 77.439098758245336, 23.235616192605107 ], [ 77.439117258245304, 23.235520592645006 ], [ 77.438981858245327, 23.235498492654234 ], [ 77.438963358245317, 23.235593992614376 ] ] ] } },
{ "type": "Feature", "properties": { }, "geometry": { "type": "Polygon", "coordinates": [ [ [ 77.441259558245321, 23.233373793540874 ], [ 77.441378258245308, 23.233358193547378 ], [ 77.441348258245313, 23.233165193627919 ], [ 77.441229558245325, 23.233180793621404 ], [ 77.441259558245321, 23.233373793540874 ] ] ] } },
{ "type": "Feature", "properties": { }, "geometry": { "type": "Polygon", "coordinates": [ [ [ 77.434937758245312, 23.236934892054773 ], [ 77.434901958245305, 23.237102491984828 ], [ 77.435012058245306, 23.23712239197652 ], [ 77.43504795824532, 23.236954792046465 ], [ 77.434937758245312, 23.236934892054773 ] ] ] } },
{ "type": "Feature", "properties": { }, "geometry": { "type": "Polygon", "coordinates": [ [ [ 77.434677158245321, 23.235681992577646 ], [ 77.434725558245304, 23.235509492649634 ], [ 77.434585758245305, 23.235476392663454 ], [ 77.434537258245328, 23.23564889259146 ], [ 77.434677158245321, 23.235681992577646 ] ] ] } },
{ "type": "Feature", "properties": { }, "geometry": { "type": "Polygon", "coordinates": [ [ [ 77.435683458245322, 23.235852592506458 ], [ 77.435836158245323, 23.235892792489679 ], [ 77.435868758245306, 23.235788192533331 ], [ 77.435716058245305, 23.23574799255011 ], [ 77.435683458245322, 23.235852592506458 ] ] ] } },
{ "type": "Feature", "properties": { }, "geometry": { "type": "Polygon", "coordinates": [ [ [ 77.434822858245312, 23.23599359244761 ], [ 77.434955058245293, 23.236019792436675 ], [ 77.43499595824531, 23.23584519250954 ], [ 77.434863758245314, 23.235818992520478 ], [ 77.434822858245312, 23.23599359244761 ] ] ] } },
{ "type": "Feature", "properties": { }, "geometry": { "type": "Polygon", "coordinates": [ [ [ 77.438749458245312, 23.235140892803461 ], [ 77.438779458245307, 23.234990492866228 ], [ 77.438657758245313, 23.234969992874777 ], [ 77.438627758245318, 23.235120392812011 ], [ 77.438749458245312, 23.235140892803461 ] ] ] } },
{ "type": "Feature", "properties": { }, "geometry": { "type": "Polygon", "coordinates": [ [ [ 77.442183958245323, 23.237051492006106 ], [ 77.442317458245313, 23.237060192002485 ], [ 77.442323458245312, 23.236980692035655 ], [ 77.442190058245302, 23.236972092039242 ], [ 77.442183958245323, 23.237051492006106 ] ] ] } },
{ "type": "Feature", "properties": { }, "geometry": { "type": "Polygon", "coordinates": [ [ [ 77.44072585824533, 23.233040593679902 ], [ 77.440800258245318, 23.233030693684039 ], [ 77.440781858245316, 23.232913193733072 ], [ 77.440707458245328, 23.23292299372898 ], [ 77.44072585824533, 23.233040593679902 ] ] ] } },
{ "type": "Feature", "properties": { }, "geometry": { "type": "Polygon", "coordinates": [ [ [ 77.436776358245325, 23.229058095341589 ], [ 77.436819258245308, 23.228876195417481 ], [ 77.436727658245303, 23.228857995425074 ], [ 77.436684758245306, 23.229039895349182 ], [ 77.436776358245325, 23.229058095341589 ] ] ] } },
{ "type": "Feature", "properties": { }, "geometry": { "type": "Polygon", "coordinates": [ [ [ 77.434897658245305, 23.23572929255791 ], [ 77.435024258245306, 23.235759492545306 ], [ 77.435072558245324, 23.235588192616799 ], [ 77.434945958245322, 23.235558092629358 ], [ 77.434897658245305, 23.23572929255791 ] ] ] } },
{ "type": "Feature", "properties": { }, "geometry": { "type": "Polygon", "coordinates": [ [ [ 77.435316758245307, 23.23402549326892 ], [ 77.435449158245319, 23.234061093254063 ], [ 77.435468858245329, 23.233999093279941 ], [ 77.435336458245303, 23.233963493294794 ], [ 77.435316758245307, 23.23402549326892 ] ] ] } },
{ "type": "Feature", "properties": { }, "geometry": { "type": "Polygon", "coordinates": [ [ [ 77.434634458245313, 23.236386492283643 ], [ 77.434825558245322, 23.236430092265447 ], [ 77.434843658245299, 23.236362892293489 ], [ 77.434652658245327, 23.236319192311733 ], [ 77.434634458245313, 23.236386492283643 ] ] ] } },
{ "type": "Feature", "properties": { }, "geometry": { "type": "Polygon", "coordinates": [ [ [ 77.43677715824532, 23.231565594295375 ], [ 77.436904358245329, 23.231591094284735 ], [ 77.436929658245305, 23.231484294329306 ], [ 77.43680245824531, 23.23145879433994 ], [ 77.43677715824532, 23.231565594295375 ] ] ] } },
{ "type": "Feature", "properties": { }, "geometry": { "type": "Polygon", "coordinates": [ [ [ 77.442335858245315, 23.236898692069879 ], [ 77.442470258245322, 23.236903392067916 ], [ 77.442472958245304, 23.236838392095045 ], [ 77.442338458245317, 23.236833792096956 ], [ 77.442335858245315, 23.236898692069879 ] ] ] } },
{ "type": "Feature", "properties": { }, "geometry": { "type": "Polygon", "coordinates": [ [ [ 77.433315058245313, 23.233866093335436 ], [ 77.433518058245312, 23.234010893275013 ], [ 77.43358015824532, 23.233941393304018 ], [ 77.433380358245316, 23.233792293366236 ], [ 77.433315058245313, 23.233866093335436 ] ] ] } },
{ "type": "Feature", "properties": { }, "geometry": { "type": "Polygon", "coordinates": [ [ [ 77.435271758245307, 23.237323991892385 ], [ 77.435358758245329, 23.237340991885286 ], [ 77.435379558245316, 23.237250991922853 ], [ 77.435292558245294, 23.237234091929896 ], [ 77.435271758245307, 23.237323991892385 ] ] ] } },
{ "type": "Feature", "properties": { }, "geometry": { "type": "Polygon", "coordinates": [ [ [ 77.438054058245328, 23.236345192300874 ], [ 77.438199258245305, 23.236367792291443 ], [ 77.438218858245307, 23.236260992336014 ], [ 77.438073758245309, 23.236238492345407 ], [ 77.438054058245328, 23.236345192300874 ] ] ] } },
{ "type": "Feature", "properties": { }, "geometry": { "type": "Polygon", "coordinates": [ [ [ 77.43561375824531, 23.236018792437093 ], [ 77.435784458245308, 23.236049792424154 ], [ 77.435806358245316, 23.235947992466645 ], [ 77.435635758245311, 23.235916992479574 ], [ 77.43561375824531, 23.236018792437093 ] ] ] } },
{ "type": "Feature", "properties": { }, "geometry": { "type": "Polygon", "coordinates": [ [ [ 77.440623858245317, 23.233044793678161 ], [ 77.440705458245318, 23.233032393683327 ], [ 77.440684358245306, 23.232915493732115 ], [ 77.440602758245305, 23.232927993726889 ], [ 77.440623858245317, 23.233044793678161 ] ] ] } },
{ "type": "Feature", "properties": { }, "geometry": { "type": "Polygon", "coordinates": [ [ [ 77.433605458245324, 23.234049693258825 ], [ 77.433906658245306, 23.234248693175783 ], [ 77.434009058245309, 23.234121893228693 ], [ 77.433707958245321, 23.233920393312786 ], [ 77.433605458245324, 23.234049693258825 ] ] ] } },
{ "type": "Feature", "properties": { }, "geometry": { "type": "Polygon", "coordinates": [ [ [ 77.434712558245337, 23.235980792452949 ], [ 77.434810958245308, 23.236000392444772 ], [ 77.434855858245314, 23.235809292524518 ], [ 77.434757458245329, 23.23578979253266 ], [ 77.434712558245337, 23.235980792452949 ] ] ] } },
{ "type": "Feature", "properties": { }, "geometry": { "type": "Polygon", "coordinates": [ [ [ 77.433387358245312, 23.234345793135262 ], [ 77.43368445824531, 23.234541793053474 ], [ 77.433791658245298, 23.23440449311077 ], [ 77.433494558245314, 23.234208493192554 ], [ 77.433387358245312, 23.234345793135262 ] ] ] } },
{ "type": "Feature", "properties": { }, "geometry": { "type": "Polygon", "coordinates": [ [ [ 77.435693558245305, 23.236461692252256 ], [ 77.43585175824532, 23.236479292244912 ], [ 77.435866858245291, 23.236364592292784 ], [ 77.435708658245318, 23.236346992300128 ], [ 77.435693558245305, 23.236461692252256 ] ] ] } },
{ "type": "Feature", "properties": { }, "geometry": { "type": "Polygon", "coordinates": [ [ [ 77.442737158245322, 23.237676891745092 ], [ 77.442831658245325, 23.237678691744346 ], [ 77.442835058245294, 23.237530891806024 ], [ 77.442740558245305, 23.237529091806781 ], [ 77.442737158245322, 23.237676891745092 ] ] ] } },
{ "type": "Feature", "properties": { }, "geometry": { "type": "Polygon", "coordinates": [ [ [ 77.434698458245322, 23.235980792452949 ], [ 77.434747358245303, 23.23578979253266 ], [ 77.4346552582453, 23.235769892540969 ], [ 77.434606358245318, 23.235960892461254 ], [ 77.434698458245322, 23.235980792452949 ] ] ] } },
{ "type": "Feature", "properties": { }, "geometry": { "type": "Polygon", "coordinates": [ [ [ 77.44094415824533, 23.234728892975394 ], [ 77.441159358245329, 23.234744892968713 ], [ 77.44117045824531, 23.234619493021043 ], [ 77.440955158245302, 23.234603493027723 ], [ 77.44094415824533, 23.234728892975394 ] ] ] } },
{ "type": "Feature", "properties": { }, "geometry": { "type": "Polygon", "coordinates": [ [ [ 77.436758558245302, 23.231685894245185 ], [ 77.436898658245326, 23.231711494234499 ], [ 77.436921358245314, 23.231606594278272 ], [ 77.436781258245318, 23.231580994288951 ], [ 77.436758558245302, 23.231685894245185 ] ] ] } },
{ "type": "Feature", "properties": { }, "geometry": { "type": "Polygon", "coordinates": [ [ [ 77.442197758245314, 23.236890992073089 ], [ 77.442330158245326, 23.23689839207 ], [ 77.442334658245315, 23.236830092098511 ], [ 77.442202258245302, 23.236822692101594 ], [ 77.442197758245314, 23.236890992073089 ] ] ] } },
{ "type": "Feature", "properties": { }, "geometry": { "type": "Polygon", "coordinates": [ [ [ 77.435148758245305, 23.236634292180224 ], [ 77.435330358245309, 23.236672692164198 ], [ 77.435359058245325, 23.236558092212025 ], [ 77.435177558245329, 23.23651969222805 ], [ 77.435148758245305, 23.236634292180224 ] ] ] } },
{ "type": "Feature", "properties": { }, "geometry": { "type": "Polygon", "coordinates": [ [ [ 77.437296458245328, 23.236506092233729 ], [ 77.437454058245322, 23.236522092227052 ], [ 77.437463258245316, 23.236445492259019 ], [ 77.437305758245316, 23.236429392265737 ], [ 77.437296458245328, 23.236506092233729 ] ] ] } },
{ "type": "Feature", "properties": { }, "geometry": { "type": "Polygon", "coordinates": [ [ [ 77.439349858245322, 23.236121492394233 ], [ 77.439432058245288, 23.236126992391938 ], [ 77.439443058245317, 23.235987992449946 ], [ 77.439360858245308, 23.235982492452244 ], [ 77.439349858245322, 23.236121492394233 ] ] ] } },
{ "type": "Feature", "properties": { }, "geometry": { "type": "Polygon", "coordinates": [ [ [ 77.440873758245317, 23.231546694303265 ], [ 77.440971658245303, 23.231546994303137 ], [ 77.440971858245319, 23.231482894329883 ], [ 77.440873958245305, 23.231482594330007 ], [ 77.440873758245317, 23.231546694303265 ] ] ] } },
{ "type": "Feature", "properties": { }, "geometry": { "type": "Polygon", "coordinates": [ [ [ 77.438969358245316, 23.233669393417518 ], [ 77.439074158245319, 23.233670693416979 ], [ 77.439076158245314, 23.233534493473812 ], [ 77.438971358245325, 23.233533193474354 ], [ 77.438969358245316, 23.233669393417518 ] ] ] } },
{ "type": "Feature", "properties": { }, "geometry": { "type": "Polygon", "coordinates": [ [ [ 77.437678058245311, 23.236592292197749 ], [ 77.437827558245303, 23.236618792186693 ], [ 77.43784275824531, 23.23654629221695 ], [ 77.437693258245304, 23.236519792228009 ], [ 77.437678058245311, 23.236592292197749 ] ] ] } },
{ "type": "Feature", "properties": { }, "geometry": { "type": "Polygon", "coordinates": [ [ [ 77.44119685824532, 23.234783992952398 ], [ 77.441433458245314, 23.234796792947055 ], [ 77.441445158245315, 23.234613193023677 ], [ 77.441208658245301, 23.234600393029019 ], [ 77.44119685824532, 23.234783992952398 ] ] ] } },
{ "type": "Feature", "properties": { }, "geometry": { "type": "Polygon", "coordinates": [ [ [ 77.440041558245326, 23.232882593745835 ], [ 77.4400216582453, 23.233001993696018 ], [ 77.440194758245312, 23.23302639368584 ], [ 77.440214658245324, 23.232906893735695 ], [ 77.440041558245326, 23.232882593745835 ] ] ] } },
{ "type": "Feature", "properties": { }, "geometry": { "type": "Polygon", "coordinates": [ [ [ 77.433176258245325, 23.234057693255483 ], [ 77.433372758245326, 23.234186493201733 ], [ 77.433446258245326, 23.234091793241252 ], [ 77.433249758245324, 23.233962993295009 ], [ 77.433176258245325, 23.234057693255483 ] ] ] } },
{ "type": "Feature", "properties": { }, "geometry": { "type": "Polygon", "coordinates": [ [ [ 77.440437258245325, 23.234087593243011 ], [ 77.440542858245308, 23.2340662932519 ], [ 77.440497858245308, 23.233877893330515 ], [ 77.440392258245325, 23.233899193321626 ], [ 77.440437258245325, 23.234087593243011 ] ] ] } },
{ "type": "Feature", "properties": { }, "geometry": { "type": "Polygon", "coordinates": [ [ [ 77.440813058245325, 23.231706894236421 ], [ 77.440877358245316, 23.23170559423696 ], [ 77.440874058245313, 23.231560494297508 ], [ 77.440809658245314, 23.231561794296965 ], [ 77.440813058245325, 23.231706894236421 ] ] ] } },
{ "type": "Feature", "properties": { }, "geometry": { "type": "Polygon", "coordinates": [ [ [ 77.434701758245325, 23.235014292856288 ], [ 77.434900258245321, 23.235050092841352 ], [ 77.43492715824533, 23.234923992893975 ], [ 77.434728658245319, 23.234888192908915 ], [ 77.434701758245325, 23.235014292856288 ] ] ] } },
{ "type": "Feature", "properties": { }, "geometry": { "type": "Polygon", "coordinates": [ [ [ 77.437994358245319, 23.23503289284853 ], [ 77.438018658245326, 23.234919492895855 ], [ 77.437906058245304, 23.234899192904326 ], [ 77.437881858245319, 23.235012592857 ], [ 77.437994358245319, 23.23503289284853 ] ] ] } },
{ "type": "Feature", "properties": { }, "geometry": { "type": "Polygon", "coordinates": [ [ [ 77.442150458245322, 23.235346892717491 ], [ 77.442296658245326, 23.23535059271595 ], [ 77.442298958245303, 23.235271592748912 ], [ 77.442152858245308, 23.235267892750457 ], [ 77.442150458245322, 23.235346892717491 ] ] ] } },
{ "type": "Feature", "properties": { }, "geometry": { "type": "Polygon", "coordinates": [ [ [ 77.440794858245297, 23.233169693626035 ], [ 77.440867458245307, 23.233161193629588 ], [ 77.440850858245327, 23.233042593679077 ], [ 77.440778358245296, 23.233051093675531 ], [ 77.440794858245297, 23.233169693626035 ] ] ] } },
{ "type": "Feature", "properties": { }, "geometry": { "type": "Polygon", "coordinates": [ [ [ 77.440090558245316, 23.233576393456328 ], [ 77.44019885824531, 23.233559093463548 ], [ 77.440159958245317, 23.23335329354942 ], [ 77.440051658245324, 23.233370593542212 ], [ 77.440090558245316, 23.233576393456328 ] ] ] } },
{ "type": "Feature", "properties": { }, "geometry": { "type": "Polygon", "coordinates": [ [ [ 77.434990758245306, 23.236380392286186 ], [ 77.434963258245318, 23.236488692240993 ], [ 77.435149658245308, 23.23652869222429 ], [ 77.435177258245318, 23.236420392269491 ], [ 77.434990758245306, 23.236380392286186 ] ] ] } },
{ "type": "Feature", "properties": { }, "geometry": { "type": "Polygon", "coordinates": [ [ [ 77.438530658245313, 23.236081492410925 ], [ 77.438560858245296, 23.235945992467478 ], [ 77.438461058245323, 23.235927192475323 ], [ 77.438430958245306, 23.236062792418732 ], [ 77.438530658245313, 23.236081492410925 ] ] ] } },
{ "type": "Feature", "properties": { }, "geometry": { "type": "Polygon", "coordinates": [ [ [ 77.434992158245308, 23.236374192288775 ], [ 77.43517985824532, 23.236418292270365 ], [ 77.435201458245317, 23.236340692302758 ], [ 77.43501365824531, 23.236296692321119 ], [ 77.434992158245308, 23.236374192288775 ] ] ] } },
{ "type": "Feature", "properties": { }, "geometry": { "type": "Polygon", "coordinates": [ [ [ 77.436575958245328, 23.229020195357403 ], [ 77.436618258245304, 23.228840695432286 ], [ 77.436533658245324, 23.228823895439302 ], [ 77.436491358245306, 23.229003395364408 ], [ 77.436575958245328, 23.229020195357403 ] ] ] } },
{ "type": "Feature", "properties": { }, "geometry": { "type": "Polygon", "coordinates": [ [ [ 77.43467765824532, 23.235120892811807 ], [ 77.434872758245319, 23.235156092797119 ], [ 77.434893158245302, 23.235060592836973 ], [ 77.434697958245323, 23.235025492851619 ], [ 77.43467765824532, 23.235120892811807 ] ] ] } },
{ "type": "Feature", "properties": { }, "geometry": { "type": "Polygon", "coordinates": [ [ [ 77.43440685824531, 23.237394891862792 ], [ 77.434599158245319, 23.237422791851149 ], [ 77.434617258245325, 23.237317591895049 ], [ 77.434424958245302, 23.237289691906696 ], [ 77.43440685824531, 23.237394891862792 ] ] ] } },
{ "type": "Feature", "properties": { }, "geometry": { "type": "Polygon", "coordinates": [ [ [ 77.441468858245315, 23.234145393218885 ], [ 77.441599558245329, 23.234147193218138 ], [ 77.441602458245299, 23.233974893290036 ], [ 77.441471758245342, 23.233973093290789 ], [ 77.441468858245315, 23.234145393218885 ] ] ] } },
{ "type": "Feature", "properties": { }, "geometry": { "type": "Polygon", "coordinates": [ [ [ 77.440079758245318, 23.233582493453785 ], [ 77.440045558245316, 23.233373593540954 ], [ 77.439889558245326, 23.233398293530652 ], [ 77.439862058245296, 23.233602893445269 ], [ 77.440079758245318, 23.233582493453785 ] ] ] } },
{ "type": "Feature", "properties": { }, "geometry": { "type": "Polygon", "coordinates": [ [ [ 77.442193358245319, 23.236964592042373 ], [ 77.442322158245304, 23.236972692038989 ], [ 77.442327258245328, 23.236902692068213 ], [ 77.442198458245315, 23.236894692071548 ], [ 77.442193358245319, 23.236964592042373 ] ] ] } },
{ "type": "Feature", "properties": { }, "geometry": { "type": "Polygon", "coordinates": [ [ [ 77.435321058245307, 23.233944693302643 ], [ 77.435458258245319, 23.23398159328724 ], [ 77.43547995824531, 23.233913193315786 ], [ 77.435342758245312, 23.233876293331182 ], [ 77.435321058245307, 23.233944693302643 ] ] ] } },
{ "type": "Feature", "properties": { }, "geometry": { "type": "Polygon", "coordinates": [ [ [ 77.433250758245308, 23.233956293297798 ], [ 77.433451158245319, 23.234092493240958 ], [ 77.433516058245303, 23.234011893274598 ], [ 77.433315558245312, 23.233875693331434 ], [ 77.433250758245308, 23.233956293297798 ] ] ] } },
{ "type": "Feature", "properties": { }, "geometry": { "type": "Polygon", "coordinates": [ [ [ 77.436584758245317, 23.22901749535853 ], [ 77.436680258245303, 23.229036395350644 ], [ 77.436722458245299, 23.228857395425326 ], [ 77.436626958245341, 23.22883839543325 ], [ 77.436584758245317, 23.22901749535853 ] ] ] } },
{ "type": "Feature", "properties": { }, "geometry": { "type": "Polygon", "coordinates": [ [ [ 77.442615458245328, 23.237822991684126 ], [ 77.44270575824531, 23.237827191682367 ], [ 77.442713158245326, 23.237693491738167 ], [ 77.442622858245315, 23.237689291739919 ], [ 77.442615458245328, 23.237822991684126 ] ] ] } },
{ "type": "Feature", "properties": { }, "geometry": { "type": "Polygon", "coordinates": [ [ [ 77.439418958245327, 23.236267192333433 ], [ 77.439513458245315, 23.236276992329341 ], [ 77.439528858245325, 23.236152692381214 ], [ 77.439434258245328, 23.236142892385303 ], [ 77.439418958245327, 23.236267192333433 ] ] ] } },
{ "type": "Feature", "properties": { }, "geometry": { "type": "Polygon", "coordinates": [ [ [ 77.434421458245311, 23.236182892368607 ], [ 77.434609958245304, 23.236222992351873 ], [ 77.434641558245303, 23.236097192404376 ], [ 77.434453158245304, 23.236057192421068 ], [ 77.434421458245311, 23.236182892368607 ] ] ] } },
{ "type": "Feature", "properties": { }, "geometry": { "type": "Polygon", "coordinates": [ [ [ 77.435343758245324, 23.233867793334735 ], [ 77.435483158245304, 23.233895993322964 ], [ 77.43550555824531, 23.23380279336185 ], [ 77.435366158245301, 23.233774593373621 ], [ 77.435343758245324, 23.233867793334735 ] ] ] } },
{ "type": "Feature", "properties": { }, "geometry": { "type": "Polygon", "coordinates": [ [ [ 77.442155858245314, 23.234893392906745 ], [ 77.442288558245309, 23.234894692906206 ], [ 77.442289658245315, 23.23479739294681 ], [ 77.442156858245326, 23.234796192947307 ], [ 77.442155858245314, 23.234893392906745 ] ] ] } },
{ "type": "Feature", "properties": { }, "geometry": { "type": "Polygon", "coordinates": [ [ [ 77.442340158245329, 23.236831692097841 ], [ 77.442472858245324, 23.236835692096168 ], [ 77.442475158245315, 23.236770392123425 ], [ 77.442342458245321, 23.236766392125091 ], [ 77.442340158245329, 23.236831692097841 ] ] ] } },
{ "type": "Feature", "properties": { }, "geometry": { "type": "Polygon", "coordinates": [ [ [ 77.439264758245344, 23.236117092396064 ], [ 77.43934455824531, 23.23612169239415 ], [ 77.43935395824532, 23.235981792452534 ], [ 77.439274158245297, 23.235977292454415 ], [ 77.439264758245344, 23.236117092396064 ] ] ] } },
{ "type": "Feature", "properties": { }, "geometry": { "type": "Polygon", "coordinates": [ [ [ 77.437104758245326, 23.236637892178724 ], [ 77.437250258245314, 23.236656992170751 ], [ 77.437262158245318, 23.236580192202805 ], [ 77.437116658245301, 23.236561092210771 ], [ 77.437104758245326, 23.236637892178724 ] ] ] } },
{ "type": "Feature", "properties": { }, "geometry": { "type": "Polygon", "coordinates": [ [ [ 77.434404758245321, 23.234995892863971 ], [ 77.434379358245309, 23.235098592821114 ], [ 77.434534258245307, 23.235130992807591 ], [ 77.434559658245306, 23.235028192850493 ], [ 77.434404758245321, 23.234995892863971 ] ] ] } },
{ "type": "Feature", "properties": { }, "geometry": { "type": "Polygon", "coordinates": [ [ [ 77.436290158245328, 23.228969995378343 ], [ 77.436333958245328, 23.2287840954559 ], [ 77.43623235824532, 23.228763895464333 ], [ 77.436188658245328, 23.228949795386775 ], [ 77.436290158245328, 23.228969995378343 ] ] ] } },
{ "type": "Feature", "properties": { }, "geometry": { "type": "Polygon", "coordinates": [ [ [ 77.43749135824531, 23.236615192188193 ], [ 77.437474458245305, 23.236690492156775 ], [ 77.437612658245314, 23.236716692145833 ], [ 77.437629658245328, 23.236641392177262 ], [ 77.43749135824531, 23.236615192188193 ] ] ] } },
{ "type": "Feature", "properties": { }, "geometry": { "type": "Polygon", "coordinates": [ [ [ 77.439690958245308, 23.232826193769373 ], [ 77.439831558245288, 23.232849593759614 ], [ 77.43985655824531, 23.232722293812724 ], [ 77.439715958245316, 23.232698993822449 ], [ 77.439690958245308, 23.232826193769373 ] ] ] } },
{ "type": "Feature", "properties": { }, "geometry": { "type": "Polygon", "coordinates": [ [ [ 77.442612158245325, 23.237677191744968 ], [ 77.442731558245328, 23.237679291744094 ], [ 77.442734558245292, 23.237534491804528 ], [ 77.442615158245303, 23.237532391805409 ], [ 77.442612158245325, 23.237677191744968 ] ] ] } },
{ "type": "Feature", "properties": { }, "geometry": { "type": "Polygon", "coordinates": [ [ [ 77.440046158245323, 23.232877393748016 ], [ 77.440218858245288, 23.232900893738208 ], [ 77.440250558245324, 23.232703993820365 ], [ 77.440077758245323, 23.232680493830173 ], [ 77.440046158245323, 23.232877393748016 ] ] ] } },
{ "type": "Feature", "properties": { }, "geometry": { "type": "Polygon", "coordinates": [ [ [ 77.442154458245327, 23.234788092950687 ], [ 77.442293258245314, 23.234790492949685 ], [ 77.442294758245311, 23.234720292978984 ], [ 77.442155958245309, 23.234717892979987 ], [ 77.442154458245327, 23.234788092950687 ] ] ] } },
{ "type": "Feature", "properties": { }, "geometry": { "type": "Polygon", "coordinates": [ [ [ 77.43730345824531, 23.236597192195713 ], [ 77.437294058245328, 23.236670592165076 ], [ 77.437449158245315, 23.236687292158109 ], [ 77.437458558245311, 23.236613892188739 ], [ 77.43730345824531, 23.236597192195713 ] ] ] } },
{ "type": "Feature", "properties": { }, "geometry": { "type": "Polygon", "coordinates": [ [ [ 77.43435515824531, 23.235202892777586 ], [ 77.43454385824532, 23.235240492761896 ], [ 77.434567858245316, 23.235138992804252 ], [ 77.434379058245327, 23.235101392819942 ], [ 77.43435515824531, 23.235202892777586 ] ] ] } },
{ "type": "Feature", "properties": { }, "geometry": { "type": "Polygon", "coordinates": [ [ [ 77.437319958245311, 23.22919249528552 ], [ 77.437527658245315, 23.229242195264781 ], [ 77.437559958245316, 23.229128095312383 ], [ 77.437352258245326, 23.229078395333122 ], [ 77.437319958245311, 23.22919249528552 ] ] ] } },
{ "type": "Feature", "properties": { }, "geometry": { "type": "Polygon", "coordinates": [ [ [ 77.441668958245302, 23.231942894137951 ], [ 77.441812458245323, 23.231949694135103 ], [ 77.441818958245321, 23.231833394183631 ], [ 77.441675458245328, 23.231826594186472 ], [ 77.441668958245302, 23.231942894137951 ] ] ] } },
{ "type": "Feature", "properties": { }, "geometry": { "type": "Polygon", "coordinates": [ [ [ 77.436389558245324, 23.228996895367121 ], [ 77.436433758245329, 23.228809095445474 ], [ 77.436348058245329, 23.22879199545261 ], [ 77.43630385824531, 23.22897989537422 ], [ 77.436389558245324, 23.228996895367121 ] ] ] } },
{ "type": "Feature", "properties": { }, "geometry": { "type": "Polygon", "coordinates": [ [ [ 77.434281658245325, 23.235475192663948 ], [ 77.434473458245307, 23.235512192648514 ], [ 77.434497058245327, 23.23540889269162 ], [ 77.434305258245303, 23.235371892707061 ], [ 77.434281658245325, 23.235475192663948 ] ] ] } },
{ "type": "Feature", "properties": { }, "geometry": { "type": "Polygon", "coordinates": [ [ [ 77.438032258245329, 23.234906892901119 ], [ 77.438061158245318, 23.23476269296129 ], [ 77.437943858245319, 23.234742792969588 ], [ 77.437914958245315, 23.234886992909416 ], [ 77.438032258245329, 23.234906892901119 ] ] ] } },
{ "type": "Feature", "properties": { }, "geometry": { "type": "Polygon", "coordinates": [ [ [ 77.440403658245316, 23.233311393566908 ], [ 77.440453758245326, 23.233536993472772 ], [ 77.440558958245305, 23.233517293480986 ], [ 77.440508958245317, 23.233291693575133 ], [ 77.440403658245316, 23.233311393566908 ] ] ] } },
{ "type": "Feature", "properties": { }, "geometry": { "type": "Polygon", "coordinates": [ [ [ 77.438483058245311, 23.236317492312438 ], [ 77.438519958245308, 23.236165292375951 ], [ 77.438418158245298, 23.236144492384632 ], [ 77.438381258245315, 23.236296692321119 ], [ 77.438483058245311, 23.236317492312438 ] ] ] } },
{ "type": "Feature", "properties": { }, "geometry": { "type": "Polygon", "coordinates": [ [ [ 77.440544858245318, 23.234289293158838 ], [ 77.440670858245326, 23.234272593165809 ], [ 77.440644758245313, 23.234105293235626 ], [ 77.44051865824531, 23.234121893228693 ], [ 77.440544858245318, 23.234289293158838 ] ] ] } },
{ "type": "Feature", "properties": { }, "geometry": { "type": "Polygon", "coordinates": [ [ [ 77.434843258245294, 23.237514391812919 ], [ 77.434949858245304, 23.237534791804404 ], [ 77.434992458245304, 23.23734639188303 ], [ 77.434885858245295, 23.237326091891504 ], [ 77.434843258245294, 23.237514391812919 ] ] ] } },
{ "type": "Feature", "properties": { }, "geometry": { "type": "Polygon", "coordinates": [ [ [ 77.439969858245306, 23.233989193284071 ], [ 77.440014658245332, 23.234167293209747 ], [ 77.440191658245311, 23.234129793225403 ], [ 77.440146858245313, 23.233951593299761 ], [ 77.439969858245306, 23.233989193284071 ] ] ] } },
{ "type": "Feature", "properties": { }, "geometry": { "type": "Polygon", "coordinates": [ [ [ 77.433591458245289, 23.235784792534751 ], [ 77.433899958245306, 23.235826792517219 ], [ 77.433931758245322, 23.235629392599598 ], [ 77.433623358245313, 23.235587392617127 ], [ 77.433591458245289, 23.235784792534751 ] ] ] } },
{ "type": "Feature", "properties": { }, "geometry": { "type": "Polygon", "coordinates": [ [ [ 77.434408658245317, 23.234968292875493 ], [ 77.434602558245302, 23.235013392856665 ], [ 77.434640758245308, 23.234874792914507 ], [ 77.434446958245317, 23.234829692933332 ], [ 77.434408658245317, 23.234968292875493 ] ] ] } },
{ "type": "Feature", "properties": { }, "geometry": { "type": "Polygon", "coordinates": [ [ [ 77.439501058245327, 23.232987193702197 ], [ 77.439632458245327, 23.233005093694725 ], [ 77.439648358245307, 23.232906293735947 ], [ 77.439516958245306, 23.232888393743416 ], [ 77.439501058245327, 23.232987193702197 ] ] ] } },
{ "type": "Feature", "properties": { }, "geometry": { "type": "Polygon", "coordinates": [ [ [ 77.436963258245328, 23.237313191896884 ], [ 77.437093958245313, 23.237340391885535 ], [ 77.437112258245307, 23.237266091916545 ], [ 77.436981458245327, 23.23723899192785 ], [ 77.436963258245328, 23.237313191896884 ] ] ] } },
{ "type": "Feature", "properties": { }, "geometry": { "type": "Polygon", "coordinates": [ [ [ 77.439592658245317, 23.235188592783558 ], [ 77.439679058245318, 23.235192992781723 ], [ 77.439686158245308, 23.235077492829909 ], [ 77.439599658245314, 23.235072992831796 ], [ 77.439592658245317, 23.235188592783558 ] ] ] } },
{ "type": "Feature", "properties": { }, "geometry": { "type": "Polygon", "coordinates": [ [ [ 77.442245058245305, 23.236324192309638 ], [ 77.442305758245311, 23.236211992356466 ], [ 77.442224258245304, 23.23617479237199 ], [ 77.442163558245298, 23.236286992325166 ], [ 77.442245058245305, 23.236324192309638 ] ] ] } },
{ "type": "Feature", "properties": { }, "geometry": { "type": "Polygon", "coordinates": [ [ [ 77.435254558245319, 23.234221993186921 ], [ 77.435394358245318, 23.234259593171235 ], [ 77.435411858245303, 23.234204593194185 ], [ 77.435271958245323, 23.23416709320983 ], [ 77.435254558245319, 23.234221993186921 ] ] ] } },
{ "type": "Feature", "properties": { }, "geometry": { "type": "Polygon", "coordinates": [ [ [ 77.442191058245328, 23.236553392213992 ], [ 77.442351958245311, 23.236565092209105 ], [ 77.442364358245328, 23.236420792269325 ], [ 77.442203458245316, 23.236409092274208 ], [ 77.442191058245328, 23.236553392213992 ] ] ] } },
{ "type": "Feature", "properties": { }, "geometry": { "type": "Polygon", "coordinates": [ [ [ 77.435524358245303, 23.237380091868971 ], [ 77.435550058245326, 23.23728649190803 ], [ 77.435462558245305, 23.237266191916504 ], [ 77.435436958245319, 23.2373598918774 ], [ 77.435524358245303, 23.237380091868971 ] ] ] } },
{ "type": "Feature", "properties": { }, "geometry": { "type": "Polygon", "coordinates": [ [ [ 77.441035858245314, 23.233386493535573 ], [ 77.4411471582453, 23.233369393542713 ], [ 77.441114458245309, 23.233189693617692 ], [ 77.441003158245323, 23.23320679361056 ], [ 77.441035858245314, 23.233386493535573 ] ] ] } },
{ "type": "Feature", "properties": { }, "geometry": { "type": "Polygon", "coordinates": [ [ [ 77.433748558245327, 23.236551992214569 ], [ 77.433980658245304, 23.236553792213812 ], [ 77.433982158245328, 23.236386392283677 ], [ 77.433750158245317, 23.236384592284434 ], [ 77.433748558245327, 23.236551992214569 ] ] ] } },
{ "type": "Feature", "properties": { }, "geometry": { "type": "Polygon", "coordinates": [ [ [ 77.436782058245328, 23.229062895339588 ], [ 77.436889058245328, 23.229084195330692 ], [ 77.436932258245307, 23.228901095407092 ], [ 77.436825158245327, 23.228879795415981 ], [ 77.436782058245328, 23.229062895339588 ] ] ] } },
{ "type": "Feature", "properties": { }, "geometry": { "type": "Polygon", "coordinates": [ [ [ 77.442491458245314, 23.237675091745842 ], [ 77.442590058245315, 23.237678891744263 ], [ 77.442597458245302, 23.237518091811371 ], [ 77.442498758245321, 23.237514291812964 ], [ 77.442491458245314, 23.237675091745842 ] ] ] } },
{ "type": "Feature", "properties": { }, "geometry": { "type": "Polygon", "coordinates": [ [ [ 77.435510958245317, 23.237520691810289 ], [ 77.435622258245331, 23.237544191800477 ], [ 77.435645558245326, 23.237450891839416 ], [ 77.435534158245304, 23.237427491849186 ], [ 77.435510958245317, 23.237520691810289 ] ] ] } },
{ "type": "Feature", "properties": { }, "geometry": { "type": "Polygon", "coordinates": [ [ [ 77.436678758245321, 23.232570793875947 ], [ 77.436868558245322, 23.232603993862096 ], [ 77.436890558245324, 23.232497793906401 ], [ 77.436700758245308, 23.232464493920304 ], [ 77.436678758245321, 23.232570793875947 ] ] ] } },
{ "type": "Feature", "properties": { }, "geometry": { "type": "Polygon", "coordinates": [ [ [ 77.436955358245328, 23.237405891858199 ], [ 77.437078958245323, 23.237429991848142 ], [ 77.437096158245311, 23.237355391879284 ], [ 77.436972558245316, 23.237331291889333 ], [ 77.436955358245328, 23.237405891858199 ] ] ] } },
{ "type": "Feature", "properties": { }, "geometry": { "type": "Polygon", "coordinates": [ [ [ 77.439513858245306, 23.235194092781263 ], [ 77.439584758245303, 23.235199692778924 ], [ 77.43959675824533, 23.235069292833344 ], [ 77.439525958245326, 23.235063792835636 ], [ 77.439513858245306, 23.235194092781263 ] ] ] } },
{ "type": "Feature", "properties": { }, "geometry": { "type": "Polygon", "coordinates": [ [ [ 77.442335658245327, 23.236362092293824 ], [ 77.442395358245307, 23.236253192339277 ], [ 77.442316058245325, 23.236216492354586 ], [ 77.442256358245302, 23.236325392309144 ], [ 77.442335658245327, 23.236362092293824 ] ] ] } },
{ "type": "Feature", "properties": { }, "geometry": { "type": "Polygon", "coordinates": [ [ [ 77.436479058245325, 23.229012995360407 ], [ 77.436521958245308, 23.228830895436378 ], [ 77.436440158245304, 23.228814595443179 ], [ 77.436397258245307, 23.228996795367166 ], [ 77.436479058245325, 23.229012995360407 ] ] ] } },
{ "type": "Feature", "properties": { }, "geometry": { "type": "Polygon", "coordinates": [ [ [ 77.439161058245318, 23.236100992402793 ], [ 77.439248858245307, 23.236104592401286 ], [ 77.439255458245313, 23.235969892457504 ], [ 77.43916765824531, 23.235966292459004 ], [ 77.439161058245318, 23.236100992402793 ] ] ] } },
{ "type": "Feature", "properties": { }, "geometry": { "type": "Polygon", "coordinates": [ [ [ 77.439601158245324, 23.232343893970622 ], [ 77.439779658245314, 23.232368993960151 ], [ 77.439799058245299, 23.232253094008513 ], [ 77.439620458245329, 23.232227994018984 ], [ 77.439601158245324, 23.232343893970622 ] ] ] } },
{ "type": "Feature", "properties": { }, "geometry": { "type": "Polygon", "coordinates": [ [ [ 77.435098058245302, 23.234110693233372 ], [ 77.435254358245302, 23.234147693217931 ], [ 77.435271258245308, 23.234087293243135 ], [ 77.435115058245302, 23.234050293258576 ], [ 77.435098058245302, 23.234110693233372 ] ] ] } },
{ "type": "Feature", "properties": { }, "geometry": { "type": "Polygon", "coordinates": [ [ [ 77.442327158245305, 23.237069091998762 ], [ 77.442459258245293, 23.237076491995676 ], [ 77.442464458245311, 23.236997392028684 ], [ 77.442332358245309, 23.236989992031784 ], [ 77.442327158245305, 23.237069091998762 ] ] ] } },
{ "type": "Feature", "properties": { }, "geometry": { "type": "Polygon", "coordinates": [ [ [ 77.435109358245313, 23.236009492440974 ], [ 77.435308458245316, 23.236057992420733 ], [ 77.435334458245308, 23.235967992458292 ], [ 77.435135358245319, 23.235919492478533 ], [ 77.435109358245313, 23.236009492440974 ] ] ] } },
{ "type": "Feature", "properties": { }, "geometry": { "type": "Polygon", "coordinates": [ [ [ 77.439441058245322, 23.236128192391437 ], [ 77.439524358245308, 23.236132992389443 ], [ 77.43953365824531, 23.235996292446487 ], [ 77.439450458245332, 23.235991392448526 ], [ 77.439441058245322, 23.236128192391437 ] ] ] } },
{ "type": "Feature", "properties": { }, "geometry": { "type": "Polygon", "coordinates": [ [ [ 77.440552858245312, 23.232733693807972 ], [ 77.440693658245323, 23.232753493799709 ], [ 77.440710658245308, 23.23265099384248 ], [ 77.440569858245311, 23.232631293850702 ], [ 77.440552858245312, 23.232733693807972 ] ] ] } },
{ "type": "Feature", "properties": { }, "geometry": { "type": "Polygon", "coordinates": [ [ [ 77.438446458245323, 23.236503592234765 ], [ 77.438467258245311, 23.236390892281804 ], [ 77.43839105824533, 23.236378992286767 ], [ 77.438370258245342, 23.236491792239697 ], [ 77.438446458245323, 23.236503592234765 ] ] ] } },
{ "type": "Feature", "properties": { }, "geometry": { "type": "Polygon", "coordinates": [ [ [ 77.439746858245314, 23.232584793870103 ], [ 77.439914458245326, 23.232605793861342 ], [ 77.439925858245317, 23.232528993893389 ], [ 77.43975825824532, 23.23250799390215 ], [ 77.439746858245314, 23.232584793870103 ] ] ] } },
{ "type": "Feature", "properties": { }, "geometry": { "type": "Polygon", "coordinates": [ [ [ 77.442257358245328, 23.237867891665381 ], [ 77.442374758245322, 23.237871591663836 ], [ 77.44238045824531, 23.237718491727726 ], [ 77.442263158245311, 23.237714791729275 ], [ 77.442257358245328, 23.237867891665381 ] ] ] } },
{ "type": "Feature", "properties": { }, "geometry": { "type": "Polygon", "coordinates": [ [ [ 77.439792358245327, 23.232373893958112 ], [ 77.439949558245303, 23.232395793948967 ], [ 77.439969458245315, 23.232275093999334 ], [ 77.43981235824532, 23.232253194008472 ], [ 77.439792358245327, 23.232373893958112 ] ] ] } },
{ "type": "Feature", "properties": { }, "geometry": { "type": "Polygon", "coordinates": [ [ [ 77.435267058245316, 23.237470991831032 ], [ 77.435358458245318, 23.237481291826732 ], [ 77.435368658245324, 23.237405291858451 ], [ 77.435277358245301, 23.237394891862792 ], [ 77.435267058245316, 23.237470991831032 ] ] ] } },
{ "type": "Feature", "properties": { }, "geometry": { "type": "Polygon", "coordinates": [ [ [ 77.441470858245324, 23.234789492950103 ], [ 77.441727558245304, 23.234803892944093 ], [ 77.441736958245315, 23.234663493002682 ], [ 77.441480158245312, 23.234648993008737 ], [ 77.441470858245324, 23.234789492950103 ] ] ] } },
{ "type": "Feature", "properties": { }, "geometry": { "type": "Polygon", "coordinates": [ [ [ 77.442308958245306, 23.236190492365438 ], [ 77.442372758245327, 23.236077092412767 ], [ 77.442289058245322, 23.236037292429376 ], [ 77.442225158245307, 23.236150692382044 ], [ 77.442308958245306, 23.236190492365438 ] ] ] } },
{ "type": "Feature", "properties": { }, "geometry": { "type": "Polygon", "coordinates": [ [ [ 77.439723958245324, 23.241630190095016 ], [ 77.439819058245305, 23.241629590095275 ], [ 77.439818558245321, 23.241571290119612 ], [ 77.439723558245319, 23.241571890119356 ], [ 77.439723958245324, 23.241630190095016 ] ] ] } },
{ "type": "Feature", "properties": { }, "geometry": { "type": "Polygon", "coordinates": [ [ [ 77.440239458245316, 23.238324591474768 ], [ 77.440205658245304, 23.238457091419473 ], [ 77.440379558245311, 23.238494691403773 ], [ 77.440413458245288, 23.238362191459075 ], [ 77.440239458245316, 23.238324591474768 ] ] ] } },
{ "type": "Feature", "properties": { }, "geometry": { "type": "Polygon", "coordinates": [ [ [ 77.437434258245318, 23.240723990473285 ], [ 77.437565358245322, 23.24074639046394 ], [ 77.437574758245304, 23.240699990483304 ], [ 77.437443658245314, 23.240677590492652 ], [ 77.437434258245318, 23.240723990473285 ] ] ] } },
{ "type": "Feature", "properties": { }, "geometry": { "type": "Polygon", "coordinates": [ [ [ 77.43955445824534, 23.24166149008196 ], [ 77.439605058245306, 23.241660490082371 ], [ 77.439604058245308, 23.241617990100114 ], [ 77.439553458245314, 23.241618990099695 ], [ 77.43955445824534, 23.24166149008196 ] ] ] } },
{ "type": "Feature", "properties": { }, "geometry": { "type": "Polygon", "coordinates": [ [ [ 77.440275358245316, 23.23822969151438 ], [ 77.440251758245324, 23.238323291475314 ], [ 77.440421158245329, 23.238359391460243 ], [ 77.440444758245292, 23.238265791499309 ], [ 77.440275358245316, 23.23822969151438 ] ] ] } },
{ "type": "Feature", "properties": { }, "geometry": { "type": "Polygon", "coordinates": [ [ [ 77.440511658245327, 23.238396691444677 ], [ 77.440649158245321, 23.238427391431859 ], [ 77.440662158245303, 23.238377991452484 ], [ 77.440524658245323, 23.238347391465254 ], [ 77.440511658245327, 23.238396691444677 ] ] ] } },
{ "type": "Feature", "properties": { }, "geometry": { "type": "Polygon", "coordinates": [ [ [ 77.440051758245303, 23.238278991493804 ], [ 77.440022458245295, 23.238377191452813 ], [ 77.440206758245324, 23.238423591433452 ], [ 77.440236058245318, 23.23832539147444 ], [ 77.440051758245303, 23.238278991493804 ] ] ] } },
{ "type": "Feature", "properties": { }, "geometry": { "type": "Polygon", "coordinates": [ [ [ 77.43638285824531, 23.241690490069853 ], [ 77.436484858245308, 23.241711890060923 ], [ 77.43651225824533, 23.241601190107133 ], [ 77.436410258245303, 23.241579890116018 ], [ 77.43638285824531, 23.241690490069853 ] ] ] } },
{ "type": "Feature", "properties": { }, "geometry": { "type": "Polygon", "coordinates": [ [ [ 77.439659958245315, 23.241619290099571 ], [ 77.439716558245308, 23.241618190100034 ], [ 77.439715558245325, 23.241575590117812 ], [ 77.439658958245317, 23.241576690117355 ], [ 77.439659958245315, 23.241619290099571 ] ] ] } },
{ "type": "Feature", "properties": { }, "geometry": { "type": "Polygon", "coordinates": [ [ [ 77.440471758245295, 23.23854439138303 ], [ 77.440547458245319, 23.238565291374307 ], [ 77.440562758245321, 23.238518691393757 ], [ 77.44048705824531, 23.23849779140248 ], [ 77.440471758245295, 23.23854439138303 ] ] ] } },
{ "type": "Feature", "properties": { }, "geometry": { "type": "Polygon", "coordinates": [ [ [ 77.439242558245326, 23.241666490079869 ], [ 77.439263158245325, 23.241702490064846 ], [ 77.439333158245304, 23.241668590078994 ], [ 77.439312558245319, 23.241632590094024 ], [ 77.439242558245326, 23.241666490079869 ] ] ] } },
{ "type": "Feature", "properties": { }, "geometry": { "type": "Polygon", "coordinates": [ [ [ 77.439561758245318, 23.241614390101617 ], [ 77.439628258245307, 23.241613090102167 ], [ 77.439627458245312, 23.241576790117314 ], [ 77.439560858245329, 23.241578090116771 ], [ 77.439561758245318, 23.241614390101617 ] ] ] } },
{ "type": "Feature", "properties": { }, "geometry": { "type": "Polygon", "coordinates": [ [ [ 77.440620658245308, 23.23798169161789 ], [ 77.440744558245314, 23.238016191603489 ], [ 77.440770458245325, 23.23793749163633 ], [ 77.440646558245305, 23.23790309165069 ], [ 77.440620658245308, 23.23798169161789 ] ] ] } },
{ "type": "Feature", "properties": { }, "geometry": { "type": "Polygon", "coordinates": [ [ [ 77.440633058245325, 23.238240191509995 ], [ 77.440718358245306, 23.238259191502067 ], [ 77.440737158245327, 23.238188091531747 ], [ 77.440651958245311, 23.238168991539709 ], [ 77.440633058245325, 23.238240191509995 ] ] ] } },
{ "type": "Feature", "properties": { }, "geometry": { "type": "Polygon", "coordinates": [ [ [ 77.440796258245328, 23.238086991573933 ], [ 77.440905158245329, 23.23810679156567 ], [ 77.440915158245318, 23.238060491584999 ], [ 77.440806258245317, 23.238040791593217 ], [ 77.440796258245328, 23.238086991573933 ] ] ] } },
{ "type": "Feature", "properties": { }, "geometry": { "type": "Polygon", "coordinates": [ [ [ 77.440488658245314, 23.238496791402898 ], [ 77.440588258245313, 23.238521991392378 ], [ 77.440602058245318, 23.238475991411576 ], [ 77.440502458245305, 23.2384507914221 ], [ 77.440488658245314, 23.238496791402898 ] ] ] } },
{ "type": "Feature", "properties": { }, "geometry": { "type": "Polygon", "coordinates": [ [ [ 77.439609958245327, 23.241665190080415 ], [ 77.439707158245326, 23.241666390079914 ], [ 77.439707758245305, 23.241630290094982 ], [ 77.439610558245306, 23.241629090095483 ], [ 77.439609958245327, 23.241665190080415 ] ] ] } },
{ "type": "Feature", "properties": { }, "geometry": { "type": "Polygon", "coordinates": [ [ [ 77.440728358245309, 23.23788709165737 ], [ 77.440720958245322, 23.237916491645098 ], [ 77.44079335824533, 23.237931891638663 ], [ 77.440800758245302, 23.237902491650942 ], [ 77.440728358245309, 23.23788709165737 ] ] ] } },
{ "type": "Feature", "properties": { }, "geometry": { "type": "Polygon", "coordinates": [ [ [ 77.440541258245304, 23.238322991475435 ], [ 77.440661358245308, 23.238346391465669 ], [ 77.440678358245322, 23.238272591496468 ], [ 77.440558358245326, 23.238249191506245 ], [ 77.440541258245304, 23.238322991475435 ] ] ] } },
{ "type": "Feature", "properties": { }, "geometry": { "type": "Polygon", "coordinates": [ [ [ 77.439712558245304, 23.241677790075151 ], [ 77.439808458245324, 23.241682090073361 ], [ 77.439810958245289, 23.24163559009277 ], [ 77.439715058245326, 23.241631290094556 ], [ 77.439712558245304, 23.241677790075151 ] ] ] } },
{ "type": "Feature", "properties": { }, "geometry": { "type": "Polygon", "coordinates": [ [ [ 77.440515158245304, 23.238447791423351 ], [ 77.440602358245329, 23.238468391414752 ], [ 77.440608158245325, 23.238447491423475 ], [ 77.440521058245309, 23.238426891432074 ], [ 77.440515158245304, 23.238447791423351 ] ] ] } },
{ "type": "Feature", "properties": { }, "geometry": { "type": "Polygon", "coordinates": [ [ [ 77.436379858245317, 23.241680290074115 ], [ 77.436406858245306, 23.241571490119526 ], [ 77.436317858245317, 23.241552890127295 ], [ 77.436290958245323, 23.241661690081877 ], [ 77.436379858245317, 23.241680290074115 ] ] ] } },
{ "type": "Feature", "properties": { }, "geometry": { "type": "Polygon", "coordinates": [ [ [ 77.440845758245302, 23.238033991596055 ], [ 77.440924858245324, 23.238046991590636 ], [ 77.440946558245329, 23.237975791620343 ], [ 77.440828458245306, 23.237932891638252 ], [ 77.440845758245302, 23.238033991596055 ] ] ] } },
{ "type": "Feature", "properties": { }, "geometry": { "type": "Polygon", "coordinates": [ [ [ 77.439967258245318, 23.241780790032159 ], [ 77.439970458245327, 23.241734990051278 ], [ 77.439919658245316, 23.241731990052536 ], [ 77.439916458245321, 23.24177779003341 ], [ 77.439967258245318, 23.241780790032159 ] ] ] } },
{ "type": "Feature", "properties": { }, "geometry": { "type": "Polygon", "coordinates": [ [ [ 77.440555358245305, 23.238219491518635 ], [ 77.440612458245312, 23.238230591514 ], [ 77.440637158245309, 23.238123391558741 ], [ 77.440580158245311, 23.238112291563372 ], [ 77.440555358245305, 23.238219491518635 ] ] ] } },
{ "type": "Feature", "properties": { }, "geometry": { "type": "Polygon", "coordinates": [ [ [ 77.43993865824531, 23.241703090064597 ], [ 77.439988258245293, 23.24170559006355 ], [ 77.439991458245302, 23.241650390086594 ], [ 77.439941858245319, 23.2416479900876 ], [ 77.43993865824531, 23.241703090064597 ] ] ] } },
{ "type": "Feature", "properties": { }, "geometry": { "type": "Polygon", "coordinates": [ [ [ 77.439816058245327, 23.241686990071319 ], [ 77.439911258245303, 23.241690690069767 ], [ 77.43991305824531, 23.241650790086432 ], [ 77.439817858245306, 23.241647090087969 ], [ 77.439816058245327, 23.241686990071319 ] ] ] } },
{ "type": "Feature", "properties": { }, "geometry": { "type": "Polygon", "coordinates": [ [ [ 77.440057858245311, 23.238273391496143 ], [ 77.440244158245306, 23.238317991477523 ], [ 77.440269958245295, 23.238226991515507 ], [ 77.440083558245306, 23.238182491534079 ], [ 77.440057858245311, 23.238273391496143 ] ] ] } },
{ "type": "Feature", "properties": { }, "geometry": { "type": "Polygon", "coordinates": [ [ [ 77.440653658245324, 23.237872891663294 ], [ 77.440645858245318, 23.237899591652152 ], [ 77.440702958245325, 23.237913791646225 ], [ 77.440711258245301, 23.237883991658663 ], [ 77.440653658245324, 23.237872891663294 ] ] ] } },
{ "type": "Feature", "properties": { }, "geometry": { "type": "Polygon", "coordinates": [ [ [ 77.440276258245319, 23.235756992546353 ], [ 77.440391558245324, 23.235761292544556 ], [ 77.440395758245288, 23.235668192583415 ], [ 77.440280358245303, 23.235663892585208 ], [ 77.440276258245319, 23.235756992546353 ] ] ] } },
{ "type": "Feature", "properties": { }, "geometry": { "type": "Polygon", "coordinates": [ [ [ 77.440127358245306, 23.235420592686733 ], [ 77.440274258245324, 23.235428592683402 ], [ 77.440279858245304, 23.235341492719744 ], [ 77.440133058245323, 23.235333392723128 ], [ 77.440127358245306, 23.235420592686733 ] ] ] } },
{ "type": "Feature", "properties": { }, "geometry": { "type": "Polygon", "coordinates": [ [ [ 77.440249458245304, 23.235974492455583 ], [ 77.44038355824533, 23.235983092451992 ], [ 77.440390858245308, 23.235887192492012 ], [ 77.440256758245312, 23.235878592495599 ], [ 77.440249458245304, 23.235974492455583 ] ] ] } },
{ "type": "Feature", "properties": { }, "geometry": { "type": "Polygon", "coordinates": [ [ [ 77.440088958245326, 23.235631392598769 ], [ 77.440232158245308, 23.235640092595137 ], [ 77.440243258245317, 23.235486492659227 ], [ 77.440100058245307, 23.235477692662908 ], [ 77.440088958245326, 23.235631392598769 ] ] ] } },
{ "type": "Feature", "properties": { }, "geometry": { "type": "Polygon", "coordinates": [ [ [ 77.440110658245317, 23.235750792548931 ], [ 77.440231358245313, 23.235756392546602 ], [ 77.440236258245307, 23.235665892584368 ], [ 77.44011555824531, 23.235660292586701 ], [ 77.440110658245317, 23.235750792548931 ] ] ] } },
{ "type": "Feature", "properties": { }, "geometry": { "type": "Polygon", "coordinates": [ [ [ 77.440293058245317, 23.235631292598804 ], [ 77.440396858245336, 23.23563629259672 ], [ 77.44040495824531, 23.23549509265565 ], [ 77.440301158245319, 23.235490092657731 ], [ 77.440293058245317, 23.235631292598804 ] ] ] } },
{ "type": "Feature", "properties": { }, "geometry": { "type": "Polygon", "coordinates": [ [ [ 77.440145458245311, 23.23531089273251 ], [ 77.440290358245306, 23.235323192727385 ], [ 77.440299258245304, 23.235234892764232 ], [ 77.440154358245323, 23.235222592769368 ], [ 77.440145458245311, 23.23531089273251 ] ] ] } },
{ "type": "Feature", "properties": { }, "geometry": { "type": "Polygon", "coordinates": [ [ [ 77.440329858245292, 23.235333692723003 ], [ 77.440449258245309, 23.23533979272046 ], [ 77.440455658245313, 23.235234792764274 ], [ 77.440336358245304, 23.235228592766859 ], [ 77.440329858245292, 23.235333692723003 ] ] ] } },
{ "type": "Feature", "properties": { }, "geometry": { "type": "Polygon", "coordinates": [ [ [ 77.440286858245301, 23.23820159152611 ], [ 77.44043285824533, 23.238237591511083 ], [ 77.440480758245329, 23.238073491579577 ], [ 77.440334758245314, 23.238037491594596 ], [ 77.440286858245301, 23.23820159152611 ] ] ] } },
{ "type": "Feature", "properties": { }, "geometry": { "type": "Polygon", "coordinates": [ [ [ 77.440290258245327, 23.238167091540504 ], [ 77.440342758245308, 23.237986991615678 ], [ 77.440195458245313, 23.237950691630822 ], [ 77.440142958245303, 23.238130791555658 ], [ 77.440290258245327, 23.238167091540504 ] ] ] } },
{ "type": "Feature", "properties": { }, "geometry": { "type": "Polygon", "coordinates": [ [ [ 77.427339758245324, 23.226481796416397 ], [ 77.427470258245307, 23.226582596374339 ], [ 77.427504458245309, 23.226545196389946 ], [ 77.427489958245317, 23.22653389639466 ], [ 77.427528558245314, 23.226491796412223 ], [ 77.427500858245324, 23.226470396421149 ], [ 77.427533858245326, 23.226434396436169 ], [ 77.427545458245319, 23.226443396432412 ], [ 77.427572458245322, 23.226413796444763 ], [ 77.427497358245304, 23.226355696468996 ], [ 77.427384158245303, 23.226479496417355 ], [ 77.427359358245326, 23.226460396425324 ], [ 77.427339758245324, 23.226481796416397 ] ] ] } },
{ "type": "Feature", "properties": { }, "geometry": { "type": "Polygon", "coordinates": [ [ [ 77.42483715824531, 23.227406096030798 ], [ 77.424836158245327, 23.227460596008065 ], [ 77.424912258245314, 23.22746179600756 ], [ 77.424913258245326, 23.227407196030338 ], [ 77.42483715824531, 23.227406096030798 ] ] ] } },
{ "type": "Feature", "properties": { }, "geometry": { "type": "Polygon", "coordinates": [ [ [ 77.426966458245303, 23.226050296596402 ], [ 77.42701995824531, 23.2261274965642 ], [ 77.427176858245318, 23.226035696602491 ], [ 77.427123358245311, 23.225958396634731 ], [ 77.426966458245303, 23.226050296596402 ] ] ] } },
{ "type": "Feature", "properties": { }, "geometry": { "type": "Polygon", "coordinates": [ [ [ 77.426212758245327, 23.226907096238971 ], [ 77.42621815824532, 23.227010196195959 ], [ 77.426322058245304, 23.227005596197877 ], [ 77.426316658245327, 23.226902496240893 ], [ 77.426212758245327, 23.226907096238971 ] ] ] } },
{ "type": "Feature", "properties": { }, "geometry": { "type": "Polygon", "coordinates": [ [ [ 77.425971972163552, 23.22611013104504 ], [ 77.425960572163518, 23.226230631011532 ], [ 77.426115472163545, 23.226242931008109 ], [ 77.426126872163536, 23.22612243104162 ], [ 77.425971972163552, 23.22611013104504 ] ] ] } },
{ "type": "Feature", "properties": { }, "geometry": { "type": "Polygon", "coordinates": [ [ [ 77.428602458245308, 23.227273396086161 ], [ 77.428602658245325, 23.227356296051575 ], [ 77.428744458245305, 23.227355996051706 ], [ 77.428744258245302, 23.227273096086282 ], [ 77.428602458245308, 23.227273396086161 ] ] ] } },
{ "type": "Feature", "properties": { }, "geometry": { "type": "Polygon", "coordinates": [ [ [ 77.427028158245307, 23.226142696557858 ], [ 77.427109158245315, 23.226255996510588 ], [ 77.427290858245314, 23.226146296556351 ], [ 77.42720985824532, 23.226032996603617 ], [ 77.427028158245307, 23.226142696557858 ] ] ] } },
{ "type": "Feature", "properties": { }, "geometry": { "type": "Polygon", "coordinates": [ [ [ 77.424693658245289, 23.227388796038014 ], [ 77.42469145824532, 23.227441896015865 ], [ 77.424809858245311, 23.227445896014196 ], [ 77.424811958245328, 23.227392796036348 ], [ 77.424693658245289, 23.227388796038014 ] ] ] } },
{ "type": "Feature", "properties": { }, "geometry": { "type": "Polygon", "coordinates": [ [ [ 77.427162858245339, 23.226253596511587 ], [ 77.427243358245306, 23.226341996474719 ], [ 77.427382058245314, 23.226235296519221 ], [ 77.427301558245318, 23.226146996556064 ], [ 77.427162858245339, 23.226253596511587 ] ] ] } },
{ "type": "Feature", "properties": { }, "geometry": { "type": "Polygon", "coordinates": [ [ [ 77.425867458245307, 23.226129896563194 ], [ 77.42586125824532, 23.226243996515596 ], [ 77.425995358245316, 23.226250196513011 ], [ 77.426001558245318, 23.226136096560609 ], [ 77.425867458245307, 23.226129896563194 ] ] ] } },
{ "type": "Feature", "properties": { }, "geometry": { "type": "Polygon", "coordinates": [ [ [ 77.428253058245318, 23.227263296090374 ], [ 77.428255958245316, 23.227358696050572 ], [ 77.428399458245323, 23.227354996052117 ], [ 77.428396558245325, 23.227259596091912 ], [ 77.428253058245318, 23.227263296090374 ] ] ] } },
{ "type": "Feature", "properties": { }, "geometry": { "type": "Polygon", "coordinates": [ [ [ 77.42622405824531, 23.227019996191871 ], [ 77.426230158245318, 23.22711559615199 ], [ 77.426321258245324, 23.22711059615407 ], [ 77.426315058245322, 23.227015096193913 ], [ 77.42622405824531, 23.227019996191871 ] ] ] } },
{ "type": "Feature", "properties": { }, "geometry": { "type": "Polygon", "coordinates": [ [ [ 77.425164858245338, 23.227407796030089 ], [ 77.425164258245303, 23.22746969600426 ], [ 77.425290058245309, 23.22747059600389 ], [ 77.425290558245322, 23.227408696029716 ], [ 77.425164858245338, 23.227407796030089 ] ] ] } },
{ "type": "Feature", "properties": { }, "geometry": { "type": "Polygon", "coordinates": [ [ [ 77.428417758245317, 23.227261096091297 ], [ 77.428423358245311, 23.227360296049905 ], [ 77.428569558245314, 23.227353496052746 ], [ 77.428564058245328, 23.227254196094169 ], [ 77.428417758245317, 23.227261096091297 ] ] ] } },
{ "type": "Feature", "properties": { }, "geometry": { "type": "Polygon", "coordinates": [ [ [ 77.425068258245304, 23.227459496008525 ], [ 77.425152758245318, 23.227457696009274 ], [ 77.425151358245301, 23.227401696032636 ], [ 77.425066858245316, 23.227403496031886 ], [ 77.425068258245304, 23.227459496008525 ] ] ] } },
{ "type": "Feature", "properties": { }, "geometry": { "type": "Polygon", "coordinates": [ [ [ 77.426018658245312, 23.227064496173305 ], [ 77.426018758245306, 23.227123396148738 ], [ 77.426187358245315, 23.227123096148862 ], [ 77.426187258245321, 23.22706419617343 ], [ 77.426018658245312, 23.227064496173305 ] ] ] } },
{ "type": "Feature", "properties": { }, "geometry": { "type": "Polygon", "coordinates": [ [ [ 77.428191458245308, 23.227102696157374 ], [ 77.428187458245318, 23.226934296227622 ], [ 77.428067358245315, 23.226936696226623 ], [ 77.428071358245319, 23.227105096156368 ], [ 77.428191458245308, 23.227102696157374 ] ] ] } },
{ "type": "Feature", "properties": { }, "geometry": { "type": "Polygon", "coordinates": [ [ [ 77.426002558245315, 23.226970596212482 ], [ 77.426005458245328, 23.227034496185826 ], [ 77.426178458245303, 23.227027796188619 ], [ 77.426175558245319, 23.226963796215315 ], [ 77.426002558245315, 23.226970596212482 ] ] ] } },
{ "type": "Feature", "properties": { }, "geometry": { "type": "Polygon", "coordinates": [ [ [ 77.426905458245329, 23.225947696639203 ], [ 77.426957258245309, 23.226034696602913 ], [ 77.427126258245323, 23.225949596638408 ], [ 77.427074458245329, 23.225862596674698 ], [ 77.426905458245329, 23.225947696639203 ] ] ] } },
{ "type": "Feature", "properties": { }, "geometry": { "type": "Polygon", "coordinates": [ [ [ 77.426883958245327, 23.225928196647338 ], [ 77.427053258245323, 23.225829296688591 ], [ 77.426994958245317, 23.225744996723762 ], [ 77.42682565824532, 23.225843896682502 ], [ 77.426883958245327, 23.225928196647338 ] ] ] } },
{ "type": "Feature", "properties": { }, "geometry": { "type": "Polygon", "coordinates": [ [ [ 77.424506658245321, 23.227319296067012 ], [ 77.424477858245297, 23.227363896048402 ], [ 77.424579458245304, 23.227419396025251 ], [ 77.424608258245314, 23.227374796043854 ], [ 77.424506658245321, 23.227319296067012 ] ] ] } },
{ "type": "Feature", "properties": { }, "geometry": { "type": "Polygon", "coordinates": [ [ [ 77.428275658245326, 23.227004696198257 ], [ 77.428250458245302, 23.227115496152035 ], [ 77.428408658245317, 23.227145996139306 ], [ 77.428433958245307, 23.227035196185533 ], [ 77.428275658245326, 23.227004696198257 ] ] ] } },
{ "type": "Feature", "properties": { }, "geometry": { "type": "Polygon", "coordinates": [ [ [ 77.427252158245324, 23.226355496469086 ], [ 77.427320158245308, 23.226427196439172 ], [ 77.427455158245309, 23.226318996484309 ], [ 77.427387158245324, 23.226247296514217 ], [ 77.427252158245324, 23.226355496469086 ] ] ] } },
{ "type": "Feature", "properties": { }, "geometry": { "type": "Polygon", "coordinates": [ [ [ 77.428081458245316, 23.227255896093457 ], [ 77.428080358245325, 23.227357396051122 ], [ 77.428221858245308, 23.227358596050617 ], [ 77.428222858245306, 23.227257096092959 ], [ 77.428081458245316, 23.227255896093457 ] ] ] } },
{ "type": "Feature", "properties": { }, "geometry": { "type": "Polygon", "coordinates": [ [ [ 77.427892558245304, 23.226550896387565 ], [ 77.427822858245307, 23.226712096320323 ], [ 77.427949458245308, 23.226758296301046 ], [ 77.427969558245309, 23.226711796320441 ], [ 77.427940358245309, 23.226701096324909 ], [ 77.42798995824532, 23.22658639637276 ], [ 77.427892558245304, 23.226550896387565 ] ] ] } },
{ "type": "Feature", "properties": { }, "geometry": { "type": "Polygon", "coordinates": [ [ [ 77.428184958245296, 23.226639196350732 ], [ 77.428142858245309, 23.226852996261542 ], [ 77.428269558245319, 23.226873996252781 ], [ 77.428284258245327, 23.226799496283864 ], [ 77.428271558245328, 23.226797296284776 ], [ 77.428298958245321, 23.226658096342845 ], [ 77.428184958245296, 23.226639196350732 ] ] ] } },
{ "type": "Feature", "properties": { }, "geometry": { "type": "Polygon", "coordinates": [ [ [ 77.427970658245314, 23.226815296277266 ], [ 77.427999358245302, 23.226821196274805 ], [ 77.427994758245319, 23.226839996266964 ], [ 77.428112358245315, 23.226864296256828 ], [ 77.428128158245329, 23.226799796283739 ], [ 77.428110158245303, 23.22679609628528 ], [ 77.428150858245303, 23.226629796354658 ], [ 77.428022558245303, 23.226603296365703 ], [ 77.427970658245314, 23.226815296277266 ] ] ] } },
{ "type": "Feature", "properties": { }, "geometry": { "type": "Polygon", "coordinates": [ [ [ 77.427773758245323, 23.226982296207602 ], [ 77.427778258245311, 23.227094696160716 ], [ 77.427855258245316, 23.22709209616179 ], [ 77.427855558245327, 23.227100896158117 ], [ 77.427898158245313, 23.227099496158711 ], [ 77.427897758245322, 23.227090696162378 ], [ 77.427941558245308, 23.227089196163007 ], [ 77.42793705824532, 23.226976696209935 ], [ 77.427773758245323, 23.226982296207602 ] ] ] } },
{ "type": "Feature", "properties": { }, "geometry": { "type": "Polygon", "coordinates": [ [ [ 77.428560958245328, 23.226767896297048 ], [ 77.428537458245302, 23.226794996285737 ], [ 77.428571758245326, 23.22681999627531 ], [ 77.428487258245312, 23.226917396234679 ], [ 77.428558358245311, 23.226969496212938 ], [ 77.428604058245313, 23.226916696234966 ], [ 77.428615158245307, 23.226924796231586 ], [ 77.428677358245324, 23.2268530962615 ], [ 77.428560958245328, 23.226767896297048 ] ] ] } },
{ "type": "Feature", "properties": { }, "geometry": { "type": "Polygon", "coordinates": [ [ [ 77.437426358245304, 23.228818195441676 ], [ 77.437492458245316, 23.228831095436295 ], [ 77.437505358245332, 23.228775595459457 ], [ 77.437439258245305, 23.228762595464879 ], [ 77.437426358245304, 23.228818195441676 ] ] ] } },
{ "type": "Feature", "properties": { }, "geometry": { "type": "Polygon", "coordinates": [ [ [ 77.437511758245321, 23.228486995579853 ], [ 77.437690958245312, 23.228525395563835 ], [ 77.437711758245314, 23.228443595597959 ], [ 77.437532558245309, 23.228405095614026 ], [ 77.437511758245321, 23.228486995579853 ] ] ] } },
{ "type": "Feature", "properties": { }, "geometry": { "type": "Polygon", "coordinates": [ [ [ 77.437134858245329, 23.228759495466168 ], [ 77.437218058245321, 23.228776995458869 ], [ 77.437248858245312, 23.228653095510559 ], [ 77.437165658245306, 23.228635695517816 ], [ 77.437134858245329, 23.228759495466168 ] ] ] } },
{ "type": "Feature", "properties": { }, "geometry": { "type": "Polygon", "coordinates": [ [ [ 77.437080558245313, 23.228973295376971 ], [ 77.437278358245322, 23.229013395360237 ], [ 77.437296258245311, 23.228938795391365 ], [ 77.437098458245302, 23.228898695408091 ], [ 77.437080558245313, 23.228973295376971 ] ] ] } },
{ "type": "Feature", "properties": { }, "geometry": { "type": "Polygon", "coordinates": [ [ [ 77.437166558245323, 23.228626795521532 ], [ 77.437374258245313, 23.228671395502925 ], [ 77.437403058245309, 23.228558095550191 ], [ 77.437195358245305, 23.228513495568798 ], [ 77.437166558245323, 23.228626795521532 ] ] ] } },
{ "type": "Feature", "properties": { }, "geometry": { "type": "Polygon", "coordinates": [ [ [ 77.43735205824531, 23.229071895335831 ], [ 77.437547258245317, 23.22912089531539 ], [ 77.437561458245312, 23.229073195335289 ], [ 77.437366258245319, 23.229024195355734 ], [ 77.43735205824531, 23.229071895335831 ] ] ] } },
{ "type": "Feature", "properties": { }, "geometry": { "type": "Polygon", "coordinates": [ [ [ 77.437500858245329, 23.228523495564627 ], [ 77.437473758245318, 23.228633095518898 ], [ 77.437676158245324, 23.228675495501211 ], [ 77.437703258245307, 23.228565895546939 ], [ 77.437500858245329, 23.228523495564627 ] ] ] } },
{ "type": "Feature", "properties": { }, "geometry": { "type": "Polygon", "coordinates": [ [ [ 77.43727385824532, 23.228189295704052 ], [ 77.437230058245319, 23.228359895632881 ], [ 77.437420158245317, 23.228401095615695 ], [ 77.437463958245303, 23.228230595686824 ], [ 77.43727385824532, 23.228189295704052 ] ] ] } },
{ "type": "Feature", "properties": { }, "geometry": { "type": "Polygon", "coordinates": [ [ [ 77.437659858245311, 23.228802295448315 ], [ 77.437804658245312, 23.228835995434252 ], [ 77.437816458245322, 23.228793095452147 ], [ 77.437671658245307, 23.228759495466168 ], [ 77.437659858245311, 23.228802295448315 ] ] ] } },
{ "type": "Feature", "properties": { }, "geometry": { "type": "Polygon", "coordinates": [ [ [ 77.437739658245306, 23.228487495579643 ], [ 77.437716858245309, 23.228575695542851 ], [ 77.437854958245325, 23.228605895530251 ], [ 77.437877858245315, 23.228517695567049 ], [ 77.437739658245306, 23.228487495579643 ] ] ] } },
{ "type": "Feature", "properties": { }, "geometry": { "type": "Polygon", "coordinates": [ [ [ 77.437077158245302, 23.228979595374341 ], [ 77.437063858245324, 23.229037395350225 ], [ 77.437265658245295, 23.229076795333786 ], [ 77.437279058245309, 23.229018995357904 ], [ 77.437077158245302, 23.228979595374341 ] ] ] } },
{ "type": "Feature", "properties": { }, "geometry": { "type": "Polygon", "coordinates": [ [ [ 77.437240158245316, 23.22879159545278 ], [ 77.437351458245317, 23.228813695443556 ], [ 77.437380958245328, 23.228688595495747 ], [ 77.437269658245313, 23.228666495504964 ], [ 77.437240158245316, 23.22879159545278 ] ] ] } },
{ "type": "Feature", "properties": { }, "geometry": { "type": "Polygon", "coordinates": [ [ [ 77.43710095824531, 23.228892895410514 ], [ 77.437291058245307, 23.228935095392909 ], [ 77.437307258245312, 23.228873395418645 ], [ 77.437117158245329, 23.22883119543625 ], [ 77.43710095824531, 23.228892895410514 ] ] ] } },
{ "type": "Feature", "properties": { }, "geometry": { "type": "Polygon", "coordinates": [ [ [ 77.437452158245307, 23.228693295493787 ], [ 77.437434958245305, 23.228753795468542 ], [ 77.437621258245329, 23.228798395449942 ], [ 77.437638358245309, 23.228737895475177 ], [ 77.437452158245307, 23.228693295493787 ] ] ] } },
{ "type": "Feature", "properties": { }, "geometry": { "type": "Polygon", "coordinates": [ [ [ 77.437662558245322, 23.228809395445353 ], [ 77.437643958245317, 23.228877295417021 ], [ 77.437767858245323, 23.228906095404998 ], [ 77.437786558245307, 23.228838195433333 ], [ 77.437662558245322, 23.228809395445353 ] ] ] } },
{ "type": "Feature", "properties": { }, "geometry": { "type": "Polygon", "coordinates": [ [ [ 77.437768558245324, 23.228405295613943 ], [ 77.437856158245324, 23.228427695604594 ], [ 77.437883958245322, 23.228335395643104 ], [ 77.437796358245322, 23.228313095652407 ], [ 77.437768558245324, 23.228405295613943 ] ] ] } },
{ "type": "Feature", "properties": { }, "geometry": { "type": "Polygon", "coordinates": [ [ [ 77.437513758245302, 23.228838795433077 ], [ 77.437628558245308, 23.228865495421946 ], [ 77.437643258245316, 23.228811695444389 ], [ 77.437528558245305, 23.228785095455489 ], [ 77.437513758245302, 23.228838795433077 ] ] ] } },
{ "type": "Feature", "properties": { }, "geometry": { "type": "Polygon", "coordinates": [ [ [ 77.437035558245327, 23.229171195294402 ], [ 77.437249458245319, 23.229213495276756 ], [ 77.437278658245319, 23.229088795328778 ], [ 77.437064758245313, 23.229046595346389 ], [ 77.437035558245327, 23.229171195294402 ] ] ] } },
{ "type": "Feature", "properties": { }, "geometry": { "type": "Polygon", "coordinates": [ [ [ 77.437567258245323, 23.228248395679397 ], [ 77.437542858245308, 23.228353295635635 ], [ 77.437738458245306, 23.228391795619572 ], [ 77.437762858245307, 23.228286895663338 ], [ 77.437567258245323, 23.228248395679397 ] ] ] } },
{ "type": "Feature", "properties": { }, "geometry": { "type": "Polygon", "coordinates": [ [ [ 77.437116758245324, 23.228824795438925 ], [ 77.437311158245294, 23.228867995420902 ], [ 77.437325758245322, 23.228812395444095 ], [ 77.437131358245324, 23.228769295462079 ], [ 77.437116758245324, 23.228824795438925 ] ] ] } },
{ "type": "Feature", "properties": { }, "geometry": { "type": "Polygon", "coordinates": [ [ [ 77.437199958245301, 23.228496995575682 ], [ 77.437401758245329, 23.228535795559495 ], [ 77.437419158245305, 23.228459495591327 ], [ 77.43721735824532, 23.228420695607518 ], [ 77.437199958245301, 23.228496995575682 ] ] ] } },
{ "type": "Feature", "properties": { }, "geometry": { "type": "Polygon", "coordinates": [ [ [ 77.437659258245318, 23.228886095413348 ], [ 77.437603858245325, 23.229076195334034 ], [ 77.437717858245307, 23.229104295322315 ], [ 77.437773258245301, 23.228914195401629 ], [ 77.437659258245318, 23.228886095413348 ] ] ] } },
{ "type": "Feature", "properties": { }, "geometry": { "type": "Polygon", "coordinates": [ [ [ 77.437687058245317, 23.228759495466168 ], [ 77.437825458245314, 23.228791295452901 ], [ 77.437870158245303, 23.228626695521573 ], [ 77.4377318582453, 23.228594995534799 ], [ 77.437687058245317, 23.228759495466168 ] ] ] } },
{ "type": "Feature", "properties": { }, "geometry": { "type": "Polygon", "coordinates": [ [ [ 77.437371958245322, 23.22901819535824 ], [ 77.437585658245311, 23.229065195338624 ], [ 77.437635958245323, 23.228872095419192 ], [ 77.43742225824532, 23.228825095438797 ], [ 77.437371958245322, 23.22901819535824 ] ] ] } },
{ "type": "Feature", "properties": { }, "geometry": { "type": "Polygon", "coordinates": [ [ [ 77.441034658245314, 23.235692292573347 ], [ 77.44116135824531, 23.235705192567966 ], [ 77.44117355824531, 23.23560479260987 ], [ 77.441046758245307, 23.23559189261525 ], [ 77.441034658245314, 23.235692292573347 ] ] ] } },
{ "type": "Feature", "properties": { }, "geometry": { "type": "Polygon", "coordinates": [ [ [ 77.438964358245315, 23.236444892259268 ], [ 77.439137458245312, 23.236456192254551 ], [ 77.439146558245326, 23.236338192303801 ], [ 77.438973458245329, 23.236326892308512 ], [ 77.438964358245315, 23.236444892259268 ] ] ] } },
{ "type": "Feature", "properties": { }, "geometry": { "type": "Polygon", "coordinates": [ [ [ 77.43486005824532, 23.234223693186216 ], [ 77.435004258245328, 23.234252593174155 ], [ 77.435048858245324, 23.234065093252401 ], [ 77.434904658245316, 23.234036193264458 ], [ 77.43486005824532, 23.234223693186216 ] ] ] } },
{ "type": "Feature", "properties": { }, "geometry": { "type": "Polygon", "coordinates": [ [ [ 77.440165358245324, 23.235165492793193 ], [ 77.44031485824533, 23.235172192790394 ], [ 77.440320758245321, 23.235059792837308 ], [ 77.440171358245308, 23.235053092840101 ], [ 77.440165358245324, 23.235165492793193 ] ] ] } },
{ "type": "Feature", "properties": { }, "geometry": { "type": "Polygon", "coordinates": [ [ [ 77.433508858245318, 23.232716793815026 ], [ 77.433604258245325, 23.232685293828169 ], [ 77.433539858245325, 23.232520793896807 ], [ 77.43344445824529, 23.232552293883668 ], [ 77.433508858245318, 23.232716793815026 ] ] ] } },
{ "type": "Feature", "properties": { }, "geometry": { "type": "Polygon", "coordinates": [ [ [ 77.437657258245324, 23.235331192724047 ], [ 77.437736258245309, 23.235345892717913 ], [ 77.437781858245302, 23.235138192804587 ], [ 77.437702858245302, 23.23512359281068 ], [ 77.437657258245324, 23.235331192724047 ] ] ] } },
{ "type": "Feature", "properties": { }, "geometry": { "type": "Polygon", "coordinates": [ [ [ 77.438174258245311, 23.237204991942043 ], [ 77.438255358245343, 23.237216391937288 ], [ 77.438278158245311, 23.237080191994131 ], [ 77.438197058245336, 23.23706879199889 ], [ 77.438174258245311, 23.237204991942043 ] ] ] } },
{ "type": "Feature", "properties": { }, "geometry": { "type": "Polygon", "coordinates": [ [ [ 77.439773158245316, 23.235222292769492 ], [ 77.439846058245308, 23.235227392767356 ], [ 77.439856758245341, 23.235096692821905 ], [ 77.439783958245329, 23.235091692823993 ], [ 77.439773158245316, 23.235222292769492 ] ] ] } },
{ "type": "Feature", "properties": { }, "geometry": { "type": "Polygon", "coordinates": [ [ [ 77.437969458245306, 23.234699392987707 ], [ 77.438090758245295, 23.234720092979067 ], [ 77.438117958245329, 23.234585893035067 ], [ 77.437996658245297, 23.234565093043749 ], [ 77.437969458245306, 23.234699392987707 ] ] ] } },
{ "type": "Feature", "properties": { }, "geometry": { "type": "Polygon", "coordinates": [ [ [ 77.440035858245309, 23.236158392378833 ], [ 77.44019885824531, 23.236170692373705 ], [ 77.440208358245329, 23.23606469241793 ], [ 77.440045358245314, 23.236052292423111 ], [ 77.440035858245309, 23.236158392378833 ] ] ] } },
{ "type": "Feature", "properties": { }, "geometry": { "type": "Polygon", "coordinates": [ [ [ 77.441029258245322, 23.23580379252682 ], [ 77.441151958245314, 23.235817992520893 ], [ 77.441165658245311, 23.235717892562668 ], [ 77.441042958245319, 23.235703692568595 ], [ 77.441029258245322, 23.23580379252682 ] ] ] } },
{ "type": "Feature", "properties": { }, "geometry": { "type": "Polygon", "coordinates": [ [ [ 77.440297858245316, 23.23431389314857 ], [ 77.440419258245328, 23.234292393157546 ], [ 77.440388558245303, 23.234146293218505 ], [ 77.440267158245305, 23.234167893209499 ], [ 77.440297858245316, 23.23431389314857 ] ] ] } },
{ "type": "Feature", "properties": { }, "geometry": { "type": "Polygon", "coordinates": [ [ [ 77.437026758245324, 23.237169291956942 ], [ 77.43713525824532, 23.237195091946177 ], [ 77.437152458245308, 23.237133991971671 ], [ 77.437043958245312, 23.237108191982443 ], [ 77.437026758245324, 23.237169291956942 ] ] ] } },
{ "type": "Feature", "properties": { }, "geometry": { "type": "Polygon", "coordinates": [ [ [ 77.433403558245317, 23.23279059378423 ], [ 77.433514458245313, 23.232754993799084 ], [ 77.433439858245322, 23.232558793880951 ], [ 77.433329058245306, 23.232594293866143 ], [ 77.433403558245317, 23.23279059378423 ] ] ] } },
{ "type": "Feature", "properties": { }, "geometry": { "type": "Polygon", "coordinates": [ [ [ 77.438129358245305, 23.235769892540969 ], [ 77.438219658245302, 23.235785892534285 ], [ 77.438243158245314, 23.235673692581113 ], [ 77.438152758245309, 23.235657792587745 ], [ 77.438129358245305, 23.235769892540969 ] ] ] } },
{ "type": "Feature", "properties": { }, "geometry": { "type": "Polygon", "coordinates": [ [ [ 77.438949758245329, 23.236467892249674 ], [ 77.438963158245315, 23.23633259230613 ], [ 77.438804558245323, 23.236319392311643 ], [ 77.438791158245309, 23.236454592255221 ], [ 77.438949758245329, 23.236467892249674 ] ] ] } },
{ "type": "Feature", "properties": { }, "geometry": { "type": "Polygon", "coordinates": [ [ [ 77.439428658245319, 23.235032792848571 ], [ 77.439520558245306, 23.235036492847026 ], [ 77.439527258245306, 23.234894692906206 ], [ 77.439435458245327, 23.234890992907747 ], [ 77.439428658245319, 23.235032792848571 ] ] ] } },
{ "type": "Feature", "properties": { }, "geometry": { "type": "Polygon", "coordinates": [ [ [ 77.438178258245316, 23.235641792594418 ], [ 77.438313058245328, 23.235661492586207 ], [ 77.438336058245341, 23.235528392641754 ], [ 77.438201358245308, 23.235508692649969 ], [ 77.438178258245316, 23.235641792594418 ] ] ] } },
{ "type": "Feature", "properties": { }, "geometry": { "type": "Polygon", "coordinates": [ [ [ 77.434228358245321, 23.22934839522047 ], [ 77.434301458245329, 23.229236895266993 ], [ 77.434279058245323, 23.229224495272167 ], [ 77.434209358245326, 23.229185895288268 ], [ 77.434136258245317, 23.229297395241751 ], [ 77.434228358245321, 23.22934839522047 ] ] ] } },
{ "type": "Feature", "properties": { }, "geometry": { "type": "Polygon", "coordinates": [ [ [ 77.438323458245321, 23.235801292527864 ], [ 77.438464458245306, 23.235823692518519 ], [ 77.43848505824532, 23.23571439256413 ], [ 77.438344058245306, 23.235691892573513 ], [ 77.438323458245321, 23.235801292527864 ] ] ] } },
{ "type": "Feature", "properties": { }, "geometry": { "type": "Polygon", "coordinates": [ [ [ 77.439692858245309, 23.235223792768863 ], [ 77.439765958245303, 23.235228292766987 ], [ 77.439776058245315, 23.235088392825364 ], [ 77.439702958245306, 23.235083992827207 ], [ 77.439692858245309, 23.235223792768863 ] ] ] } },
{ "type": "Feature", "properties": { }, "geometry": { "type": "Polygon", "coordinates": [ [ [ 77.438783658245328, 23.237395891862374 ], [ 77.438934358245319, 23.23741819185306 ], [ 77.438947158245313, 23.237345391883448 ], [ 77.438796458245321, 23.237323091892758 ], [ 77.438783658245328, 23.237395891862374 ] ] ] } },
{ "type": "Feature", "properties": { }, "geometry": { "type": "Polygon", "coordinates": [ [ [ 77.437899358245303, 23.235422392685987 ], [ 77.437936858245308, 23.235272692748456 ], [ 77.437810258245307, 23.235245892759647 ], [ 77.437772758245302, 23.23539559269717 ], [ 77.437899358245303, 23.235422392685987 ] ] ] } },
{ "type": "Feature", "properties": { }, "geometry": { "type": "Polygon", "coordinates": [ [ [ 77.438968058245308, 23.236241392344194 ], [ 77.439056958245317, 23.236243692343233 ], [ 77.43906065824531, 23.236120092394817 ], [ 77.438971658245308, 23.236117892395736 ], [ 77.438968058245308, 23.236241392344194 ] ] ] } },
{ "type": "Feature", "properties": { }, "geometry": { "type": "Polygon", "coordinates": [ [ [ 77.441187558245318, 23.235856192504951 ], [ 77.441322358245287, 23.235869692499321 ], [ 77.441334558245316, 23.235766692542299 ], [ 77.441199858245312, 23.235753192547936 ], [ 77.441187558245318, 23.235856192504951 ] ] ] } },
{ "type": "Feature", "properties": { }, "geometry": { "type": "Polygon", "coordinates": [ [ [ 77.439688558245308, 23.236139592386674 ], [ 77.439699358245292, 23.236010292440636 ], [ 77.439616158245315, 23.2360043924431 ], [ 77.439605358245302, 23.236133692389142 ], [ 77.439688558245308, 23.236139592386674 ] ] ] } },
{ "type": "Feature", "properties": { }, "geometry": { "type": "Polygon", "coordinates": [ [ [ 77.434773258245329, 23.234553793048459 ], [ 77.43491535824532, 23.23457219304078 ], [ 77.434928758245334, 23.234485093077129 ], [ 77.434786658245301, 23.234466693084812 ], [ 77.434773258245329, 23.234553793048459 ] ] ] } },
{ "type": "Feature", "properties": { }, "geometry": { "type": "Polygon", "coordinates": [ [ [ 77.440818358245309, 23.235151092799203 ], [ 77.440972658245329, 23.235164092793781 ], [ 77.440980358245326, 23.23508599282637 ], [ 77.440826158245301, 23.235072992831796 ], [ 77.440818358245309, 23.235151092799203 ] ] ] } },
{ "type": "Feature", "properties": { }, "geometry": { "type": "Polygon", "coordinates": [ [ [ 77.440352158245318, 23.23508599282637 ], [ 77.440344958245333, 23.235194992780887 ], [ 77.440477058245321, 23.235202392777797 ], [ 77.44048425824532, 23.235093392823284 ], [ 77.440352158245318, 23.23508599282637 ] ] ] } },
{ "type": "Feature", "properties": { }, "geometry": { "type": "Polygon", "coordinates": [ [ [ 77.438225858245318, 23.235796992529661 ], [ 77.438311858245328, 23.235811592523564 ], [ 77.438336658245305, 23.235687692575269 ], [ 77.438250658245309, 23.235673192581324 ], [ 77.438225858245318, 23.235796992529661 ] ] ] } },
{ "type": "Feature", "properties": { }, "geometry": { "type": "Polygon", "coordinates": [ [ [ 77.438335658245322, 23.23564529259296 ], [ 77.438511358245322, 23.23566739258375 ], [ 77.438528558245309, 23.235551692632026 ], [ 77.438352858245324, 23.235529592641246 ], [ 77.438335658245322, 23.23564529259296 ] ] ] } },
{ "type": "Feature", "properties": { }, "geometry": { "type": "Polygon", "coordinates": [ [ [ 77.438279558245313, 23.23708909199042 ], [ 77.438388858245304, 23.237101491985243 ], [ 77.438405658245316, 23.236976392037452 ], [ 77.438296258245302, 23.236963992042629 ], [ 77.438279558245313, 23.23708909199042 ] ] ] } },
{ "type": "Feature", "properties": { }, "geometry": { "type": "Polygon", "coordinates": [ [ [ 77.437995258245337, 23.237171091956192 ], [ 77.438100258245328, 23.237184391950635 ], [ 77.438116958245317, 23.23707289199718 ], [ 77.438011958245312, 23.237059492002768 ], [ 77.437995258245337, 23.237171091956192 ] ] ] } },
{ "type": "Feature", "properties": { }, "geometry": { "type": "Polygon", "coordinates": [ [ [ 77.43964765824532, 23.236287192325079 ], [ 77.439746158245313, 23.236298292320448 ], [ 77.439762858245302, 23.23617299237274 ], [ 77.439664358245295, 23.236161892377371 ], [ 77.43964765824532, 23.236287192325079 ] ] ] } },
{ "type": "Feature", "properties": { }, "geometry": { "type": "Polygon", "coordinates": [ [ [ 77.433933858245311, 23.229248595262106 ], [ 77.434043958245312, 23.229333595226642 ], [ 77.43411945824532, 23.229250995261108 ], [ 77.434009458245313, 23.229165995296565 ], [ 77.433933858245311, 23.229248595262106 ] ] ] } },
{ "type": "Feature", "properties": { }, "geometry": { "type": "Polygon", "coordinates": [ [ [ 77.433148158245302, 23.234367493126211 ], [ 77.433264158245322, 23.234307093151415 ], [ 77.433122158245311, 23.234120693229194 ], [ 77.433065658245326, 23.234159693212924 ], [ 77.433148158245302, 23.234367493126211 ] ] ] } },
{ "type": "Feature", "properties": { }, "geometry": { "type": "Polygon", "coordinates": [ [ [ 77.440794058245302, 23.235346592717615 ], [ 77.44092755824532, 23.23535709271324 ], [ 77.440936858245323, 23.235257092754971 ], [ 77.440803358245319, 23.235246592759349 ], [ 77.440794058245302, 23.235346592717615 ] ] ] } },
{ "type": "Feature", "properties": { }, "geometry": { "type": "Polygon", "coordinates": [ [ [ 77.43874675824533, 23.237481891826484 ], [ 77.438920058245301, 23.237507791815677 ], [ 77.438934958245312, 23.237423691850768 ], [ 77.438761658245312, 23.237397791861579 ], [ 77.43874675824533, 23.237481891826484 ] ] ] } },
{ "type": "Feature", "properties": { }, "geometry": { "type": "Polygon", "coordinates": [ [ [ 77.439191458245304, 23.236265592334092 ], [ 77.439277358245306, 23.236272292331289 ], [ 77.439288658245303, 23.236148592382929 ], [ 77.43920275824533, 23.236141992385679 ], [ 77.439191458245304, 23.236265592334092 ] ] ] } },
{ "type": "Feature", "properties": { }, "geometry": { "type": "Polygon", "coordinates": [ [ [ 77.439929058245326, 23.236879292077976 ], [ 77.440089358245302, 23.236897192070504 ], [ 77.440099258245311, 23.236821992101891 ], [ 77.439939058245329, 23.236804092109356 ], [ 77.439929058245326, 23.236879292077976 ] ] ] } },
{ "type": "Feature", "properties": { }, "geometry": { "type": "Polygon", "coordinates": [ [ [ 77.433626858245304, 23.232694593824288 ], [ 77.433707258245306, 23.232667393835634 ], [ 77.433636158245292, 23.232489993909663 ], [ 77.433555858245313, 23.232517193898314 ], [ 77.433626858245304, 23.232694593824288 ] ] ] } },
{ "type": "Feature", "properties": { }, "geometry": { "type": "Polygon", "coordinates": [ [ [ 77.440826758245322, 23.235068992833469 ], [ 77.440980358245326, 23.235080692828586 ], [ 77.440986758245302, 23.235009592858251 ], [ 77.440833158245312, 23.234997892863134 ], [ 77.440826758245322, 23.235068992833469 ] ] ] } },
{ "type": "Feature", "properties": { }, "geometry": { "type": "Polygon", "coordinates": [ [ [ 77.440093658245317, 23.23693509205469 ], [ 77.440084958245322, 23.237048692007274 ], [ 77.44024655824532, 23.237059192002899 ], [ 77.44025525824533, 23.236945592050308 ], [ 77.440093658245317, 23.23693509205469 ] ] ] } },
{ "type": "Feature", "properties": { }, "geometry": { "type": "Polygon", "coordinates": [ [ [ 77.438647658245316, 23.237094991987952 ], [ 77.438821958245327, 23.237127891974218 ], [ 77.438843758245312, 23.237030892014705 ], [ 77.438669358245292, 23.236997992028439 ], [ 77.438647658245316, 23.237094991987952 ] ] ] } },
{ "type": "Feature", "properties": { }, "geometry": { "type": "Polygon", "coordinates": [ [ [ 77.437897258245314, 23.237133691971803 ], [ 77.437980558245314, 23.237143991967503 ], [ 77.437994558245322, 23.237048792007233 ], [ 77.437911258245322, 23.237038392011574 ], [ 77.437897258245314, 23.237133691971803 ] ] ] } },
{ "type": "Feature", "properties": { }, "geometry": { "type": "Polygon", "coordinates": [ [ [ 77.440139858245317, 23.236594992196625 ], [ 77.440128658245328, 23.236692692155852 ], [ 77.440288758245302, 23.236708192149386 ], [ 77.440299958245319, 23.236610492190156 ], [ 77.440139858245317, 23.236594992196625 ] ] ] } },
{ "type": "Feature", "properties": { }, "geometry": { "type": "Polygon", "coordinates": [ [ [ 77.440632358245324, 23.235318992729137 ], [ 77.440765558245317, 23.235332192723632 ], [ 77.440776858245329, 23.235236192763686 ], [ 77.440643658245307, 23.235222892769244 ], [ 77.440632358245324, 23.235318992729137 ] ] ] } },
{ "type": "Feature", "properties": { }, "geometry": { "type": "Polygon", "coordinates": [ [ [ 77.438022458245314, 23.235746892550566 ], [ 77.43812065824531, 23.235766292542472 ], [ 77.438152558245307, 23.235630192599267 ], [ 77.438054258245316, 23.235610792607364 ], [ 77.438022458245314, 23.235746892550566 ] ] ] } },
{ "type": "Feature", "properties": { }, "geometry": { "type": "Polygon", "coordinates": [ [ [ 77.440916958245296, 23.234233193182252 ], [ 77.441053758245317, 23.234210993191518 ], [ 77.441019858245312, 23.234034593265122 ], [ 77.440883058245319, 23.23405679325586 ], [ 77.440916958245296, 23.234233193182252 ] ] ] } },
{ "type": "Feature", "properties": { }, "geometry": { "type": "Polygon", "coordinates": [ [ [ 77.432981358245328, 23.232605593861418 ], [ 77.433227158245316, 23.232534593891049 ], [ 77.433124458245317, 23.232234294016354 ], [ 77.432878558245307, 23.232305393986685 ], [ 77.432981358245328, 23.232605593861418 ] ] ] } },
{ "type": "Feature", "properties": { }, "geometry": { "type": "Polygon", "coordinates": [ [ [ 77.441239858245311, 23.235397092696545 ], [ 77.441379958245307, 23.235406992692415 ], [ 77.441386758245315, 23.235326292726086 ], [ 77.441246558245311, 23.235316392730223 ], [ 77.441239858245311, 23.235397092696545 ] ] ] } },
{ "type": "Feature", "properties": { }, "geometry": { "type": "Polygon", "coordinates": [ [ [ 77.438221458245323, 23.23505159284073 ], [ 77.438529658245315, 23.23511009281631 ], [ 77.438552758245308, 23.235007592859091 ], [ 77.438244558245316, 23.2349490928835 ], [ 77.438221458245323, 23.23505159284073 ] ] ] } },
{ "type": "Feature", "properties": { }, "geometry": { "type": "Polygon", "coordinates": [ [ [ 77.434553258245302, 23.234387193117986 ], [ 77.434628358245305, 23.234399593112808 ], [ 77.434656158245318, 23.23425629317261 ], [ 77.434581058245328, 23.234243993177746 ], [ 77.434553258245302, 23.234387193117986 ] ] ] } },
{ "type": "Feature", "properties": { }, "geometry": { "type": "Polygon", "coordinates": [ [ [ 77.434921058245322, 23.2340245932693 ], [ 77.43506055824534, 23.234060993254104 ], [ 77.435108458245324, 23.233905793318868 ], [ 77.434968958245321, 23.233869493334023 ], [ 77.434921058245322, 23.2340245932693 ] ] ] } },
{ "type": "Feature", "properties": { }, "geometry": { "type": "Polygon", "coordinates": [ [ [ 77.437132258245313, 23.237298591902977 ], [ 77.437268958245298, 23.237333391888463 ], [ 77.437297158245315, 23.237240191927356 ], [ 77.437160358245308, 23.237205291941919 ], [ 77.437132258245313, 23.237298591902977 ] ] ] } },
{ "type": "Feature", "properties": { }, "geometry": { "type": "Polygon", "coordinates": [ [ [ 77.435112458245314, 23.234013493273928 ], [ 77.435270458245313, 23.234049293258991 ], [ 77.435303258245327, 23.233926593310198 ], [ 77.435145358245308, 23.233890893325093 ], [ 77.435112458245314, 23.234013493273928 ] ] ] } },
{ "type": "Feature", "properties": { }, "geometry": { "type": "Polygon", "coordinates": [ [ [ 77.440172658245302, 23.236294992321827 ], [ 77.440335558245309, 23.236306092317193 ], [ 77.440343858245313, 23.236203592359963 ], [ 77.440180958245321, 23.236192492364605 ], [ 77.440172658245302, 23.236294992321827 ] ] ] } },
{ "type": "Feature", "properties": { }, "geometry": { "type": "Polygon", "coordinates": [ [ [ 77.438291858245321, 23.234709892983318 ], [ 77.438271058245306, 23.234811792940796 ], [ 77.438562258245327, 23.234861892919891 ], [ 77.438583058245314, 23.234760092962375 ], [ 77.438291858245321, 23.234709892983318 ] ] ] } },
{ "type": "Feature", "properties": { }, "geometry": { "type": "Polygon", "coordinates": [ [ [ 77.433688958245327, 23.229500895156846 ], [ 77.433625058245326, 23.229572595126932 ], [ 77.433747158245311, 23.229664395088633 ], [ 77.433810958245303, 23.229592695118544 ], [ 77.433688958245327, 23.229500895156846 ] ] ] } },
{ "type": "Feature", "properties": { }, "geometry": { "type": "Polygon", "coordinates": [ [ [ 77.441103758245305, 23.235196892780088 ], [ 77.441227058245303, 23.23520739277571 ], [ 77.441239858245311, 23.235080192828789 ], [ 77.441116458245318, 23.235069692833175 ], [ 77.441103758245305, 23.235196892780088 ] ] ] } },
{ "type": "Feature", "properties": { }, "geometry": { "type": "Polygon", "coordinates": [ [ [ 77.437926058245324, 23.236997492028642 ], [ 77.43800535824532, 23.237003192026265 ], [ 77.438015158245292, 23.236888492074137 ], [ 77.437935858245325, 23.236882792076514 ], [ 77.437926058245324, 23.236997492028642 ] ] ] } },
{ "type": "Feature", "properties": { }, "geometry": { "type": "Polygon", "coordinates": [ [ [ 77.43876455824531, 23.236552192214486 ], [ 77.43894465824529, 23.236570692206765 ], [ 77.438956058245324, 23.236477292245745 ], [ 77.438775958245316, 23.236458792253472 ], [ 77.43876455824531, 23.236552192214486 ] ] ] } },
{ "type": "Feature", "properties": { }, "geometry": { "type": "Polygon", "coordinates": [ [ [ 77.439549958245323, 23.236268192333011 ], [ 77.439642958245329, 23.236274792330256 ], [ 77.439652258245303, 23.236164292376376 ], [ 77.439559158245302, 23.236157692379123 ], [ 77.439549958245323, 23.236268192333011 ] ] ] } },
{ "type": "Feature", "properties": { }, "geometry": { "type": "Polygon", "coordinates": [ [ [ 77.434971658245317, 23.22902829535402 ], [ 77.435085058245321, 23.22908189533166 ], [ 77.435115858245311, 23.229026795354645 ], [ 77.435002558245316, 23.228973195377019 ], [ 77.434971658245317, 23.22902829535402 ] ] ] } },
{ "type": "Feature", "properties": { }, "geometry": { "type": "Polygon", "coordinates": [ [ [ 77.440767258245302, 23.235580792619881 ], [ 77.440910758245323, 23.23559189261525 ], [ 77.440918758245317, 23.235504792651597 ], [ 77.440775258245324, 23.235493692656231 ], [ 77.440767258245302, 23.235580792619881 ] ] ] } },
{ "type": "Feature", "properties": { }, "geometry": { "type": "Polygon", "coordinates": [ [ [ 77.434955858245289, 23.233849593342324 ], [ 77.435094058245298, 23.233884693327674 ], [ 77.435133258245344, 23.233754493382012 ], [ 77.434995058245335, 23.233719393396658 ], [ 77.434955858245289, 23.233849593342324 ] ] ] } },
{ "type": "Feature", "properties": { }, "geometry": { "type": "Polygon", "coordinates": [ [ [ 77.439114958245327, 23.235708492566591 ], [ 77.439237158245305, 23.235730092557578 ], [ 77.43925565824533, 23.235642492594131 ], [ 77.439133358245314, 23.235620792603186 ], [ 77.439114958245327, 23.235708492566591 ] ] ] } },
{ "type": "Feature", "properties": { }, "geometry": { "type": "Polygon", "coordinates": [ [ [ 77.4386955582453, 23.237786591699312 ], [ 77.43885455824531, 23.237817991686207 ], [ 77.438884258245324, 23.237691091739165 ], [ 77.438725358245321, 23.237659691752281 ], [ 77.4386955582453, 23.237786591699312 ] ] ] } },
{ "type": "Feature", "properties": { }, "geometry": { "type": "Polygon", "coordinates": [ [ [ 77.437372858245325, 23.235497592654607 ], [ 77.437516658245329, 23.235530592640828 ], [ 77.437548458245317, 23.235413492689702 ], [ 77.437404658245327, 23.235380492703474 ], [ 77.437372858245325, 23.235497592654607 ] ] ] } },
{ "type": "Feature", "properties": { }, "geometry": { "type": "Polygon", "coordinates": [ [ [ 77.440757258245327, 23.235671292582118 ], [ 77.440912158245311, 23.23568239257748 ], [ 77.440919258245302, 23.235598292612568 ], [ 77.440764358245303, 23.23558719261721 ], [ 77.440757258245327, 23.235671292582118 ] ] ] } },
{ "type": "Feature", "properties": { }, "geometry": { "type": "Polygon", "coordinates": [ [ [ 77.440626958245318, 23.235435292680606 ], [ 77.440758358245319, 23.235447092675678 ], [ 77.440767258245302, 23.235362592710942 ], [ 77.440635858245329, 23.235350892715825 ], [ 77.440626958245318, 23.235435292680606 ] ] ] } },
{ "type": "Feature", "properties": { }, "geometry": { "type": "Polygon", "coordinates": [ [ [ 77.439767358245319, 23.236306292317114 ], [ 77.439881658245312, 23.236314092313851 ], [ 77.439893558245316, 23.236166592375419 ], [ 77.439779258245295, 23.236158792378667 ], [ 77.439767358245319, 23.236306292317114 ] ] ] } },
{ "type": "Feature", "properties": { }, "geometry": { "type": "Polygon", "coordinates": [ [ [ 77.43906815824532, 23.235059992837225 ], [ 77.439053358245317, 23.23517559278898 ], [ 77.439202358245325, 23.235191692782262 ], [ 77.439217158245327, 23.2350760928305 ], [ 77.43906815824532, 23.235059992837225 ] ] ] } },
{ "type": "Feature", "properties": { }, "geometry": { "type": "Polygon", "coordinates": [ [ [ 77.438195058245327, 23.235084692826916 ], [ 77.438171658245324, 23.235191992782138 ], [ 77.438486858245327, 23.23524989275797 ], [ 77.438510158245307, 23.235142692802707 ], [ 77.438195058245327, 23.235084692826916 ] ] ] } },
{ "type": "Feature", "properties": { }, "geometry": { "type": "Polygon", "coordinates": [ [ [ 77.439135858245308, 23.235613392606279 ], [ 77.439262558245304, 23.235636192596761 ], [ 77.439280258245304, 23.235553292631355 ], [ 77.439153458245329, 23.235530492640873 ], [ 77.439135858245308, 23.235613392606279 ] ] ] } },
{ "type": "Feature", "properties": { }, "geometry": { "type": "Polygon", "coordinates": [ [ [ 77.438746958245304, 23.236668392165992 ], [ 77.438909758245302, 23.236688592157559 ], [ 77.438926158245295, 23.23657649220435 ], [ 77.438763358245311, 23.236556392212734 ], [ 77.438746958245304, 23.236668392165992 ] ] ] } },
{ "type": "Feature", "properties": { }, "geometry": { "type": "Polygon", "coordinates": [ [ [ 77.438355858245302, 23.234342093136807 ], [ 77.438337958245313, 23.234444493094077 ], [ 77.438630558245322, 23.234487593076089 ], [ 77.438648458245311, 23.234385193118822 ], [ 77.438355858245302, 23.234342093136807 ] ] ] } },
{ "type": "Feature", "properties": { }, "geometry": { "type": "Polygon", "coordinates": [ [ [ 77.437196958245309, 23.237050292006607 ], [ 77.43731525824532, 23.237078591994798 ], [ 77.437333958245304, 23.237012692022301 ], [ 77.437215658245336, 23.236984292034148 ], [ 77.437196958245309, 23.237050292006607 ] ] ] } },
{ "type": "Feature", "properties": { }, "geometry": { "type": "Polygon", "coordinates": [ [ [ 77.439975258245326, 23.236678792161651 ], [ 77.440117858245344, 23.236692492155935 ], [ 77.440127458245328, 23.236608592190947 ], [ 77.439984858245325, 23.236594792196705 ], [ 77.439975258245326, 23.236678792161651 ] ] ] } },
{ "type": "Feature", "properties": { }, "geometry": { "type": "Polygon", "coordinates": [ [ [ 77.433726558245311, 23.23267239383355 ], [ 77.43389755824532, 23.23256269387932 ], [ 77.433784258245311, 23.232413593941537 ], [ 77.433643458245314, 23.232492493908612 ], [ 77.433726558245311, 23.23267239383355 ] ] ] } },
{ "type": "Feature", "properties": { }, "geometry": { "type": "Polygon", "coordinates": [ [ [ 77.437159358245324, 23.237198491944756 ], [ 77.437301158245319, 23.237236091929063 ], [ 77.437323358245322, 23.237165491958528 ], [ 77.437181558245328, 23.237127891974218 ], [ 77.437159358245324, 23.237198491944756 ] ] ] } },
{ "type": "Feature", "properties": { }, "geometry": { "type": "Polygon", "coordinates": [ [ [ 77.439940258245329, 23.236796992112321 ], [ 77.440089658245327, 23.236811692106187 ], [ 77.440101158245312, 23.236713392147209 ], [ 77.439951658245306, 23.236698692153347 ], [ 77.439940258245329, 23.236796992112321 ] ] ] } },
{ "type": "Feature", "properties": { }, "geometry": { "type": "Polygon", "coordinates": [ [ [ 77.439936258245325, 23.235063592835722 ], [ 77.440055858245302, 23.235069492833254 ], [ 77.440063258245331, 23.234941892886507 ], [ 77.439943658245312, 23.23493609288893 ], [ 77.439936258245325, 23.235063592835722 ] ] ] } },
{ "type": "Feature", "properties": { }, "geometry": { "type": "Polygon", "coordinates": [ [ [ 77.439014458245325, 23.235416092688613 ], [ 77.439164058245311, 23.235435392680561 ], [ 77.439180158245307, 23.235329992724544 ], [ 77.439030558245321, 23.235310792732555 ], [ 77.439014458245325, 23.235416092688613 ] ] ] } },
{ "type": "Feature", "properties": { }, "geometry": { "type": "Polygon", "coordinates": [ [ [ 77.440097658245307, 23.236806592108319 ], [ 77.440260158245323, 23.236822192101801 ], [ 77.440272658245306, 23.236711092148173 ], [ 77.440110258245326, 23.236695592154639 ], [ 77.440097658245307, 23.236806592108319 ] ] ] } },
{ "type": "Feature", "properties": { }, "geometry": { "type": "Polygon", "coordinates": [ [ [ 77.440789258245303, 23.235458792670794 ], [ 77.440912658245324, 23.235467992666958 ], [ 77.440921158245317, 23.235371992707016 ], [ 77.44079775824531, 23.2353626927109 ], [ 77.440789258245303, 23.235458792670794 ] ] ] } },
{ "type": "Feature", "properties": { }, "geometry": { "type": "Polygon", "coordinates": [ [ [ 77.437191658245325, 23.237123491976057 ], [ 77.437298658245311, 23.237147691965959 ], [ 77.437314658245299, 23.237087691991 ], [ 77.437207758245293, 23.237063492001102 ], [ 77.437191658245325, 23.237123491976057 ] ] ] } },
{ "type": "Feature", "properties": { }, "geometry": { "type": "Polygon", "coordinates": [ [ [ 77.44107955824532, 23.23547909266232 ], [ 77.441202258245312, 23.235490792657444 ], [ 77.441219558245308, 23.23533769272133 ], [ 77.441096858245317, 23.235325992726217 ], [ 77.44107955824532, 23.23547909266232 ] ] ] } },
{ "type": "Feature", "properties": { }, "geometry": { "type": "Polygon", "coordinates": [ [ [ 77.438311058245318, 23.234599293029479 ], [ 77.438580858245302, 23.234642793011322 ], [ 77.438597058245307, 23.234557793046793 ], [ 77.438327258245323, 23.234514293064944 ], [ 77.438311058245318, 23.234599293029479 ] ] ] } },
{ "type": "Feature", "properties": { }, "geometry": { "type": "Polygon", "coordinates": [ [ [ 77.438658158245303, 23.237896591653396 ], [ 77.438638258245319, 23.237981791617841 ], [ 77.438803158245307, 23.23801429160428 ], [ 77.438823058245319, 23.237929091639835 ], [ 77.438658158245303, 23.237896591653396 ] ] ] } },
{ "type": "Feature", "properties": { }, "geometry": { "type": "Polygon", "coordinates": [ [ [ 77.441263958245315, 23.23531089273251 ], [ 77.441407658245296, 23.235318592729296 ], [ 77.441414258245331, 23.235215392772371 ], [ 77.441270558245307, 23.235207592775627 ], [ 77.441263958245315, 23.23531089273251 ] ] ] } },
{ "type": "Feature", "properties": { }, "geometry": { "type": "Polygon", "coordinates": [ [ [ 77.441358858245309, 23.233936293306144 ], [ 77.441574658245329, 23.233931193308269 ], [ 77.441569358245317, 23.233743793386473 ], [ 77.441353658245319, 23.233748893384348 ], [ 77.441358858245309, 23.233936293306144 ] ] ] } },
{ "type": "Feature", "properties": { }, "geometry": { "type": "Polygon", "coordinates": [ [ [ 77.439292558245342, 23.235020592853665 ], [ 77.439411058245327, 23.235028092850534 ], [ 77.439420858245313, 23.234898792904488 ], [ 77.439302358245314, 23.234891192907664 ], [ 77.439292558245342, 23.235020592853665 ] ] ] } },
{ "type": "Feature", "properties": { }, "geometry": { "type": "Polygon", "coordinates": [ [ [ 77.43862285824531, 23.237205591941802 ], [ 77.438787758245326, 23.237237891928313 ], [ 77.438812558245317, 23.23713139197276 ], [ 77.438647558245322, 23.237098991986283 ], [ 77.43862285824531, 23.237205591941802 ] ] ] } },
{ "type": "Feature", "properties": { }, "geometry": { "type": "Polygon", "coordinates": [ [ [ 77.433847758245321, 23.229318095233115 ], [ 77.433966758245319, 23.229416895191889 ], [ 77.434037058245323, 23.229345295221773 ], [ 77.433918058245325, 23.229246595262946 ], [ 77.433847758245321, 23.229318095233115 ] ] ] } },
{ "type": "Feature", "properties": { }, "geometry": { "type": "Polygon", "coordinates": [ [ [ 77.441224458245316, 23.235523492643797 ], [ 77.441359858245306, 23.235532092640206 ], [ 77.441368358245313, 23.235419992686992 ], [ 77.4412328582453, 23.235411392690576 ], [ 77.441224458245316, 23.235523492643797 ] ] ] } },
{ "type": "Feature", "properties": { }, "geometry": { "type": "Polygon", "coordinates": [ [ [ 77.433125958245313, 23.234115493231364 ], [ 77.433273558245318, 23.234296093156001 ], [ 77.433391558245305, 23.234214593190018 ], [ 77.4331716582453, 23.234065493252235 ], [ 77.433125958245313, 23.234115493231364 ] ] ] } },
{ "type": "Feature", "properties": { }, "geometry": { "type": "Polygon", "coordinates": [ [ [ 77.43887535824534, 23.236902392068338 ], [ 77.439054358245315, 23.236926492058277 ], [ 77.439071458245323, 23.236818592103315 ], [ 77.438892458245306, 23.236794592113323 ], [ 77.43887535824534, 23.236902392068338 ] ] ] } },
{ "type": "Feature", "properties": { }, "geometry": { "type": "Polygon", "coordinates": [ [ [ 77.438670358245318, 23.237892491655114 ], [ 77.438819958245318, 23.237921791642886 ], [ 77.438842558245298, 23.237824391683535 ], [ 77.438693058245292, 23.237795091695766 ], [ 77.438670358245318, 23.237892491655114 ] ] ] } },
{ "type": "Feature", "properties": { }, "geometry": { "type": "Polygon", "coordinates": [ [ [ 77.434637458245319, 23.234403293111264 ], [ 77.434704658245295, 23.234413593106968 ], [ 77.434730858245302, 23.234269993166894 ], [ 77.434663558245319, 23.23425969317119 ], [ 77.434637458245319, 23.234403293111264 ] ] ] } },
{ "type": "Feature", "properties": { }, "geometry": { "type": "Polygon", "coordinates": [ [ [ 77.440074858245325, 23.234374493123283 ], [ 77.440203558245329, 23.234350593133261 ], [ 77.440170858245324, 23.234201293195564 ], [ 77.440042158245305, 23.234225093185636 ], [ 77.440074858245325, 23.234374493123283 ] ] ] } },
{ "type": "Feature", "properties": { }, "geometry": { "type": "Polygon", "coordinates": [ [ [ 77.437709558245317, 23.234165993210297 ], [ 77.437686758245306, 23.23425289317403 ], [ 77.437820158245287, 23.234282493161672 ], [ 77.437842958245326, 23.234195593197938 ], [ 77.437709558245317, 23.234165993210297 ] ] ] } },
{ "type": "Feature", "properties": { }, "geometry": { "type": "Polygon", "coordinates": [ [ [ 77.441596958245313, 23.234182093203575 ], [ 77.441586458245311, 23.234404193110894 ], [ 77.441780258245316, 23.234462093086734 ], [ 77.441792758245327, 23.234182693203326 ], [ 77.441596958245313, 23.234182093203575 ] ] ] } },
{ "type": "Feature", "properties": { }, "geometry": { "type": "Polygon", "coordinates": [ [ [ 77.435142858245328, 23.23388749332651 ], [ 77.435303658245317, 23.233923093311656 ], [ 77.435342358245308, 23.233775493373244 ], [ 77.435181558245318, 23.233739893388105 ], [ 77.435142858245328, 23.23388749332651 ] ] ] } },
{ "type": "Feature", "properties": { }, "geometry": { "type": "Polygon", "coordinates": [ [ [ 77.438487358245297, 23.235822292519099 ], [ 77.438594658245307, 23.235834592513964 ], [ 77.43860825824531, 23.235735092555487 ], [ 77.438500958245299, 23.235722792560622 ], [ 77.438487358245297, 23.235822292519099 ] ] ] } },
{ "type": "Feature", "properties": { }, "geometry": { "type": "Polygon", "coordinates": [ [ [ 77.440005058245305, 23.236264192334676 ], [ 77.440157258245321, 23.236277792329005 ], [ 77.440167758245323, 23.236177892370701 ], [ 77.440015558245307, 23.236164292376376 ], [ 77.440005058245305, 23.236264192334676 ] ] ] } },
{ "type": "Feature", "properties": { }, "geometry": { "type": "Polygon", "coordinates": [ [ [ 77.438952258245308, 23.236572992205808 ], [ 77.439112758245315, 23.23658909219909 ], [ 77.439126858245316, 23.236470092248751 ], [ 77.43896635824531, 23.236454092255428 ], [ 77.438952258245308, 23.236572992205808 ] ] ] } },
{ "type": "Feature", "properties": { }, "geometry": { "type": "Polygon", "coordinates": [ [ [ 77.437094958245297, 23.236951692047757 ], [ 77.437221758245329, 23.236973892038495 ], [ 77.437238558245326, 23.236892692072388 ], [ 77.437111858245302, 23.236870492081646 ], [ 77.437094958245297, 23.236951692047757 ] ] ] } },
{ "type": "Feature", "properties": { }, "geometry": { "type": "Polygon", "coordinates": [ [ [ 77.439971158245328, 23.236586292200251 ], [ 77.440128658245328, 23.236598592195126 ], [ 77.440140958245308, 23.236466092250417 ], [ 77.439983458245308, 23.236453792255556 ], [ 77.439971158245328, 23.236586292200251 ] ] ] } },
{ "type": "Feature", "properties": { }, "geometry": { "type": "Polygon", "coordinates": [ [ [ 77.438015058245327, 23.237032292014124 ], [ 77.438114258245307, 23.237038492011532 ], [ 77.438124458245312, 23.23690109206888 ], [ 77.438025258245304, 23.236894892071462 ], [ 77.438015058245327, 23.237032292014124 ] ] ] } },
{ "type": "Feature", "properties": { }, "geometry": { "type": "Polygon", "coordinates": [ [ [ 77.440350858245324, 23.2350760928305 ], [ 77.440485658245322, 23.23508289282767 ], [ 77.440492258245314, 23.234971892873986 ], [ 77.440357458245316, 23.23496509287682 ], [ 77.440350858245324, 23.2350760928305 ] ] ] } },
{ "type": "Feature", "properties": { }, "geometry": { "type": "Polygon", "coordinates": [ [ [ 77.438518258245324, 23.237758591710996 ], [ 77.438670458245312, 23.237784491700186 ], [ 77.438693858245315, 23.23766809174877 ], [ 77.438541658245313, 23.237642291759538 ], [ 77.438518258245324, 23.237758591710996 ] ] ] } },
{ "type": "Feature", "properties": { }, "geometry": { "type": "Polygon", "coordinates": [ [ [ 77.433175658245304, 23.232847393760526 ], [ 77.433294958245313, 23.232813493774675 ], [ 77.433231558245311, 23.232624993853332 ], [ 77.433112258245316, 23.232658893839186 ], [ 77.433175658245304, 23.232847393760526 ] ] ] } },
{ "type": "Feature", "properties": { }, "geometry": { "type": "Polygon", "coordinates": [ [ [ 77.438911558245309, 23.236761892126971 ], [ 77.439052658245302, 23.236778292120132 ], [ 77.439064158245316, 23.236694692155019 ], [ 77.438922958245314, 23.236678292161859 ], [ 77.438911558245309, 23.236761892126971 ] ] ] } },
{ "type": "Feature", "properties": { }, "geometry": { "type": "Polygon", "coordinates": [ [ [ 77.439919558245307, 23.235067292834174 ], [ 77.439932958245322, 23.234926192893056 ], [ 77.439814258245292, 23.23491669289702 ], [ 77.43980085824532, 23.235057792838138 ], [ 77.439919558245307, 23.235067292834174 ] ] ] } },
{ "type": "Feature", "properties": { }, "geometry": { "type": "Polygon", "coordinates": [ [ [ 77.439058858245303, 23.236076892412843 ], [ 77.439149358245302, 23.236080592411298 ], [ 77.439154958245311, 23.23596479245963 ], [ 77.439064458245312, 23.235961092461167 ], [ 77.439058858245303, 23.236076892412843 ] ] ] } },
{ "type": "Feature", "properties": { }, "geometry": { "type": "Polygon", "coordinates": [ [ [ 77.434713158245302, 23.234421093103844 ], [ 77.434782158245312, 23.234432193099209 ], [ 77.434809558245306, 23.234287393159629 ], [ 77.434740658245317, 23.234276293164264 ], [ 77.434713158245302, 23.234421093103844 ] ] ] } },
{ "type": "Feature", "properties": { }, "geometry": { "type": "Polygon", "coordinates": [ [ [ 77.433398158245325, 23.228947995387518 ], [ 77.433484058245313, 23.228999195366164 ], [ 77.433530758245325, 23.228933095393739 ], [ 77.433444858245309, 23.228881895415103 ], [ 77.433398158245325, 23.228947995387518 ] ] ] } },
{ "type": "Feature", "properties": { }, "geometry": { "type": "Polygon", "coordinates": [ [ [ 77.440643058245328, 23.235215992772122 ], [ 77.440801258245301, 23.235231392765687 ], [ 77.440811758245317, 23.235140592803585 ], [ 77.440653558245316, 23.235125192810017 ], [ 77.440643058245328, 23.235215992772122 ] ] ] } },
{ "type": "Feature", "properties": { }, "geometry": { "type": "Polygon", "coordinates": [ [ [ 77.432846358245342, 23.234410693108181 ], [ 77.43298245824532, 23.23440939310872 ], [ 77.432968458245341, 23.234172693207505 ], [ 77.43287585824531, 23.234164093211085 ], [ 77.432846358245342, 23.234410693108181 ] ] ] } },
{ "type": "Feature", "properties": { }, "geometry": { "type": "Polygon", "coordinates": [ [ [ 77.439941958245328, 23.235213092773332 ], [ 77.440048558245309, 23.235217392771542 ], [ 77.44005355824531, 23.235113192815021 ], [ 77.439946958245315, 23.235108892816811 ], [ 77.439941958245328, 23.235213092773332 ] ] ] } },
{ "type": "Feature", "properties": { }, "geometry": { "type": "Polygon", "coordinates": [ [ [ 77.433551758245301, 23.229954794967465 ], [ 77.433686558245327, 23.230058894924031 ], [ 77.433757658245327, 23.229981194956451 ], [ 77.433622858245315, 23.229877094999885 ], [ 77.433551758245301, 23.229954794967465 ] ] ] } },
{ "type": "Feature", "properties": { }, "geometry": { "type": "Polygon", "coordinates": [ [ [ 77.437065758245339, 23.237003592026102 ], [ 77.437048758245311, 23.237063192001226 ], [ 77.43717235824532, 23.237092991988792 ], [ 77.437189358245305, 23.237033392013664 ], [ 77.437065758245339, 23.237003592026102 ] ] ] } },
{ "type": "Feature", "properties": { }, "geometry": { "type": "Polygon", "coordinates": [ [ [ 77.437750458245318, 23.23440019311256 ], [ 77.437863158245321, 23.234416793105634 ], [ 77.437877558245319, 23.23433399314019 ], [ 77.437764958245324, 23.234317393147112 ], [ 77.437750458245318, 23.23440019311256 ] ] ] } },
{ "type": "Feature", "properties": { }, "geometry": { "type": "Polygon", "coordinates": [ [ [ 77.438842758245329, 23.236215392355049 ], [ 77.438951458245313, 23.236221592352457 ], [ 77.438959358245313, 23.236102792402036 ], [ 77.438850758245323, 23.236096592404625 ], [ 77.438842758245329, 23.236215392355049 ] ] ] } },
{ "type": "Feature", "properties": { }, "geometry": { "type": "Polygon", "coordinates": [ [ [ 77.43854305824533, 23.237632291763713 ], [ 77.438695258245318, 23.237659991752157 ], [ 77.43871525824531, 23.23756719179088 ], [ 77.438563058245322, 23.237539391802482 ], [ 77.43854305824533, 23.237632291763713 ] ] ] } },
{ "type": "Feature", "properties": { }, "geometry": { "type": "Polygon", "coordinates": [ [ [ 77.43330735824533, 23.232811693775425 ], [ 77.433395758245311, 23.232783293787275 ], [ 77.433322358245306, 23.23259089386756 ], [ 77.43323395824531, 23.232619393855668 ], [ 77.43330735824533, 23.232811693775425 ] ] ] } },
{ "type": "Feature", "properties": { }, "geometry": { "type": "Polygon", "coordinates": [ [ [ 77.439367158245318, 23.233589293450947 ], [ 77.439519358245306, 23.233608393442978 ], [ 77.439544358245314, 23.233440393513078 ], [ 77.439392158245326, 23.233421293521051 ], [ 77.439367158245318, 23.233589293450947 ] ] ] } },
{ "type": "Feature", "properties": { }, "geometry": { "type": "Polygon", "coordinates": [ [ [ 77.440812658245321, 23.235240592761848 ], [ 77.440961758245322, 23.235256192755347 ], [ 77.440972258245324, 23.235171092790861 ], [ 77.440823258245302, 23.235155492797368 ], [ 77.440812658245321, 23.235240592761848 ] ] ] } },
{ "type": "Feature", "properties": { }, "geometry": { "type": "Polygon", "coordinates": [ [ [ 77.43923635824531, 23.235169792791407 ], [ 77.439300658245315, 23.235176192788732 ], [ 77.439317458245313, 23.23503509284761 ], [ 77.439253158245307, 23.235028692850285 ], [ 77.43923635824531, 23.235169792791407 ] ] ] } },
{ "type": "Feature", "properties": { }, "geometry": { "type": "Polygon", "coordinates": [ [ [ 77.441208958245312, 23.235631292598804 ], [ 77.441339058245319, 23.235641792594418 ], [ 77.441348258245313, 23.235545292634697 ], [ 77.44121815824532, 23.235534792639079 ], [ 77.441208958245312, 23.235631292598804 ] ] ] } },
{ "type": "Feature", "properties": { }, "geometry": { "type": "Polygon", "coordinates": [ [ [ 77.433612858245311, 23.229578295124551 ], [ 77.433559558245321, 23.229634095101279 ], [ 77.433683658245315, 23.229733895059635 ], [ 77.433736858245325, 23.229678095082917 ], [ 77.433612858245311, 23.229578295124551 ] ] ] } },
{ "type": "Feature", "properties": { }, "geometry": { "type": "Polygon", "coordinates": [ [ [ 77.438976058245302, 23.236076892412843 ], [ 77.439050558245313, 23.236080492411343 ], [ 77.43905785824532, 23.235951692465097 ], [ 77.438983458245318, 23.2359480924666 ], [ 77.438976058245302, 23.236076892412843 ] ] ] } },
{ "type": "Feature", "properties": { }, "geometry": { "type": "Polygon", "coordinates": [ [ [ 77.437721658245323, 23.234484293077468 ], [ 77.437741058245308, 23.234381093120533 ], [ 77.437669358245316, 23.234369693125288 ], [ 77.437649858245308, 23.234472893082224 ], [ 77.437721658245323, 23.234484293077468 ] ] ] } },
{ "type": "Feature", "properties": { }, "geometry": { "type": "Polygon", "coordinates": [ [ [ 77.433297658245323, 23.229920894981607 ], [ 77.433445858245321, 23.230061994922742 ], [ 77.433520858245302, 23.229995494950487 ], [ 77.433372658245318, 23.229854295009396 ], [ 77.433297658245323, 23.229920894981607 ] ] ] } },
{ "type": "Feature", "properties": { }, "geometry": { "type": "Polygon", "coordinates": [ [ [ 77.438225858245318, 23.237373191871839 ], [ 77.43833585824531, 23.237393491863372 ], [ 77.438350458245324, 23.237326591891289 ], [ 77.438240558245312, 23.237306291899767 ], [ 77.438225858245318, 23.237373191871839 ] ] ] } },
{ "type": "Feature", "properties": { }, "geometry": { "type": "Polygon", "coordinates": [ [ [ 77.439091558245337, 23.235820392519894 ], [ 77.439216958245311, 23.235840192511628 ], [ 77.43923635824531, 23.235735792555197 ], [ 77.439110958245308, 23.23571599256346 ], [ 77.439091558245337, 23.235820392519894 ] ] ] } },
{ "type": "Feature", "properties": { }, "geometry": { "type": "Polygon", "coordinates": [ [ [ 77.441200258245289, 23.235745892550984 ], [ 77.441333758245307, 23.235756392546602 ], [ 77.441343358245305, 23.23565249258996 ], [ 77.441209958245295, 23.235641992594342 ], [ 77.441200258245289, 23.235745892550984 ] ] ] } },
{ "type": "Feature", "properties": { }, "geometry": { "type": "Polygon", "coordinates": [ [ [ 77.437096658245324, 23.237463091834321 ], [ 77.437219358245315, 23.237488991823518 ], [ 77.437239058245325, 23.23741009185645 ], [ 77.437116358245305, 23.237384191867253 ], [ 77.437096658245324, 23.237463091834321 ] ] ] } },
{ "type": "Feature", "properties": { }, "geometry": { "type": "Polygon", "coordinates": [ [ [ 77.433536658245316, 23.229654395092805 ], [ 77.433460058245302, 23.229734995059179 ], [ 77.433607658245307, 23.229853295009818 ], [ 77.433684258245322, 23.229772695043447 ], [ 77.433536658245316, 23.229654395092805 ] ] ] } },
{ "type": "Feature", "properties": { }, "geometry": { "type": "Polygon", "coordinates": [ [ [ 77.433646658245308, 23.229886694995884 ], [ 77.433789458245329, 23.229995594950452 ], [ 77.433858858245316, 23.229918694982533 ], [ 77.433716058245295, 23.229809895027927 ], [ 77.433646658245308, 23.229886694995884 ] ] ] } },
{ "type": "Feature", "properties": { }, "geometry": { "type": "Polygon", "coordinates": [ [ [ 77.437845658245308, 23.234617693021796 ], [ 77.437922258245308, 23.234629793016747 ], [ 77.437942358245309, 23.234522593061488 ], [ 77.437865758245309, 23.234510493066534 ], [ 77.437845658245308, 23.234617693021796 ] ] ] } },
{ "type": "Feature", "properties": { }, "geometry": { "type": "Polygon", "coordinates": [ [ [ 77.439857458245328, 23.235225092768324 ], [ 77.439931858245302, 23.235229092766652 ], [ 77.439940158245321, 23.235096892821826 ], [ 77.439865858245327, 23.235092892823495 ], [ 77.439857458245328, 23.235225092768324 ] ] ] } },
{ "type": "Feature", "properties": { }, "geometry": { "type": "Polygon", "coordinates": [ [ [ 77.438735858245323, 23.237648891756781 ], [ 77.438867258245324, 23.237669791748054 ], [ 77.438880258245305, 23.237600991776777 ], [ 77.438748858245319, 23.237580091785496 ], [ 77.438735858245323, 23.237648891756781 ] ] ] } },
{ "type": "Feature", "properties": { }, "geometry": { "type": "Polygon", "coordinates": [ [ [ 77.437855458245323, 23.234198793196601 ], [ 77.437832158245314, 23.234281193162222 ], [ 77.437961458245312, 23.234312093149327 ], [ 77.437984758245321, 23.23422969318371 ], [ 77.437855458245323, 23.234198793196601 ] ] ] } },
{ "type": "Feature", "properties": { }, "geometry": { "type": "Polygon", "coordinates": [ [ [ 77.437121858245305, 23.237371291872638 ], [ 77.437244558245325, 23.237403691859118 ], [ 77.437264458245309, 23.237339891885746 ], [ 77.437141758245318, 23.237307491899269 ], [ 77.437121858245305, 23.237371291872638 ] ] ] } },
{ "type": "Feature", "properties": { }, "geometry": { "type": "Polygon", "coordinates": [ [ [ 77.438599258245318, 23.235575492622093 ], [ 77.438587558245317, 23.235700092570099 ], [ 77.438709158245302, 23.235709792566052 ], [ 77.43872085824529, 23.23558519261805 ], [ 77.438599258245318, 23.235575492622093 ] ] ] } },
{ "type": "Feature", "properties": { }, "geometry": { "type": "Polygon", "coordinates": [ [ [ 77.437995358245317, 23.234528893058854 ], [ 77.438126658245324, 23.234555393047795 ], [ 77.438154558245287, 23.234439193096286 ], [ 77.438023258245309, 23.234412593107386 ], [ 77.437995358245317, 23.234528893058854 ] ] ] } },
{ "type": "Feature", "properties": { }, "geometry": { "type": "Polygon", "coordinates": [ [ [ 77.434427158245327, 23.234409693108599 ], [ 77.434533658245329, 23.234427893101003 ], [ 77.434572458245313, 23.234234993181502 ], [ 77.434466058245306, 23.234216893189053 ], [ 77.434427158245327, 23.234409693108599 ] ] ] } },
{ "type": "Feature", "properties": { }, "geometry": { "type": "Polygon", "coordinates": [ [ [ 77.437004758245322, 23.237237991928275 ], [ 77.437121158245318, 23.237265591916756 ], [ 77.437139958245311, 23.23719869194467 ], [ 77.437023458245307, 23.237171191956154 ], [ 77.437004758245322, 23.237237991928275 ] ] ] } },
{ "type": "Feature", "properties": { }, "geometry": { "type": "Polygon", "coordinates": [ [ [ 77.437101058245318, 23.236853692088658 ], [ 77.437229058245308, 23.236877492078733 ], [ 77.437246358245304, 23.236798592111658 ], [ 77.437118358245328, 23.236774892121542 ], [ 77.437101058245318, 23.236853692088658 ] ] ] } },
{ "type": "Feature", "properties": { }, "geometry": { "type": "Polygon", "coordinates": [ [ [ 77.437942858245307, 23.236736092137743 ], [ 77.438022958245327, 23.236747992132777 ], [ 77.438062558245321, 23.23652369222637 ], [ 77.43798245824533, 23.236511792231351 ], [ 77.437942858245307, 23.236736092137743 ] ] ] } },
{ "type": "Feature", "properties": { }, "geometry": { "type": "Polygon", "coordinates": [ [ [ 77.438603358245317, 23.237289091906948 ], [ 77.438762958245306, 23.237319891894089 ], [ 77.438780958245317, 23.237241391926851 ], [ 77.438621358245328, 23.237210591939711 ], [ 77.438603358245317, 23.237289091906948 ] ] ] } },
{ "type": "Feature", "properties": { }, "geometry": { "type": "Polygon", "coordinates": [ [ [ 77.437865758245309, 23.234506193068331 ], [ 77.437947658245321, 23.234518093063361 ], [ 77.437965758245298, 23.23441299310722 ], [ 77.437883858245328, 23.234400993112224 ], [ 77.437865758245309, 23.234506193068331 ] ] ] } },
{ "type": "Feature", "properties": { }, "geometry": { "type": "Polygon", "coordinates": [ [ [ 77.439784458245313, 23.236149292382635 ], [ 77.439904258245292, 23.236156192379745 ], [ 77.439914058245321, 23.236012392439765 ], [ 77.439794158245306, 23.236005492442647 ], [ 77.439784458245313, 23.236149292382635 ] ] ] } },
{ "type": "Feature", "properties": { }, "geometry": { "type": "Polygon", "coordinates": [ [ [ 77.438739158245326, 23.237573091788416 ], [ 77.438885058245319, 23.237598391777855 ], [ 77.438897858245326, 23.237535991803902 ], [ 77.438751958245305, 23.237510791814419 ], [ 77.438739158245326, 23.237573091788416 ] ] ] } },
{ "type": "Feature", "properties": { }, "geometry": { "type": "Polygon", "coordinates": [ [ [ 77.43892015824531, 23.236666692166704 ], [ 77.439074158245319, 23.236689592157145 ], [ 77.439089258245303, 23.236603392193121 ], [ 77.438935358245303, 23.236580592202635 ], [ 77.43892015824531, 23.236666692166704 ] ] ] } },
{ "type": "Feature", "properties": { }, "geometry": { "type": "Polygon", "coordinates": [ [ [ 77.439660658245302, 23.235047592842395 ], [ 77.439786058245318, 23.235056192838805 ], [ 77.439797558245317, 23.234915392897566 ], [ 77.43967215824533, 23.23490679290116 ], [ 77.439660658245302, 23.235047592842395 ] ] ] } },
{ "type": "Feature", "properties": { }, "geometry": { "type": "Polygon", "coordinates": [ [ [ 77.437943558245308, 23.235261592753091 ], [ 77.437978458245325, 23.235113692814814 ], [ 77.437851658245307, 23.235088492825327 ], [ 77.437816758245319, 23.235236292763648 ], [ 77.437943558245308, 23.235261592753091 ] ] ] } },
{ "type": "Feature", "properties": { }, "geometry": { "type": "Polygon", "coordinates": [ [ [ 77.433704058245311, 23.229788395036895 ], [ 77.43386565824531, 23.229912894984952 ], [ 77.433936958245326, 23.229834695017573 ], [ 77.433775358245327, 23.229710195069515 ], [ 77.433704058245311, 23.229788395036895 ] ] ] } },
{ "type": "Feature", "properties": { }, "geometry": { "type": "Polygon", "coordinates": [ [ [ 77.439693258245313, 23.236139892386554 ], [ 77.439772358245321, 23.236144792384511 ], [ 77.439781758245303, 23.236016692437971 ], [ 77.439702558245315, 23.236011792440014 ], [ 77.439693258245313, 23.236139892386554 ] ] ] } },
{ "type": "Feature", "properties": { }, "geometry": { "type": "Polygon", "coordinates": [ [ [ 77.433771358245323, 23.229416495192059 ], [ 77.433905558245314, 23.229526195146285 ], [ 77.433981958245312, 23.229447295179206 ], [ 77.433847858245301, 23.229337595224973 ], [ 77.433771358245323, 23.229416495192059 ] ] ] } },
{ "type": "Feature", "properties": { }, "geometry": { "type": "Polygon", "coordinates": [ [ [ 77.439068058245297, 23.236253592339107 ], [ 77.439183258245322, 23.236259992336436 ], [ 77.439192058245339, 23.236126192392273 ], [ 77.439076858245315, 23.2361198923949 ], [ 77.439068058245297, 23.236253592339107 ] ] ] } },
{ "type": "Feature", "properties": { }, "geometry": { "type": "Polygon", "coordinates": [ [ [ 77.438794158245329, 23.237305991899891 ], [ 77.438951758245324, 23.237328791890377 ], [ 77.438962658245302, 23.23726509191696 ], [ 77.438805058245322, 23.237242291926481 ], [ 77.438794158245329, 23.237305991899891 ] ] ] } },
{ "type": "Feature", "properties": { }, "geometry": { "type": "Polygon", "coordinates": [ [ [ 77.438566558245313, 23.237530591806156 ], [ 77.438716758245306, 23.237556491795345 ], [ 77.438733658245326, 23.237473591829946 ], [ 77.438583458245304, 23.23744769184075 ], [ 77.438566558245313, 23.237530591806156 ] ] ] } },
{ "type": "Feature", "properties": { }, "geometry": { "type": "Polygon", "coordinates": [ [ [ 77.439526558245305, 23.235051292840851 ], [ 77.439653958245302, 23.235059292837512 ], [ 77.43966465824532, 23.234916092897276 ], [ 77.439537258245323, 23.234908092900614 ], [ 77.439526558245305, 23.235051292840851 ] ] ] } },
{ "type": "Feature", "properties": { }, "geometry": { "type": "Polygon", "coordinates": [ [ [ 77.433456758245327, 23.229746395054413 ], [ 77.433387358245312, 23.229823895022083 ], [ 77.433527758245319, 23.229930094977778 ], [ 77.433597158245306, 23.229852595010112 ], [ 77.433456758245327, 23.229746395054413 ] ] ] } },
{ "type": "Feature", "properties": { }, "geometry": { "type": "Polygon", "coordinates": [ [ [ 77.438028758245295, 23.235589392616291 ], [ 77.438150758245328, 23.235609692607824 ], [ 77.438171558245315, 23.235504592651679 ], [ 77.438049458245317, 23.235484292660153 ], [ 77.438028758245295, 23.235589392616291 ] ] ] } },
{ "type": "Feature", "properties": { }, "geometry": { "type": "Polygon", "coordinates": [ [ [ 77.433928058245328, 23.229825295021499 ], [ 77.434004258245309, 23.229742995055833 ], [ 77.433853658245312, 23.229625195104987 ], [ 77.433777458245302, 23.229707595070607 ], [ 77.433928058245328, 23.229825295021499 ] ] ] } },
{ "type": "Feature", "properties": { }, "geometry": { "type": "Polygon", "coordinates": [ [ [ 77.438863758245319, 23.236065792417481 ], [ 77.438973058245324, 23.236069192416057 ], [ 77.438977658245321, 23.235944392468138 ], [ 77.438868358245315, 23.235940992469562 ], [ 77.438863758245319, 23.236065792417481 ] ] ] } },
{ "type": "Feature", "properties": { }, "geometry": { "type": "Polygon", "coordinates": [ [ [ 77.437994458245328, 23.234233893181955 ], [ 77.437974858245312, 23.234313393148785 ], [ 77.438107358245318, 23.234340893137304 ], [ 77.438126958245306, 23.234261493170443 ], [ 77.437994458245328, 23.234233893181955 ] ] ] } },
{ "type": "Feature", "properties": { }, "geometry": { "type": "Polygon", "coordinates": [ [ [ 77.433698358245294, 23.229491295160848 ], [ 77.43382065824531, 23.229587295120801 ], [ 77.433886758245322, 23.22951619515046 ], [ 77.433764558245329, 23.229420095190555 ], [ 77.433698358245294, 23.229491295160848 ] ] ] } },
{ "type": "Feature", "properties": { }, "geometry": { "type": "Polygon", "coordinates": [ [ [ 77.440655758245313, 23.235117192813352 ], [ 77.440812658245321, 23.235131392807428 ], [ 77.440820458245312, 23.235058592837809 ], [ 77.440663558245319, 23.235044392843733 ], [ 77.440655758245313, 23.235117192813352 ] ] ] } },
{ "type": "Feature", "properties": { }, "geometry": { "type": "Polygon", "coordinates": [ [ [ 77.440183258245312, 23.235034492847863 ], [ 77.440333458245306, 23.235040692845278 ], [ 77.44033745824531, 23.234957692879913 ], [ 77.440187258245302, 23.234951492882502 ], [ 77.440183258245312, 23.235034492847863 ] ] ] } },
{ "type": "Feature", "properties": { }, "geometry": { "type": "Polygon", "coordinates": [ [ [ 77.43860155824531, 23.237298891902856 ], [ 77.438573558245324, 23.237435091846013 ], [ 77.438736158245305, 23.237463291834246 ], [ 77.438764058245326, 23.237326991891123 ], [ 77.43860155824531, 23.237298891902856 ] ] ] } },
{ "type": "Feature", "properties": { }, "geometry": { "type": "Polygon", "coordinates": [ [ [ 77.438260758245306, 23.23723519192944 ], [ 77.438377758245323, 23.237249691923385 ], [ 77.438397958245318, 23.237112891980484 ], [ 77.438280858245307, 23.237098391986532 ], [ 77.438260758245306, 23.23723519192944 ] ] ] } },
{ "type": "Feature", "properties": { }, "geometry": { "type": "Polygon", "coordinates": [ [ [ 77.438005258245326, 23.236443992259645 ], [ 77.438240658245306, 23.236479092244998 ], [ 77.438254958245324, 23.236398292278714 ], [ 77.438019558245315, 23.236363192293361 ], [ 77.438005258245326, 23.236443992259645 ] ] ] } },
{ "type": "Feature", "properties": { }, "geometry": { "type": "Polygon", "coordinates": [ [ [ 77.438902458245295, 23.235847592508538 ], [ 77.43904445824532, 23.235869892499231 ], [ 77.439071258245306, 23.235725692559409 ], [ 77.438929258245324, 23.23570339256872 ], [ 77.438902458245295, 23.235847592508538 ] ] ] } },
{ "type": "Feature", "properties": { }, "geometry": { "type": "Polygon", "coordinates": [ [ [ 77.433932958245322, 23.234565893043413 ], [ 77.433938358245314, 23.234585693035154 ], [ 77.434243458245319, 23.234623193019502 ], [ 77.434288058245315, 23.234455093089654 ], [ 77.434064758245341, 23.234414393106643 ], [ 77.433932958245322, 23.234565893043413 ] ] ] } },
{ "type": "Feature", "properties": { }, "geometry": { "type": "Polygon", "coordinates": [ [ [ 77.434155758245311, 23.234293693157003 ], [ 77.434158958245305, 23.234315793147779 ], [ 77.434408558245295, 23.234384293119199 ], [ 77.434455558245304, 23.234207493192979 ], [ 77.434283258245316, 23.234158193213549 ], [ 77.434155758245311, 23.234293693157003 ] ] ] } },
{ "type": "Feature", "properties": { }, "geometry": { "type": "Polygon", "coordinates": [ [ [ 77.429764358245308, 23.2279168958177 ], [ 77.429738458245311, 23.227930995811821 ], [ 77.429727458245324, 23.227913795818996 ], [ 77.429628458245304, 23.227967395796629 ], [ 77.429639458245319, 23.227984495789499 ], [ 77.429616258245318, 23.227997095784239 ], [ 77.429661858245311, 23.228068295754539 ], [ 77.429698158245316, 23.228048695762713 ], [ 77.429705158245312, 23.228059795758082 ], [ 77.429783758245321, 23.228017195775855 ], [ 77.42977675824531, 23.228006195780441 ], [ 77.429810058245295, 23.227988195787955 ], [ 77.429764358245308, 23.2279168958177 ] ] ] } },
{ "type": "Feature", "properties": { }, "geometry": { "type": "Polygon", "coordinates": [ [ [ 77.42997215824532, 23.228385695622112 ], [ 77.430072258245318, 23.228360895632466 ], [ 77.430045258245315, 23.22825679567589 ], [ 77.430122158245325, 23.228258495675188 ], [ 77.430106358245311, 23.228161395715695 ], [ 77.430039258245316, 23.228170595711862 ], [ 77.430046358245306, 23.228213895693791 ], [ 77.430009158245326, 23.228219095691625 ], [ 77.429988758245329, 23.228145195722455 ], [ 77.429890858245315, 23.22815139571987 ], [ 77.42990315824531, 23.228251595678064 ], [ 77.42983595824532, 23.228268895670848 ], [ 77.429853558245327, 23.22835299563576 ], [ 77.429917858245304, 23.228348095637802 ], [ 77.429946958245324, 23.228310795653368 ], [ 77.42997215824532, 23.228385695622112 ] ] ] } },
{ "type": "Feature", "properties": { }, "geometry": { "type": "Polygon", "coordinates": [ [ [ 77.431202358245329, 23.227449296012772 ], [ 77.43120435824531, 23.227468896004599 ], [ 77.431190158245329, 23.227470096004101 ], [ 77.431196358245316, 23.227528695979654 ], [ 77.431261258245314, 23.227522895982069 ], [ 77.431262658245316, 23.22753639597644 ], [ 77.431286758245321, 23.227534295977321 ], [ 77.431284758245326, 23.227515495985156 ], [ 77.43134965824531, 23.227509695987578 ], [ 77.431343358245314, 23.227450196012398 ], [ 77.431328458245318, 23.227451596011814 ], [ 77.431327058245301, 23.227438296017365 ], [ 77.431293458245321, 23.227441196016159 ], [ 77.431295158245334, 23.22745729600944 ], [ 77.431237458245292, 23.22746249600727 ], [ 77.431235758245322, 23.227446396013992 ], [ 77.431202358245329, 23.227449296012772 ] ] ] } },
{ "type": "Feature", "properties": { }, "geometry": { "type": "Polygon", "coordinates": [ [ [ 77.432739858245313, 23.22778469587286 ], [ 77.432780558245312, 23.227914195818823 ], [ 77.432959958245306, 23.227866595838687 ], [ 77.432919158245326, 23.227736995892759 ], [ 77.432739858245313, 23.22778469587286 ] ] ] } },
{ "type": "Feature", "properties": { }, "geometry": { "type": "Polygon", "coordinates": [ [ [ 77.432682958245309, 23.227605895947441 ], [ 77.432878758245323, 23.227594195952328 ], [ 77.432872558245307, 23.227507795988373 ], [ 77.432676758245321, 23.22751949598349 ], [ 77.432682958245309, 23.227605895947441 ] ] ] } },
{ "type": "Feature", "properties": { }, "geometry": { "type": "Polygon", "coordinates": [ [ [ 77.432848658245319, 23.227296896076361 ], [ 77.432883858245305, 23.227423696023454 ], [ 77.432993358245312, 23.227398096034136 ], [ 77.432958158245313, 23.227271296087032 ], [ 77.432848658245319, 23.227296896076361 ] ] ] } },
{ "type": "Feature", "properties": { }, "geometry": { "type": "Polygon", "coordinates": [ [ [ 77.429083858245306, 23.228104995739223 ], [ 77.429244158245325, 23.228147495721498 ], [ 77.42927415824532, 23.228052095761296 ], [ 77.429113858245302, 23.228009595779021 ], [ 77.429083858245306, 23.228104995739223 ] ] ] } },
{ "type": "Feature", "properties": { }, "geometry": { "type": "Polygon", "coordinates": [ [ [ 77.428589058245322, 23.227054396177518 ], [ 77.428690458245313, 23.22710229615754 ], [ 77.428773558245325, 23.22695379621949 ], [ 77.428672158245305, 23.226905896239476 ], [ 77.428589058245322, 23.227054396177518 ] ] ] } },
{ "type": "Feature", "properties": { }, "geometry": { "type": "Polygon", "coordinates": [ [ [ 77.432653658245314, 23.227365996047531 ], [ 77.432680858245305, 23.227486595997217 ], [ 77.432854658245319, 23.227453496011023 ], [ 77.432827458245328, 23.227332896061341 ], [ 77.432653658245314, 23.227365996047531 ] ] ] } },
{ "type": "Feature", "properties": { }, "geometry": { "type": "Polygon", "coordinates": [ [ [ 77.428922958245323, 23.227003296198838 ], [ 77.428880758245327, 23.227154296135851 ], [ 77.429036958245305, 23.227191196120451 ], [ 77.429079158245315, 23.227040196183445 ], [ 77.428922958245323, 23.227003296198838 ] ] ] } },
{ "type": "Feature", "properties": { }, "geometry": { "type": "Polygon", "coordinates": [ [ [ 77.432869958245305, 23.228073595752324 ], [ 77.432936258245306, 23.228168095712903 ], [ 77.433071658245325, 23.228087995746318 ], [ 77.433005458245304, 23.227993495785736 ], [ 77.432869958245305, 23.228073595752324 ] ] ] } },
{ "type": "Feature", "properties": { }, "geometry": { "type": "Polygon", "coordinates": [ [ [ 77.432714658245303, 23.227638295933932 ], [ 77.43274205824531, 23.227733895894044 ], [ 77.432840158245327, 23.227710195903935 ], [ 77.432848458245303, 23.227739095891877 ], [ 77.432885158245313, 23.227730295895544 ], [ 77.432849458245329, 23.227605595947573 ], [ 77.432714658245303, 23.227638295933932 ] ] ] } },
{ "type": "Feature", "properties": { }, "geometry": { "type": "Polygon", "coordinates": [ [ [ 77.433047058245293, 23.227995895784741 ], [ 77.433113058245326, 23.228090895745108 ], [ 77.433217458245309, 23.228029595770682 ], [ 77.433195858245327, 23.227998595783617 ], [ 77.433185858245309, 23.228004495781157 ], [ 77.433141358245322, 23.227940495807854 ], [ 77.433047058245293, 23.227995895784741 ] ] ] } },
{ "type": "Feature", "properties": { }, "geometry": { "type": "Polygon", "coordinates": [ [ [ 77.430721658245304, 23.227642195932301 ], [ 77.430613358245324, 23.227733695894134 ], [ 77.430668858245312, 23.227789095871021 ], [ 77.430712058245319, 23.227752595886244 ], [ 77.430729058245319, 23.227769595879156 ], [ 77.430751558245305, 23.227750595887077 ], [ 77.430736458245306, 23.22773549589337 ], [ 77.430778958245313, 23.2276994959084 ], [ 77.430721658245304, 23.227642195932301 ] ] ] } },
{ "type": "Feature", "properties": { }, "geometry": { "type": "Polygon", "coordinates": [ [ [ 77.430321858245321, 23.227956195801301 ], [ 77.430422458245303, 23.227861595840775 ], [ 77.430361758245311, 23.227807095863508 ], [ 77.430335958245323, 23.227831395853368 ], [ 77.430343758245314, 23.227838295850489 ], [ 77.430301258245322, 23.227878195833842 ], [ 77.430293558245296, 23.227871295836721 ], [ 77.430261258245309, 23.227901695824041 ], [ 77.430321858245321, 23.227956195801301 ] ] ] } },
{ "type": "Feature", "properties": { }, "geometry": { "type": "Polygon", "coordinates": [ [ [ 77.430918458245316, 23.227590695953786 ], [ 77.430802358245302, 23.227683995914862 ], [ 77.430854958245305, 23.227739295891794 ], [ 77.430898658245312, 23.227704195906437 ], [ 77.430915658245326, 23.227721995899007 ], [ 77.430939858245324, 23.227702595907108 ], [ 77.430922858245324, 23.227684695914572 ], [ 77.430971058245305, 23.227645995930715 ], [ 77.430918458245316, 23.227590695953786 ] ] ] } },
{ "type": "Feature", "properties": { }, "geometry": { "type": "Polygon", "coordinates": [ [ [ 77.431002658245319, 23.227537595975939 ], [ 77.431030358245309, 23.227605995947403 ], [ 77.431094058245307, 23.227584195956503 ], [ 77.431100058245306, 23.227598995950324 ], [ 77.431123958245323, 23.227590795953741 ], [ 77.431117958245324, 23.227575995959921 ], [ 77.431171158245292, 23.22755779596751 ], [ 77.431143458245302, 23.227489395996045 ], [ 77.431002658245319, 23.227537595975939 ] ] ] } },
{ "type": "Feature", "properties": { }, "geometry": { "type": "Polygon", "coordinates": [ [ [ 77.430598858245304, 23.227772195878067 ], [ 77.430491858245304, 23.227863995839769 ], [ 77.43054815824533, 23.227919495816614 ], [ 77.430588258245336, 23.227885095830967 ], [ 77.43060145824532, 23.227897995825582 ], [ 77.430625358245322, 23.227877495834143 ], [ 77.43061215824531, 23.22786459583952 ], [ 77.430655158245301, 23.227827695854916 ], [ 77.430598858245304, 23.227772195878067 ] ] ] } },
{ "type": "Feature", "properties": { }, "geometry": { "type": "Polygon", "coordinates": [ [ [ 77.433346158245328, 23.228404895614112 ], [ 77.433294858245318, 23.228459795591203 ], [ 77.433320858245324, 23.228480295582646 ], [ 77.433311958245312, 23.228489895578644 ], [ 77.433346658245327, 23.228517295567212 ], [ 77.43340165824533, 23.228458495591749 ], [ 77.433412158245304, 23.228466795588282 ], [ 77.43342385824532, 23.228454195593542 ], [ 77.433385058245307, 23.22842349560635 ], [ 77.433378458245343, 23.228430395603471 ], [ 77.433346158245328, 23.228404895614112 ] ] ] } },
{ "type": "Feature", "properties": { }, "geometry": { "type": "Polygon", "coordinates": [ [ [ 77.433601858245339, 23.224957097052432 ], [ 77.433615058245323, 23.224960997050804 ], [ 77.433605758245321, 23.224987697039666 ], [ 77.433624658245307, 23.224993297037333 ], [ 77.433618958245319, 23.225009597030532 ], [ 77.433736358245326, 23.225044297016055 ], [ 77.433742058245315, 23.225027997022856 ], [ 77.433765258245302, 23.225034797020019 ], [ 77.433774558245304, 23.225008097031157 ], [ 77.433788558245311, 23.225012197029454 ], [ 77.433802858245315, 23.224971297046508 ], [ 77.433792958245306, 23.224968397047721 ], [ 77.43380595824533, 23.224931297063193 ], [ 77.433772358245307, 23.224921397067323 ], [ 77.433759358245311, 23.224958497051848 ], [ 77.433649158245302, 23.22492589706545 ], [ 77.433660658245287, 23.224893097079125 ], [ 77.433635658245308, 23.224885697082218 ], [ 77.433624158245308, 23.224918497068529 ], [ 77.433616158245314, 23.224916197069486 ], [ 77.433601858245339, 23.224957097052432 ] ] ] } },
{ "type": "Feature", "properties": { }, "geometry": { "type": "Polygon", "coordinates": [ [ [ 77.433302958245307, 23.225687296747829 ], [ 77.433285958245335, 23.225748896722138 ], [ 77.433423358245321, 23.225780896708784 ], [ 77.433440358245321, 23.225719296734479 ], [ 77.433302958245307, 23.225687296747829 ] ] ] } },
{ "type": "Feature", "properties": { }, "geometry": { "type": "Polygon", "coordinates": [ [ [ 77.433471858245312, 23.225705196740364 ], [ 77.433443758245318, 23.225795796702567 ], [ 77.433587258245325, 23.22583339668688 ], [ 77.433615358245319, 23.225742796724678 ], [ 77.433471858245312, 23.225705196740364 ] ] ] } },
{ "type": "Feature", "properties": { }, "geometry": { "type": "Polygon", "coordinates": [ [ [ 77.433392958245292, 23.228397995616991 ], [ 77.433450558245312, 23.228441195598961 ], [ 77.433498958245323, 23.228386595621739 ], [ 77.433441358245318, 23.228343395639765 ], [ 77.433392958245292, 23.228397995616991 ] ] ] } },
{ "type": "Feature", "properties": { }, "geometry": { "type": "Polygon", "coordinates": [ [ [ 77.433453758245321, 23.228106095738767 ], [ 77.433518458245302, 23.22816399571461 ], [ 77.433558458245329, 23.228126295730334 ], [ 77.433493758245319, 23.228068295754539 ], [ 77.433453758245321, 23.228106095738767 ] ] ] } },
{ "type": "Feature", "properties": { }, "geometry": { "type": "Polygon", "coordinates": [ [ [ 77.433642258245314, 23.225741496725224 ], [ 77.433613458245318, 23.225832896687091 ], [ 77.433761658245317, 23.225872296670659 ], [ 77.433790458245312, 23.225780996708743 ], [ 77.433642258245314, 23.225741496725224 ] ] ] } },
{ "type": "Feature", "properties": { }, "geometry": { "type": "Polygon", "coordinates": [ [ [ 77.433271058245325, 23.227833995852286 ], [ 77.433327358245336, 23.227817395859201 ], [ 77.433295758245308, 23.227726795897006 ], [ 77.433239358245316, 23.227743495890046 ], [ 77.433271058245325, 23.227833995852286 ] ] ] } },
{ "type": "Feature", "properties": { }, "geometry": { "type": "Polygon", "coordinates": [ [ [ 77.432670658245328, 23.22711919615049 ], [ 77.432553758245319, 23.227154696135681 ], [ 77.432598258245321, 23.227278296084119 ], [ 77.432715158245301, 23.227242796098924 ], [ 77.432670658245328, 23.22711919615049 ] ] ] } },
{ "type": "Feature", "properties": { }, "geometry": { "type": "Polygon", "coordinates": [ [ [ 77.433181658245303, 23.225905696656721 ], [ 77.433242958245316, 23.225920696650462 ], [ 77.433264158245322, 23.225847696680916 ], [ 77.433202858245323, 23.225832696687181 ], [ 77.433181658245303, 23.225905696656721 ] ] ] } },
{ "type": "Feature", "properties": { }, "geometry": { "type": "Polygon", "coordinates": [ [ [ 77.433254058245311, 23.225934296644795 ], [ 77.433335758245306, 23.225954296636445 ], [ 77.433358858245313, 23.225874696669656 ], [ 77.433277058245324, 23.225854696677995 ], [ 77.433254058245311, 23.225934296644795 ] ] ] } },
{ "type": "Feature", "properties": { }, "geometry": { "type": "Polygon", "coordinates": [ [ [ 77.43299315824531, 23.226965496214611 ], [ 77.43291775824531, 23.226994096202681 ], [ 77.432966158245307, 23.227101996157664 ], [ 77.433041558245321, 23.227073396169594 ], [ 77.43299315824531, 23.226965496214611 ] ] ] } },
{ "type": "Feature", "properties": { }, "geometry": { "type": "Polygon", "coordinates": [ [ [ 77.433425758245306, 23.227999595783203 ], [ 77.433381058245317, 23.228040995765927 ], [ 77.433442958245323, 23.228097395742395 ], [ 77.433487658245326, 23.228055995759668 ], [ 77.433425758245306, 23.227999595783203 ] ] ] } },
{ "type": "Feature", "properties": { }, "geometry": { "type": "Polygon", "coordinates": [ [ [ 77.433815258245318, 23.22579019670491 ], [ 77.433791058245333, 23.225867096672829 ], [ 77.433941958245313, 23.225907096656133 ], [ 77.433966058245318, 23.225830296688176 ], [ 77.433815258245318, 23.22579019670491 ] ] ] } },
{ "type": "Feature", "properties": { }, "geometry": { "type": "Polygon", "coordinates": [ [ [ 77.433026958245307, 23.226933696227871 ], [ 77.433055458245306, 23.227051696178648 ], [ 77.433227758245323, 23.227016496193329 ], [ 77.433199358245304, 23.226898596242524 ], [ 77.433026958245307, 23.226933696227871 ] ] ] } },
{ "type": "Feature", "properties": { }, "geometry": { "type": "Polygon", "coordinates": [ [ [ 77.432784258245306, 23.227028596188287 ], [ 77.432828058245306, 23.227141296141269 ], [ 77.432937758245302, 23.22710519615632 ], [ 77.432893958245302, 23.226992596203299 ], [ 77.432784258245306, 23.227028596188287 ] ] ] } },
{ "type": "Feature", "properties": { }, "geometry": { "type": "Polygon", "coordinates": [ [ [ 77.433640558245315, 23.2281855957056 ], [ 77.433686958245318, 23.228206895696715 ], [ 77.433727158245318, 23.228132895727587 ], [ 77.433680758245302, 23.228111595736475 ], [ 77.433640558245315, 23.2281855957056 ] ] ] } },
{ "type": "Feature", "properties": { }, "geometry": { "type": "Polygon", "coordinates": [ [ [ 77.432699758245306, 23.227048996179775 ], [ 77.432712158245323, 23.227094796160664 ], [ 77.432793258245326, 23.227076296168381 ], [ 77.432780858245337, 23.227030496187488 ], [ 77.432699758245306, 23.227048996179775 ] ] ] } },
{ "type": "Feature", "properties": { }, "geometry": { "type": "Polygon", "coordinates": [ [ [ 77.433147358245307, 23.225641096767102 ], [ 77.433125658245316, 23.22570409674082 ], [ 77.43327185824532, 23.225746596723091 ], [ 77.43329355824531, 23.22568359674937 ], [ 77.433147358245307, 23.225641096767102 ] ] ] } },
{ "type": "Feature", "properties": { }, "geometry": { "type": "Polygon", "coordinates": [ [ [ 77.432808258245302, 23.22711109615387 ], [ 77.432701358245311, 23.2271452961396 ], [ 77.432732058245307, 23.227226296105808 ], [ 77.432838958245313, 23.227192096120074 ], [ 77.432808258245302, 23.22711109615387 ] ] ] } },
{ "type": "Feature", "properties": { }, "geometry": { "type": "Polygon", "coordinates": [ [ [ 77.433291858245312, 23.227864795839437 ], [ 77.433318258245322, 23.227932495811192 ], [ 77.433367258245298, 23.227916395817907 ], [ 77.433362658245329, 23.227904795822749 ], [ 77.433379858245317, 23.227899095825126 ], [ 77.433364458245308, 23.227859695841563 ], [ 77.433356358245305, 23.227862295840477 ], [ 77.433349858245322, 23.2278456958474 ], [ 77.433291858245312, 23.227864795839437 ] ] ] } },
{ "type": "Feature", "properties": { }, "geometry": { "type": "Polygon", "coordinates": [ [ [ 77.433068558245324, 23.227231396103679 ], [ 77.433227458245298, 23.227354296052408 ], [ 77.433270058245299, 23.227307796071813 ], [ 77.433231358245322, 23.227277796084319 ], [ 77.433223958245307, 23.227285896080947 ], [ 77.433153258245326, 23.227231296103724 ], [ 77.433160658245328, 23.227223196107101 ], [ 77.433111158245325, 23.227184896123084 ], [ 77.433068558245324, 23.227231396103679 ] ] ] } },
{ "type": "Feature", "properties": { }, "geometry": { "type": "Polygon", "coordinates": [ [ [ 77.443195258245325, 23.226522396399456 ], [ 77.443273458245301, 23.226513396403213 ], [ 77.443242358245328, 23.226283996498911 ], [ 77.44338675824531, 23.226270496504544 ], [ 77.443412258245331, 23.226505696406424 ], [ 77.442909258245322, 23.226563896382142 ], [ 77.442922658245308, 23.226662196341138 ], [ 77.443208058245318, 23.226629196354903 ], [ 77.443202758245306, 23.226590696370963 ], [ 77.443492758245327, 23.226557196384942 ], [ 77.443487058245324, 23.226515596402294 ], [ 77.443459758245325, 23.226263596507412 ], [ 77.443454358245305, 23.226190896537755 ], [ 77.443232658245321, 23.22621169652907 ], [ 77.443154158245306, 23.226218196526361 ], [ 77.443195258245325, 23.226522396399456 ] ] ] } },
{ "type": "Feature", "properties": { }, "geometry": { "type": "Polygon", "coordinates": [ [ [ 77.443433858245314, 23.226784496290122 ], [ 77.443474358245311, 23.226780296291867 ], [ 77.443463858245309, 23.226695696327162 ], [ 77.443356958245303, 23.226706896322487 ], [ 77.443130358245298, 23.226730796312516 ], [ 77.443127658245302, 23.22670939632145 ], [ 77.442849558245314, 23.226738696309226 ], [ 77.442862858245306, 23.226844696265001 ], [ 77.443350558245314, 23.226793296286449 ], [ 77.443368558245325, 23.227020796191542 ], [ 77.443232158245323, 23.227031996186863 ], [ 77.443215558245313, 23.22681819627606 ], [ 77.443131158245293, 23.22682379627372 ], [ 77.443155158245318, 23.227132696144857 ], [ 77.443242758245319, 23.227122996148903 ], [ 77.443469258245315, 23.227097896159378 ], [ 77.443433858245314, 23.226784496290122 ] ] ] } },
{ "type": "Feature", "properties": { }, "geometry": { "type": "Polygon", "coordinates": [ [ [ 77.443272958245302, 23.225976996626983 ], [ 77.443470358245307, 23.225974596627982 ], [ 77.443469058245327, 23.225887596664268 ], [ 77.443271658245322, 23.22588999666327 ], [ 77.443272958245302, 23.225976996626983 ] ] ] } },
{ "type": "Feature", "properties": { }, "geometry": { "type": "Polygon", "coordinates": [ [ [ 77.443263258245324, 23.225565496798641 ], [ 77.443423758245288, 23.225563096799636 ], [ 77.443421458245325, 23.225432996853907 ], [ 77.443260958245304, 23.225435396852912 ], [ 77.443263258245324, 23.225565496798641 ] ] ] } },
{ "type": "Feature", "properties": { }, "geometry": { "type": "Polygon", "coordinates": [ [ [ 77.443777458245307, 23.225464096840938 ], [ 77.443975958245304, 23.225466296840018 ], [ 77.443977558245308, 23.225346696889911 ], [ 77.443779058245312, 23.22534449689083 ], [ 77.443777458245307, 23.225464096840938 ] ] ] } },
{ "type": "Feature", "properties": { }, "geometry": { "type": "Polygon", "coordinates": [ [ [ 77.443774558245309, 23.224374297295533 ], [ 77.443989558245306, 23.224383097291867 ], [ 77.444000558245307, 23.224156597386347 ], [ 77.443785558245324, 23.224147797390017 ], [ 77.443774558245309, 23.224374297295533 ] ] ] } },
{ "type": "Feature", "properties": { }, "geometry": { "type": "Polygon", "coordinates": [ [ [ 77.443840558245313, 23.22513159697964 ], [ 77.44397465824531, 23.22513159697964 ], [ 77.44397465824531, 23.224994797036704 ], [ 77.443840558245313, 23.224994797036704 ], [ 77.443840558245313, 23.22513159697964 ] ] ] } },
{ "type": "Feature", "properties": { }, "geometry": { "type": "Polygon", "coordinates": [ [ [ 77.443797058245309, 23.225721396733608 ], [ 77.443987758245328, 23.225724196732443 ], [ 77.443990058245319, 23.225589696788539 ], [ 77.443799358245329, 23.225586996789669 ], [ 77.443797058245309, 23.225721396733608 ] ] ] } },
{ "type": "Feature", "properties": { }, "geometry": { "type": "Polygon", "coordinates": [ [ [ 77.443267658245318, 23.224422297275517 ], [ 77.443456358245314, 23.224420497276267 ], [ 77.443454958245326, 23.224297297327656 ], [ 77.443266358245324, 23.224298997326951 ], [ 77.443267658245318, 23.224422297275517 ] ] ] } },
{ "type": "Feature", "properties": { }, "geometry": { "type": "Polygon", "coordinates": [ [ [ 77.443864658245317, 23.224805597115623 ], [ 77.443999158245305, 23.224806497115246 ], [ 77.444000658245329, 23.224612797196052 ], [ 77.443866158245314, 23.224611897196425 ], [ 77.443864658245317, 23.224805597115623 ] ] ] } },
{ "type": "Feature", "properties": { }, "geometry": { "type": "Polygon", "coordinates": [ [ [ 77.44325735824529, 23.225089896997037 ], [ 77.443449258245323, 23.225090596996743 ], [ 77.443449658245328, 23.225012197029454 ], [ 77.443422058245304, 23.225011997029529 ], [ 77.443422358245314, 23.224949497055597 ], [ 77.443257958245326, 23.224948797055891 ], [ 77.44325735824529, 23.225089896997037 ] ] ] } },
{ "type": "Feature", "properties": { }, "geometry": { "type": "Polygon", "coordinates": [ [ [ 77.441111258245328, 23.233140693638138 ], [ 77.441366158245302, 23.233112293649992 ], [ 77.441081258245291, 23.232941993721052 ], [ 77.441111258245328, 23.233140693638138 ] ] ] } },
{ "type": "Feature", "properties": { }, "geometry": { "type": "Polygon", "coordinates": [ [ [ 77.433910558245302, 23.235821792519314 ], [ 77.434116958245326, 23.235854992505452 ], [ 77.434152058245303, 23.235670592582409 ], [ 77.433945758245329, 23.235637392596264 ], [ 77.433910558245302, 23.235821792519314 ] ] ] } },
{ "type": "Feature", "properties": { }, "geometry": { "type": "Polygon", "coordinates": [ [ [ 77.440865858245289, 23.237000992027184 ], [ 77.441021458245302, 23.237010292023307 ], [ 77.441029058245306, 23.23690109206888 ], [ 77.440873558245315, 23.236891792072754 ], [ 77.440865858245289, 23.237000992027184 ] ] ] } },
{ "type": "Feature", "properties": { }, "geometry": { "type": "Polygon", "coordinates": [ [ [ 77.435406558245319, 23.237150391964835 ], [ 77.435450158245303, 23.236968692040669 ], [ 77.435347158245307, 23.236947792049385 ], [ 77.435303558245323, 23.237129591973513 ], [ 77.435406558245319, 23.237150391964835 ] ] ] } },
{ "type": "Feature", "properties": { }, "geometry": { "type": "Polygon", "coordinates": [ [ [ 77.442140058245329, 23.234176793205783 ], [ 77.442290258245322, 23.234177393205535 ], [ 77.442290658245312, 23.234094593240087 ], [ 77.442140458245319, 23.234093993240339 ], [ 77.442140058245329, 23.234176793205783 ] ] ] } },
{ "type": "Feature", "properties": { }, "geometry": { "type": "Polygon", "coordinates": [ [ [ 77.435319358245309, 23.236068592416316 ], [ 77.435455158245318, 23.236096592404625 ], [ 77.435481258245318, 23.235989792449192 ], [ 77.435345458245322, 23.235961792460881 ], [ 77.435319358245309, 23.236068592416316 ] ] ] } },
{ "type": "Feature", "properties": { }, "geometry": { "type": "Polygon", "coordinates": [ [ [ 77.441316958245324, 23.229623195105823 ], [ 77.441614658245314, 23.229634295101189 ], [ 77.441625658245329, 23.229384695205326 ], [ 77.441327958245324, 23.229373595209957 ], [ 77.441316958245324, 23.229623195105823 ] ] ] } },
{ "type": "Feature", "properties": { }, "geometry": { "type": "Polygon", "coordinates": [ [ [ 77.44077125824532, 23.229909494986373 ], [ 77.441093158245323, 23.229921194981483 ], [ 77.441097858245314, 23.229812995026631 ], [ 77.440775958245311, 23.22980129503151 ], [ 77.44077125824532, 23.229909494986373 ] ] ] } },
{ "type": "Feature", "properties": { }, "geometry": { "type": "Polygon", "coordinates": [ [ [ 77.442149758245293, 23.23471269298215 ], [ 77.442306358245318, 23.234714292981486 ], [ 77.442307658245326, 23.234604293027388 ], [ 77.442151058245315, 23.234602793028017 ], [ 77.442149758245293, 23.23471269298215 ] ] ] } },
{ "type": "Feature", "properties": { }, "geometry": { "type": "Polygon", "coordinates": [ [ [ 77.441675658245302, 23.231676394249149 ], [ 77.441833958245311, 23.231671394251233 ], [ 77.44182615824532, 23.231459694339563 ], [ 77.441667858245324, 23.23146459433752 ], [ 77.441675658245302, 23.231676394249149 ] ] ] } },
{ "type": "Feature", "properties": { }, "geometry": { "type": "Polygon", "coordinates": [ [ [ 77.434273958245313, 23.236733792138693 ], [ 77.434467758245319, 23.236777492120464 ], [ 77.434491758245315, 23.23668789215785 ], [ 77.43429795824531, 23.236644192176094 ], [ 77.434273958245313, 23.236733792138693 ] ] ] } },
{ "type": "Feature", "properties": { }, "geometry": { "type": "Polygon", "coordinates": [ [ [ 77.435987758245304, 23.233943693303058 ], [ 77.435931258245319, 23.234198693196646 ], [ 77.436160758245322, 23.234241693178703 ], [ 77.436217258245307, 23.233986693285114 ], [ 77.435987758245304, 23.233943693303058 ] ] ] } },
{ "type": "Feature", "properties": { }, "geometry": { "type": "Polygon", "coordinates": [ [ [ 77.440876558245321, 23.236883292076307 ], [ 77.441034158245316, 23.236892592072426 ], [ 77.441042358245298, 23.236774792121587 ], [ 77.440884758245303, 23.236765492125471 ], [ 77.440876558245321, 23.236883292076307 ] ] ] } },
{ "type": "Feature", "properties": { }, "geometry": { "type": "Polygon", "coordinates": [ [ [ 77.435506658245316, 23.237160491960619 ], [ 77.435715958245311, 23.237200791943799 ], [ 77.435737558245307, 23.237106291983235 ], [ 77.435528258245327, 23.237065992000058 ], [ 77.435506658245316, 23.237160491960619 ] ] ] } },
{ "type": "Feature", "properties": { }, "geometry": { "type": "Polygon", "coordinates": [ [ [ 77.440845458245306, 23.237260091919051 ], [ 77.440990258245307, 23.237269891914963 ], [ 77.441001158245328, 23.237134091971633 ], [ 77.440856358245313, 23.237124291975729 ], [ 77.440845458245306, 23.237260091919051 ] ] ] } },
{ "type": "Feature", "properties": { }, "geometry": { "type": "Polygon", "coordinates": [ [ [ 77.434147558245328, 23.23722639193311 ], [ 77.43435475824532, 23.237260891918712 ], [ 77.434370158245329, 23.237183091951184 ], [ 77.434162958245309, 23.237148491965623 ], [ 77.434147558245328, 23.23722639193311 ] ] ] } },
{ "type": "Feature", "properties": { }, "geometry": { "type": "Polygon", "coordinates": [ [ [ 77.442350358245307, 23.236691392156398 ], [ 77.442348158245323, 23.236747992132777 ], [ 77.442481958245338, 23.236752392130935 ], [ 77.442484158245293, 23.236695692154601 ], [ 77.442350358245307, 23.236691392156398 ] ] ] } },
{ "type": "Feature", "properties": { }, "geometry": { "type": "Polygon", "coordinates": [ [ [ 77.442141458245302, 23.234446293093324 ], [ 77.442292358245325, 23.234446793093113 ], [ 77.442292658245321, 23.234360193129252 ], [ 77.442141858245307, 23.234359693129463 ], [ 77.442141458245302, 23.234446293093324 ] ] ] } },
{ "type": "Feature", "properties": { }, "geometry": { "type": "Polygon", "coordinates": [ [ [ 77.439174958245303, 23.237738491719384 ], [ 77.439327758245327, 23.237759591710581 ], [ 77.43935395824532, 23.237598791777689 ], [ 77.439201258245305, 23.237577691786495 ], [ 77.439174958245303, 23.237738491719384 ] ] ] } },
{ "type": "Feature", "properties": { }, "geometry": { "type": "Polygon", "coordinates": [ [ [ 77.436013058245294, 23.236353292297498 ], [ 77.436001758245325, 23.236398692278549 ], [ 77.43610685824531, 23.236420892269283 ], [ 77.43611825824533, 23.236375392288274 ], [ 77.436013058245294, 23.236353292297498 ] ] ] } },
{ "type": "Feature", "properties": { }, "geometry": { "type": "Polygon", "coordinates": [ [ [ 77.434335658245317, 23.23655509221328 ], [ 77.434530758245316, 23.236603092193242 ], [ 77.434557358245328, 23.236511892231306 ], [ 77.434362258245301, 23.23646389225134 ], [ 77.434335658245317, 23.23655509221328 ] ] ] } },
{ "type": "Feature", "properties": { }, "geometry": { "type": "Polygon", "coordinates": [ [ [ 77.442302358245328, 23.234825792934956 ], [ 77.442299958245329, 23.234887892909047 ], [ 77.442453558245305, 23.234892792906994 ], [ 77.442455858245324, 23.234830692932906 ], [ 77.442302358245328, 23.234825792934956 ] ] ] } },
{ "type": "Feature", "properties": { }, "geometry": { "type": "Polygon", "coordinates": [ [ [ 77.436064658245314, 23.236090892407002 ], [ 77.436176658245301, 23.23611649239632 ], [ 77.436189558245303, 23.236068792416226 ], [ 77.436077558245316, 23.236043192426916 ], [ 77.436064658245314, 23.236090892407002 ] ] ] } },
{ "type": "Feature", "properties": { }, "geometry": { "type": "Polygon", "coordinates": [ [ [ 77.436268558245317, 23.235330892724168 ], [ 77.436404458245306, 23.235356292713565 ], [ 77.436442658245312, 23.235183792785559 ], [ 77.436306758245337, 23.235158392796155 ], [ 77.436268558245317, 23.235330892724168 ] ] ] } },
{ "type": "Feature", "properties": { }, "geometry": { "type": "Polygon", "coordinates": [ [ [ 77.440954658245303, 23.233149593634423 ], [ 77.44109505824531, 23.23313179364186 ], [ 77.441077558245325, 23.233015593690347 ], [ 77.440937158245319, 23.233033393682913 ], [ 77.440954658245303, 23.233149593634423 ] ] ] } },
{ "type": "Feature", "properties": { }, "geometry": { "type": "Polygon", "coordinates": [ [ [ 77.440769258245325, 23.230200394864994 ], [ 77.441094458245303, 23.230208494861618 ], [ 77.441099058245314, 23.230052894926541 ], [ 77.440773858245308, 23.230044794929917 ], [ 77.440769258245325, 23.230200394864994 ] ] ] } },
{ "type": "Feature", "properties": { }, "geometry": { "type": "Polygon", "coordinates": [ [ [ 77.440599758245327, 23.233178093622534 ], [ 77.440719658245314, 23.233161093629629 ], [ 77.440699558245313, 23.233041493679533 ], [ 77.440579658245326, 23.233058593672396 ], [ 77.440599758245327, 23.233178093622534 ] ] ] } },
{ "type": "Feature", "properties": { }, "geometry": { "type": "Polygon", "coordinates": [ [ [ 77.441296458245304, 23.231589194285533 ], [ 77.441429258245293, 23.231591694284489 ], [ 77.441431158245308, 23.231505694320365 ], [ 77.441298358245305, 23.231503194321409 ], [ 77.441296458245304, 23.231589194285533 ] ] ] } },
{ "type": "Feature", "properties": { }, "geometry": { "type": "Polygon", "coordinates": [ [ [ 77.440206058245309, 23.233014293690882 ], [ 77.440351358245323, 23.233030093684292 ], [ 77.440363558245309, 23.232934693724101 ], [ 77.440218358245318, 23.232918993730653 ], [ 77.440206058245309, 23.233014293690882 ] ] ] } },
{ "type": "Feature", "properties": { }, "geometry": { "type": "Polygon", "coordinates": [ [ [ 77.440849058245306, 23.229666895087586 ], [ 77.44122335824531, 23.229678295082827 ], [ 77.441233658245295, 23.229392395202119 ], [ 77.440859358245319, 23.229381095206829 ], [ 77.440849058245306, 23.229666895087586 ] ] ] } },
{ "type": "Feature", "properties": { }, "geometry": { "type": "Polygon", "coordinates": [ [ [ 77.436103558245307, 23.236040992427831 ], [ 77.436192458245316, 23.236062892418694 ], [ 77.436203058245326, 23.236026392433921 ], [ 77.436114258245325, 23.236004492443062 ], [ 77.436103558245307, 23.236040992427831 ] ] ] } },
{ "type": "Feature", "properties": { }, "geometry": { "type": "Polygon", "coordinates": [ [ [ 77.441653858245303, 23.232108294068929 ], [ 77.441810158245318, 23.232115394065968 ], [ 77.441814458245318, 23.232034894099559 ], [ 77.441658258245326, 23.232027794102525 ], [ 77.441653858245303, 23.232108294068929 ] ] ] } },
{ "type": "Feature", "properties": { }, "geometry": { "type": "Polygon", "coordinates": [ [ [ 77.436085458245302, 23.234602093028304 ], [ 77.436330258245306, 23.234651993007482 ], [ 77.436359058245301, 23.234532793057227 ], [ 77.436114258245325, 23.234482893078052 ], [ 77.436085458245302, 23.234602093028304 ] ] ] } },
{ "type": "Feature", "properties": { }, "geometry": { "type": "Polygon", "coordinates": [ [ [ 77.43958375824532, 23.232631093850788 ], [ 77.439727958245314, 23.232652793841726 ], [ 77.439750858245318, 23.232524293895349 ], [ 77.439606658245324, 23.2325025939044 ], [ 77.43958375824532, 23.232631093850788 ] ] ] } },
{ "type": "Feature", "properties": { }, "geometry": { "type": "Polygon", "coordinates": [ [ [ 77.435611858245323, 23.236723592142951 ], [ 77.435755858245329, 23.236741792135359 ], [ 77.435769958245302, 23.236647592174673 ], [ 77.435625958245311, 23.236629392182273 ], [ 77.435611858245323, 23.236723592142951 ] ] ] } },
{ "type": "Feature", "properties": { }, "geometry": { "type": "Polygon", "coordinates": [ [ [ 77.436113258245314, 23.234478893079714 ], [ 77.43631615824529, 23.234521393061989 ], [ 77.436340558245305, 23.234422993103045 ], [ 77.436137758245309, 23.234380493120781 ], [ 77.436113258245314, 23.234478893079714 ] ] ] } },
{ "type": "Feature", "properties": { }, "geometry": { "type": "Polygon", "coordinates": [ [ [ 77.436239358245288, 23.234091493241383 ], [ 77.43632315824533, 23.234104393235995 ], [ 77.436336858245326, 23.234029593267209 ], [ 77.436253058245313, 23.234016693272594 ], [ 77.436239358245288, 23.234091493241383 ] ] ] } },
{ "type": "Feature", "properties": { }, "geometry": { "type": "Polygon", "coordinates": [ [ [ 77.441660158245341, 23.232022394104767 ], [ 77.441820858245322, 23.232030194101526 ], [ 77.441825058245328, 23.231958394131475 ], [ 77.441664258245311, 23.231950594134734 ], [ 77.441660158245341, 23.232022394104767 ] ] ] } },
{ "type": "Feature", "properties": { }, "geometry": { "type": "Polygon", "coordinates": [ [ [ 77.435369658245307, 23.23691749206203 ], [ 77.435561458245289, 23.236942192051721 ], [ 77.435576258245305, 23.236844892092332 ], [ 77.435384458245338, 23.236820292102603 ], [ 77.435369658245307, 23.23691749206203 ] ] ] } },
{ "type": "Feature", "properties": { }, "geometry": { "type": "Polygon", "coordinates": [ [ [ 77.434145258245309, 23.237230091931572 ], [ 77.43412575824533, 23.237329291890173 ], [ 77.434335958245327, 23.237364091875644 ], [ 77.434355458245321, 23.237264891917039 ], [ 77.434145258245309, 23.237230091931572 ] ] ] } },
{ "type": "Feature", "properties": { }, "geometry": { "type": "Polygon", "coordinates": [ [ [ 77.436047758245309, 23.234676392997308 ], [ 77.436240458245322, 23.234716192980695 ], [ 77.436258658245308, 23.234642093011615 ], [ 77.436065858245314, 23.234602293028225 ], [ 77.436047758245309, 23.234676392997308 ] ] ] } },
{ "type": "Feature", "properties": { }, "geometry": { "type": "Polygon", "coordinates": [ [ [ 77.435206358245324, 23.236457992253801 ], [ 77.435354458245314, 23.236483892242987 ], [ 77.435373558245317, 23.236391492281548 ], [ 77.435225458245299, 23.236365592292358 ], [ 77.435206358245324, 23.236457992253801 ] ] ] } },
{ "type": "Feature", "properties": { }, "geometry": { "type": "Polygon", "coordinates": [ [ [ 77.434298558245317, 23.236639492178053 ], [ 77.434494058245306, 23.236687592157981 ], [ 77.434518158245311, 23.236604892192489 ], [ 77.434322658245321, 23.236556792212571 ], [ 77.434298558245317, 23.236639492178053 ] ] ] } },
{ "type": "Feature", "properties": { }, "geometry": { "type": "Polygon", "coordinates": [ [ [ 77.44230225824532, 23.234718892979561 ], [ 77.442300758245338, 23.234821992936542 ], [ 77.442450958245317, 23.234823792935785 ], [ 77.442452458245299, 23.234720692978815 ], [ 77.44230225824532, 23.234718892979561 ] ] ] } },
{ "type": "Feature", "properties": { }, "geometry": { "type": "Polygon", "coordinates": [ [ [ 77.434362858245308, 23.236459592253134 ], [ 77.434559658245306, 23.236506992233352 ], [ 77.434577958245328, 23.236442892260101 ], [ 77.434381158245287, 23.236395492279886 ], [ 77.434362858245308, 23.236459592253134 ] ] ] } },
{ "type": "Feature", "properties": { }, "geometry": { "type": "Polygon", "coordinates": [ [ [ 77.43625245824532, 23.235387892700384 ], [ 77.436384858245304, 23.235411892690365 ], [ 77.436396758245323, 23.235356492713489 ], [ 77.43626435824531, 23.235332492723497 ], [ 77.43625245824532, 23.235387892700384 ] ] ] } },
{ "type": "Feature", "properties": { }, "geometry": { "type": "Polygon", "coordinates": [ [ [ 77.435624658245317, 23.236624992184112 ], [ 77.43578385824533, 23.236648192174425 ], [ 77.435807058245317, 23.236514592230179 ], [ 77.435647858245304, 23.236491292239901 ], [ 77.435624658245317, 23.236624992184112 ] ] ] } },
{ "type": "Feature", "properties": { }, "geometry": { "type": "Polygon", "coordinates": [ [ [ 77.439196158245309, 23.237570991789294 ], [ 77.439351758245309, 23.237594991779282 ], [ 77.439371658245321, 23.237486291824641 ], [ 77.439216058245322, 23.23746229183466 ], [ 77.439196158245309, 23.237570991789294 ] ] ] } },
{ "type": "Feature", "properties": { }, "geometry": { "type": "Polygon", "coordinates": [ [ [ 77.439618658245308, 23.23316779362683 ], [ 77.439773158245316, 23.233184993619652 ], [ 77.439785458245311, 23.233091093658839 ], [ 77.439631058245311, 23.23307389366601 ], [ 77.439618658245308, 23.23316779362683 ] ] ] } },
{ "type": "Feature", "properties": { }, "geometry": { "type": "Polygon", "coordinates": [ [ [ 77.440993458245316, 23.237287691907525 ], [ 77.441155458245319, 23.2372999919024 ], [ 77.441167058245327, 23.237170891956278 ], [ 77.44100505824531, 23.237158691961366 ], [ 77.440993458245316, 23.237287691907525 ] ] ] } },
{ "type": "Feature", "properties": { }, "geometry": { "type": "Polygon", "coordinates": [ [ [ 77.43901695824529, 23.237633491763212 ], [ 77.439170958245313, 23.237654991754233 ], [ 77.439199058245308, 23.237484391825433 ], [ 77.439045158245293, 23.237462891834411 ], [ 77.43901695824529, 23.237633491763212 ] ] ] } },
{ "type": "Feature", "properties": { }, "geometry": { "type": "Polygon", "coordinates": [ [ [ 77.435457658245326, 23.236601492193913 ], [ 77.435618058245311, 23.236628392182684 ], [ 77.435645858245309, 23.236489092240824 ], [ 77.435485358245316, 23.236462092252093 ], [ 77.435457658245326, 23.236601492193913 ] ] ] } },
{ "type": "Feature", "properties": { }, "geometry": { "type": "Polygon", "coordinates": [ [ [ 77.436128458245307, 23.235967192458627 ], [ 77.436118558245326, 23.236001592444275 ], [ 77.436205558245291, 23.236022792435424 ], [ 77.436215558245323, 23.235988492449735 ], [ 77.436128458245307, 23.235967192458627 ] ] ] } },
{ "type": "Feature", "properties": { }, "geometry": { "type": "Polygon", "coordinates": [ [ [ 77.442305358245306, 23.235164392793649 ], [ 77.44230225824532, 23.23526499275167 ], [ 77.442446858245304, 23.23526859275017 ], [ 77.442449858245325, 23.235168092792112 ], [ 77.442305358245306, 23.235164392793649 ] ] ] } },
{ "type": "Feature", "properties": { }, "geometry": { "type": "Polygon", "coordinates": [ [ [ 77.435479658245328, 23.234187493201318 ], [ 77.43562045824531, 23.234214593190018 ], [ 77.435651758245342, 23.234076993247427 ], [ 77.435510958245317, 23.234049893258742 ], [ 77.435479658245328, 23.234187493201318 ] ] ] } },
{ "type": "Feature", "properties": { }, "geometry": { "type": "Polygon", "coordinates": [ [ [ 77.438941158245328, 23.231419994356131 ], [ 77.439387758245317, 23.231399694364601 ], [ 77.439382758245316, 23.231305794403777 ], [ 77.438936158245312, 23.23132609439531 ], [ 77.438941158245328, 23.231419994356131 ] ] ] } },
{ "type": "Feature", "properties": { }, "geometry": { "type": "Polygon", "coordinates": [ [ [ 77.442114058245309, 23.237249291923558 ], [ 77.442216658245314, 23.237251191922763 ], [ 77.442219158245322, 23.237133491971889 ], [ 77.442116558245303, 23.237131691972632 ], [ 77.442114058245309, 23.237249291923558 ] ] ] } },
{ "type": "Feature", "properties": { }, "geometry": { "type": "Polygon", "coordinates": [ [ [ 77.434584458245311, 23.2366079921912 ], [ 77.434784258245315, 23.236652192172755 ], [ 77.434804358245302, 23.236575592204723 ], [ 77.434604558245312, 23.236531392223167 ], [ 77.434584458245311, 23.2366079921912 ] ] ] } },
{ "type": "Feature", "properties": { }, "geometry": { "type": "Polygon", "coordinates": [ [ [ 77.435551358245306, 23.233890493325259 ], [ 77.435701558245313, 23.233919993312952 ], [ 77.435717858245312, 23.233850093342117 ], [ 77.435567658245304, 23.233820593354427 ], [ 77.435551358245306, 23.233890493325259 ] ] ] } },
{ "type": "Feature", "properties": { }, "geometry": { "type": "Polygon", "coordinates": [ [ [ 77.441419558245329, 23.230105094904758 ], [ 77.441703858245305, 23.230105094904758 ], [ 77.441703858245305, 23.229832695018413 ], [ 77.441419558245329, 23.229832695018413 ], [ 77.441419558245329, 23.230105094904758 ] ] ] } },
{ "type": "Feature", "properties": { }, "geometry": { "type": "Polygon", "coordinates": [ [ [ 77.440373158245308, 23.23171369423358 ], [ 77.440547858245324, 23.231711794234375 ], [ 77.440545858245329, 23.231554594299972 ], [ 77.440371158245327, 23.231556494299173 ], [ 77.440373158245308, 23.23171369423358 ] ] ] } },
{ "type": "Feature", "properties": { }, "geometry": { "type": "Polygon", "coordinates": [ [ [ 77.434427858245314, 23.237201691943419 ], [ 77.43463505824532, 23.23724299192618 ], [ 77.434653358245313, 23.237165491958528 ], [ 77.434446158245322, 23.237124191975763 ], [ 77.434427858245314, 23.237201691943419 ] ] ] } },
{ "type": "Feature", "properties": { }, "geometry": { "type": "Polygon", "coordinates": [ [ [ 77.442296958245308, 23.235431492682185 ], [ 77.44243175824532, 23.235436392680139 ], [ 77.442435958245312, 23.235339692720501 ], [ 77.442301158245314, 23.235334792722544 ], [ 77.442296958245308, 23.235431492682185 ] ] ] } },
{ "type": "Feature", "properties": { }, "geometry": { "type": "Polygon", "coordinates": [ [ [ 77.435880958245306, 23.236785792116997 ], [ 77.435981558245302, 23.236803692109525 ], [ 77.435992858245328, 23.236749792132024 ], [ 77.435892258245318, 23.236731892139492 ], [ 77.435880958245306, 23.236785792116997 ] ] ] } },
{ "type": "Feature", "properties": { }, "geometry": { "type": "Polygon", "coordinates": [ [ [ 77.439613658245307, 23.232494393907825 ], [ 77.439753758245317, 23.232513693899772 ], [ 77.439776658245322, 23.23237309395844 ], [ 77.439636558245326, 23.232353793966492 ], [ 77.439613658245307, 23.232494393907825 ] ] ] } },
{ "type": "Feature", "properties": { }, "geometry": { "type": "Polygon", "coordinates": [ [ [ 77.440629158245343, 23.237996691611624 ], [ 77.440608058245303, 23.238083891575222 ], [ 77.440756258245315, 23.238114091562625 ], [ 77.440777358245327, 23.238026891599016 ], [ 77.440629158245343, 23.237996691611624 ] ] ] } },
{ "type": "Feature", "properties": { }, "geometry": { "type": "Polygon", "coordinates": [ [ [ 77.435438658245317, 23.236697292153927 ], [ 77.435597858245316, 23.236724992142371 ], [ 77.435616358245326, 23.23663539217976 ], [ 77.435457058245319, 23.236607692191324 ], [ 77.435438658245317, 23.236697292153927 ] ] ] } },
{ "type": "Feature", "properties": { }, "geometry": { "type": "Polygon", "coordinates": [ [ [ 77.435901158245329, 23.234425093102168 ], [ 77.436109158245316, 23.234464193085852 ], [ 77.436134458245306, 23.234350293133382 ], [ 77.435926458245319, 23.234311193149701 ], [ 77.435901158245329, 23.234425093102168 ] ] ] } },
{ "type": "Feature", "properties": { }, "geometry": { "type": "Polygon", "coordinates": [ [ [ 77.442310258245314, 23.237261591918422 ], [ 77.442392758245305, 23.237264991917002 ], [ 77.442398858245326, 23.237141191968675 ], [ 77.442316258245313, 23.237137791970088 ], [ 77.442310258245314, 23.237261591918422 ] ] ] } },
{ "type": "Feature", "properties": { }, "geometry": { "type": "Polygon", "coordinates": [ [ [ 77.442143658245342, 23.23509929282082 ], [ 77.442303258245303, 23.235101292819987 ], [ 77.442304758245328, 23.234998492862886 ], [ 77.442145158245324, 23.234996492863722 ], [ 77.442143658245342, 23.23509929282082 ] ] ] } },
{ "type": "Feature", "properties": { }, "geometry": { "type": "Polygon", "coordinates": [ [ [ 77.434619058245303, 23.23534159271971 ], [ 77.434821858245328, 23.235379092704054 ], [ 77.434834958245304, 23.235319092729096 ], [ 77.434632158245321, 23.235281592744744 ], [ 77.434619058245303, 23.23534159271971 ] ] ] } },
{ "type": "Feature", "properties": { }, "geometry": { "type": "Polygon", "coordinates": [ [ [ 77.434565958245315, 23.236709392148889 ], [ 77.434766458245306, 23.236753792130354 ], [ 77.43479095824533, 23.236660392169327 ], [ 77.434590458245339, 23.236615992187861 ], [ 77.434565958245315, 23.236709392148889 ] ] ] } },
{ "type": "Feature", "properties": { }, "geometry": { "type": "Polygon", "coordinates": [ [ [ 77.442299958245329, 23.235331092724085 ], [ 77.442437758245319, 23.235335992722042 ], [ 77.442440458245315, 23.235272692748456 ], [ 77.44230265824531, 23.235267792750502 ], [ 77.442299958245329, 23.235331092724085 ] ] ] } },
{ "type": "Feature", "properties": { }, "geometry": { "type": "Polygon", "coordinates": [ [ [ 77.435922158245319, 23.236720792144123 ], [ 77.436022458245318, 23.236742392135103 ], [ 77.436033958245304, 23.236696992154052 ], [ 77.435933758245326, 23.23667549216303 ], [ 77.435922158245319, 23.236720792144123 ] ] ] } },
{ "type": "Feature", "properties": { }, "geometry": { "type": "Polygon", "coordinates": [ [ [ 77.442200958245309, 23.236818292103429 ], [ 77.44233665824531, 23.236825692100346 ], [ 77.442346958245324, 23.236667392166414 ], [ 77.442211158245314, 23.236659992169496 ], [ 77.442200958245309, 23.236818292103429 ] ] ] } },
{ "type": "Feature", "properties": { }, "geometry": { "type": "Polygon", "coordinates": [ [ [ 77.435435358245314, 23.23431189314941 ], [ 77.435584258245328, 23.234341493137055 ], [ 77.435612658245319, 23.234220693187467 ], [ 77.435463758245305, 23.234191093199819 ], [ 77.435435358245314, 23.23431189314941 ] ] ] } },
{ "type": "Feature", "properties": { }, "geometry": { "type": "Polygon", "coordinates": [ [ [ 77.438992658245326, 23.232569193876618 ], [ 77.439139458245322, 23.232586493869388 ], [ 77.439152458245317, 23.232493493908198 ], [ 77.439005658245307, 23.232476193915417 ], [ 77.438992658245326, 23.232569193876618 ] ] ] } },
{ "type": "Feature", "properties": { }, "geometry": { "type": "Polygon", "coordinates": [ [ [ 77.434364758245309, 23.236372192289604 ], [ 77.434566058245309, 23.236422292268699 ], [ 77.434615858245309, 23.236253792339021 ], [ 77.434414458245328, 23.236203692359926 ], [ 77.434364758245309, 23.236372192289604 ] ] ] } },
{ "type": "Feature", "properties": { }, "geometry": { "type": "Polygon", "coordinates": [ [ [ 77.442149458245311, 23.235110892815982 ], [ 77.442147358245307, 23.235189292783264 ], [ 77.442297558245329, 23.235192692781848 ], [ 77.44229965824529, 23.235114292814558 ], [ 77.442149458245311, 23.235110892815982 ] ] ] } },
{ "type": "Feature", "properties": { }, "geometry": { "type": "Polygon", "coordinates": [ [ [ 77.441043558245312, 23.236909792065244 ], [ 77.441190358245322, 23.236918392061657 ], [ 77.441195358245324, 23.236847292091326 ], [ 77.441048458245319, 23.236838692094921 ], [ 77.441043558245312, 23.236909792065244 ] ] ] } },
{ "type": "Feature", "properties": { }, "geometry": { "type": "Polygon", "coordinates": [ [ [ 77.439640558245344, 23.233055393673737 ], [ 77.439797458245309, 23.233075993665135 ], [ 77.439807258245324, 23.2330132936913 ], [ 77.439650358245302, 23.232992693699899 ], [ 77.439640558245344, 23.233055393673737 ] ] ] } },
{ "type": "Feature", "properties": { }, "geometry": { "type": "Polygon", "coordinates": [ [ [ 77.435483558245309, 23.236458692253507 ], [ 77.435635758245311, 23.236483892242987 ], [ 77.435650558245328, 23.236408392274505 ], [ 77.435498358245312, 23.236383192285018 ], [ 77.435483558245309, 23.236458692253507 ] ] ] } },
{ "type": "Feature", "properties": { }, "geometry": { "type": "Polygon", "coordinates": [ [ [ 77.439689258245295, 23.232005694111745 ], [ 77.439798958245305, 23.232022094104902 ], [ 77.439816258245315, 23.231924394145668 ], [ 77.439706558245291, 23.231907994152511 ], [ 77.439689258245295, 23.232005694111745 ] ] ] } },
{ "type": "Feature", "properties": { }, "geometry": { "type": "Polygon", "coordinates": [ [ [ 77.442354458245319, 23.236683092159861 ], [ 77.442487558245318, 23.236687392158061 ], [ 77.442491658245316, 23.236580892202511 ], [ 77.442358558245303, 23.236576592204305 ], [ 77.442354458245319, 23.236683092159861 ] ] ] } },
{ "type": "Feature", "properties": { }, "geometry": { "type": "Polygon", "coordinates": [ [ [ 77.43595875824532, 23.236564292209437 ], [ 77.436060958245307, 23.236584892200842 ], [ 77.43607125824532, 23.236541992218744 ], [ 77.43596905824532, 23.23652129222738 ], [ 77.43595875824532, 23.236564292209437 ] ] ] } },
{ "type": "Feature", "properties": { }, "geometry": { "type": "Polygon", "coordinates": [ [ [ 77.442304358245323, 23.23516099279507 ], [ 77.442449858245325, 23.235164392793649 ], [ 77.442452158245317, 23.235080392828714 ], [ 77.442306658245315, 23.235076992830127 ], [ 77.442304358245323, 23.23516099279507 ] ] ] } },
{ "type": "Feature", "properties": { }, "geometry": { "type": "Polygon", "coordinates": [ [ [ 77.438584658245304, 23.235318892729175 ], [ 77.438758258245315, 23.23534289271916 ], [ 77.438778058245319, 23.235222392769455 ], [ 77.438604358245328, 23.235198392779463 ], [ 77.438584658245304, 23.235318892729175 ] ] ] } },
{ "type": "Feature", "properties": { }, "geometry": { "type": "Polygon", "coordinates": [ [ [ 77.441105258245329, 23.231313094400736 ], [ 77.441465958245303, 23.231319294398144 ], [ 77.441468558245319, 23.231192194451179 ], [ 77.441107758245309, 23.231185994453767 ], [ 77.441105258245329, 23.231313094400736 ] ] ] } },
{ "type": "Feature", "properties": { }, "geometry": { "type": "Polygon", "coordinates": [ [ [ 77.434529158245311, 23.236816992103975 ], [ 77.434732058245302, 23.236861992085196 ], [ 77.434759058245319, 23.236759092128146 ], [ 77.434556158245329, 23.236714092146919 ], [ 77.434529158245311, 23.236816992103975 ] ] ] } },
{ "type": "Feature", "properties": { }, "geometry": { "type": "Polygon", "coordinates": [ [ [ 77.440094758245309, 23.236928292057527 ], [ 77.440254958245305, 23.236939692052765 ], [ 77.440264458245323, 23.236827492099597 ], [ 77.440104158245319, 23.236816092104355 ], [ 77.440094758245309, 23.236928292057527 ] ] ] } },
{ "type": "Feature", "properties": { }, "geometry": { "type": "Polygon", "coordinates": [ [ [ 77.43553405824531, 23.233974093290374 ], [ 77.435680958245314, 23.23400409327785 ], [ 77.43569825824531, 23.233932393307771 ], [ 77.435551458245314, 23.233902393320292 ], [ 77.43553405824531, 23.233974093290374 ] ] ] } },
{ "type": "Feature", "properties": { }, "geometry": { "type": "Polygon", "coordinates": [ [ [ 77.434419958245343, 23.237279591910909 ], [ 77.434620558245328, 23.23731239189722 ], [ 77.43463345824533, 23.23724549192514 ], [ 77.434432858245302, 23.237212791938788 ], [ 77.434419958245343, 23.237279591910909 ] ] ] } },
{ "type": "Feature", "properties": { }, "geometry": { "type": "Polygon", "coordinates": [ [ [ 77.435971858245324, 23.236512592231016 ], [ 77.436077758245304, 23.236531692223046 ], [ 77.436089158245309, 23.236478192245372 ], [ 77.435983258245315, 23.236459092253341 ], [ 77.435971858245324, 23.236512592231016 ] ] ] } },
{ "type": "Feature", "properties": { }, "geometry": { "type": "Polygon", "coordinates": [ [ [ 77.440191458245323, 23.231709294235419 ], [ 77.440360758245291, 23.23170559423696 ], [ 77.440356758245315, 23.231552194300971 ], [ 77.440187458245319, 23.231555894299426 ], [ 77.440191458245323, 23.231709294235419 ] ] ] } },
{ "type": "Feature", "properties": { }, "geometry": { "type": "Polygon", "coordinates": [ [ [ 77.442305858245305, 23.23507269283192 ], [ 77.442452558245321, 23.235076292830417 ], [ 77.442454958245321, 23.23499189286564 ], [ 77.442308258245305, 23.234988392867102 ], [ 77.442305858245305, 23.23507269283192 ] ] ] } },
{ "type": "Feature", "properties": { }, "geometry": { "type": "Polygon", "coordinates": [ [ [ 77.43562915824532, 23.234354693131547 ], [ 77.435777358245318, 23.234384293119199 ], [ 77.43579495824531, 23.234309993150205 ], [ 77.435646758245312, 23.234280393162557 ], [ 77.43562915824532, 23.234354693131547 ] ] ] } },
{ "type": "Feature", "properties": { }, "geometry": { "type": "Polygon", "coordinates": [ [ [ 77.434448658245302, 23.237117291978649 ], [ 77.434660258245316, 23.237156591962243 ], [ 77.434682158245309, 23.237057192003732 ], [ 77.434470558245309, 23.237017892020134 ], [ 77.434448658245302, 23.237117291978649 ] ] ] } },
{ "type": "Feature", "properties": { }, "geometry": { "type": "Polygon", "coordinates": [ [ [ 77.44077125824532, 23.229298195241416 ], [ 77.441684558245313, 23.229319195232655 ], [ 77.441689258245304, 23.229149095303629 ], [ 77.440775958245311, 23.229128095312383 ], [ 77.44077125824532, 23.229298195241416 ] ] ] } },
{ "type": "Feature", "properties": { }, "geometry": { "type": "Polygon", "coordinates": [ [ [ 77.435929258245309, 23.234300293154252 ], [ 77.436133858245327, 23.23433889313814 ], [ 77.436154558245306, 23.234246493176702 ], [ 77.435949958245303, 23.234207793192844 ], [ 77.435929258245309, 23.234300293154252 ] ] ] } },
{ "type": "Feature", "properties": { }, "geometry": { "type": "Polygon", "coordinates": [ [ [ 77.436175658245318, 23.23427029316677 ], [ 77.436149458245325, 23.234375993122661 ], [ 77.436349258245329, 23.234417893105178 ], [ 77.436375458245323, 23.234312193149286 ], [ 77.436175658245318, 23.23427029316677 ] ] ] } },
{ "type": "Feature", "properties": { }, "geometry": { "type": "Polygon", "coordinates": [ [ [ 77.433647958245317, 23.236094092405665 ], [ 77.433644358245317, 23.236358092295493 ], [ 77.434133958245326, 23.236363792293115 ], [ 77.434137558245325, 23.236099792403294 ], [ 77.433647958245317, 23.236094092405665 ] ] ] } },
{ "type": "Feature", "properties": { }, "geometry": { "type": "Polygon", "coordinates": [ [ [ 77.43551185824532, 23.234044493260999 ], [ 77.435666058245317, 23.234075293248146 ], [ 77.435681458245327, 23.234010293275265 ], [ 77.435527158245335, 23.233979493288121 ], [ 77.43551185824532, 23.234044493260999 ] ] ] } },
{ "type": "Feature", "properties": { }, "geometry": { "type": "Polygon", "coordinates": [ [ [ 77.434639558245308, 23.235279392745657 ], [ 77.434836858245291, 23.235313292731515 ], [ 77.434868258245302, 23.235159192795823 ], [ 77.434670958245306, 23.235125292809968 ], [ 77.434639558245308, 23.235279392745657 ] ] ] } },
{ "type": "Feature", "properties": { }, "geometry": { "type": "Polygon", "coordinates": [ [ [ 77.434477458245325, 23.23700939202368 ], [ 77.434680458245325, 23.237044592008989 ], [ 77.434694258245315, 23.236977292037071 ], [ 77.434491258245302, 23.23694209205177 ], [ 77.434477458245325, 23.23700939202368 ] ] ] } },
{ "type": "Feature", "properties": { }, "geometry": { "type": "Polygon", "coordinates": [ [ [ 77.442288958245314, 23.237394591862916 ], [ 77.442295158245329, 23.237288791907069 ], [ 77.442218058245302, 23.237284891908701 ], [ 77.442211858245315, 23.237390791864502 ], [ 77.442288958245314, 23.237394591862916 ] ] ] } },
{ "type": "Feature", "properties": { }, "geometry": { "type": "Polygon", "coordinates": [ [ [ 77.438988958245304, 23.237762591709327 ], [ 77.439145958245305, 23.237782591700977 ], [ 77.439163758245314, 23.237664891750107 ], [ 77.439006758245327, 23.237644791758495 ], [ 77.438988958245304, 23.237762591709327 ] ] ] } },
{ "type": "Feature", "properties": { }, "geometry": { "type": "Polygon", "coordinates": [ [ [ 77.442141358245308, 23.23452829305911 ], [ 77.442292958245304, 23.234527693059356 ], [ 77.442292558245313, 23.23445059309153 ], [ 77.442141058245312, 23.234451193091285 ], [ 77.442141358245308, 23.23452829305911 ] ] ] } },
{ "type": "Feature", "properties": { }, "geometry": { "type": "Polygon", "coordinates": [ [ [ 77.441780458245304, 23.231115994482973 ], [ 77.442130458245302, 23.231117194482476 ], [ 77.442132358245317, 23.230669994669064 ], [ 77.44178235824532, 23.230668694669607 ], [ 77.441780458245304, 23.231115994482973 ] ] ] } },
{ "type": "Feature", "properties": { }, "geometry": { "type": "Polygon", "coordinates": [ [ [ 77.436205558245291, 23.23416779320954 ], [ 77.436180758245314, 23.234266093168522 ], [ 77.436365258245317, 23.234305293152158 ], [ 77.436389958245314, 23.234206993193187 ], [ 77.436205558245291, 23.23416779320954 ] ] ] } },
{ "type": "Feature", "properties": { }, "geometry": { "type": "Polygon", "coordinates": [ [ [ 77.442310758245327, 23.234714592981362 ], [ 77.442444458245305, 23.234716692980488 ], [ 77.442446658245316, 23.234604793027181 ], [ 77.442312858245302, 23.234602693028052 ], [ 77.442310758245327, 23.234714592981362 ] ] ] } },
{ "type": "Feature", "properties": { }, "geometry": { "type": "Polygon", "coordinates": [ [ [ 77.44186365824531, 23.229922394980985 ], [ 77.442010458245306, 23.229929194978148 ], [ 77.442016058245315, 23.22982659502096 ], [ 77.441869258245305, 23.229819795023797 ], [ 77.44186365824531, 23.229922394980985 ] ] ] } },
{ "type": "Feature", "properties": { }, "geometry": { "type": "Polygon", "coordinates": [ [ [ 77.440110758245311, 23.229907594987164 ], [ 77.440291858245317, 23.22990699498741 ], [ 77.440291658245314, 23.229850995010779 ], [ 77.440110558245323, 23.229851595010526 ], [ 77.440110758245311, 23.229907594987164 ] ] ] } },
{ "type": "Feature", "properties": { }, "geometry": { "type": "Polygon", "coordinates": [ [ [ 77.442150058245318, 23.235192692781848 ], [ 77.442148158245303, 23.235263592752254 ], [ 77.442298658245306, 23.235267192750758 ], [ 77.442300558245307, 23.235196192780382 ], [ 77.442150058245318, 23.235192692781848 ] ] ] } },
{ "type": "Feature", "properties": { }, "geometry": { "type": "Polygon", "coordinates": [ [ [ 77.442072858245325, 23.237388591865422 ], [ 77.44219685824531, 23.237391691864122 ], [ 77.442200258245336, 23.237277191911915 ], [ 77.442076158245328, 23.237274191913162 ], [ 77.442072858245325, 23.237388591865422 ] ] ] } },
{ "type": "Feature", "properties": { }, "geometry": { "type": "Polygon", "coordinates": [ [ [ 77.440861658245325, 23.232894993740665 ], [ 77.440881158245304, 23.233029393684582 ], [ 77.44103545824531, 23.233010393692513 ], [ 77.441015958245316, 23.232876093748551 ], [ 77.440861658245325, 23.232894993740665 ] ] ] } },
{ "type": "Feature", "properties": { }, "geometry": { "type": "Polygon", "coordinates": [ [ [ 77.441032158245321, 23.237007792024347 ], [ 77.441171658245295, 23.237015092021299 ], [ 77.441177558245329, 23.236920492060779 ], [ 77.441038058245312, 23.236913192063827 ], [ 77.441032158245321, 23.237007792024347 ] ] ] } },
{ "type": "Feature", "properties": { }, "geometry": { "type": "Polygon", "coordinates": [ [ [ 77.442144458245338, 23.234356393130838 ], [ 77.442288958245314, 23.234357393130423 ], [ 77.442289558245321, 23.23427029316677 ], [ 77.442145058245302, 23.234269393167146 ], [ 77.442144458245338, 23.234356393130838 ] ] ] } },
{ "type": "Feature", "properties": { }, "geometry": { "type": "Polygon", "coordinates": [ [ [ 77.441795258245321, 23.231359994381169 ], [ 77.442166758245307, 23.23136369437962 ], [ 77.442169558245297, 23.231124694479348 ], [ 77.441798058245325, 23.231120994480889 ], [ 77.441795258245321, 23.231359994381169 ] ] ] } },
{ "type": "Feature", "properties": { }, "geometry": { "type": "Polygon", "coordinates": [ [ [ 77.434236758245319, 23.23685109208974 ], [ 77.43443525824533, 23.236883792076096 ], [ 77.434454158245316, 23.236786792116575 ], [ 77.43425565824532, 23.236754092130226 ], [ 77.434236758245319, 23.23685109208974 ] ] ] } },
{ "type": "Feature", "properties": { }, "geometry": { "type": "Polygon", "coordinates": [ [ [ 77.440859858245304, 23.237121191977018 ], [ 77.441010058245311, 23.237129191973679 ], [ 77.441017158245316, 23.237016592020673 ], [ 77.440866958245337, 23.237008592024011 ], [ 77.440859858245304, 23.237121191977018 ] ] ] } },
{ "type": "Feature", "properties": { }, "geometry": { "type": "Polygon", "coordinates": [ [ [ 77.435988958245289, 23.236442592260225 ], [ 77.436095858245324, 23.23646479225096 ], [ 77.436106158245309, 23.236423092268364 ], [ 77.435999158245309, 23.236400892277629 ], [ 77.435988958245289, 23.236442592260225 ] ] ] } },
{ "type": "Feature", "properties": { }, "geometry": { "type": "Polygon", "coordinates": [ [ [ 77.433627258245309, 23.236885592075346 ], [ 77.433770658245308, 23.236882292076722 ], [ 77.433763258245321, 23.236611192189866 ], [ 77.433619858245322, 23.236614492188483 ], [ 77.433627258245309, 23.236885592075346 ] ] ] } },
{ "type": "Feature", "properties": { }, "geometry": { "type": "Polygon", "coordinates": [ [ [ 77.442140058245329, 23.234264593169147 ], [ 77.442288558245309, 23.234265193168895 ], [ 77.442288958245314, 23.234181593203783 ], [ 77.442140458245319, 23.234180993204035 ], [ 77.442140058245329, 23.234264593169147 ] ] ] } },
{ "type": "Feature", "properties": { }, "geometry": { "type": "Polygon", "coordinates": [ [ [ 77.43564925824532, 23.23427029316677 ], [ 77.435794758245322, 23.234301793153627 ], [ 77.435814658245306, 23.234223993186095 ], [ 77.43566915824529, 23.234192593199193 ], [ 77.43564925824532, 23.23427029316677 ] ] ] } },
{ "type": "Feature", "properties": { }, "geometry": { "type": "Polygon", "coordinates": [ [ [ 77.434193158245307, 23.23705259200565 ], [ 77.434396358245323, 23.23708589199175 ], [ 77.434415058245321, 23.236989292032067 ], [ 77.434211958245328, 23.236955992045964 ], [ 77.434193158245307, 23.23705259200565 ] ] ] } },
{ "type": "Feature", "properties": { }, "geometry": { "type": "Polygon", "coordinates": [ [ [ 77.436055858245325, 23.236125992392353 ], [ 77.436037158245298, 23.236203892359843 ], [ 77.436181558245309, 23.236233192347616 ], [ 77.436200258245307, 23.236155292380122 ], [ 77.436055858245325, 23.236125992392353 ] ] ] } },
{ "type": "Feature", "properties": { }, "geometry": { "type": "Polygon", "coordinates": [ [ [ 77.435707658245292, 23.234088193242762 ], [ 77.435851158245313, 23.23411509323153 ], [ 77.435868058245305, 23.234038593263456 ], [ 77.435724558245312, 23.23401179327464 ], [ 77.435707658245292, 23.234088193242762 ] ] ] } },
{ "type": "Feature", "properties": { }, "geometry": { "type": "Polygon", "coordinates": [ [ [ 77.440777258245319, 23.230033194934762 ], [ 77.441089758245312, 23.230044994929834 ], [ 77.441095158245318, 23.22992539497973 ], [ 77.440782658245311, 23.229913594984659 ], [ 77.440777258245319, 23.230033194934762 ] ] ] } },
{ "type": "Feature", "properties": { }, "geometry": { "type": "Polygon", "coordinates": [ [ [ 77.438032358245309, 23.237459091835994 ], [ 77.438173158245306, 23.237487591824102 ], [ 77.438221758245305, 23.237284891908701 ], [ 77.438080958245322, 23.237256491920547 ], [ 77.438032358245309, 23.237459091835994 ] ] ] } },
{ "type": "Feature", "properties": { }, "geometry": { "type": "Polygon", "coordinates": [ [ [ 77.434215458245333, 23.236950392048303 ], [ 77.43441285824531, 23.236983992034279 ], [ 77.43443165824533, 23.236890892073138 ], [ 77.434234158245303, 23.236857292087162 ], [ 77.434215458245333, 23.236950392048303 ] ] ] } },
{ "type": "Feature", "properties": { }, "geometry": { "type": "Polygon", "coordinates": [ [ [ 77.440323258245328, 23.231183194454935 ], [ 77.440706658245318, 23.231185694453892 ], [ 77.440708258245323, 23.230971694543182 ], [ 77.440324858245319, 23.230969194544226 ], [ 77.440323258245328, 23.231183194454935 ] ] ] } },
{ "type": "Feature", "properties": { }, "geometry": { "type": "Polygon", "coordinates": [ [ [ 77.440229958245325, 23.232911193733905 ], [ 77.440368258245343, 23.232927793726976 ], [ 77.440388358245329, 23.232786093786103 ], [ 77.44025015824532, 23.232769493793036 ], [ 77.440229958245325, 23.232911193733905 ] ] ] } },
{ "type": "Feature", "properties": { }, "geometry": { "type": "Polygon", "coordinates": [ [ [ 77.43566935824532, 23.234188693200814 ], [ 77.435814958245288, 23.234219493187968 ], [ 77.435837358245323, 23.234129893225361 ], [ 77.435691858245306, 23.234098993238256 ], [ 77.43566935824532, 23.234188693200814 ] ] ] } },
{ "type": "Feature", "properties": { }, "geometry": { "type": "Polygon", "coordinates": [ [ [ 77.434175058245316, 23.237144991967089 ], [ 77.434372858245325, 23.237178291953189 ], [ 77.434390458245318, 23.237089891990081 ], [ 77.434192658245308, 23.237056592003977 ], [ 77.434175058245316, 23.237144991967089 ] ] ] } },
{ "type": "Feature", "properties": { }, "geometry": { "type": "Polygon", "coordinates": [ [ [ 77.435763758245315, 23.233848093342946 ], [ 77.435730358245308, 23.233997393280649 ], [ 77.435874758245319, 23.2340245932693 ], [ 77.435908158245311, 23.233875393331559 ], [ 77.435763758245315, 23.233848093342946 ] ] ] } },
{ "type": "Feature", "properties": { }, "geometry": { "type": "Polygon", "coordinates": [ [ [ 77.434121458245329, 23.235862292502411 ], [ 77.434380558245323, 23.235910492482287 ], [ 77.434421158245314, 23.235726792558953 ], [ 77.43416205824532, 23.235678492579115 ], [ 77.434121458245329, 23.235862292502411 ] ] ] } },
{ "type": "Feature", "properties": { }, "geometry": { "type": "Polygon", "coordinates": [ [ [ 77.442364758245304, 23.237398291861375 ], [ 77.442370958245306, 23.237292691905445 ], [ 77.442297758245303, 23.237289091906948 ], [ 77.442291558245316, 23.237394691862871 ], [ 77.442364758245304, 23.237398291861375 ] ] ] } },
{ "type": "Feature", "properties": { }, "geometry": { "type": "Polygon", "coordinates": [ [ [ 77.439322558245308, 23.234582893036322 ], [ 77.439721058245311, 23.234643893010862 ], [ 77.439816558245326, 23.234117293230618 ], [ 77.439674658245323, 23.234095593239669 ], [ 77.439601358245312, 23.234500093070871 ], [ 77.439344758245326, 23.234460793087273 ], [ 77.439322558245308, 23.234582893036322 ] ] ] } },
{ "type": "Feature", "properties": { }, "geometry": { "type": "Polygon", "coordinates": [ [ [ 77.440210058245299, 23.230070894919031 ], [ 77.44063385824532, 23.230080794914901 ], [ 77.440641258245307, 23.229811495027256 ], [ 77.440316858245325, 23.229803895030425 ], [ 77.440311558245327, 23.229996794949948 ], [ 77.440212158245302, 23.229994494950905 ], [ 77.440210058245299, 23.230070894919031 ] ] ] } },
{ "type": "Feature", "properties": { }, "geometry": { "type": "Polygon", "coordinates": [ [ [ 77.433825758245305, 23.236987392032859 ], [ 77.434032758245294, 23.236982592034867 ], [ 77.434022958245322, 23.236629892182062 ], [ 77.433909558245318, 23.236632492180977 ], [ 77.433911158245323, 23.236688492157608 ], [ 77.433817558245323, 23.236690692156685 ], [ 77.433825758245305, 23.236987392032859 ] ] ] } },
{ "type": "Feature", "properties": { }, "geometry": { "type": "Polygon", "coordinates": [ [ [ 77.440331358245302, 23.231322294396893 ], [ 77.4404326582453, 23.231322994396603 ], [ 77.440431858245304, 23.231426394353463 ], [ 77.440643858245323, 23.231427794352882 ], [ 77.440644558245324, 23.23132429439606 ], [ 77.440914758245327, 23.23132609439531 ], [ 77.44091575824531, 23.231195594449755 ], [ 77.440332358245314, 23.231191794451345 ], [ 77.440331358245302, 23.231322294396893 ] ] ] } },
{ "type": "Feature", "properties": { }, "geometry": { "type": "Polygon", "coordinates": [ [ [ 77.441005158245318, 23.235902492485629 ], [ 77.441147258245309, 23.235918692478865 ], [ 77.441159858245328, 23.235825292517848 ], [ 77.441017758245309, 23.235809092524608 ], [ 77.441005158245318, 23.235902492485629 ] ] ] } },
{ "type": "Feature", "properties": { }, "geometry": { "type": "Polygon", "coordinates": [ [ [ 77.439657658245324, 23.232132694058755 ], [ 77.439736758245303, 23.232144394053865 ], [ 77.439754558245326, 23.232042894096217 ], [ 77.439675458245318, 23.232031194101101 ], [ 77.439657658245324, 23.232132694058755 ] ] ] } },
{ "type": "Feature", "properties": { }, "geometry": { "type": "Polygon", "coordinates": [ [ [ 77.434088758245323, 23.237560491793676 ], [ 77.434436058245325, 23.237660291752029 ], [ 77.43447445824529, 23.237547591799053 ], [ 77.434127158245303, 23.23744769184075 ], [ 77.434088758245323, 23.237560491793676 ] ] ] } },
{ "type": "Feature", "properties": { }, "geometry": { "type": "Polygon", "coordinates": [ [ [ 77.441192858245302, 23.23160179428027 ], [ 77.441286758245312, 23.23160309427973 ], [ 77.441287958245312, 23.231528894310696 ], [ 77.44119405824533, 23.231527594311235 ], [ 77.441192858245302, 23.23160179428027 ] ] ] } },
{ "type": "Feature", "properties": { }, "geometry": { "type": "Polygon", "coordinates": [ [ [ 77.439159458245328, 23.235502792652436 ], [ 77.439283158245317, 23.235519492645466 ], [ 77.439292458245319, 23.235461192669792 ], [ 77.43916875824533, 23.235444592676721 ], [ 77.439159458245328, 23.235502792652436 ] ] ] } },
{ "type": "Feature", "properties": { }, "geometry": { "type": "Polygon", "coordinates": [ [ [ 77.440969258245318, 23.230904294571307 ], [ 77.441030258245306, 23.230903994571435 ], [ 77.441029658245327, 23.230795694616617 ], [ 77.440968658245311, 23.230796094616448 ], [ 77.440969258245318, 23.230904294571307 ] ] ] } },
{ "type": "Feature", "properties": { }, "geometry": { "type": "Polygon", "coordinates": [ [ [ 77.439181358245307, 23.235442092677761 ], [ 77.439303158245309, 23.235456992671548 ], [ 77.439313758245319, 23.235384292701884 ], [ 77.439191858245309, 23.23536929270815 ], [ 77.439181358245307, 23.235442092677761 ] ] ] } },
{ "type": "Feature", "properties": { }, "geometry": { "type": "Polygon", "coordinates": [ [ [ 77.439669458245319, 23.236996992028857 ], [ 77.439799758245314, 23.237014692021464 ], [ 77.43981515824531, 23.236918492061616 ], [ 77.439684858245315, 23.236900892068963 ], [ 77.439669458245319, 23.236996992028857 ] ] ] } },
{ "type": "Feature", "properties": { }, "geometry": { "type": "Polygon", "coordinates": [ [ [ 77.439684958245309, 23.237392691863707 ], [ 77.439756358245305, 23.237395791862415 ], [ 77.439761058245324, 23.237303691900852 ], [ 77.439689658245314, 23.237300591902152 ], [ 77.439684958245309, 23.237392691863707 ] ] ] } },
{ "type": "Feature", "properties": { }, "geometry": { "type": "Polygon", "coordinates": [ [ [ 77.44008115824532, 23.235846892508835 ], [ 77.440230858245329, 23.235851392506952 ], [ 77.440233958245315, 23.235764992543015 ], [ 77.440084258245307, 23.235760492544891 ], [ 77.44008115824532, 23.235846892508835 ] ] ] } },
{ "type": "Feature", "properties": { }, "geometry": { "type": "Polygon", "coordinates": [ [ [ 77.439519258245312, 23.236939892052686 ], [ 77.439662958245336, 23.236960892043918 ], [ 77.439674858245297, 23.236891692072799 ], [ 77.43953115824533, 23.236870692081563 ], [ 77.439519258245312, 23.236939892052686 ] ] ] } },
{ "type": "Feature", "properties": { }, "geometry": { "type": "Polygon", "coordinates": [ [ [ 77.440135658245325, 23.236586192200299 ], [ 77.440302558245307, 23.236602792193366 ], [ 77.440313258245311, 23.23651229223114 ], [ 77.440146258245306, 23.236495592238107 ], [ 77.440135658245325, 23.236586192200299 ] ] ] } },
{ "type": "Feature", "properties": { }, "geometry": { "type": "Polygon", "coordinates": [ [ [ 77.439606858245313, 23.237386591866255 ], [ 77.439681358245323, 23.237389691864955 ], [ 77.439686058245314, 23.237291991905739 ], [ 77.439611658245298, 23.237288891907028 ], [ 77.439606858245313, 23.237386591866255 ] ] ] } },
{ "type": "Feature", "properties": { }, "geometry": { "type": "Polygon", "coordinates": [ [ [ 77.438912858245303, 23.232953693716173 ], [ 77.439022358245325, 23.232980293705069 ], [ 77.439044658245308, 23.232902593737489 ], [ 77.438935158245329, 23.232875993748596 ], [ 77.438912858245303, 23.232953693716173 ] ] ] } },
{ "type": "Feature", "properties": { }, "geometry": { "type": "Polygon", "coordinates": [ [ [ 77.440877458245311, 23.230894094575557 ], [ 77.440953858245308, 23.230893194575934 ], [ 77.44095245824532, 23.230796994616075 ], [ 77.440876058245308, 23.230797894615698 ], [ 77.440877458245311, 23.230894094575557 ] ] ] } },
{ "type": "Feature", "properties": { }, "geometry": { "type": "Polygon", "coordinates": [ [ [ 77.438061258245327, 23.238124591558236 ], [ 77.438170558245318, 23.238142891550606 ], [ 77.438193658245311, 23.238026691599106 ], [ 77.438084358245305, 23.238008391606741 ], [ 77.438061258245327, 23.238124591558236 ] ] ] } },
{ "type": "Feature", "properties": { }, "geometry": { "type": "Polygon", "coordinates": [ [ [ 77.437072158245329, 23.237541591801563 ], [ 77.437197858245312, 23.237573391788292 ], [ 77.437219158245327, 23.237502391817927 ], [ 77.437093458245329, 23.237470491831242 ], [ 77.437072158245329, 23.237541591801563 ] ] ] } },
{ "type": "Feature", "properties": { }, "geometry": { "type": "Polygon", "coordinates": [ [ [ 77.43885145824531, 23.237108691982236 ], [ 77.438990958245313, 23.237125891975058 ], [ 77.439001858245319, 23.237051492006106 ], [ 77.438862458245325, 23.237034192013333 ], [ 77.43885145824531, 23.237108691982236 ] ] ] } },
{ "type": "Feature", "properties": { }, "geometry": { "type": "Polygon", "coordinates": [ [ [ 77.441165958245321, 23.235969992457463 ], [ 77.441317758245319, 23.235983592451785 ], [ 77.441329258245304, 23.235874992497106 ], [ 77.441177358245312, 23.235861492502739 ], [ 77.441165958245321, 23.235969992457463 ] ] ] } },
{ "type": "Feature", "properties": { }, "geometry": { "type": "Polygon", "coordinates": [ [ [ 77.437263958245325, 23.226885796247853 ], [ 77.43723865824532, 23.226975796210315 ], [ 77.437339858245323, 23.226999896200251 ], [ 77.437365158245314, 23.226909796237845 ], [ 77.437263958245325, 23.226885796247853 ] ] ] } },
{ "type": "Feature", "properties": { }, "geometry": { "type": "Polygon", "coordinates": [ [ [ 77.435428658245328, 23.228839395432832 ], [ 77.435608858245317, 23.228911995402548 ], [ 77.435630258245311, 23.228867095421283 ], [ 77.435450158245303, 23.228794395451605 ], [ 77.435428658245328, 23.228839395432832 ] ] ] } },
{ "type": "Feature", "properties": { }, "geometry": { "type": "Polygon", "coordinates": [ [ [ 77.437187958245318, 23.227183696123582 ], [ 77.437168758245321, 23.227242496099052 ], [ 77.437351758245299, 23.227292996077981 ], [ 77.43737095824531, 23.227234196102511 ], [ 77.437187958245318, 23.227183696123582 ] ] ] } },
{ "type": "Feature", "properties": { }, "geometry": { "type": "Polygon", "coordinates": [ [ [ 77.437800658245308, 23.226968996213145 ], [ 77.437866958245323, 23.226982396207557 ], [ 77.437895158245311, 23.226864696256659 ], [ 77.437828858245311, 23.22685129626225 ], [ 77.437800658245308, 23.226968996213145 ] ] ] } },
{ "type": "Feature", "properties": { }, "geometry": { "type": "Polygon", "coordinates": [ [ [ 77.437936158245321, 23.227433596019331 ], [ 77.438032158245321, 23.227453496011023 ], [ 77.438062958245297, 23.227327796063463 ], [ 77.437966958245312, 23.227307896071764 ], [ 77.437936158245321, 23.227433596019331 ] ] ] } },
{ "type": "Feature", "properties": { }, "geometry": { "type": "Polygon", "coordinates": [ [ [ 77.43746605824532, 23.226303896490609 ], [ 77.437430058245312, 23.226404396448682 ], [ 77.437626258245317, 23.226463696423949 ], [ 77.437662158245317, 23.226363196465869 ], [ 77.43746605824532, 23.226303896490609 ] ] ] } },
{ "type": "Feature", "properties": { }, "geometry": { "type": "Polygon", "coordinates": [ [ [ 77.435979458245313, 23.228083495748194 ], [ 77.436062558245311, 23.228108095737934 ], [ 77.436092358245318, 23.228022695773557 ], [ 77.436009358245329, 23.227998195783783 ], [ 77.435979458245313, 23.228083495748194 ] ] ] } },
{ "type": "Feature", "properties": { }, "geometry": { "type": "Polygon", "coordinates": [ [ [ 77.435857758245319, 23.228247395679816 ], [ 77.435930758245306, 23.228277295667347 ], [ 77.435962958245312, 23.228210695695129 ], [ 77.435889958245312, 23.22818089570756 ], [ 77.435857758245319, 23.228247395679816 ] ] ] } },
{ "type": "Feature", "properties": { }, "geometry": { "type": "Polygon", "coordinates": [ [ [ 77.436471658245296, 23.227872495836223 ], [ 77.436621758245323, 23.227917495817447 ], [ 77.43667535824531, 23.227766595880404 ], [ 77.436525358245319, 23.227721495899218 ], [ 77.436471658245296, 23.227872495836223 ] ] ] } },
{ "type": "Feature", "properties": { }, "geometry": { "type": "Polygon", "coordinates": [ [ [ 77.435492858245325, 23.228697095492198 ], [ 77.435453758245288, 23.22878729545457 ], [ 77.435571858245311, 23.228830395436585 ], [ 77.435610858245312, 23.228740295474179 ], [ 77.435492858245325, 23.228697095492198 ] ] ] } },
{ "type": "Feature", "properties": { }, "geometry": { "type": "Polygon", "coordinates": [ [ [ 77.437764158245329, 23.227693495910898 ], [ 77.437832858245329, 23.22770579590577 ], [ 77.437859658245316, 23.227579495958462 ], [ 77.437790958245301, 23.227567195963587 ], [ 77.437764158245329, 23.227693495910898 ] ] ] } },
{ "type": "Feature", "properties": { }, "geometry": { "type": "Polygon", "coordinates": [ [ [ 77.437055758245322, 23.226168496547093 ], [ 77.437124758245318, 23.226185796539873 ], [ 77.437158258245319, 23.226072696587057 ], [ 77.437089258245308, 23.226055496594231 ], [ 77.437055758245322, 23.226168496547093 ] ] ] } },
{ "type": "Feature", "properties": { }, "geometry": { "type": "Polygon", "coordinates": [ [ [ 77.436661858245316, 23.228244495681025 ], [ 77.436751058245306, 23.228268795670886 ], [ 77.436808958245308, 23.228089695745609 ], [ 77.436719758245303, 23.228065395755749 ], [ 77.436661858245316, 23.228244495681025 ] ] ] } },
{ "type": "Feature", "properties": { }, "geometry": { "type": "Polygon", "coordinates": [ [ [ 77.435829858245313, 23.228573995543563 ], [ 77.435927958245315, 23.228614395526698 ], [ 77.436012558245324, 23.228441295598923 ], [ 77.435914558245329, 23.228400895615778 ], [ 77.435829858245313, 23.228573995543563 ] ] ] } },
{ "type": "Feature", "properties": { }, "geometry": { "type": "Polygon", "coordinates": [ [ [ 77.436586358245307, 23.227398596033925 ], [ 77.436523558245312, 23.227556595968011 ], [ 77.436745458245326, 23.227631095936932 ], [ 77.436808258245321, 23.227473196002808 ], [ 77.436586358245307, 23.227398596033925 ] ] ] } },
{ "type": "Feature", "properties": { }, "geometry": { "type": "Polygon", "coordinates": [ [ [ 77.437918558245329, 23.227731095895212 ], [ 77.43796985824531, 23.227741195890999 ], [ 77.437999458245315, 23.227614695943775 ], [ 77.43794815824532, 23.227604595947987 ], [ 77.437918558245329, 23.227731095895212 ] ] ] } },
{ "type": "Feature", "properties": { }, "geometry": { "type": "Polygon", "coordinates": [ [ [ 77.436948958245296, 23.225926996647836 ], [ 77.437012258245318, 23.225945496640122 ], [ 77.437036358245322, 23.225875896669159 ], [ 77.436973058245329, 23.225857396676869 ], [ 77.436948958245296, 23.225926996647836 ] ] ] } },
{ "type": "Feature", "properties": { }, "geometry": { "type": "Polygon", "coordinates": [ [ [ 77.438258058245324, 23.226668896338339 ], [ 77.438347158245307, 23.226687896330414 ], [ 77.438380658245322, 23.226555496385647 ], [ 77.438291558245311, 23.226536396393612 ], [ 77.438258058245324, 23.226668896338339 ] ] ] } },
{ "type": "Feature", "properties": { }, "geometry": { "type": "Polygon", "coordinates": [ [ [ 77.437910858245317, 23.228000495782823 ], [ 77.437895158245311, 23.228052895760964 ], [ 77.438022858245304, 23.228085195747493 ], [ 77.438038458245302, 23.228032795769344 ], [ 77.437910858245317, 23.228000495782823 ] ] ] } },
{ "type": "Feature", "properties": { }, "geometry": { "type": "Polygon", "coordinates": [ [ [ 77.437827558245303, 23.226567796380525 ], [ 77.437898458245314, 23.226582796374259 ], [ 77.43792725824531, 23.226467596422317 ], [ 77.437856358245313, 23.226452596428572 ], [ 77.437827558245303, 23.226567796380525 ] ] ] } },
{ "type": "Feature", "properties": { }, "geometry": { "type": "Polygon", "coordinates": [ [ [ 77.436296358245329, 23.228678595499918 ], [ 77.436394058245313, 23.228718895483109 ], [ 77.436469758245323, 23.228563595547897 ], [ 77.436372058245311, 23.228523295564706 ], [ 77.436296358245329, 23.228678595499918 ] ] ] } },
{ "type": "Feature", "properties": { }, "geometry": { "type": "Polygon", "coordinates": [ [ [ 77.435937158245309, 23.228617195525537 ], [ 77.436034758245313, 23.228656895508966 ], [ 77.436116858245299, 23.228486695579981 ], [ 77.43601925824531, 23.22844689559658 ], [ 77.435937158245309, 23.228617195525537 ] ] ] } },
{ "type": "Feature", "properties": { }, "geometry": { "type": "Polygon", "coordinates": [ [ [ 77.437119958245319, 23.228015795776439 ], [ 77.43723945824533, 23.228059595758165 ], [ 77.437271958245319, 23.227984595789451 ], [ 77.437152558245316, 23.227940795807729 ], [ 77.437119958245319, 23.228015795776439 ] ] ] } },
{ "type": "Feature", "properties": { }, "geometry": { "type": "Polygon", "coordinates": [ [ [ 77.436743358245309, 23.227707495905062 ], [ 77.436867758245327, 23.227756495884613 ], [ 77.436893058245317, 23.227701995907349 ], [ 77.436768758245321, 23.227653095927757 ], [ 77.436743358245309, 23.227707495905062 ] ] ] } },
{ "type": "Feature", "properties": { }, "geometry": { "type": "Polygon", "coordinates": [ [ [ 77.436775458245307, 23.228553995551895 ], [ 77.436861458245303, 23.228578995541469 ], [ 77.436922258245318, 23.22840229561519 ], [ 77.436836258245322, 23.228377295625624 ], [ 77.436775458245307, 23.228553995551895 ] ] ] } },
{ "type": "Feature", "properties": { }, "geometry": { "type": "Polygon", "coordinates": [ [ [ 77.437138158245318, 23.227568295963131 ], [ 77.437203658245323, 23.227583995956582 ], [ 77.437242558245316, 23.227447496013518 ], [ 77.437177058245325, 23.227431696020115 ], [ 77.437138158245318, 23.227568295963131 ] ] ] } },
{ "type": "Feature", "properties": { }, "geometry": { "type": "Polygon", "coordinates": [ [ [ 77.436347958245307, 23.226900496241722 ], [ 77.436403358245315, 23.226921496232965 ], [ 77.436453758245335, 23.226809096279858 ], [ 77.436398258245319, 23.226788196288577 ], [ 77.436347958245307, 23.226900496241722 ] ] ] } },
{ "type": "Feature", "properties": { }, "geometry": { "type": "Polygon", "coordinates": [ [ [ 77.437189858245304, 23.226291496495783 ], [ 77.437378958245304, 23.226349996471374 ], [ 77.437422058245303, 23.226232396520434 ], [ 77.437232958245318, 23.226173796544877 ], [ 77.437189858245304, 23.226291496495783 ] ] ] } },
{ "type": "Feature", "properties": { }, "geometry": { "type": "Polygon", "coordinates": [ [ [ 77.43681665824532, 23.227533295977729 ], [ 77.436797758245319, 23.227579995958251 ], [ 77.436926058245291, 23.227623795939977 ], [ 77.436944958245306, 23.227577095959465 ], [ 77.43681665824532, 23.227533295977729 ] ] ] } },
{ "type": "Feature", "properties": { }, "geometry": { "type": "Polygon", "coordinates": [ [ [ 77.437568658245311, 23.227711395903427 ], [ 77.437543458245301, 23.22782429585633 ], [ 77.437729158245304, 23.227859395841683 ], [ 77.437754458245308, 23.227746495888788 ], [ 77.437568658245311, 23.227711395903427 ] ] ] } },
{ "type": "Feature", "properties": { }, "geometry": { "type": "Polygon", "coordinates": [ [ [ 77.437303958245309, 23.227129896146028 ], [ 77.437403858245304, 23.22715659613489 ], [ 77.437440458245291, 23.227041196183031 ], [ 77.437340658245319, 23.227014396194203 ], [ 77.437303958245309, 23.227129896146028 ] ] ] } },
{ "type": "Feature", "properties": { }, "geometry": { "type": "Polygon", "coordinates": [ [ [ 77.437483858245315, 23.227158496134098 ], [ 77.437583658245316, 23.22718249612408 ], [ 77.437619858245313, 23.227055596177024 ], [ 77.437520058245312, 23.227031496187077 ], [ 77.437483858245315, 23.227158496134098 ] ] ] } },
{ "type": "Feature", "properties": { }, "geometry": { "type": "Polygon", "coordinates": [ [ [ 77.437301158245319, 23.227594595952159 ], [ 77.437376958245309, 23.227612195944818 ], [ 77.437410558245318, 23.227490195995713 ], [ 77.437334658245305, 23.227472596003061 ], [ 77.437301158245319, 23.227594595952159 ] ] ] } },
{ "type": "Feature", "properties": { }, "geometry": { "type": "Polygon", "coordinates": [ [ [ 77.436694458245313, 23.22783509585183 ], [ 77.436814658245325, 23.22787919583342 ], [ 77.436842658245311, 23.227814995860211 ], [ 77.436722358245305, 23.227770895878603 ], [ 77.436694458245313, 23.22783509585183 ] ] ] } },
{ "type": "Feature", "properties": { }, "geometry": { "type": "Polygon", "coordinates": [ [ [ 77.437326158245327, 23.227789795870727 ], [ 77.437386658245302, 23.22780719586347 ], [ 77.437428858245312, 23.227683395915111 ], [ 77.437368358245322, 23.227665995922372 ], [ 77.437326158245327, 23.227789795870727 ] ] ] } },
{ "type": "Feature", "properties": { }, "geometry": { "type": "Polygon", "coordinates": [ [ [ 77.437987158245321, 23.226308096488861 ], [ 77.438085758245322, 23.226333096478434 ], [ 77.438125258245307, 23.226201196533456 ], [ 77.43802665824532, 23.226176196543875 ], [ 77.437987158245321, 23.226308096488861 ] ] ] } },
{ "type": "Feature", "properties": { }, "geometry": { "type": "Polygon", "coordinates": [ [ [ 77.437300158245321, 23.226774296294373 ], [ 77.437268858245304, 23.226874396252612 ], [ 77.4374606582453, 23.226924896231544 ], [ 77.437491958245317, 23.226824796273302 ], [ 77.437300158245321, 23.226774296294373 ] ] ] } },
{ "type": "Feature", "properties": { }, "geometry": { "type": "Polygon", "coordinates": [ [ [ 77.437677158245307, 23.228070895753454 ], [ 77.437661458245302, 23.22811869573351 ], [ 77.437767058245328, 23.228147995721287 ], [ 77.437782758245319, 23.228100195741227 ], [ 77.437677158245307, 23.228070895753454 ] ] ] } },
{ "type": "Feature", "properties": { }, "geometry": { "type": "Polygon", "coordinates": [ [ [ 77.437031758245325, 23.228141095724162 ], [ 77.436973858245324, 23.228327595646359 ], [ 77.437084258245307, 23.228356595634263 ], [ 77.437142258245288, 23.228170095712063 ], [ 77.437031758245325, 23.228141095724162 ] ] ] } },
{ "type": "Feature", "properties": { }, "geometry": { "type": "Polygon", "coordinates": [ [ [ 77.438100958245329, 23.226881396249691 ], [ 77.438189358245324, 23.226898696242479 ], [ 77.438217858245324, 23.226775696293789 ], [ 77.438129458245328, 23.226758396301005 ], [ 77.438100958245329, 23.226881396249691 ] ] ] } },
{ "type": "Feature", "properties": { }, "geometry": { "type": "Polygon", "coordinates": [ [ [ 77.436586258245313, 23.228496695575814 ], [ 77.4366769582453, 23.228520295565961 ], [ 77.436730658245324, 23.228346295638559 ], [ 77.436639958245308, 23.228322595648446 ], [ 77.436586258245313, 23.228496695575814 ] ] ] } },
{ "type": "Feature", "properties": { }, "geometry": { "type": "Polygon", "coordinates": [ [ [ 77.43686285824532, 23.226560796383442 ], [ 77.436988258245322, 23.22659559636892 ], [ 77.437052358245325, 23.226400296450393 ], [ 77.436926858245329, 23.22636559646487 ], [ 77.43686285824532, 23.226560796383442 ] ] ] } },
{ "type": "Feature", "properties": { }, "geometry": { "type": "Polygon", "coordinates": [ [ [ 77.437923458245308, 23.226846596264213 ], [ 77.437989658245328, 23.226860496258411 ], [ 77.438021458245316, 23.226732396311849 ], [ 77.437955258245296, 23.226718596317614 ], [ 77.437923458245308, 23.226846596264213 ] ] ] } },
{ "type": "Feature", "properties": { }, "geometry": { "type": "Polygon", "coordinates": [ [ [ 77.437964158245308, 23.227789795870727 ], [ 77.437945458245323, 23.227862695840312 ], [ 77.438015158245292, 23.227877795834008 ], [ 77.438033858245319, 23.227804895864427 ], [ 77.437964158245308, 23.227789795870727 ] ] ] } },
{ "type": "Feature", "properties": { }, "geometry": { "type": "Polygon", "coordinates": [ [ [ 77.437602858245313, 23.22739629603489 ], [ 77.437670658245324, 23.227410296029049 ], [ 77.437716458245319, 23.22722279610727 ], [ 77.437648758245317, 23.227208796113107 ], [ 77.437602858245313, 23.22739629603489 ] ] ] } },
{ "type": "Feature", "properties": { }, "geometry": { "type": "Polygon", "coordinates": [ [ [ 77.437404958245324, 23.226498496409427 ], [ 77.437596858245314, 23.226549496388149 ], [ 77.437621158245321, 23.226472396420316 ], [ 77.437429258245302, 23.226421296441636 ], [ 77.437404958245324, 23.226498496409427 ] ] ] } },
{ "type": "Feature", "properties": { }, "geometry": { "type": "Polygon", "coordinates": [ [ [ 77.436968458245317, 23.22629059649616 ], [ 77.437078058245291, 23.226325396481638 ], [ 77.43711555824531, 23.226225896523147 ], [ 77.437005958245322, 23.226190996537703 ], [ 77.436968458245317, 23.22629059649616 ] ] ] } },
{ "type": "Feature", "properties": { }, "geometry": { "type": "Polygon", "coordinates": [ [ [ 77.437743058245303, 23.22681369627794 ], [ 77.437828358245312, 23.226832096270257 ], [ 77.437861958245321, 23.22670079632503 ], [ 77.437776558245318, 23.226682396332713 ], [ 77.437743058245303, 23.22681369627794 ] ] ] } },
{ "type": "Feature", "properties": { }, "geometry": { "type": "Polygon", "coordinates": [ [ [ 77.43716725824531, 23.227246496097386 ], [ 77.43714475824531, 23.227316896068018 ], [ 77.437322858245309, 23.227364996047946 ], [ 77.43734535824531, 23.227294696077276 ], [ 77.43716725824531, 23.227246496097386 ] ] ] } },
{ "type": "Feature", "properties": { }, "geometry": { "type": "Polygon", "coordinates": [ [ [ 77.437873758245303, 23.226975196210564 ], [ 77.437977658245316, 23.226994996202304 ], [ 77.438003158245309, 23.226882196249363 ], [ 77.437899258245324, 23.226862396257623 ], [ 77.437873758245303, 23.226975196210564 ] ] ] } },
{ "type": "Feature", "properties": { }, "geometry": { "type": "Polygon", "coordinates": [ [ [ 77.437616358245307, 23.226799096284022 ], [ 77.437586758245303, 23.226907996238602 ], [ 77.437697958245323, 23.226933596227923 ], [ 77.437727658245322, 23.226824696273344 ], [ 77.437616358245307, 23.226799096284022 ] ] ] } },
{ "type": "Feature", "properties": { }, "geometry": { "type": "Polygon", "coordinates": [ [ [ 77.435996558245293, 23.227959695799839 ], [ 77.43609615824532, 23.227993095785909 ], [ 77.436130658245304, 23.227906195822165 ], [ 77.436031158245314, 23.227872795836099 ], [ 77.435996558245293, 23.227959695799839 ] ] ] } },
{ "type": "Feature", "properties": { }, "geometry": { "type": "Polygon", "coordinates": [ [ [ 77.438069658245325, 23.227015796193623 ], [ 77.438147558245319, 23.227031196187202 ], [ 77.438176658245311, 23.226907096238971 ], [ 77.438098758245289, 23.226891696245392 ], [ 77.438069658245325, 23.227015796193623 ] ] ] } },
{ "type": "Feature", "properties": { }, "geometry": { "type": "Polygon", "coordinates": [ [ [ 77.437684758245311, 23.227405196031167 ], [ 77.437793158245327, 23.227426196022414 ], [ 77.437831258245325, 23.227259596091912 ], [ 77.437722858245323, 23.227238596100673 ], [ 77.437684758245311, 23.227405196031167 ] ] ] } },
{ "type": "Feature", "properties": { }, "geometry": { "type": "Polygon", "coordinates": [ [ [ 77.435741358245323, 23.228194495701885 ], [ 77.435853058245328, 23.228242695681779 ], [ 77.435885858245328, 23.228178595708517 ], [ 77.435774058245315, 23.22813039572863 ], [ 77.435741358245323, 23.228194495701885 ] ] ] } },
{ "type": "Feature", "properties": { }, "geometry": { "type": "Polygon", "coordinates": [ [ [ 77.436570258245325, 23.227588995954502 ], [ 77.436529958245302, 23.22770579590577 ], [ 77.436692958245288, 23.227753195885995 ], [ 77.436733158245303, 23.227636495934679 ], [ 77.436570258245325, 23.227588995954502 ] ] ] } },
{ "type": "Feature", "properties": { }, "geometry": { "type": "Polygon", "coordinates": [ [ [ 77.438302258245315, 23.226099796575749 ], [ 77.438284058245316, 23.226195096535992 ], [ 77.438436258245289, 23.226219696525732 ], [ 77.438454458245303, 23.226124496565447 ], [ 77.438302258245315, 23.226099796575749 ] ] ] } },
{ "type": "Feature", "properties": { }, "geometry": { "type": "Polygon", "coordinates": [ [ [ 77.435635658245332, 23.228730995478056 ], [ 77.435759758245325, 23.228775395459536 ], [ 77.435817458245296, 23.228639195516354 ], [ 77.435693358245317, 23.228594795534875 ], [ 77.435635658245332, 23.228730995478056 ] ] ] } },
{ "type": "Feature", "properties": { }, "geometry": { "type": "Polygon", "coordinates": [ [ [ 77.437850658245324, 23.227712595902933 ], [ 77.437912758245304, 23.227723495898385 ], [ 77.437938958245326, 23.227597795950825 ], [ 77.437876858245303, 23.227586895955373 ], [ 77.437850658245324, 23.227712595902933 ] ] ] } },
{ "type": "Feature", "properties": { }, "geometry": { "type": "Polygon", "coordinates": [ [ [ 77.436752658245325, 23.225975696627518 ], [ 77.436718358245301, 23.226091596579177 ], [ 77.436947658245316, 23.226148896555269 ], [ 77.436981958245312, 23.226032996603617 ], [ 77.436752658245325, 23.225975696627518 ] ] ] } },
{ "type": "Feature", "properties": { }, "geometry": { "type": "Polygon", "coordinates": [ [ [ 77.435818758245318, 23.228027295771639 ], [ 77.435927358245323, 23.228061795757252 ], [ 77.435960558245313, 23.227973695794002 ], [ 77.435851958245308, 23.227939095808434 ], [ 77.435818758245318, 23.228027295771639 ] ] ] } },
{ "type": "Feature", "properties": { }, "geometry": { "type": "Polygon", "coordinates": [ [ [ 77.43651925824534, 23.228443995597793 ], [ 77.436579958245304, 23.228462995589872 ], [ 77.436632258245325, 23.228321895648737 ], [ 77.436571558245319, 23.228302895656665 ], [ 77.43651925824534, 23.228443995597793 ] ] ] } },
{ "type": "Feature", "properties": { }, "geometry": { "type": "Polygon", "coordinates": [ [ [ 77.438036058245302, 23.227456696009696 ], [ 77.438157258245326, 23.22748229599901 ], [ 77.438197658245301, 23.22732059606647 ], [ 77.438076558245328, 23.227294996077145 ], [ 77.438036058245302, 23.227456696009696 ] ] ] } },
{ "type": "Feature", "properties": { }, "geometry": { "type": "Polygon", "coordinates": [ [ [ 77.436101158245307, 23.228006095780486 ], [ 77.436176458245328, 23.228028595771097 ], [ 77.436210058245308, 23.227934195810477 ], [ 77.436134758245302, 23.227911595819911 ], [ 77.436101158245307, 23.228006095780486 ] ] ] } },
{ "type": "Feature", "properties": { }, "geometry": { "type": "Polygon", "coordinates": [ [ [ 77.437496358245312, 23.227510995987036 ], [ 77.437471958245311, 23.227630495937177 ], [ 77.437563558245316, 23.22764629593059 ], [ 77.437587958245302, 23.227526795980445 ], [ 77.437496358245312, 23.227510995987036 ] ] ] } },
{ "type": "Feature", "properties": { }, "geometry": { "type": "Polygon", "coordinates": [ [ [ 77.437929658245309, 23.227929295812526 ], [ 77.437911058245305, 23.227998195783783 ], [ 77.438040258245323, 23.228027595771515 ], [ 77.438058758245319, 23.227958695800268 ], [ 77.437929658245309, 23.227929295812526 ] ] ] } },
{ "type": "Feature", "properties": { }, "geometry": { "type": "Polygon", "coordinates": [ [ [ 77.437021658245328, 23.225946696639621 ], [ 77.437148958245317, 23.225981496625096 ], [ 77.437171358245308, 23.225912196654008 ], [ 77.437044158245342, 23.22587739666853 ], [ 77.437021658245328, 23.225946696639621 ] ] ] } },
{ "type": "Feature", "properties": { }, "geometry": { "type": "Polygon", "coordinates": [ [ [ 77.436227958245325, 23.227947595804892 ], [ 77.436206158245326, 23.22800289578182 ], [ 77.436321458245317, 23.228041195765844 ], [ 77.436343258245316, 23.227985895788908 ], [ 77.436227958245325, 23.227947595804892 ] ] ] } },
{ "type": "Feature", "properties": { }, "geometry": { "type": "Polygon", "coordinates": [ [ [ 77.436723458245325, 23.227764995881074 ], [ 77.436850158245306, 23.227810695862008 ], [ 77.436870858245328, 23.227762395882156 ], [ 77.436744158245304, 23.227716595901263 ], [ 77.436723458245325, 23.227764995881074 ] ] ] } },
{ "type": "Feature", "properties": { }, "geometry": { "type": "Polygon", "coordinates": [ [ [ 77.436948458245325, 23.228616595525789 ], [ 77.43701405824531, 23.228632795519029 ], [ 77.437060358245319, 23.22847509558482 ], [ 77.436994658245325, 23.228458795591614 ], [ 77.436948458245325, 23.228616595525789 ] ] ] } },
{ "type": "Feature", "properties": { }, "geometry": { "type": "Polygon", "coordinates": [ [ [ 77.437912058245317, 23.226586896372552 ], [ 77.438001558245304, 23.226606696364289 ], [ 77.438036358245327, 23.226473596419815 ], [ 77.437946858245326, 23.226453796428075 ], [ 77.437912058245317, 23.226586896372552 ] ] ] } },
{ "type": "Feature", "properties": { }, "geometry": { "type": "Polygon", "coordinates": [ [ [ 77.437063458245305, 23.227642895932011 ], [ 77.437040258245304, 23.227692795911189 ], [ 77.437175858245325, 23.22774589588904 ], [ 77.437199058245312, 23.227695995909862 ], [ 77.437063458245305, 23.227642895932011 ] ] ] } },
{ "type": "Feature", "properties": { }, "geometry": { "type": "Polygon", "coordinates": [ [ [ 77.437189258245326, 23.227864895839392 ], [ 77.437159658245307, 23.227931995811396 ], [ 77.437269758245293, 23.227972995794293 ], [ 77.437299358245326, 23.227905895822285 ], [ 77.437189258245326, 23.227864895839392 ] ] ] } },
{ "type": "Feature", "properties": { }, "geometry": { "type": "Polygon", "coordinates": [ [ [ 77.436770358245326, 23.227645395930963 ], [ 77.436890858245306, 23.227690095912315 ], [ 77.436916858245326, 23.227630895937015 ], [ 77.436796358245289, 23.227586295955625 ], [ 77.436770358245326, 23.227645395930963 ] ] ] } },
{ "type": "Feature", "properties": { }, "geometry": { "type": "Polygon", "coordinates": [ [ [ 77.437022558245303, 23.226779196292327 ], [ 77.43700065824531, 23.226840796266632 ], [ 77.437193758245314, 23.226898696242479 ], [ 77.437215658245336, 23.226837096268177 ], [ 77.437022558245303, 23.226779196292327 ] ] ] } },
{ "type": "Feature", "properties": { }, "geometry": { "type": "Polygon", "coordinates": [ [ [ 77.438088358245309, 23.227277096084617 ], [ 77.438145258245328, 23.227289096079605 ], [ 77.438172058245328, 23.227181896124328 ], [ 77.43811515824531, 23.227169896129336 ], [ 77.438088358245309, 23.227277096084617 ] ] ] } },
{ "type": "Feature", "properties": { }, "geometry": { "type": "Polygon", "coordinates": [ [ [ 77.435726358245319, 23.228531195561413 ], [ 77.435823158245313, 23.22856989554527 ], [ 77.43590435824531, 23.228398595616735 ], [ 77.43580755824533, 23.228359795632922 ], [ 77.435726358245319, 23.228531195561413 ] ] ] } },
{ "type": "Feature", "properties": { }, "geometry": { "type": "Polygon", "coordinates": [ [ [ 77.43672275824531, 23.226731696312143 ], [ 77.436674658245309, 23.22685579626037 ], [ 77.436867958245315, 23.226919096233964 ], [ 77.436916058245302, 23.226794996285737 ], [ 77.43672275824531, 23.226731696312143 ] ] ] } },
{ "type": "Feature", "properties": { }, "geometry": { "type": "Polygon", "coordinates": [ [ [ 77.436998358245319, 23.227779595874981 ], [ 77.436975958245327, 23.22783869585032 ], [ 77.437105258245325, 23.227879995833099 ], [ 77.437127658245316, 23.227820895857747 ], [ 77.436998358245319, 23.227779595874981 ] ] ] } },
{ "type": "Feature", "properties": { }, "geometry": { "type": "Polygon", "coordinates": [ [ [ 77.436663658245308, 23.227909895820616 ], [ 77.436783158245305, 23.227952795802725 ], [ 77.436812558245322, 23.227883795831506 ], [ 77.436692958245288, 23.227840895849408 ], [ 77.436663658245308, 23.227909895820616 ] ] ] } },
{ "type": "Feature", "properties": { }, "geometry": { "type": "Polygon", "coordinates": [ [ [ 77.436489258245302, 23.226821996274474 ], [ 77.436437058245303, 23.226929996229416 ], [ 77.436554858245302, 23.226978096209351 ], [ 77.436607058245315, 23.226870096254402 ], [ 77.436489258245302, 23.226821996274474 ] ] ] } },
{ "type": "Feature", "properties": { }, "geometry": { "type": "Polygon", "coordinates": [ [ [ 77.437264258245321, 23.227769895879028 ], [ 77.437318058245324, 23.227785495872521 ], [ 77.43736025824532, 23.227662895923665 ], [ 77.437306558245325, 23.227647295930172 ], [ 77.437264258245321, 23.227769895879028 ] ] ] } },
{ "type": "Feature", "properties": { }, "geometry": { "type": "Polygon", "coordinates": [ [ [ 77.436840458245328, 23.227472596003061 ], [ 77.436819158245328, 23.227529195979439 ], [ 77.436949958245322, 23.227570795962091 ], [ 77.436971258245322, 23.227514095985743 ], [ 77.436840458245328, 23.227472596003061 ] ] ] } },
{ "type": "Feature", "properties": { }, "geometry": { "type": "Polygon", "coordinates": [ [ [ 77.437760458245307, 23.227747095888542 ], [ 77.437738858245311, 23.227846495847071 ], [ 77.437882958245311, 23.227872995836016 ], [ 77.437904658245301, 23.22777359587748 ], [ 77.437760458245307, 23.227747095888542 ] ] ] } },
{ "type": "Feature", "properties": { }, "geometry": { "type": "Polygon", "coordinates": [ [ [ 77.436996458245304, 23.226850396262627 ], [ 77.436958058245338, 23.226958196217655 ], [ 77.43715105824532, 23.227016296193415 ], [ 77.437189458245314, 23.226908496238384 ], [ 77.436996458245304, 23.226850396262627 ] ] ] } },
{ "type": "Feature", "properties": { }, "geometry": { "type": "Polygon", "coordinates": [ [ [ 77.437963658245309, 23.227261696091041 ], [ 77.438065058245328, 23.227285896080947 ], [ 77.438105958245288, 23.227141096141352 ], [ 77.438004558245325, 23.227116896151447 ], [ 77.437963658245309, 23.227261696091041 ] ] ] } },
{ "type": "Feature", "properties": { }, "geometry": { "type": "Polygon", "coordinates": [ [ [ 77.437858358245307, 23.226126896564448 ], [ 77.437992258245302, 23.226159596550801 ], [ 77.438018958245323, 23.226067196589348 ], [ 77.437885058245314, 23.226034496602995 ], [ 77.437858358245307, 23.226126896564448 ] ] ] } },
{ "type": "Feature", "properties": { }, "geometry": { "type": "Polygon", "coordinates": [ [ [ 77.436435758245324, 23.226702796324201 ], [ 77.436633558245305, 23.226778296292697 ], [ 77.436720458245304, 23.226585896372971 ], [ 77.436522758245317, 23.226510496404423 ], [ 77.436435758245324, 23.226702796324201 ] ] ] } },
{ "type": "Feature", "properties": { }, "geometry": { "type": "Polygon", "coordinates": [ [ [ 77.43729515824532, 23.226469596421481 ], [ 77.437351758245299, 23.226484796415146 ], [ 77.437390658245306, 23.226362796466042 ], [ 77.437333958245304, 23.226347496472421 ], [ 77.43729515824532, 23.226469596421481 ] ] ] } },
{ "type": "Feature", "properties": { }, "geometry": { "type": "Polygon", "coordinates": [ [ [ 77.437875758245312, 23.22812839572946 ], [ 77.437861458245322, 23.228180595707684 ], [ 77.437982758245326, 23.22820859569601 ], [ 77.437997058245315, 23.228156395717779 ], [ 77.437875758245312, 23.22812839572946 ] ] ] } },
{ "type": "Feature", "properties": { }, "geometry": { "type": "Polygon", "coordinates": [ [ [ 77.437719758245308, 23.22720589611432 ], [ 77.437837158245316, 23.227229996104271 ], [ 77.437872958245308, 23.227082396165837 ], [ 77.437755558245328, 23.227058396175853 ], [ 77.437719758245308, 23.22720589611432 ] ] ] } },
{ "type": "Feature", "properties": { }, "geometry": { "type": "Polygon", "coordinates": [ [ [ 77.437303858245315, 23.226747496305556 ], [ 77.437499658245315, 23.226804196281897 ], [ 77.437531458245317, 23.226711296320651 ], [ 77.437335658245289, 23.226654596344311 ], [ 77.437303858245315, 23.226747496305556 ] ] ] } },
{ "type": "Feature", "properties": { }, "geometry": { "type": "Polygon", "coordinates": [ [ [ 77.437998558245312, 23.226864196256869 ], [ 77.438080658245298, 23.226881796249522 ], [ 77.438113458245311, 23.22675239630351 ], [ 77.438031358245325, 23.226734796310851 ], [ 77.437998558245312, 23.226864196256869 ] ] ] } },
{ "type": "Feature", "properties": { }, "geometry": { "type": "Polygon", "coordinates": [ [ [ 77.436767258245325, 23.228275095668263 ], [ 77.436856158245305, 23.228295595659702 ], [ 77.436906558245312, 23.228111095736679 ], [ 77.436817658245303, 23.228090595745236 ], [ 77.436767258245325, 23.228275095668263 ] ] ] } },
{ "type": "Feature", "properties": { }, "geometry": { "type": "Polygon", "coordinates": [ [ [ 77.435884458245312, 23.22816889571256 ], [ 77.435977458245318, 23.228205695697209 ], [ 77.436020758245306, 23.228113095735846 ], [ 77.435927858245307, 23.228076395751156 ], [ 77.435884458245312, 23.22816889571256 ] ] ] } },
{ "type": "Feature", "properties": { }, "geometry": { "type": "Polygon", "coordinates": [ [ [ 77.437975958245318, 23.227746195888912 ], [ 77.438048758245301, 23.227761695882453 ], [ 77.438080458245324, 23.227636195934799 ], [ 77.438007658245326, 23.227620695941269 ], [ 77.437975958245318, 23.227746195888912 ] ] ] } },
{ "type": "Feature", "properties": { }, "geometry": { "type": "Polygon", "coordinates": [ [ [ 77.436680258245303, 23.228525995563587 ], [ 77.436767958245326, 23.228550595553322 ], [ 77.43682735824531, 23.228371795627922 ], [ 77.436739658245315, 23.228347095638224 ], [ 77.436680258245303, 23.228525995563587 ] ] ] } },
{ "type": "Feature", "properties": { }, "geometry": { "type": "Polygon", "coordinates": [ [ [ 77.437375458245313, 23.226572496378555 ], [ 77.43756485824531, 23.226624896356704 ], [ 77.437587858245323, 23.226554596386023 ], [ 77.437398458245326, 23.22650229640784 ], [ 77.437375458245313, 23.226572496378555 ] ] ] } },
{ "type": "Feature", "properties": { }, "geometry": { "type": "Polygon", "coordinates": [ [ [ 77.437712358245321, 23.227955995801388 ], [ 77.437695758245312, 23.228012095777981 ], [ 77.437825158245303, 23.228044395764506 ], [ 77.437841758245327, 23.227988295787913 ], [ 77.437712358245321, 23.227955995801388 ] ] ] } },
{ "type": "Feature", "properties": { }, "geometry": { "type": "Polygon", "coordinates": [ [ [ 77.436951658245306, 23.226293896494781 ], [ 77.43693155824532, 23.226355196469211 ], [ 77.43706295824532, 23.226391496454067 ], [ 77.437083058245321, 23.226330296479599 ], [ 77.436951658245306, 23.226293896494781 ] ] ] } },
{ "type": "Feature", "properties": { }, "geometry": { "type": "Polygon", "coordinates": [ [ [ 77.437839558245301, 23.22682969627126 ], [ 77.437910358245304, 23.226844596265039 ], [ 77.437942558245325, 23.226715196319024 ], [ 77.437871758245308, 23.226700296325244 ], [ 77.437839558245301, 23.22682969627126 ] ] ] } },
{ "type": "Feature", "properties": { }, "geometry": { "type": "Polygon", "coordinates": [ [ [ 77.436953758245323, 23.226968996213145 ], [ 77.436905258245304, 23.227103696156952 ], [ 77.437098658245304, 23.227162496132429 ], [ 77.43714715824531, 23.227027796188619 ], [ 77.436953758245323, 23.226968996213145 ] ] ] } },
{ "type": "Feature", "properties": { }, "geometry": { "type": "Polygon", "coordinates": [ [ [ 77.437433658245311, 23.227348096054996 ], [ 77.437569058245302, 23.227379196042023 ], [ 77.437616658245318, 23.227204196115029 ], [ 77.437481258245313, 23.227173096128006 ], [ 77.437433658245311, 23.227348096054996 ] ] ] } },
{ "type": "Feature", "properties": { }, "geometry": { "type": "Polygon", "coordinates": [ [ [ 77.437622358245321, 23.226768096296961 ], [ 77.437728758245328, 23.226792896286611 ], [ 77.43776095824532, 23.22667649633517 ], [ 77.437654558245328, 23.226651596345558 ], [ 77.437622358245321, 23.226768096296961 ] ] ] } },
{ "type": "Feature", "properties": { }, "geometry": { "type": "Polygon", "coordinates": [ [ [ 77.437210658245291, 23.227114696152366 ], [ 77.437189158245317, 23.227180596124871 ], [ 77.437372858245325, 23.227231096103807 ], [ 77.437394358245299, 23.227165196131299 ], [ 77.437210658245291, 23.227114696152366 ] ] ] } },
{ "type": "Feature", "properties": { }, "geometry": { "type": "Polygon", "coordinates": [ [ [ 77.437978358245317, 23.226997296201333 ], [ 77.438061458245315, 23.227013096194749 ], [ 77.438089558245309, 23.226887996246941 ], [ 77.438006558245306, 23.226872196253531 ], [ 77.437978358245317, 23.226997296201333 ] ] ] } },
{ "type": "Feature", "properties": { }, "geometry": { "type": "Polygon", "coordinates": [ [ [ 77.438124558245306, 23.226335196477557 ], [ 77.43823395824532, 23.2263592964675 ], [ 77.43826945824533, 23.226223096524318 ], [ 77.438160158245296, 23.226198996534368 ], [ 77.438124558245306, 23.226335196477557 ] ] ] } },
{ "type": "Feature", "properties": { }, "geometry": { "type": "Polygon", "coordinates": [ [ [ 77.437710858245325, 23.226943096223955 ], [ 77.43779415824531, 23.22695719621807 ], [ 77.437816258245292, 23.226846896264082 ], [ 77.43773295824532, 23.226832796269971 ], [ 77.437710858245325, 23.226943096223955 ] ] ] } },
{ "type": "Feature", "properties": { }, "geometry": { "type": "Polygon", "coordinates": [ [ [ 77.436704258245314, 23.227169996129298 ], [ 77.436797558245303, 23.227192896119746 ], [ 77.436849558245342, 23.227014396194203 ], [ 77.436756258245325, 23.226991496203762 ], [ 77.436704258245314, 23.227169996129298 ] ] ] } },
{ "type": "Feature", "properties": { }, "geometry": { "type": "Polygon", "coordinates": [ [ [ 77.436070358245317, 23.228117095734181 ], [ 77.436166958245309, 23.228145495722327 ], [ 77.436197858245322, 23.228056795759333 ], [ 77.436101158245307, 23.228028395771176 ], [ 77.436070358245317, 23.228117095734181 ] ] ] } },
{ "type": "Feature", "properties": { }, "geometry": { "type": "Polygon", "coordinates": [ [ [ 77.438172158245322, 23.22704169618282 ], [ 77.438265858245302, 23.227057396176271 ], [ 77.438293358245303, 23.226918696234137 ], [ 77.43819965824531, 23.226902996240678 ], [ 77.438172158245322, 23.22704169618282 ] ] ] } },
{ "type": "Feature", "properties": { }, "geometry": { "type": "Polygon", "coordinates": [ [ [ 77.437820858245317, 23.227415696026792 ], [ 77.437920658245318, 23.227437296017786 ], [ 77.43795755824533, 23.227293096077943 ], [ 77.437857658245292, 23.227271496086949 ], [ 77.437820858245317, 23.227415696026792 ] ] ] } },
{ "type": "Feature", "properties": { }, "geometry": { "type": "Polygon", "coordinates": [ [ [ 77.437386058245323, 23.227609295946028 ], [ 77.437457258245317, 23.227624195939807 ], [ 77.437486558245325, 23.227506095989082 ], [ 77.437415358245303, 23.227491195995292 ], [ 77.437386058245323, 23.227609295946028 ] ] ] } },
{ "type": "Feature", "properties": { }, "geometry": { "type": "Polygon", "coordinates": [ [ [ 77.437946558245315, 23.227868295837975 ], [ 77.437931658245304, 23.227925995813898 ], [ 77.438061558245337, 23.227954295802096 ], [ 77.43807645824532, 23.227896595826167 ], [ 77.437946558245315, 23.227868295837975 ] ] ] } },
{ "type": "Feature", "properties": { }, "geometry": { "type": "Polygon", "coordinates": [ [ [ 77.435500258245327, 23.228671895502718 ], [ 77.435618758245312, 23.228713795485234 ], [ 77.435670358245304, 23.228590595536634 ], [ 77.435551858245304, 23.228548595554152 ], [ 77.435500258245327, 23.228671895502718 ] ] ] } },
{ "type": "Feature", "properties": { }, "geometry": { "type": "Polygon", "coordinates": [ [ [ 77.435858858245297, 23.227926195813822 ], [ 77.435968258245325, 23.227962095798841 ], [ 77.436002758245309, 23.227872995836016 ], [ 77.435893358245309, 23.227837195850949 ], [ 77.435858858245297, 23.227926195813822 ] ] ] } },
{ "type": "Feature", "properties": { }, "geometry": { "type": "Polygon", "coordinates": [ [ [ 77.436432758245317, 23.228421195607304 ], [ 77.436503358245304, 23.228445595597126 ], [ 77.436563658245291, 23.228298395658534 ], [ 77.436493158245327, 23.22827389566876 ], [ 77.436432758245317, 23.228421195607304 ] ] ] } },
{ "type": "Feature", "properties": { }, "geometry": { "type": "Polygon", "coordinates": [ [ [ 77.4362245582453, 23.228040695766055 ], [ 77.436181958245328, 23.228150695720156 ], [ 77.436273658245327, 23.228180695707643 ], [ 77.436316258245327, 23.228070695753537 ], [ 77.4362245582453, 23.228040695766055 ] ] ] } },
{ "type": "Feature", "properties": { }, "geometry": { "type": "Polygon", "coordinates": [ [ [ 77.437511658245313, 23.226204896531904 ], [ 77.437484558245302, 23.226279296500866 ], [ 77.437677058245328, 23.226338496476171 ], [ 77.43770415824531, 23.226263996507257 ], [ 77.437511658245313, 23.226204896531904 ] ] ] } },
{ "type": "Feature", "properties": { }, "geometry": { "type": "Polygon", "coordinates": [ [ [ 77.435602458245313, 23.228852695427289 ], [ 77.435718458245304, 23.228899195407884 ], [ 77.435756358245314, 23.228819395441171 ], [ 77.435640358245308, 23.228772895460569 ], [ 77.435602458245313, 23.228852695427289 ] ] ] } },
{ "type": "Feature", "properties": { }, "geometry": { "type": "Polygon", "coordinates": [ [ [ 77.437638758245328, 23.227536995976191 ], [ 77.437609258245303, 23.227652095928171 ], [ 77.437737358245329, 23.227679895916577 ], [ 77.437766858245297, 23.227564695964634 ], [ 77.437638758245328, 23.227536995976191 ] ] ] } },
{ "type": "Feature", "properties": { }, "geometry": { "type": "Polygon", "coordinates": [ [ [ 77.436976458245312, 23.226153396553389 ], [ 77.437042158245319, 23.226169796546554 ], [ 77.437076358245307, 23.226053996594857 ], [ 77.437010658245327, 23.226037596601696 ], [ 77.436976458245312, 23.226153396553389 ] ] ] } },
{ "type": "Feature", "properties": { }, "geometry": { "type": "Polygon", "coordinates": [ [ [ 77.436781258245318, 23.225924196649004 ], [ 77.436920658245327, 23.225951696637527 ], [ 77.436936758245324, 23.225882596666359 ], [ 77.436797358245329, 23.225855196677792 ], [ 77.436781258245318, 23.225924196649004 ] ] ] } },
{ "type": "Feature", "properties": { }, "geometry": { "type": "Polygon", "coordinates": [ [ [ 77.436306758245337, 23.2281330957275 ], [ 77.436409258245305, 23.22815839571695 ], [ 77.43645545824532, 23.228000095782992 ], [ 77.436352958245322, 23.227974795793546 ], [ 77.436306758245337, 23.2281330957275 ] ] ] } },
{ "type": "Feature", "properties": { }, "geometry": { "type": "Polygon", "coordinates": [ [ [ 77.437097858245309, 23.227570395962253 ], [ 77.437067558245317, 23.227636195934799 ], [ 77.437198558245328, 23.227687095913566 ], [ 77.437228858245319, 23.22762129594102 ], [ 77.437097858245309, 23.227570395962253 ] ] ] } },
{ "type": "Feature", "properties": { }, "geometry": { "type": "Polygon", "coordinates": [ [ [ 77.436525958245312, 23.228209595695589 ], [ 77.436657258245305, 23.228244095681195 ], [ 77.436713458245322, 23.22806399575633 ], [ 77.436582158245315, 23.228029395770761 ], [ 77.436525958245312, 23.228209595695589 ] ] ] } },
{ "type": "Feature", "properties": { }, "geometry": { "type": "Polygon", "coordinates": [ [ [ 77.436927158245311, 23.226007696614172 ], [ 77.436983958245293, 23.226021896608245 ], [ 77.437005058245319, 23.225950396638076 ], [ 77.436948258245309, 23.225936196643989 ], [ 77.436927158245311, 23.226007696614172 ] ] ] } },
{ "type": "Feature", "properties": { }, "geometry": { "type": "Polygon", "coordinates": [ [ [ 77.438044758245326, 23.226476596418564 ], [ 77.43801605824531, 23.22659089637088 ], [ 77.438159458245309, 23.226621396358155 ], [ 77.438188258245319, 23.226507096405836 ], [ 77.438044758245326, 23.226476596418564 ] ] ] } },
{ "type": "Feature", "properties": { }, "geometry": { "type": "Polygon", "coordinates": [ [ [ 77.435732558245306, 23.228201395699006 ], [ 77.435687158245315, 23.228301195657373 ], [ 77.435871558245324, 23.228371995627835 ], [ 77.435916958245315, 23.228272295669427 ], [ 77.435732558245306, 23.228201395699006 ] ] ] } },
{ "type": "Feature", "properties": { }, "geometry": { "type": "Polygon", "coordinates": [ [ [ 77.436644358245289, 23.226936896226544 ], [ 77.436838258245317, 23.226996996201464 ], [ 77.436864358245316, 23.226925896231126 ], [ 77.436670458245302, 23.226865796256199 ], [ 77.436644358245289, 23.226936896226544 ] ] ] } },
{ "type": "Feature", "properties": { }, "geometry": { "type": "Polygon", "coordinates": [ [ [ 77.436883358245325, 23.228613495527082 ], [ 77.436935658245318, 23.228627095521407 ], [ 77.436987558245306, 23.228449895595332 ], [ 77.436942658245314, 23.228438395600136 ], [ 77.436883358245325, 23.228613495527082 ] ] ] } },
{ "type": "Feature", "properties": { }, "geometry": { "type": "Polygon", "coordinates": [ [ [ 77.437034858245312, 23.227708395904681 ], [ 77.437009158245317, 23.227771195878482 ], [ 77.43714545824534, 23.22781839585879 ], [ 77.437171258245314, 23.227755695884952 ], [ 77.437034858245312, 23.227708395904681 ] ] ] } },
{ "type": "Feature", "properties": { }, "geometry": { "type": "Polygon", "coordinates": [ [ [ 77.436623858245312, 23.227295096077107 ], [ 77.436593858245303, 23.227383496040229 ], [ 77.436834558245309, 23.2274525960114 ], [ 77.436864658245312, 23.227364096048316 ], [ 77.436623858245312, 23.227295096077107 ] ] ] } },
{ "type": "Feature", "properties": { }, "geometry": { "type": "Polygon", "coordinates": [ [ [ 77.437117358245288, 23.226506796405964 ], [ 77.437099358245305, 23.226563796382187 ], [ 77.43729235824533, 23.22661519636074 ], [ 77.437310358245298, 23.22655819638452 ], [ 77.437117358245288, 23.226506796405964 ] ] ] } },
{ "type": "Feature", "properties": { }, "geometry": { "type": "Polygon", "coordinates": [ [ [ 77.43771955824532, 23.22654129639157 ], [ 77.437812758245329, 23.226563996382101 ], [ 77.43784425824532, 23.226454296427864 ], [ 77.43775105824534, 23.226431696437292 ], [ 77.43771955824532, 23.22654129639157 ] ] ] } },
{ "type": "Feature", "properties": { }, "geometry": { "type": "Polygon", "coordinates": [ [ [ 77.437051058245288, 23.226686796330878 ], [ 77.437025958245329, 23.226758796300839 ], [ 77.437214358245313, 23.226814296277688 ], [ 77.43723945824533, 23.226742196307764 ], [ 77.437051058245288, 23.226686796330878 ] ] ] } },
{ "type": "Feature", "properties": { }, "geometry": { "type": "Polygon", "coordinates": [ [ [ 77.436419558245305, 23.228712895485614 ], [ 77.436509658245328, 23.228748295470833 ], [ 77.436580758245327, 23.228595495534588 ], [ 77.43649055824531, 23.228560095549355 ], [ 77.436419558245305, 23.228712895485614 ] ] ] } },
{ "type": "Feature", "properties": { }, "geometry": { "type": "Polygon", "coordinates": [ [ [ 77.436042058245306, 23.228658595508261 ], [ 77.436151258245303, 23.228702395489986 ], [ 77.436232458245328, 23.22853139556133 ], [ 77.436123158245309, 23.228487595579608 ], [ 77.436042058245306, 23.228658595508261 ] ] ] } },
{ "type": "Feature", "properties": { }, "geometry": { "type": "Polygon", "coordinates": [ [ [ 77.437805358245299, 23.226296996493488 ], [ 77.437779858245335, 23.226391796453939 ], [ 77.437928858245314, 23.226425696439801 ], [ 77.437954358245321, 23.226330896479347 ], [ 77.437805358245299, 23.226296996493488 ] ] ] } },
{ "type": "Feature", "properties": { }, "geometry": { "type": "Polygon", "coordinates": [ [ [ 77.435610158245311, 23.228485495580479 ], [ 77.435720258245311, 23.228528895562377 ], [ 77.435801358245314, 23.228355095634885 ], [ 77.435691358245322, 23.228311695652994 ], [ 77.435610158245311, 23.228485495580479 ] ] ] } },
{ "type": "Feature", "properties": { }, "geometry": { "type": "Polygon", "coordinates": [ [ [ 77.436773058245308, 23.226604796365081 ], [ 77.436728758245309, 23.226722596315938 ], [ 77.436922558245314, 23.226784196290243 ], [ 77.436966858245327, 23.226666396339386 ], [ 77.436773058245308, 23.226604796365081 ] ] ] } },
{ "type": "Feature", "properties": { }, "geometry": { "type": "Polygon", "coordinates": [ [ [ 77.436972758245304, 23.22784749584665 ], [ 77.436948058245321, 23.227909495820782 ], [ 77.437074158245309, 23.227951995803053 ], [ 77.437098958245315, 23.227889995828921 ], [ 77.436972758245304, 23.22784749584665 ] ] ] } },
{ "type": "Feature", "properties": { }, "geometry": { "type": "Polygon", "coordinates": [ [ [ 77.437606858245317, 23.226207596530784 ], [ 77.437683658245291, 23.226230096521395 ], [ 77.437719758245308, 23.226125996564818 ], [ 77.437642958245306, 23.22610359657417 ], [ 77.437606858245317, 23.226207596530784 ] ] ] } },
{ "type": "Feature", "properties": { }, "geometry": { "type": "Polygon", "coordinates": [ [ [ 77.43789405824532, 23.228057795758922 ], [ 77.437876058245308, 23.228120095732923 ], [ 77.4380030582453, 23.228151195719949 ], [ 77.43802115824532, 23.228088895745941 ], [ 77.43789405824532, 23.228057795758922 ] ] ] } },
{ "type": "Feature", "properties": { }, "geometry": { "type": "Polygon", "coordinates": [ [ [ 77.436879658245317, 23.227374896043816 ], [ 77.436842458245323, 23.22745689600961 ], [ 77.436974258245328, 23.227507395988539 ], [ 77.437011458245323, 23.227425396022749 ], [ 77.436879658245317, 23.227374896043816 ] ] ] } },
{ "type": "Feature", "properties": { }, "geometry": { "type": "Polygon", "coordinates": [ [ [ 77.437842958245326, 23.227241996099263 ], [ 77.437944858245302, 23.227265296089531 ], [ 77.437987158245321, 23.227109396154574 ], [ 77.437885158245322, 23.227086096164296 ], [ 77.437842958245326, 23.227241996099263 ] ] ] } },
{ "type": "Feature", "properties": { }, "geometry": { "type": "Polygon", "coordinates": [ [ [ 77.437505858245316, 23.226178596542884 ], [ 77.437601558245305, 23.226202296532996 ], [ 77.43763115824531, 23.226101396575082 ], [ 77.43753555824533, 23.226077696584973 ], [ 77.437505858245316, 23.226178596542884 ] ] ] } },
{ "type": "Feature", "properties": { }, "geometry": { "type": "Polygon", "coordinates": [ [ [ 77.436867858245307, 23.228298895658334 ], [ 77.436967758245316, 23.228323295648153 ], [ 77.43702155824532, 23.228137195725786 ], [ 77.436921658245311, 23.228112795735974 ], [ 77.436867858245307, 23.228298895658334 ] ] ] } },
{ "type": "Feature", "properties": { }, "geometry": { "type": "Polygon", "coordinates": [ [ [ 77.437148958245317, 23.226415896443886 ], [ 77.437280258245309, 23.226451496429036 ], [ 77.437317758245328, 23.226334396477888 ], [ 77.437186458245307, 23.226298896492693 ], [ 77.437148958245317, 23.226415896443886 ] ] ] } },
{ "type": "Feature", "properties": { }, "geometry": { "type": "Polygon", "coordinates": [ [ [ 77.437217558245308, 23.227103296157118 ], [ 77.437292658245326, 23.227122596149069 ], [ 77.437327958245305, 23.2270069961973 ], [ 77.437252858245287, 23.226987696205349 ], [ 77.437217558245308, 23.227103296157118 ] ] ] } },
{ "type": "Feature", "properties": { }, "geometry": { "type": "Polygon", "coordinates": [ [ [ 77.437602558245317, 23.227192996119694 ], [ 77.437686258245321, 23.227212396111604 ], [ 77.437722458245318, 23.227080496166636 ], [ 77.437638758245328, 23.227061096174726 ], [ 77.437602558245317, 23.227192996119694 ] ] ] } },
{ "type": "Feature", "properties": { }, "geometry": { "type": "Polygon", "coordinates": [ [ [ 77.437366558245301, 23.226577096376641 ], [ 77.43734135824532, 23.226645696348022 ], [ 77.437534158245313, 23.226705496323078 ], [ 77.437559358245323, 23.226636896351685 ], [ 77.437366558245301, 23.226577096376641 ] ] ] } },
{ "type": "Feature", "properties": { }, "geometry": { "type": "Polygon", "coordinates": [ [ [ 77.437713358245304, 23.227953195802559 ], [ 77.437840758245315, 23.227976495792834 ], [ 77.437855558245289, 23.227908395821245 ], [ 77.437728158245307, 23.227885095830967 ], [ 77.437713358245304, 23.227953195802559 ] ] ] } },
{ "type": "Feature", "properties": { }, "geometry": { "type": "Polygon", "coordinates": [ [ [ 77.437210758245314, 23.227579595958417 ], [ 77.437289558245311, 23.227599795949988 ], [ 77.437328558245326, 23.227471596003468 ], [ 77.437249858245323, 23.227451396011897 ], [ 77.437210758245314, 23.227579595958417 ] ] ] } },
{ "type": "Feature", "properties": { }, "geometry": { "type": "Polygon", "coordinates": [ [ [ 77.435817358245302, 23.228033195769179 ], [ 77.435776458245314, 23.22812479573096 ], [ 77.435862958245309, 23.228157495717323 ], [ 77.435903858245311, 23.22806579575558 ], [ 77.435817358245302, 23.228033195769179 ] ] ] } },
{ "type": "Feature", "properties": { }, "geometry": { "type": "Polygon", "coordinates": [ [ [ 77.438056558245293, 23.227760695882868 ], [ 77.438112358245291, 23.227772095878105 ], [ 77.43814115824533, 23.227653795927466 ], [ 77.438085358245317, 23.227642295932259 ], [ 77.438056558245293, 23.227760695882868 ] ] ] } },
{ "type": "Feature", "properties": { }, "geometry": { "type": "Polygon", "coordinates": [ [ [ 77.437240758245323, 23.226129796563235 ], [ 77.437448258245325, 23.22619369653658 ], [ 77.437494958245324, 23.226065596590022 ], [ 77.437287458245308, 23.226001696616674 ], [ 77.437240758245323, 23.226129796563235 ] ] ] } },
{ "type": "Feature", "properties": { }, "geometry": { "type": "Polygon", "coordinates": [ [ [ 77.437376658245299, 23.226911696237053 ], [ 77.437348458245324, 23.227004496198337 ], [ 77.437430158245306, 23.227025496189576 ], [ 77.437458358245323, 23.226932596228327 ], [ 77.437376658245299, 23.226911696237053 ] ] ] } },
{ "type": "Feature", "properties": { }, "geometry": { "type": "Polygon", "coordinates": [ [ [ 77.437693958245305, 23.228020695774397 ], [ 77.437680558245304, 23.228067995754657 ], [ 77.437813258245328, 23.228099795741397 ], [ 77.437826658245314, 23.228052395761168 ], [ 77.437693958245305, 23.228020695774397 ] ] ] } },
{ "type": "Feature", "properties": { }, "geometry": { "type": "Polygon", "coordinates": [ [ [ 77.437411158245311, 23.227798195867223 ], [ 77.437532558245309, 23.227821795857373 ], [ 77.437558658245294, 23.227707795904937 ], [ 77.437437258245311, 23.227684195914783 ], [ 77.437411158245311, 23.227798195867223 ] ] ] } },
{ "type": "Feature", "properties": { }, "geometry": { "type": "Polygon", "coordinates": [ [ [ 77.43690625824533, 23.227111196153828 ], [ 77.436873858245306, 23.22719919611712 ], [ 77.437042658245304, 23.227251696095212 ], [ 77.437075058245327, 23.227163596131966 ], [ 77.43690625824533, 23.227111196153828 ] ] ] } },
{ "type": "Feature", "properties": { }, "geometry": { "type": "Polygon", "coordinates": [ [ [ 77.438223158245322, 23.22649419641122 ], [ 77.438370058245312, 23.226524996398378 ], [ 77.438394058245294, 23.226428396438667 ], [ 77.438247158245318, 23.226397596451527 ], [ 77.438223158245322, 23.22649419641122 ] ] ] } },
{ "type": "Feature", "properties": { }, "geometry": { "type": "Polygon", "coordinates": [ [ [ 77.437054558245322, 23.226683996332042 ], [ 77.437241558245319, 23.226742796307509 ], [ 77.43728455824531, 23.226627396355653 ], [ 77.437097558245327, 23.226568596380186 ], [ 77.437054558245322, 23.226683996332042 ] ] ] } },
{ "type": "Feature", "properties": { }, "geometry": { "type": "Polygon", "coordinates": [ [ [ 77.438020658245321, 23.227877295834219 ], [ 77.438074758245321, 23.227890295828807 ], [ 77.438095258245326, 23.227818595858707 ], [ 77.438041258245306, 23.227805495864182 ], [ 77.438020658245321, 23.227877295834219 ] ] ] } },
{ "type": "Feature", "properties": { }, "geometry": { "type": "Polygon", "coordinates": [ [ [ 77.436505158245325, 23.227114096152619 ], [ 77.436691258245318, 23.227169096129671 ], [ 77.436750958245312, 23.226998396200884 ], [ 77.436594458245324, 23.226952096220199 ], [ 77.436519458245328, 23.22707319616968 ], [ 77.436505158245325, 23.227114096152619 ] ] ] } },
{ "type": "Feature", "properties": { }, "geometry": { "type": "Polygon", "coordinates": [ [ [ 77.437122658245315, 23.226496396410301 ], [ 77.437309358245315, 23.226550096387903 ], [ 77.4373311582453, 23.226486096414604 ], [ 77.437276958245292, 23.226470496421108 ], [ 77.437280158245315, 23.226461196424992 ], [ 77.437147558245314, 23.226423096440882 ], [ 77.437122658245315, 23.226496396410301 ] ] ] } },
{ "type": "Feature", "properties": { }, "geometry": { "type": "Polygon", "coordinates": [ [ [ 77.436266258245311, 23.227093296161293 ], [ 77.436445858245307, 23.227153596136134 ], [ 77.436511358245312, 23.226988696204927 ], [ 77.436379858245317, 23.226944596223326 ], [ 77.436387958245305, 23.226924196231831 ], [ 77.436339858245319, 23.226907996238602 ], [ 77.436266258245311, 23.227093296161293 ] ] ] } },
{ "type": "Feature", "properties": { }, "geometry": { "type": "Polygon", "coordinates": [ [ [ 77.43529195824533, 23.226431296437465 ], [ 77.435435658245311, 23.226481496416525 ], [ 77.435466558245295, 23.226406996447601 ], [ 77.435322858245314, 23.22635679646854 ], [ 77.43529195824533, 23.226431296437465 ] ] ] } },
{ "type": "Feature", "properties": { }, "geometry": { "type": "Polygon", "coordinates": [ [ [ 77.435473858245302, 23.22624189651647 ], [ 77.435720658245302, 23.226254396511255 ], [ 77.435735658245321, 23.226003496615924 ], [ 77.435488858245321, 23.225991096621097 ], [ 77.435473858245302, 23.22624189651647 ] ] ] } },
{ "type": "Feature", "properties": { }, "geometry": { "type": "Polygon", "coordinates": [ [ [ 77.435194758245302, 23.22694279622408 ], [ 77.435340558245329, 23.226999396200465 ], [ 77.435392358245323, 23.226886496247563 ], [ 77.435246558245325, 23.226829996271132 ], [ 77.435194758245302, 23.22694279622408 ] ] ] } },
{ "type": "Feature", "properties": { }, "geometry": { "type": "Polygon", "coordinates": [ [ [ 77.435177358245312, 23.226986596205805 ], [ 77.435132258245304, 23.227078296167548 ], [ 77.435243558245318, 23.227124496148278 ], [ 77.435288658245312, 23.227032796186528 ], [ 77.435177358245312, 23.226986596205805 ] ] ] } },
{ "type": "Feature", "properties": { }, "geometry": { "type": "Polygon", "coordinates": [ [ [ 77.435324558245327, 23.225762796716339 ], [ 77.435440158245314, 23.225759696717624 ], [ 77.435435758245319, 23.22561989677595 ], [ 77.435320158245304, 23.225622996774653 ], [ 77.435324558245327, 23.225762796716339 ] ] ] } },
{ "type": "Feature", "properties": { }, "geometry": { "type": "Polygon", "coordinates": [ [ [ 77.435071358245324, 23.225908496655556 ], [ 77.435223558245312, 23.225923896649135 ], [ 77.435241158245304, 23.225777296710287 ], [ 77.435114858245328, 23.22576449671562 ], [ 77.435110058245328, 23.22580439669898 ], [ 77.435062658245329, 23.225799596700984 ], [ 77.435056858245318, 23.225847896680833 ], [ 77.435078358245306, 23.22585009667992 ], [ 77.435071358245324, 23.225908496655556 ] ] ] } },
{ "type": "Feature", "properties": { }, "geometry": { "type": "Polygon", "coordinates": [ [ [ 77.426899758245327, 23.226916496235052 ], [ 77.426901658245328, 23.22697409621102 ], [ 77.426965958245304, 23.226972196211815 ], [ 77.426964058245289, 23.226914696235806 ], [ 77.426899758245327, 23.226916496235052 ] ] ] } },
{ "type": "Feature", "properties": { }, "geometry": { "type": "Polygon", "coordinates": [ [ [ 77.431827158245326, 23.22730299607381 ], [ 77.43171995824531, 23.227344496056496 ], [ 77.431784058245313, 23.227484295998178 ], [ 77.431891258245301, 23.227442796015492 ], [ 77.431827158245326, 23.22730299607381 ] ] ] } },
{ "type": "Feature", "properties": { }, "geometry": { "type": "Polygon", "coordinates": [ [ [ 77.426449858245306, 23.227166796130625 ], [ 77.426499458245317, 23.227164996131382 ], [ 77.426496258245322, 23.22709189616188 ], [ 77.426446658245311, 23.227093796161089 ], [ 77.426449858245306, 23.227166796130625 ] ] ] } },
{ "type": "Feature", "properties": { }, "geometry": { "type": "Polygon", "coordinates": [ [ [ 77.426608458245312, 23.226916096235218 ], [ 77.426610658245323, 23.226980796208228 ], [ 77.426666658245324, 23.226979196208895 ], [ 77.426664358245304, 23.226914396235927 ], [ 77.426608458245312, 23.226916096235218 ] ] ] } },
{ "type": "Feature", "properties": { }, "geometry": { "type": "Polygon", "coordinates": [ [ [ 77.431893358245304, 23.227714595902103 ], [ 77.43194885824532, 23.227840595849532 ], [ 77.432086858245327, 23.227789295870934 ], [ 77.432031358245325, 23.227663295923495 ], [ 77.431893358245304, 23.227714595902103 ] ] ] } },
{ "type": "Feature", "properties": { }, "geometry": { "type": "Polygon", "coordinates": [ [ [ 77.426668758245313, 23.226922496232543 ], [ 77.426671058245319, 23.226988496205013 ], [ 77.42672855824533, 23.22698689620568 ], [ 77.426726258245296, 23.226920796233259 ], [ 77.426668758245313, 23.226922496232543 ] ] ] } },
{ "type": "Feature", "properties": { }, "geometry": { "type": "Polygon", "coordinates": [ [ [ 77.431950158245328, 23.227257196092918 ], [ 77.432000858245317, 23.22739289603631 ], [ 77.432105758245328, 23.227359796050113 ], [ 77.432055058245325, 23.227224096106728 ], [ 77.431950158245328, 23.227257196092918 ] ] ] } },
{ "type": "Feature", "properties": { }, "geometry": { "type": "Polygon", "coordinates": [ [ [ 77.428486358245308, 23.225603296782868 ], [ 77.428678158245319, 23.225555896802639 ], [ 77.428653558245315, 23.225472096837599 ], [ 77.428461758245305, 23.225519496817824 ], [ 77.428486358245308, 23.225603296782868 ] ] ] } },
{ "type": "Feature", "properties": { }, "geometry": { "type": "Polygon", "coordinates": [ [ [ 77.426818458245322, 23.226918096234389 ], [ 77.42682095824533, 23.226990696204094 ], [ 77.426895258245324, 23.226988596204968 ], [ 77.426892858245324, 23.226915896235301 ], [ 77.426818458245322, 23.226918096234389 ] ] ] } },
{ "type": "Feature", "properties": { }, "geometry": { "type": "Polygon", "coordinates": [ [ [ 77.431819858245319, 23.227567895963301 ], [ 77.431873258245304, 23.22767809591733 ], [ 77.431944158245329, 23.227649095929422 ], [ 77.431890758245316, 23.227538795975438 ], [ 77.431819858245319, 23.227567895963301 ] ] ] } },
{ "type": "Feature", "properties": { }, "geometry": { "type": "Polygon", "coordinates": [ [ [ 77.432088558245312, 23.227459396008559 ], [ 77.432160558245315, 23.227599195950237 ], [ 77.432259758245308, 23.22755599596826 ], [ 77.43218775824532, 23.227416196026589 ], [ 77.432088558245312, 23.227459396008559 ] ] ] } },
{ "type": "Feature", "properties": { }, "geometry": { "type": "Polygon", "coordinates": [ [ [ 77.428049458245326, 23.22791979581649 ], [ 77.427977758245319, 23.227985095789247 ], [ 77.428117258245308, 23.228114495735259 ], [ 77.428188958245315, 23.228049195762509 ], [ 77.428049458245326, 23.22791979581649 ] ] ] } },
{ "type": "Feature", "properties": { }, "geometry": { "type": "Polygon", "coordinates": [ [ [ 77.432039558245307, 23.227489595995966 ], [ 77.431925558245311, 23.22753249597806 ], [ 77.431985258245305, 23.227666195922289 ], [ 77.432099258245316, 23.227623295940187 ], [ 77.432039558245307, 23.227489595995966 ] ] ] } },
{ "type": "Feature", "properties": { }, "geometry": { "type": "Polygon", "coordinates": [ [ [ 77.426521158245322, 23.22691259623668 ], [ 77.426524358245317, 23.227004696198257 ], [ 77.426594658245321, 23.227002596199132 ], [ 77.426591558245292, 23.226910596237509 ], [ 77.426521158245322, 23.22691259623668 ] ] ] } },
{ "type": "Feature", "properties": { }, "geometry": { "type": "Polygon", "coordinates": [ [ [ 77.426825758245315, 23.227048496179982 ], [ 77.426824158245324, 23.227116096151782 ], [ 77.426888558245309, 23.227117296151281 ], [ 77.42689005824532, 23.227049696179478 ], [ 77.426825758245315, 23.227048496179982 ] ] ] } },
{ "type": "Feature", "properties": { }, "geometry": { "type": "Polygon", "coordinates": [ [ [ 77.426736258245313, 23.226918696234137 ], [ 77.426738958245323, 23.226998696200756 ], [ 77.426812658245311, 23.226996596201634 ], [ 77.426809858245292, 23.226916496235052 ], [ 77.426736258245313, 23.226918696234137 ] ] ] } },
{ "type": "Feature", "properties": { }, "geometry": { "type": "Polygon", "coordinates": [ [ [ 77.43233065824532, 23.227199896116826 ], [ 77.432211658245308, 23.227245196097922 ], [ 77.432259858245303, 23.227352396053199 ], [ 77.432378858245315, 23.227307196072058 ], [ 77.43233065824532, 23.227199896116826 ] ] ] } },
{ "type": "Feature", "properties": { }, "geometry": { "type": "Polygon", "coordinates": [ [ [ 77.429751758245288, 23.225836396685633 ], [ 77.429734558245315, 23.225982996624477 ], [ 77.429942758245303, 23.22600359661589 ], [ 77.429959958245291, 23.225856996677042 ], [ 77.429751758245288, 23.225836396685633 ] ] ] } },
{ "type": "Feature", "properties": { }, "geometry": { "type": "Polygon", "coordinates": [ [ [ 77.44319105824529, 23.228394395618484 ], [ 77.443264558245289, 23.22839489561828 ], [ 77.443254458245306, 23.228292595660953 ], [ 77.443185758245306, 23.228295795659619 ], [ 77.44319105824529, 23.228394395618484 ] ] ] } },
{ "type": "Feature", "properties": { }, "geometry": { "type": "Polygon", "coordinates": [ [ [ 77.443041358245324, 23.2283202956494 ], [ 77.44316845824531, 23.228311495653077 ], [ 77.443158658245324, 23.228191495703143 ], [ 77.443031458245315, 23.22820029569947 ], [ 77.443041358245324, 23.2283202956494 ] ] ] } },
{ "type": "Feature", "properties": { }, "geometry": { "type": "Polygon", "coordinates": [ [ [ 77.43127065824531, 23.224927797064652 ], [ 77.431727958245304, 23.224967297048178 ], [ 77.431744558245313, 23.224804597116051 ], [ 77.431251958245312, 23.22476209713377 ], [ 77.431052458245318, 23.224350797305341 ], [ 77.430892458245324, 23.224416397277977 ], [ 77.431080158245308, 23.224803297116587 ], [ 77.431150958245325, 23.224774397128645 ], [ 77.431184258245324, 23.224843997099612 ], [ 77.431278358245322, 23.224852097096228 ], [ 77.43127065824531, 23.224927797064652 ] ] ] } },
{ "type": "Feature", "properties": { }, "geometry": { "type": "Polygon", "coordinates": [ [ [ 77.431385958245315, 23.224366097298962 ], [ 77.43136975824531, 23.224373997295661 ], [ 77.431351958245301, 23.22434319730851 ], [ 77.431313958245326, 23.224361697300797 ], [ 77.431331758245321, 23.224392497287944 ], [ 77.431316958245304, 23.224399697284937 ], [ 77.431301858245305, 23.224373597295831 ], [ 77.431255458245303, 23.224396197286403 ], [ 77.431270558245316, 23.224422397275475 ], [ 77.431263458245311, 23.224425797274055 ], [ 77.431271258245303, 23.22443939726838 ], [ 77.431257558245306, 23.224446097265588 ], [ 77.43129275824532, 23.224506897240229 ], [ 77.431306458245302, 23.224500197243017 ], [ 77.431351458245317, 23.224578197210487 ], [ 77.431330858245317, 23.224588197206309 ], [ 77.431388458245337, 23.224687997164679 ], [ 77.431417058245302, 23.224673997170523 ], [ 77.431431958245312, 23.22469989715972 ], [ 77.431505658245328, 23.224663997174687 ], [ 77.431490658245309, 23.22463809718549 ], [ 77.431508958245317, 23.224629197189209 ], [ 77.431485158245323, 23.224587997206392 ], [ 77.431507758245317, 23.224576997210988 ], [ 77.431466658245327, 23.22450589724064 ], [ 77.43144205824531, 23.224517897235636 ], [ 77.431395258245317, 23.224436897269424 ], [ 77.431419858245306, 23.224424897274435 ], [ 77.431385958245315, 23.224366097298962 ] ] ] } },
{ "type": "Feature", "properties": { }, "geometry": { "type": "Polygon", "coordinates": [ [ [ 77.431552358245312, 23.224482997250195 ], [ 77.431502858245324, 23.224510797238597 ], [ 77.431621658245305, 23.224689597164016 ], [ 77.431671258245316, 23.224661797175614 ], [ 77.431552358245312, 23.224482997250195 ] ] ] } },
{ "type": "Feature", "properties": { }, "geometry": { "type": "Polygon", "coordinates": [ [ [ 77.43138125824531, 23.224316497319652 ], [ 77.43147135824529, 23.224480197251367 ], [ 77.431530958245318, 23.224452397262962 ], [ 77.431440958245318, 23.224288797331205 ], [ 77.43138125824531, 23.224316497319652 ] ] ] } },
{ "type": "Feature", "properties": { }, "geometry": { "type": "Polygon", "coordinates": [ [ [ 77.436051058245326, 23.223892297496587 ], [ 77.435535058245321, 23.223787397540345 ], [ 77.435498858245325, 23.223937297477825 ], [ 77.436018058245324, 23.224042897433772 ], [ 77.436050358245311, 23.223909097489589 ], [ 77.436057358245321, 23.223910797488884 ], [ 77.436023958245315, 23.224051997429981 ], [ 77.436144258245321, 23.224076097419928 ], [ 77.436176558245322, 23.223939697476826 ], [ 77.436186058245312, 23.223941997475865 ], [ 77.436205658245314, 23.223873897504266 ], [ 77.43606615824531, 23.223839997518411 ], [ 77.436051058245326, 23.223892297496587 ] ] ] } },
{ "type": "Feature", "properties": { }, "geometry": { "type": "Polygon", "coordinates": [ [ [ 77.435856258245323, 23.22409329741275 ], [ 77.436118458245303, 23.224144997391189 ], [ 77.436133758245305, 23.224079697418428 ], [ 77.435871558245324, 23.224027897440028 ], [ 77.435856258245323, 23.22409329741275 ] ] ] } },
{ "type": "Feature", "properties": { }, "geometry": { "type": "Polygon", "coordinates": [ [ [ 77.427035558245322, 23.225195496952985 ], [ 77.426948658245308, 23.225234096936884 ], [ 77.426974158245315, 23.225282596916649 ], [ 77.426987258245319, 23.225276796919072 ], [ 77.427016758245315, 23.225332896895672 ], [ 77.427001558245294, 23.225339596892876 ], [ 77.427057858245306, 23.225446496848281 ], [ 77.427067558245326, 23.225442196850079 ], [ 77.427104258245322, 23.225511996820956 ], [ 77.427088158245326, 23.225519096817994 ], [ 77.427115258245323, 23.225570496796557 ], [ 77.427210458245312, 23.225528196814199 ], [ 77.427160758245307, 23.225433596853659 ], [ 77.427188858245302, 23.225421096858874 ], [ 77.427122858245298, 23.225295596911224 ], [ 77.427094758245303, 23.225308096906012 ], [ 77.427035558245322, 23.225195496952985 ] ] ] } },
{ "type": "Feature", "properties": { }, "geometry": { "type": "Polygon", "coordinates": [ [ [ 77.425940558245316, 23.226531796395534 ], [ 77.425945658245311, 23.226597196368253 ], [ 77.426114658245311, 23.226586096372881 ], [ 77.426109558245329, 23.226520696400165 ], [ 77.425940558245316, 23.226531796395534 ] ] ] } },
{ "type": "Feature", "properties": { }, "geometry": { "type": "Polygon", "coordinates": [ [ [ 77.426660758245291, 23.226365396464953 ], [ 77.426669758245325, 23.226521096399996 ], [ 77.426783658245313, 23.226515496402339 ], [ 77.42677475824533, 23.226359896467248 ], [ 77.426660758245291, 23.226365396464953 ] ] ] } },
{ "type": "Feature", "properties": { }, "geometry": { "type": "Polygon", "coordinates": [ [ [ 77.426434158245314, 23.226514596402712 ], [ 77.426578958245329, 23.226512096403756 ], [ 77.426575758245306, 23.226355696468996 ], [ 77.426430958245305, 23.226358196467956 ], [ 77.426434158245314, 23.226514596402712 ] ] ] } },
{ "type": "Feature", "properties": { }, "geometry": { "type": "Polygon", "coordinates": [ [ [ 77.425928158245299, 23.226428696438543 ], [ 77.425933058245306, 23.226495596410633 ], [ 77.426093458245319, 23.226485496414856 ], [ 77.426088458245303, 23.226418696442714 ], [ 77.425928158245299, 23.226428696438543 ] ] ] } },
{ "type": "Feature", "properties": { }, "geometry": { "type": "Polygon", "coordinates": [ [ [ 77.42619605824531, 23.22640859644693 ], [ 77.426132558245328, 23.226414496444466 ], [ 77.426149358245326, 23.226567296380725 ], [ 77.426212858245322, 23.226561396383183 ], [ 77.42619605824531, 23.22640859644693 ] ] ] } },
{ "type": "Feature", "properties": { }, "geometry": { "type": "Polygon", "coordinates": [ [ [ 77.425963358245326, 23.226753696302964 ], [ 77.426137758245304, 23.226741296308138 ], [ 77.426132858245325, 23.226682596332626 ], [ 77.425958458245319, 23.226694896327491 ], [ 77.425963358245326, 23.226753696302964 ] ] ] } },
{ "type": "Feature", "properties": { }, "geometry": { "type": "Polygon", "coordinates": [ [ [ 77.425979458245337, 23.226805696281271 ], [ 77.425982458245315, 23.226872396253452 ], [ 77.426145758245326, 23.226866196256029 ], [ 77.426142758245305, 23.226799596283819 ], [ 77.425979458245337, 23.226805696281271 ] ] ] } },
{ "type": "Feature", "properties": { }, "geometry": { "type": "Polygon", "coordinates": [ [ [ 77.429609458245324, 23.22765669592626 ], [ 77.429570658245311, 23.2277327958945 ], [ 77.429729558245327, 23.227801195865975 ], [ 77.429768358245312, 23.227725095897721 ], [ 77.429727958245323, 23.227707695904975 ], [ 77.429743758245294, 23.227676595917952 ], [ 77.429660858245327, 23.227640895932847 ], [ 77.429645058245328, 23.22767199591987 ], [ 77.429609458245324, 23.22765669592626 ] ] ] } },
{ "type": "Feature", "properties": { }, "geometry": { "type": "Polygon", "coordinates": [ [ [ 77.429796958245319, 23.227749395887582 ], [ 77.429758158245292, 23.227825495855829 ], [ 77.429917058245309, 23.227893895827304 ], [ 77.429955858245322, 23.227817795859046 ], [ 77.42991535824531, 23.227800395866307 ], [ 77.429931258245318, 23.227769295879281 ], [ 77.429848358245309, 23.227733595894168 ], [ 77.429832458245329, 23.227764695881199 ], [ 77.429796958245319, 23.227749395887582 ] ] ] } },
{ "type": "Feature", "properties": { }, "geometry": { "type": "Polygon", "coordinates": [ [ [ 77.441252758245327, 23.224353597304177 ], [ 77.441357758245303, 23.224363997299832 ], [ 77.441375858245308, 23.224208697364617 ], [ 77.441270858245318, 23.224198397368912 ], [ 77.441252758245327, 23.224353597304177 ] ] ] } },
{ "type": "Feature", "properties": { }, "geometry": { "type": "Polygon", "coordinates": [ [ [ 77.441534458245329, 23.22446379725821 ], [ 77.441638558245316, 23.224465997257283 ], [ 77.441640458245317, 23.224388497289617 ], [ 77.44153635824533, 23.224386397290491 ], [ 77.441534458245329, 23.22446379725821 ] ] ] } },
{ "type": "Feature", "properties": { }, "geometry": { "type": "Polygon", "coordinates": [ [ [ 77.441448558245312, 23.224573597212405 ], [ 77.441620858245329, 23.224577297210864 ], [ 77.441623458245303, 23.224474397253783 ], [ 77.441451158245329, 23.224470697255331 ], [ 77.441448558245312, 23.224573597212405 ] ] ] } },
{ "type": "Feature", "properties": { }, "geometry": { "type": "Polygon", "coordinates": [ [ [ 77.441407558245302, 23.224023997441655 ], [ 77.441402858245311, 23.224106097407411 ], [ 77.441517558245323, 23.224111697405082 ], [ 77.441522258245314, 23.224029497439364 ], [ 77.441407558245302, 23.224023997441655 ] ] ] } },
{ "type": "Feature", "properties": { }, "geometry": { "type": "Polygon", "coordinates": [ [ [ 77.434400658245323, 23.226436896435118 ], [ 77.434382058245305, 23.22647979641723 ], [ 77.434348158245328, 23.226467496422359 ], [ 77.434267858245306, 23.226653996344552 ], [ 77.434341458245299, 23.226680696333425 ], [ 77.434421758245321, 23.22649419641122 ], [ 77.434414558245322, 23.226491596412306 ], [ 77.434435858245308, 23.226442396432834 ], [ 77.434430458245316, 23.226440496433625 ], [ 77.434449958245295, 23.226393296453313 ], [ 77.434392658245329, 23.226373296461656 ], [ 77.434370658245328, 23.226426396439507 ], [ 77.434400658245323, 23.226436896435118 ] ] ] } },
{ "type": "Feature", "properties": { }, "geometry": { "type": "Polygon", "coordinates": [ [ [ 77.438472258245326, 23.224689497164054 ], [ 77.438482858245308, 23.224635997186372 ], [ 77.438545658245303, 23.224650997180117 ], [ 77.438555058245328, 23.224617697193999 ], [ 77.438659258245309, 23.224638997185124 ], [ 77.438676258245309, 23.22456919721424 ], [ 77.438574658245315, 23.224548397222915 ], [ 77.438584258245314, 23.224514297237135 ], [ 77.438372358245303, 23.224463697258244 ], [ 77.438362658245325, 23.224498197243854 ], [ 77.438254258245294, 23.224472197254705 ], [ 77.438233258245305, 23.22454619722383 ], [ 77.438341758245329, 23.224572297212944 ], [ 77.438333758245307, 23.224600397201222 ], [ 77.438423058245306, 23.224621697192337 ], [ 77.438411758245294, 23.224678797168522 ], [ 77.438375158245307, 23.224672397171194 ], [ 77.438355658245328, 23.224766297132021 ], [ 77.438480658245325, 23.224788297122842 ], [ 77.438500158245304, 23.224694397162011 ], [ 77.438472258245326, 23.224689497164054 ] ] ] } },
{ "type": "Feature", "properties": { }, "geometry": { "type": "Polygon", "coordinates": [ [ [ 77.442763858245314, 23.224444197266379 ], [ 77.442900558245299, 23.224444797266127 ], [ 77.442901458245316, 23.224298197327279 ], [ 77.442764658245309, 23.224297497327576 ], [ 77.442763858245314, 23.224444197266379 ] ] ] } },
{ "type": "Feature", "properties": { }, "geometry": { "type": "Polygon", "coordinates": [ [ [ 77.434951158245326, 23.227495495993502 ], [ 77.435080058245305, 23.227548595971353 ], [ 77.435128758245327, 23.227448796012983 ], [ 77.43499985824532, 23.227395696035138 ], [ 77.434951158245326, 23.227495495993502 ] ] ] } },
{ "type": "Feature", "properties": { }, "geometry": { "type": "Polygon", "coordinates": [ [ [ 77.433933958245305, 23.226843696265419 ], [ 77.433902658245316, 23.226894796244107 ], [ 77.43406935824531, 23.226981096208096 ], [ 77.434100658245313, 23.226930096229374 ], [ 77.433933958245305, 23.226843696265419 ] ] ] } },
{ "type": "Feature", "properties": { }, "geometry": { "type": "Polygon", "coordinates": [ [ [ 77.434878058245303, 23.223955297470312 ], [ 77.434929058245316, 23.22407419742072 ], [ 77.434978558245305, 23.224056297428188 ], [ 77.43492755824532, 23.223937397477776 ], [ 77.434878058245303, 23.223955297470312 ] ] ] } },
{ "type": "Feature", "properties": { }, "geometry": { "type": "Polygon", "coordinates": [ [ [ 77.434442558245323, 23.225066597006755 ], [ 77.434507458245307, 23.225076097002795 ], [ 77.434531558245311, 23.224937497060605 ], [ 77.434466758245307, 23.224927997064579 ], [ 77.434442558245323, 23.225066597006755 ] ] ] } },
{ "type": "Feature", "properties": { }, "geometry": { "type": "Polygon", "coordinates": [ [ [ 77.436871658245323, 23.225208396947597 ], [ 77.43684465824532, 23.225277596918737 ], [ 77.436982458245311, 23.225322996899799 ], [ 77.437009458245328, 23.225253796928666 ], [ 77.436871658245323, 23.225208396947597 ] ] ] } },
{ "type": "Feature", "properties": { }, "geometry": { "type": "Polygon", "coordinates": [ [ [ 77.434339858245309, 23.224295997328198 ], [ 77.434281058245304, 23.224402097283946 ], [ 77.434358658245301, 23.224438397268795 ], [ 77.434417458245321, 23.224332397313017 ], [ 77.434339858245309, 23.224295997328198 ] ] ] } },
{ "type": "Feature", "properties": { }, "geometry": { "type": "Polygon", "coordinates": [ [ [ 77.434203858245326, 23.225997996618212 ], [ 77.434261858245307, 23.22600959661338 ], [ 77.434281958245322, 23.225924496648879 ], [ 77.434223958245326, 23.225912996653673 ], [ 77.434203858245326, 23.225997996618212 ] ] ] } },
{ "type": "Feature", "properties": { }, "geometry": { "type": "Polygon", "coordinates": [ [ [ 77.434315558245316, 23.228915395401124 ], [ 77.434417358245312, 23.228956595383934 ], [ 77.43445425824531, 23.228879595416057 ], [ 77.434352358245306, 23.22883839543325 ], [ 77.434315558245316, 23.228915395401124 ] ] ] } },
{ "type": "Feature", "properties": { }, "geometry": { "type": "Polygon", "coordinates": [ [ [ 77.434678558245309, 23.227759495883369 ], [ 77.434649758245328, 23.2278190958585 ], [ 77.434793358245329, 23.227877595834094 ], [ 77.434822158245325, 23.22781799585896 ], [ 77.434678558245309, 23.227759495883369 ] ] ] } },
{ "type": "Feature", "properties": { }, "geometry": { "type": "Polygon", "coordinates": [ [ [ 77.437082558245322, 23.225105396990564 ], [ 77.437192658245309, 23.225150196971878 ], [ 77.437223858245304, 23.225085496998869 ], [ 77.437113758245303, 23.225040697017555 ], [ 77.437082558245322, 23.225105396990564 ] ] ] } },
{ "type": "Feature", "properties": { }, "geometry": { "type": "Polygon", "coordinates": [ [ [ 77.435048958245318, 23.226441396433252 ], [ 77.435145658245318, 23.22648119641665 ], [ 77.435176858245299, 23.226417296443302 ], [ 77.435080158245327, 23.2263774964599 ], [ 77.435048958245318, 23.226441396433252 ] ] ] } },
{ "type": "Feature", "properties": { }, "geometry": { "type": "Polygon", "coordinates": [ [ [ 77.434852258245314, 23.227333296061175 ], [ 77.434810658245325, 23.227414596027252 ], [ 77.434950558245305, 23.227474996002055 ], [ 77.434992058245314, 23.227393696035971 ], [ 77.434852258245314, 23.227333296061175 ] ] ] } },
{ "type": "Feature", "properties": { }, "geometry": { "type": "Polygon", "coordinates": [ [ [ 77.434554158245305, 23.228047395763259 ], [ 77.434666758245328, 23.22808809574628 ], [ 77.434702258245309, 23.228004895780987 ], [ 77.434589658245329, 23.227964295797921 ], [ 77.434554158245305, 23.228047395763259 ] ] ] } },
{ "type": "Feature", "properties": { }, "geometry": { "type": "Polygon", "coordinates": [ [ [ 77.434885158245308, 23.226505396406548 ], [ 77.434942258245314, 23.226527996397124 ], [ 77.434981758245328, 23.226443596432325 ], [ 77.434924758245316, 23.22642099644176 ], [ 77.434885158245308, 23.226505396406548 ] ] ] } },
{ "type": "Feature", "properties": { }, "geometry": { "type": "Polygon", "coordinates": [ [ [ 77.434422758245319, 23.228731195477973 ], [ 77.434494558245305, 23.228761295465425 ], [ 77.434533458245312, 23.228682995498087 ], [ 77.434461658245311, 23.228652895510642 ], [ 77.434422758245319, 23.228731195477973 ] ] ] } },
{ "type": "Feature", "properties": { }, "geometry": { "type": "Polygon", "coordinates": [ [ [ 77.434194758245312, 23.226528796396789 ], [ 77.434266858245323, 23.226556696385149 ], [ 77.434293658245309, 23.226498196409558 ], [ 77.434221558245326, 23.226470296421194 ], [ 77.434194758245312, 23.226528796396789 ] ] ] } },
{ "type": "Feature", "properties": { }, "geometry": { "type": "Polygon", "coordinates": [ [ [ 77.433826658245295, 23.226399796450604 ], [ 77.433851858245305, 23.226423396440754 ], [ 77.43390115824532, 23.226378996459278 ], [ 77.433875958245324, 23.226355396469121 ], [ 77.433826658245295, 23.226399796450604 ] ] ] } },
{ "type": "Feature", "properties": { }, "geometry": { "type": "Polygon", "coordinates": [ [ [ 77.442747258245319, 23.224045797432566 ], [ 77.442749258245343, 23.224221897359108 ], [ 77.442938458245337, 23.224219997359903 ], [ 77.442936458245327, 23.224043897433361 ], [ 77.442747258245319, 23.224045797432566 ] ] ] } },
{ "type": "Feature", "properties": { }, "geometry": { "type": "Polygon", "coordinates": [ [ [ 77.434235758245308, 23.227408796029668 ], [ 77.434292758245306, 23.227428896021287 ], [ 77.434477858245316, 23.226985196206392 ], [ 77.434420758245309, 23.226965096214773 ], [ 77.434235758245308, 23.227408796029668 ] ] ] } },
{ "type": "Feature", "properties": { }, "geometry": { "type": "Polygon", "coordinates": [ [ [ 77.434915658245302, 23.227592695952957 ], [ 77.435032858245322, 23.227636395934724 ], [ 77.435071758245329, 23.227548295971477 ], [ 77.434954558245309, 23.227504595989707 ], [ 77.434915658245302, 23.227592695952957 ] ] ] } },
{ "type": "Feature", "properties": { }, "geometry": { "type": "Polygon", "coordinates": [ [ [ 77.433970158245302, 23.226765496298039 ], [ 77.433937758245321, 23.226822296274349 ], [ 77.434065558245337, 23.226883796248693 ], [ 77.434097958245303, 23.226826996272386 ], [ 77.433970158245302, 23.226765496298039 ] ] ] } },
{ "type": "Feature", "properties": { }, "geometry": { "type": "Polygon", "coordinates": [ [ [ 77.434178358245305, 23.226272196503835 ], [ 77.43423435824532, 23.226314796486065 ], [ 77.43430475824529, 23.226236796518595 ], [ 77.434248758245317, 23.226194196536373 ], [ 77.434178358245305, 23.226272196503835 ] ] ] } },
{ "type": "Feature", "properties": { }, "geometry": { "type": "Polygon", "coordinates": [ [ [ 77.434830158245319, 23.224926697065111 ], [ 77.434313858245304, 23.224805297115754 ], [ 77.434298758245305, 23.224859597093104 ], [ 77.434815058245306, 23.224980997042461 ], [ 77.434830158245319, 23.224926697065111 ] ] ] } },
{ "type": "Feature", "properties": { }, "geometry": { "type": "Polygon", "coordinates": [ [ [ 77.436783858245306, 23.225423396857913 ], [ 77.436922558245314, 23.22546979683856 ], [ 77.436973558245313, 23.225340996892285 ], [ 77.436834758245325, 23.225294596911649 ], [ 77.436783858245306, 23.225423396857913 ] ] ] } },
{ "type": "Feature", "properties": { }, "geometry": { "type": "Polygon", "coordinates": [ [ [ 77.434479658245309, 23.225160396967624 ], [ 77.434456758245318, 23.225244096932709 ], [ 77.434592958245304, 23.225275696919528 ], [ 77.434615958245317, 23.22519199695444 ], [ 77.434479658245309, 23.225160396967624 ] ] ] } },
{ "type": "Feature", "properties": { }, "geometry": { "type": "Polygon", "coordinates": [ [ [ 77.434715458245307, 23.227650995928631 ], [ 77.434667458245315, 23.227748195888079 ], [ 77.434814958245326, 23.227809795862381 ], [ 77.434863058245298, 23.227712595902933 ], [ 77.434715458245307, 23.227650995928631 ] ] ] } },
{ "type": "Feature", "properties": { }, "geometry": { "type": "Polygon", "coordinates": [ [ [ 77.434182758245313, 23.224267097340256 ], [ 77.43423235824531, 23.224289997330697 ], [ 77.434297358245303, 23.224170997380345 ], [ 77.43424775824532, 23.224148097389893 ], [ 77.434182758245313, 23.224267097340256 ] ] ] } },
{ "type": "Feature", "properties": { }, "geometry": { "type": "Polygon", "coordinates": [ [ [ 77.434264858245328, 23.22864309551473 ], [ 77.434396458245303, 23.228700095490954 ], [ 77.434440758245316, 23.22861379552695 ], [ 77.434309158245313, 23.22855679555073 ], [ 77.434264858245328, 23.22864309551473 ] ] ] } },
{ "type": "Feature", "properties": { }, "geometry": { "type": "Polygon", "coordinates": [ [ [ 77.434133458245327, 23.22598689662285 ], [ 77.43418575824532, 23.225998796617883 ], [ 77.434209258245318, 23.225911296654385 ], [ 77.434156958245296, 23.225899396659351 ], [ 77.434133458245327, 23.22598689662285 ] ] ] } },
{ "type": "Feature", "properties": { }, "geometry": { "type": "Polygon", "coordinates": [ [ [ 77.433920258245308, 23.224990197038625 ], [ 77.434030258245329, 23.225034897019981 ], [ 77.434081258245328, 23.224928897064196 ], [ 77.433971158245328, 23.224884197082847 ], [ 77.433920258245308, 23.224990197038625 ] ] ] } },
{ "type": "Feature", "properties": { }, "geometry": { "type": "Polygon", "coordinates": [ [ [ 77.434897858245307, 23.227240896099719 ], [ 77.434859358245305, 23.227310596070637 ], [ 77.434996858245313, 23.227374696043903 ], [ 77.435035358245315, 23.227304996072981 ], [ 77.434897858245307, 23.227240896099719 ] ] ] } },
{ "type": "Feature", "properties": { }, "geometry": { "type": "Polygon", "coordinates": [ [ [ 77.434227658245305, 23.228761395465376 ], [ 77.434356458245318, 23.228817395442007 ], [ 77.434397258245298, 23.228738195475056 ], [ 77.434268558245307, 23.228682195498415 ], [ 77.434227658245305, 23.228761395465376 ] ] ] } },
{ "type": "Feature", "properties": { }, "geometry": { "type": "Polygon", "coordinates": [ [ [ 77.434608858245326, 23.227910995820164 ], [ 77.434589258245325, 23.227956395801218 ], [ 77.434710558245328, 23.228000795782698 ], [ 77.43473025824531, 23.22795539580164 ], [ 77.434608858245326, 23.227910995820164 ] ] ] } },
{ "type": "Feature", "properties": { }, "geometry": { "type": "Polygon", "coordinates": [ [ [ 77.43377205824531, 23.226050296596402 ], [ 77.433849458245305, 23.226066996589434 ], [ 77.433870258245321, 23.225985696623354 ], [ 77.433792858245312, 23.225968996630318 ], [ 77.43377205824531, 23.226050296596402 ] ] ] } },
{ "type": "Feature", "properties": { }, "geometry": { "type": "Polygon", "coordinates": [ [ [ 77.435003358245311, 23.226558296384482 ], [ 77.435055858245306, 23.226580096375386 ], [ 77.435089058245325, 23.226512796403458 ], [ 77.435036458245335, 23.226490896412603 ], [ 77.435003358245311, 23.226558296384482 ] ] ] } },
{ "type": "Feature", "properties": { }, "geometry": { "type": "Polygon", "coordinates": [ [ [ 77.437226058245329, 23.225088196997746 ], [ 77.437339958245289, 23.225134796978303 ], [ 77.437366058245303, 23.22508089700079 ], [ 77.437252158245315, 23.225034197020268 ], [ 77.437226058245329, 23.225088196997746 ] ] ] } },
{ "type": "Feature", "properties": { }, "geometry": { "type": "Polygon", "coordinates": [ [ [ 77.434526358245307, 23.225072797004167 ], [ 77.434591158245325, 23.225085796998737 ], [ 77.434621958245302, 23.224956397052722 ], [ 77.43455725824532, 23.224943397058144 ], [ 77.434526358245307, 23.225072797004167 ] ] ] } },
{ "type": "Feature", "properties": { }, "geometry": { "type": "Polygon", "coordinates": [ [ [ 77.434775458245312, 23.227905095822621 ], [ 77.434728358245295, 23.228008195779609 ], [ 77.434864558245309, 23.228060795757663 ], [ 77.43491175824532, 23.227957695800683 ], [ 77.434775458245312, 23.227905095822621 ] ] ] } },
{ "type": "Feature", "properties": { }, "geometry": { "type": "Polygon", "coordinates": [ [ [ 77.434892158245319, 23.227662395923872 ], [ 77.434975358245325, 23.227702995906938 ], [ 77.434998258245329, 23.227663495923416 ], [ 77.434915058245323, 23.227622795940395 ], [ 77.434892158245319, 23.227662395923872 ] ] ] } },
{ "type": "Feature", "properties": { }, "geometry": { "type": "Polygon", "coordinates": [ [ [ 77.43367375824532, 23.228778895458081 ], [ 77.433718958245294, 23.228797695450229 ], [ 77.433790058245307, 23.22865349551039 ], [ 77.433744858245319, 23.228634695518238 ], [ 77.43367375824532, 23.228778895458081 ] ] ] } },
{ "type": "Feature", "properties": { }, "geometry": { "type": "Polygon", "coordinates": [ [ [ 77.434760458245293, 23.227535095976982 ], [ 77.434817258245303, 23.227560595966342 ], [ 77.43486755824533, 23.227465696005932 ], [ 77.434810758245305, 23.227440196016573 ], [ 77.434760458245293, 23.227535095976982 ] ] ] } },
{ "type": "Feature", "properties": { }, "geometry": { "type": "Polygon", "coordinates": [ [ [ 77.434132158245319, 23.226105196573496 ], [ 77.434069458245318, 23.226161096550182 ], [ 77.434158658245309, 23.22624549651497 ], [ 77.434221258245302, 23.226189596538283 ], [ 77.434132158245319, 23.226105196573496 ] ] ] } },
{ "type": "Feature", "properties": { }, "geometry": { "type": "Polygon", "coordinates": [ [ [ 77.433982258245322, 23.228125795730541 ], [ 77.434100758245307, 23.228164595714361 ], [ 77.434144258245325, 23.228052495761123 ], [ 77.434025858245306, 23.228013595777355 ], [ 77.433982258245322, 23.228125795730541 ] ] ] } },
{ "type": "Feature", "properties": { }, "geometry": { "type": "Polygon", "coordinates": [ [ [ 77.43433265824531, 23.225205196948938 ], [ 77.434449258245323, 23.225231096938138 ], [ 77.434468358245311, 23.225158496968415 ], [ 77.434351658245319, 23.225132596979222 ], [ 77.43433265824531, 23.225205196948938 ] ] ] } },
{ "type": "Feature", "properties": { }, "geometry": { "type": "Polygon", "coordinates": [ [ [ 77.434765558245317, 23.227559095966967 ], [ 77.434718158245317, 23.227645695930839 ], [ 77.434842458245299, 23.227703095906893 ], [ 77.434889858245313, 23.227616495943021 ], [ 77.434765558245317, 23.227559095966967 ] ] ] } },
{ "type": "Feature", "properties": { }, "geometry": { "type": "Polygon", "coordinates": [ [ [ 77.434264258245307, 23.22606459659043 ], [ 77.434368058245326, 23.226136396560484 ], [ 77.434406758245316, 23.226089196580173 ], [ 77.434302958245311, 23.22601729661017 ], [ 77.434264258245307, 23.22606459659043 ] ] ] } },
{ "type": "Feature", "properties": { }, "geometry": { "type": "Polygon", "coordinates": [ [ [ 77.434954558245309, 23.226538096392908 ], [ 77.434997658245308, 23.226553396386528 ], [ 77.435025958245319, 23.226486296414517 ], [ 77.434982858245306, 23.226470996420897 ], [ 77.434954558245309, 23.226538096392908 ] ] ] } },
{ "type": "Feature", "properties": { }, "geometry": { "type": "Polygon", "coordinates": [ [ [ 77.437167358245318, 23.225050897013304 ], [ 77.437220658245309, 23.225072897004129 ], [ 77.437251158245303, 23.225010697030079 ], [ 77.437197858245312, 23.224988597039296 ], [ 77.437167358245318, 23.225050897013304 ] ] ] } },
{ "type": "Feature", "properties": { }, "geometry": { "type": "Polygon", "coordinates": [ [ [ 77.434940758245318, 23.227134896143941 ], [ 77.434902758245315, 23.227210296112482 ], [ 77.435022758245324, 23.227261396091162 ], [ 77.435060858245322, 23.227185996122618 ], [ 77.434940758245318, 23.227134896143941 ] ] ] } },
{ "type": "Feature", "properties": { }, "geometry": { "type": "Polygon", "coordinates": [ [ [ 77.434630958245322, 23.225215696944556 ], [ 77.434610358245308, 23.225290796913232 ], [ 77.434721658245309, 23.225316696902429 ], [ 77.434742358245302, 23.225241596933753 ], [ 77.434630958245322, 23.225215696944556 ] ] ] } },
{ "type": "Feature", "properties": { }, "geometry": { "type": "Polygon", "coordinates": [ [ [ 77.434001058245315, 23.22448829724798 ], [ 77.433970058245308, 23.224552297221283 ], [ 77.434084758245319, 23.224599097201764 ], [ 77.434115658245318, 23.224535097228465 ], [ 77.434001058245315, 23.22448829724798 ] ] ] } },
{ "type": "Feature", "properties": { }, "geometry": { "type": "Polygon", "coordinates": [ [ [ 77.434038258245323, 23.225962896632865 ], [ 77.434116458245313, 23.225981496625096 ], [ 77.43414125824529, 23.225893396661856 ], [ 77.434063058245329, 23.225874796669611 ], [ 77.434038258245323, 23.225962896632865 ] ] ] } },
{ "type": "Feature", "properties": { }, "geometry": { "type": "Polygon", "coordinates": [ [ [ 77.434107758245332, 23.226328496480342 ], [ 77.434159158245322, 23.226370796462696 ], [ 77.434212758245323, 23.226315796485643 ], [ 77.434161358245305, 23.226273496503289 ], [ 77.434107758245332, 23.226328496480342 ] ] ] } },
{ "type": "Feature", "properties": { }, "geometry": { "type": "Polygon", "coordinates": [ [ [ 77.433688858245304, 23.226029396605117 ], [ 77.433760458245317, 23.226046496597984 ], [ 77.433783258245313, 23.225965796631648 ], [ 77.433711658245315, 23.225948696638785 ], [ 77.433688858245304, 23.226029396605117 ] ] ] } },
{ "type": "Feature", "properties": { }, "geometry": { "type": "Polygon", "coordinates": [ [ [ 77.433891958245312, 23.224714397153672 ], [ 77.433957258245314, 23.224745497140695 ], [ 77.434006858245311, 23.224657297177487 ], [ 77.433941658245317, 23.224626297190422 ], [ 77.433891958245312, 23.224714397153672 ] ] ] } },
{ "type": "Feature", "properties": { }, "geometry": { "type": "Polygon", "coordinates": [ [ [ 77.434509258245328, 23.228527195563093 ], [ 77.434595958245325, 23.228560395549231 ], [ 77.434632758245314, 23.228478995583195 ], [ 77.434546158245311, 23.228445895597005 ], [ 77.434509258245328, 23.228527195563093 ] ] ] } },
{ "type": "Feature", "properties": { }, "geometry": { "type": "Polygon", "coordinates": [ [ [ 77.434676258245304, 23.228128495729429 ], [ 77.434810558245317, 23.228179795708016 ], [ 77.43486245824532, 23.228064995755911 ], [ 77.434728158245306, 23.228013795777272 ], [ 77.434676258245304, 23.228128495729429 ] ] ] } },
{ "type": "Feature", "properties": { }, "geometry": { "type": "Polygon", "coordinates": [ [ [ 77.434555558245307, 23.226649296346519 ], [ 77.434604658245306, 23.226667396338971 ], [ 77.434697858245315, 23.226454196427905 ], [ 77.434648758245302, 23.22643609643546 ], [ 77.434555558245307, 23.226649296346519 ] ] ] } },
{ "type": "Feature", "properties": { }, "geometry": { "type": "Polygon", "coordinates": [ [ [ 77.434099358245319, 23.227891295828382 ], [ 77.434192858245325, 23.227922895815194 ], [ 77.434226358245311, 23.227839395850033 ], [ 77.43413285824532, 23.227807695863259 ], [ 77.434099358245319, 23.227891295828382 ] ] ] } },
{ "type": "Feature", "properties": { }, "geometry": { "type": "Polygon", "coordinates": [ [ [ 77.434829658245292, 23.227578095959043 ], [ 77.434904658245316, 23.227605195947731 ], [ 77.434946758245317, 23.227506695988829 ], [ 77.434871758245322, 23.227479596000141 ], [ 77.434829658245292, 23.227578095959043 ] ] ] } },
{ "type": "Feature", "properties": { }, "geometry": { "type": "Polygon", "coordinates": [ [ [ 77.434242758245318, 23.226086096581469 ], [ 77.434196358245302, 23.226136996560236 ], [ 77.434303658245312, 23.226219596525777 ], [ 77.434350058245329, 23.226168696547013 ], [ 77.434242758245318, 23.226086096581469 ] ] ] } },
{ "type": "Feature", "properties": { }, "geometry": { "type": "Polygon", "coordinates": [ [ [ 77.434405058245304, 23.228394095618611 ], [ 77.434360958245321, 23.228474595585034 ], [ 77.434476958245313, 23.228528195562667 ], [ 77.434521058245309, 23.228447695596248 ], [ 77.434405058245304, 23.228394095618611 ] ] ] } },
{ "type": "Feature", "properties": { }, "geometry": { "type": "Polygon", "coordinates": [ [ [ 77.433918258245313, 23.226379396459109 ], [ 77.433972558245316, 23.226438196434579 ], [ 77.434032358245318, 23.226391496454067 ], [ 77.433977958245322, 23.226332696478593 ], [ 77.433918258245313, 23.226379396459109 ] ] ] } },
{ "type": "Feature", "properties": { }, "geometry": { "type": "Polygon", "coordinates": [ [ [ 77.437121458245315, 23.225032697020893 ], [ 77.437159258245302, 23.225046397015177 ], [ 77.437188058245312, 23.224979197043208 ], [ 77.437150258245325, 23.224965497048924 ], [ 77.437121458245315, 23.225032697020893 ] ] ] } },
{ "type": "Feature", "properties": { }, "geometry": { "type": "Polygon", "coordinates": [ [ [ 77.434009858245304, 23.226231596520766 ], [ 77.43410005824532, 23.226313496486604 ], [ 77.434147858245325, 23.226269096505128 ], [ 77.434057658245308, 23.226187096539338 ], [ 77.434009858245304, 23.226231596520766 ] ] ] } },
{ "type": "Feature", "properties": { }, "geometry": { "type": "Polygon", "coordinates": [ [ [ 77.434499558245321, 23.22568899674712 ], [ 77.434618658245313, 23.225712996737109 ], [ 77.434657558245306, 23.225550296804983 ], [ 77.434538458245328, 23.225526296814991 ], [ 77.434499558245321, 23.22568899674712 ] ] ] } },
{ "type": "Feature", "properties": { }, "geometry": { "type": "Polygon", "coordinates": [ [ [ 77.434151858245329, 23.224566497215363 ], [ 77.43412375824532, 23.224623897191421 ], [ 77.434225058245318, 23.224665797173941 ], [ 77.43425315824534, 23.224608397197887 ], [ 77.434151858245329, 23.224566497215363 ] ] ] } },
{ "type": "Feature", "properties": { }, "geometry": { "type": "Polygon", "coordinates": [ [ [ 77.433950358245312, 23.22594499664033 ], [ 77.434020958245327, 23.225963296632692 ], [ 77.434047758245313, 23.225875796669193 ], [ 77.433977258245307, 23.225857496676831 ], [ 77.433950358245312, 23.22594499664033 ] ] ] } },
{ "type": "Feature", "properties": { }, "geometry": { "type": "Polygon", "coordinates": [ [ [ 77.433531958245325, 23.225981996624892 ], [ 77.433674758245303, 23.226014596611293 ], [ 77.433694358245305, 23.225942296641456 ], [ 77.433551558245327, 23.225909596655097 ], [ 77.433531958245325, 23.225981996624892 ] ] ] } },
{ "type": "Feature", "properties": { }, "geometry": { "type": "Polygon", "coordinates": [ [ [ 77.434940458245322, 23.226414596444432 ], [ 77.435018058245291, 23.226445296431621 ], [ 77.435047558245316, 23.22638249645782 ], [ 77.434969958245304, 23.226351696470672 ], [ 77.434940458245322, 23.226414596444432 ] ] ] } },
{ "type": "Feature", "properties": { }, "geometry": { "type": "Polygon", "coordinates": [ [ [ 77.434027858245329, 23.224796997119221 ], [ 77.434070458245301, 23.224816497111082 ], [ 77.434117458245311, 23.224729597147331 ], [ 77.434074758245316, 23.224710097155462 ], [ 77.434027858245329, 23.224796997119221 ] ] ] } },
{ "type": "Feature", "properties": { }, "geometry": { "type": "Polygon", "coordinates": [ [ [ 77.433865858245326, 23.224385697290785 ], [ 77.433916358245327, 23.224416097278098 ], [ 77.433971958245323, 23.224338097310643 ], [ 77.433921558245302, 23.224307697323319 ], [ 77.433865858245326, 23.224385697290785 ] ] ] } },
{ "type": "Feature", "properties": { }, "geometry": { "type": "Polygon", "coordinates": [ [ [ 77.434551558245303, 23.228403995614482 ], [ 77.434661058245311, 23.228446495596749 ], [ 77.434695858245306, 23.228370695628374 ], [ 77.434586458245292, 23.228328195646107 ], [ 77.434551558245303, 23.228403995614482 ] ] ] } },
{ "type": "Feature", "properties": { }, "geometry": { "type": "Polygon", "coordinates": [ [ [ 77.433747858245312, 23.22824439568107 ], [ 77.43382965824533, 23.228283195664883 ], [ 77.433850058245326, 23.228246895680023 ], [ 77.433768258245323, 23.22820809569621 ], [ 77.433747858245312, 23.22824439568107 ] ] ] } },
{ "type": "Feature", "properties": { }, "geometry": { "type": "Polygon", "coordinates": [ [ [ 77.434655058245326, 23.226210996529364 ], [ 77.434618458245325, 23.226294496494525 ], [ 77.43477125824532, 23.226351096470921 ], [ 77.434807858245307, 23.22626759650575 ], [ 77.434655058245326, 23.226210996529364 ] ] ] } },
{ "type": "Feature", "properties": { }, "geometry": { "type": "Polygon", "coordinates": [ [ [ 77.434048258245312, 23.227817295859253 ], [ 77.434099758245338, 23.227834695851996 ], [ 77.434208358245314, 23.227562295965647 ], [ 77.434156958245296, 23.227544995972853 ], [ 77.434048258245312, 23.227817295859253 ] ] ] } },
{ "type": "Feature", "properties": { }, "geometry": { "type": "Polygon", "coordinates": [ [ [ 77.434395658245307, 23.228379895624535 ], [ 77.434495158245326, 23.22842209560693 ], [ 77.434538158245317, 23.228336395642682 ], [ 77.434438558245304, 23.228294295660252 ], [ 77.434395658245307, 23.228379895624535 ] ] ] } },
{ "type": "Feature", "properties": { }, "geometry": { "type": "Polygon", "coordinates": [ [ [ 77.434610058245326, 23.22630609648969 ], [ 77.434568058245304, 23.226402096449643 ], [ 77.434741558245307, 23.226466196422905 ], [ 77.434783558245314, 23.226370196462948 ], [ 77.434610058245326, 23.22630609648969 ] ] ] } },
{ "type": "Feature", "properties": { }, "geometry": { "type": "Polygon", "coordinates": [ [ [ 77.434225358245328, 23.228776095459242 ], [ 77.434180958245321, 23.228854895426363 ], [ 77.434296258245325, 23.228909795403464 ], [ 77.434340658245304, 23.228830995436336 ], [ 77.434225358245328, 23.228776095459242 ] ] ] } },
{ "type": "Feature", "properties": { }, "geometry": { "type": "Polygon", "coordinates": [ [ [ 77.434031758245311, 23.226280196500497 ], [ 77.433976858245302, 23.226327896480598 ], [ 77.434051758245317, 23.226400696450227 ], [ 77.434106658245312, 23.226352896470175 ], [ 77.434031758245311, 23.226280196500497 ] ] ] } },
{ "type": "Feature", "properties": { }, "geometry": { "type": "Polygon", "coordinates": [ [ [ 77.434738958245319, 23.226929096229792 ], [ 77.434719558245305, 23.226968896213187 ], [ 77.434830158245319, 23.227014496194162 ], [ 77.434849558245318, 23.226974696210767 ], [ 77.434738958245319, 23.226929096229792 ] ] ] } },
{ "type": "Feature", "properties": { }, "geometry": { "type": "Polygon", "coordinates": [ [ [ 77.435178158245307, 23.224816397111127 ], [ 77.435243558245318, 23.224816797110954 ], [ 77.435244258245319, 23.224724397149497 ], [ 77.435178858245308, 23.224723997149667 ], [ 77.435178158245307, 23.224816397111127 ] ] ] } },
{ "type": "Feature", "properties": { }, "geometry": { "type": "Polygon", "coordinates": [ [ [ 77.433355658245304, 23.225937596643416 ], [ 77.433509458245325, 23.225976096627353 ], [ 77.433530258245327, 23.225905796656672 ], [ 77.433376358245312, 23.225867396672697 ], [ 77.433355658245304, 23.225937596643416 ] ] ] } },
{ "type": "Feature", "properties": { }, "geometry": { "type": "Polygon", "coordinates": [ [ [ 77.434845958245305, 23.226372696461908 ], [ 77.434912258245305, 23.226399496450728 ], [ 77.434944458245326, 23.226332296478759 ], [ 77.434878058245303, 23.226305496489942 ], [ 77.434845958245305, 23.226372696461908 ] ] ] } },
{ "type": "Feature", "properties": { }, "geometry": { "type": "Polygon", "coordinates": [ [ [ 77.433813558245319, 23.224520297234637 ], [ 77.433864858245315, 23.224543197225078 ], [ 77.43391885824532, 23.224440897267755 ], [ 77.433867558245311, 23.224417997277307 ], [ 77.433813558245319, 23.224520297234637 ] ] ] } },
{ "type": "Feature", "properties": { }, "geometry": { "type": "Polygon", "coordinates": [ [ [ 77.435030158245311, 23.227266796088912 ], [ 77.435193258245306, 23.227334096060837 ], [ 77.435232158245327, 23.227254596093999 ], [ 77.435069058245318, 23.227187296122075 ], [ 77.435030158245311, 23.227266796088912 ] ] ] } },
{ "type": "Feature", "properties": { }, "geometry": { "type": "Polygon", "coordinates": [ [ [ 77.433866758245316, 23.226969696212851 ], [ 77.433827558245326, 23.227035296185491 ], [ 77.433994258245306, 23.2271193961504 ], [ 77.434033458245324, 23.227053796177771 ], [ 77.433866758245316, 23.226969696212851 ] ] ] } },
{ "type": "Feature", "properties": { }, "geometry": { "type": "Polygon", "coordinates": [ [ [ 77.435088558245312, 23.226369596463201 ], [ 77.435219758245324, 23.226420396442013 ], [ 77.435263358245322, 23.226330996479305 ], [ 77.435132658245308, 23.22627789650145 ], [ 77.435088558245312, 23.226369596463201 ] ] ] } },
{ "type": "Feature", "properties": { }, "geometry": { "type": "Polygon", "coordinates": [ [ [ 77.434584358245317, 23.228318295650237 ], [ 77.434719058245292, 23.228368495629297 ], [ 77.434757958245328, 23.228280395666051 ], [ 77.434623258245324, 23.228230195686994 ], [ 77.434584358245317, 23.228318295650237 ] ] ] } },
{ "type": "Feature", "properties": { }, "geometry": { "type": "Polygon", "coordinates": [ [ [ 77.433458158245315, 23.227256096093374 ], [ 77.433580558245325, 23.22726809608837 ], [ 77.433590158245323, 23.227184796123119 ], [ 77.4334677582453, 23.227172796128126 ], [ 77.433458158245315, 23.227256096093374 ] ] ] } },
{ "type": "Feature", "properties": { }, "geometry": { "type": "Polygon", "coordinates": [ [ [ 77.434911658245326, 23.226579396375676 ], [ 77.434967958245309, 23.226604296365295 ], [ 77.434993058245325, 23.22655619638536 ], [ 77.434936758245328, 23.226531296395741 ], [ 77.434911658245326, 23.226579396375676 ] ] ] } },
{ "type": "Feature", "properties": { }, "geometry": { "type": "Polygon", "coordinates": [ [ [ 77.43753315824533, 23.225082896999954 ], [ 77.437501058245317, 23.225153496970503 ], [ 77.43772905824531, 23.225240996933998 ], [ 77.437761158245308, 23.225170396963456 ], [ 77.43753315824533, 23.225082896999954 ] ] ] } },
{ "type": "Feature", "properties": { }, "geometry": { "type": "Polygon", "coordinates": [ [ [ 77.44325735824529, 23.224635897186413 ], [ 77.443410258245322, 23.224637097185916 ], [ 77.443411458245336, 23.224503997241435 ], [ 77.443258558245304, 23.224502697241977 ], [ 77.44325735824529, 23.224635897186413 ] ] ] } },
{ "type": "Feature", "properties": { }, "geometry": { "type": "Polygon", "coordinates": [ [ [ 77.434445758245317, 23.228262495673516 ], [ 77.434562658245341, 23.228310295653579 ], [ 77.434602958245321, 23.228227095688286 ], [ 77.434486058245312, 23.228179295708234 ], [ 77.434445758245317, 23.228262495673516 ] ] ] } },
{ "type": "Feature", "properties": { }, "geometry": { "type": "Polygon", "coordinates": [ [ [ 77.437430858245307, 23.224583197208403 ], [ 77.437389258245318, 23.224664197174612 ], [ 77.437621058245327, 23.224764697132692 ], [ 77.43766265824533, 23.224683597166514 ], [ 77.437430858245307, 23.224583197208403 ] ] ] } },
{ "type": "Feature", "properties": { }, "geometry": { "type": "Polygon", "coordinates": [ [ [ 77.434006358245313, 23.226693396328123 ], [ 77.434131558245312, 23.226758896300794 ], [ 77.434167358245304, 23.226701096324909 ], [ 77.434042158245319, 23.226635596352235 ], [ 77.434006358245313, 23.226693396328123 ] ] ] } },
{ "type": "Feature", "properties": { }, "geometry": { "type": "Polygon", "coordinates": [ [ [ 77.442733458245314, 23.22465189717974 ], [ 77.442879058245325, 23.224654897178489 ], [ 77.442880758245295, 23.224583297208355 ], [ 77.442735258245307, 23.224580297209606 ], [ 77.442733458245314, 23.22465189717974 ] ] ] } },
{ "type": "Feature", "properties": { }, "geometry": { "type": "Polygon", "coordinates": [ [ [ 77.435122558245311, 23.224380097293121 ], [ 77.435129658245316, 23.224525897232301 ], [ 77.43518935824531, 23.224523497233299 ], [ 77.435182158245311, 23.22437769729412 ], [ 77.435122558245311, 23.224380097293121 ] ] ] } },
{ "type": "Feature", "properties": { }, "geometry": { "type": "Polygon", "coordinates": [ [ [ 77.434997958245305, 23.22738389604006 ], [ 77.435130558245305, 23.227441696015948 ], [ 77.435179158245319, 23.227347496055248 ], [ 77.435046458245324, 23.227289796079319 ], [ 77.434997958245305, 23.22738389604006 ] ] ] } },
{ "type": "Feature", "properties": { }, "geometry": { "type": "Polygon", "coordinates": [ [ [ 77.433901758245312, 23.226903496240478 ], [ 77.433867058245312, 23.226962396215903 ], [ 77.434032758245294, 23.227044896181482 ], [ 77.434067458245323, 23.226986096206016 ], [ 77.433901758245312, 23.226903496240478 ] ] ] } },
{ "type": "Feature", "properties": { }, "geometry": { "type": "Polygon", "coordinates": [ [ [ 77.434815058245306, 23.226444796431828 ], [ 77.434884158245325, 23.226466296422863 ], [ 77.434903158245291, 23.226414796444342 ], [ 77.434834058245315, 23.226393296453313 ], [ 77.434815058245306, 23.226444796431828 ] ] ] } },
{ "type": "Feature", "properties": { }, "geometry": { "type": "Polygon", "coordinates": [ [ [ 77.433821358245311, 23.2270402961834 ], [ 77.433783058245339, 23.227101096158037 ], [ 77.433942058245322, 23.227185496122832 ], [ 77.433980258245327, 23.227124696148199 ], [ 77.433821358245311, 23.2270402961834 ] ] ] } },
{ "type": "Feature", "properties": { }, "geometry": { "type": "Polygon", "coordinates": [ [ [ 77.434273558245309, 23.22601029661309 ], [ 77.434335958245327, 23.226023696607495 ], [ 77.434356658245292, 23.225941696641701 ], [ 77.43429435824531, 23.225928396647255 ], [ 77.434273558245309, 23.22601029661309 ] ] ] } },
{ "type": "Feature", "properties": { }, "geometry": { "type": "Polygon", "coordinates": [ [ [ 77.434707958245312, 23.226177096543505 ], [ 77.434755658245308, 23.226101096575206 ], [ 77.434676358245326, 23.22605919659269 ], [ 77.43462875824531, 23.226135196560985 ], [ 77.434707958245312, 23.226177096543505 ] ] ] } },
{ "type": "Feature", "properties": { }, "geometry": { "type": "Polygon", "coordinates": [ [ [ 77.434362558245326, 23.228484095581067 ], [ 77.434324758245324, 23.228552495552528 ], [ 77.434454158245316, 23.22861269552741 ], [ 77.434491858245323, 23.228544295555945 ], [ 77.434362558245326, 23.228484095581067 ] ] ] } },
{ "type": "Feature", "properties": { }, "geometry": { "type": "Polygon", "coordinates": [ [ [ 77.434495558245317, 23.22815499571837 ], [ 77.434592958245304, 23.228197195700762 ], [ 77.434635858245329, 23.228113395735718 ], [ 77.434538458245328, 23.22807119575333 ], [ 77.434495558245317, 23.22815499571837 ] ] ] } },
{ "type": "Feature", "properties": { }, "geometry": { "type": "Polygon", "coordinates": [ [ [ 77.437691658245313, 23.224691597163179 ], [ 77.437650258245313, 23.224771397129892 ], [ 77.437879558245328, 23.22487179708801 ], [ 77.437920958245329, 23.224791997121301 ], [ 77.437691658245313, 23.224691597163179 ] ] ] } },
{ "type": "Feature", "properties": { }, "geometry": { "type": "Polygon", "coordinates": [ [ [ 77.433794458245302, 23.226501796408051 ], [ 77.433838258245302, 23.226546796389279 ], [ 77.433890858245292, 23.22650369640726 ], [ 77.433847158245314, 23.22645859642607 ], [ 77.433794458245302, 23.226501796408051 ] ] ] } },
{ "type": "Feature", "properties": { }, "geometry": { "type": "Polygon", "coordinates": [ [ [ 77.438650258245318, 23.224835197103282 ], [ 77.43880765824531, 23.224866797090097 ], [ 77.438853258245302, 23.224675197170018 ], [ 77.43869585824531, 23.224643597183206 ], [ 77.438650258245318, 23.224835197103282 ] ] ] } },
{ "type": "Feature", "properties": { }, "geometry": { "type": "Polygon", "coordinates": [ [ [ 77.433896658245303, 23.226408496446972 ], [ 77.433849458245305, 23.226450396429495 ], [ 77.433950058245316, 23.226546196389528 ], [ 77.433997358245321, 23.226504196407053 ], [ 77.433896658245303, 23.226408496446972 ] ] ] } },
{ "type": "Feature", "properties": { }, "geometry": { "type": "Polygon", "coordinates": [ [ [ 77.435064158245325, 23.227181696124411 ], [ 77.435252358245307, 23.227261296091211 ], [ 77.435301258245318, 23.227163696131925 ], [ 77.435113058245307, 23.227084096165129 ], [ 77.435064158245325, 23.227181696124411 ] ] ] } },
{ "type": "Feature", "properties": { }, "geometry": { "type": "Polygon", "coordinates": [ [ [ 77.4340070582453, 23.226703896323738 ], [ 77.433973758245315, 23.226762296299373 ], [ 77.434102958245319, 23.226824496273434 ], [ 77.434136358245325, 23.226766096297791 ], [ 77.4340070582453, 23.226703896323738 ] ] ] } },
{ "type": "Feature", "properties": { }, "geometry": { "type": "Polygon", "coordinates": [ [ [ 77.434804058245319, 23.226760896299965 ], [ 77.434767758245314, 23.226837896267838 ], [ 77.434858658245304, 23.226873996252781 ], [ 77.43487195824531, 23.226845596264628 ], [ 77.434815158245314, 23.226823096274014 ], [ 77.434838058245305, 23.226774396294328 ], [ 77.434804058245319, 23.226760896299965 ] ] ] } },
{ "type": "Feature", "properties": { }, "geometry": { "type": "Polygon", "coordinates": [ [ [ 77.434032458245312, 23.227975795793125 ], [ 77.433910858245326, 23.22792539581415 ], [ 77.433877558245314, 23.227993095785909 ], [ 77.433954258245322, 23.228024895772641 ], [ 77.433853158245313, 23.228254795676733 ], [ 77.433908058245322, 23.228275195668218 ], [ 77.434032458245312, 23.227975795793125 ] ] ] } },
{ "type": "Feature", "properties": { }, "geometry": { "type": "Polygon", "coordinates": [ [ [ 77.433674858245325, 23.224776197127888 ], [ 77.433744058245324, 23.224808397114455 ], [ 77.433861358245323, 23.224595297203347 ], [ 77.433792158245311, 23.224563197216746 ], [ 77.43376375824532, 23.224614797195219 ], [ 77.433747158245311, 23.22460709719843 ], [ 77.43372465824531, 23.224647897181413 ], [ 77.43374125824532, 23.224655597178199 ], [ 77.433674858245325, 23.224776197127888 ] ] ] } },
{ "type": "Feature", "properties": { }, "geometry": { "type": "Polygon", "coordinates": [ [ [ 77.442742358245326, 23.225331596896208 ], [ 77.442912658245305, 23.22533279689571 ], [ 77.442913758245311, 23.225199796951191 ], [ 77.442743458245303, 23.225198596951689 ], [ 77.442743258245315, 23.225223796941176 ], [ 77.442725158245324, 23.225223596941259 ], [ 77.442724658245325, 23.225283396916314 ], [ 77.442742758245316, 23.225283496916273 ], [ 77.442742358245326, 23.225331596896208 ] ] ] } },
{ "type": "Feature", "properties": { }, "geometry": { "type": "Polygon", "coordinates": [ [ [ 77.443256658245318, 23.224063397425226 ], [ 77.443255958245302, 23.224201397367665 ], [ 77.443406758245303, 23.224202097367368 ], [ 77.443406958245319, 23.224173097379463 ], [ 77.443441558245325, 23.224173197379422 ], [ 77.443441758245314, 23.22411899740203 ], [ 77.443407158245321, 23.224118897402072 ], [ 77.443407458245318, 23.224063997424977 ], [ 77.443256658245318, 23.224063397425226 ] ] ] } },
{ "type": "Feature", "properties": { }, "geometry": { "type": "Polygon", "coordinates": [ [ [ 77.43380485824531, 23.225429796855241 ], [ 77.433807058245321, 23.225420396859164 ], [ 77.433730758245318, 23.225405496865385 ], [ 77.433678458245325, 23.225630996771311 ], [ 77.433754758245314, 23.225645996765056 ], [ 77.433786058245289, 23.225510796821453 ], [ 77.433942658245343, 23.225541096808815 ], [ 77.433961258245304, 23.225459996842645 ], [ 77.43380485824531, 23.225429796855241 ] ] ] } },
{ "type": "Feature", "properties": { }, "geometry": { "type": "Polygon", "coordinates": [ [ [ 77.437567358245332, 23.223924397483206 ], [ 77.437501358245328, 23.224054597428896 ], [ 77.437807758245313, 23.224185797374169 ], [ 77.437873758245303, 23.22405569742844 ], [ 77.437649558245312, 23.223959597468518 ], [ 77.437661158245305, 23.223936697478074 ], [ 77.43762455824529, 23.223920997484623 ], [ 77.43761295824531, 23.223943997475022 ], [ 77.437567358245332, 23.223924397483206 ] ] ] } },
{ "type": "Feature", "properties": { }, "geometry": { "type": "Polygon", "coordinates": [ [ [ 77.442753358245312, 23.225588896788874 ], [ 77.44291025824532, 23.225592596787337 ], [ 77.442914358245332, 23.225443396849574 ], [ 77.442748658245307, 23.22543959685116 ], [ 77.442747958245306, 23.225467496839521 ], [ 77.442716958245313, 23.225466796839811 ], [ 77.442715358245309, 23.225523496816159 ], [ 77.442755158245305, 23.225524396815782 ], [ 77.442753358245312, 23.225588896788874 ] ] ] } },
{ "type": "Feature", "properties": { }, "geometry": { "type": "Polygon", "coordinates": [ [ [ 77.430653058245326, 23.238842091258775 ], [ 77.430797058245304, 23.238844991257565 ], [ 77.430798858245325, 23.238767991289706 ], [ 77.430654858245305, 23.238765091290922 ], [ 77.430653058245326, 23.238842091258775 ] ] ] } },
{ "type": "Feature", "properties": { }, "geometry": { "type": "Polygon", "coordinates": [ [ [ 77.427143558245319, 23.226843696265419 ], [ 77.427325058245302, 23.226833596269628 ], [ 77.427333258245326, 23.226963496215443 ], [ 77.427152758245313, 23.226974396210895 ], [ 77.427143558245319, 23.226843696265419 ] ] ] } },
{ "type": "Feature", "properties": { }, "geometry": { "type": "Polygon", "coordinates": [ [ [ 77.444251458245304, 23.228892295410766 ], [ 77.443723058245311, 23.228914495401501 ], [ 77.443741858245318, 23.22932609522978 ], [ 77.444267558245315, 23.229311295235952 ], [ 77.444251458245304, 23.228892295410766 ] ] ] } },
{ "type": "Feature", "properties": { }, "geometry": { "type": "Polygon", "coordinates": [ [ [ 77.432432158245291, 23.227348196054955 ], [ 77.432298758245295, 23.227400396033172 ], [ 77.432368558245329, 23.22755079597043 ], [ 77.432501858245317, 23.227498595992213 ], [ 77.432432158245291, 23.227348196054955 ] ] ] } },
{ "type": "Feature", "properties": { }, "geometry": { "type": "Polygon", "coordinates": [ [ [ 77.440316258245304, 23.234087593243011 ], [ 77.440418958245303, 23.234069393250603 ], [ 77.440383258245305, 23.233899393321547 ], [ 77.44028055824532, 23.233917593313947 ], [ 77.440316258245304, 23.234087593243011 ] ] ] } },
{ "type": "Feature", "properties": { }, "geometry": { "type": "Polygon", "coordinates": [ [ [ 77.438096858245316, 23.237809691689669 ], [ 77.438088658245306, 23.237891191655653 ], [ 77.438234958245303, 23.237903591650479 ], [ 77.438254158245329, 23.237711091730823 ], [ 77.43797655824531, 23.237687691740586 ], [ 77.437965558245324, 23.237798591694308 ], [ 77.438096858245316, 23.237809691689669 ] ] ] } },
{ "type": "Feature", "properties": { }, "geometry": { "type": "Polygon", "coordinates": [ [ [ 77.432289544327091, 23.240917753861702 ], [ 77.431915144327093, 23.239671654555206 ], [ 77.431704944327109, 23.239724954525546 ], [ 77.432079344327093, 23.240971053832045 ], [ 77.432289544327091, 23.240917753861702 ] ] ] } },
{ "type": "Feature", "properties": { }, "geometry": { "type": "Polygon", "coordinates": [ [ [ 77.432639544327088, 23.232104858765652 ], [ 77.432481644327098, 23.231975558837586 ], [ 77.431550244327113, 23.232936158303147 ], [ 77.431708344327092, 23.233065458231209 ], [ 77.432639544327088, 23.232104858765652 ] ] ] } },
{ "type": "Feature", "properties": { }, "geometry": { "type": "Polygon", "coordinates": [ [ [ 77.435420744327075, 23.228366860845135 ], [ 77.435993044327091, 23.227175161508018 ], [ 77.435799444327088, 23.227096561551733 ], [ 77.43522684432709, 23.228288260888853 ], [ 77.435420744327075, 23.228366860845135 ] ] ] } },
{ "type": "Feature", "properties": { }, "geometry": { "type": "Polygon", "coordinates": [ [ [ 77.435385558245329, 23.229082195331539 ], [ 77.435567258245328, 23.229160395298909 ], [ 77.435639758245301, 23.228981695373463 ], [ 77.435490858245302, 23.228894195409968 ], [ 77.435385558245329, 23.229082195331539 ] ] ] } },
{ "type": "Feature", "properties": { }, "geometry": { "type": "Polygon", "coordinates": [ [ [ 77.431235158245315, 23.230413194776204 ], [ 77.431193558245326, 23.230588094703236 ], [ 77.431357958245329, 23.230621094689468 ], [ 77.431399558245317, 23.230446294762398 ], [ 77.431235158245315, 23.230413194776204 ] ] ] } },
{ "type": "Feature", "properties": { }, "geometry": { "type": "Polygon", "coordinates": [ [ [ 77.434513258245318, 23.227316096068346 ], [ 77.434557458245308, 23.227332696061417 ], [ 77.434572758245324, 23.227301296074522 ], [ 77.434612158245329, 23.227317496067766 ], [ 77.434595158245315, 23.227352596053123 ], [ 77.434650558245323, 23.22737529604365 ], [ 77.434670358245342, 23.227334696060584 ], [ 77.434650358245307, 23.227326496064009 ], [ 77.434678658245318, 23.22726809608837 ], [ 77.434697658245327, 23.227275896085114 ], [ 77.434708758245307, 23.22725299609467 ], [ 77.434701458245314, 23.227249996095921 ], [ 77.434709158245312, 23.227233996102594 ], [ 77.434682058245329, 23.227222896107229 ], [ 77.434686858245328, 23.22721309611131 ], [ 77.434662158245303, 23.22720299611553 ], [ 77.434646558245319, 23.227235496101965 ], [ 77.434618858245315, 23.227224196106686 ], [ 77.434633358245321, 23.227194096119238 ], [ 77.434615958245317, 23.2271869961222 ], [ 77.434609958245304, 23.22719259611987 ], [ 77.434576558245311, 23.227178796125624 ], [ 77.434559758245314, 23.22721309611131 ], [ 77.434580958245306, 23.227221796107685 ], [ 77.434568358245329, 23.227247496096965 ], [ 77.434598758245329, 23.227259996091753 ], [ 77.434588458245329, 23.227275096085446 ], [ 77.434556958245324, 23.227265696089368 ], [ 77.434542758245314, 23.227290896078856 ], [ 77.434530158245323, 23.227286196080822 ], [ 77.434513258245318, 23.227316096068346 ] ] ] } },
{ "type": "Feature", "properties": { }, "geometry": { "type": "Polygon", "coordinates": [ [ [ 77.434603558245328, 23.227107696155279 ], [ 77.434647758245319, 23.227124296148364 ], [ 77.43466305824532, 23.227092896161462 ], [ 77.434702458245312, 23.227109096154702 ], [ 77.434685458245312, 23.227144196140056 ], [ 77.434740958245314, 23.227166896130594 ], [ 77.434760658245324, 23.227126196147569 ], [ 77.434740758245312, 23.227118096150949 ], [ 77.434768958245328, 23.227059696175314 ], [ 77.434787958245309, 23.227067496172058 ], [ 77.434799058245304, 23.227044496181655 ], [ 77.434791758245325, 23.227041596182858 ], [ 77.434799558245302, 23.227025596189542 ], [ 77.434772358245326, 23.227014496194162 ], [ 77.434777158245325, 23.227004696198257 ], [ 77.434752458245299, 23.226994596202463 ], [ 77.434736858245302, 23.22702699618895 ], [ 77.434709158245312, 23.227015796193623 ], [ 77.434723658245318, 23.226985696206182 ], [ 77.434706258245313, 23.22697859620915 ], [ 77.434700358245308, 23.226984196206811 ], [ 77.434666858245308, 23.226970396212561 ], [ 77.43465005824531, 23.227004596198292 ], [ 77.434671258245302, 23.227013396194629 ], [ 77.434658658245326, 23.227038996183946 ], [ 77.434689058245326, 23.22705159617869 ], [ 77.43467885824532, 23.227066696172393 ], [ 77.434647258245306, 23.227057296176316 ], [ 77.434633058245311, 23.227082496165799 ], [ 77.434620458245305, 23.227077796167755 ], [ 77.434603558245328, 23.227107696155279 ] ] ] } },
{ "type": "Feature", "properties": { }, "geometry": { "type": "Polygon", "coordinates": [ [ [ 77.434326358245329, 23.227733695894134 ], [ 77.434370658245328, 23.227750295887205 ], [ 77.434385858245321, 23.227718995900261 ], [ 77.434425358245306, 23.227735195893505 ], [ 77.434408258245327, 23.2277701958789 ], [ 77.434463758245329, 23.22779299586939 ], [ 77.434483558245304, 23.227752295886368 ], [ 77.434463558245298, 23.227744095889793 ], [ 77.434491858245323, 23.227685795914113 ], [ 77.434510858245318, 23.227693495910898 ], [ 77.434521858245304, 23.227670595920451 ], [ 77.434514658245305, 23.227667595921705 ], [ 77.434522358245317, 23.227651595928382 ], [ 77.434495258245292, 23.227640595932971 ], [ 77.434499958245326, 23.227630695937101 ], [ 77.434475358245322, 23.227620695941269 ], [ 77.434459658245316, 23.227653095927757 ], [ 77.434431958245327, 23.227641795932463 ], [ 77.434446458245304, 23.227611695945026 ], [ 77.434429058245314, 23.227604695947949 ], [ 77.434423158245323, 23.22761029594561 ], [ 77.434389658245308, 23.227596495951367 ], [ 77.434372958245305, 23.227630695937101 ], [ 77.434394058245303, 23.227639395933469 ], [ 77.434381558245306, 23.227665095922749 ], [ 77.434411858245326, 23.22767759591753 ], [ 77.434401658245307, 23.227692795911189 ], [ 77.434370058245307, 23.227683395915111 ], [ 77.434355858245297, 23.22770849590464 ], [ 77.434343358245314, 23.227703795906603 ], [ 77.434326358245329, 23.227733695894134 ] ] ] } },
{ "type": "Feature", "properties": { }, "geometry": { "type": "Polygon", "coordinates": [ [ [ 77.434239658245303, 23.227940795807729 ], [ 77.434283858245308, 23.2279573958008 ], [ 77.43429915824531, 23.227925995813898 ], [ 77.434338558245301, 23.227942195807145 ], [ 77.43432155824533, 23.227977295792499 ], [ 77.434377058245317, 23.22799999578303 ], [ 77.434396758245327, 23.227959295800012 ], [ 77.434376858245315, 23.227951195803389 ], [ 77.434405158245326, 23.227892795827753 ], [ 77.434424058245312, 23.227900595824501 ], [ 77.434435158245321, 23.227877695834053 ], [ 77.434427858245314, 23.227874695835311 ], [ 77.43443565824532, 23.227858695841981 ], [ 77.434408558245295, 23.227847595846612 ], [ 77.434413258245328, 23.227837795850697 ], [ 77.434388558245317, 23.227827695854916 ], [ 77.434372958245305, 23.227860095841393 ], [ 77.43434525824533, 23.227848895846069 ], [ 77.434359758245321, 23.227818795858624 ], [ 77.434342358245317, 23.227811695861593 ], [ 77.434336458245326, 23.227817295859253 ], [ 77.434302958245311, 23.227803495865011 ], [ 77.434286258245322, 23.227837795850697 ], [ 77.43430735824532, 23.227846495847071 ], [ 77.434294758245315, 23.227872095836393 ], [ 77.434325158245329, 23.227884695831129 ], [ 77.434314958245309, 23.227899795824833 ], [ 77.434283358245324, 23.227890395828755 ], [ 77.434269158245314, 23.227915595818242 ], [ 77.434256558245309, 23.227910895820209 ], [ 77.434239658245303, 23.227940795807729 ] ] ] } },
{ "type": "Feature", "properties": { }, "geometry": { "type": "Polygon", "coordinates": [ [ [ 77.434149358245307, 23.228155195718283 ], [ 77.434193558245312, 23.228171795711358 ], [ 77.434208858245299, 23.228140395724456 ], [ 77.434248258245304, 23.228156595717703 ], [ 77.434231258245291, 23.228191695703053 ], [ 77.434286758245307, 23.228214495693546 ], [ 77.434306458245302, 23.228173795710521 ], [ 77.434286558245319, 23.228165595713939 ], [ 77.434314858245315, 23.228107195738307 ], [ 77.434333758245302, 23.228114995735059 ], [ 77.434344858245325, 23.228092095744607 ], [ 77.434337558245332, 23.228089095745858 ], [ 77.434345358245295, 23.228073095752528 ], [ 77.434318258245327, 23.228062095757124 ], [ 77.434322958245303, 23.228052195761251 ], [ 77.43429825824532, 23.228042195765422 ], [ 77.434282658245309, 23.228074595751906 ], [ 77.434254958245319, 23.228063295756623 ], [ 77.434269458245311, 23.228033195769179 ], [ 77.43425205824532, 23.228026095772144 ], [ 77.434246158245315, 23.228031795769763 ], [ 77.434212658245329, 23.228017895775558 ], [ 77.434195958245311, 23.228052195761251 ], [ 77.434217058245324, 23.228060895757618 ], [ 77.434204458245318, 23.228086595746905 ], [ 77.434234858245304, 23.228099095741687 ], [ 77.434224658245327, 23.228114295735345 ], [ 77.434193058245313, 23.228104895739271 ], [ 77.434178858245318, 23.228129995728796 ], [ 77.434166258245313, 23.228125295730752 ], [ 77.434149358245307, 23.228155195718283 ] ] ] } },
{ "type": "Feature", "properties": { }, "geometry": { "type": "Polygon", "coordinates": [ [ [ 77.434055458245311, 23.228356495634298 ], [ 77.434099758245338, 23.228373095627376 ], [ 77.434114958245331, 23.228341695640477 ], [ 77.434154458245317, 23.228357895633717 ], [ 77.434137358245309, 23.228392995619071 ], [ 77.434192858245325, 23.22841579560956 ], [ 77.434212658245329, 23.228375095626543 ], [ 77.434192658245308, 23.228366895629964 ], [ 77.434220958245319, 23.228308495654325 ], [ 77.43423985824532, 23.228316295651073 ], [ 77.434250958245315, 23.228293395660625 ], [ 77.434243758245302, 23.22829039566188 ], [ 77.434251458245313, 23.228274395668553 ], [ 77.434224358245302, 23.228263295673184 ], [ 77.434229058245322, 23.228253495677276 ], [ 77.434204458245318, 23.228243395681485 ], [ 77.434188758245313, 23.228275895667927 ], [ 77.434161058245309, 23.228264595672641 ], [ 77.434175558245315, 23.228234495685193 ], [ 77.43415815824531, 23.228227395688158 ], [ 77.434152258245319, 23.228232995685818 ], [ 77.434118758245305, 23.228219195691583 ], [ 77.43410205824533, 23.228253495677276 ], [ 77.434123158245313, 23.228262195673643 ], [ 77.434110658245302, 23.22828789566292 ], [ 77.434140958245308, 23.228300395657712 ], [ 77.434130758245288, 23.228315495651408 ], [ 77.434099158245303, 23.228306195655286 ], [ 77.434084958245307, 23.228331295644811 ], [ 77.434072458245325, 23.228326595646774 ], [ 77.434055458245311, 23.228356495634298 ] ] ] } },
{ "type": "Feature", "properties": { }, "geometry": { "type": "Polygon", "coordinates": [ [ [ 77.433966058245318, 23.22856519554723 ], [ 77.434010258245308, 23.228581795540304 ], [ 77.434025558245295, 23.228550395553409 ], [ 77.434065058245324, 23.228566595546649 ], [ 77.434047958245287, 23.228601695532003 ], [ 77.434103458245303, 23.22862439552253 ], [ 77.434123158245313, 23.228583795539471 ], [ 77.434103258245329, 23.228575595542893 ], [ 77.434131558245312, 23.228517195567264 ], [ 77.434150458245313, 23.228524995564001 ], [ 77.434161558245322, 23.228502095573557 ], [ 77.434154358245323, 23.228499095574804 ], [ 77.43416205824532, 23.228483095581485 ], [ 77.434134958245323, 23.228471995586112 ], [ 77.4341396582453, 23.2284621955902 ], [ 77.434115058245325, 23.22845209559441 ], [ 77.434099358245319, 23.228484595580859 ], [ 77.43407165824533, 23.228473295585573 ], [ 77.434086158245307, 23.228443195598132 ], [ 77.434068758245317, 23.22843609560109 ], [ 77.434062858245326, 23.228441695598757 ], [ 77.434029358245326, 23.228427895604511 ], [ 77.434012658245308, 23.2284621955902 ], [ 77.43403375824532, 23.228470895586568 ], [ 77.434021258245309, 23.228496595575848 ], [ 77.434051558245315, 23.228509095570633 ], [ 77.434041358245324, 23.228524195564336 ], [ 77.43400975824531, 23.228514795568259 ], [ 77.433995558245329, 23.228539995557743 ], [ 77.433982958245295, 23.228535295559706 ], [ 77.433966058245318, 23.22856519554723 ] ] ] } },
{ "type": "Feature", "properties": { }, "geometry": { "type": "Polygon", "coordinates": [ [ [ 77.433867758245327, 23.228773095460493 ], [ 77.433911958245318, 23.228789695453568 ], [ 77.433927258245319, 23.228758295466669 ], [ 77.433966658245325, 23.228774495459909 ], [ 77.433949658245311, 23.228809595445266 ], [ 77.434005058245305, 23.228832295435797 ], [ 77.434024858245323, 23.22879159545278 ], [ 77.434004858245316, 23.228783395456198 ], [ 77.434033158245313, 23.22872509548052 ], [ 77.434052158245322, 23.228732795477303 ], [ 77.434063258245303, 23.228709895486858 ], [ 77.434055958245324, 23.228706995488064 ], [ 77.434063658245293, 23.228690995494748 ], [ 77.434036558245324, 23.228679895499376 ], [ 77.434041358245324, 23.228669995503509 ], [ 77.434016658245312, 23.22865999550768 ], [ 77.434001058245315, 23.228692395494161 ], [ 77.433973358245311, 23.228681195498833 ], [ 77.433987858245303, 23.228651095511392 ], [ 77.433970458245312, 23.228643995514357 ], [ 77.433964458245313, 23.228649595512021 ], [ 77.433931058245321, 23.228635795517771 ], [ 77.433914258245309, 23.228669995503509 ], [ 77.433935458245344, 23.228678795499839 ], [ 77.433922858245339, 23.228704395489157 ], [ 77.43395325824531, 23.228716895483945 ], [ 77.433942958245325, 23.228732095477596 ], [ 77.433911458245305, 23.228722695481519 ], [ 77.433897258245324, 23.228747895471006 ], [ 77.433884658245319, 23.228743095473007 ], [ 77.433867758245327, 23.228773095460493 ] ] ] } },
{ "type": "Feature", "properties": { }, "geometry": { "type": "Polygon", "coordinates": [ [ [ 77.433369358245329, 23.229386395204621 ], [ 77.433406658245303, 23.229413695193227 ], [ 77.433430958245324, 23.229387595204116 ], [ 77.433463858245318, 23.229413295193396 ], [ 77.433436758245307, 23.229442595181169 ], [ 77.433482958245293, 23.229478695166112 ], [ 77.433514358245304, 23.22944479518025 ], [ 77.433497758245323, 23.229431795185683 ], [ 77.433542758245324, 23.229383095205989 ], [ 77.433558558245295, 23.229395495200816 ], [ 77.433576258245296, 23.229376395208789 ], [ 77.433570158245303, 23.229371595210786 ], [ 77.43358255824532, 23.229358295216343 ], [ 77.433559858245303, 23.229340595223725 ], [ 77.433567458245307, 23.22933239522715 ], [ 77.433546858245307, 23.229316395233823 ], [ 77.433521958245308, 23.229343495222519 ], [ 77.433498858245315, 23.229325495230029 ], [ 77.433521958245308, 23.229300395240497 ], [ 77.433507458245288, 23.229289095245214 ], [ 77.433499958245307, 23.229292895243624 ], [ 77.433472158245308, 23.229270995252762 ], [ 77.433445558245339, 23.229299495240866 ], [ 77.433463158245317, 23.229313395235074 ], [ 77.433443258245305, 23.229334795226144 ], [ 77.433468558245295, 23.229354595217885 ], [ 77.433454058245303, 23.229366495212922 ], [ 77.433426658245324, 23.229349395220055 ], [ 77.433405358245324, 23.229369795211543 ], [ 77.433394758245328, 23.229361995214798 ], [ 77.433369358245329, 23.229386395204621 ] ] ] } },
{ "type": "Feature", "properties": { }, "geometry": { "type": "Polygon", "coordinates": [ [ [ 77.433208958245302, 23.229553695134811 ], [ 77.433246358245313, 23.229580995123424 ], [ 77.433270558245312, 23.229554895134317 ], [ 77.433303458245305, 23.229580595123597 ], [ 77.433276358245323, 23.229609895111366 ], [ 77.433322658245302, 23.229646095096264 ], [ 77.433354058245314, 23.229612095110454 ], [ 77.433337458245319, 23.22959909511588 ], [ 77.433382458245319, 23.229550395136194 ], [ 77.433398258245305, 23.22956279513102 ], [ 77.433415958245305, 23.22954369513899 ], [ 77.433409858245312, 23.229538895140994 ], [ 77.433422158245321, 23.229525595146537 ], [ 77.433399558245313, 23.229507995153881 ], [ 77.433407158245302, 23.229499695157351 ], [ 77.433386558245303, 23.229483695164017 ], [ 77.433361658245289, 23.229510795152713 ], [ 77.433338458245316, 23.229492795160226 ], [ 77.433361658245289, 23.229467695170694 ], [ 77.433347058245317, 23.229456395175411 ], [ 77.433339658245302, 23.229460195173825 ], [ 77.433311758245324, 23.229438295182963 ], [ 77.433285258245306, 23.229466895171029 ], [ 77.433302858245312, 23.229480695165268 ], [ 77.433282958245314, 23.229502095156342 ], [ 77.433308258245305, 23.229521895148086 ], [ 77.433293758245298, 23.229533795143119 ], [ 77.433266358245319, 23.229516695150259 ], [ 77.433244958245311, 23.229537095141747 ], [ 77.433234358245315, 23.229529295144996 ], [ 77.433208958245302, 23.229553695134811 ] ] ] } },
{ "type": "Feature", "properties": { }, "geometry": { "type": "Polygon", "coordinates": [ [ [ 77.433045758245314, 23.229715095067476 ], [ 77.433083058245316, 23.229742395056086 ], [ 77.433107258245315, 23.229716295066979 ], [ 77.433140158245308, 23.229741995056255 ], [ 77.433113058245326, 23.229771295044028 ], [ 77.433159358245319, 23.229807395028967 ], [ 77.433190758245317, 23.229773495043116 ], [ 77.433174158245322, 23.229760495048538 ], [ 77.433219158245322, 23.229711795068855 ], [ 77.433234958245322, 23.229724195063675 ], [ 77.433252658245323, 23.229705095071647 ], [ 77.43324655824533, 23.229700295073656 ], [ 77.43325885824531, 23.229686995079202 ], [ 77.433236258245287, 23.229669295086588 ], [ 77.433243858245305, 23.229661095090009 ], [ 77.43322325824532, 23.229645095096682 ], [ 77.43319835824532, 23.229672195085378 ], [ 77.433175158245305, 23.229654195092888 ], [ 77.43319835824532, 23.229629095103359 ], [ 77.43318375824532, 23.229617795108073 ], [ 77.433176358245291, 23.22962159510649 ], [ 77.433148458245327, 23.229599695115624 ], [ 77.433121958245323, 23.229628195103732 ], [ 77.433139558245315, 23.229642095097933 ], [ 77.433119658245303, 23.229663495089007 ], [ 77.433144958245322, 23.229683295080743 ], [ 77.433130458245301, 23.229695195075784 ], [ 77.433103058245322, 23.229677995082959 ], [ 77.4330816582453, 23.229698495074402 ], [ 77.433071158245298, 23.229690695077654 ], [ 77.433045758245314, 23.229715095067476 ] ] ] } },
{ "type": "Feature", "properties": { }, "geometry": { "type": "Polygon", "coordinates": [ [ [ 77.432863158245326, 23.229856795008356 ], [ 77.432898258245302, 23.229886594995921 ], [ 77.43292445824531, 23.229862095006144 ], [ 77.432955258245315, 23.229889894994546 ], [ 77.43292595824532, 23.229917294983114 ], [ 77.432969258245336, 23.229956494966757 ], [ 77.433003258245307, 23.229924694980028 ], [ 77.43298765824531, 23.22991059498591 ], [ 77.433036358245303, 23.229864995004931 ], [ 77.433051158245306, 23.229878394999346 ], [ 77.433070258245309, 23.229860495006815 ], [ 77.433064658245314, 23.22985539500894 ], [ 77.43307795824532, 23.2298427950142 ], [ 77.433056758245314, 23.229823795022128 ], [ 77.433064958245325, 23.229816095025335 ], [ 77.433045658245334, 23.229798695032599 ], [ 77.433018658245331, 23.229824095022 ], [ 77.432997058245334, 23.229804595030132 ], [ 77.433022058245314, 23.229781095039932 ], [ 77.433008458245311, 23.229768895045027 ], [ 77.433000758245328, 23.229772195043648 ], [ 77.432974658245314, 23.229748495053542 ], [ 77.432945958245327, 23.229775195042407 ], [ 77.432962358245319, 23.229790195036141 ], [ 77.432940858245303, 23.229810195027799 ], [ 77.432964558245303, 23.229831695018831 ], [ 77.43294925824533, 23.229842595014283 ], [ 77.432923158245302, 23.229823695022169 ], [ 77.432900358245305, 23.229842695014241 ], [ 77.432890358245317, 23.22983419501778 ], [ 77.432863158245326, 23.229856795008356 ] ] ] } },
{ "type": "Feature", "properties": { }, "geometry": { "type": "Polygon", "coordinates": [ [ [ 77.432646658245318, 23.229932494976772 ], [ 77.432664758245323, 23.229973094959838 ], [ 77.432699858245314, 23.229961194964801 ], [ 77.432714858245319, 23.229998394949281 ], [ 77.43267575824531, 23.230011794943678 ], [ 77.432696958245288, 23.230064094921858 ], [ 77.432742358245306, 23.230048494928376 ], [ 77.432734758245303, 23.230029694936217 ], [ 77.432799858245303, 23.23000739494552 ], [ 77.432807158245296, 23.230025294938052 ], [ 77.432832658245317, 23.230016494941726 ], [ 77.432829858245313, 23.230009694944563 ], [ 77.432847758245302, 23.230003494947148 ], [ 77.432837358245308, 23.229977994957785 ], [ 77.432848358245309, 23.229974194959375 ], [ 77.43283885824529, 23.229950994969052 ], [ 77.432802658245308, 23.229963394963878 ], [ 77.432792058245326, 23.22993739497473 ], [ 77.432825558245312, 23.229925794979568 ], [ 77.432818858245312, 23.229909394986411 ], [ 77.432810358245305, 23.229909494986373 ], [ 77.43279765824532, 23.229877894999554 ], [ 77.432759358245306, 23.229890894994131 ], [ 77.432767358245314, 23.22991079498583 ], [ 77.432738658245341, 23.229920594981735 ], [ 77.432750158245312, 23.229949294969764 ], [ 77.432731258245312, 23.229953194968132 ], [ 77.432716358245315, 23.22992589497953 ], [ 77.432686858245319, 23.229934194976067 ], [ 77.432681758245295, 23.229922694980857 ], [ 77.432646658245318, 23.229932494976772 ] ] ] } },
{ "type": "Feature", "properties": { }, "geometry": { "type": "Polygon", "coordinates": [ [ [ 77.432422958245326, 23.230007694945396 ], [ 77.432441058245303, 23.230048294928459 ], [ 77.4324760582453, 23.230036294933466 ], [ 77.432491158245341, 23.230073594917901 ], [ 77.432451958245309, 23.230086994912313 ], [ 77.432473158245315, 23.230139294890492 ], [ 77.432518658245314, 23.230123694896996 ], [ 77.432510958245302, 23.230104894904848 ], [ 77.432576158245311, 23.230082594914144 ], [ 77.43258335824531, 23.230100494906679 ], [ 77.432608958245311, 23.230091694910346 ], [ 77.432606158245292, 23.230084794913232 ], [ 77.43262395824533, 23.230078694915782 ], [ 77.432613558245322, 23.230053194926416 ], [ 77.432624558245308, 23.230049394927999 ], [ 77.432615058245304, 23.230026194937675 ], [ 77.432578958245315, 23.230038594932502 ], [ 77.432568358245305, 23.230012594943354 ], [ 77.432601858245306, 23.230000994948192 ], [ 77.43259515824532, 23.229984594955031 ], [ 77.432586658245313, 23.22998469495499 ], [ 77.432573958245328, 23.229952994968219 ], [ 77.432535558245306, 23.229965994962797 ], [ 77.432543558245314, 23.229985994954447 ], [ 77.432514858245327, 23.229995794950362 ], [ 77.43252645824532, 23.230024394938429 ], [ 77.432507458245325, 23.23002839493676 ], [ 77.432492658245323, 23.230001094948147 ], [ 77.432463158245312, 23.230009394944688 ], [ 77.432458058245317, 23.229997794949526 ], [ 77.432422958245326, 23.230007694945396 ] ] ] } },
{ "type": "Feature", "properties": { }, "geometry": { "type": "Polygon", "coordinates": [ [ [ 77.432194958245319, 23.230087894911936 ], [ 77.432213058245324, 23.230128494894991 ], [ 77.432248058245307, 23.230116594899961 ], [ 77.432263158245334, 23.230153794884441 ], [ 77.432223958245288, 23.230167194878845 ], [ 77.432245158245323, 23.230219494857025 ], [ 77.432290658245307, 23.230203894863532 ], [ 77.432282958245338, 23.230185094871381 ], [ 77.43234815824529, 23.230162794880687 ], [ 77.432355358245289, 23.230180694873216 ], [ 77.432380958245318, 23.230171894876889 ], [ 77.432378158245328, 23.230165094879727 ], [ 77.432395958245323, 23.230158894882308 ], [ 77.432385558245315, 23.230133394892949 ], [ 77.43239655824533, 23.230129594894539 ], [ 77.432387058245325, 23.230106394904219 ], [ 77.432350958245308, 23.230118794899049 ], [ 77.432340358245327, 23.230092794909893 ], [ 77.432373858245313, 23.230081194914728 ], [ 77.432367158245299, 23.230064794921574 ], [ 77.432358658245292, 23.230064894921533 ], [ 77.432345958245321, 23.230033294934714 ], [ 77.432307558245313, 23.230046294929291 ], [ 77.432315658245301, 23.230066194920987 ], [ 77.43228685824532, 23.230075994916898 ], [ 77.432298458245313, 23.230104694904927 ], [ 77.432279458245304, 23.230108594903296 ], [ 77.432264658245302, 23.23008129491469 ], [ 77.432235158245305, 23.230089594911224 ], [ 77.43223005824531, 23.230078094916031 ], [ 77.432194958245319, 23.230087894911936 ] ] ] } },
{ "type": "Feature", "properties": { }, "geometry": { "type": "Polygon", "coordinates": [ [ [ 77.431905058245306, 23.236449792257222 ], [ 77.432033758245311, 23.236435492263197 ], [ 77.431998858245322, 23.236170592373742 ], [ 77.431870158245317, 23.236184892367778 ], [ 77.431905058245306, 23.236449792257222 ] ] ] } }
]
}
