{
"type": "FeatureCollection",
"name": "shadows_9am",
"crs": { "type": "name", "properties": { "name": "urn:ogc:def:crs:OGC:1.3:CRS84" } },
"features": [
{ "type": "Feature", "properties": { }, "geometry": { "type": "Polygon", "coordinates": [ [ [ 77.427385454542033, 23.23688034568972 ], [ 77.427450354542032, 23.236835445703669 ], [ 77.427591454542039, 23.236947345668913 ], [ 77.427683554542014, 23.236869945692955 ], [ 77.427795054542031, 23.236945245669567 ], [ 77.427940754542021, 23.236808245712119 ], [ 77.428013554542034, 23.236863645694903 ], [ 77.428185354542023, 23.236700545745563 ], [ 77.428125054542022, 23.236651445760817 ], [ 77.428212654542037, 23.236567745786811 ], [ 77.428139854542039, 23.236509245804982 ], [ 77.428117054542028, 23.236518645802061 ], [ 77.427955554542038, 23.236396345840042 ], [ 77.428039754542027, 23.236317945864393 ], [ 77.428189854542012, 23.236384845843613 ], [ 77.42827405454203, 23.236306445867967 ], [ 77.428153454542013, 23.236177845907907 ], [ 77.428203554542037, 23.236121345925458 ], [ 77.428029454542013, 23.23598544596766 ], [ 77.42792935454203, 23.236071145941043 ], [ 77.427875854542037, 23.236046045948843 ], [ 77.427639254542015, 23.236262545881605 ], [ 77.427613054542036, 23.23624364588747 ], [ 77.427512954542038, 23.236324245862441 ], [ 77.427544754542026, 23.236350345854333 ], [ 77.427291054542039, 23.236593945778669 ], [ 77.427332054542035, 23.236627345768309 ], [ 77.427228454542032, 23.236725645737771 ], [ 77.427233054542029, 23.236745545731591 ], [ 77.427385454542033, 23.23688034568972 ] ], [ [ 77.427752954542029, 23.236316845864735 ], [ 77.427853154542035, 23.236231145891349 ], [ 77.427978254542026, 23.236295945871223 ], [ 77.427863354542026, 23.236383745843955 ], [ 77.427752954542029, 23.236316845864735 ] ], [ [ 77.427747254542027, 23.236590745779672 ], [ 77.427858854542038, 23.2364663458183 ], [ 77.428004454542034, 23.236567745786811 ], [ 77.42787015454202, 23.236690145748788 ], [ 77.427747254542027, 23.236590745779672 ] ] ] } },
{ "type": "Feature", "properties": { }, "geometry": { "type": "Polygon", "coordinates": [ [ [ 77.426134354542029, 23.239214344964786 ], [ 77.42613265454203, 23.239157144982549 ], [ 77.426204354542037, 23.239058545013183 ], [ 77.426128454542038, 23.239011945027652 ], [ 77.426200854542031, 23.238961745043241 ], [ 77.426123954542021, 23.238859845074895 ], [ 77.426121754542038, 23.238783445098623 ], [ 77.426054654542028, 23.238785145098099 ], [ 77.425941054542037, 23.238710145121395 ], [ 77.425879954542026, 23.238788445097068 ], [ 77.425826954542032, 23.238718245118882 ], [ 77.425708554542027, 23.238793645095459 ], [ 77.425702554542028, 23.238793845095397 ], [ 77.425701254542034, 23.238749445109189 ], [ 77.425763754542032, 23.238663445135902 ], [ 77.425697554542026, 23.238622645148574 ], [ 77.425696954542033, 23.238603345154569 ], [ 77.425767354542032, 23.238558545168477 ], [ 77.425692754542013, 23.238459645199207 ], [ 77.425690754542032, 23.23839054522066 ], [ 77.425591454542015, 23.238393045219887 ], [ 77.425495254542028, 23.238329545239615 ], [ 77.425442854542027, 23.238396645218771 ], [ 77.425431954542034, 23.238396945218675 ], [ 77.425381154542038, 23.238329545239615 ], [ 77.425269054542028, 23.238400945217435 ], [ 77.425197154542033, 23.238402745216877 ], [ 77.425199154542014, 23.238473345194944 ], [ 77.425126654542026, 23.238573045163978 ], [ 77.425185854542036, 23.238609445152672 ], [ 77.425117354542039, 23.238677045131674 ], [ 77.425207354542039, 23.238754145107727 ], [ 77.425212554542014, 23.238930845052842 ], [ 77.425134354542024, 23.238932745052246 ], [ 77.425138954542035, 23.239090845003144 ], [ 77.425150754542031, 23.239090545003236 ], [ 77.425218854542038, 23.239148844985131 ], [ 77.425222254542021, 23.239262544949813 ], [ 77.425145954542032, 23.239360144919491 ], [ 77.425214654542017, 23.239405444905426 ], [ 77.425149454542037, 23.23946984488542 ], [ 77.425230254542015, 23.239538944863956 ], [ 77.425233254542036, 23.239640844832305 ], [ 77.425318554542031, 23.239638744832959 ], [ 77.425421554542012, 23.239702044813299 ], [ 77.425470254542034, 23.23963504483411 ], [ 77.425482454542035, 23.239634744834195 ], [ 77.425535654542017, 23.239705244812303 ], [ 77.425653054542025, 23.239630544835506 ], [ 77.425726854542035, 23.239628744836065 ], [ 77.425724054542016, 23.239532444865979 ], [ 77.425781354542025, 23.239453644890453 ], [ 77.425720654542033, 23.239416444902005 ], [ 77.425719854542038, 23.239386944911171 ], [ 77.425779554542032, 23.239348844923008 ], [ 77.425716254542039, 23.239264844949098 ], [ 77.425715354542035, 23.239233644958787 ], [ 77.425839254542026, 23.239298844938531 ], [ 77.425863254542037, 23.239260344950498 ], [ 77.425919354542032, 23.23926094495031 ], [ 77.425951654542033, 23.239303644937042 ], [ 77.426090154542038, 23.239215444964437 ], [ 77.426134354542029, 23.239214344964786 ] ], [ [ 77.425599954542037, 23.238747045109935 ], [ 77.425286954542031, 23.238753745107854 ], [ 77.425279954542034, 23.238476345194016 ], [ 77.425592954542026, 23.238469645196101 ], [ 77.425599954542037, 23.238747045109935 ] ], [ [ 77.426043654542013, 23.239129444991157 ], [ 77.425732854542034, 23.239131144990626 ], [ 77.425731054542013, 23.238865045073275 ], [ 77.426041954542029, 23.238863345073813 ], [ 77.426043654542013, 23.239129444991157 ] ], [ [ 77.425615254542038, 23.239213744964971 ], [ 77.425304554542038, 23.239215044964567 ], [ 77.425302754542017, 23.238847345078778 ], [ 77.425613454542017, 23.238846045079189 ], [ 77.42567865454204, 23.238927245053958 ], [ 77.42567865454204, 23.239158444982145 ], [ 77.425615254542038, 23.239213744964971 ] ], [ [ 77.42561945454203, 23.239527644867472 ], [ 77.425313354542027, 23.239534344865383 ], [ 77.42530635454203, 23.239263444949533 ], [ 77.425612454542019, 23.239256744951611 ], [ 77.42561945454203, 23.239527644867472 ] ] ] } },
{ "type": "Feature", "properties": { }, "geometry": { "type": "Polygon", "coordinates": [ [ [ 77.430299354542029, 23.240786944476287 ], [ 77.430040054542019, 23.240243044645243 ], [ 77.429926054542037, 23.240288944630986 ], [ 77.429988454542027, 23.240419744590362 ], [ 77.429945654542038, 23.240436944585017 ], [ 77.429929154542037, 23.240402244595796 ], [ 77.429707454542026, 23.240491544568052 ], [ 77.429681754542017, 23.240561344546379 ], [ 77.429712154542031, 23.240625144526554 ], [ 77.429732654542022, 23.240616944529101 ], [ 77.429746354542033, 23.240645844520127 ], [ 77.429677354542036, 23.240673644511489 ], [ 77.429772754542014, 23.240873944449273 ], [ 77.429726954542033, 23.240892344443555 ], [ 77.429776954542035, 23.240997144410997 ], [ 77.430299354542029, 23.240786944476287 ] ], [ [ 77.429842754542037, 23.240626244526215 ], [ 77.430048254542029, 23.24054414455172 ], [ 77.430132554542027, 23.240722144496427 ], [ 77.429927054542034, 23.240804344470885 ], [ 77.429842754542037, 23.240626244526215 ] ] ] } },
{ "type": "Feature", "properties": { }, "geometry": { "type": "Polygon", "coordinates": [ [ [ 77.428285254542018, 23.24011574468479 ], [ 77.428506454542031, 23.239785144787483 ], [ 77.428139154542038, 23.239577644851938 ], [ 77.427917954542039, 23.239908244749245 ], [ 77.428285254542018, 23.24011574468479 ] ], [ [ 77.428159354542032, 23.239820944776358 ], [ 77.428288754542024, 23.239894044753655 ], [ 77.42824245454203, 23.239963244732163 ], [ 77.428113054542038, 23.239890144754867 ], [ 77.428159354542032, 23.239820944776358 ] ] ] } },
{ "type": "Feature", "properties": { }, "geometry": { "type": "Polygon", "coordinates": [ [ [ 77.42950105454203, 23.24046054457769 ], [ 77.429620454542032, 23.24013434467901 ], [ 77.429266654542019, 23.240025144712931 ], [ 77.429147254542031, 23.240351244611634 ], [ 77.42950105454203, 23.24046054457769 ] ], [ [ 77.429320954542035, 23.240242444645425 ], [ 77.429275454542037, 23.240231944648698 ], [ 77.429284854542033, 23.240197444659408 ], [ 77.42933045454204, 23.240207944656152 ], [ 77.429333554542012, 23.240196744659627 ], [ 77.429447454542014, 23.240223144651438 ], [ 77.429442854542032, 23.240239944646213 ], [ 77.429485754542029, 23.240249944643104 ], [ 77.429475354542035, 23.240287844631336 ], [ 77.429432454542038, 23.240277844634441 ], [ 77.429413554542037, 23.240346344613162 ], [ 77.429299654542035, 23.240319944621362 ], [ 77.429320954542035, 23.240242444645425 ] ] ] } },
{ "type": "Feature", "properties": { }, "geometry": { "type": "Polygon", "coordinates": [ [ [ 77.427764754542039, 23.237158445603345 ], [ 77.427739354542041, 23.237133645611049 ], [ 77.427668154542033, 23.237195145591951 ], [ 77.427693554542032, 23.237219945584243 ], [ 77.427686554542035, 23.237379245534768 ], [ 77.427659054542019, 23.23740304552738 ], [ 77.42785395454203, 23.237593545468208 ], [ 77.427886954542032, 23.237564945477097 ], [ 77.427924054542032, 23.237601245465818 ], [ 77.427987154542038, 23.23760434546486 ], [ 77.428038654542036, 23.237559845478675 ], [ 77.428075054542035, 23.23759534546765 ], [ 77.427980354542029, 23.237677145442241 ], [ 77.428014154542026, 23.237710245431966 ], [ 77.42819115454202, 23.237557445479428 ], [ 77.428131954542039, 23.237499645497373 ], [ 77.42818675454204, 23.237452245512095 ], [ 77.427829254542033, 23.237102745620653 ], [ 77.427764754542039, 23.237158445603345 ] ], [ [ 77.427809954542013, 23.2372281455817 ], [ 77.42789345454203, 23.237298645559807 ], [ 77.427873154542013, 23.237319045553463 ], [ 77.427892054542028, 23.237334945548525 ], [ 77.427855254542038, 23.237371745537104 ], [ 77.427793854542031, 23.237319845553223 ], [ 77.427809954542013, 23.2372281455817 ] ], [ [ 77.427950454542028, 23.237367045538559 ], [ 77.428045654542032, 23.237449445512965 ], [ 77.428027054542028, 23.237467545507343 ], [ 77.427884154542028, 23.237464645508243 ], [ 77.427835354542026, 23.237422445521354 ], [ 77.42790565454203, 23.237353845542664 ], [ 77.427936554542029, 23.237380545534368 ], [ 77.427950454542028, 23.237367045538559 ] ] ] } },
{ "type": "Feature", "properties": { }, "geometry": { "type": "Polygon", "coordinates": [ [ [ 77.429323654542031, 23.238450845201932 ], [ 77.429333754542014, 23.238400245217651 ], [ 77.429379054542039, 23.238407845215292 ], [ 77.429413554542037, 23.2382339452693 ], [ 77.429362754542012, 23.238225445271947 ], [ 77.429377554542029, 23.238150845295113 ], [ 77.428983054542016, 23.238084845315612 ], [ 77.428968954542029, 23.238155945293528 ], [ 77.428940354542036, 23.238151145295024 ], [ 77.428905454542019, 23.238326945240416 ], [ 77.428952954542027, 23.238334845237958 ], [ 77.428942654542027, 23.238387045221753 ], [ 77.429323654542031, 23.238450845201932 ] ], [ [ 77.429037754542037, 23.238188045283561 ], [ 77.429238554542039, 23.238221645273121 ], [ 77.429213354542028, 23.238348845233613 ], [ 77.429012554542027, 23.238315245244053 ], [ 77.429037754542037, 23.238188045283561 ] ] ] } },
{ "type": "Feature", "properties": { }, "geometry": { "type": "Polygon", "coordinates": [ [ [ 77.426533454542039, 23.238427145209297 ], [ 77.426642654542022, 23.238433445207338 ], [ 77.427147854542028, 23.237954545356089 ], [ 77.426817854542037, 23.237647245451534 ], [ 77.426840654542033, 23.237626345458025 ], [ 77.426498854542032, 23.237335845548248 ], [ 77.426430754542039, 23.237404745526849 ], [ 77.426402054542038, 23.237380445534402 ], [ 77.426358654542028, 23.237424245520792 ], [ 77.426338954542032, 23.237407545525983 ], [ 77.426307654542029, 23.237439145516163 ], [ 77.426342154542027, 23.237467945507227 ], [ 77.426284754542039, 23.237526045489172 ], [ 77.426250254542026, 23.237497245498119 ], [ 77.426188454542029, 23.237559745478713 ], [ 77.426215454542032, 23.23758274547157 ], [ 77.426149754542038, 23.237649145450945 ], [ 77.426171954542014, 23.237667945445107 ], [ 77.426003554542035, 23.237838345392177 ], [ 77.42589855454203, 23.23785214538789 ], [ 77.426533454542039, 23.238427145209297 ] ], [ [ 77.426357454542014, 23.237921745366272 ], [ 77.426543854542032, 23.23774184542215 ], [ 77.426766854542038, 23.237936945361554 ], [ 77.42658045454202, 23.238116845305676 ], [ 77.426357454542014, 23.237921745366272 ] ] ] } },
{ "type": "Feature", "properties": { }, "geometry": { "type": "Polygon", "coordinates": [ [ [ 77.427685554542037, 23.239044445017552 ], [ 77.427706254542031, 23.239016445026248 ], [ 77.42773985454204, 23.239037445019736 ], [ 77.427719054542038, 23.239065345011063 ], [ 77.427800554542031, 23.239116444995194 ], [ 77.427824654542036, 23.239083845005318 ], [ 77.427864654542034, 23.239108944997522 ], [ 77.427901454542024, 23.239059445012906 ], [ 77.427926154542035, 23.239074945008088 ], [ 77.427960954542044, 23.239027845022708 ], [ 77.427936254542033, 23.239012445027498 ], [ 77.427963954542037, 23.238975145039081 ], [ 77.427834154542026, 23.238893845064336 ], [ 77.427815954542027, 23.238918445056687 ], [ 77.427782454542026, 23.238897445063209 ], [ 77.42780065454204, 23.238872845070858 ], [ 77.427694954542034, 23.238806645091419 ], [ 77.427571554542013, 23.238973045039739 ], [ 77.427685554542037, 23.239044445017552 ] ], [ [ 77.427791354542038, 23.239014345026909 ], [ 77.427827054542036, 23.238966245041848 ], [ 77.427874154542039, 23.238995745032682 ], [ 77.427838454542027, 23.23904384501774 ], [ 77.427791354542038, 23.239014345026909 ] ] ] } },
{ "type": "Feature", "properties": { }, "geometry": { "type": "Polygon", "coordinates": [ [ [ 77.426443654542027, 23.240652044518203 ], [ 77.426456454542034, 23.240632344524322 ], [ 77.426587654542018, 23.24070434450195 ], [ 77.426622054542037, 23.240651444518388 ], [ 77.426730854542029, 23.240711244499813 ], [ 77.426790454542015, 23.240619544528297 ], [ 77.42686225454203, 23.240658944516056 ], [ 77.426981154542034, 23.240476144572842 ], [ 77.426927154542028, 23.240446544582042 ], [ 77.42691635454203, 23.240463144576879 ], [ 77.426839354542025, 23.240420944589985 ], [ 77.426850154542038, 23.240404244595172 ], [ 77.426778754542013, 23.240365044607355 ], [ 77.426684454542027, 23.240509944562341 ], [ 77.426521754542037, 23.240420644590078 ], [ 77.426390354542036, 23.240622744527293 ], [ 77.426443654542027, 23.240652044518203 ] ], [ [ 77.426757854542032, 23.240541444552555 ], [ 77.426800554542012, 23.240475644572996 ], [ 77.426869854542034, 23.240513644561194 ], [ 77.426827054542031, 23.240579444540753 ], [ 77.426757854542032, 23.240541444552555 ] ], [ [ 77.426486954542028, 23.240582044539945 ], [ 77.426532054542037, 23.240512744561471 ], [ 77.426602254542033, 23.240551244549515 ], [ 77.426557154542039, 23.240620644527958 ], [ 77.426486954542028, 23.240582044539945 ] ] ] } },
{ "type": "Feature", "properties": { }, "geometry": { "type": "Polygon", "coordinates": [ [ [ 77.430518654542027, 23.239915744746916 ], [ 77.430539954542027, 23.239909244748937 ], [ 77.430560554542026, 23.23996644473117 ], [ 77.430641954542025, 23.23994164473887 ], [ 77.430621254542032, 23.239884444756637 ], [ 77.430673354542037, 23.239868544761574 ], [ 77.430521754542028, 23.239448244892134 ], [ 77.430537654542036, 23.239386644911264 ], [ 77.430446054542031, 23.239366644917475 ], [ 77.430434954542037, 23.239409644904121 ], [ 77.430320754542038, 23.23938474491186 ], [ 77.430464454542019, 23.239274044946242 ], [ 77.430361054542018, 23.239229044960222 ], [ 77.429311654542033, 23.239000145031316 ], [ 77.429183454542013, 23.239502844875169 ], [ 77.429985154542038, 23.239677644820873 ], [ 77.430011954542039, 23.239574044853054 ], [ 77.430141154542028, 23.239602244844296 ], [ 77.430177654542021, 23.239461144888121 ], [ 77.430369754542028, 23.239503044875104 ], [ 77.430518654542027, 23.239915744746916 ] ], [ [ 77.429497354542036, 23.239222544962235 ], [ 77.429615354542037, 23.239247144954597 ], [ 77.429578754542035, 23.239395344908559 ], [ 77.429460754542035, 23.239370644916235 ], [ 77.429497354542036, 23.239222544962235 ] ], [ [ 77.42994125454203, 23.239419744900982 ], [ 77.42996925454203, 23.239329144929123 ], [ 77.430059054542028, 23.23935254492185 ], [ 77.430031154542036, 23.239443144893713 ], [ 77.42994125454203, 23.239419744900982 ] ] ] } },
{ "type": "Feature", "properties": { }, "geometry": { "type": "Polygon", "coordinates": [ [ [ 77.428378154542031, 23.231675047306236 ], [ 77.428380454542037, 23.231721147291925 ], [ 77.428430054542034, 23.231719147292544 ], [ 77.428432654542036, 23.231771747276209 ], [ 77.428574254542028, 23.231765847278044 ], [ 77.428567254542031, 23.231622047322702 ], [ 77.428690454542021, 23.231616947324284 ], [ 77.428682554542036, 23.231457047373929 ], [ 77.42855195454203, 23.231462447372259 ], [ 77.428549654542024, 23.231416747386444 ], [ 77.428400754542025, 23.231422947384527 ], [ 77.428401954542039, 23.231447147377004 ], [ 77.428343654542033, 23.231449547376261 ], [ 77.428346854542028, 23.231512647356674 ], [ 77.428295254542036, 23.231514847355982 ], [ 77.428303354542038, 23.231678147305278 ], [ 77.428378154542031, 23.231675047306236 ] ], [ [ 77.428437954542034, 23.231591847332076 ], [ 77.428549954542035, 23.231586347333785 ], [ 77.428554854542028, 23.231670247307729 ], [ 77.428442854542027, 23.23167584730599 ], [ 77.428437954542034, 23.231591847332076 ] ] ] } },
{ "type": "Feature", "properties": { }, "geometry": { "type": "Polygon", "coordinates": [ [ [ 77.42921405454203, 23.236097745932785 ], [ 77.429120354542036, 23.235760046037658 ], [ 77.42882275454204, 23.235829746016016 ], [ 77.428916454542033, 23.236167445911136 ], [ 77.42921405454203, 23.236097745932785 ] ], [ [ 77.428965454542038, 23.23592664598592 ], [ 77.429045154542038, 23.235908045991696 ], [ 77.429071254542023, 23.236002045962504 ], [ 77.428991554542023, 23.236020745956697 ], [ 77.428965454542038, 23.23592664598592 ] ] ] } },
{ "type": "Feature", "properties": { }, "geometry": { "type": "Polygon", "coordinates": [ [ [ 77.429087290903382, 23.233267578026677 ], [ 77.429308690903383, 23.232543178401595 ], [ 77.429476390903375, 23.232036278663934 ], [ 77.429487590903378, 23.232038578662749 ], [ 77.42955529090338, 23.231815878778001 ], [ 77.430007090903374, 23.23193867871445 ], [ 77.430023290903378, 23.231890378739447 ], [ 77.430124490903381, 23.231917178725578 ], [ 77.43011719090336, 23.231944378711503 ], [ 77.430254390903386, 23.231982578691731 ], [ 77.430218690903374, 23.232094478633815 ], [ 77.43024819090337, 23.232104578628586 ], [ 77.430233890903395, 23.232147478606386 ], [ 77.430528790903381, 23.232230678563326 ], [ 77.430504890903393, 23.232307378523632 ], [ 77.430588490903389, 23.232329378512247 ], [ 77.430557490903382, 23.232423878463337 ], [ 77.430473490903381, 23.232400378475496 ], [ 77.430383890903371, 23.232676678332506 ], [ 77.430230190903373, 23.232633378354912 ], [ 77.430208790903365, 23.232699078320909 ], [ 77.430195090903382, 23.232694778323129 ], [ 77.430145590903393, 23.232848178243735 ], [ 77.430159490903378, 23.232851378242085 ], [ 77.430137890903396, 23.232920878206112 ], [ 77.430098090903385, 23.232911178211133 ], [ 77.430090690903384, 23.232933578199543 ], [ 77.430099690903376, 23.232936678197937 ], [ 77.430083790903396, 23.232983078173923 ], [ 77.430077990903399, 23.232981278174854 ], [ 77.429756790903383, 23.233303978007836 ], [ 77.429636990903361, 23.233416877949402 ], [ 77.429657190903384, 23.233435477939775 ], [ 77.429595490903395, 23.233494777909083 ], [ 77.429577290903381, 23.233479277917109 ], [ 77.429507290903373, 23.233547377881855 ], [ 77.42922879090338, 23.233307078006234 ], [ 77.429087290903382, 23.233267578026677 ] ] ] } },
{ "type": "Feature", "properties": { }, "geometry": { "type": "Polygon", "coordinates": [ [ [ 77.430365954542026, 23.231656747311924 ], [ 77.430460454542029, 23.231221447447091 ], [ 77.431165254542037, 23.231348347407682 ], [ 77.431096954542028, 23.231618047323941 ], [ 77.430922554542036, 23.231582047335117 ], [ 77.430948754542015, 23.231465847371201 ], [ 77.430871654542031, 23.231455147374525 ], [ 77.430800454542037, 23.231750247282886 ], [ 77.430762654542022, 23.231744947284533 ], [ 77.430754254542038, 23.231802747266585 ], [ 77.430745254542032, 23.231831747257583 ], [ 77.430691454542028, 23.231823747260062 ], [ 77.430708954542027, 23.231740947285772 ], [ 77.430639154542035, 23.231718247292822 ], [ 77.430704554542032, 23.231413747387379 ], [ 77.430579554542035, 23.231395047393185 ], [ 77.430520054542029, 23.231694147300313 ], [ 77.430365954542026, 23.231656747311924 ] ] ] } },
{ "type": "Feature", "properties": { }, "geometry": { "type": "Polygon", "coordinates": [ [ [ 77.427806354542028, 23.231361047403738 ], [ 77.427799154542029, 23.231208747451035 ], [ 77.428370254542017, 23.231174047461806 ], [ 77.428381854542039, 23.231330347413273 ], [ 77.427806354542028, 23.231361047403738 ] ] ] } },
{ "type": "Feature", "properties": { }, "geometry": { "type": "Polygon", "coordinates": [ [ [ 77.429459854542031, 23.236582745782155 ], [ 77.429610854542034, 23.236545845793618 ], [ 77.429367354542023, 23.235705246054682 ], [ 77.429216354542035, 23.235742146043226 ], [ 77.429459854542031, 23.236582745782155 ] ] ] } },
{ "type": "Feature", "properties": { }, "geometry": { "type": "Polygon", "coordinates": [ [ [ 77.429095754542018, 23.236745845731498 ], [ 77.429378854542023, 23.236669945755068 ], [ 77.429219654542038, 23.23616814591092 ], [ 77.42893645454204, 23.236244045887346 ], [ 77.429095754542018, 23.236745845731498 ] ] ] } },
{ "type": "Feature", "properties": { }, "geometry": { "type": "Polygon", "coordinates": [ [ [ 77.43587095454204, 23.230223147757069 ], [ 77.43581055454203, 23.230202847763373 ], [ 77.435595954542038, 23.230495747672425 ], [ 77.435588754542039, 23.230529847661838 ], [ 77.435518254542018, 23.230659447621594 ], [ 77.435328554542039, 23.2306478476252 ], [ 77.43524995454203, 23.230698447609488 ], [ 77.435241954542036, 23.230741947595984 ], [ 77.435740954542027, 23.230784747582693 ], [ 77.43587095454204, 23.230223147757069 ] ] ] } },
{ "type": "Feature", "properties": { }, "geometry": { "type": "Polygon", "coordinates": [ [ [ 77.435398154542028, 23.231063947496001 ], [ 77.435429454542032, 23.23092344753962 ], [ 77.435209754542015, 23.230882147552453 ], [ 77.435178454542012, 23.231022547508854 ], [ 77.435398154542028, 23.231063947496001 ] ] ] } },
{ "type": "Feature", "properties": { }, "geometry": { "type": "Polygon", "coordinates": [ [ [ 77.425938354542026, 23.238410645214422 ], [ 77.426187654542034, 23.238634745144815 ], [ 77.426338654542036, 23.23849294518886 ], [ 77.426089354542015, 23.238268845258464 ], [ 77.426043754542036, 23.238311645245169 ], [ 77.426011154542024, 23.238282345254273 ], [ 77.425957454542029, 23.238332845238588 ], [ 77.425990054542012, 23.238362045229522 ], [ 77.425938354542026, 23.238410645214422 ] ] ] } },
{ "type": "Feature", "properties": { }, "geometry": { "type": "Polygon", "coordinates": [ [ [ 77.42726265454202, 23.232466747060393 ], [ 77.427424254542032, 23.232194947144798 ], [ 77.427409454542016, 23.23216874715294 ], [ 77.427408354542038, 23.232124847166574 ], [ 77.427465254542014, 23.232121747167536 ], [ 77.427476554542039, 23.232083047179543 ], [ 77.427503854542039, 23.232052747188956 ], [ 77.427517554542035, 23.232022347198395 ], [ 77.427571054542028, 23.232016147200319 ], [ 77.427614254542036, 23.232033847194824 ], [ 77.427637054542046, 23.23207044718346 ], [ 77.427668854542034, 23.232100847174017 ], [ 77.42770075454203, 23.232121747167536 ], [ 77.427701854542036, 23.232149947158774 ], [ 77.427690554542039, 23.232178147150016 ], [ 77.427665454542023, 23.23221374713896 ], [ 77.427781554542037, 23.23250654704804 ], [ 77.427765654542029, 23.232533647039624 ], [ 77.427738254542035, 23.232539947037665 ], [ 77.427629054542038, 23.232565047029873 ], [ 77.427602154542029, 23.232564847029934 ], [ 77.427509554542013, 23.232564047030181 ], [ 77.427427354542033, 23.232555247032913 ], [ 77.427420854542049, 23.232554647033105 ], [ 77.427326354542032, 23.232528447041236 ], [ 77.427294354542028, 23.232501847049498 ], [ 77.427278554542028, 23.232488747053569 ], [ 77.42726265454202, 23.232466747060393 ] ] ] } },
{ "type": "Feature", "properties": { }, "geometry": { "type": "Polygon", "coordinates": [ [ [ 77.429169754542031, 23.235038946261611 ], [ 77.429313154542015, 23.23515184622655 ], [ 77.429418454542031, 23.235038846261645 ], [ 77.429275154542026, 23.234925946296709 ], [ 77.429169754542031, 23.235038946261611 ] ] ] } },
{ "type": "Feature", "properties": { }, "geometry": { "type": "Polygon", "coordinates": [ [ [ 77.428303954542017, 23.235934545983472 ], [ 77.428411454542015, 23.236285945874336 ], [ 77.428586554542036, 23.236240645888405 ], [ 77.42847895454203, 23.235889245997537 ], [ 77.428303954542017, 23.235934545983472 ] ] ] } },
{ "type": "Feature", "properties": { }, "geometry": { "type": "Polygon", "coordinates": [ [ [ 77.431898354542028, 23.235833546014835 ], [ 77.432146254542033, 23.235852546008939 ], [ 77.432168954542036, 23.235601646086856 ], [ 77.431921154542039, 23.235582646092755 ], [ 77.431898354542028, 23.235833546014835 ] ] ] } },
{ "type": "Feature", "properties": { }, "geometry": { "type": "Polygon", "coordinates": [ [ [ 77.431916554542042, 23.236814345710222 ], [ 77.431985354542022, 23.237185945594806 ], [ 77.432788654542037, 23.237060545633756 ], [ 77.432719954542037, 23.236688845749196 ], [ 77.431916554542042, 23.236814345710222 ] ] ] } },
{ "type": "Feature", "properties": { }, "geometry": { "type": "Polygon", "coordinates": [ [ [ 77.431174654542019, 23.235553346101852 ], [ 77.431516054542016, 23.235379746155772 ], [ 77.431456554542024, 23.235281046186429 ], [ 77.431115154542013, 23.235454546132537 ], [ 77.431174654542019, 23.235553346101852 ] ] ] } },
{ "type": "Feature", "properties": { }, "geometry": { "type": "Polygon", "coordinates": [ [ [ 77.428392554542029, 23.233512946735519 ], [ 77.428389354542034, 23.233693346679495 ], [ 77.428451954542027, 23.233694246679214 ], [ 77.428455154542021, 23.233513846735239 ], [ 77.428392554542029, 23.233512946735519 ] ] ] } },
{ "type": "Feature", "properties": { }, "geometry": { "type": "Polygon", "coordinates": [ [ [ 77.429171354542035, 23.233458246752502 ], [ 77.429341954542039, 23.233688946680864 ], [ 77.429395454542032, 23.233655546691232 ], [ 77.429224854542014, 23.233424846762876 ], [ 77.429171354542035, 23.233458246752502 ] ] ] } },
{ "type": "Feature", "properties": { }, "geometry": { "type": "Polygon", "coordinates": [ [ [ 77.429010454542038, 23.234015646579405 ], [ 77.429026054542035, 23.234070146562484 ], [ 77.429203054542029, 23.234027246575806 ], [ 77.429187454542031, 23.233972846592696 ], [ 77.429010454542038, 23.234015646579405 ] ] ] } },
{ "type": "Feature", "properties": { }, "geometry": { "type": "Polygon", "coordinates": [ [ [ 77.428888154542037, 23.233532146729559 ], [ 77.428924154542031, 23.233580246714617 ], [ 77.429151054542032, 23.233436846759144 ], [ 77.429115054542038, 23.233388746774082 ], [ 77.428888154542037, 23.233532146729559 ] ] ] } },
{ "type": "Feature", "properties": { }, "geometry": { "type": "Polygon", "coordinates": [ [ [ 77.428844754542027, 23.234247846507294 ], [ 77.429032954542024, 23.234136946541735 ], [ 77.428978654542036, 23.234059046565928 ], [ 77.428790354542016, 23.234169946531487 ], [ 77.428844754542027, 23.234247846507294 ] ] ] } },
{ "type": "Feature", "properties": { }, "geometry": { "type": "Polygon", "coordinates": [ [ [ 77.428508354542032, 23.233209846829642 ], [ 77.428563154542033, 23.233402046769957 ], [ 77.428652754542014, 23.233380446776664 ], [ 77.428597954542028, 23.233188246836345 ], [ 77.428508354542032, 23.233209846829642 ] ] ] } },
{ "type": "Feature", "properties": { }, "geometry": { "type": "Polygon", "coordinates": [ [ [ 77.429224454542023, 23.233904746613845 ], [ 77.429277954542016, 23.233942546602112 ], [ 77.429427554542031, 23.23376364665766 ], [ 77.429374154542032, 23.233725846669401 ], [ 77.429224454542023, 23.233904746613845 ] ] ] } },
{ "type": "Feature", "properties": { }, "geometry": { "type": "Polygon", "coordinates": [ [ [ 77.428601754542029, 23.233685946681792 ], [ 77.428642754542054, 23.233739546665145 ], [ 77.428896954542026, 23.233575446716106 ], [ 77.42885595454203, 23.233521846732753 ], [ 77.428601754542029, 23.233685946681792 ] ] ] } },
{ "type": "Feature", "properties": { }, "geometry": { "type": "Polygon", "coordinates": [ [ [ 77.428373254542038, 23.233727346668939 ], [ 77.428355554542037, 23.233965446594997 ], [ 77.428474354542033, 23.233972846592696 ], [ 77.428492054542033, 23.233734846666607 ], [ 77.428373254542038, 23.233727346668939 ] ] ] } },
{ "type": "Feature", "properties": { }, "geometry": { "type": "Polygon", "coordinates": [ [ [ 77.428418254542038, 23.234065946563781 ], [ 77.428738554542036, 23.2342581465041 ], [ 77.428784654542028, 23.234193246524249 ], [ 77.428464454542038, 23.234001046583938 ], [ 77.428418254542038, 23.234065946563781 ] ] ] } },
{ "type": "Feature", "properties": { }, "geometry": { "type": "Polygon", "coordinates": [ [ [ 77.428929954542028, 23.233304446800261 ], [ 77.42883505454202, 23.233403546769495 ], [ 77.428901054542038, 23.233456946752906 ], [ 77.428996054542012, 23.233357846783679 ], [ 77.428929954542028, 23.233304446800261 ] ] ] } },
{ "type": "Feature", "properties": { }, "geometry": { "type": "Polygon", "coordinates": [ [ [ 77.428370054542029, 23.233332546791537 ], [ 77.42843435454202, 23.23344784675573 ], [ 77.428517654542034, 23.233408646767909 ], [ 77.428453254542035, 23.233293346803706 ], [ 77.428370054542029, 23.233332546791537 ] ] ] } },
{ "type": "Feature", "properties": { }, "geometry": { "type": "Polygon", "coordinates": [ [ [ 77.428736854542024, 23.233205346831046 ], [ 77.428706354542015, 23.233373946778677 ], [ 77.428791354542014, 23.233386946774644 ], [ 77.42882195454203, 23.233218346827002 ], [ 77.428736854542024, 23.233205346831046 ] ] ] } },
{ "type": "Feature", "properties": { }, "geometry": { "type": "Polygon", "coordinates": [ [ [ 77.430579454542027, 23.23358224671399 ], [ 77.430742154542031, 23.233703546676324 ], [ 77.430780254542029, 23.233660346689742 ], [ 77.430617554542039, 23.233539046727408 ], [ 77.430579454542027, 23.23358224671399 ] ] ] } },
{ "type": "Feature", "properties": { }, "geometry": { "type": "Polygon", "coordinates": [ [ [ 77.43174855454204, 23.233172146841344 ], [ 77.431675354542037, 23.233268546811409 ], [ 77.431850054542039, 23.233380646776602 ], [ 77.431923254542028, 23.233284246806534 ], [ 77.43174855454204, 23.233172146841344 ] ] ] } },
{ "type": "Feature", "properties": { }, "geometry": { "type": "Polygon", "coordinates": [ [ [ 77.430467054542035, 23.233762746657938 ], [ 77.430541054542019, 23.233842246633252 ], [ 77.430596854542031, 23.233798346646889 ], [ 77.430522854542033, 23.233718946671541 ], [ 77.430467054542035, 23.233762746657938 ] ] ] } },
{ "type": "Feature", "properties": { }, "geometry": { "type": "Polygon", "coordinates": [ [ [ 77.431119654542016, 23.234550946413169 ], [ 77.431435354542018, 23.234481646434695 ], [ 77.431242654542032, 23.233739546665145 ], [ 77.431243954542026, 23.233740446664868 ], [ 77.43174465454203, 23.233092146866184 ], [ 77.431445154542033, 23.232896846926835 ], [ 77.430944454542029, 23.233545046725546 ], [ 77.430903454542019, 23.233718646671633 ], [ 77.431119654542016, 23.234550946413169 ] ] ] } },
{ "type": "Feature", "properties": { }, "geometry": { "type": "Polygon", "coordinates": [ [ [ 77.428949354542027, 23.232056147187901 ], [ 77.428972954542033, 23.23198114721119 ], [ 77.428745454542039, 23.231920447230038 ], [ 77.428721454542028, 23.231996547206407 ], [ 77.428573454542033, 23.231957847218425 ], [ 77.428558854542032, 23.231905847234575 ], [ 77.428233354542016, 23.23198324721054 ], [ 77.428350254542039, 23.232398247081669 ], [ 77.428497054542035, 23.232363347092509 ], [ 77.428970754542021, 23.232487247054031 ], [ 77.429092554542038, 23.232093547176287 ], [ 77.428949354542027, 23.232056147187901 ] ] ] } },
{ "type": "Feature", "properties": { }, "geometry": { "type": "Polygon", "coordinates": [ [ [ 77.431528954542031, 23.233461246751567 ], [ 77.431455654542034, 23.233557646721639 ], [ 77.431630354542037, 23.233669746686822 ], [ 77.431703654542019, 23.233573346716756 ], [ 77.431528954542031, 23.233461246751567 ] ] ] } },
{ "type": "Feature", "properties": { }, "geometry": { "type": "Polygon", "coordinates": [ [ [ 77.43160215454202, 23.233364846781505 ], [ 77.431528954542031, 23.233461246751567 ], [ 77.431703654542019, 23.233573346716756 ], [ 77.431776854542036, 23.233476946746698 ], [ 77.43160215454202, 23.233364846781505 ] ] ] } },
{ "type": "Feature", "properties": { }, "geometry": { "type": "Polygon", "coordinates": [ [ [ 77.431455654542034, 23.233557646721639 ], [ 77.431382454542032, 23.233653946691728 ], [ 77.431557154542034, 23.233766046656914 ], [ 77.431630354542037, 23.233669746686822 ], [ 77.431455654542034, 23.233557646721639 ] ] ] } },
{ "type": "Feature", "properties": { }, "geometry": { "type": "Polygon", "coordinates": [ [ [ 77.431382454542032, 23.233653946691728 ], [ 77.431309254542029, 23.233750346661797 ], [ 77.431483954542017, 23.233862446626976 ], [ 77.431557154542034, 23.233766046656914 ], [ 77.431382454542032, 23.233653946691728 ] ] ] } },
{ "type": "Feature", "properties": { }, "geometry": { "type": "Polygon", "coordinates": [ [ [ 77.431675354542037, 23.233268546811409 ], [ 77.43160215454202, 23.233364846781505 ], [ 77.431776854542036, 23.233476946746698 ], [ 77.431850054542039, 23.233380646776602 ], [ 77.431675354542037, 23.233268546811409 ] ] ] } },
{ "type": "Feature", "properties": { }, "geometry": { "type": "Polygon", "coordinates": [ [ [ 77.435672554542037, 23.227688648543992 ], [ 77.436014254542016, 23.227830248500034 ], [ 77.436145254542026, 23.227563148582956 ], [ 77.435803454542025, 23.227421648626891 ], [ 77.435672554542037, 23.227688648543992 ] ] ] } },
{ "type": "Feature", "properties": { }, "geometry": { "type": "Polygon", "coordinates": [ [ [ 77.44325945454203, 23.229375948020127 ], [ 77.443246354542026, 23.228971748145621 ], [ 77.443139254542032, 23.228974648144721 ], [ 77.443173954542033, 23.230048247811375 ], [ 77.443287354542036, 23.230045147812344 ], [ 77.443273854542028, 23.229629647941348 ], [ 77.443867254542027, 23.229613447946384 ], [ 77.443883654542034, 23.230119947789117 ], [ 77.444049354542031, 23.230115447790514 ], [ 77.444046454542018, 23.230024747818682 ], [ 77.444149054542038, 23.230021947819544 ], [ 77.444114254542029, 23.228948548152822 ], [ 77.444017554542029, 23.228951148152017 ], [ 77.44401435454202, 23.228854148182133 ], [ 77.443846554542034, 23.228858748180702 ], [ 77.443862754542039, 23.229359448025246 ], [ 77.44325945454203, 23.229375948020127 ] ] ] } },
{ "type": "Feature", "properties": { }, "geometry": { "type": "Polygon", "coordinates": [ [ [ 77.440101754542027, 23.225023149371506 ], [ 77.44009915454204, 23.225352449269277 ], [ 77.439949654542033, 23.225351449269588 ], [ 77.439946554542033, 23.225741349148549 ], [ 77.440142154542031, 23.225742749148115 ], [ 77.440142054542036, 23.225763849141561 ], [ 77.440490054542039, 23.225766249140811 ], [ 77.440493754542018, 23.225307449283246 ], [ 77.441075054542011, 23.225311349282041 ], [ 77.441076154542031, 23.225173049324972 ], [ 77.441009654542029, 23.225172549325126 ], [ 77.441010754542035, 23.225037749366976 ], [ 77.441269554542032, 23.225039449366445 ], [ 77.441270654542038, 23.224892249412139 ], [ 77.440522954542033, 23.224887149413721 ], [ 77.440521854542027, 23.225025949370636 ], [ 77.440101754542027, 23.225023149371506 ] ] ] } },
{ "type": "Feature", "properties": { }, "geometry": { "type": "Polygon", "coordinates": [ [ [ 77.440242754542012, 23.226045249054199 ], [ 77.440402454542038, 23.226044349054483 ], [ 77.440400954542028, 23.22580504912877 ], [ 77.44024125454203, 23.225805849128523 ], [ 77.440242754542012, 23.226045249054199 ] ] ] } },
{ "type": "Feature", "properties": { }, "geometry": { "type": "Polygon", "coordinates": [ [ [ 77.443445154542019, 23.241989044102869 ], [ 77.443690454542022, 23.242230344027909 ], [ 77.443886654542027, 23.242061944080227 ], [ 77.443641354542038, 23.24182064415519 ], [ 77.443445154542019, 23.241989044102869 ] ] ] } },
{ "type": "Feature", "properties": { }, "geometry": { "type": "Polygon", "coordinates": [ [ [ 77.441304354542027, 23.225800449130197 ], [ 77.441304354542027, 23.225985549072732 ], [ 77.441467154542025, 23.225985549072732 ], [ 77.441467154542025, 23.225800449130197 ], [ 77.441304354542027, 23.225800449130197 ] ] ] } },
{ "type": "Feature", "properties": { }, "geometry": { "type": "Polygon", "coordinates": [ [ [ 77.442210754542032, 23.231078247491556 ], [ 77.442212354542036, 23.231287147426688 ], [ 77.442503254542032, 23.23128524742728 ], [ 77.442501754542036, 23.231076347492149 ], [ 77.442210754542032, 23.231078247491556 ] ] ] } },
{ "type": "Feature", "properties": { }, "geometry": { "type": "Polygon", "coordinates": [ [ [ 77.443369554542031, 23.230949147531636 ], [ 77.443371754542028, 23.231180947459666 ], [ 77.44360575454202, 23.231179047460255 ], [ 77.443603554542022, 23.230947347532208 ], [ 77.443369554542031, 23.230949147531636 ] ] ] } },
{ "type": "Feature", "properties": { }, "geometry": { "type": "Polygon", "coordinates": [ [ [ 77.443548554542019, 23.231359247404296 ], [ 77.443545954542031, 23.231517347355215 ], [ 77.443874554542035, 23.231521947353784 ], [ 77.443877154542037, 23.231363847402879 ], [ 77.443548554542019, 23.231359247404296 ] ] ] } },
{ "type": "Feature", "properties": { }, "geometry": { "type": "Polygon", "coordinates": [ [ [ 77.44220935454203, 23.231487047364617 ], [ 77.442378254542035, 23.231497347361422 ], [ 77.442391354542039, 23.231315147417991 ], [ 77.442222554542028, 23.231304947421165 ], [ 77.44220935454203, 23.231487047364617 ] ] ] } },
{ "type": "Feature", "properties": { }, "geometry": { "type": "Polygon", "coordinates": [ [ [ 77.443346154542027, 23.231361047403738 ], [ 77.443344454542029, 23.231528147351856 ], [ 77.443454354542027, 23.231529147351541 ], [ 77.443455954542031, 23.231362047403429 ], [ 77.443346154542027, 23.231361047403738 ] ] ] } },
{ "type": "Feature", "properties": { }, "geometry": { "type": "Polygon", "coordinates": [ [ [ 77.440470054542033, 23.225957949081302 ], [ 77.441044154542027, 23.225963249079658 ], [ 77.441046154542036, 23.225780949136251 ], [ 77.440472054542028, 23.225775649137901 ], [ 77.440470054542033, 23.225957949081302 ] ] ] } },
{ "type": "Feature", "properties": { }, "geometry": { "type": "Polygon", "coordinates": [ [ [ 77.441237154542037, 23.224065249668872 ], [ 77.44123105454203, 23.22431764959051 ], [ 77.441393854542028, 23.224321049589456 ], [ 77.441399954542035, 23.224068549667841 ], [ 77.441237154542037, 23.224065249668872 ] ] ] } },
{ "type": "Feature", "properties": { }, "geometry": { "type": "Polygon", "coordinates": [ [ [ 77.443304754542027, 23.241790844164441 ], [ 77.443454954542034, 23.24193864411853 ], [ 77.443614054542024, 23.241802044160959 ], [ 77.443463854542031, 23.24165434420685 ], [ 77.443304754542027, 23.241790844164441 ] ] ] } },
{ "type": "Feature", "properties": { }, "geometry": { "type": "Polygon", "coordinates": [ [ [ 77.442488654542032, 23.229687247923462 ], [ 77.442745254542032, 23.229683647924585 ], [ 77.442750654542053, 23.230001847825786 ], [ 77.443026754542018, 23.229997847827025 ], [ 77.443011754542027, 23.229109648102803 ], [ 77.442730754542026, 23.229113648101567 ], [ 77.442735454542031, 23.229394148014471 ], [ 77.442483754542025, 23.229397748013348 ], [ 77.442488654542032, 23.229687247923462 ] ] ] } },
{ "type": "Feature", "properties": { }, "geometry": { "type": "Polygon", "coordinates": [ [ [ 77.427093154542035, 23.238688645128072 ], [ 77.427450654542014, 23.23890464506098 ], [ 77.427579554542035, 23.238724545116916 ], [ 77.427501654542027, 23.23867744513155 ], [ 77.427456854542029, 23.238740045112106 ], [ 77.42740665454204, 23.238709645121549 ], [ 77.427451354542029, 23.238647045140993 ], [ 77.427270054542035, 23.238537545174999 ], [ 77.427309354542032, 23.238482645192054 ], [ 77.42726135454204, 23.238453645201066 ], [ 77.427093154542035, 23.238688645128072 ] ] ] } },
{ "type": "Feature", "properties": { }, "geometry": { "type": "Polygon", "coordinates": [ [ [ 77.42826495454203, 23.240586144538671 ], [ 77.428344054542038, 23.24060854453171 ], [ 77.428312754542034, 23.240701544502823 ], [ 77.428406954542027, 23.24072824449453 ], [ 77.428438254542044, 23.24063534452339 ], [ 77.428620254542039, 23.240687044507322 ], [ 77.428672854542029, 23.240530644555911 ], [ 77.428479654542031, 23.240475744572962 ], [ 77.428503554542033, 23.240404644595053 ], [ 77.428425454542037, 23.240382444601948 ], [ 77.428401454542026, 23.240453544579857 ], [ 77.428317554542019, 23.240429644587287 ], [ 77.42826495454203, 23.240586144538671 ] ] ] } },
{ "type": "Feature", "properties": { }, "geometry": { "type": "Polygon", "coordinates": [ [ [ 77.426908854542035, 23.238907945059953 ], [ 77.427011354542032, 23.23896024504371 ], [ 77.427039954542039, 23.238912845058437 ], [ 77.427223754542027, 23.239006645029292 ], [ 77.427187854542026, 23.239066045010848 ], [ 77.427276454542039, 23.239111344996779 ], [ 77.427368954542032, 23.238958445044268 ], [ 77.426993954542027, 23.238767045103714 ], [ 77.426963354542039, 23.238817745087974 ], [ 77.426925354542036, 23.238798245094031 ], [ 77.426894554542031, 23.238849145078216 ], [ 77.426932654542028, 23.238868545072197 ], [ 77.426908854542035, 23.238907945059953 ] ] ] } },
{ "type": "Feature", "properties": { }, "geometry": { "type": "Polygon", "coordinates": [ [ [ 77.428791154542012, 23.240457044578768 ], [ 77.428898654542024, 23.240487444569329 ], [ 77.428968354542036, 23.240278944634095 ], [ 77.428817154542031, 23.24023624464736 ], [ 77.428804754542014, 23.240273144635896 ], [ 77.428728254542037, 23.240251544642607 ], [ 77.428703754542028, 23.240324844619838 ], [ 77.428740254542035, 23.240335144616637 ], [ 77.428736254542031, 23.240347144612912 ], [ 77.428774554542031, 23.240357944609556 ], [ 77.428770854542037, 23.240369044606105 ], [ 77.428816354542036, 23.240381844602137 ], [ 77.428791154542012, 23.240457044578768 ] ] ] } },
{ "type": "Feature", "properties": { }, "geometry": { "type": "Polygon", "coordinates": [ [ [ 77.42868775454204, 23.236980245658696 ], [ 77.428724154542039, 23.237117545616051 ], [ 77.428754854542035, 23.237110745618168 ], [ 77.428767354542032, 23.237157945603503 ], [ 77.428736654542035, 23.237164845601363 ], [ 77.428809554542028, 23.237440745515674 ], [ 77.428851754542023, 23.237431345518587 ], [ 77.428862854542032, 23.237473545505487 ], [ 77.428824154542028, 23.237482245502779 ], [ 77.428857254542038, 23.23760754546386 ], [ 77.429096554542014, 23.237554045480476 ], [ 77.428930554542035, 23.236926045675528 ], [ 77.42868775454204, 23.236980245658696 ] ] ] } },
{ "type": "Feature", "properties": { }, "geometry": { "type": "Polygon", "coordinates": [ [ [ 77.426538054542036, 23.239933644741352 ], [ 77.426479554542013, 23.240015244716005 ], [ 77.426530454542032, 23.240046044706439 ], [ 77.426434154542036, 23.240180344664726 ], [ 77.426373754542027, 23.240143744676093 ], [ 77.426455554542031, 23.240029644711534 ], [ 77.426354554542016, 23.239968544730516 ], [ 77.426270354542012, 23.240085844694072 ], [ 77.426223654542028, 23.240057544702864 ], [ 77.426319854542029, 23.239923544744489 ], [ 77.426250454542028, 23.239881644757507 ], [ 77.426187854542036, 23.239968944730386 ], [ 77.426067054542031, 23.239895744753127 ], [ 77.425974654542031, 23.240024644713085 ], [ 77.426146854542026, 23.240128944680688 ], [ 77.426173154542013, 23.240092244692086 ], [ 77.426237654542035, 23.240131344679941 ], [ 77.426190254542021, 23.240197444659408 ], [ 77.426430054542038, 23.240342744614274 ], [ 77.426608854542039, 23.240093544691689 ], [ 77.426815254542049, 23.240218544652862 ], [ 77.426873754542029, 23.240137044678178 ], [ 77.426538054542036, 23.239933644741352 ] ] ] } },
{ "type": "Feature", "properties": { }, "geometry": { "type": "Polygon", "coordinates": [ [ [ 77.429810254542019, 23.238114445306415 ], [ 77.430233954542032, 23.23819464528151 ], [ 77.430276554542033, 23.23800474534049 ], [ 77.429852854542034, 23.237924545365402 ], [ 77.429810254542019, 23.238114445306415 ] ] ] } },
{ "type": "Feature", "properties": { }, "geometry": { "type": "Polygon", "coordinates": [ [ [ 77.430133154542034, 23.241768944171245 ], [ 77.430249754542032, 23.241737144181126 ], [ 77.430203954542023, 23.241595044225267 ], [ 77.43008725454203, 23.241626844215389 ], [ 77.430133154542034, 23.241768944171245 ] ] ] } },
{ "type": "Feature", "properties": { }, "geometry": { "type": "Polygon", "coordinates": [ [ [ 77.427210454542035, 23.239744244800185 ], [ 77.427428954542037, 23.239862144763563 ], [ 77.427707854542035, 23.239425844899088 ], [ 77.427489454542027, 23.239307944935707 ], [ 77.427210454542035, 23.239744244800185 ] ] ] } },
{ "type": "Feature", "properties": { }, "geometry": { "type": "Polygon", "coordinates": [ [ [ 77.426253254542019, 23.23976154479481 ], [ 77.426404154542027, 23.239851244766953 ], [ 77.426561454542039, 23.239627644836407 ], [ 77.426509054542024, 23.2395964448461 ], [ 77.426493154542015, 23.239619044839078 ], [ 77.426394654542037, 23.239560544857245 ], [ 77.426253254542019, 23.23976154479481 ] ] ] } },
{ "type": "Feature", "properties": { }, "geometry": { "type": "Polygon", "coordinates": [ [ [ 77.427696854542035, 23.24027064463667 ], [ 77.428037454542036, 23.240459444578022 ], [ 77.428077154542038, 23.240398944596826 ], [ 77.428127854542026, 23.240427044588088 ], [ 77.428191354542022, 23.240330344618133 ], [ 77.428140654542034, 23.240302244626857 ], [ 77.428246254542032, 23.240141444676805 ], [ 77.427905554542022, 23.239952644735457 ], [ 77.427696854542035, 23.24027064463667 ] ] ] } },
{ "type": "Feature", "properties": { }, "geometry": { "type": "Polygon", "coordinates": [ [ [ 77.429751054542038, 23.241672644201159 ], [ 77.430231154542028, 23.241534744243999 ], [ 77.430176754542032, 23.241374744293701 ], [ 77.430078954542012, 23.241402844284973 ], [ 77.43007385454203, 23.241387844289633 ], [ 77.429953654542032, 23.241422344278917 ], [ 77.429958754542028, 23.241437344274257 ], [ 77.429696554542033, 23.241512644250864 ], [ 77.429751054542038, 23.241672644201159 ] ] ] } },
{ "type": "Feature", "properties": { }, "geometry": { "type": "Polygon", "coordinates": [ [ [ 77.428833954542029, 23.24009984468973 ], [ 77.429005354542028, 23.240147744674854 ], [ 77.429078854542027, 23.239926044743719 ], [ 77.428827754542027, 23.239855844765522 ], [ 77.428788254542013, 23.239975144728469 ], [ 77.428843854542038, 23.23999074472362 ], [ 77.428838454542031, 23.240006944718587 ], [ 77.428862554542036, 23.240013644716505 ], [ 77.428833954542029, 23.24009984468973 ] ] ] } },
{ "type": "Feature", "properties": { }, "geometry": { "type": "Polygon", "coordinates": [ [ [ 77.427089954542026, 23.24038384460151 ], [ 77.427280854542033, 23.240117044684389 ], [ 77.42704105454203, 23.239972144729393 ], [ 77.426994654542028, 23.240036944709267 ], [ 77.427091254542034, 23.240095244691158 ], [ 77.427010154542032, 23.240208544655967 ], [ 77.427037354542037, 23.240224944650876 ], [ 77.426973854542027, 23.240313644623324 ], [ 77.427089954542026, 23.24038384460151 ] ] ] } },
{ "type": "Feature", "properties": { }, "geometry": { "type": "Polygon", "coordinates": [ [ [ 77.429840854542036, 23.237762045415874 ], [ 77.430055854542033, 23.237715045430473 ], [ 77.429969454542018, 23.237380845534272 ], [ 77.429754354542027, 23.237427745519707 ], [ 77.429776954542035, 23.237515045492593 ], [ 77.429915754542037, 23.237484745502002 ], [ 77.429952854542037, 23.237628345457406 ], [ 77.429814054542035, 23.237658645447993 ], [ 77.429840854542036, 23.237762045415874 ] ] ] } },
{ "type": "Feature", "properties": { }, "geometry": { "type": "Polygon", "coordinates": [ [ [ 77.427920154542022, 23.238504045185412 ], [ 77.428260354542019, 23.238711545120957 ], [ 77.428358754542018, 23.238575345163266 ], [ 77.428078454542032, 23.238404445216347 ], [ 77.428001054542037, 23.238284445253619 ], [ 77.427927854542034, 23.238385745222157 ], [ 77.427924954542036, 23.238383945222719 ], [ 77.427871054542038, 23.238458545199538 ], [ 77.427927954542014, 23.238493245188764 ], [ 77.427920154542022, 23.238504045185412 ] ] ] } },
{ "type": "Feature", "properties": { }, "geometry": { "type": "Polygon", "coordinates": [ [ [ 77.428062654542018, 23.237770945413107 ], [ 77.428328954542039, 23.237972745350437 ], [ 77.428293454542015, 23.238012345338134 ], [ 77.428347454542021, 23.238053245325428 ], [ 77.428383054542024, 23.23801364533773 ], [ 77.428621654542027, 23.238194445281572 ], [ 77.428707454542035, 23.238098845311264 ], [ 77.428233054542034, 23.237739345422924 ], [ 77.428299054542023, 23.237665845445758 ], [ 77.428214454542029, 23.23760174546566 ], [ 77.428062654542018, 23.237770945413107 ] ] ] } },
{ "type": "Feature", "properties": { }, "geometry": { "type": "Polygon", "coordinates": [ [ [ 77.430516354542021, 23.241478644261427 ], [ 77.430294854542026, 23.241532644244653 ], [ 77.43043705454204, 23.242025544091533 ], [ 77.430672154542037, 23.241968244109334 ], [ 77.430682954542036, 23.242002144098802 ], [ 77.430956054542037, 23.241928744121605 ], [ 77.430947354542027, 23.241901444130082 ], [ 77.431184154542024, 23.241841444148726 ], [ 77.431139854542025, 23.241693744194603 ], [ 77.431170654542029, 23.24168594419703 ], [ 77.43118405454203, 23.241730744183112 ], [ 77.431260454542027, 23.241711344189142 ], [ 77.431247054542027, 23.241666644203022 ], [ 77.431299754542039, 23.241653244207193 ], [ 77.431222954542037, 23.24139754428662 ], [ 77.431063054542022, 23.241438144274014 ], [ 77.431033954542031, 23.241341344304079 ], [ 77.43078885454203, 23.241403544284761 ], [ 77.430774454542032, 23.241358044298892 ], [ 77.430753554542036, 23.241363644297149 ], [ 77.43070475454202, 23.241197944348624 ], [ 77.430461954542039, 23.241258344329861 ], [ 77.430512154542029, 23.241428544276985 ], [ 77.430501354542031, 23.241431444276092 ], [ 77.430516354542021, 23.241478644261427 ] ] ] } },
{ "type": "Feature", "properties": { }, "geometry": { "type": "Polygon", "coordinates": [ [ [ 77.430582954542032, 23.240696344504435 ], [ 77.430827754542037, 23.240633144524068 ], [ 77.430862154542027, 23.240571344543266 ], [ 77.430835754542031, 23.240485244570017 ], [ 77.430745454542034, 23.240411944592786 ], [ 77.430663454542028, 23.240494844567031 ], [ 77.430576254542018, 23.2404508445807 ], [ 77.430556254542012, 23.240473544573646 ], [ 77.430583654542019, 23.240502244564738 ], [ 77.430551454542027, 23.240548444550381 ], [ 77.430563754542035, 23.240575444541996 ], [ 77.43054725454202, 23.240579744540661 ], [ 77.430582954542032, 23.240696344504435 ] ] ] } },
{ "type": "Feature", "properties": { }, "geometry": { "type": "Polygon", "coordinates": [ [ [ 77.426054454542026, 23.241242144334894 ], [ 77.426302554542033, 23.241370244295101 ], [ 77.426326854542026, 23.241330544307434 ], [ 77.426411354542026, 23.241374244293855 ], [ 77.426482554542034, 23.241257844330022 ], [ 77.426525754542027, 23.241280244323058 ], [ 77.426560754542038, 23.241223044340831 ], [ 77.426432954542037, 23.24115704436133 ], [ 77.42647735454203, 23.241084444383883 ], [ 77.426221554542025, 23.240952344424912 ], [ 77.426206854542031, 23.240975244417804 ], [ 77.426148954542029, 23.240985344414664 ], [ 77.426092754542026, 23.241072944387451 ], [ 77.426118954542034, 23.241112144375279 ], [ 77.426104454542028, 23.241134844368226 ], [ 77.426116254542038, 23.241140944366336 ], [ 77.426054454542026, 23.241242144334894 ] ] ] } },
{ "type": "Feature", "properties": { }, "geometry": { "type": "Polygon", "coordinates": [ [ [ 77.431414654542039, 23.238139245298719 ], [ 77.431433454542031, 23.238215045275176 ], [ 77.431231154542033, 23.238257245262066 ], [ 77.431260254542039, 23.238375045225482 ], [ 77.431643754542023, 23.23829494525036 ], [ 77.431614654542031, 23.238177145286944 ], [ 77.431512954542015, 23.238198445280332 ], [ 77.431493654542024, 23.238120045304687 ], [ 77.431728354542017, 23.238062745322477 ], [ 77.431710054542023, 23.237999245342198 ], [ 77.431667954542036, 23.238009445339031 ], [ 77.431654554542035, 23.237962845353508 ], [ 77.431401454542026, 23.238024545334341 ], [ 77.431388554542039, 23.23797964534829 ], [ 77.431302654542037, 23.238000645341771 ], [ 77.431347454542021, 23.23815564529362 ], [ 77.431414654542039, 23.238139245298719 ] ] ] } },
{ "type": "Feature", "properties": { }, "geometry": { "type": "Polygon", "coordinates": [ [ [ 77.426917354542013, 23.239033945020822 ], [ 77.42681485454203, 23.239182844974572 ], [ 77.426929154542037, 23.239249244953943 ], [ 77.426917254542033, 23.239266744948505 ], [ 77.426996654542037, 23.23931284493419 ], [ 77.427009554542039, 23.239294144939997 ], [ 77.427095554542035, 23.239344044924493 ], [ 77.427128254542026, 23.239296444939285 ], [ 77.427113854542029, 23.239288144941856 ], [ 77.427150654542018, 23.239234644958479 ], [ 77.427165354542026, 23.239243144955836 ], [ 77.427197354542031, 23.239196644970278 ], [ 77.42710975454203, 23.239145744986097 ], [ 77.427105054542039, 23.23915264498395 ], [ 77.426997754542029, 23.239090245003332 ], [ 77.427002454542034, 23.239083345005472 ], [ 77.426917354542013, 23.239033945020822 ] ] ] } },
{ "type": "Feature", "properties": { }, "geometry": { "type": "Polygon", "coordinates": [ [ [ 77.427571154542022, 23.240651344518412 ], [ 77.427526154542036, 23.240713944498967 ], [ 77.427506554542035, 23.240702044502665 ], [ 77.427469654542037, 23.240753344486734 ], [ 77.427489154542016, 23.240765244483036 ], [ 77.427422254542023, 23.24085814445418 ], [ 77.427513054542018, 23.240913344437029 ], [ 77.427501854542029, 23.240928744432249 ], [ 77.427605554542026, 23.240991844412644 ], [ 77.427598654542038, 23.241001444409665 ], [ 77.427646154542032, 23.241030244400719 ], [ 77.427661954542017, 23.241008244407553 ], [ 77.427687854542015, 23.241023944402677 ], [ 77.427709654542028, 23.240993644412086 ], [ 77.427735254542029, 23.241009244407245 ], [ 77.427764454542029, 23.240968744419821 ], [ 77.42779595454202, 23.240987944413856 ], [ 77.42785635454203, 23.24090394443995 ], [ 77.427786654542032, 23.240861544453121 ], [ 77.427826354542034, 23.240806544470207 ], [ 77.427571154542022, 23.240651344518412 ] ] ] } },
{ "type": "Feature", "properties": { }, "geometry": { "type": "Polygon", "coordinates": [ [ [ 77.423954954542026, 23.239840344770336 ], [ 77.423990354542028, 23.239839344770648 ], [ 77.423991454542033, 23.239873944759893 ], [ 77.42412165454202, 23.23987024476105 ], [ 77.424120454542035, 23.239835644771798 ], [ 77.424150054542025, 23.239834844772044 ], [ 77.424148154542038, 23.239777244789938 ], [ 77.424279754542013, 23.239773444791119 ], [ 77.424276454542039, 23.239675344821592 ], [ 77.424402854542038, 23.239671744822711 ], [ 77.424396254542032, 23.239475144883773 ], [ 77.424239554542027, 23.239479644882373 ], [ 77.42424045454203, 23.239506744873957 ], [ 77.424201054542038, 23.239507844873621 ], [ 77.424203954542037, 23.239591944847493 ], [ 77.424140654542029, 23.239593744846932 ], [ 77.424093754542028, 23.239633344834637 ], [ 77.424095754542037, 23.239694244815716 ], [ 77.423995254542035, 23.239697144814816 ], [ 77.423996154542039, 23.23972504480615 ], [ 77.42395105454203, 23.23972624480578 ], [ 77.423954954542026, 23.239840344770336 ] ] ] } },
{ "type": "Feature", "properties": { }, "geometry": { "type": "Polygon", "coordinates": [ [ [ 77.431461554542025, 23.23894524504837 ], [ 77.431466854542037, 23.23896234504306 ], [ 77.431442654542039, 23.238968745041067 ], [ 77.431491654542029, 23.239127044991903 ], [ 77.431576254542037, 23.239104944998765 ], [ 77.431570554542034, 23.239086645004448 ], [ 77.431622154542026, 23.239073145008643 ], [ 77.431627854542015, 23.239091445002956 ], [ 77.431684854542027, 23.239076545007585 ], [ 77.431678354542029, 23.239055845014011 ], [ 77.431734054542034, 23.239041245018552 ], [ 77.431740454542037, 23.239062045012091 ], [ 77.431795054542036, 23.239047845016501 ], [ 77.431789454542027, 23.239029745022123 ], [ 77.431843354542039, 23.239015645026505 ], [ 77.431848954542033, 23.23903374502088 ], [ 77.431906154542034, 23.23901874502554 ], [ 77.431899054542015, 23.238995845032655 ], [ 77.431953854542016, 23.238981545037092 ], [ 77.431960954542035, 23.239004445029977 ], [ 77.432041454542031, 23.238983445036503 ], [ 77.431983054542016, 23.238794945095055 ], [ 77.431577154542026, 23.238900945062131 ], [ 77.43156655454203, 23.238866645072783 ], [ 77.431493754542032, 23.238885745066849 ], [ 77.431508354542032, 23.238933045052153 ], [ 77.431461554542025, 23.23894524504837 ] ] ] } },
{ "type": "Feature", "properties": { }, "geometry": { "type": "Polygon", "coordinates": [ [ [ 77.42557165454204, 23.24189894413086 ], [ 77.425756254542037, 23.241998844099825 ], [ 77.425768954542036, 23.241978944106013 ], [ 77.425798054542028, 23.241994744101103 ], [ 77.425828454542028, 23.241947344115825 ], [ 77.425812554542034, 23.241938744118499 ], [ 77.425839454542029, 23.241896744131548 ], [ 77.425867254542027, 23.241911744126885 ], [ 77.425928054542027, 23.241816844156368 ], [ 77.425894154542021, 23.241798444162082 ], [ 77.425962054542026, 23.241692544194976 ], [ 77.426049954542037, 23.241740144180195 ], [ 77.425903854542028, 23.241968044109395 ], [ 77.425947254542038, 23.241991544102095 ], [ 77.425894554542012, 23.242073644076591 ], [ 77.425985954542014, 23.242123144061214 ], [ 77.426256854542032, 23.241700444192528 ], [ 77.426216454542029, 23.241678544199328 ], [ 77.426200454542027, 23.241703544191562 ], [ 77.426158654542036, 23.241680944198585 ], [ 77.426145454542038, 23.241701444192216 ], [ 77.426089154542012, 23.241670944201687 ], [ 77.426076754542038, 23.241690144195726 ], [ 77.425982054542018, 23.241638944211633 ], [ 77.426019854542034, 23.241580044229924 ], [ 77.425838754542013, 23.241482044260369 ], [ 77.425814754542031, 23.241519544248717 ], [ 77.425784554542034, 23.241503244253785 ], [ 77.425737154542034, 23.241577144230831 ], [ 77.425767354542032, 23.241593544225736 ], [ 77.425683154542028, 23.241724844184947 ], [ 77.425671454542027, 23.241718544186906 ], [ 77.425649254542037, 23.241753144176151 ], [ 77.425660954542039, 23.241759444174196 ], [ 77.42557165454204, 23.24189894413086 ] ] ] } },
{ "type": "Feature", "properties": { }, "geometry": { "type": "Polygon", "coordinates": [ [ [ 77.428915354542013, 23.241656044206319 ], [ 77.428960254542019, 23.241732444182581 ], [ 77.42902095454204, 23.241702344191932 ], [ 77.42897595454204, 23.241625944215667 ], [ 77.428915354542013, 23.241656044206319 ] ] ] } },
{ "type": "Feature", "properties": { }, "geometry": { "type": "Polygon", "coordinates": [ [ [ 77.429127254542038, 23.241834044151023 ], [ 77.429189554542035, 23.241793344163671 ], [ 77.429155054542051, 23.241748744177521 ], [ 77.429092754542026, 23.241789344164914 ], [ 77.429127254542038, 23.241834044151023 ] ] ] } },
{ "type": "Feature", "properties": { }, "geometry": { "type": "Polygon", "coordinates": [ [ [ 77.428633054542033, 23.239415344902351 ], [ 77.428866754542014, 23.239495244877528 ], [ 77.429043754542036, 23.239057745013422 ], [ 77.428810054542026, 23.238977945038215 ], [ 77.428633054542033, 23.239415344902351 ] ] ] } },
{ "type": "Feature", "properties": { }, "geometry": { "type": "Polygon", "coordinates": [ [ [ 77.426963454542019, 23.239802644782042 ], [ 77.427014954542017, 23.239830544773373 ], [ 77.427090354542031, 23.239712544810029 ], [ 77.427038854542033, 23.239684744818668 ], [ 77.426963454542019, 23.239802644782042 ] ] ] } },
{ "type": "Feature", "properties": { }, "geometry": { "type": "Polygon", "coordinates": [ [ [ 77.42939405454203, 23.238537645174976 ], [ 77.42946155454203, 23.238547645171867 ], [ 77.429494354542015, 23.23835974523023 ], [ 77.429426954542038, 23.238349745233336 ], [ 77.42939405454203, 23.238537645174976 ] ] ] } },
{ "type": "Feature", "properties": { }, "geometry": { "type": "Polygon", "coordinates": [ [ [ 77.429037054542022, 23.241504444253412 ], [ 77.429113854542024, 23.241460344267114 ], [ 77.429074354542038, 23.241402344285124 ], [ 77.42899765454203, 23.241446444271428 ], [ 77.429037054542022, 23.241504444253412 ] ] ] } },
{ "type": "Feature", "properties": { }, "geometry": { "type": "Polygon", "coordinates": [ [ [ 77.425843854542038, 23.240771944480958 ], [ 77.425915654542038, 23.24081384446794 ], [ 77.425951354542036, 23.240762144483998 ], [ 77.42587965454203, 23.24072024449702 ], [ 77.425843854542038, 23.240771944480958 ] ] ] } },
{ "type": "Feature", "properties": { }, "geometry": { "type": "Polygon", "coordinates": [ [ [ 77.430021054542038, 23.240188344662243 ], [ 77.430147154542027, 23.240195144660127 ], [ 77.430155354542038, 23.240066144700197 ], [ 77.430029254542035, 23.240059444702275 ], [ 77.430021054542038, 23.240188344662243 ] ] ] } },
{ "type": "Feature", "properties": { }, "geometry": { "type": "Polygon", "coordinates": [ [ [ 77.428916954542032, 23.241495144256302 ], [ 77.428991154542032, 23.241568844233406 ], [ 77.429049554542033, 23.241519244248806 ], [ 77.428975354542033, 23.241445544271706 ], [ 77.428916954542032, 23.241495144256302 ] ] ] } },
{ "type": "Feature", "properties": { }, "geometry": { "type": "Polygon", "coordinates": [ [ [ 77.425090154542033, 23.242170344046553 ], [ 77.42526375454203, 23.24226154401822 ], [ 77.425466254542016, 23.24193624411928 ], [ 77.425292654542034, 23.241844944147633 ], [ 77.425090154542033, 23.242170344046553 ] ] ] } },
{ "type": "Feature", "properties": { }, "geometry": { "type": "Polygon", "coordinates": [ [ [ 77.424113154542013, 23.241464544265806 ], [ 77.424233154542037, 23.241404144284569 ], [ 77.424180354542031, 23.241315544312094 ], [ 77.424060354542036, 23.241375944293328 ], [ 77.424113154542013, 23.241464544265806 ] ] ] } },
{ "type": "Feature", "properties": { }, "geometry": { "type": "Polygon", "coordinates": [ [ [ 77.430401954542035, 23.238750845108758 ], [ 77.430399754542037, 23.238830345084054 ], [ 77.430507054542034, 23.23883284508328 ], [ 77.430509254542031, 23.238753345107977 ], [ 77.430401954542035, 23.238750845108758 ] ] ] } },
{ "type": "Feature", "properties": { }, "geometry": { "type": "Polygon", "coordinates": [ [ [ 77.428832854542037, 23.24142834427705 ], [ 77.428895554542038, 23.241495444256209 ], [ 77.428943554542016, 23.241457644267953 ], [ 77.42888085454203, 23.241390544288798 ], [ 77.428832854542037, 23.24142834427705 ] ] ] } },
{ "type": "Feature", "properties": { }, "geometry": { "type": "Polygon", "coordinates": [ [ [ 77.424546354542031, 23.240118844683831 ], [ 77.424609654542024, 23.240180444664695 ], [ 77.424902754542032, 23.239925944743749 ], [ 77.424839454542038, 23.239864444762851 ], [ 77.424546354542031, 23.240118844683831 ] ] ] } },
{ "type": "Feature", "properties": { }, "geometry": { "type": "Polygon", "coordinates": [ [ [ 77.427974554542033, 23.240613744530098 ], [ 77.428031454542037, 23.240643744520774 ], [ 77.428105154542038, 23.24052544455752 ], [ 77.428048254542034, 23.240495444566839 ], [ 77.427974554542033, 23.240613744530098 ] ] ] } },
{ "type": "Feature", "properties": { }, "geometry": { "type": "Polygon", "coordinates": [ [ [ 77.428773854542015, 23.240830644462719 ], [ 77.428838454542031, 23.240849344456908 ], [ 77.428867354542021, 23.240764944483132 ], [ 77.428802654542039, 23.240746244488939 ], [ 77.428773854542015, 23.240830644462719 ] ] ] } },
{ "type": "Feature", "properties": { }, "geometry": { "type": "Polygon", "coordinates": [ [ [ 77.431872454542031, 23.239396944908059 ], [ 77.431939554542026, 23.239602744844142 ], [ 77.432051054542015, 23.239572044853674 ], [ 77.431984054542013, 23.239366244917601 ], [ 77.431872454542031, 23.239396944908059 ] ] ] } },
{ "type": "Feature", "properties": { }, "geometry": { "type": "Polygon", "coordinates": [ [ [ 77.428943454542036, 23.24097484441792 ], [ 77.429041754542013, 23.240995444411524 ], [ 77.429061054542032, 23.240917844435636 ], [ 77.428962854542036, 23.240897144442066 ], [ 77.428943454542036, 23.24097484441792 ] ] ] } },
{ "type": "Feature", "properties": { }, "geometry": { "type": "Polygon", "coordinates": [ [ [ 77.427086054542031, 23.239864844762725 ], [ 77.427144754542027, 23.239897144752693 ], [ 77.427219854542017, 23.239781944788476 ], [ 77.42716115454202, 23.239749644798511 ], [ 77.427086054542031, 23.239864844762725 ] ] ] } },
{ "type": "Feature", "properties": { }, "geometry": { "type": "Polygon", "coordinates": [ [ [ 77.429447054542024, 23.238288745252284 ], [ 77.429527554542034, 23.238300645248586 ], [ 77.429547654542034, 23.238185445284365 ], [ 77.429467154542039, 23.238173545288063 ], [ 77.429447054542024, 23.238288745252284 ] ] ] } },
{ "type": "Feature", "properties": { }, "geometry": { "type": "Polygon", "coordinates": [ [ [ 77.431828854542019, 23.24035994460894 ], [ 77.431991154542033, 23.240323544620242 ], [ 77.43193965454202, 23.240129544680503 ], [ 77.431777354542035, 23.240165844669225 ], [ 77.431828854542019, 23.24035994460894 ] ] ] } },
{ "type": "Feature", "properties": { }, "geometry": { "type": "Polygon", "coordinates": [ [ [ 77.427336854542034, 23.23947114488502 ], [ 77.427448854542035, 23.239303544937076 ], [ 77.427329554542013, 23.239236244957983 ], [ 77.42721755454204, 23.239403844905926 ], [ 77.427336854542034, 23.23947114488502 ] ] ] } },
{ "type": "Feature", "properties": { }, "geometry": { "type": "Polygon", "coordinates": [ [ [ 77.429535554542028, 23.238326945240416 ], [ 77.429662354542032, 23.238351045232928 ], [ 77.429691054542033, 23.238222945272717 ], [ 77.429564354542038, 23.238198845280209 ], [ 77.429535554542028, 23.238326945240416 ] ] ] } },
{ "type": "Feature", "properties": { }, "geometry": { "type": "Polygon", "coordinates": [ [ [ 77.427527954542029, 23.239042045018305 ], [ 77.427478954542039, 23.239112944996283 ], [ 77.42758555454202, 23.239175144976965 ], [ 77.427634554542024, 23.23910424499898 ], [ 77.427527954542029, 23.239042045018305 ] ] ] } },
{ "type": "Feature", "properties": { }, "geometry": { "type": "Polygon", "coordinates": [ [ [ 77.427023054542033, 23.239832844772664 ], [ 77.427077954542014, 23.239862844763348 ], [ 77.427154454542034, 23.239744544800093 ], [ 77.427099454542031, 23.239714544809413 ], [ 77.427023054542033, 23.239832844772664 ] ] ] } },
{ "type": "Feature", "properties": { }, "geometry": { "type": "Polygon", "coordinates": [ [ [ 77.431708854542038, 23.237338345547478 ], [ 77.431796254542036, 23.237322145552504 ], [ 77.43192975454204, 23.237244945576485 ], [ 77.431902254542038, 23.237119645615397 ], [ 77.431670154542033, 23.237162845601983 ], [ 77.431708854542038, 23.237338345547478 ] ] ] } },
{ "type": "Feature", "properties": { }, "geometry": { "type": "Polygon", "coordinates": [ [ [ 77.424737054542035, 23.240300844627289 ], [ 77.424841454542033, 23.240389744599678 ], [ 77.424912154542028, 23.240319744621424 ], [ 77.424928854542031, 23.240333944617007 ], [ 77.424964254542019, 23.240298844627912 ], [ 77.424992854542012, 23.240323244620331 ], [ 77.425052754542037, 23.240263944638759 ], [ 77.425197154542033, 23.240386744600617 ], [ 77.425143754542034, 23.240439644584178 ], [ 77.425122854542039, 23.240421844589708 ], [ 77.425082954542034, 23.240461444577406 ], [ 77.425075254542023, 23.240454844579453 ], [ 77.425023154542032, 23.240506644563368 ], [ 77.425033254542029, 23.240515244560697 ], [ 77.425007254542038, 23.240540944552709 ], [ 77.424955754542012, 23.240497044566343 ], [ 77.424823754542032, 23.240627844525708 ], [ 77.424792054542038, 23.240600844534104 ], [ 77.424741354542036, 23.240651144518473 ], [ 77.424802454542032, 23.240703244502299 ], [ 77.424779254542031, 23.24072624449515 ], [ 77.424597654542012, 23.240571644543177 ], [ 77.424678354542039, 23.240491644568028 ], [ 77.424711354542012, 23.240519644559324 ], [ 77.424798554542036, 23.240433144586198 ], [ 77.424714654542015, 23.240358944609245 ], [ 77.424459954542016, 23.240586944538425 ], [ 77.424658354542032, 23.240755944485922 ], [ 77.424689954542032, 23.240724544495674 ], [ 77.424713954542028, 23.240744944489339 ], [ 77.424666454542034, 23.240792044474713 ], [ 77.424800454542037, 23.240906144439265 ], [ 77.425303354542038, 23.240407444594183 ], [ 77.425274454542034, 23.240382844601818 ], [ 77.425306154542028, 23.2403513446116 ], [ 77.42525065454204, 23.240304044626299 ], [ 77.425225554542024, 23.240328944618568 ], [ 77.425185354542037, 23.240294644629223 ], [ 77.425210354542031, 23.240269844636924 ], [ 77.425164754542038, 23.240230944649007 ], [ 77.425138054542032, 23.240257344640806 ], [ 77.425092454542039, 23.240218544652862 ], [ 77.425125454542012, 23.240185844663017 ], [ 77.425072754542015, 23.240140944676959 ], [ 77.42503085454203, 23.240182444664068 ], [ 77.424998954542033, 23.240155244672522 ], [ 77.424955154542033, 23.240198644659035 ], [ 77.424966254542028, 23.240208044656121 ], [ 77.424911054542036, 23.240262744639129 ], [ 77.424903354542039, 23.240256244641149 ], [ 77.424888754542039, 23.240270744636646 ], [ 77.424841454542033, 23.240230444649161 ], [ 77.424802054542027, 23.240269544637016 ], [ 77.424784054542016, 23.240254244641761 ], [ 77.424737054542035, 23.240300844627289 ] ] ] } },
{ "type": "Feature", "properties": { }, "geometry": { "type": "Polygon", "coordinates": [ [ [ 77.432091754542014, 23.239277944945023 ], [ 77.432107754542031, 23.239332244928164 ], [ 77.432227854542035, 23.239302244937477 ], [ 77.432249354542051, 23.2393752449148 ], [ 77.432324454542012, 23.239356544920614 ], [ 77.432286854542028, 23.239229344960123 ], [ 77.432091754542014, 23.239277944945023 ] ] ] } },
{ "type": "Feature", "properties": { }, "geometry": { "type": "Polygon", "coordinates": [ [ [ 77.427958454542022, 23.240591044537151 ], [ 77.428014054542018, 23.240504144564142 ], [ 77.427952454542037, 23.240470844574485 ], [ 77.427916054542038, 23.240527744556815 ], [ 77.427899454542029, 23.240518744559605 ], [ 77.427880254542032, 23.240548744550285 ], [ 77.427958454542022, 23.240591044537151 ] ] ] } },
{ "type": "Feature", "properties": { }, "geometry": { "type": "Polygon", "coordinates": [ [ [ 77.431149354542029, 23.237245445576328 ], [ 77.431184754542031, 23.237427245519854 ], [ 77.431208954542029, 23.237423245521107 ], [ 77.431218554542028, 23.2374728455057 ], [ 77.431625154542033, 23.237406045526441 ], [ 77.431580154542033, 23.237174745598288 ], [ 77.431149354542029, 23.237245445576328 ] ] ] } },
{ "type": "Feature", "properties": { }, "geometry": { "type": "Polygon", "coordinates": [ [ [ 77.425300054542021, 23.241808944158823 ], [ 77.425505254542031, 23.241914944125892 ], [ 77.425534254542029, 23.241867544140614 ], [ 77.425460354542039, 23.241829344152482 ], [ 77.425487354542028, 23.24178534416615 ], [ 77.425355954542027, 23.241717544187217 ], [ 77.425300054542021, 23.241808944158823 ] ] ] } },
{ "type": "Feature", "properties": { }, "geometry": { "type": "Polygon", "coordinates": [ [ [ 77.430485054542018, 23.240479444571815 ], [ 77.430532654542034, 23.240511544561841 ], [ 77.430555254542014, 23.240460344577752 ], [ 77.430498554542027, 23.240284444632387 ], [ 77.430414254542029, 23.240307444625241 ], [ 77.430424454542035, 23.24033884461549 ], [ 77.430438554542036, 23.240335044616668 ], [ 77.430485054542018, 23.240479444571815 ] ] ] } },
{ "type": "Feature", "properties": { }, "geometry": { "type": "Polygon", "coordinates": [ [ [ 77.432112754542032, 23.238425145209916 ], [ 77.432154154542033, 23.238572045164286 ], [ 77.432113854542038, 23.238581645161307 ], [ 77.432131154542034, 23.238642945142267 ], [ 77.432154454542029, 23.238637345144003 ], [ 77.432229754542021, 23.238904345061076 ], [ 77.432344054542014, 23.23887714506952 ], [ 77.432210154542034, 23.238402045217093 ], [ 77.432112754542032, 23.238425145209916 ] ] ] } },
{ "type": "Feature", "properties": { }, "geometry": { "type": "Polygon", "coordinates": [ [ [ 77.430042554542027, 23.238635045144719 ], [ 77.430215554542031, 23.238668345134375 ], [ 77.430305854542027, 23.238271645257601 ], [ 77.430132854542038, 23.2382384452679 ], [ 77.430088354542036, 23.238433945207181 ], [ 77.429983154542029, 23.23841374521346 ], [ 77.429955054542035, 23.238536945175191 ], [ 77.430060254542013, 23.238557245168888 ], [ 77.430042554542027, 23.238635045144719 ] ] ] } },
{ "type": "Feature", "properties": { }, "geometry": { "type": "Polygon", "coordinates": [ [ [ 77.423843154542027, 23.240244044644935 ], [ 77.424032054542039, 23.240423844589085 ], [ 77.424140054542036, 23.240328044618842 ], [ 77.424081654542036, 23.240272344636146 ], [ 77.424047554542028, 23.240302544626765 ], [ 77.423997554542026, 23.240254944641546 ], [ 77.424031554542026, 23.240224744650934 ], [ 77.423951154542024, 23.240148244674693 ], [ 77.423843154542027, 23.240244044644935 ] ] ] } },
{ "type": "Feature", "properties": { }, "geometry": { "type": "Polygon", "coordinates": [ [ [ 77.431600254542033, 23.239631044835349 ], [ 77.431903154542013, 23.239559244857652 ], [ 77.431856454542029, 23.239393144909243 ], [ 77.431774254542034, 23.239412644903187 ], [ 77.431754354542036, 23.239341944925151 ], [ 77.431664354542022, 23.239363244918529 ], [ 77.431684254542034, 23.239434044896541 ], [ 77.43155355454202, 23.239465044886913 ], [ 77.431600254542033, 23.239631044835349 ] ] ] } },
{ "type": "Feature", "properties": { }, "geometry": { "type": "Polygon", "coordinates": [ [ [ 77.424467254542037, 23.241882544135962 ], [ 77.424611554542025, 23.241955144113405 ], [ 77.424597754542035, 23.241978344106194 ], [ 77.424699854542027, 23.242029644090259 ], [ 77.424713654542032, 23.24200644409747 ], [ 77.42493965454203, 23.242120144062145 ], [ 77.425153654542029, 23.241760844173765 ], [ 77.424681254542037, 23.241523244247574 ], [ 77.424499354542036, 23.241721144186094 ], [ 77.424467254542037, 23.241882544135962 ] ] ] } },
{ "type": "Feature", "properties": { }, "geometry": { "type": "Polygon", "coordinates": [ [ [ 77.425870354542027, 23.241237044336476 ], [ 77.425929254542027, 23.241265844327529 ], [ 77.426100854542028, 23.240970144419386 ], [ 77.426042054542037, 23.240941244428363 ], [ 77.425870354542027, 23.241237044336476 ] ] ] } },
{ "type": "Feature", "properties": { }, "geometry": { "type": "Polygon", "coordinates": [ [ [ 77.437975054542051, 23.239447044892501 ], [ 77.438058854542021, 23.239472444884612 ], [ 77.438106454542037, 23.239339344925959 ], [ 77.438022654542038, 23.239314044933817 ], [ 77.437975054542051, 23.239447044892501 ] ] ] } },
{ "type": "Feature", "properties": { }, "geometry": { "type": "Polygon", "coordinates": [ [ [ 77.432885454542031, 23.239845444768751 ], [ 77.433057054542033, 23.239804744781388 ], [ 77.433006654542012, 23.239625644837023 ], [ 77.432835154542033, 23.239666444824358 ], [ 77.432885454542031, 23.239845444768751 ] ] ] } },
{ "type": "Feature", "properties": { }, "geometry": { "type": "Polygon", "coordinates": [ [ [ 77.43296925454203, 23.23931734493279 ], [ 77.433082654542034, 23.239310044935056 ], [ 77.433070954542018, 23.239158844982022 ], [ 77.432957654542037, 23.239166244979728 ], [ 77.43296925454203, 23.23931734493279 ] ] ] } },
{ "type": "Feature", "properties": { }, "geometry": { "type": "Polygon", "coordinates": [ [ [ 77.434503554542033, 23.23910794499783 ], [ 77.434685854542039, 23.239143044986935 ], [ 77.434700254542037, 23.239080145006469 ], [ 77.434517854542037, 23.239045045017367 ], [ 77.434503554542033, 23.23910794499783 ] ] ] } },
{ "type": "Feature", "properties": { }, "geometry": { "type": "Polygon", "coordinates": [ [ [ 77.43274935454204, 23.239549044860819 ], [ 77.432981354542036, 23.239494844877651 ], [ 77.432962854542026, 23.239428044898407 ], [ 77.432730854542029, 23.239482244881572 ], [ 77.43274935454204, 23.239549044860819 ] ] ] } },
{ "type": "Feature", "properties": { }, "geometry": { "type": "Polygon", "coordinates": [ [ [ 77.433652554542036, 23.238472045195351 ], [ 77.433846754542031, 23.238530645177143 ], [ 77.433905754542039, 23.238365445228457 ], [ 77.433711554542015, 23.238306945246631 ], [ 77.433652554542036, 23.238472045195351 ] ] ] } },
{ "type": "Feature", "properties": { }, "geometry": { "type": "Polygon", "coordinates": [ [ [ 77.438314954542037, 23.239529644866849 ], [ 77.438396554542024, 23.239553344859488 ], [ 77.438440854542037, 23.239424544899492 ], [ 77.438359254542021, 23.239400844906861 ], [ 77.438314954542037, 23.239529644866849 ] ] ] } },
{ "type": "Feature", "properties": { }, "geometry": { "type": "Polygon", "coordinates": [ [ [ 77.433002854542039, 23.2395262448679 ], [ 77.433194554542027, 23.239484344880918 ], [ 77.433162654542031, 23.239360944919248 ], [ 77.43297085454202, 23.23940284490623 ], [ 77.433002854542039, 23.2395262448679 ] ] ] } },
{ "type": "Feature", "properties": { }, "geometry": { "type": "Polygon", "coordinates": [ [ [ 77.433321354542016, 23.239946444737381 ], [ 77.433490354542016, 23.239911944748094 ], [ 77.433471754542026, 23.239835044771979 ], [ 77.433302754542012, 23.239869544761266 ], [ 77.433321354542016, 23.239946444737381 ] ] ] } },
{ "type": "Feature", "properties": { }, "geometry": { "type": "Polygon", "coordinates": [ [ [ 77.438766554542028, 23.239319544932112 ], [ 77.438989854542029, 23.239383644912195 ], [ 77.439022654542029, 23.239287044942202 ], [ 77.438799354542027, 23.239222944962119 ], [ 77.438766554542028, 23.239319544932112 ] ] ] } },
{ "type": "Feature", "properties": { }, "geometry": { "type": "Polygon", "coordinates": [ [ [ 77.433286454542028, 23.239766544793266 ], [ 77.433456154542014, 23.239727144805499 ], [ 77.433405954542025, 23.239545044862062 ], [ 77.433236354542032, 23.239584444849825 ], [ 77.433286454542028, 23.239766544793266 ] ] ] } },
{ "type": "Feature", "properties": { }, "geometry": { "type": "Polygon", "coordinates": [ [ [ 77.438075554542039, 23.239487144880052 ], [ 77.438196854542028, 23.239519544869989 ], [ 77.438247854542027, 23.239358744919929 ], [ 77.438126554542038, 23.239326344929992 ], [ 77.438075554542039, 23.239487144880052 ] ] ] } },
{ "type": "Feature", "properties": { }, "geometry": { "type": "Polygon", "coordinates": [ [ [ 77.432531354542036, 23.238068045320837 ], [ 77.432756854542035, 23.238153345294332 ], [ 77.432822054542029, 23.238007645339589 ], [ 77.432596654542039, 23.237922445366053 ], [ 77.432531354542036, 23.238068045320837 ] ] ] } },
{ "type": "Feature", "properties": { }, "geometry": { "type": "Polygon", "coordinates": [ [ [ 77.433229454542015, 23.237993945343845 ], [ 77.433203854542029, 23.238091545313534 ], [ 77.433415054542039, 23.238138345298992 ], [ 77.433440654542039, 23.238040745329311 ], [ 77.433229454542015, 23.237993945343845 ] ] ] } },
{ "type": "Feature", "properties": { }, "geometry": { "type": "Polygon", "coordinates": [ [ [ 77.433258254542039, 23.238291045251568 ], [ 77.433440654542039, 23.23836914522731 ], [ 77.433502354542028, 23.238247545265075 ], [ 77.433319954542029, 23.238169545289306 ], [ 77.433258254542039, 23.238291045251568 ] ] ] } },
{ "type": "Feature", "properties": { }, "geometry": { "type": "Polygon", "coordinates": [ [ [ 77.434044854542037, 23.238976645038619 ], [ 77.434284254542035, 23.23903454502063 ], [ 77.434303154542036, 23.238968445041163 ], [ 77.434063754542038, 23.238910545059149 ], [ 77.434044854542037, 23.238976645038619 ] ] ] } },
{ "type": "Feature", "properties": { }, "geometry": { "type": "Polygon", "coordinates": [ [ [ 77.433487654542034, 23.238403645216597 ], [ 77.43359975454203, 23.238451645201685 ], [ 77.433665954542036, 23.238321045242245 ], [ 77.433553854542026, 23.238273045257159 ], [ 77.433487654542034, 23.238403645216597 ] ] ] } },
{ "type": "Feature", "properties": { }, "geometry": { "type": "Polygon", "coordinates": [ [ [ 77.43320335454203, 23.23945844488896 ], [ 77.433305254542034, 23.239435644896041 ], [ 77.433272254542032, 23.239311044934748 ], [ 77.433170254542034, 23.239333844927668 ], [ 77.43320335454203, 23.23945844488896 ] ] ] } },
{ "type": "Feature", "properties": { }, "geometry": { "type": "Polygon", "coordinates": [ [ [ 77.432961554542032, 23.240665944513882 ], [ 77.433337454542027, 23.240576244541749 ], [ 77.433218554542023, 23.240155544672422 ], [ 77.43284255454202, 23.240245244644566 ], [ 77.432961554542032, 23.240665944513882 ] ] ] } },
{ "type": "Feature", "properties": { }, "geometry": { "type": "Polygon", "coordinates": [ [ [ 77.437835254542037, 23.239410644903806 ], [ 77.437954254542021, 23.239440944894401 ], [ 77.437998354542032, 23.239294544939874 ], [ 77.437879354542034, 23.239264244949286 ], [ 77.437835254542037, 23.239410644903806 ] ] ] } },
{ "type": "Feature", "properties": { }, "geometry": { "type": "Polygon", "coordinates": [ [ [ 77.433350854542027, 23.238000645341771 ], [ 77.433481154542051, 23.23802624533381 ], [ 77.433532154542036, 23.237806945401925 ], [ 77.433401754542032, 23.237781345409878 ], [ 77.433350854542027, 23.238000645341771 ] ] ] } },
{ "type": "Feature", "properties": { }, "geometry": { "type": "Polygon", "coordinates": [ [ [ 77.437791854542027, 23.23960164484448 ], [ 77.437908954542024, 23.239626344836811 ], [ 77.437944154542024, 23.239485044880702 ], [ 77.437827054542026, 23.239460444888344 ], [ 77.437791854542027, 23.23960164484448 ] ] ] } },
{ "type": "Feature", "properties": { }, "geometry": { "type": "Polygon", "coordinates": [ [ [ 77.433782654542028, 23.237909445370097 ], [ 77.433960054542013, 23.237949745357586 ], [ 77.434013754542036, 23.237750145419572 ], [ 77.433836354542024, 23.237709845432089 ], [ 77.433782654542028, 23.237909445370097 ] ] ] } },
{ "type": "Feature", "properties": { }, "geometry": { "type": "Polygon", "coordinates": [ [ [ 77.437914254542022, 23.239627344836496 ], [ 77.43801345454203, 23.23965314482848 ], [ 77.43805375454204, 23.239521844869266 ], [ 77.437954554542031, 23.239496044877281 ], [ 77.437914254542022, 23.239627344836496 ] ] ] } },
{ "type": "Feature", "properties": { }, "geometry": { "type": "Polygon", "coordinates": [ [ [ 77.432699054542027, 23.239387644910952 ], [ 77.432949854542017, 23.239356844920515 ], [ 77.432919754542013, 23.239150144984727 ], [ 77.432668954542038, 23.239180944975153 ], [ 77.432699054542027, 23.239387644910952 ] ] ] } },
{ "type": "Feature", "properties": { }, "geometry": { "type": "Polygon", "coordinates": [ [ [ 77.433077954542028, 23.239780744788852 ], [ 77.433244854542039, 23.239744344800155 ], [ 77.433203154542028, 23.239582544850414 ], [ 77.433036154542023, 23.239618944839112 ], [ 77.433077954542028, 23.239780744788852 ] ] ] } },
{ "type": "Feature", "properties": { }, "geometry": { "type": "Polygon", "coordinates": [ [ [ 77.434244054542035, 23.237819545398011 ], [ 77.434175854542019, 23.23804364532841 ], [ 77.434415954542033, 23.238105345309251 ], [ 77.43448405454204, 23.237881145378882 ], [ 77.434244054542035, 23.237819545398011 ] ] ] } },
{ "type": "Feature", "properties": { }, "geometry": { "type": "Polygon", "coordinates": [ [ [ 77.438803454542025, 23.241105744377265 ], [ 77.439004554542038, 23.241132844368845 ], [ 77.439032854542035, 23.240955544423919 ], [ 77.438831754542036, 23.240928444432345 ], [ 77.438803454542025, 23.241105744377265 ] ] ] } },
{ "type": "Feature", "properties": { }, "geometry": { "type": "Polygon", "coordinates": [ [ [ 77.434518254542027, 23.238902745061566 ], [ 77.434674654542036, 23.23896834504119 ], [ 77.43473165454202, 23.238853745076788 ], [ 77.43457525454204, 23.238788145097168 ], [ 77.434518254542027, 23.238902745061566 ] ] ] } },
{ "type": "Feature", "properties": { }, "geometry": { "type": "Polygon", "coordinates": [ [ [ 77.433561154542033, 23.237873745381187 ], [ 77.433747354542035, 23.237919945366833 ], [ 77.433809954542014, 23.23770654543311 ], [ 77.433623754542026, 23.237660345447466 ], [ 77.433561154542033, 23.237873745381187 ] ] ] } },
{ "type": "Feature", "properties": { }, "geometry": { "type": "Polygon", "coordinates": [ [ [ 77.434649054542035, 23.23793044536357 ], [ 77.434765754542028, 23.237950545357325 ], [ 77.434807254542037, 23.237747245420472 ], [ 77.43469055454203, 23.237727145426714 ], [ 77.434649054542035, 23.23793044536357 ] ] ] } },
{ "type": "Feature", "properties": { }, "geometry": { "type": "Polygon", "coordinates": [ [ [ 77.434315054542012, 23.239085145004914 ], [ 77.434404454542033, 23.239105844998488 ], [ 77.434434054542038, 23.238998645031785 ], [ 77.434344554542037, 23.238977945038215 ], [ 77.434315054542012, 23.239085145004914 ] ] ] } },
{ "type": "Feature", "properties": { }, "geometry": { "type": "Polygon", "coordinates": [ [ [ 77.433167054542039, 23.239304444936803 ], [ 77.43326965454203, 23.239279844944441 ], [ 77.433226054542033, 23.239126544992054 ], [ 77.433123554542036, 23.239151244984384 ], [ 77.433167054542039, 23.239304444936803 ] ] ] } },
{ "type": "Feature", "properties": { }, "geometry": { "type": "Polygon", "coordinates": [ [ [ 77.438211754542039, 23.239514844871447 ], [ 77.43830285454203, 23.239541144863278 ], [ 77.438346454542028, 23.239413644902875 ], [ 77.438255254542014, 23.239387344911044 ], [ 77.438211754542039, 23.239514844871447 ] ] ] } },
{ "type": "Feature", "properties": { }, "geometry": { "type": "Polygon", "coordinates": [ [ [ 77.43475765454204, 23.238210145276696 ], [ 77.435007054542027, 23.238263145260238 ], [ 77.435059854542018, 23.238053345325397 ], [ 77.434810454542031, 23.23800034534186 ], [ 77.43475765454204, 23.238210145276696 ] ] ] } },
{ "type": "Feature", "properties": { }, "geometry": { "type": "Polygon", "coordinates": [ [ [ 77.433217054542027, 23.237957245355243 ], [ 77.433329354542039, 23.237977845348848 ], [ 77.433375054542012, 23.237767945414038 ], [ 77.433217354542023, 23.237738945423047 ], [ 77.433185254542039, 23.237886645377177 ], [ 77.433217054542027, 23.237957245355243 ] ] ] } },
{ "type": "Feature", "properties": { }, "geometry": { "type": "Polygon", "coordinates": [ [ [ 77.438026254542038, 23.239641844832001 ], [ 77.438144454542027, 23.239672144822581 ], [ 77.438166954542027, 23.239597944845627 ], [ 77.438151154542027, 23.239593844846901 ], [ 77.438162954542037, 23.239554844859018 ], [ 77.438060554542034, 23.239528644867153 ], [ 77.438026254542038, 23.239641844832001 ] ] ] } },
{ "type": "Feature", "properties": { }, "geometry": { "type": "Polygon", "coordinates": [ [ [ 77.43312555454203, 23.237661845446993 ], [ 77.433522454542029, 23.237735745424047 ], [ 77.433590554542036, 23.237427045519919 ], [ 77.433153954542036, 23.237345645545208 ], [ 77.433126154542038, 23.237471745506042 ], [ 77.43316585454204, 23.237479145503748 ], [ 77.43312555454203, 23.237661845446993 ] ] ] } },
{ "type": "Feature", "properties": { }, "geometry": { "type": "Polygon", "coordinates": [ [ [ 77.434156854542039, 23.238189245283184 ], [ 77.434096454542029, 23.238377945224578 ], [ 77.434350354542033, 23.238446545203271 ], [ 77.434310354542021, 23.238571745164382 ], [ 77.434553954542025, 23.238637545143945 ], [ 77.434654354542033, 23.238323545241474 ], [ 77.434156854542039, 23.238189245283184 ] ] ] } },
{ "type": "Feature", "properties": { }, "geometry": { "type": "Polygon", "coordinates": [ [ [ 77.432377854542025, 23.239507744873652 ], [ 77.432587054542026, 23.239469544885516 ], [ 77.432572054542035, 23.239400344907015 ], [ 77.432666354542022, 23.239383144912352 ], [ 77.432648054542028, 23.2392986449386 ], [ 77.432618354542029, 23.239304144936888 ], [ 77.432597954542018, 23.239210044966114 ], [ 77.432324254542038, 23.239260044950594 ], [ 77.432377854542025, 23.239507744873652 ] ] ] } },
{ "type": "Feature", "properties": { }, "geometry": { "type": "Polygon", "coordinates": [ [ [ 77.438163554542029, 23.239674144821961 ], [ 77.438245554542036, 23.239694044815778 ], [ 77.438279254542039, 23.239576644852246 ], [ 77.438169754542031, 23.239550144860477 ], [ 77.438157954542035, 23.239591544847613 ], [ 77.43817415454204, 23.239595444846408 ], [ 77.438162754542034, 23.239635444833986 ], [ 77.438173954542023, 23.239638144833147 ], [ 77.438163554542029, 23.239674144821961 ] ] ] } },
{ "type": "Feature", "properties": { }, "geometry": { "type": "Polygon", "coordinates": [ [ [ 77.443415854542039, 23.238392445220075 ], [ 77.443412554542036, 23.238508545184011 ], [ 77.443454954542034, 23.2385095451837 ], [ 77.443453754542034, 23.238549445171309 ], [ 77.443536954542012, 23.238551445170689 ], [ 77.443538054542017, 23.238513345182522 ], [ 77.443519054542037, 23.238512945182645 ], [ 77.443522454542034, 23.238394945219298 ], [ 77.443415854542039, 23.238392445220075 ] ] ] } },
{ "type": "Feature", "properties": { }, "geometry": { "type": "Polygon", "coordinates": [ [ [ 77.443598054542036, 23.239324944930427 ], [ 77.443698554542038, 23.239275044945927 ], [ 77.44365465454203, 23.239200244969165 ], [ 77.443554054542034, 23.239250144953658 ], [ 77.443598054542036, 23.239324944930427 ] ] ] } },
{ "type": "Feature", "properties": { }, "geometry": { "type": "Polygon", "coordinates": [ [ [ 77.441827754542032, 23.240334144616952 ], [ 77.44185125454203, 23.240365744607136 ], [ 77.441931654542017, 23.240315144622851 ], [ 77.441908254542028, 23.240283644632633 ], [ 77.441827754542032, 23.240334144616952 ] ] ] } },
{ "type": "Feature", "properties": { }, "geometry": { "type": "Polygon", "coordinates": [ [ [ 77.441587654542033, 23.239708144811399 ], [ 77.441653554542029, 23.239801244782484 ], [ 77.441734054542025, 23.239753144797429 ], [ 77.441668154542029, 23.239660144826313 ], [ 77.441587654542033, 23.239708144811399 ] ] ] } },
{ "type": "Feature", "properties": { }, "geometry": { "type": "Polygon", "coordinates": [ [ [ 77.443324454542037, 23.239258944950929 ], [ 77.443348554542013, 23.239293044940336 ], [ 77.443390754542037, 23.239267744948197 ], [ 77.443366654542032, 23.239233744958756 ], [ 77.443324454542037, 23.239258944950929 ] ] ] } },
{ "type": "Feature", "properties": { }, "geometry": { "type": "Polygon", "coordinates": [ [ [ 77.441870654542029, 23.240178844665184 ], [ 77.441983354542032, 23.240117244684328 ], [ 77.441927354542017, 23.24003094471113 ], [ 77.441814754542023, 23.240092544691993 ], [ 77.441870654542029, 23.240178844665184 ] ] ] } },
{ "type": "Feature", "properties": { }, "geometry": { "type": "Polygon", "coordinates": [ [ [ 77.442120154542039, 23.23926334494956 ], [ 77.442244854542039, 23.239201644968727 ], [ 77.442189854542036, 23.239107644997922 ], [ 77.442065154542021, 23.23916924497879 ], [ 77.442120154542039, 23.23926334494956 ] ] ] } },
{ "type": "Feature", "properties": { }, "geometry": { "type": "Polygon", "coordinates": [ [ [ 77.441638654542018, 23.239009445028433 ], [ 77.441791554542036, 23.239015645026505 ], [ 77.441796354542035, 23.238913945058091 ], [ 77.441643554542026, 23.238907745060018 ], [ 77.441638654542018, 23.239009445028433 ] ] ] } },
{ "type": "Feature", "properties": { }, "geometry": { "type": "Polygon", "coordinates": [ [ [ 77.44206915454204, 23.239874544759704 ], [ 77.442156354542021, 23.239826444774653 ], [ 77.442038954542014, 23.239646744830477 ], [ 77.441951754542032, 23.239694744815566 ], [ 77.44206915454204, 23.239874544759704 ] ] ] } },
{ "type": "Feature", "properties": { }, "geometry": { "type": "Polygon", "coordinates": [ [ [ 77.442942854542039, 23.23898914503474 ], [ 77.442992554542016, 23.238978945037903 ], [ 77.442975854542027, 23.238909945059333 ], [ 77.442926154542036, 23.238920145056163 ], [ 77.442942854542039, 23.23898914503474 ] ] ] } },
{ "type": "Feature", "properties": { }, "geometry": { "type": "Polygon", "coordinates": [ [ [ 77.443129254542029, 23.239370544916262 ], [ 77.443169954542029, 23.239423744899739 ], [ 77.443259754542026, 23.239365744917755 ], [ 77.443219154542035, 23.239312544934283 ], [ 77.443129254542029, 23.239370544916262 ] ] ] } },
{ "type": "Feature", "properties": { }, "geometry": { "type": "Polygon", "coordinates": [ [ [ 77.442325354542035, 23.240302144626888 ], [ 77.442433954542054, 23.24025164464258 ], [ 77.442358954542016, 23.240115444684886 ], [ 77.44225035454204, 23.240165944669201 ], [ 77.442325354542035, 23.240302144626888 ] ] ] } },
{ "type": "Feature", "properties": { }, "geometry": { "type": "Polygon", "coordinates": [ [ [ 77.442364154542034, 23.239660144826313 ], [ 77.442414554542026, 23.239735844802798 ], [ 77.442535254542022, 23.239668044823862 ], [ 77.44248485454203, 23.23959234484737 ], [ 77.442364154542034, 23.239660144826313 ] ] ] } },
{ "type": "Feature", "properties": { }, "geometry": { "type": "Polygon", "coordinates": [ [ [ 77.441955154542015, 23.239672444822489 ], [ 77.442054454542046, 23.239615744840105 ], [ 77.441922354542029, 23.239420544900735 ], [ 77.441823054542027, 23.239477144883157 ], [ 77.441955154542015, 23.239672444822489 ] ] ] } },
{ "type": "Feature", "properties": { }, "geometry": { "type": "Polygon", "coordinates": [ [ [ 77.441359754542034, 23.238896045063647 ], [ 77.441429454542018, 23.238898545062874 ], [ 77.441435254542029, 23.238760345105799 ], [ 77.441365454542037, 23.23875784510658 ], [ 77.441359754542034, 23.238896045063647 ] ] ] } },
{ "type": "Feature", "properties": { }, "geometry": { "type": "Polygon", "coordinates": [ [ [ 77.442035454542037, 23.239101744999758 ], [ 77.442168554542036, 23.239096845001281 ], [ 77.44216315454203, 23.238970045040666 ], [ 77.442029954542022, 23.238974945039143 ], [ 77.442035454542037, 23.239101744999758 ] ] ] } },
{ "type": "Feature", "properties": { }, "geometry": { "type": "Polygon", "coordinates": [ [ [ 77.441367754542028, 23.239602144844326 ], [ 77.441389554542027, 23.239631944835068 ], [ 77.441455254542035, 23.239591244847709 ], [ 77.441433454542036, 23.239561544856944 ], [ 77.441367754542028, 23.239602144844326 ] ] ] } },
{ "type": "Feature", "properties": { }, "geometry": { "type": "Polygon", "coordinates": [ [ [ 77.442460054542025, 23.239406244905176 ], [ 77.442421854542033, 23.23933724492661 ], [ 77.442371354542033, 23.239360844919279 ], [ 77.442409554542039, 23.239429844897842 ], [ 77.442460054542025, 23.239406244905176 ] ] ] } },
{ "type": "Feature", "properties": { }, "geometry": { "type": "Polygon", "coordinates": [ [ [ 77.443123954542031, 23.238953945045669 ], [ 77.443146354542037, 23.238996845032339 ], [ 77.443183954542036, 23.238980145037527 ], [ 77.443161454542022, 23.238937345050825 ], [ 77.443123954542031, 23.238953945045669 ] ] ] } },
{ "type": "Feature", "properties": { }, "geometry": { "type": "Polygon", "coordinates": [ [ [ 77.441406654542021, 23.239423544899804 ], [ 77.441483154542013, 23.23954614486172 ], [ 77.441574354542027, 23.239498044876662 ], [ 77.441497854542021, 23.239375444914742 ], [ 77.441406654542021, 23.239423544899804 ] ] ] } },
{ "type": "Feature", "properties": { }, "geometry": { "type": "Polygon", "coordinates": [ [ [ 77.443091754542039, 23.239818444777139 ], [ 77.443173554542014, 23.239772844791304 ], [ 77.443128054542015, 23.239703844812738 ], [ 77.44304625454204, 23.239749444798566 ], [ 77.443091754542039, 23.239818444777139 ] ] ] } },
{ "type": "Feature", "properties": { }, "geometry": { "type": "Polygon", "coordinates": [ [ [ 77.441662854542031, 23.239925044744027 ], [ 77.441780854542031, 23.240091444692339 ], [ 77.441845954542032, 23.240052344704488 ], [ 77.441727954542031, 23.23988604475614 ], [ 77.441662854542031, 23.239925044744027 ] ] ] } },
{ "type": "Feature", "properties": { }, "geometry": { "type": "Polygon", "coordinates": [ [ [ 77.441973254542035, 23.23921674496404 ], [ 77.441895454542021, 23.239073045008674 ], [ 77.441776954542036, 23.239127144991865 ], [ 77.441854754542035, 23.239270844947239 ], [ 77.441973254542035, 23.23921674496404 ] ] ] } },
{ "type": "Feature", "properties": { }, "geometry": { "type": "Polygon", "coordinates": [ [ [ 77.442912754542036, 23.239638544833024 ], [ 77.442961454542029, 23.239630244835588 ], [ 77.442943354542038, 23.239540844863367 ], [ 77.44289465454203, 23.239549144860788 ], [ 77.442912754542036, 23.239638544833024 ] ] ] } },
{ "type": "Feature", "properties": { }, "geometry": { "type": "Polygon", "coordinates": [ [ [ 77.443282354542035, 23.238736345113256 ], [ 77.443419454542024, 23.238737745112818 ], [ 77.443421254542017, 23.238589445158883 ], [ 77.443284154542013, 23.238587945159349 ], [ 77.443282354542035, 23.238736345113256 ] ] ] } },
{ "type": "Feature", "properties": { }, "geometry": { "type": "Polygon", "coordinates": [ [ [ 77.442506654542029, 23.238490045189764 ], [ 77.442649654542038, 23.238498245187213 ], [ 77.442656154542036, 23.238401945217124 ], [ 77.442513154542013, 23.238393745219671 ], [ 77.442506654542029, 23.238490045189764 ] ] ] } },
{ "type": "Feature", "properties": { }, "geometry": { "type": "Polygon", "coordinates": [ [ [ 77.441622554542036, 23.240433944585945 ], [ 77.44169095454204, 23.240399444596669 ], [ 77.441608154542038, 23.240260844639717 ], [ 77.441539854542029, 23.240295344629004 ], [ 77.441622554542036, 23.240433944585945 ] ] ] } },
{ "type": "Feature", "properties": { }, "geometry": { "type": "Polygon", "coordinates": [ [ [ 77.442468854542028, 23.238879445068807 ], [ 77.442505054542039, 23.238879145068907 ], [ 77.442504454542032, 23.238810145090333 ], [ 77.442468154542027, 23.238810445090241 ], [ 77.442468854542028, 23.238879445068807 ] ] ] } },
{ "type": "Feature", "properties": { }, "geometry": { "type": "Polygon", "coordinates": [ [ [ 77.44163295454203, 23.238563345166991 ], [ 77.44170955454203, 23.238562645167214 ], [ 77.441708254542021, 23.2384332452074 ], [ 77.441631654542036, 23.238433945207181 ], [ 77.44163295454203, 23.238563345166991 ] ] ] } },
{ "type": "Feature", "properties": { }, "geometry": { "type": "Polygon", "coordinates": [ [ [ 77.443148854542017, 23.238728145115804 ], [ 77.443268254542033, 23.2387294451154 ], [ 77.443269854542038, 23.238600545155439 ], [ 77.443150454542035, 23.238599245155843 ], [ 77.443148854542017, 23.238728145115804 ] ] ] } },
{ "type": "Feature", "properties": { }, "geometry": { "type": "Polygon", "coordinates": [ [ [ 77.443636254542028, 23.239413644902875 ], [ 77.44360805454204, 23.239371744915893 ], [ 77.443578354542012, 23.239388544910678 ], [ 77.443606554542029, 23.239430444897657 ], [ 77.443636254542028, 23.239413644902875 ] ] ] } },
{ "type": "Feature", "properties": { }, "geometry": { "type": "Polygon", "coordinates": [ [ [ 77.441980654542036, 23.24054984454995 ], [ 77.442016854542032, 23.240528844556469 ], [ 77.441993954542028, 23.240495344566877 ], [ 77.441957754542031, 23.240516344560355 ], [ 77.441980654542036, 23.24054984454995 ] ] ] } },
{ "type": "Feature", "properties": { }, "geometry": { "type": "Polygon", "coordinates": [ [ [ 77.441681554542029, 23.239840044770428 ], [ 77.441753954542037, 23.239799344783069 ], [ 77.441732554542014, 23.239767144793078 ], [ 77.441660154542035, 23.23980774478046 ], [ 77.441681554542029, 23.239840044770428 ] ] ] } },
{ "type": "Feature", "properties": { }, "geometry": { "type": "Polygon", "coordinates": [ [ [ 77.44337675454203, 23.239226344961065 ], [ 77.443398554542028, 23.239256344951738 ], [ 77.44345765454203, 23.239219944963047 ], [ 77.443435754542037, 23.23918994497236 ], [ 77.44337675454203, 23.239226344961065 ] ] ] } },
{ "type": "Feature", "properties": { }, "geometry": { "type": "Polygon", "coordinates": [ [ [ 77.441755354542039, 23.240229444649476 ], [ 77.44179085454202, 23.240277244634623 ], [ 77.441875354542034, 23.240224244651092 ], [ 77.441839854542039, 23.240176444665938 ], [ 77.441755354542039, 23.240229444649476 ] ] ] } },
{ "type": "Feature", "properties": { }, "geometry": { "type": "Polygon", "coordinates": [ [ [ 77.441485754542029, 23.239230044959907 ], [ 77.441581954542031, 23.239436144895887 ], [ 77.441657054542034, 23.239406544905084 ], [ 77.441560854542018, 23.2392004449691 ], [ 77.441485754542029, 23.239230044959907 ] ] ] } },
{ "type": "Feature", "properties": { }, "geometry": { "type": "Polygon", "coordinates": [ [ [ 77.441817354542039, 23.239048045016439 ], [ 77.441926954542012, 23.239047745016531 ], [ 77.441926554542022, 23.238908045059929 ], [ 77.441816954542034, 23.238908345059833 ], [ 77.441817354542039, 23.239048045016439 ] ] ] } },
{ "type": "Feature", "properties": { }, "geometry": { "type": "Polygon", "coordinates": [ [ [ 77.443003254542035, 23.238811045090053 ], [ 77.443020054542032, 23.238865845073029 ], [ 77.443115254542036, 23.238841145080702 ], [ 77.443098454542024, 23.238786445097698 ], [ 77.443003254542035, 23.238811045090053 ] ] ] } },
{ "type": "Feature", "properties": { }, "geometry": { "type": "Polygon", "coordinates": [ [ [ 77.443343254542029, 23.239199844969285 ], [ 77.443359654542036, 23.239222244962324 ], [ 77.443437454542035, 23.239174244977242 ], [ 77.443420954542034, 23.239151744984227 ], [ 77.443343254542029, 23.239199844969285 ] ] ] } },
{ "type": "Feature", "properties": { }, "geometry": { "type": "Polygon", "coordinates": [ [ [ 77.441925654542032, 23.240177644665561 ], [ 77.441966454542026, 23.240221244652016 ], [ 77.442052254542034, 23.24015344467308 ], [ 77.442011454542026, 23.240109844686621 ], [ 77.441925654542032, 23.240177644665561 ] ] ] } },
{ "type": "Feature", "properties": { }, "geometry": { "type": "Polygon", "coordinates": [ [ [ 77.442246154542019, 23.239470344885262 ], [ 77.442372254542036, 23.239409944904029 ], [ 77.442260054542032, 23.239212144965467 ], [ 77.44213395454203, 23.239272544946708 ], [ 77.442246154542019, 23.239470344885262 ] ] ] } },
{ "type": "Feature", "properties": { }, "geometry": { "type": "Polygon", "coordinates": [ [ [ 77.441630654542024, 23.23877164510229 ], [ 77.441630654542024, 23.238897345063243 ], [ 77.441770054542047, 23.238897345063243 ], [ 77.441770054542047, 23.23877164510229 ], [ 77.441630654542024, 23.23877164510229 ] ] ] } },
{ "type": "Feature", "properties": { }, "geometry": { "type": "Polygon", "coordinates": [ [ [ 77.442054454542046, 23.239615744840105 ], [ 77.44216705454204, 23.239559044857717 ], [ 77.442050254542039, 23.239363044918598 ], [ 77.441937554542037, 23.239419744900982 ], [ 77.442054454542046, 23.239615744840105 ] ] ] } },
{ "type": "Feature", "properties": { }, "geometry": { "type": "Polygon", "coordinates": [ [ [ 77.442553954542035, 23.239265144949002 ], [ 77.442749754542035, 23.23915424498345 ], [ 77.442711454542035, 23.239097045001216 ], [ 77.442515654542021, 23.239208044966741 ], [ 77.442553954542035, 23.239265144949002 ] ] ] } },
{ "type": "Feature", "properties": { }, "geometry": { "type": "Polygon", "coordinates": [ [ [ 77.442881154542022, 23.239199244969473 ], [ 77.442920054542029, 23.239252844952826 ], [ 77.442978454542029, 23.239217044963947 ], [ 77.442939554542036, 23.239163444980591 ], [ 77.442881154542022, 23.239199244969473 ] ] ] } },
{ "type": "Feature", "properties": { }, "geometry": { "type": "Polygon", "coordinates": [ [ [ 77.44236685454203, 23.240060544701937 ], [ 77.442479554542032, 23.240002644719922 ], [ 77.442403354542037, 23.239877644758749 ], [ 77.442290754542029, 23.239935544740764 ], [ 77.44236685454203, 23.240060544701937 ] ] ] } },
{ "type": "Feature", "properties": { }, "geometry": { "type": "Polygon", "coordinates": [ [ [ 77.442333354542029, 23.239668744823639 ], [ 77.442412454542037, 23.239624344837431 ], [ 77.442354054542022, 23.239536344864764 ], [ 77.442274954542015, 23.239580744850972 ], [ 77.442333354542029, 23.239668744823639 ] ] ] } },
{ "type": "Feature", "properties": { }, "geometry": { "type": "Polygon", "coordinates": [ [ [ 77.441814854542031, 23.239463644887348 ], [ 77.44191835454204, 23.239410344903906 ], [ 77.441837454542039, 23.239277644945123 ], [ 77.44173395454203, 23.239330944928565 ], [ 77.441814854542031, 23.239463644887348 ] ] ] } },
{ "type": "Feature", "properties": { }, "geometry": { "type": "Polygon", "coordinates": [ [ [ 77.442019554542014, 23.238960345043683 ], [ 77.442147854542014, 23.238953845045696 ], [ 77.442138354542038, 23.238795045095021 ], [ 77.442010054542038, 23.238801545093004 ], [ 77.442019554542014, 23.238960345043683 ] ] ] } },
{ "type": "Feature", "properties": { }, "geometry": { "type": "Polygon", "coordinates": [ [ [ 77.441574254542019, 23.239693344815993 ], [ 77.441646754542035, 23.23965644482746 ], [ 77.441601154542028, 23.239581044850883 ], [ 77.441528754542034, 23.239618044839393 ], [ 77.441574254542019, 23.239693344815993 ] ] ] } },
{ "type": "Feature", "properties": { }, "geometry": { "type": "Polygon", "coordinates": [ [ [ 77.442260654542039, 23.238341645235852 ], [ 77.44237595454203, 23.238346945234206 ], [ 77.44237985454204, 23.238274045256848 ], [ 77.442264554542035, 23.238268745258491 ], [ 77.442260654542039, 23.238341645235852 ] ] ] } },
{ "type": "Feature", "properties": { }, "geometry": { "type": "Polygon", "coordinates": [ [ [ 77.441922954542036, 23.239390244910147 ], [ 77.442036954542033, 23.23933234492813 ], [ 77.441977454542027, 23.23923334495888 ], [ 77.44186345454203, 23.239291244940901 ], [ 77.441922954542036, 23.239390244910147 ] ] ] } },
{ "type": "Feature", "properties": { }, "geometry": { "type": "Polygon", "coordinates": [ [ [ 77.442413854542039, 23.239440744894459 ], [ 77.442501654542014, 23.239570744854081 ], [ 77.442540154542016, 23.239548744860912 ], [ 77.442452354542027, 23.239418744901293 ], [ 77.442413854542039, 23.239440744894459 ] ] ] } },
{ "type": "Feature", "properties": { }, "geometry": { "type": "Polygon", "coordinates": [ [ [ 77.443459254542034, 23.238981145037215 ], [ 77.443447854542029, 23.238835645082418 ], [ 77.443386654542039, 23.23883974508114 ], [ 77.44339805454203, 23.238985145035972 ], [ 77.443459254542034, 23.238981145037215 ] ] ] } },
{ "type": "Feature", "properties": { }, "geometry": { "type": "Polygon", "coordinates": [ [ [ 77.441466954542022, 23.240244244644877 ], [ 77.441571654542031, 23.240185044663267 ], [ 77.441499954542053, 23.240078044696503 ], [ 77.441395354542038, 23.240137144678148 ], [ 77.441466954542022, 23.240244244644877 ] ] ] } },
{ "type": "Feature", "properties": { }, "geometry": { "type": "Polygon", "coordinates": [ [ [ 77.443257354542013, 23.239671144822889 ], [ 77.443282254542012, 23.239711944810217 ], [ 77.443320554542012, 23.239692244816339 ], [ 77.443295554542033, 23.239651444829011 ], [ 77.443257354542013, 23.239671144822889 ] ] ] } },
{ "type": "Feature", "properties": { }, "geometry": { "type": "Polygon", "coordinates": [ [ [ 77.441611854542032, 23.240155444672457 ], [ 77.441737954542035, 23.240080344695784 ], [ 77.441635354542029, 23.239935144740883 ], [ 77.441509354542021, 23.240010344717533 ], [ 77.441611854542032, 23.240155444672457 ] ] ] } },
{ "type": "Feature", "properties": { }, "geometry": { "type": "Polygon", "coordinates": [ [ [ 77.44281015454203, 23.239506644873995 ], [ 77.442776054542037, 23.239533144865753 ], [ 77.442827654542015, 23.239589244848336 ], [ 77.442861754542037, 23.239562744856567 ], [ 77.44281015454203, 23.239506644873995 ] ] ] } },
{ "type": "Feature", "properties": { }, "geometry": { "type": "Polygon", "coordinates": [ [ [ 77.441710354542025, 23.238708545121888 ], [ 77.441870954542026, 23.238713845120241 ], [ 77.441876854542031, 23.238562045167392 ], [ 77.44171625454203, 23.238556745169042 ], [ 77.441710354542025, 23.238708545121888 ] ] ] } },
{ "type": "Feature", "properties": { }, "geometry": { "type": "Polygon", "coordinates": [ [ [ 77.443425354542029, 23.238725145116735 ], [ 77.443543054542033, 23.238726445116331 ], [ 77.443544754542032, 23.238592745157856 ], [ 77.443427054542013, 23.238591545158229 ], [ 77.443425354542029, 23.238725145116735 ] ] ] } },
{ "type": "Feature", "properties": { }, "geometry": { "type": "Polygon", "coordinates": [ [ [ 77.442513154542013, 23.238358445230631 ], [ 77.442655254542032, 23.238366545228121 ], [ 77.442660654542024, 23.238287545252657 ], [ 77.442518554542019, 23.238279345255208 ], [ 77.442513154542013, 23.238358445230631 ] ] ] } },
{ "type": "Feature", "properties": { }, "geometry": { "type": "Polygon", "coordinates": [ [ [ 77.441604454542016, 23.240247244643943 ], [ 77.441635254542035, 23.240288544631117 ], [ 77.441682154542036, 23.240258944640306 ], [ 77.441651354542032, 23.240217644653136 ], [ 77.441604454542016, 23.240247244643943 ] ] ] } },
{ "type": "Feature", "properties": { }, "geometry": { "type": "Polygon", "coordinates": [ [ [ 77.441745954542029, 23.240462344577129 ], [ 77.441772154542036, 23.240498444565912 ], [ 77.441848554542034, 23.240451644580446 ], [ 77.441822354542026, 23.240415444591687 ], [ 77.441745954542029, 23.240462344577129 ] ] ] } },
{ "type": "Feature", "properties": { }, "geometry": { "type": "Polygon", "coordinates": [ [ [ 77.442524454542038, 23.238812245089679 ], [ 77.442522254542027, 23.238874545070331 ], [ 77.442602654542029, 23.238876945069581 ], [ 77.442604954542034, 23.238814745088909 ], [ 77.442524454542038, 23.238812245089679 ] ] ] } },
{ "type": "Feature", "properties": { }, "geometry": { "type": "Polygon", "coordinates": [ [ [ 77.441607454542037, 23.238679145131027 ], [ 77.441692154542039, 23.238681745130211 ], [ 77.441696254542038, 23.238570845164659 ], [ 77.441611554542035, 23.238568245165467 ], [ 77.441607454542037, 23.238679145131027 ] ] ] } },
{ "type": "Feature", "properties": { }, "geometry": { "type": "Polygon", "coordinates": [ [ [ 77.443178954542034, 23.238416945212457 ], [ 77.443175654542017, 23.238534545175934 ], [ 77.443289554542034, 23.238537245175099 ], [ 77.443292854542037, 23.238419645211621 ], [ 77.443178954542034, 23.238416945212457 ] ] ] } },
{ "type": "Feature", "properties": { }, "geometry": { "type": "Polygon", "coordinates": [ [ [ 77.443621454542026, 23.239361844918967 ], [ 77.443685854542039, 23.239328644929273 ], [ 77.44366885454204, 23.239300844937915 ], [ 77.44360455454202, 23.239334144927568 ], [ 77.443621454542026, 23.239361844918967 ] ] ] } },
{ "type": "Feature", "properties": { }, "geometry": { "type": "Polygon", "coordinates": [ [ [ 77.441745954542029, 23.240441344583651 ], [ 77.441804954542036, 23.240404444595114 ], [ 77.441755454542019, 23.240337744615836 ], [ 77.441696454542026, 23.240374644604366 ], [ 77.441745954542029, 23.240441344583651 ] ] ] } },
{ "type": "Feature", "properties": { }, "geometry": { "type": "Polygon", "coordinates": [ [ [ 77.441739254542028, 23.239750044798388 ], [ 77.441774954542012, 23.239799244783104 ], [ 77.441831254542038, 23.23976474479382 ], [ 77.44179555454204, 23.239715544809101 ], [ 77.441739254542028, 23.239750044798388 ] ] ] } },
{ "type": "Feature", "properties": { }, "geometry": { "type": "Polygon", "coordinates": [ [ [ 77.443422354542022, 23.239332944927941 ], [ 77.44350145454203, 23.239283644943253 ], [ 77.443464054542034, 23.23923294495901 ], [ 77.443384954542026, 23.239282244943688 ], [ 77.443422354542022, 23.239332944927941 ] ] ] } },
{ "type": "Feature", "properties": { }, "geometry": { "type": "Polygon", "coordinates": [ [ [ 77.441713754542036, 23.240170244667858 ], [ 77.441751954542028, 23.24021754465317 ], [ 77.441824354542035, 23.240168344668451 ], [ 77.441786154542029, 23.240120944683177 ], [ 77.441713754542036, 23.240170244667858 ] ] ] } },
{ "type": "Feature", "properties": { }, "geometry": { "type": "Polygon", "coordinates": [ [ [ 77.441315454542035, 23.239212744965279 ], [ 77.441352554542036, 23.239286544942356 ], [ 77.441439654542037, 23.239249544953854 ], [ 77.441402654542031, 23.239175844976739 ], [ 77.441315454542035, 23.239212744965279 ] ] ] } },
{ "type": "Feature", "properties": { }, "geometry": { "type": "Polygon", "coordinates": [ [ [ 77.441798254542022, 23.238861545074371 ], [ 77.441902854542036, 23.238861545074371 ], [ 77.441902854542036, 23.238751945108412 ], [ 77.441798254542022, 23.238751945108412 ], [ 77.441798254542022, 23.238861545074371 ] ] ] } },
{ "type": "Feature", "properties": { }, "geometry": { "type": "Polygon", "coordinates": [ [ [ 77.442165754542032, 23.239794444784593 ], [ 77.442277054542032, 23.239737744802206 ], [ 77.442178554542039, 23.239574444852927 ], [ 77.442067254542039, 23.239631144835315 ], [ 77.442165754542032, 23.239794444784593 ] ] ] } },
{ "type": "Feature", "properties": { }, "geometry": { "type": "Polygon", "coordinates": [ [ [ 77.442867154542014, 23.238849245078192 ], [ 77.442897854542025, 23.238906345060453 ], [ 77.442954854542037, 23.238880545068465 ], [ 77.442924154542013, 23.238823345086235 ], [ 77.442867154542014, 23.238849245078192 ] ] ] } },
{ "type": "Feature", "properties": { }, "geometry": { "type": "Polygon", "coordinates": [ [ [ 77.443322454542027, 23.239244844955309 ], [ 77.443351954542038, 23.239226344961065 ], [ 77.443335254542035, 23.239203844968046 ], [ 77.443305754542038, 23.239222344962297 ], [ 77.443322454542027, 23.239244844955309 ] ] ] } },
{ "type": "Feature", "properties": { }, "geometry": { "type": "Polygon", "coordinates": [ [ [ 77.442148254542033, 23.240181344664414 ], [ 77.442250854542038, 23.240134644678918 ], [ 77.442179754542039, 23.240002844719854 ], [ 77.442077254542014, 23.240049544705357 ], [ 77.442148254542033, 23.240181344664414 ] ] ] } },
{ "type": "Feature", "properties": { }, "geometry": { "type": "Polygon", "coordinates": [ [ [ 77.441252454542038, 23.238892345064798 ], [ 77.441343654542038, 23.238893645064397 ], [ 77.441345754542027, 23.23875944510608 ], [ 77.441254554542027, 23.238758245106457 ], [ 77.441252454542038, 23.238892345064798 ] ] ] } },
{ "type": "Feature", "properties": { }, "geometry": { "type": "Polygon", "coordinates": [ [ [ 77.442759154542031, 23.239161644981156 ], [ 77.442786654542019, 23.239197744969939 ], [ 77.442833554542034, 23.23916754497932 ], [ 77.442806054542032, 23.23913144499053 ], [ 77.442759154542031, 23.239161644981156 ] ] ] } },
{ "type": "Feature", "properties": { }, "geometry": { "type": "Polygon", "coordinates": [ [ [ 77.44294085454203, 23.239258944950929 ], [ 77.442980154542028, 23.239315544933344 ], [ 77.443033754542014, 23.239284144943099 ], [ 77.44299455454204, 23.239227544960684 ], [ 77.44294085454203, 23.239258944950929 ] ] ] } },
{ "type": "Feature", "properties": { }, "geometry": { "type": "Polygon", "coordinates": [ [ [ 77.441350354542038, 23.239504844874549 ], [ 77.441417354542025, 23.239470344885262 ], [ 77.441341354542033, 23.239345544924028 ], [ 77.441274354542031, 23.239380144913287 ], [ 77.441350354542038, 23.239504844874549 ] ] ] } },
{ "type": "Feature", "properties": { }, "geometry": { "type": "Polygon", "coordinates": [ [ [ 77.442091154542027, 23.238321445242125 ], [ 77.442219754542023, 23.238327045240389 ], [ 77.442223554542039, 23.238253145263343 ], [ 77.442094954542014, 23.238247545265075 ], [ 77.442091154542027, 23.238321445242125 ] ] ] } },
{ "type": "Feature", "properties": { }, "geometry": { "type": "Polygon", "coordinates": [ [ [ 77.442629054542039, 23.239940444739243 ], [ 77.442666454542035, 23.24000164472023 ], [ 77.442727454542037, 23.239970244729989 ], [ 77.442690054542012, 23.239909044748998 ], [ 77.442629054542039, 23.239940444739243 ] ] ] } },
{ "type": "Feature", "properties": { }, "geometry": { "type": "Polygon", "coordinates": [ [ [ 77.441739354542037, 23.239883644756883 ], [ 77.441853454542013, 23.240041444707867 ], [ 77.441918254542031, 23.240001844720169 ], [ 77.441804154542027, 23.239844144769158 ], [ 77.441739354542037, 23.239883644756883 ] ] ] } },
{ "type": "Feature", "properties": { }, "geometry": { "type": "Polygon", "coordinates": [ [ [ 77.441724454542026, 23.239289144941544 ], [ 77.441832754542034, 23.239240444956675 ], [ 77.441771054542016, 23.239124644992643 ], [ 77.441662854542031, 23.239173344977523 ], [ 77.441724454542026, 23.239289144941544 ] ] ] } },
{ "type": "Feature", "properties": { }, "geometry": { "type": "Polygon", "coordinates": [ [ [ 77.442741054542026, 23.239628644836099 ], [ 77.442758854542021, 23.239651244829073 ], [ 77.442805154542029, 23.239620444838639 ], [ 77.442787354542034, 23.239597844845665 ], [ 77.442741054542026, 23.239628644836099 ] ] ] } },
{ "type": "Feature", "properties": { }, "geometry": { "type": "Polygon", "coordinates": [ [ [ 77.443491354542033, 23.238979845037619 ], [ 77.443611954542035, 23.238974645039239 ], [ 77.443603954542027, 23.238818745087663 ], [ 77.443483354542039, 23.238823945086043 ], [ 77.443491354542033, 23.238979845037619 ] ] ] } },
{ "type": "Feature", "properties": { }, "geometry": { "type": "Polygon", "coordinates": [ [ [ 77.44268385454204, 23.238383245222934 ], [ 77.442823154542026, 23.238393245219825 ], [ 77.442833554542034, 23.238269545258252 ], [ 77.442694254542033, 23.238259645261319 ], [ 77.44268385454204, 23.238383245222934 ] ] ] } },
{ "type": "Feature", "properties": { }, "geometry": { "type": "Polygon", "coordinates": [ [ [ 77.441479054542029, 23.240485644569898 ], [ 77.441598454542032, 23.240424044589027 ], [ 77.441527654542028, 23.240308244624998 ], [ 77.441408254542011, 23.240369844605858 ], [ 77.441479054542029, 23.240485644569898 ] ] ] } },
{ "type": "Feature", "properties": { }, "geometry": { "type": "Polygon", "coordinates": [ [ [ 77.441346254542012, 23.240076544696969 ], [ 77.441387754542035, 23.240137744677959 ], [ 77.441491154542035, 23.240078744696284 ], [ 77.441449654542012, 23.240017444715324 ], [ 77.441346254542012, 23.240076544696969 ] ] ] } },
{ "type": "Feature", "properties": { }, "geometry": { "type": "Polygon", "coordinates": [ [ [ 77.441476354542033, 23.238677845131427 ], [ 77.441572554542034, 23.238681045130431 ], [ 77.441576854542035, 23.238567645165652 ], [ 77.441480654542033, 23.238564545166618 ], [ 77.441476354542033, 23.238677845131427 ] ] ] } },
{ "type": "Feature", "properties": { }, "geometry": { "type": "Polygon", "coordinates": [ [ [ 77.442747754542026, 23.239522744868985 ], [ 77.442793454542013, 23.239506244874114 ], [ 77.442753154542032, 23.239411944903409 ], [ 77.442707554542039, 23.23942844489828 ], [ 77.442747754542026, 23.239522744868985 ] ] ] } },
{ "type": "Feature", "properties": { }, "geometry": { "type": "Polygon", "coordinates": [ [ [ 77.442526754542016, 23.23824974526439 ], [ 77.442675054542022, 23.238258245261758 ], [ 77.442682054542018, 23.238154845293874 ], [ 77.442533854542035, 23.23814634529651 ], [ 77.442526754542016, 23.23824974526439 ] ] ] } },
{ "type": "Feature", "properties": { }, "geometry": { "type": "Polygon", "coordinates": [ [ [ 77.443526954542037, 23.239594144846812 ], [ 77.443660354542018, 23.239512044872313 ], [ 77.443607454542047, 23.23943934489489 ], [ 77.443473954542014, 23.2395214448694 ], [ 77.443526954542037, 23.239594144846812 ] ] ] } },
{ "type": "Feature", "properties": { }, "geometry": { "type": "Polygon", "coordinates": [ [ [ 77.441885454542032, 23.240413044592437 ], [ 77.441936354542037, 23.24048574456986 ], [ 77.442032754542026, 23.240428744587561 ], [ 77.441981754542041, 23.240356044610152 ], [ 77.441885454542032, 23.240413044592437 ] ] ] } },
{ "type": "Feature", "properties": { }, "geometry": { "type": "Polygon", "coordinates": [ [ [ 77.441845154542037, 23.240468444575239 ], [ 77.44177425454204, 23.240509844562375 ], [ 77.441843954542037, 23.240610844530991 ], [ 77.441914954542028, 23.240569544543831 ], [ 77.441845154542037, 23.240468444575239 ] ] ] } },
{ "type": "Feature", "properties": { }, "geometry": { "type": "Polygon", "coordinates": [ [ [ 77.442362854542012, 23.239535644864983 ], [ 77.442433954542054, 23.23949744487685 ], [ 77.442388654542029, 23.239426244898965 ], [ 77.442317554542015, 23.239464444887098 ], [ 77.442340054542029, 23.23949864487648 ], [ 77.442362854542012, 23.239535644864983 ] ] ] } },
{ "type": "Feature", "properties": { }, "geometry": { "type": "Polygon", "coordinates": [ [ [ 77.442187854542013, 23.23905444501445 ], [ 77.442250854542038, 23.239052245015131 ], [ 77.442249454542036, 23.239017345025974 ], [ 77.442345454542036, 23.239014045027002 ], [ 77.442334754542031, 23.238756845106884 ], [ 77.442175754542035, 23.238762345105179 ], [ 77.442187854542013, 23.23905444501445 ] ] ] } },
{ "type": "Feature", "properties": { }, "geometry": { "type": "Polygon", "coordinates": [ [ [ 77.441815654542026, 23.239830144773503 ], [ 77.441924354542039, 23.239987844724521 ], [ 77.441987954542029, 23.23995094473598 ], [ 77.441960454542027, 23.239911044748368 ], [ 77.441988454542027, 23.239894744753439 ], [ 77.441956454542023, 23.23984834476785 ], [ 77.441933154542028, 23.239861844763663 ], [ 77.441883954542021, 23.239790444785836 ], [ 77.441815654542026, 23.239830144773503 ] ] ] } },
{ "type": "Feature", "properties": { }, "geometry": { "type": "Polygon", "coordinates": [ [ [ 77.441375454542012, 23.23867544513217 ], [ 77.441461954542035, 23.238678045131362 ], [ 77.441465954542039, 23.238562145167361 ], [ 77.44137945454203, 23.238559645168138 ], [ 77.441378554542027, 23.238585545160095 ], [ 77.441402554542037, 23.23858624515988 ], [ 77.44140155454204, 23.238613545151395 ], [ 77.441377654542038, 23.238612845151614 ], [ 77.441375454542012, 23.23867544513217 ] ] ] } },
{ "type": "Feature", "properties": { }, "geometry": { "type": "Polygon", "coordinates": [ [ [ 77.433986354542029, 23.241714144188265 ], [ 77.434070454542038, 23.241695644194017 ], [ 77.434042654542012, 23.241589744226914 ], [ 77.434069954542039, 23.241583744228777 ], [ 77.434035854542017, 23.241452744269477 ], [ 77.433746554542026, 23.241516244249748 ], [ 77.433750954542035, 23.241533244244469 ], [ 77.433483954542012, 23.241594344225483 ], [ 77.433577554542026, 23.241940044118095 ], [ 77.433849754542024, 23.241877844137413 ], [ 77.43384805454204, 23.241871544139379 ], [ 77.434017054542039, 23.241835344150619 ], [ 77.433986354542029, 23.241714144188265 ] ] ] } },
{ "type": "Feature", "properties": { }, "geometry": { "type": "Polygon", "coordinates": [ [ [ 77.43411575454202, 23.239251044953381 ], [ 77.434116154542039, 23.239248944954042 ], [ 77.43403755454203, 23.239235544958198 ], [ 77.43400835454203, 23.239379644913438 ], [ 77.433965354542039, 23.239372844915547 ], [ 77.434050854542036, 23.239596944845943 ], [ 77.434076754542033, 23.239594644846658 ], [ 77.434086654542028, 23.239564944855882 ], [ 77.434216654542013, 23.239588044848709 ], [ 77.434249654542029, 23.239431444897352 ], [ 77.434264654542034, 23.239434444896418 ], [ 77.434279854542027, 23.239369744916512 ], [ 77.434301754542034, 23.23937254491565 ], [ 77.434307954542035, 23.239331644928349 ], [ 77.434284854542028, 23.239328644929273 ], [ 77.434294054542036, 23.239277344945215 ], [ 77.434179054542028, 23.239260044950594 ], [ 77.434178854542026, 23.239260744950364 ], [ 77.43411575454202, 23.239251044953381 ] ] ] } },
{ "type": "Feature", "properties": { }, "geometry": { "type": "Polygon", "coordinates": [ [ [ 77.43315675454204, 23.241858944143289 ], [ 77.433187454542036, 23.241850344145956 ], [ 77.433233854542038, 23.242001244099079 ], [ 77.433300254542033, 23.241984044104427 ], [ 77.433305554542031, 23.242001244099079 ], [ 77.433413454542034, 23.241972944107872 ], [ 77.433299454542038, 23.241606944221569 ], [ 77.433192054542033, 23.241635144212811 ], [ 77.433185454542027, 23.241615544218902 ], [ 77.433084954542025, 23.241643944210072 ], [ 77.43315675454204, 23.241858944143289 ] ] ] } },
{ "type": "Feature", "properties": { }, "geometry": { "type": "Polygon", "coordinates": [ [ [ 77.434621054542021, 23.239541244863243 ], [ 77.434635854542037, 23.239471744884835 ], [ 77.434625654542032, 23.239469944885389 ], [ 77.434640354542026, 23.239396244908281 ], [ 77.434511554542027, 23.239374644914992 ], [ 77.434478854542036, 23.23951764487057 ], [ 77.434428954542028, 23.239509344873152 ], [ 77.434411654542032, 23.23959764484572 ], [ 77.434604754542036, 23.239629744835756 ], [ 77.434622154542026, 23.239541444863178 ], [ 77.434621054542021, 23.239541244863243 ] ] ] } },
{ "type": "Feature", "properties": { }, "geometry": { "type": "Polygon", "coordinates": [ [ [ 77.43281965454203, 23.23878014509965 ], [ 77.432809554542033, 23.238717445119132 ], [ 77.432865054542034, 23.238707945122073 ], [ 77.432855654542038, 23.238661745136433 ], [ 77.432686254542034, 23.238690745127418 ], [ 77.432669654542039, 23.238608645152919 ], [ 77.432518254542018, 23.238634445144907 ], [ 77.432515154542017, 23.238619245149629 ], [ 77.43243235454203, 23.238633345145249 ], [ 77.432484854542039, 23.23888604506676 ], [ 77.432851654542034, 23.238827545084927 ], [ 77.432841954542013, 23.238776645100742 ], [ 77.43281965454203, 23.23878014509965 ] ] ] } },
{ "type": "Feature", "properties": { }, "geometry": { "type": "Polygon", "coordinates": [ [ [ 77.432027954542022, 23.241170444357167 ], [ 77.432107254542018, 23.241441044273106 ], [ 77.432353254542036, 23.241380144292027 ], [ 77.432286454542037, 23.241152544362727 ], [ 77.432337454542022, 23.24114004436661 ], [ 77.432345654542033, 23.241168244357848 ], [ 77.432491554542054, 23.241132544368938 ], [ 77.432555454542026, 23.241353144300415 ], [ 77.432655554542038, 23.241328644308023 ], [ 77.432592454542032, 23.241110744375714 ], [ 77.43275765454203, 23.241070344388262 ], [ 77.432734654542031, 23.240990844412959 ], [ 77.432027954542022, 23.241170444357167 ] ] ] } },
{ "type": "Feature", "properties": { }, "geometry": { "type": "Polygon", "coordinates": [ [ [ 77.432365054542018, 23.241536144243565 ], [ 77.432366354542026, 23.241540644242164 ], [ 77.432185054542018, 23.24158664422788 ], [ 77.432216154542033, 23.241690144195726 ], [ 77.432204754542028, 23.241692644194945 ], [ 77.432231354542026, 23.241792444163949 ], [ 77.432245954542026, 23.241789144164972 ], [ 77.432322354542038, 23.242043444085972 ], [ 77.432529754542017, 23.241990844102308 ], [ 77.432457054542013, 23.241748944177459 ], [ 77.43248015454202, 23.24174314417926 ], [ 77.43245365454203, 23.241655044206631 ], [ 77.432430654542031, 23.241660944204792 ], [ 77.432407454542016, 23.241583944228715 ], [ 77.432423754542029, 23.241579744230012 ], [ 77.432406754542029, 23.241525244246954 ], [ 77.432365054542018, 23.241536144243565 ] ] ] } },
{ "type": "Feature", "properties": { }, "geometry": { "type": "Polygon", "coordinates": [ [ [ 77.436407672722709, 23.240998059217148 ], [ 77.436468572722688, 23.241009759212307 ], [ 77.43646797272271, 23.241013159210897 ], [ 77.436486772722702, 23.241027759204847 ], [ 77.436524272722721, 23.241028859204388 ], [ 77.436566272722686, 23.24105135919508 ], [ 77.43659397272269, 23.241043459198341 ], [ 77.436595872722677, 23.241034259202156 ], [ 77.436611072722712, 23.24103715920096 ], [ 77.436656372722709, 23.24101665920945 ], [ 77.43666147272269, 23.240998159217106 ], [ 77.436673472722688, 23.240999059216737 ], [ 77.436700672722708, 23.240885059263956 ], [ 77.436689472722691, 23.240882959264823 ], [ 77.436690072722698, 23.240856159275921 ], [ 77.436660672722695, 23.240819059291287 ], [ 77.436457272722691, 23.240779959307481 ], [ 77.436407672722709, 23.240998059217148 ] ] ] } },
{ "type": "Feature", "properties": { }, "geometry": { "type": "Polygon", "coordinates": [ [ [ 77.433383454542039, 23.240188144662302 ], [ 77.433398754542026, 23.240241944645586 ], [ 77.433472654542015, 23.240224244651092 ], [ 77.433457454542022, 23.2401704446678 ], [ 77.433383454542039, 23.240188144662302 ] ] ] } },
{ "type": "Feature", "properties": { }, "geometry": { "type": "Polygon", "coordinates": [ [ [ 77.43279595454203, 23.241452644269504 ], [ 77.432858854542033, 23.241643344210257 ], [ 77.433283954542034, 23.241525044247005 ], [ 77.433221054542031, 23.24133434430626 ], [ 77.43279595454203, 23.241452644269504 ] ] ] } },
{ "type": "Feature", "properties": { }, "geometry": { "type": "Polygon", "coordinates": [ [ [ 77.433131854542012, 23.238543445173171 ], [ 77.433134054542037, 23.238737645112852 ], [ 77.433414354542037, 23.238782045099057 ], [ 77.433457154542026, 23.238672245133166 ], [ 77.433131854542012, 23.238543445173171 ] ] ] } },
{ "type": "Feature", "properties": { }, "geometry": { "type": "Polygon", "coordinates": [ [ [ 77.434181954542026, 23.240530544555945 ], [ 77.434277254542039, 23.24050554456371 ], [ 77.434185454542032, 23.240210344655406 ], [ 77.434090154542034, 23.240235444647606 ], [ 77.434181954542026, 23.240530544555945 ] ] ] } },
{ "type": "Feature", "properties": { }, "geometry": { "type": "Polygon", "coordinates": [ [ [ 77.433129254542024, 23.238942845049117 ], [ 77.433426554542024, 23.23894894504722 ], [ 77.433430254542017, 23.238798345093997 ], [ 77.433132854542038, 23.23879224509589 ], [ 77.433129254542024, 23.238942845049117 ] ] ] } },
{ "type": "Feature", "properties": { }, "geometry": { "type": "Polygon", "coordinates": [ [ [ 77.434288154542031, 23.240498944565758 ], [ 77.434298654542033, 23.240563344545752 ], [ 77.434403754542032, 23.24054894455023 ], [ 77.43439325454203, 23.24048444457026 ], [ 77.434288154542031, 23.240498944565758 ] ] ] } },
{ "type": "Feature", "properties": { }, "geometry": { "type": "Polygon", "coordinates": [ [ [ 77.433250854542038, 23.242036844088023 ], [ 77.433262254542043, 23.242087544072273 ], [ 77.433444654542015, 23.242053044082994 ], [ 77.433433254542038, 23.24200234409874 ], [ 77.433250854542038, 23.242036844088023 ] ] ] } },
{ "type": "Feature", "properties": { }, "geometry": { "type": "Polygon", "coordinates": [ [ [ 77.433421354542034, 23.240320244621262 ], [ 77.433501454542039, 23.240301144627196 ], [ 77.433485654542039, 23.240245244644566 ], [ 77.43340555454202, 23.240264444638598 ], [ 77.433421354542034, 23.240320244621262 ] ] ] } },
{ "type": "Feature", "properties": { }, "geometry": { "type": "Polygon", "coordinates": [ [ [ 77.436890854542014, 23.241332144306938 ], [ 77.437138954542036, 23.241369744295255 ], [ 77.437158754542025, 23.241259144329611 ], [ 77.436910654542018, 23.241221544341297 ], [ 77.436890854542014, 23.241332144306938 ] ] ] } },
{ "type": "Feature", "properties": { }, "geometry": { "type": "Polygon", "coordinates": [ [ [ 77.432357354542034, 23.238319145242841 ], [ 77.432374054542038, 23.238409245214854 ], [ 77.432516154542014, 23.238387045221753 ], [ 77.432499554542019, 23.23829694524974 ], [ 77.432357354542034, 23.238319145242841 ] ] ] } },
{ "type": "Feature", "properties": { }, "geometry": { "type": "Polygon", "coordinates": [ [ [ 77.43341855454203, 23.240325744619554 ], [ 77.433435954542034, 23.240377844603376 ], [ 77.433522454542029, 23.240353544610926 ], [ 77.433505054542024, 23.240301344627138 ], [ 77.43341855454203, 23.240325744619554 ] ] ] } },
{ "type": "Feature", "properties": { }, "geometry": { "type": "Polygon", "coordinates": [ [ [ 77.433060154542034, 23.242030244090078 ], [ 77.433084654542029, 23.242114344063946 ], [ 77.433207354542034, 23.242084144073328 ], [ 77.433182854542039, 23.242000044099459 ], [ 77.433060154542034, 23.242030244090078 ] ] ] } },
{ "type": "Feature", "properties": { }, "geometry": { "type": "Polygon", "coordinates": [ [ [ 77.432395154542036, 23.238448345202713 ], [ 77.432414354542033, 23.238543245173236 ], [ 77.432550554542033, 23.23852004518044 ], [ 77.43256695454204, 23.238601145155254 ], [ 77.432717554542037, 23.238575445163239 ], [ 77.432685954542038, 23.238398745218117 ], [ 77.432395154542036, 23.238448345202713 ] ] ] } },
{ "type": "Feature", "properties": { }, "geometry": { "type": "Polygon", "coordinates": [ [ [ 77.433654554542031, 23.241496644255836 ], [ 77.433632854542026, 23.241429644276646 ], [ 77.433706254542031, 23.241411644282234 ], [ 77.433676654542026, 23.241309744313902 ], [ 77.433646554542037, 23.241317144311591 ], [ 77.433611054542013, 23.241205844346165 ], [ 77.433474254542034, 23.241242744334709 ], [ 77.433565954542019, 23.24152094424829 ], [ 77.433654554542031, 23.241496644255836 ] ] ] } },
{ "type": "Feature", "properties": { }, "geometry": { "type": "Polygon", "coordinates": [ [ [ 77.433970154542038, 23.240013244716629 ], [ 77.433528854542018, 23.240123944682242 ], [ 77.433862354542029, 23.241246844333435 ], [ 77.434297154542023, 23.241137744367322 ], [ 77.434052554542021, 23.240314244623129 ], [ 77.433978454542029, 23.240332844617356 ], [ 77.433951954542039, 23.240243444645124 ], [ 77.434032554542014, 23.240223144651438 ], [ 77.433970154542038, 23.240013244716629 ] ] ] } },
{ "type": "Feature", "properties": { }, "geometry": { "type": "Polygon", "coordinates": [ [ [ 77.43318325454203, 23.240910044438053 ], [ 77.433183754542014, 23.24091164443756 ], [ 77.433510254542028, 23.24083334446188 ], [ 77.433450054542035, 23.240621644527643 ], [ 77.433133154542034, 23.240697644504031 ], [ 77.433130054542019, 23.240686644507448 ], [ 77.432992854542036, 23.240719644497208 ], [ 77.433055654542031, 23.240940744428521 ], [ 77.43318325454203, 23.240910044438053 ] ] ] } },
{ "type": "Feature", "properties": { }, "geometry": { "type": "Polygon", "coordinates": [ [ [ 77.434661054542033, 23.239730144804565 ], [ 77.43468935454203, 23.239613044840944 ], [ 77.434668454542035, 23.239608844842241 ], [ 77.434686954542016, 23.239531844866168 ], [ 77.434646054542029, 23.239523544868739 ], [ 77.434618554542027, 23.239637944833209 ], [ 77.434587654542014, 23.239631644835164 ], [ 77.434568454542031, 23.239711344810402 ], [ 77.434661054542033, 23.239730144804565 ] ] ] } },
{ "type": "Feature", "properties": { }, "geometry": { "type": "Polygon", "coordinates": [ [ [ 77.43627315454205, 23.238391545220352 ], [ 77.436259954542024, 23.238472845195098 ], [ 77.436399254542039, 23.238491945189171 ], [ 77.436412454542037, 23.238410645214422 ], [ 77.43627315454205, 23.238391545220352 ] ] ] } },
{ "type": "Feature", "properties": { }, "geometry": { "type": "Polygon", "coordinates": [ [ [ 77.436245654542034, 23.238555445169442 ], [ 77.436230554542036, 23.238648445140555 ], [ 77.436360354542032, 23.238666345134998 ], [ 77.436375554542039, 23.238573245163916 ], [ 77.436245654542034, 23.238555445169442 ] ] ] } },
{ "type": "Feature", "properties": { }, "geometry": { "type": "Polygon", "coordinates": [ [ [ 77.436560054542028, 23.23793094536342 ], [ 77.436697954542026, 23.23795244535674 ], [ 77.436721454542024, 23.237824345396529 ], [ 77.43658355454204, 23.237802945403168 ], [ 77.436560054542028, 23.23793094536342 ] ] ] } },
{ "type": "Feature", "properties": { }, "geometry": { "type": "Polygon", "coordinates": [ [ [ 77.436316854542028, 23.238251945263713 ], [ 77.436306654542037, 23.238307345246504 ], [ 77.436440154542026, 23.238328045240074 ], [ 77.436450354542032, 23.238272645257283 ], [ 77.436316854542028, 23.238251945263713 ] ] ] } },
{ "type": "Feature", "properties": { }, "geometry": { "type": "Polygon", "coordinates": [ [ [ 77.436360354542032, 23.238837045081976 ], [ 77.436464954542032, 23.238853645076816 ], [ 77.436478854542031, 23.238779745099777 ], [ 77.436374254542017, 23.238763045104967 ], [ 77.436360354542032, 23.238837045081976 ] ] ] } },
{ "type": "Feature", "properties": { }, "geometry": { "type": "Polygon", "coordinates": [ [ [ 77.436513754542034, 23.238127545302351 ], [ 77.436503154542024, 23.238199945279867 ], [ 77.436629854542034, 23.238215645274988 ], [ 77.436640454542015, 23.238143245297472 ], [ 77.436513754542034, 23.238127545302351 ] ] ] } },
{ "type": "Feature", "properties": { }, "geometry": { "type": "Polygon", "coordinates": [ [ [ 77.436407454542035, 23.238601145155254 ], [ 77.436528354542034, 23.238619845149444 ], [ 77.436541254542021, 23.238549845171182 ], [ 77.436420354542022, 23.238531045177027 ], [ 77.436407454542035, 23.238601145155254 ] ] ] } },
{ "type": "Feature", "properties": { }, "geometry": { "type": "Polygon", "coordinates": [ [ [ 77.436404754542025, 23.238609045152796 ], [ 77.436390354542027, 23.238687945128294 ], [ 77.436516354542036, 23.238707345122261 ], [ 77.436530754542034, 23.238628445146766 ], [ 77.436404754542025, 23.238609045152796 ] ] ] } },
{ "type": "Feature", "properties": { }, "geometry": { "type": "Polygon", "coordinates": [ [ [ 77.436174354542032, 23.238938945050332 ], [ 77.436283254542033, 23.238954945045354 ], [ 77.436302254542028, 23.238844845079555 ], [ 77.436193354542027, 23.238828845084523 ], [ 77.436174354542032, 23.238938945050332 ] ] ] } },
{ "type": "Feature", "properties": { }, "geometry": { "type": "Polygon", "coordinates": [ [ [ 77.436397554542026, 23.237926245364875 ], [ 77.436372154542013, 23.238064245322015 ], [ 77.43649675454202, 23.238083645315989 ], [ 77.436522154542033, 23.237945545358883 ], [ 77.436397554542026, 23.237926245364875 ] ] ] } },
{ "type": "Feature", "properties": { }, "geometry": { "type": "Polygon", "coordinates": [ [ [ 77.436324154542035, 23.238936845050979 ], [ 77.436461254542039, 23.238956945044738 ], [ 77.436477554542037, 23.238863145073875 ], [ 77.436340454542034, 23.238843045080117 ], [ 77.436324154542035, 23.238936845050979 ] ] ] } },
{ "type": "Feature", "properties": { }, "geometry": { "type": "Polygon", "coordinates": [ [ [ 77.436458954542033, 23.238362345229426 ], [ 77.436443454542029, 23.23844664520324 ], [ 77.436574654542028, 23.238467045196899 ], [ 77.436590154542031, 23.238382645223115 ], [ 77.436458954542033, 23.238362345229426 ] ] ] } },
{ "type": "Feature", "properties": { }, "geometry": { "type": "Polygon", "coordinates": [ [ [ 77.436251754542027, 23.238478445193358 ], [ 77.436240554542039, 23.238546845172117 ], [ 77.436383854542029, 23.238566545165991 ], [ 77.436394954542038, 23.238498145187247 ], [ 77.436251754542027, 23.238478445193358 ] ] ] } },
{ "type": "Feature", "properties": { }, "geometry": { "type": "Polygon", "coordinates": [ [ [ 77.436344554542032, 23.238169845289214 ], [ 77.436477954542028, 23.238190545282791 ], [ 77.436497154542039, 23.238086345315146 ], [ 77.436363754542043, 23.238065645321587 ], [ 77.436344554542032, 23.238169845289214 ] ] ] } },
{ "type": "Feature", "properties": { }, "geometry": { "type": "Polygon", "coordinates": [ [ [ 77.436374454542019, 23.238753845107819 ], [ 77.436498454542033, 23.238772945101889 ], [ 77.436509254542031, 23.238713745120275 ], [ 77.436385254542031, 23.238694645126209 ], [ 77.436374454542019, 23.238753845107819 ] ] ] } },
{ "type": "Feature", "properties": { }, "geometry": { "type": "Polygon", "coordinates": [ [ [ 77.436487054542013, 23.238285445253311 ], [ 77.436611254542015, 23.238305445247097 ], [ 77.436626154542026, 23.238227345271351 ], [ 77.436502054542032, 23.238207345277562 ], [ 77.436487054542013, 23.238285445253311 ] ] ] } },
{ "type": "Feature", "properties": { }, "geometry": { "type": "Polygon", "coordinates": [ [ [ 77.436546754542036, 23.238052545325651 ], [ 77.436534154542031, 23.238121045304371 ], [ 77.436648454542038, 23.238138845298842 ], [ 77.436661054542014, 23.238070245320145 ], [ 77.436546754542036, 23.238052545325651 ] ] ] } },
{ "type": "Feature", "properties": { }, "geometry": { "type": "Polygon", "coordinates": [ [ [ 77.436427454542027, 23.238527945177985 ], [ 77.436548654542023, 23.238544545172825 ], [ 77.436560854542037, 23.238469745196063 ], [ 77.436439654542028, 23.23845314520122 ], [ 77.436427454542027, 23.238527945177985 ] ] ] } },
{ "type": "Feature", "properties": { }, "geometry": { "type": "Polygon", "coordinates": [ [ [ 77.436224254542026, 23.23865274513922 ], [ 77.436214154542029, 23.238714945119906 ], [ 77.436340254542017, 23.23873224511453 ], [ 77.436350254542035, 23.238670045133851 ], [ 77.436224254542026, 23.23865274513922 ] ] ] } },
{ "type": "Feature", "properties": { }, "geometry": { "type": "Polygon", "coordinates": [ [ [ 77.436282554542032, 23.238308345246192 ], [ 77.436268654542033, 23.238383945222719 ], [ 77.436404654542031, 23.238405045216162 ], [ 77.43641855454203, 23.238329445239643 ], [ 77.436282554542032, 23.238308345246192 ] ] ] } },
{ "type": "Feature", "properties": { }, "geometry": { "type": "Polygon", "coordinates": [ [ [ 77.436206354542037, 23.238722345117605 ], [ 77.436194354542039, 23.238795645094836 ], [ 77.436329954542018, 23.238814345089036 ], [ 77.43634195454203, 23.238740945111829 ], [ 77.436206354542037, 23.238722345117605 ] ] ] } },
{ "type": "Feature", "properties": { }, "geometry": { "type": "Polygon", "coordinates": [ [ [ 77.436555854542021, 23.237953145356521 ], [ 77.436539054542038, 23.23804444532816 ], [ 77.436677154542025, 23.238065945321488 ], [ 77.436693954542037, 23.237974545349875 ], [ 77.436555854542021, 23.237953145356521 ] ] ] } },
{ "type": "Feature", "properties": { }, "geometry": { "type": "Polygon", "coordinates": [ [ [ 77.43634035454204, 23.238173945287937 ], [ 77.436326254542024, 23.238250445264182 ], [ 77.436452854542011, 23.23827014525806 ], [ 77.436466954542027, 23.238193545281852 ], [ 77.43634035454204, 23.238173945287937 ] ] ] } },
{ "type": "Feature", "properties": { }, "geometry": { "type": "Polygon", "coordinates": [ [ [ 77.436419054542029, 23.237792945406277 ], [ 77.436395854542013, 23.237918945367142 ], [ 77.436528954542027, 23.237939545360742 ], [ 77.436552154542042, 23.237813645399847 ], [ 77.436419054542029, 23.237792945406277 ] ] ] } },
{ "type": "Feature", "properties": { }, "geometry": { "type": "Polygon", "coordinates": [ [ [ 77.43647655454204, 23.238287645252626 ], [ 77.436463654542038, 23.238358045230761 ], [ 77.436593754542031, 23.238378245224478 ], [ 77.436606654542032, 23.238307845246354 ], [ 77.43647655454204, 23.238287645252626 ] ] ] } },
{ "type": "Feature", "properties": { }, "geometry": { "type": "Polygon", "coordinates": [ [ [ 77.42793295454203, 23.232712346984133 ], [ 77.42791995454202, 23.23271354698376 ], [ 77.427908454542035, 23.232719146982021 ], [ 77.427900154542016, 23.232728346979165 ], [ 77.427896354542028, 23.232739846975594 ], [ 77.427897654542036, 23.2327517469719 ], [ 77.427903754542029, 23.232762246968633 ], [ 77.427913754542018, 23.232769846966271 ], [ 77.427926254542029, 23.232773346965189 ], [ 77.427939154542031, 23.232772246965535 ], [ 77.42795065454203, 23.232766646967271 ], [ 77.427958954542035, 23.232757446970126 ], [ 77.427962754542037, 23.232745946973697 ], [ 77.427961554542023, 23.232734046977395 ], [ 77.42795545454203, 23.232723546980651 ], [ 77.427945354542032, 23.232715846983041 ], [ 77.42793295454203, 23.232712346984133 ] ] ] } },
{ "type": "Feature", "properties": { }, "geometry": { "type": "Polygon", "coordinates": [ [ [ 77.430520154542037, 23.229591847953085 ], [ 77.430633654542035, 23.22960174795001 ], [ 77.430649154542024, 23.229451747996595 ], [ 77.430535654542027, 23.229441947999629 ], [ 77.430520154542037, 23.229591847953085 ] ] ] } },
{ "type": "Feature", "properties": { }, "geometry": { "type": "Polygon", "coordinates": [ [ [ 77.430369054542012, 23.230333247722886 ], [ 77.430564254542034, 23.230357147715459 ], [ 77.43058155454203, 23.23023844775232 ], [ 77.430386254542029, 23.23021454775974 ], [ 77.430369054542012, 23.230333247722886 ] ] ] } },
{ "type": "Feature", "properties": { }, "geometry": { "type": "Polygon", "coordinates": [ [ [ 77.430107054542034, 23.228955648150617 ], [ 77.430068954542037, 23.229039048124719 ], [ 77.430273354542038, 23.229117748100286 ], [ 77.430311354542027, 23.229034348126188 ], [ 77.430107054542034, 23.228955648150617 ] ] ] } },
{ "type": "Feature", "properties": { }, "geometry": { "type": "Polygon", "coordinates": [ [ [ 77.429247654542039, 23.231925447228491 ], [ 77.429376154542013, 23.231955847219051 ], [ 77.429412154542035, 23.231827447258922 ], [ 77.429283654542033, 23.231796947268389 ], [ 77.429247654542039, 23.231925447228491 ] ] ] } },
{ "type": "Feature", "properties": { }, "geometry": { "type": "Polygon", "coordinates": [ [ [ 77.425488054542015, 23.229550447965941 ], [ 77.425602954542029, 23.229563247961966 ], [ 77.425619754542026, 23.229436348001368 ], [ 77.425504854542027, 23.229423548005343 ], [ 77.425488054542015, 23.229550447965941 ] ] ] } },
{ "type": "Feature", "properties": { }, "geometry": { "type": "Polygon", "coordinates": [ [ [ 77.425078154542035, 23.2298259478804 ], [ 77.425116654542023, 23.229826547880215 ], [ 77.425118354542036, 23.229736447908188 ], [ 77.425079854542034, 23.229735747908407 ], [ 77.425078154542035, 23.2298259478804 ] ] ] } },
{ "type": "Feature", "properties": { }, "geometry": { "type": "Polygon", "coordinates": [ [ [ 77.430170254542034, 23.231329747413465 ], [ 77.430267954542032, 23.231345847408466 ], [ 77.430324254542029, 23.231058947497555 ], [ 77.430226554542031, 23.231042747502585 ], [ 77.430170254542034, 23.231329747413465 ] ] ] } },
{ "type": "Feature", "properties": { }, "geometry": { "type": "Polygon", "coordinates": [ [ [ 77.42685195454203, 23.229055648119573 ], [ 77.426856354542039, 23.229151748089727 ], [ 77.427081654542036, 23.229143148092408 ], [ 77.427077254542027, 23.229047048122244 ], [ 77.42685195454203, 23.229055648119573 ] ] ] } },
{ "type": "Feature", "properties": { }, "geometry": { "type": "Polygon", "coordinates": [ [ [ 77.428699154542016, 23.231572047338219 ], [ 77.42871855454203, 23.231717947292925 ], [ 77.428930354542018, 23.231694247300279 ], [ 77.428911054542027, 23.23154834734558 ], [ 77.428699154542016, 23.231572047338219 ] ] ] } },
{ "type": "Feature", "properties": { }, "geometry": { "type": "Polygon", "coordinates": [ [ [ 77.424182654542037, 23.228419048317228 ], [ 77.424289354542026, 23.228417348317752 ], [ 77.424288454542022, 23.228369648332563 ], [ 77.424181754542019, 23.228371348332036 ], [ 77.424182654542037, 23.228419048317228 ] ] ] } },
{ "type": "Feature", "properties": { }, "geometry": { "type": "Polygon", "coordinates": [ [ [ 77.424079554542033, 23.228512648288163 ], [ 77.424125454542036, 23.228512448288228 ], [ 77.424125254542034, 23.228442548309928 ], [ 77.42407935454203, 23.228442648309898 ], [ 77.424079554542033, 23.228512648288163 ] ] ] } },
{ "type": "Feature", "properties": { }, "geometry": { "type": "Polygon", "coordinates": [ [ [ 77.427589254542013, 23.228306348352209 ], [ 77.427654154542026, 23.228366948333399 ], [ 77.427714154542031, 23.228312748350227 ], [ 77.427724854542035, 23.228322748347118 ], [ 77.427751954542032, 23.228298248354726 ], [ 77.427741254542028, 23.228288248357835 ], [ 77.427806354542028, 23.228229548376056 ], [ 77.427741554542038, 23.22816894839487 ], [ 77.427589254542013, 23.228306348352209 ] ] ] } },
{ "type": "Feature", "properties": { }, "geometry": { "type": "Polygon", "coordinates": [ [ [ 77.42623175454203, 23.229917047852112 ], [ 77.42633995454203, 23.229966047836896 ], [ 77.426427154542026, 23.229803347887422 ], [ 77.426318954542012, 23.2297544479026 ], [ 77.42623175454203, 23.229917047852112 ] ] ] } },
{ "type": "Feature", "properties": { }, "geometry": { "type": "Polygon", "coordinates": [ [ [ 77.43016385454203, 23.22841474831856 ], [ 77.430088254542028, 23.228480848298034 ], [ 77.430192854542014, 23.228581948266648 ], [ 77.430268454542031, 23.22851584828717 ], [ 77.43016385454203, 23.22841474831856 ] ] ] } },
{ "type": "Feature", "properties": { }, "geometry": { "type": "Polygon", "coordinates": [ [ [ 77.424393354542033, 23.228374348331101 ], [ 77.424394254542023, 23.228427248314677 ], [ 77.424513054542032, 23.228425448315239 ], [ 77.424512154542029, 23.228372648331632 ], [ 77.424393354542033, 23.228374348331101 ] ] ] } },
{ "type": "Feature", "properties": { }, "geometry": { "type": "Polygon", "coordinates": [ [ [ 77.424567454542029, 23.228412348319303 ], [ 77.424653954542023, 23.228411748319488 ], [ 77.424653454542039, 23.228357548336319 ], [ 77.42456695454203, 23.228358148336131 ], [ 77.424567454542029, 23.228412348319303 ] ] ] } },
{ "type": "Feature", "properties": { }, "geometry": { "type": "Polygon", "coordinates": [ [ [ 77.427391054542028, 23.228485748296514 ], [ 77.427461354542018, 23.228552548275768 ], [ 77.427525254542033, 23.228495848293381 ], [ 77.427530254542035, 23.228500548291922 ], [ 77.427555954542029, 23.228477748298996 ], [ 77.427550954542042, 23.228473048300454 ], [ 77.427612854542033, 23.228417948317567 ], [ 77.427542554542029, 23.228351148338305 ], [ 77.427391054542028, 23.228485748296514 ] ] ] } },
{ "type": "Feature", "properties": { }, "geometry": { "type": "Polygon", "coordinates": [ [ [ 77.426847154542031, 23.2301776477712 ], [ 77.426975754542028, 23.230183847769272 ], [ 77.426983054542049, 23.230056047808961 ], [ 77.426854454542038, 23.230049847810875 ], [ 77.426847154542031, 23.2301776477712 ] ] ] } },
{ "type": "Feature", "properties": { }, "geometry": { "type": "Polygon", "coordinates": [ [ [ 77.425491954542039, 23.22959734795138 ], [ 77.425472054542027, 23.229710347916292 ], [ 77.425634554542029, 23.229734647908746 ], [ 77.425654554542035, 23.229621647943834 ], [ 77.425491954542039, 23.22959734795138 ] ] ] } },
{ "type": "Feature", "properties": { }, "geometry": { "type": "Polygon", "coordinates": [ [ [ 77.424049654542031, 23.229174048082811 ], [ 77.424184454542029, 23.229182848080079 ], [ 77.424191954542039, 23.229085348110349 ], [ 77.424057154542012, 23.229076548113081 ], [ 77.424049654542031, 23.229174048082811 ] ] ] } },
{ "type": "Feature", "properties": { }, "geometry": { "type": "Polygon", "coordinates": [ [ [ 77.424306254542032, 23.228434748312356 ], [ 77.424385654542021, 23.228433548312726 ], [ 77.424384354542013, 23.228364748334084 ], [ 77.424304954542023, 23.22836604833368 ], [ 77.424306254542032, 23.228434748312356 ] ] ] } },
{ "type": "Feature", "properties": { }, "geometry": { "type": "Polygon", "coordinates": [ [ [ 77.424361454542037, 23.229359148025331 ], [ 77.424490754542035, 23.22937724801972 ], [ 77.424510054542026, 23.229260948055831 ], [ 77.42438065454202, 23.22924284806145 ], [ 77.424361454542037, 23.229359148025331 ] ] ] } },
{ "type": "Feature", "properties": { }, "geometry": { "type": "Polygon", "coordinates": [ [ [ 77.428744154542031, 23.228470948301112 ], [ 77.428905754542029, 23.228546248277738 ], [ 77.42899725454204, 23.228380548329177 ], [ 77.428835554542033, 23.228305248352559 ], [ 77.428744154542031, 23.228470948301112 ] ] ] } },
{ "type": "Feature", "properties": { }, "geometry": { "type": "Polygon", "coordinates": [ [ [ 77.425983554542029, 23.229646047936253 ], [ 77.426124454542034, 23.229691747922065 ], [ 77.426150354542031, 23.22962444794296 ], [ 77.426009354542032, 23.229578747957159 ], [ 77.425983554542029, 23.229646047936253 ] ] ] } },
{ "type": "Feature", "properties": { }, "geometry": { "type": "Polygon", "coordinates": [ [ [ 77.43030205454204, 23.230285947737567 ], [ 77.430347354542036, 23.230288947736639 ], [ 77.43035415454203, 23.23020194776365 ], [ 77.430308854542034, 23.230198947764585 ], [ 77.43030205454204, 23.230285947737567 ] ] ] } },
{ "type": "Feature", "properties": { }, "geometry": { "type": "Polygon", "coordinates": [ [ [ 77.430017854542029, 23.228274148362214 ], [ 77.429939154542012, 23.228347248339514 ], [ 77.430054454542017, 23.228452048306977 ], [ 77.430133154542034, 23.228378848329708 ], [ 77.430017854542029, 23.228274148362214 ] ] ] } },
{ "type": "Feature", "properties": { }, "geometry": { "type": "Polygon", "coordinates": [ [ [ 77.427787454542027, 23.228644348247272 ], [ 77.427927054542039, 23.228697448230786 ], [ 77.427973254542039, 23.228594848262642 ], [ 77.427833654542027, 23.2285418482791 ], [ 77.427787454542027, 23.228644348247272 ] ] ] } },
{ "type": "Feature", "properties": { }, "geometry": { "type": "Polygon", "coordinates": [ [ [ 77.425312454542038, 23.229692747921753 ], [ 77.425365554542026, 23.229699547919651 ], [ 77.425399154542021, 23.229477147988703 ], [ 77.425345954542038, 23.229470347990805 ], [ 77.425312454542038, 23.229692747921753 ] ] ] } },
{ "type": "Feature", "properties": { }, "geometry": { "type": "Polygon", "coordinates": [ [ [ 77.439260254542035, 23.236867545693698 ], [ 77.439402854542024, 23.236889045687022 ], [ 77.439417454542038, 23.236807345712396 ], [ 77.439274854542035, 23.236785845719076 ], [ 77.439260254542035, 23.236867545693698 ] ] ] } },
{ "type": "Feature", "properties": { }, "geometry": { "type": "Polygon", "coordinates": [ [ [ 77.437181754542038, 23.237148845606331 ], [ 77.437148454542012, 23.237285245563967 ], [ 77.437227754542036, 23.237301645558873 ], [ 77.437261054542034, 23.237165245601233 ], [ 77.437181754542038, 23.237148845606331 ] ] ] } },
{ "type": "Feature", "properties": { }, "geometry": { "type": "Polygon", "coordinates": [ [ [ 77.437045254542028, 23.237429545519152 ], [ 77.437119754542039, 23.237444845514396 ], [ 77.43715095454202, 23.237316945554117 ], [ 77.437076554542031, 23.237301545558903 ], [ 77.437045254542028, 23.237429545519152 ] ] ] } },
{ "type": "Feature", "properties": { }, "geometry": { "type": "Polygon", "coordinates": [ [ [ 77.437101654542033, 23.235001546273228 ], [ 77.437257154542039, 23.235021846266921 ], [ 77.437272354542031, 23.23492384629736 ], [ 77.437116854542026, 23.234903546303666 ], [ 77.437101654542033, 23.235001546273228 ] ] ] } },
{ "type": "Feature", "properties": { }, "geometry": { "type": "Polygon", "coordinates": [ [ [ 77.437327154542032, 23.236946145669283 ], [ 77.437419254542021, 23.236956545666057 ], [ 77.437435454542026, 23.23683574570358 ], [ 77.437343354542037, 23.236825345706801 ], [ 77.437327154542032, 23.236946145669283 ] ] ] } },
{ "type": "Feature", "properties": { }, "geometry": { "type": "Polygon", "coordinates": [ [ [ 77.437306754542035, 23.23709574562282 ], [ 77.43739565454203, 23.237104445620119 ], [ 77.43741025454203, 23.236977545659538 ], [ 77.437321354542036, 23.236968945662205 ], [ 77.437306754542035, 23.23709574562282 ] ] ] } },
{ "type": "Feature", "properties": { }, "geometry": { "type": "Polygon", "coordinates": [ [ [ 77.438745854542034, 23.236814445710191 ], [ 77.438870654542029, 23.236835345703696 ], [ 77.43888675454204, 23.236754045728947 ], [ 77.438761954542031, 23.236733145735446 ], [ 77.438745854542034, 23.236814445710191 ] ] ] } },
{ "type": "Feature", "properties": { }, "geometry": { "type": "Polygon", "coordinates": [ [ [ 77.437213954542017, 23.237080645627518 ], [ 77.437301554542032, 23.237087845625279 ], [ 77.437314154542037, 23.236959045665284 ], [ 77.437226554542022, 23.236951745667554 ], [ 77.437213954542017, 23.237080645627518 ] ] ] } },
{ "type": "Feature", "properties": { }, "geometry": { "type": "Polygon", "coordinates": [ [ [ 77.438805154542038, 23.236558645789639 ], [ 77.438921754542037, 23.236578145783579 ], [ 77.43893845454204, 23.236494045809696 ], [ 77.438821854542027, 23.236474445815791 ], [ 77.438805154542038, 23.236558645789639 ] ] ] } },
{ "type": "Feature", "properties": { }, "geometry": { "type": "Polygon", "coordinates": [ [ [ 77.437155454542037, 23.234692646369158 ], [ 77.437136754542024, 23.234801746335279 ], [ 77.43729385454202, 23.234824546328195 ], [ 77.437312554542032, 23.234715446362078 ], [ 77.437155454542037, 23.234692646369158 ] ] ] } },
{ "type": "Feature", "properties": { }, "geometry": { "type": "Polygon", "coordinates": [ [ [ 77.437386854542027, 23.237489245500608 ], [ 77.43741695454203, 23.237365845538939 ], [ 77.437343454542031, 23.237350745543619 ], [ 77.437313254542033, 23.23747404550533 ], [ 77.437386854542027, 23.237489245500608 ] ] ] } },
{ "type": "Feature", "properties": { }, "geometry": { "type": "Polygon", "coordinates": [ [ [ 77.439526054542029, 23.230453847685439 ], [ 77.439871454542029, 23.230445147688137 ], [ 77.439865754542026, 23.230257347746448 ], [ 77.439520454542034, 23.23026614774372 ], [ 77.439526054542029, 23.230453847685439 ] ] ] } },
{ "type": "Feature", "properties": { }, "geometry": { "type": "Polygon", "coordinates": [ [ [ 77.439157554542035, 23.236677145752839 ], [ 77.43927955454204, 23.236695545747121 ], [ 77.439294854542027, 23.236609945773704 ], [ 77.439172854542036, 23.236591545779422 ], [ 77.439157554542035, 23.236677145752839 ] ] ] } },
{ "type": "Feature", "properties": { }, "geometry": { "type": "Polygon", "coordinates": [ [ [ 77.437277054542037, 23.234596346399073 ], [ 77.437390054542021, 23.23460714639571 ], [ 77.437397954542035, 23.234537246417425 ], [ 77.437284954542037, 23.234526446420777 ], [ 77.437277054542037, 23.234596346399073 ] ] ] } },
{ "type": "Feature", "properties": { }, "geometry": { "type": "Polygon", "coordinates": [ [ [ 77.429795054542026, 23.228430448313684 ], [ 77.429843054542033, 23.228420948316639 ], [ 77.429819554542021, 23.22832174834744 ], [ 77.429771654542037, 23.228331248344485 ], [ 77.429795054542026, 23.228430448313684 ] ] ] } },
{ "type": "Feature", "properties": { }, "geometry": { "type": "Polygon", "coordinates": [ [ [ 77.437133354542027, 23.237430245518929 ], [ 77.43720885454205, 23.237445745514119 ], [ 77.437233154542028, 23.237346545544927 ], [ 77.437157554542026, 23.237330945549772 ], [ 77.437133354542027, 23.237430245518929 ] ] ] } },
{ "type": "Feature", "properties": { }, "geometry": { "type": "Polygon", "coordinates": [ [ [ 77.429771154542024, 23.228748748214858 ], [ 77.429874354542036, 23.228771848207685 ], [ 77.429909954542026, 23.228637948249258 ], [ 77.429806654542034, 23.228614848256431 ], [ 77.429771154542024, 23.228748748214858 ] ] ] } },
{ "type": "Feature", "properties": { }, "geometry": { "type": "Polygon", "coordinates": [ [ [ 77.429457454542032, 23.230368747711857 ], [ 77.429493054542036, 23.23036964771158 ], [ 77.429495154542039, 23.230301247732818 ], [ 77.429459454542027, 23.230300347733102 ], [ 77.429457454542032, 23.230368747711857 ] ] ] } },
{ "type": "Feature", "properties": { }, "geometry": { "type": "Polygon", "coordinates": [ [ [ 77.439129454542027, 23.236842145701583 ], [ 77.439244054542016, 23.236859345696246 ], [ 77.439256354542039, 23.236790445717642 ], [ 77.439141754542021, 23.236773145723021 ], [ 77.439129454542027, 23.236842145701583 ] ] ] } },
{ "type": "Feature", "properties": { }, "geometry": { "type": "Polygon", "coordinates": [ [ [ 77.432183154542031, 23.230599247640292 ], [ 77.432206854542031, 23.230674847616815 ], [ 77.432501954542033, 23.230591047642832 ], [ 77.432476954542039, 23.230516647665944 ], [ 77.432183154542031, 23.230599247640292 ] ] ] } },
{ "type": "Feature", "properties": { }, "geometry": { "type": "Polygon", "coordinates": [ [ [ 77.438895054542016, 23.236738045733919 ], [ 77.439014054542028, 23.236757945727742 ], [ 77.43902885454203, 23.236683045751001 ], [ 77.438909854542032, 23.236663145757184 ], [ 77.438895054542016, 23.236738045733919 ] ] ] } },
{ "type": "Feature", "properties": { }, "geometry": { "type": "Polygon", "coordinates": [ [ [ 77.428171054542034, 23.230098547795755 ], [ 77.428297654542035, 23.230144547781471 ], [ 77.428376054542014, 23.229962347838054 ], [ 77.428249454542026, 23.229916347852331 ], [ 77.428171054542034, 23.230098547795755 ] ] ] } },
{ "type": "Feature", "properties": { }, "geometry": { "type": "Polygon", "coordinates": [ [ [ 77.437242754542012, 23.2369351456727 ], [ 77.437320454542032, 23.236944345669851 ], [ 77.437337654542034, 23.23682264570764 ], [ 77.437260054542037, 23.236813445710499 ], [ 77.437242754542012, 23.2369351456727 ] ] ] } },
{ "type": "Feature", "properties": { }, "geometry": { "type": "Polygon", "coordinates": [ [ [ 77.437123954542017, 23.237063745632764 ], [ 77.437204354542033, 23.237071845630236 ], [ 77.437218154542037, 23.236955945666249 ], [ 77.437137754542036, 23.236947845668759 ], [ 77.437123954542017, 23.237063745632764 ] ] ] } },
{ "type": "Feature", "properties": { }, "geometry": { "type": "Polygon", "coordinates": [ [ [ 77.425537754542034, 23.230120947788805 ], [ 77.425539454542033, 23.230230347754837 ], [ 77.425796654542026, 23.230226947755892 ], [ 77.425794954542027, 23.23011754778986 ], [ 77.425537754542034, 23.230120947788805 ] ] ] } },
{ "type": "Feature", "properties": { }, "geometry": { "type": "Polygon", "coordinates": [ [ [ 77.439285154542034, 23.236774145722709 ], [ 77.439407354542013, 23.23679264571696 ], [ 77.439422054542035, 23.236709945742646 ], [ 77.439299954542037, 23.236691545748361 ], [ 77.439285154542034, 23.236774145722709 ] ] ] } },
{ "type": "Feature", "properties": { }, "geometry": { "type": "Polygon", "coordinates": [ [ [ 77.428636954542029, 23.230353647716548 ], [ 77.428670554542023, 23.230514747666529 ], [ 77.428702654542022, 23.230509147668268 ], [ 77.428669054542013, 23.230347947718318 ], [ 77.428636954542029, 23.230353647716548 ] ] ] } },
{ "type": "Feature", "properties": { }, "geometry": { "type": "Polygon", "coordinates": [ [ [ 77.437428754542026, 23.237344545545547 ], [ 77.437536054542022, 23.237357245541602 ], [ 77.437556954542032, 23.237207545588099 ], [ 77.437449654542036, 23.237194945592012 ], [ 77.437428754542026, 23.237344545545547 ] ] ] } },
{ "type": "Feature", "properties": { }, "geometry": { "type": "Polygon", "coordinates": [ [ [ 77.428624854542036, 23.228398048323747 ], [ 77.428723854542028, 23.228406148321227 ], [ 77.42873475454202, 23.228293148356315 ], [ 77.428635754542029, 23.228285048358831 ], [ 77.428624854542036, 23.228398048323747 ] ] ] } },
{ "type": "Feature", "properties": { }, "geometry": { "type": "Polygon", "coordinates": [ [ [ 77.437055054542029, 23.237266845569682 ], [ 77.437131654542029, 23.237282645564775 ], [ 77.437162954542032, 23.237154545604557 ], [ 77.437086354542032, 23.237138745609464 ], [ 77.437055054542029, 23.237266845569682 ] ] ] } },
{ "type": "Feature", "properties": { }, "geometry": { "type": "Polygon", "coordinates": [ [ [ 77.430009254542028, 23.230288647736735 ], [ 77.430058154542039, 23.230294047735054 ], [ 77.430072954542013, 23.230180647770268 ], [ 77.430024054542031, 23.230175247771946 ], [ 77.430009254542028, 23.230288647736735 ] ] ] } },
{ "type": "Feature", "properties": { }, "geometry": { "type": "Polygon", "coordinates": [ [ [ 77.439288254542035, 23.23668104575162 ], [ 77.439410154542031, 23.236699445745909 ], [ 77.439423954542036, 23.236622445769818 ], [ 77.439301954542046, 23.236604045775536 ], [ 77.439288254542035, 23.23668104575162 ] ] ] } },
{ "type": "Feature", "properties": { }, "geometry": { "type": "Polygon", "coordinates": [ [ [ 77.430182954542019, 23.228706248228054 ], [ 77.430285554542039, 23.228759848211414 ], [ 77.43036205454203, 23.228636248249789 ], [ 77.430259454542039, 23.228582648266428 ], [ 77.430182954542019, 23.228706248228054 ] ] ] } },
{ "type": "Feature", "properties": { }, "geometry": { "type": "Polygon", "coordinates": [ [ [ 77.429489654542039, 23.230532647660976 ], [ 77.429490654542036, 23.230587147644052 ], [ 77.429764854542029, 23.230582847645383 ], [ 77.429763854542031, 23.230528347662304 ], [ 77.429489654542039, 23.230532647660976 ] ] ] } },
{ "type": "Feature", "properties": { }, "geometry": { "type": "Polygon", "coordinates": [ [ [ 77.438953354542022, 23.236484845812559 ], [ 77.43907745454203, 23.236505645806094 ], [ 77.439093754542014, 23.236423645831564 ], [ 77.438969654542035, 23.236402845838025 ], [ 77.438953354542022, 23.236484845812559 ] ] ] } },
{ "type": "Feature", "properties": { }, "geometry": { "type": "Polygon", "coordinates": [ [ [ 77.428048554542031, 23.230055747809047 ], [ 77.428164454542028, 23.230095547796687 ], [ 77.428242254542027, 23.229904547855998 ], [ 77.42812635454203, 23.229864647868379 ], [ 77.428048554542031, 23.230055747809047 ] ] ] } },
{ "type": "Feature", "properties": { }, "geometry": { "type": "Polygon", "coordinates": [ [ [ 77.439139054542039, 23.236764445725722 ], [ 77.439273654542035, 23.236784745719419 ], [ 77.439288054542033, 23.236704145744447 ], [ 77.439153454542037, 23.236683845750754 ], [ 77.439139054542039, 23.236764445725722 ] ] ] } },
{ "type": "Feature", "properties": { }, "geometry": { "type": "Polygon", "coordinates": [ [ [ 77.429336454542025, 23.230435147691242 ], [ 77.429367554542026, 23.230436847690719 ], [ 77.42938855454203, 23.230207147762034 ], [ 77.429351154542033, 23.230214047759901 ], [ 77.429336454542025, 23.230435147691242 ] ] ] } },
{ "type": "Feature", "properties": { }, "geometry": { "type": "Polygon", "coordinates": [ [ [ 77.438884754542016, 23.236835545703638 ], [ 77.439003654542034, 23.236855445697454 ], [ 77.439021754542026, 23.236764445725722 ], [ 77.438902854542022, 23.236744545731906 ], [ 77.438884754542016, 23.236835545703638 ] ] ] } },
{ "type": "Feature", "properties": { }, "geometry": { "type": "Polygon", "coordinates": [ [ [ 77.429956654542039, 23.228699748230074 ], [ 77.429962654542024, 23.228771248207874 ], [ 77.430031554542026, 23.228766348209401 ], [ 77.430025554542027, 23.228694848231591 ], [ 77.429956654542039, 23.228699748230074 ] ] ] } },
{ "type": "Feature", "properties": { }, "geometry": { "type": "Polygon", "coordinates": [ [ [ 77.437435254542038, 23.236977545659538 ], [ 77.437509154542028, 23.236982545657984 ], [ 77.437518654542032, 23.236864945694506 ], [ 77.437444654542034, 23.236859945696054 ], [ 77.437435254542038, 23.236977545659538 ] ] ] } },
{ "type": "Feature", "properties": { }, "geometry": { "type": "Polygon", "coordinates": [ [ [ 77.429699454542032, 23.22883384818844 ], [ 77.429760954542033, 23.228862048179675 ], [ 77.42980895454204, 23.228773648207124 ], [ 77.429747554542033, 23.228745448215886 ], [ 77.429699454542032, 23.22883384818844 ] ] ] } },
{ "type": "Feature", "properties": { }, "geometry": { "type": "Polygon", "coordinates": [ [ [ 77.437399554542026, 23.237318645553596 ], [ 77.437429754542023, 23.237195145591951 ], [ 77.437363154542027, 23.237181445596207 ], [ 77.437332954542015, 23.23730484555788 ], [ 77.437399554542026, 23.237318645553596 ] ] ] } },
{ "type": "Feature", "properties": { }, "geometry": { "type": "Polygon", "coordinates": [ [ [ 77.430156854542034, 23.228971148145806 ], [ 77.430265854542029, 23.228780348205046 ], [ 77.430188254542031, 23.228742848216687 ], [ 77.430079254542036, 23.228933748157413 ], [ 77.430156854542034, 23.228971148145806 ] ] ] } },
{ "type": "Feature", "properties": { }, "geometry": { "type": "Polygon", "coordinates": [ [ [ 77.437143454542039, 23.236917945678051 ], [ 77.43722155454202, 23.236925245675778 ], [ 77.437234354542028, 23.236809545711708 ], [ 77.437156354542026, 23.236802245713982 ], [ 77.437143454542039, 23.236917945678051 ] ] ] } },
{ "type": "Feature", "properties": { }, "geometry": { "type": "Polygon", "coordinates": [ [ [ 77.431754054542026, 23.230649147624799 ], [ 77.431899054542015, 23.230657447622221 ], [ 77.431905354542039, 23.230564647651036 ], [ 77.431760354542035, 23.230556347653611 ], [ 77.431754054542026, 23.230649147624799 ] ] ] } },
{ "type": "Feature", "properties": { }, "geometry": { "type": "Polygon", "coordinates": [ [ [ 77.437026354542013, 23.237049345637232 ], [ 77.437116254542033, 23.237057045634838 ], [ 77.437128054542029, 23.236941545670714 ], [ 77.437038154542023, 23.236933745673142 ], [ 77.437026354542013, 23.237049345637232 ] ] ] } },
{ "type": "Feature", "properties": { }, "geometry": { "type": "Polygon", "coordinates": [ [ [ 77.431264554542039, 23.22873394821945 ], [ 77.43128585454204, 23.228834348188283 ], [ 77.431450854542035, 23.228804748197476 ], [ 77.431429554542021, 23.228704448228616 ], [ 77.431264554542039, 23.22873394821945 ] ] ] } },
{ "type": "Feature", "properties": { }, "geometry": { "type": "Polygon", "coordinates": [ [ [ 77.437041254542038, 23.236905545681896 ], [ 77.437138354542014, 23.236913645679383 ], [ 77.437149654542026, 23.236798545715125 ], [ 77.437052454542027, 23.236790445717642 ], [ 77.437041254542038, 23.236905545681896 ] ] ] } },
{ "type": "Feature", "properties": { }, "geometry": { "type": "Polygon", "coordinates": [ [ [ 77.426895654542037, 23.229432848002453 ], [ 77.427106454542027, 23.229420448006305 ], [ 77.427100854542033, 23.229339748031361 ], [ 77.42688995454202, 23.229352148027512 ], [ 77.426895654542037, 23.229432848002453 ] ] ] } },
{ "type": "Feature", "properties": { }, "geometry": { "type": "Polygon", "coordinates": [ [ [ 77.440601654542036, 23.237138945609406 ], [ 77.440748454542032, 23.237146345607105 ], [ 77.440756554542034, 23.237010545649284 ], [ 77.440609754542024, 23.237003145651581 ], [ 77.440601654542036, 23.237138945609406 ] ] ] } },
{ "type": "Feature", "properties": { }, "geometry": { "type": "Polygon", "coordinates": [ [ [ 77.428678254542035, 23.230325647725245 ], [ 77.428713154542024, 23.230516647665944 ], [ 77.428773654542013, 23.230507247668857 ], [ 77.428738754542039, 23.230316247728162 ], [ 77.428678254542035, 23.230325647725245 ] ] ] } },
{ "type": "Feature", "properties": { }, "geometry": { "type": "Polygon", "coordinates": [ [ [ 77.437317154542029, 23.23499724627456 ], [ 77.437408954542036, 23.23501154627013 ], [ 77.437429054542037, 23.234902346304036 ], [ 77.437337254542015, 23.234888046308473 ], [ 77.437317154542029, 23.23499724627456 ] ] ] } },
{ "type": "Feature", "properties": { }, "geometry": { "type": "Polygon", "coordinates": [ [ [ 77.429854054542034, 23.228933948157355 ], [ 77.429905454542038, 23.228834348188283 ], [ 77.429840554542039, 23.228806048197072 ], [ 77.429789154542036, 23.228905648166148 ], [ 77.429854054542034, 23.228933948157355 ] ] ] } },
{ "type": "Feature", "properties": { }, "geometry": { "type": "Polygon", "coordinates": [ [ [ 77.437395254542039, 23.237497845497934 ], [ 77.43749995454202, 23.23751944549123 ], [ 77.437535354542035, 23.237374345536292 ], [ 77.437430754542035, 23.237352745543003 ], [ 77.437395254542039, 23.237497845497934 ] ] ] } },
{ "type": "Feature", "properties": { }, "geometry": { "type": "Polygon", "coordinates": [ [ [ 77.431573054542014, 23.230588147643736 ], [ 77.431700454542039, 23.230605347638395 ], [ 77.43171815454204, 23.230494647672767 ], [ 77.431590754542029, 23.230477347678146 ], [ 77.431573054542014, 23.230588147643736 ] ] ] } },
{ "type": "Feature", "properties": { }, "geometry": { "type": "Polygon", "coordinates": [ [ [ 77.426046454542032, 23.229927547848856 ], [ 77.426127254542024, 23.229717147914187 ], [ 77.425947454542012, 23.229658847932278 ], [ 77.425866654542034, 23.229869347866927 ], [ 77.426046454542032, 23.229927547848856 ] ] ] } },
{ "type": "Feature", "properties": { }, "geometry": { "type": "Polygon", "coordinates": [ [ [ 77.43989705454203, 23.230611847636379 ], [ 77.440118354542037, 23.230609347637159 ], [ 77.440113654542017, 23.230254847747233 ], [ 77.439892354542039, 23.230257347746448 ], [ 77.43989705454203, 23.230611847636379 ] ] ] } },
{ "type": "Feature", "properties": { }, "geometry": { "type": "Polygon", "coordinates": [ [ [ 77.43069525454203, 23.228388248326784 ], [ 77.43065655454204, 23.228432148313154 ], [ 77.430709554542034, 23.228471648300893 ], [ 77.430748254542024, 23.228427748314527 ], [ 77.43069525454203, 23.228388248326784 ] ] ] } },
{ "type": "Feature", "properties": { }, "geometry": { "type": "Polygon", "coordinates": [ [ [ 77.436928354542019, 23.237401645527815 ], [ 77.43703875454203, 23.23742444552073 ], [ 77.437069654542029, 23.237298245559931 ], [ 77.436959154542038, 23.237275445567011 ], [ 77.436928354542019, 23.237401645527815 ] ] ] } },
{ "type": "Feature", "properties": { }, "geometry": { "type": "Polygon", "coordinates": [ [ [ 77.426892454542028, 23.229594347952315 ], [ 77.427100754542039, 23.229589347953866 ], [ 77.427097754542018, 23.229483247986806 ], [ 77.426889454542035, 23.229488147985286 ], [ 77.426892454542028, 23.229594347952315 ] ] ] } },
{ "type": "Feature", "properties": { }, "geometry": { "type": "Polygon", "coordinates": [ [ [ 77.440195454542021, 23.23677814572147 ], [ 77.44035585454202, 23.236786245718953 ], [ 77.440363254542021, 23.236662945757239 ], [ 77.440202854542036, 23.236654845759762 ], [ 77.440195454542021, 23.23677814572147 ] ] ] } },
{ "type": "Feature", "properties": { }, "geometry": { "type": "Polygon", "coordinates": [ [ [ 77.429404354542029, 23.230418947696272 ], [ 77.429438854542028, 23.230420147695899 ], [ 77.42944695454203, 23.230234747753467 ], [ 77.429412354542038, 23.230233447753868 ], [ 77.429404354542029, 23.230418947696272 ] ] ] } },
{ "type": "Feature", "properties": { }, "geometry": { "type": "Polygon", "coordinates": [ [ [ 77.437341054542031, 23.234870246313999 ], [ 77.437434954542027, 23.234885646309223 ], [ 77.437456254542028, 23.234775946343291 ], [ 77.437362354542032, 23.234760546348078 ], [ 77.437341054542031, 23.234870246313999 ] ] ] } },
{ "type": "Feature", "properties": { }, "geometry": { "type": "Polygon", "coordinates": [ [ [ 77.437048754542033, 23.237279045565895 ], [ 77.437081054542034, 23.237146845606951 ], [ 77.436988654542034, 23.23712784561285 ], [ 77.436956354542019, 23.237259945571825 ], [ 77.437048754542033, 23.237279045565895 ] ] ] } },
{ "type": "Feature", "properties": { }, "geometry": { "type": "Polygon", "coordinates": [ [ [ 77.438821254542034, 23.236467445817965 ], [ 77.438942054542025, 23.236487645811685 ], [ 77.43895865454202, 23.236403845837717 ], [ 77.43883785454203, 23.236383645843986 ], [ 77.438821254542034, 23.236467445817965 ] ] ] } },
{ "type": "Feature", "properties": { }, "geometry": { "type": "Polygon", "coordinates": [ [ [ 77.439308954542014, 23.23659054577973 ], [ 77.439431054542013, 23.236608945774012 ], [ 77.439443354542036, 23.23653994579545 ], [ 77.439321254542037, 23.23652154580116 ], [ 77.439308954542014, 23.23659054577973 ] ] ] } },
{ "type": "Feature", "properties": { }, "geometry": { "type": "Polygon", "coordinates": [ [ [ 77.43721835454204, 23.237446445513893 ], [ 77.43730875454203, 23.237465045508124 ], [ 77.437334654542028, 23.237359045541044 ], [ 77.437244254542023, 23.237340445546824 ], [ 77.43721835454204, 23.237446445513893 ] ] ] } },
{ "type": "Feature", "properties": { }, "geometry": { "type": "Polygon", "coordinates": [ [ [ 77.438774554542036, 23.236627445768271 ], [ 77.438901254542031, 23.236648645761687 ], [ 77.438914454542029, 23.236582245782312 ], [ 77.43878765454204, 23.236561045788893 ], [ 77.438774554542036, 23.236627445768271 ] ] ] } },
{ "type": "Feature", "properties": { }, "geometry": { "type": "Polygon", "coordinates": [ [ [ 77.439165654542037, 23.236582445782243 ], [ 77.439290054542028, 23.236601145776444 ], [ 77.43930325454204, 23.236526945799486 ], [ 77.439178954542029, 23.23650824580529 ], [ 77.439165654542037, 23.236582445782243 ] ] ] } },
{ "type": "Feature", "properties": { }, "geometry": { "type": "Polygon", "coordinates": [ [ [ 77.43891635454203, 23.236659045758454 ], [ 77.439037054542027, 23.236679245752182 ], [ 77.439052054542032, 23.236603345775755 ], [ 77.438931454542029, 23.236583145782031 ], [ 77.43891635454203, 23.236659045758454 ] ] ] } },
{ "type": "Feature", "properties": { }, "geometry": { "type": "Polygon", "coordinates": [ [ [ 77.438733354542038, 23.236914245679195 ], [ 77.438863254542028, 23.236935945672453 ], [ 77.438882154542029, 23.236840645702049 ], [ 77.438752254542038, 23.236818845708822 ], [ 77.438733354542038, 23.236914245679195 ] ] ] } },
{ "type": "Feature", "properties": { }, "geometry": { "type": "Polygon", "coordinates": [ [ [ 77.437402254542036, 23.237092545623817 ], [ 77.43747535454203, 23.237098845621858 ], [ 77.437486554542033, 23.236990045655649 ], [ 77.437413454542039, 23.236983745657611 ], [ 77.437402254542036, 23.237092545623817 ] ] ] } },
{ "type": "Feature", "properties": { }, "geometry": { "type": "Polygon", "coordinates": [ [ [ 77.438761454542032, 23.236727545737182 ], [ 77.43888715454203, 23.236748545730652 ], [ 77.438905154542027, 23.236657645758889 ], [ 77.438779454542029, 23.236636545765439 ], [ 77.438761454542032, 23.236727545737182 ] ] ] } },
{ "type": "Feature", "properties": { }, "geometry": { "type": "Polygon", "coordinates": [ [ [ 77.440034054542039, 23.236768045724599 ], [ 77.440184854542039, 23.236772345723267 ], [ 77.440188954542037, 23.236651245760875 ], [ 77.440038154542037, 23.23664694576221 ], [ 77.440034054542039, 23.236768045724599 ] ] ] } },
{ "type": "Feature", "properties": { }, "geometry": { "type": "Polygon", "coordinates": [ [ [ 77.438935654542021, 23.236576245784171 ], [ 77.439063054542032, 23.236597645777525 ], [ 77.439080154542012, 23.236511645804235 ], [ 77.438952654542035, 23.236490345810846 ], [ 77.438935654542021, 23.236576245784171 ] ] ] } },
{ "type": "Feature", "properties": { }, "geometry": { "type": "Polygon", "coordinates": [ [ [ 77.437231054542039, 23.23729064556229 ], [ 77.43731865454204, 23.237308745556668 ], [ 77.437349954542029, 23.237185545594926 ], [ 77.437352254542034, 23.237171545599281 ], [ 77.43726455454204, 23.237153445604903 ], [ 77.437262954542021, 23.237160045602842 ], [ 77.437231054542039, 23.23729064556229 ] ] ] } },
{ "type": "Feature", "properties": { }, "geometry": { "type": "Polygon", "coordinates": [ [ [ 77.435880754542026, 23.240049444705381 ], [ 77.43586225454203, 23.240137844677925 ], [ 77.435987654542032, 23.240160044671029 ], [ 77.436006154542028, 23.24007154469852 ], [ 77.435880754542026, 23.240049444705381 ] ] ] } },
{ "type": "Feature", "properties": { }, "geometry": { "type": "Polygon", "coordinates": [ [ [ 77.436042254542031, 23.241325144309108 ], [ 77.436117554542037, 23.241344244303178 ], [ 77.436152354542031, 23.241228644339085 ], [ 77.436077054542039, 23.241209544345022 ], [ 77.436042254542031, 23.241325144309108 ] ] ] } },
{ "type": "Feature", "properties": { }, "geometry": { "type": "Polygon", "coordinates": [ [ [ 77.437134154542036, 23.238741245111733 ], [ 77.437249654542029, 23.238757545106669 ], [ 77.437282654542031, 23.238559445168207 ], [ 77.437167254542032, 23.238543145173264 ], [ 77.437134154542036, 23.238741245111733 ] ] ] } },
{ "type": "Feature", "properties": { }, "geometry": { "type": "Polygon", "coordinates": [ [ [ 77.436340454542034, 23.239828744773934 ], [ 77.436440754542019, 23.239856344765368 ], [ 77.436480354542027, 23.239734944803075 ], [ 77.436379954542033, 23.239707344811645 ], [ 77.436340454542034, 23.239828744773934 ] ] ] } },
{ "type": "Feature", "properties": { }, "geometry": { "type": "Polygon", "coordinates": [ [ [ 77.436301954542031, 23.241395044287398 ], [ 77.436336354542021, 23.241280544322965 ], [ 77.436234354542037, 23.241254644331011 ], [ 77.436199954542033, 23.241369144295433 ], [ 77.436301954542031, 23.241395044287398 ] ] ] } },
{ "type": "Feature", "properties": { }, "geometry": { "type": "Polygon", "coordinates": [ [ [ 77.435960554542021, 23.240409244593621 ], [ 77.436084554542035, 23.240430844586907 ], [ 77.436100954542013, 23.240351544611542 ], [ 77.435976854542034, 23.240329944618253 ], [ 77.435960554542021, 23.240409244593621 ] ] ] } },
{ "type": "Feature", "properties": { }, "geometry": { "type": "Polygon", "coordinates": [ [ [ 77.436385554542028, 23.240004444719361 ], [ 77.436477854542034, 23.240032644710602 ], [ 77.436524954542037, 23.239902044751169 ], [ 77.436432654542031, 23.239873944759893 ], [ 77.436385554542028, 23.240004444719361 ] ] ] } },
{ "type": "Feature", "properties": { }, "geometry": { "type": "Polygon", "coordinates": [ [ [ 77.437079854542034, 23.23829574525011 ], [ 77.437198754542024, 23.238314145244399 ], [ 77.437219554542025, 23.238201045279521 ], [ 77.437100654542036, 23.238182645285239 ], [ 77.437079854542034, 23.23829574525011 ] ] ] } },
{ "type": "Feature", "properties": { }, "geometry": { "type": "Polygon", "coordinates": [ [ [ 77.436139954542028, 23.240552744549042 ], [ 77.436122654542032, 23.240630744524818 ], [ 77.436266354542028, 23.240657644516464 ], [ 77.43628355454203, 23.240579544540722 ], [ 77.436139954542028, 23.240552744549042 ] ] ] } },
{ "type": "Feature", "properties": { }, "geometry": { "type": "Polygon", "coordinates": [ [ [ 77.436590654542016, 23.239181944974849 ], [ 77.436676954542037, 23.239191144971986 ], [ 77.436693754542034, 23.239058845013087 ], [ 77.436607454542028, 23.23904954501597 ], [ 77.436590654542016, 23.239181944974849 ] ] ] } },
{ "type": "Feature", "properties": { }, "geometry": { "type": "Polygon", "coordinates": [ [ [ 77.436203454542039, 23.240998844410466 ], [ 77.436336354542021, 23.241030444400653 ], [ 77.436354854542017, 23.240964944421002 ], [ 77.436221954542034, 23.240933344430822 ], [ 77.436203454542039, 23.240998844410466 ] ] ] } },
{ "type": "Feature", "properties": { }, "geometry": { "type": "Polygon", "coordinates": [ [ [ 77.437092754542036, 23.240159044671344 ], [ 77.43715795454203, 23.240175344666273 ], [ 77.437184354542026, 23.240086244693952 ], [ 77.437119154542032, 23.24006994469902 ], [ 77.437092754542036, 23.240159044671344 ] ] ] } },
{ "type": "Feature", "properties": { }, "geometry": { "type": "Polygon", "coordinates": [ [ [ 77.43628745454204, 23.239964844731663 ], [ 77.436382954542026, 23.239991844723285 ], [ 77.436420454542031, 23.239879744758095 ], [ 77.43632495454203, 23.239852744766488 ], [ 77.43628745454204, 23.239964844731663 ] ] ] } },
{ "type": "Feature", "properties": { }, "geometry": { "type": "Polygon", "coordinates": [ [ [ 77.435900754542033, 23.240651544518357 ], [ 77.436029554542031, 23.240672444511862 ], [ 77.43604465454203, 23.240594144536185 ], [ 77.435915854542017, 23.240573144542712 ], [ 77.435900754542033, 23.240651544518357 ] ] ] } },
{ "type": "Feature", "properties": { }, "geometry": { "type": "Polygon", "coordinates": [ [ [ 77.436739054542031, 23.240070844698739 ], [ 77.436811554542018, 23.240091844692213 ], [ 77.436845954542036, 23.239991544723374 ], [ 77.436773454542035, 23.239970544729896 ], [ 77.436739054542031, 23.240070844698739 ] ] ] } },
{ "type": "Feature", "properties": { }, "geometry": { "type": "Polygon", "coordinates": [ [ [ 77.436654554542031, 23.239001145031004 ], [ 77.436742954542026, 23.239011045027929 ], [ 77.43675725454203, 23.238903745061258 ], [ 77.436668754542026, 23.238893745064367 ], [ 77.436654554542031, 23.239001145031004 ] ] ] } },
{ "type": "Feature", "properties": { }, "geometry": { "type": "Polygon", "coordinates": [ [ [ 77.437717354542031, 23.240359644609033 ], [ 77.437755354542034, 23.240244144644905 ], [ 77.437676454542029, 23.240222244651711 ], [ 77.437638554542019, 23.240337844615798 ], [ 77.437717354542031, 23.240359644609033 ] ] ] } },
{ "type": "Feature", "properties": { }, "geometry": { "type": "Polygon", "coordinates": [ [ [ 77.43721165454204, 23.238305245247155 ], [ 77.437196554542027, 23.238388645221256 ], [ 77.437313154542039, 23.23840644521573 ], [ 77.437328254542024, 23.238323145241601 ], [ 77.43721165454204, 23.238305245247155 ] ] ] } },
{ "type": "Feature", "properties": { }, "geometry": { "type": "Polygon", "coordinates": [ [ [ 77.436291754542026, 23.239152044984131 ], [ 77.436412654542039, 23.239166044979786 ], [ 77.43643035454204, 23.239037045019856 ], [ 77.436309454542027, 23.239023045024197 ], [ 77.436291754542026, 23.239152044984131 ] ] ] } },
{ "type": "Feature", "properties": { }, "geometry": { "type": "Polygon", "coordinates": [ [ [ 77.436101554542034, 23.239852844766453 ], [ 77.436082854542036, 23.239932044741852 ], [ 77.436190954542013, 23.239953744735107 ], [ 77.436209754542034, 23.239874544759704 ], [ 77.436101554542034, 23.239852844766453 ] ] ] } },
{ "type": "Feature", "properties": { }, "geometry": { "type": "Polygon", "coordinates": [ [ [ 77.436790654542037, 23.237955145355897 ], [ 77.436971054542028, 23.237981845347608 ], [ 77.436992254542034, 23.237861245385062 ], [ 77.436811854542029, 23.237834445393389 ], [ 77.436790654542037, 23.237955145355897 ] ] ] } },
{ "type": "Feature", "properties": { }, "geometry": { "type": "Polygon", "coordinates": [ [ [ 77.436158854542015, 23.240474744573273 ], [ 77.436142654542039, 23.240547644550631 ], [ 77.436294354542028, 23.240576044541807 ], [ 77.436310454542038, 23.240503144564453 ], [ 77.436158854542015, 23.240474744573273 ] ] ] } },
{ "type": "Feature", "properties": { }, "geometry": { "type": "Polygon", "coordinates": [ [ [ 77.436583654542034, 23.239346744923658 ], [ 77.436659254542036, 23.23935584492083 ], [ 77.43667515454203, 23.239244044955555 ], [ 77.436599554542028, 23.239234944958383 ], [ 77.436583654542034, 23.239346744923658 ] ] ] } },
{ "type": "Feature", "properties": { }, "geometry": { "type": "Polygon", "coordinates": [ [ [ 77.435821554542017, 23.240294644629223 ], [ 77.435806854542037, 23.240355144610433 ], [ 77.435934854542026, 23.240381544602226 ], [ 77.435949654542028, 23.24032104462102 ], [ 77.435821554542017, 23.240294644629223 ] ] ] } },
{ "type": "Feature", "properties": { }, "geometry": { "type": "Polygon", "coordinates": [ [ [ 77.436228854542023, 23.24093024443178 ], [ 77.436357454542033, 23.240960944422245 ], [ 77.43637865454204, 23.240885744445606 ], [ 77.436250054542015, 23.240855044455142 ], [ 77.436228854542023, 23.24093024443178 ] ] ] } },
{ "type": "Feature", "properties": { }, "geometry": { "type": "Polygon", "coordinates": [ [ [ 77.43630215454202, 23.239303444937104 ], [ 77.436318954542031, 23.239197244970097 ], [ 77.436239854542038, 23.239186644973387 ], [ 77.436223054542012, 23.239292944940374 ], [ 77.43630215454202, 23.239303444937104 ] ] ] } },
{ "type": "Feature", "properties": { }, "geometry": { "type": "Polygon", "coordinates": [ [ [ 77.437962154542035, 23.240433144586198 ], [ 77.438053254542027, 23.240458344578371 ], [ 77.438087254542026, 23.240354844610522 ], [ 77.437996154542034, 23.240329644618345 ], [ 77.437962154542035, 23.240433144586198 ] ] ] } },
{ "type": "Feature", "properties": { }, "geometry": { "type": "Polygon", "coordinates": [ [ [ 77.437787654542035, 23.24038794460024 ], [ 77.437827354542037, 23.240267244637732 ], [ 77.43776715454203, 23.240250544642919 ], [ 77.437727554542036, 23.240371244605424 ], [ 77.437787654542035, 23.24038794460024 ] ] ] } },
{ "type": "Feature", "properties": { }, "geometry": { "type": "Polygon", "coordinates": [ [ [ 77.437224054542014, 23.238243345266383 ], [ 77.43721325454203, 23.23830294524787 ], [ 77.437334754542036, 23.238321545242091 ], [ 77.43734555454202, 23.238261945260604 ], [ 77.437224054542014, 23.238243345266383 ] ] ] } },
{ "type": "Feature", "properties": { }, "geometry": { "type": "Polygon", "coordinates": [ [ [ 77.436608954542038, 23.241297244317774 ], [ 77.436693454542038, 23.241314444312433 ], [ 77.436721954542037, 23.241196544349059 ], [ 77.436637454542037, 23.241179344354396 ], [ 77.436608954542038, 23.241297244317774 ] ] ] } },
{ "type": "Feature", "properties": { }, "geometry": { "type": "Polygon", "coordinates": [ [ [ 77.437000354542036, 23.240160044671029 ], [ 77.437082454542036, 23.240181444664387 ], [ 77.437117554542013, 23.240067844699674 ], [ 77.437035354542033, 23.240046444706312 ], [ 77.437000354542036, 23.240160044671029 ] ] ] } },
{ "type": "Feature", "properties": { }, "geometry": { "type": "Polygon", "coordinates": [ [ [ 77.436980654542012, 23.238000445341829 ], [ 77.437079754542026, 23.238013445337792 ], [ 77.437101054542026, 23.237876545380313 ], [ 77.437001954542026, 23.237863545384343 ], [ 77.436980654542012, 23.238000445341829 ] ] ] } },
{ "type": "Feature", "properties": { }, "geometry": { "type": "Polygon", "coordinates": [ [ [ 77.436653754542036, 23.2400500447052 ], [ 77.436736054542052, 23.240072644698184 ], [ 77.436771554542034, 23.239963344732132 ], [ 77.436689254542031, 23.239940844739117 ], [ 77.436653754542036, 23.2400500447052 ] ] ] } },
{ "type": "Feature", "properties": { }, "geometry": { "type": "Polygon", "coordinates": [ [ [ 77.435984054542018, 23.240322344620608 ], [ 77.436102654542026, 23.240345144613531 ], [ 77.436121554542041, 23.240262244639283 ], [ 77.436002854542039, 23.240239444646363 ], [ 77.435984054542018, 23.240322344620608 ] ] ] } },
{ "type": "Feature", "properties": { }, "geometry": { "type": "Polygon", "coordinates": [ [ [ 77.43714025454203, 23.238926945054057 ], [ 77.437222154542027, 23.238935745051315 ], [ 77.43723815454203, 23.238809945090395 ], [ 77.437156254542032, 23.238801145093127 ], [ 77.43714025454203, 23.238926945054057 ] ] ] } },
{ "type": "Feature", "properties": { }, "geometry": { "type": "Polygon", "coordinates": [ [ [ 77.436570054542017, 23.240017844715197 ], [ 77.436644954542032, 23.240039144708582 ], [ 77.436678454542033, 23.239939644739486 ], [ 77.436603554542032, 23.239918344746105 ], [ 77.436570054542017, 23.240017844715197 ] ] ] } },
{ "type": "Feature", "properties": { }, "geometry": { "type": "Polygon", "coordinates": [ [ [ 77.435839654542036, 23.240229944649318 ], [ 77.435824554542037, 23.240291944630055 ], [ 77.435951354542027, 23.240318044621947 ], [ 77.435966454542012, 23.240256044641207 ], [ 77.435839654542036, 23.240229944649318 ] ] ] } },
{ "type": "Feature", "properties": { }, "geometry": { "type": "Polygon", "coordinates": [ [ [ 77.436247354542019, 23.240846344457847 ], [ 77.436374154542037, 23.240876544448465 ], [ 77.43639215454202, 23.24081264446831 ], [ 77.43626535454203, 23.240782444477695 ], [ 77.436247354542019, 23.240846344457847 ] ] ] } },
{ "type": "Feature", "properties": { }, "geometry": { "type": "Polygon", "coordinates": [ [ [ 77.438149554542036, 23.240808044469741 ], [ 77.438112954542035, 23.240879744447472 ], [ 77.438232054542027, 23.240931144431499 ], [ 77.438268654542028, 23.240859444453779 ], [ 77.438149554542036, 23.240808044469741 ] ] ] } },
{ "type": "Feature", "properties": { }, "geometry": { "type": "Polygon", "coordinates": [ [ [ 77.437363854542014, 23.241099844379093 ], [ 77.437441754542036, 23.241117444373629 ], [ 77.437471854542039, 23.241004644408669 ], [ 77.43739405454204, 23.24098704441414 ], [ 77.437363854542014, 23.241099844379093 ] ] ] } },
{ "type": "Feature", "properties": { }, "geometry": { "type": "Polygon", "coordinates": [ [ [ 77.437071454542036, 23.23814964529549 ], [ 77.437226054542037, 23.238168545289621 ], [ 77.437241754542015, 23.238059745323412 ], [ 77.437087254542035, 23.23804084532928 ], [ 77.437071454542036, 23.23814964529549 ] ] ] } },
{ "type": "Feature", "properties": { }, "geometry": { "type": "Polygon", "coordinates": [ [ [ 77.435743554542029, 23.241113544374844 ], [ 77.435819254542039, 23.241128944370057 ], [ 77.435850654542037, 23.240998944410443 ], [ 77.435774854542032, 23.240983544415226 ], [ 77.435743554542029, 23.241113544374844 ] ] ] } },
{ "type": "Feature", "properties": { }, "geometry": { "type": "Polygon", "coordinates": [ [ [ 77.435598954542016, 23.241203844346789 ], [ 77.435677754542027, 23.241223844340578 ], [ 77.435706754542039, 23.241127444370523 ], [ 77.435627954542028, 23.241107344376761 ], [ 77.435598954542016, 23.241203844346789 ] ] ] } },
{ "type": "Feature", "properties": { }, "geometry": { "type": "Polygon", "coordinates": [ [ [ 77.437024554542035, 23.239041845018363 ], [ 77.437199954542024, 23.239060445012584 ], [ 77.437213154542022, 23.238956345044922 ], [ 77.437037654542038, 23.238937645050729 ], [ 77.437024554542035, 23.239041845018363 ] ] ] } },
{ "type": "Feature", "properties": { }, "geometry": { "type": "Polygon", "coordinates": [ [ [ 77.437258754542029, 23.240224744650934 ], [ 77.437373354542032, 23.24025764464071 ], [ 77.437407254542038, 23.240158144671621 ], [ 77.437292654542034, 23.240125144681873 ], [ 77.437258754542029, 23.240224744650934 ] ] ] } },
{ "type": "Feature", "properties": { }, "geometry": { "type": "Polygon", "coordinates": [ [ [ 77.437945354542038, 23.240892944443367 ], [ 77.437902854542031, 23.240963544421437 ], [ 77.438013154542034, 23.241019544404043 ], [ 77.438055654542026, 23.240949044425939 ], [ 77.437945354542038, 23.240892944443367 ] ] ] } },
{ "type": "Feature", "properties": { }, "geometry": { "type": "Polygon", "coordinates": [ [ [ 77.438109654542032, 23.240317444622136 ], [ 77.438183754542038, 23.24033804461574 ], [ 77.438223454542026, 23.240217244653266 ], [ 77.438149354542034, 23.240196644659658 ], [ 77.438109654542032, 23.240317444622136 ] ] ] } },
{ "type": "Feature", "properties": { }, "geometry": { "type": "Polygon", "coordinates": [ [ [ 77.435702554542047, 23.240764544483255 ], [ 77.435675654542038, 23.24088444444601 ], [ 77.435784354542037, 23.240905044439607 ], [ 77.435811354542039, 23.240785244476818 ], [ 77.435702554542047, 23.240764544483255 ] ] ] } },
{ "type": "Feature", "properties": { }, "geometry": { "type": "Polygon", "coordinates": [ [ [ 77.436443454542029, 23.239856944765179 ], [ 77.436542154542039, 23.239883944756791 ], [ 77.436583054542027, 23.239757644796025 ], [ 77.436484354542031, 23.239730644804411 ], [ 77.436443454542029, 23.239856944765179 ] ] ] } },
{ "type": "Feature", "properties": { }, "geometry": { "type": "Polygon", "coordinates": [ [ [ 77.437446354542033, 23.241119544372975 ], [ 77.437519254542039, 23.241134844368226 ], [ 77.437546354542036, 23.241025444402208 ], [ 77.43747345454203, 23.241010144406964 ], [ 77.437446354542033, 23.241119544372975 ] ] ] } },
{ "type": "Feature", "properties": { }, "geometry": { "type": "Polygon", "coordinates": [ [ [ 77.436938754542027, 23.239394644908778 ], [ 77.437023554542037, 23.239404344905768 ], [ 77.437037454542036, 23.2393015449377 ], [ 77.436952554542032, 23.239291844940716 ], [ 77.436938754542027, 23.239394644908778 ] ] ] } },
{ "type": "Feature", "properties": { }, "geometry": { "type": "Polygon", "coordinates": [ [ [ 77.43659815454204, 23.241461444266768 ], [ 77.436737454542012, 23.241496844255767 ], [ 77.436771954542039, 23.241381944291465 ], [ 77.436632654542038, 23.241346644302432 ], [ 77.43659815454204, 23.241461444266768 ] ] ] } },
{ "type": "Feature", "properties": { }, "geometry": { "type": "Polygon", "coordinates": [ [ [ 77.436390054542017, 23.239315144933474 ], [ 77.436406654542026, 23.23920974496621 ], [ 77.436323654542036, 23.239198644969655 ], [ 77.436307054542027, 23.239304044936922 ], [ 77.436390054542017, 23.239315144933474 ] ] ] } },
{ "type": "Feature", "properties": { }, "geometry": { "type": "Polygon", "coordinates": [ [ [ 77.435635154542027, 23.241068944388697 ], [ 77.435717254542027, 23.24108564438351 ], [ 77.435744854542037, 23.240971444418982 ], [ 77.435662654542028, 23.240954744424169 ], [ 77.435635154542027, 23.241068944388697 ] ] ] } },
{ "type": "Feature", "properties": { }, "geometry": { "type": "Polygon", "coordinates": [ [ [ 77.436097954542035, 23.240814444467752 ], [ 77.436080854542027, 23.240891744443744 ], [ 77.43622865454202, 23.24091934443517 ], [ 77.436245754542028, 23.240842044459178 ], [ 77.436097954542035, 23.240814444467752 ] ] ] } },
{ "type": "Feature", "properties": { }, "geometry": { "type": "Polygon", "coordinates": [ [ [ 77.437598254542038, 23.238923745055043 ], [ 77.437661754542034, 23.238556645169069 ], [ 77.437540354542023, 23.238538845174602 ], [ 77.437476854542027, 23.238905945060576 ], [ 77.437598254542038, 23.238923745055043 ] ] ] } },
{ "type": "Feature", "properties": { }, "geometry": { "type": "Polygon", "coordinates": [ [ [ 77.436700654542037, 23.241313244312806 ], [ 77.436786254542014, 23.241330644307403 ], [ 77.436819354542038, 23.24119354434999 ], [ 77.436733754542018, 23.241176044355427 ], [ 77.436700654542037, 23.241313244312806 ] ] ] } },
{ "type": "Feature", "properties": { }, "geometry": { "type": "Polygon", "coordinates": [ [ [ 77.437671954542026, 23.24117854435465 ], [ 77.437722054542036, 23.241190844350829 ], [ 77.437758954542034, 23.241064444390091 ], [ 77.437708854542038, 23.241052044393943 ], [ 77.437671954542026, 23.24117854435465 ] ] ] } },
{ "type": "Feature", "properties": { }, "geometry": { "type": "Polygon", "coordinates": [ [ [ 77.438220854542038, 23.240495044566963 ], [ 77.438289054542039, 23.240514544560913 ], [ 77.438329454542028, 23.240395544597877 ], [ 77.438261254542041, 23.240375944603965 ], [ 77.438220854542038, 23.240495044566963 ] ] ] } },
{ "type": "Feature", "properties": { }, "geometry": { "type": "Polygon", "coordinates": [ [ [ 77.437940654542018, 23.240269744636958 ], [ 77.438026854542031, 23.240294544629254 ], [ 77.438070054542038, 23.24016804466854 ], [ 77.437983954542034, 23.240143144676278 ], [ 77.437940654542018, 23.240269744636958 ] ] ] } },
{ "type": "Feature", "properties": { }, "geometry": { "type": "Polygon", "coordinates": [ [ [ 77.437509654542026, 23.240313144623475 ], [ 77.437632454542026, 23.240347144612912 ], [ 77.437674254542031, 23.240219944652424 ], [ 77.437551454542017, 23.240185944662986 ], [ 77.437509654542026, 23.240313144623475 ] ] ] } },
{ "type": "Feature", "properties": { }, "geometry": { "type": "Polygon", "coordinates": [ [ [ 77.437033154542021, 23.239411644903495 ], [ 77.43711375454204, 23.239418444901389 ], [ 77.437124354542036, 23.239311844934495 ], [ 77.437043754542032, 23.239305044936614 ], [ 77.437033154542021, 23.239411644903495 ] ] ] } },
{ "type": "Feature", "properties": { }, "geometry": { "type": "Polygon", "coordinates": [ [ [ 77.438107954542033, 23.240883644446257 ], [ 77.438073354542027, 23.240951444425193 ], [ 77.438190454542038, 23.241001944409508 ], [ 77.438225054542031, 23.240934244430544 ], [ 77.438107954542033, 23.240883644446257 ] ] ] } },
{ "type": "Feature", "properties": { }, "geometry": { "type": "Polygon", "coordinates": [ [ [ 77.437312054542033, 23.240086044694014 ], [ 77.437414754542033, 23.240115044685009 ], [ 77.43745365454204, 23.239998644721165 ], [ 77.437350954542026, 23.239969644730177 ], [ 77.437312054542033, 23.240086044694014 ] ] ] } },
{ "type": "Feature", "properties": { }, "geometry": { "type": "Polygon", "coordinates": [ [ [ 77.435894254542021, 23.239893744753751 ], [ 77.436051854542029, 23.239926344743626 ], [ 77.436076354542038, 23.239826644774592 ], [ 77.435918754542044, 23.239793944784747 ], [ 77.435894254542021, 23.239893744753751 ] ] ] } },
{ "type": "Feature", "properties": { }, "geometry": { "type": "Polygon", "coordinates": [ [ [ 77.436487054542013, 23.239328044929465 ], [ 77.436504254542029, 23.239218944963351 ], [ 77.436412654542039, 23.239206744967142 ], [ 77.436395454542023, 23.239315844933252 ], [ 77.436487054542013, 23.239328044929465 ] ] ] } },
{ "type": "Feature", "properties": { }, "geometry": { "type": "Polygon", "coordinates": [ [ [ 77.435705254542029, 23.241263444328279 ], [ 77.435822254542032, 23.241293144319052 ], [ 77.435854954542023, 23.241184644352753 ], [ 77.43573795454202, 23.241154944361984 ], [ 77.435705254542029, 23.241263444328279 ] ] ] } },
{ "type": "Feature", "properties": { }, "geometry": { "type": "Polygon", "coordinates": [ [ [ 77.437343754542027, 23.239347544923405 ], [ 77.437325554542042, 23.239488644879582 ], [ 77.437509654542026, 23.239508644873368 ], [ 77.437527854542026, 23.239367544917197 ], [ 77.437343754542027, 23.239347544923405 ] ] ] } },
{ "type": "Feature", "properties": { }, "geometry": { "type": "Polygon", "coordinates": [ [ [ 77.436841154542037, 23.23903784501961 ], [ 77.436927754542026, 23.239047145016716 ], [ 77.436943054542027, 23.238925745054424 ], [ 77.436856454542038, 23.238916545057286 ], [ 77.436841154542037, 23.23903784501961 ] ] ] } },
{ "type": "Feature", "properties": { }, "geometry": { "type": "Polygon", "coordinates": [ [ [ 77.435800854542038, 23.240358944609245 ], [ 77.435780254542038, 23.240443344583028 ], [ 77.435912454542034, 23.240470544574581 ], [ 77.435933054542033, 23.240386144600798 ], [ 77.435800854542038, 23.240358944609245 ] ] ] } },
{ "type": "Feature", "properties": { }, "geometry": { "type": "Polygon", "coordinates": [ [ [ 77.438022454542036, 23.240732144493322 ], [ 77.438154554542024, 23.240776444479561 ], [ 77.438184654542027, 23.240701044502984 ], [ 77.43805255454204, 23.240656644516772 ], [ 77.438022454542036, 23.240732144493322 ] ] ] } },
{ "type": "Feature", "properties": { }, "geometry": { "type": "Polygon", "coordinates": [ [ [ 77.438190454542038, 23.240721044496766 ], [ 77.43831985454203, 23.24078264447763 ], [ 77.438386854542046, 23.240663844514533 ], [ 77.43825745454204, 23.240602244533669 ], [ 77.438190454542038, 23.240721044496766 ] ] ] } },
{ "type": "Feature", "properties": { }, "geometry": { "type": "Polygon", "coordinates": [ [ [ 77.436078254542039, 23.239270144947458 ], [ 77.43621995454204, 23.239289044941575 ], [ 77.436236454542026, 23.239184744973976 ], [ 77.436094654542032, 23.239165844979851 ], [ 77.436078254542039, 23.239270144947458 ] ] ] } },
{ "type": "Feature", "properties": { }, "geometry": { "type": "Polygon", "coordinates": [ [ [ 77.437260854542032, 23.238037145330424 ], [ 77.437404854542024, 23.238054745324959 ], [ 77.437425554542031, 23.23791184536935 ], [ 77.437281554542039, 23.237894245374811 ], [ 77.437260854542032, 23.238037145330424 ] ] ] } },
{ "type": "Feature", "properties": { }, "geometry": { "type": "Polygon", "coordinates": [ [ [ 77.436860254542026, 23.239379244913568 ], [ 77.436930454542022, 23.239387644910952 ], [ 77.436947054542017, 23.239271344947078 ], [ 77.436876854542035, 23.239262844949717 ], [ 77.436860254542026, 23.239379244913568 ] ] ] } },
{ "type": "Feature", "properties": { }, "geometry": { "type": "Polygon", "coordinates": [ [ [ 77.437037654542038, 23.238447645202928 ], [ 77.43702415454203, 23.238522545179663 ], [ 77.437159954542039, 23.238543145173264 ], [ 77.43717335454204, 23.238468245196533 ], [ 77.437037654542038, 23.238447645202928 ] ] ] } },
{ "type": "Feature", "properties": { }, "geometry": { "type": "Polygon", "coordinates": [ [ [ 77.43802925454203, 23.241025344402235 ], [ 77.437984154542036, 23.2411059443772 ], [ 77.438082754542037, 23.241152444362758 ], [ 77.438127854542032, 23.241071844387793 ], [ 77.43802925454203, 23.241025344402235 ] ] ] } },
{ "type": "Feature", "properties": { }, "geometry": { "type": "Polygon", "coordinates": [ [ [ 77.438296654542015, 23.240530744555876 ], [ 77.438455654542025, 23.240576344541715 ], [ 77.438499154542029, 23.240448244581504 ], [ 77.438340054542039, 23.240402644595669 ], [ 77.438296654542015, 23.240530744555876 ] ] ] } },
{ "type": "Feature", "properties": { }, "geometry": { "type": "Polygon", "coordinates": [ [ [ 77.436547254542035, 23.239882944757102 ], [ 77.436619054542021, 23.239903744750642 ], [ 77.436660954542035, 23.239781744788534 ], [ 77.436589154542034, 23.239760944794998 ], [ 77.436547254542035, 23.239882944757102 ] ] ] } },
{ "type": "Feature", "properties": { }, "geometry": { "type": "Polygon", "coordinates": [ [ [ 77.43675965454203, 23.239371244916047 ], [ 77.436851754542019, 23.23938224491263 ], [ 77.436868354542028, 23.239265444948909 ], [ 77.436776354542033, 23.239254344952357 ], [ 77.43675965454203, 23.239371244916047 ] ] ] } },
{ "type": "Feature", "properties": { }, "geometry": { "type": "Polygon", "coordinates": [ [ [ 77.436531454542035, 23.241269444326409 ], [ 77.436603654542026, 23.241284144321849 ], [ 77.43663135454203, 23.241169344357502 ], [ 77.43655905454203, 23.241154644362076 ], [ 77.436531454542035, 23.241269444326409 ] ] ] } },
{ "type": "Feature", "properties": { }, "geometry": { "type": "Polygon", "coordinates": [ [ [ 77.437047454542039, 23.240010444717495 ], [ 77.437125054542037, 23.240033444710356 ], [ 77.437164854542033, 23.23991974474567 ], [ 77.437087254542035, 23.239896844752785 ], [ 77.437047454542039, 23.240010444717495 ] ] ] } },
{ "type": "Feature", "properties": { }, "geometry": { "type": "Polygon", "coordinates": [ [ [ 77.437899654542036, 23.240965044420971 ], [ 77.437851754542038, 23.241041044397363 ], [ 77.437975854542017, 23.241107044376861 ], [ 77.43802375454203, 23.241031044400472 ], [ 77.437899654542036, 23.240965044420971 ] ] ] } },
{ "type": "Feature", "properties": { }, "geometry": { "type": "Polygon", "coordinates": [ [ [ 77.436707554542039, 23.239927844743153 ], [ 77.436800154542027, 23.239953944735049 ], [ 77.436838854542032, 23.239838044771052 ], [ 77.43674625454203, 23.239811944779159 ], [ 77.436707554542039, 23.239927844743153 ] ] ] } },
{ "type": "Feature", "properties": { }, "geometry": { "type": "Polygon", "coordinates": [ [ [ 77.435707554542034, 23.240758144485241 ], [ 77.435822154542038, 23.240779844478499 ], [ 77.435837354542031, 23.240712244499502 ], [ 77.435722754542027, 23.240690444506271 ], [ 77.435707554542034, 23.240758144485241 ] ] ] } },
{ "type": "Feature", "properties": { }, "geometry": { "type": "Polygon", "coordinates": [ [ [ 77.436041054542017, 23.240081344695472 ], [ 77.436172454542017, 23.240102144689011 ], [ 77.436186554542033, 23.240026744712438 ], [ 77.436055154542032, 23.240006044718871 ], [ 77.436041054542017, 23.240081344695472 ] ] ] } },
{ "type": "Feature", "properties": { }, "geometry": { "type": "Polygon", "coordinates": [ [ [ 77.436573554542036, 23.239336744926764 ], [ 77.436590354542034, 23.239230144959876 ], [ 77.436509254542031, 23.239219344963232 ], [ 77.436492454542034, 23.239325944930119 ], [ 77.436573554542036, 23.239336744926764 ] ] ] } },
{ "type": "Feature", "properties": { }, "geometry": { "type": "Polygon", "coordinates": [ [ [ 77.436160054542029, 23.241185944352353 ], [ 77.436231954542023, 23.241200544347816 ], [ 77.43625985454203, 23.241084544383853 ], [ 77.436188054542015, 23.241069944388386 ], [ 77.436160054542029, 23.241185944352353 ] ] ] } },
{ "type": "Feature", "properties": { }, "geometry": { "type": "Polygon", "coordinates": [ [ [ 77.436744654542039, 23.239030445021907 ], [ 77.436838954542011, 23.239040445018794 ], [ 77.43685475454204, 23.238915445057625 ], [ 77.436760454542039, 23.238905345060765 ], [ 77.436744654542039, 23.239030445021907 ] ] ] } },
{ "type": "Feature", "properties": { }, "geometry": { "type": "Polygon", "coordinates": [ [ [ 77.437754454542016, 23.24134124430411 ], [ 77.43788515454203, 23.241376344293212 ], [ 77.437918554542037, 23.241271544325755 ], [ 77.437787854542023, 23.241236444336664 ], [ 77.437754454542016, 23.24134124430411 ] ] ] } },
{ "type": "Feature", "properties": { }, "geometry": { "type": "Polygon", "coordinates": [ [ [ 77.437032754542017, 23.238911545058833 ], [ 77.437129654542034, 23.238921945055612 ], [ 77.437145554542013, 23.238796945094439 ], [ 77.437048654542039, 23.238786545097661 ], [ 77.437032754542017, 23.238911545058833 ] ] ] } },
{ "type": "Feature", "properties": { }, "geometry": { "type": "Polygon", "coordinates": [ [ [ 77.437993454542038, 23.240804144470957 ], [ 77.438104454542028, 23.240854744455238 ], [ 77.438149254542026, 23.240781544477972 ], [ 77.438028454542035, 23.240739344491086 ], [ 77.437993454542038, 23.240804144470957 ] ] ] } },
{ "type": "Feature", "properties": { }, "geometry": { "type": "Polygon", "coordinates": [ [ [ 77.438190454542038, 23.240730244493907 ], [ 77.438151554542031, 23.24080644447023 ], [ 77.438272854542035, 23.24085884445396 ], [ 77.438311854542036, 23.24078264447763 ], [ 77.438190454542038, 23.240730244493907 ] ] ] } },
{ "type": "Feature", "properties": { }, "geometry": { "type": "Polygon", "coordinates": [ [ [ 77.437299854542033, 23.241244644334117 ], [ 77.437403054542031, 23.241268344326755 ], [ 77.437435954542025, 23.241147544364274 ], [ 77.437332654542033, 23.241123844371643 ], [ 77.437299854542033, 23.241244644334117 ] ] ] } },
{ "type": "Feature", "properties": { }, "geometry": { "type": "Polygon", "coordinates": [ [ [ 77.436950154542032, 23.239242444956059 ], [ 77.437035554542035, 23.239252744952861 ], [ 77.437056754542027, 23.239104444998926 ], [ 77.43697125454203, 23.23909414500212 ], [ 77.436950154542032, 23.239242444956059 ] ] ] } },
{ "type": "Feature", "properties": { }, "geometry": { "type": "Polygon", "coordinates": [ [ [ 77.436309854542031, 23.240595844535655 ], [ 77.436415654542017, 23.2406211445278 ], [ 77.43643985454203, 23.240535444554418 ], [ 77.43633405454203, 23.240510244562245 ], [ 77.436309854542031, 23.240595844535655 ] ] ] } },
{ "type": "Feature", "properties": { }, "geometry": { "type": "Polygon", "coordinates": [ [ [ 77.437550654542022, 23.240180044664818 ], [ 77.437740854542028, 23.240234944647764 ], [ 77.437789854542032, 23.240091644692274 ], [ 77.437599654542026, 23.240036744709332 ], [ 77.437550654542022, 23.240180044664818 ] ] ] } },
{ "type": "Feature", "properties": { }, "geometry": { "type": "Polygon", "coordinates": [ [ [ 77.436494954542027, 23.239995044722281 ], [ 77.436563254542023, 23.240016144715728 ], [ 77.43659815454204, 23.239920944745304 ], [ 77.436529854542016, 23.239899844751857 ], [ 77.436494954542027, 23.239995044722281 ] ] ] } },
{ "type": "Feature", "properties": { }, "geometry": { "type": "Polygon", "coordinates": [ [ [ 77.438142354542038, 23.240472544573958 ], [ 77.438215554542026, 23.240493444567463 ], [ 77.438252154542027, 23.240385644600952 ], [ 77.438178954542039, 23.240364744607447 ], [ 77.438142354542038, 23.240472544573958 ] ] ] } },
{ "type": "Feature", "properties": { }, "geometry": { "type": "Polygon", "coordinates": [ [ [ 77.435747554542033, 23.24062924452528 ], [ 77.43573365454202, 23.24069094450612 ], [ 77.435845854542038, 23.240712244499502 ], [ 77.435859754542037, 23.240650544518662 ], [ 77.435747554542033, 23.24062924452528 ] ] ] } },
{ "type": "Feature", "properties": { }, "geometry": { "type": "Polygon", "coordinates": [ [ [ 77.437425354542029, 23.239114244995871 ], [ 77.43757965454202, 23.239133744989818 ], [ 77.437608754542026, 23.238938545050448 ], [ 77.437454454542035, 23.238919045056505 ], [ 77.437425354542029, 23.239114244995871 ] ] ] } },
{ "type": "Feature", "properties": { }, "geometry": { "type": "Polygon", "coordinates": [ [ [ 77.436865654542032, 23.238113945306576 ], [ 77.436954654542035, 23.238129445301766 ], [ 77.436977554542025, 23.238017845336426 ], [ 77.436888554542037, 23.238002345341236 ], [ 77.436865654542032, 23.238113945306576 ] ] ] } },
{ "type": "Feature", "properties": { }, "geometry": { "type": "Polygon", "coordinates": [ [ [ 77.437520454542039, 23.241141144366271 ], [ 77.437668554542029, 23.241175844355485 ], [ 77.437703454542032, 23.241049744394662 ], [ 77.437555454542036, 23.241015144405409 ], [ 77.437520454542039, 23.241141144366271 ] ] ] } },
{ "type": "Feature", "properties": { }, "geometry": { "type": "Polygon", "coordinates": [ [ [ 77.438031854542018, 23.240296844628531 ], [ 77.438103954542029, 23.240317644622081 ], [ 77.438146254542033, 23.240193844660531 ], [ 77.438074154542036, 23.240173044666992 ], [ 77.438031854542018, 23.240296844628531 ] ] ] } },
{ "type": "Feature", "properties": { }, "geometry": { "type": "Polygon", "coordinates": [ [ [ 77.436931254542031, 23.239054645014388 ], [ 77.437018054542037, 23.239063945011498 ], [ 77.437034254542027, 23.238935645051356 ], [ 77.436947454542036, 23.238926345054239 ], [ 77.436931254542031, 23.239054645014388 ] ] ] } },
{ "type": "Feature", "properties": { }, "geometry": { "type": "Polygon", "coordinates": [ [ [ 77.437922454542033, 23.24116684435829 ], [ 77.437880254542037, 23.241245244333935 ], [ 77.43800555454203, 23.241302044316289 ], [ 77.438047654542032, 23.241223644340643 ], [ 77.437922454542033, 23.24116684435829 ] ] ] } },
{ "type": "Feature", "properties": { }, "geometry": { "type": "Polygon", "coordinates": [ [ [ 77.437864954542036, 23.240396644597535 ], [ 77.43789975454203, 23.240290644630459 ], [ 77.437835654542027, 23.240272944635965 ], [ 77.437800854542019, 23.240378844603065 ], [ 77.437864954542036, 23.240396644597535 ] ] ] } },
{ "type": "Feature", "properties": { }, "geometry": { "type": "Polygon", "coordinates": [ [ [ 77.436626054542018, 23.239901444751357 ], [ 77.436698254542037, 23.23992184474503 ], [ 77.436738154542027, 23.239802944781953 ], [ 77.436665954542036, 23.239782444788322 ], [ 77.436626054542018, 23.239901444751357 ] ] ] } },
{ "type": "Feature", "properties": { }, "geometry": { "type": "Polygon", "coordinates": [ [ [ 77.438376854542028, 23.240367344606629 ], [ 77.438526454542014, 23.240412344592652 ], [ 77.438567254542036, 23.240297844628223 ], [ 77.438417654542036, 23.240252844642203 ], [ 77.438376854542028, 23.240367344606629 ] ] ] } },
{ "type": "Feature", "properties": { }, "geometry": { "type": "Polygon", "coordinates": [ [ [ 77.437245154542026, 23.238159545292415 ], [ 77.43738105454203, 23.238176145287259 ], [ 77.437396054542035, 23.238072645319402 ], [ 77.437260154542031, 23.238056045324562 ], [ 77.437245154542026, 23.238159545292415 ] ] ] } },
{ "type": "Feature", "properties": { }, "geometry": { "type": "Polygon", "coordinates": [ [ [ 77.435763054542036, 23.24055864454721 ], [ 77.435747654542027, 23.240626344526184 ], [ 77.435868054542013, 23.240649444519004 ], [ 77.435883454542036, 23.240581744540034 ], [ 77.435763054542036, 23.24055864454721 ] ] ] } },
{ "type": "Feature", "properties": { }, "geometry": { "type": "Polygon", "coordinates": [ [ [ 77.43756855454204, 23.24128844432051 ], [ 77.437654454542027, 23.241309044314111 ], [ 77.437684054542018, 23.241205044346415 ], [ 77.43759815454203, 23.241184444352818 ], [ 77.43756855454204, 23.24128844432051 ] ] ] } },
{ "type": "Feature", "properties": { }, "geometry": { "type": "Polygon", "coordinates": [ [ [ 77.43691205454202, 23.240136444678363 ], [ 77.436995754542039, 23.240156644672087 ], [ 77.437029354542034, 23.240039144708582 ], [ 77.436945754542037, 23.240018944714858 ], [ 77.43691205454202, 23.240136444678363 ] ] ] } },
{ "type": "Feature", "properties": { }, "geometry": { "type": "Polygon", "coordinates": [ [ [ 77.435912254542032, 23.241133444368664 ], [ 77.435979154542039, 23.241147044364439 ], [ 77.436009354542037, 23.241021444403451 ], [ 77.435942554542038, 23.241007844407676 ], [ 77.435912254542032, 23.241133444368664 ] ] ] } },
{ "type": "Feature", "properties": { }, "geometry": { "type": "Polygon", "coordinates": [ [ [ 77.43606165454203, 23.240004644719296 ], [ 77.436189754542028, 23.240024944712996 ], [ 77.436201954542028, 23.23995994473319 ], [ 77.43607385454203, 23.239939644739486 ], [ 77.43606165454203, 23.240004644719296 ] ] ] } },
{ "type": "Feature", "properties": { }, "geometry": { "type": "Polygon", "coordinates": [ [ [ 77.436780454542031, 23.239195644970589 ], [ 77.436847654542021, 23.23920374496808 ], [ 77.436865654542032, 23.23907794500715 ], [ 77.436798354542034, 23.239069845009663 ], [ 77.436780454542031, 23.239195644970589 ] ] ] } },
{ "type": "Feature", "properties": { }, "geometry": { "type": "Polygon", "coordinates": [ [ [ 77.43596495454203, 23.239703544812834 ], [ 77.435943954542026, 23.23979274478512 ], [ 77.436071354542037, 23.239818044777262 ], [ 77.436092354542026, 23.239728844804972 ], [ 77.43596495454203, 23.239703544812834 ] ] ] } },
{ "type": "Feature", "properties": { }, "geometry": { "type": "Polygon", "coordinates": [ [ [ 77.437007254542038, 23.238587045159626 ], [ 77.43714415454204, 23.238608645152919 ], [ 77.437155954542035, 23.238545245172613 ], [ 77.437019054542034, 23.23852374517929 ], [ 77.437007254542038, 23.238587045159626 ] ] ] } },
{ "type": "Feature", "properties": { }, "geometry": { "type": "Polygon", "coordinates": [ [ [ 77.43765225454203, 23.241324744309232 ], [ 77.437749154542033, 23.241350044301374 ], [ 77.437781454542019, 23.241245544333839 ], [ 77.437684554542031, 23.241220244341694 ], [ 77.43765225454203, 23.241324744309232 ] ] ] } },
{ "type": "Feature", "properties": { }, "geometry": { "type": "Polygon", "coordinates": [ [ [ 77.43785085454202, 23.240232844648414 ], [ 77.437927854542039, 23.240255144641488 ], [ 77.437969154542031, 23.240134144679079 ], [ 77.437892254542021, 23.240111944685971 ], [ 77.43785085454202, 23.240232844648414 ] ] ] } },
{ "type": "Feature", "properties": { }, "geometry": { "type": "Polygon", "coordinates": [ [ [ 77.43717895454202, 23.238469845196033 ], [ 77.437167154542038, 23.238534845175842 ], [ 77.437283654542028, 23.238552745170281 ], [ 77.437295454542038, 23.238487645190506 ], [ 77.43717895454202, 23.238469845196033 ] ] ] } },
{ "type": "Feature", "properties": { }, "geometry": { "type": "Polygon", "coordinates": [ [ [ 77.437985254542028, 23.240806244470299 ], [ 77.437940354542036, 23.240887544445041 ], [ 77.438057354542039, 23.240944944427216 ], [ 77.43810945454203, 23.240864044452344 ], [ 77.437985254542028, 23.240806244470299 ] ] ] } },
{ "type": "Feature", "properties": { }, "geometry": { "type": "Polygon", "coordinates": [ [ [ 77.437042654542026, 23.239255344952046 ], [ 77.437122954542033, 23.239263544949495 ], [ 77.437140354542038, 23.239119344994297 ], [ 77.43706005454203, 23.23911124499681 ], [ 77.437042654542026, 23.239255344952046 ] ] ] } },
{ "type": "Feature", "properties": { }, "geometry": { "type": "Polygon", "coordinates": [ [ [ 77.436674854542034, 23.238844145079774 ], [ 77.436690154542035, 23.238728045115835 ], [ 77.43658635454203, 23.238716545119402 ], [ 77.436571054542028, 23.238832545083373 ], [ 77.436674854542034, 23.238844145079774 ] ] ] } },
{ "type": "Feature", "properties": { }, "geometry": { "type": "Polygon", "coordinates": [ [ [ 77.436284054542028, 23.240685644507764 ], [ 77.436406754542034, 23.240714944498659 ], [ 77.436430954542033, 23.240629144525311 ], [ 77.436308254542027, 23.240599944534384 ], [ 77.436284054542028, 23.240685644507764 ] ] ] } },
{ "type": "Feature", "properties": { }, "geometry": { "type": "Polygon", "coordinates": [ [ [ 77.437480254542038, 23.241280444322992 ], [ 77.437561654542037, 23.241299544317062 ], [ 77.437594854542013, 23.241179744354277 ], [ 77.43751335454202, 23.241160744360176 ], [ 77.437480254542038, 23.241280444322992 ] ] ] } },
{ "type": "Feature", "properties": { }, "geometry": { "type": "Polygon", "coordinates": [ [ [ 77.435783254542017, 23.240448744581357 ], [ 77.435767254542029, 23.240514244560998 ], [ 77.435888054542033, 23.240539144553271 ], [ 77.435903954542027, 23.240473644573623 ], [ 77.435783254542017, 23.240448744581357 ] ] ] } },
{ "type": "Feature", "properties": { }, "geometry": { "type": "Polygon", "coordinates": [ [ [ 77.436076454542032, 23.240898644441597 ], [ 77.43606005454204, 23.240972844418543 ], [ 77.436190054542038, 23.240997144410997 ], [ 77.436206454542031, 23.240922844434081 ], [ 77.436076454542032, 23.240898644441597 ] ] ] } },
{ "type": "Feature", "properties": { }, "geometry": { "type": "Polygon", "coordinates": [ [ [ 77.438056454542036, 23.240653344517796 ], [ 77.438186254542032, 23.240698444503781 ], [ 77.438237354542025, 23.240574244542362 ], [ 77.438107554542029, 23.240529144556376 ], [ 77.438056454542036, 23.240653344517796 ] ] ] } },
{ "type": "Feature", "properties": { }, "geometry": { "type": "Polygon", "coordinates": [ [ [ 77.437245854542013, 23.238055345324774 ], [ 77.437269254542031, 23.237893245375126 ], [ 77.437110454542037, 23.237873845381149 ], [ 77.437086954542039, 23.2380359453308 ], [ 77.437245854542013, 23.238055345324774 ] ] ] } },
{ "type": "Feature", "properties": { }, "geometry": { "type": "Polygon", "coordinates": [ [ [ 77.436856854542029, 23.23921104496581 ], [ 77.436939054542023, 23.239220944962732 ], [ 77.436957454542039, 23.239091445002956 ], [ 77.436875354542039, 23.23908154500603 ], [ 77.436856854542029, 23.23921104496581 ] ] ] } },
{ "type": "Feature", "properties": { }, "geometry": { "type": "Polygon", "coordinates": [ [ [ 77.437122454542035, 23.239417444901694 ], [ 77.437226354542034, 23.239427944898434 ], [ 77.437239554542032, 23.239317044932882 ], [ 77.437135654542033, 23.239306544936142 ], [ 77.437122454542035, 23.239417444901694 ] ] ] } },
{ "type": "Feature", "properties": { }, "geometry": { "type": "Polygon", "coordinates": [ [ [ 77.43705575454203, 23.238367045227964 ], [ 77.437041054542036, 23.238443445204233 ], [ 77.437173654542036, 23.238464945197556 ], [ 77.43718825454205, 23.238388445221318 ], [ 77.43705575454203, 23.238367045227964 ] ] ] } },
{ "type": "Feature", "properties": { }, "geometry": { "type": "Polygon", "coordinates": [ [ [ 77.438057854542038, 23.240950044425635 ], [ 77.438020954542026, 23.241017144404786 ], [ 77.438142254542029, 23.24107354438727 ], [ 77.438179254542035, 23.241006444408111 ], [ 77.438057854542038, 23.240950044425635 ] ] ] } },
{ "type": "Feature", "properties": { }, "geometry": { "type": "Polygon", "coordinates": [ [ [ 77.436238854542026, 23.241204144346696 ], [ 77.436333254542035, 23.241223344340728 ], [ 77.436361854542014, 23.241104844377542 ], [ 77.436267454542033, 23.24108564438351 ], [ 77.436238854542026, 23.241204144346696 ] ] ] } },
{ "type": "Feature", "properties": { }, "geometry": { "type": "Polygon", "coordinates": [ [ [ 77.437192854542033, 23.23839344521976 ], [ 77.437180554542039, 23.238466745196995 ], [ 77.437302654542037, 23.23848394519165 ], [ 77.437314854542024, 23.238410645214422 ], [ 77.437192854542033, 23.23839344521976 ] ] ] } },
{ "type": "Feature", "properties": { }, "geometry": { "type": "Polygon", "coordinates": [ [ [ 77.436965554542027, 23.238144745297006 ], [ 77.437055154542037, 23.238160345292158 ], [ 77.437077554542029, 23.23805174532589 ], [ 77.436987854542039, 23.238036145330746 ], [ 77.436965554542027, 23.238144745297006 ] ] ] } },
{ "type": "Feature", "properties": { }, "geometry": { "type": "Polygon", "coordinates": [ [ [ 77.436783654542026, 23.238729345115431 ], [ 77.436697054542037, 23.238719845118379 ], [ 77.436679654542033, 23.238852445077189 ], [ 77.436766254542036, 23.238862045074217 ], [ 77.436783654542026, 23.238729345115431 ] ] ] } },
{ "type": "Feature", "properties": { }, "geometry": { "type": "Polygon", "coordinates": [ [ [ 77.435830054542038, 23.241128944370057 ], [ 77.435903354542035, 23.241143844365428 ], [ 77.435935154542037, 23.24101184440643 ], [ 77.435861854542026, 23.240996944411059 ], [ 77.435830054542038, 23.241128944370057 ] ] ] } },
{ "type": "Feature", "properties": { }, "geometry": { "type": "Polygon", "coordinates": [ [ [ 77.436873254542036, 23.238890345065421 ], [ 77.437019454542039, 23.238906045060542 ], [ 77.437036254542022, 23.238774145101516 ], [ 77.436890054542019, 23.238758445106392 ], [ 77.436873254542036, 23.238890345065421 ] ] ] } },
{ "type": "Feature", "properties": { }, "geometry": { "type": "Polygon", "coordinates": [ [ [ 77.437872654542034, 23.240407244594238 ], [ 77.437957354542036, 23.240430744586941 ], [ 77.437990854542036, 23.240328744618619 ], [ 77.437906154542034, 23.24030524462593 ], [ 77.437872654542034, 23.240407244594238 ] ] ] } },
{ "type": "Feature", "properties": { }, "geometry": { "type": "Polygon", "coordinates": [ [ [ 77.435953154542034, 23.241308644314234 ], [ 77.43603635454204, 23.241329744307681 ], [ 77.436073254542038, 23.241207044345792 ], [ 77.435990054542032, 23.241185944352353 ], [ 77.435953154542034, 23.241308644314234 ] ] ] } },
{ "type": "Feature", "properties": { }, "geometry": { "type": "Polygon", "coordinates": [ [ [ 77.438192454542019, 23.24032544461965 ], [ 77.438278354542035, 23.24035014461198 ], [ 77.43831825454204, 23.240232744648445 ], [ 77.438232354542038, 23.240208044656121 ], [ 77.438192454542019, 23.24032544461965 ] ] ] } },
{ "type": "Feature", "properties": { }, "geometry": { "type": "Polygon", "coordinates": [ [ [ 77.438071854542031, 23.240444844582562 ], [ 77.438140554542017, 23.240465544576129 ], [ 77.438171454542015, 23.240378944603034 ], [ 77.438102654542035, 23.24035824460946 ], [ 77.438071854542031, 23.240444844582562 ] ] ] } },
{ "type": "Feature", "properties": { }, "geometry": { "type": "Polygon", "coordinates": [ [ [ 77.435844654542038, 23.241275044324674 ], [ 77.435941554542012, 23.241299644317028 ], [ 77.435971654542016, 23.24119924434822 ], [ 77.435874854542035, 23.241174644355869 ], [ 77.435844654542038, 23.241275044324674 ] ] ] } },
{ "type": "Feature", "properties": { }, "geometry": { "type": "Polygon", "coordinates": [ [ [ 77.436979854542017, 23.238722945117416 ], [ 77.437127054542017, 23.23874284511124 ], [ 77.437143654542027, 23.238639445143352 ], [ 77.436996454542012, 23.238619445149567 ], [ 77.436979854542017, 23.238722945117416 ] ] ] } },
{ "type": "Feature", "properties": { }, "geometry": { "type": "Polygon", "coordinates": [ [ [ 77.437383954542028, 23.239342544924959 ], [ 77.437523154542035, 23.239357744920241 ], [ 77.437547054542037, 23.239172644977739 ], [ 77.437407754542022, 23.239157544982426 ], [ 77.437383954542028, 23.239342544924959 ] ] ] } },
{ "type": "Feature", "properties": { }, "geometry": { "type": "Polygon", "coordinates": [ [ [ 77.436124454542025, 23.239745544799785 ], [ 77.436102254542035, 23.239826944774496 ], [ 77.436219554542035, 23.239854044766084 ], [ 77.436241854542033, 23.239772644791366 ], [ 77.436124454542025, 23.239745544799785 ] ] ] } },
{ "type": "Feature", "properties": { }, "geometry": { "type": "Polygon", "coordinates": [ [ [ 77.436845054542033, 23.238111445307354 ], [ 77.436868654542025, 23.237997145342856 ], [ 77.436768054542028, 23.23797964534829 ], [ 77.436744454542023, 23.238093945312787 ], [ 77.436845054542033, 23.238111445307354 ] ] ] } },
{ "type": "Feature", "properties": { }, "geometry": { "type": "Polygon", "coordinates": [ [ [ 77.436546454542039, 23.241331144307239 ], [ 77.436507654542012, 23.241460244267145 ], [ 77.436588054542028, 23.241480644260804 ], [ 77.436626854542013, 23.241351544300915 ], [ 77.436546454542039, 23.241331144307239 ] ] ] } },
{ "type": "Feature", "properties": { }, "geometry": { "type": "Polygon", "coordinates": [ [ [ 77.435987254542027, 23.241145044365055 ], [ 77.436069454542036, 23.241161744359864 ], [ 77.436100054542038, 23.241034744399322 ], [ 77.43601785454203, 23.241018044404502 ], [ 77.435987254542027, 23.241145044365055 ] ] ] } },
{ "type": "Feature", "properties": { }, "geometry": { "type": "Polygon", "coordinates": [ [ [ 77.437969354542034, 23.241112744375091 ], [ 77.437939754542029, 23.241170944357012 ], [ 77.438051054542029, 23.241218744342163 ], [ 77.43808065454202, 23.241160444360276 ], [ 77.437969354542034, 23.241112744375091 ] ] ] } },
{ "type": "Feature", "properties": { }, "geometry": { "type": "Polygon", "coordinates": [ [ [ 77.436956954542026, 23.239985344725298 ], [ 77.437043754542032, 23.240008844717998 ], [ 77.437083054542029, 23.239886144756106 ], [ 77.436996254542038, 23.239862744763375 ], [ 77.436956954542026, 23.239985344725298 ] ] ] } },
{ "type": "Feature", "properties": { }, "geometry": { "type": "Polygon", "coordinates": [ [ [ 77.437405454542031, 23.241265144327752 ], [ 77.437475254542036, 23.241282044322503 ], [ 77.437509954542037, 23.241160244360334 ], [ 77.437440154542031, 23.241143444365555 ], [ 77.437405454542031, 23.241265144327752 ] ] ] } },
{ "type": "Feature", "properties": { }, "geometry": { "type": "Polygon", "coordinates": [ [ [ 77.438288954542031, 23.240345044613562 ], [ 77.43836525454202, 23.240366244606971 ], [ 77.438390754542013, 23.240288444631148 ], [ 77.438314454542038, 23.240267244637732 ], [ 77.438288954542031, 23.240345044613562 ] ] ] } },
{ "type": "Feature", "properties": { }, "geometry": { "type": "Polygon", "coordinates": [ [ [ 77.437132454542024, 23.239250444953569 ], [ 77.437240354542027, 23.239261344950183 ], [ 77.437254554542022, 23.239142644987059 ], [ 77.437146654542033, 23.239131744990441 ], [ 77.437132454542024, 23.239250444953569 ] ] ] } },
{ "type": "Feature", "properties": { }, "geometry": { "type": "Polygon", "coordinates": [ [ [ 77.436180254542023, 23.240378744603095 ], [ 77.436160554542028, 23.240468044575355 ], [ 77.436319154542034, 23.240497644566158 ], [ 77.436338854542029, 23.240408444593868 ], [ 77.436180254542023, 23.240378744603095 ] ] ] } },
{ "type": "Feature", "properties": { }, "geometry": { "type": "Polygon", "coordinates": [ [ [ 77.43596495454203, 23.239694344815685 ], [ 77.436101054542036, 23.239725144806123 ], [ 77.43612245454203, 23.239645244830939 ], [ 77.435986354542038, 23.239614444840502 ], [ 77.43596495454203, 23.239694344815685 ] ] ] } },
{ "type": "Feature", "properties": { }, "geometry": { "type": "Polygon", "coordinates": [ [ [ 77.436436954542032, 23.241308944314142 ], [ 77.436401454542036, 23.241427144277424 ], [ 77.43650305454203, 23.241452944269408 ], [ 77.436538554542039, 23.24133474430613 ], [ 77.436436954542032, 23.241308944314142 ] ] ] } },
{ "type": "Feature", "properties": { }, "geometry": { "type": "Polygon", "coordinates": [ [ [ 77.436080354542014, 23.241165844358591 ], [ 77.436157654542029, 23.241181544353719 ], [ 77.436185954542026, 23.241063944390245 ], [ 77.436108754542033, 23.241048244395124 ], [ 77.436080354542014, 23.241165844358591 ] ] ] } },
{ "type": "Feature", "properties": { }, "geometry": { "type": "Polygon", "coordinates": [ [ [ 77.437762254542037, 23.240208044656121 ], [ 77.437847154542027, 23.240232544648514 ], [ 77.437889554542039, 23.24010874468696 ], [ 77.437804654542035, 23.240084244694572 ], [ 77.437762254542037, 23.240208044656121 ] ] ] } },
{ "type": "Feature", "properties": { }, "geometry": { "type": "Polygon", "coordinates": [ [ [ 77.435896854542037, 23.239978544727403 ], [ 77.435882554542033, 23.240046844706189 ], [ 77.43600915454202, 23.240069244699228 ], [ 77.436023454542038, 23.24000094472045 ], [ 77.435896854542037, 23.239978544727403 ] ] ] } },
{ "type": "Feature", "properties": { }, "geometry": { "type": "Polygon", "coordinates": [ [ [ 77.437242754542012, 23.238167545289926 ], [ 77.437229754542031, 23.238239445267595 ], [ 77.437355054542024, 23.238258645261631 ], [ 77.437368154542014, 23.238186745283961 ], [ 77.437242754542012, 23.238167545289926 ] ] ] } },
{ "type": "Feature", "properties": { }, "geometry": { "type": "Polygon", "coordinates": [ [ [ 77.436864854542037, 23.238886345066664 ], [ 77.436885254542034, 23.238741045111794 ], [ 77.436788354542031, 23.238729545115373 ], [ 77.43676795454202, 23.238874845070235 ], [ 77.436864854542037, 23.238886345066664 ] ] ] } },
{ "type": "Feature", "properties": { }, "geometry": { "type": "Polygon", "coordinates": [ [ [ 77.437221154542016, 23.240066044700228 ], [ 77.437301554542032, 23.24009014469274 ], [ 77.437343154542035, 23.239973144729085 ], [ 77.437262754542019, 23.239949044736573 ], [ 77.437221154542016, 23.240066044700228 ] ] ] } },
{ "type": "Feature", "properties": { }, "geometry": { "type": "Polygon", "coordinates": [ [ [ 77.435920854542033, 23.240569244543916 ], [ 77.436044554542022, 23.240591544536993 ], [ 77.436059854542037, 23.240519744559293 ], [ 77.435936154542034, 23.240497444566223 ], [ 77.435920854542033, 23.240569244543916 ] ] ] } },
{ "type": "Feature", "properties": { }, "geometry": { "type": "Polygon", "coordinates": [ [ [ 77.436819154542036, 23.240091344692363 ], [ 77.436892754542029, 23.240111244686187 ], [ 77.436924554542031, 23.240011744717094 ], [ 77.436851054542032, 23.239991844723285 ], [ 77.436819154542036, 23.240091344692363 ] ] ] } },
{ "type": "Feature", "properties": { }, "geometry": { "type": "Polygon", "coordinates": [ [ [ 77.436010854542033, 23.240231844648729 ], [ 77.436132854542038, 23.240252144642419 ], [ 77.43614615454203, 23.240184944663294 ], [ 77.436024054542031, 23.240164544669636 ], [ 77.436010854542033, 23.240231844648729 ] ] ] } },
{ "type": "Feature", "properties": { }, "geometry": { "type": "Polygon", "coordinates": [ [ [ 77.436536454542036, 23.238992545033675 ], [ 77.436651754542027, 23.239005445029665 ], [ 77.436666554542029, 23.238892845064644 ], [ 77.436551254542039, 23.238880045068626 ], [ 77.436536454542036, 23.238992545033675 ] ] ] } },
{ "type": "Feature", "properties": { }, "geometry": { "type": "Polygon", "coordinates": [ [ [ 77.436339354542028, 23.240508344562841 ], [ 77.436443354542035, 23.24053314455513 ], [ 77.436466554542037, 23.240451244580573 ], [ 77.436362454542035, 23.240426444588273 ], [ 77.436339354542028, 23.240508344562841 ] ] ] } },
{ "type": "Feature", "properties": { }, "geometry": { "type": "Polygon", "coordinates": [ [ [ 77.435860954542036, 23.24014334467622 ], [ 77.435840554542025, 23.240227244650153 ], [ 77.435970254542028, 23.240253944641857 ], [ 77.435990754542033, 23.240170044667924 ], [ 77.435860954542036, 23.24014334467622 ] ] ] } },
{ "type": "Feature", "properties": { }, "geometry": { "type": "Polygon", "coordinates": [ [ [ 77.436130154542028, 23.239740944801213 ], [ 77.436249854542041, 23.239769844792242 ], [ 77.43627045454204, 23.239698044814538 ], [ 77.436150754542027, 23.239669044823547 ], [ 77.436130154542028, 23.239740944801213 ] ] ] } },
{ "type": "Feature", "properties": { }, "geometry": { "type": "Polygon", "coordinates": [ [ [ 77.436422354542032, 23.239163144980687 ], [ 77.436511854542033, 23.239173444977492 ], [ 77.436528954542027, 23.239048945016158 ], [ 77.43643945454204, 23.23903854501939 ], [ 77.436422354542032, 23.239163144980687 ] ] ] } },
{ "type": "Feature", "properties": { }, "geometry": { "type": "Polygon", "coordinates": [ [ [ 77.436343254542038, 23.241293044319079 ], [ 77.436313454542031, 23.241392244288267 ], [ 77.436398454542029, 23.241413844281556 ], [ 77.436428254542037, 23.241314644312371 ], [ 77.436343254542038, 23.241293044319079 ] ] ] } },
{ "type": "Feature", "properties": { }, "geometry": { "type": "Polygon", "coordinates": [ [ [ 77.436667154542036, 23.239354544921238 ], [ 77.436750354542028, 23.239364544918129 ], [ 77.43676635454203, 23.239252244953011 ], [ 77.436683154542038, 23.239242244956117 ], [ 77.436667154542036, 23.239354544921238 ] ] ] } },
{ "type": "Feature", "properties": { }, "geometry": { "type": "Polygon", "coordinates": [ [ [ 77.437075654542028, 23.23829804524939 ], [ 77.437063454542027, 23.238364945228618 ], [ 77.437191154542035, 23.238384745222469 ], [ 77.437203454542015, 23.238317845243245 ], [ 77.437075654542028, 23.23829804524939 ] ] ] } },
{ "type": "Feature", "properties": { }, "geometry": { "type": "Polygon", "coordinates": [ [ [ 77.436124454542025, 23.241359644298392 ], [ 77.436192554542032, 23.241376944293023 ], [ 77.436229054542039, 23.241255744330665 ], [ 77.436160854542038, 23.241238444336037 ], [ 77.436124454542025, 23.241359644298392 ] ] ] } },
{ "type": "Feature", "properties": { }, "geometry": { "type": "Polygon", "coordinates": [ [ [ 77.436341454542017, 23.241238744335948 ], [ 77.43642645454203, 23.241256044330569 ], [ 77.43645435454205, 23.241140444366483 ], [ 77.436369354542038, 23.241123144371858 ], [ 77.436341454542017, 23.241238744335948 ] ] ] } },
{ "type": "Feature", "properties": { }, "geometry": { "type": "Polygon", "coordinates": [ [ [ 77.435851054542027, 23.240800144472193 ], [ 77.435825854542017, 23.240912244437371 ], [ 77.435962954542035, 23.240938344429267 ], [ 77.435988154542031, 23.240826244464085 ], [ 77.435851054542027, 23.240800144472193 ] ] ] } },
{ "type": "Feature", "properties": { }, "geometry": { "type": "Polygon", "coordinates": [ [ [ 77.435920454542028, 23.239908944749025 ], [ 77.435906954542034, 23.239973544728958 ], [ 77.43602965454204, 23.239995144722254 ], [ 77.43604315454202, 23.239930544742318 ], [ 77.435920454542028, 23.239908944749025 ] ] ] } },
{ "type": "Feature", "properties": { }, "geometry": { "type": "Polygon", "coordinates": [ [ [ 77.437162954542032, 23.24019964465873 ], [ 77.437249254542039, 23.240223844651211 ], [ 77.437284454542038, 23.240118344683978 ], [ 77.437198154542031, 23.240094044691535 ], [ 77.437162954542032, 23.24019964465873 ] ] ] } },
{ "type": "Feature", "properties": { }, "geometry": { "type": "Polygon", "coordinates": [ [ [ 77.435936254542028, 23.240496344566562 ], [ 77.436068954542037, 23.240519844559262 ], [ 77.436085054542033, 23.240443244583055 ], [ 77.435952354542039, 23.240419744590362 ], [ 77.435936254542028, 23.240496344566562 ] ] ] } },
{ "type": "Feature", "properties": { }, "geometry": { "type": "Polygon", "coordinates": [ [ [ 77.436024954542034, 23.240157844671714 ], [ 77.436154954542033, 23.240177544665602 ], [ 77.436167754542026, 23.240106744687587 ], [ 77.436037654542034, 23.240087044693702 ], [ 77.436024954542034, 23.240157844671714 ] ] ] } },
{ "type": "Feature", "properties": { }, "geometry": { "type": "Polygon", "coordinates": [ [ [ 77.43587805454203, 23.240736444491979 ], [ 77.436011454542026, 23.240760444484525 ], [ 77.436029054542033, 23.240678044510123 ], [ 77.435895654542037, 23.240654044517573 ], [ 77.43587805454203, 23.240736444491979 ] ] ] } },
{ "type": "Feature", "properties": { }, "geometry": { "type": "Polygon", "coordinates": [ [ [ 77.437129754542028, 23.240034344710075 ], [ 77.437206354542027, 23.240058744702495 ], [ 77.437248854542034, 23.239946244737446 ], [ 77.437172254542034, 23.23992174474505 ], [ 77.437129754542028, 23.240034344710075 ] ] ] } },
{ "type": "Feature", "properties": { }, "geometry": { "type": "Polygon", "coordinates": [ [ [ 77.437544054542016, 23.238508045184169 ], [ 77.437659554542023, 23.238523845179259 ], [ 77.437689654542027, 23.238337945237003 ], [ 77.437574054542026, 23.238322145241913 ], [ 77.437544054542016, 23.238508045184169 ] ] ] } },
{ "type": "Feature", "properties": { }, "geometry": { "type": "Polygon", "coordinates": [ [ [ 77.436802354542024, 23.239961744732625 ], [ 77.436881954542031, 23.239985444725264 ], [ 77.436924654542025, 23.239864444762851 ], [ 77.436844954542025, 23.23984074477022 ], [ 77.436802354542024, 23.239961744732625 ] ] ] } },
{ "type": "Feature", "properties": { }, "geometry": { "type": "Polygon", "coordinates": [ [ [ 77.436689954542032, 23.239191344971928 ], [ 77.436770354542034, 23.239200944968943 ], [ 77.436789154542026, 23.239068645010036 ], [ 77.436708754542039, 23.239059045013022 ], [ 77.436689954542032, 23.239191344971928 ] ] ] } },
{ "type": "Feature", "properties": { }, "geometry": { "type": "Polygon", "coordinates": [ [ [ 77.436285054542026, 23.240692644505586 ], [ 77.436262254542029, 23.240773544480454 ], [ 77.436393354542034, 23.24080484447073 ], [ 77.436416254542024, 23.240723944495862 ], [ 77.436285054542026, 23.240692644505586 ] ] ] } },
{ "type": "Feature", "properties": { }, "geometry": { "type": "Polygon", "coordinates": [ [ [ 77.436428654542027, 23.241269544326386 ], [ 77.436518954542038, 23.241287844320698 ], [ 77.436553554542016, 23.241152244362819 ], [ 77.436456654542027, 23.241153544362412 ], [ 77.436428654542027, 23.241269544326386 ] ] ] } },
{ "type": "Feature", "properties": { }, "geometry": { "type": "Polygon", "coordinates": [ [ [ 77.43795075454203, 23.241098444379535 ], [ 77.437838054542013, 23.241040544397514 ], [ 77.43780935454204, 23.241087644382883 ], [ 77.43776835454203, 23.241077444386057 ], [ 77.437727854542032, 23.241215644343125 ], [ 77.437856654542031, 23.241247544333216 ], [ 77.43795075454203, 23.241098444379535 ] ] ] } },
{ "type": "Feature", "properties": { }, "geometry": { "type": "Polygon", "coordinates": [ [ [ 77.436113954542023, 23.239129644991092 ], [ 77.436287954542024, 23.239149844984816 ], [ 77.436306054542015, 23.239018145025724 ], [ 77.436254054542033, 23.239012145027587 ], [ 77.436245654542034, 23.239073545008516 ], [ 77.436123554542036, 23.239059445012906 ], [ 77.436113954542023, 23.239129644991092 ] ] ] } },
{ "type": "Feature", "properties": { }, "geometry": { "type": "Polygon", "coordinates": [ [ [ 77.43279715454203, 23.228163448396579 ], [ 77.43289345454204, 23.228248748370103 ], [ 77.432944554542033, 23.228200148385188 ], [ 77.432848254542037, 23.228114848411675 ], [ 77.43279715454203, 23.228163448396579 ] ] ] } },
{ "type": "Feature", "properties": { }, "geometry": { "type": "Polygon", "coordinates": [ [ [ 77.430295854542038, 23.228931348158163 ], [ 77.430375654542033, 23.22898334814202 ], [ 77.430480854542026, 23.228847048184338 ], [ 77.430401054542017, 23.228794948200516 ], [ 77.430295854542038, 23.228931348158163 ] ] ] } },
{ "type": "Feature", "properties": { }, "geometry": { "type": "Polygon", "coordinates": [ [ [ 77.429064354542035, 23.228537648280401 ], [ 77.429245254542025, 23.228625048253264 ], [ 77.429285154542029, 23.228555548274848 ], [ 77.42910425454204, 23.228468048302005 ], [ 77.429064354542035, 23.228537648280401 ] ] ] } },
{ "type": "Feature", "properties": { }, "geometry": { "type": "Polygon", "coordinates": [ [ [ 77.432597254542031, 23.228183448390375 ], [ 77.432661054542038, 23.228255648367956 ], [ 77.432773654542032, 23.228171648394035 ], [ 77.43270985454204, 23.228099448416454 ], [ 77.432597254542031, 23.228183448390375 ] ] ] } },
{ "type": "Feature", "properties": { }, "geometry": { "type": "Polygon", "coordinates": [ [ [ 77.429214154542024, 23.229126348097616 ], [ 77.429302054542035, 23.229159648087279 ], [ 77.429361454542033, 23.22902764812827 ], [ 77.429273554542036, 23.228994248138633 ], [ 77.429214154542024, 23.229126348097616 ] ] ] } },
{ "type": "Feature", "properties": { }, "geometry": { "type": "Polygon", "coordinates": [ [ [ 77.432303454542037, 23.22961154794697 ], [ 77.43251015454203, 23.229495447983016 ], [ 77.432473054542029, 23.229439648000344 ], [ 77.432266354542037, 23.229555747964298 ], [ 77.432303454542037, 23.22961154794697 ] ] ] } },
{ "type": "Feature", "properties": { }, "geometry": { "type": "Polygon", "coordinates": [ [ [ 77.432204354542037, 23.228779648205265 ], [ 77.432303254542035, 23.228857148181202 ], [ 77.432360354542027, 23.228795648200297 ], [ 77.432261554542038, 23.228718148224363 ], [ 77.432204354542037, 23.228779648205265 ] ] ] } },
{ "type": "Feature", "properties": { }, "geometry": { "type": "Polygon", "coordinates": [ [ [ 77.431625654542032, 23.228636348249761 ], [ 77.431716054542036, 23.228733648219546 ], [ 77.431774654542039, 23.22868764823383 ], [ 77.431684254542034, 23.228590348264035 ], [ 77.431625654542032, 23.228636348249761 ] ] ] } },
{ "type": "Feature", "properties": { }, "geometry": { "type": "Polygon", "coordinates": [ [ [ 77.431710154542031, 23.229882247862918 ], [ 77.431792354542011, 23.229862747868975 ], [ 77.431772254542025, 23.229791247891175 ], [ 77.431690054542017, 23.229810747885121 ], [ 77.431710154542031, 23.229882247862918 ] ] ] } },
{ "type": "Feature", "properties": { }, "geometry": { "type": "Polygon", "coordinates": [ [ [ 77.432058054542026, 23.229076948112954 ], [ 77.43217095454203, 23.229171548083581 ], [ 77.43223255454204, 23.229109448102868 ], [ 77.432119754542029, 23.229014848132238 ], [ 77.432058054542026, 23.229076948112954 ] ] ] } },
{ "type": "Feature", "properties": { }, "geometry": { "type": "Polygon", "coordinates": [ [ [ 77.431810654542033, 23.229862347869098 ], [ 77.431952154542032, 23.229823847881057 ], [ 77.431928854542036, 23.229751547903497 ], [ 77.431787354542038, 23.229790047891548 ], [ 77.431810654542033, 23.229862347869098 ] ] ] } },
{ "type": "Feature", "properties": { }, "geometry": { "type": "Polygon", "coordinates": [ [ [ 77.429579754542033, 23.228548848276926 ], [ 77.429625454542034, 23.228569548270499 ], [ 77.429652954542021, 23.228518448286366 ], [ 77.429607254542034, 23.228497648292826 ], [ 77.429579754542033, 23.228548848276926 ] ] ] } },
{ "type": "Feature", "properties": { }, "geometry": { "type": "Polygon", "coordinates": [ [ [ 77.427728754542031, 23.229569947959888 ], [ 77.427726654542028, 23.229422648005627 ], [ 77.427662754542013, 23.229423448005374 ], [ 77.427662954542015, 23.229442047999601 ], [ 77.427613754542037, 23.229442647999413 ], [ 77.427614354542015, 23.22948524798619 ], [ 77.427586954542022, 23.229485547986087 ], [ 77.427588154542036, 23.229571547959395 ], [ 77.427728754542031, 23.229569947959888 ] ] ] } },
{ "type": "Feature", "properties": { }, "geometry": { "type": "Polygon", "coordinates": [ [ [ 77.440249154542016, 23.234029546575087 ], [ 77.44035695454204, 23.234005146582664 ], [ 77.440307154542026, 23.23381924664039 ], [ 77.440199454542039, 23.233843646632817 ], [ 77.440249154542016, 23.234029546575087 ] ] ] } },
{ "type": "Feature", "properties": { }, "geometry": { "type": "Polygon", "coordinates": [ [ [ 77.441882754542036, 23.234263346502484 ], [ 77.442032254542028, 23.234264546502111 ], [ 77.442033954542026, 23.234089146556578 ], [ 77.441884454542034, 23.234087946556954 ], [ 77.441882754542036, 23.234263346502484 ] ] ] } },
{ "type": "Feature", "properties": { }, "geometry": { "type": "Polygon", "coordinates": [ [ [ 77.439888554542037, 23.23466924637642 ], [ 77.440196954542031, 23.234679546373222 ], [ 77.44020385454202, 23.23450534642733 ], [ 77.439895454542039, 23.234495046430528 ], [ 77.439888554542037, 23.23466924637642 ] ] ] } },
{ "type": "Feature", "properties": { }, "geometry": { "type": "Polygon", "coordinates": [ [ [ 77.441880854542021, 23.234070346562412 ], [ 77.442025354542039, 23.234072746561669 ], [ 77.442028754542036, 23.233899746615403 ], [ 77.441884254542032, 23.233897346616143 ], [ 77.441880854542021, 23.234070346562412 ] ] ] } },
{ "type": "Feature", "properties": { }, "geometry": { "type": "Polygon", "coordinates": [ [ [ 77.441200754542038, 23.234010046581144 ], [ 77.44140195454203, 23.234010046581144 ], [ 77.44140195454203, 23.233909646612325 ], [ 77.441200754542038, 23.233909646612325 ], [ 77.441200754542038, 23.234010046581144 ] ] ] } },
{ "type": "Feature", "properties": { }, "geometry": { "type": "Polygon", "coordinates": [ [ [ 77.441739254542028, 23.234073946561303 ], [ 77.441873854542024, 23.23407254656173 ], [ 77.441871554542018, 23.233894946616878 ], [ 77.441737054542031, 23.233896346616454 ], [ 77.441739254542028, 23.234073946561303 ] ] ] } },
{ "type": "Feature", "properties": { }, "geometry": { "type": "Polygon", "coordinates": [ [ [ 77.44188405454203, 23.234347746476271 ], [ 77.442026254542029, 23.234348046476175 ], [ 77.442026454542031, 23.234270146500368 ], [ 77.441884254542032, 23.234269846500464 ], [ 77.44188405454203, 23.234347746476271 ] ] ] } },
{ "type": "Feature", "properties": { }, "geometry": { "type": "Polygon", "coordinates": [ [ [ 77.440206354542028, 23.234681646372572 ], [ 77.44037825454204, 23.234683946371863 ], [ 77.440380254542035, 23.234552046412823 ], [ 77.440208354542037, 23.234549846413504 ], [ 77.440206354542028, 23.234681646372572 ] ] ] } },
{ "type": "Feature", "properties": { }, "geometry": { "type": "Polygon", "coordinates": [ [ [ 77.440359954542032, 23.234003946583037 ], [ 77.440467254542028, 23.23398054659031 ], [ 77.440418354542032, 23.233790746649248 ], [ 77.440310954542028, 23.233814146641983 ], [ 77.440359954542032, 23.234003946583037 ] ] ] } },
{ "type": "Feature", "properties": { }, "geometry": { "type": "Polygon", "coordinates": [ [ [ 77.439625654542013, 23.234596046399158 ], [ 77.439883654542015, 23.234609046395118 ], [ 77.439890254542021, 23.234497846429658 ], [ 77.439632254542033, 23.234484846433695 ], [ 77.439625654542013, 23.234596046399158 ] ] ] } },
{ "type": "Feature", "properties": { }, "geometry": { "type": "Polygon", "coordinates": [ [ [ 77.43831155454204, 23.23458364640301 ], [ 77.438439654542037, 23.234592246400339 ], [ 77.438448854542031, 23.234475346436643 ], [ 77.438320854542027, 23.234466846439283 ], [ 77.43831155454204, 23.23458364640301 ] ] ] } },
{ "type": "Feature", "properties": { }, "geometry": { "type": "Polygon", "coordinates": [ [ [ 77.44188405454203, 23.234448846444874 ], [ 77.442026254542029, 23.234448146445096 ], [ 77.442025654542036, 23.234352146474908 ], [ 77.441883554542031, 23.234352946474658 ], [ 77.44188405454203, 23.234448846444874 ] ] ] } },
{ "type": "Feature", "properties": { }, "geometry": { "type": "Polygon", "coordinates": [ [ [ 77.431568954542016, 23.230772747586414 ], [ 77.431789554542036, 23.230794547579645 ], [ 77.431799154542034, 23.230712447605146 ], [ 77.431578554542028, 23.230690647611905 ], [ 77.431568954542016, 23.230772747586414 ] ] ] } },
{ "type": "Feature", "properties": { }, "geometry": { "type": "Polygon", "coordinates": [ [ [ 77.432874254542014, 23.229913047853355 ], [ 77.432769554542034, 23.230006047824478 ], [ 77.432923154542038, 23.230152147779123 ], [ 77.433027854542033, 23.230059147807992 ], [ 77.432874254542014, 23.229913047853355 ] ] ] } },
{ "type": "Feature", "properties": { }, "geometry": { "type": "Polygon", "coordinates": [ [ [ 77.42726575454202, 23.229019548130776 ], [ 77.427457654542039, 23.229010448133607 ], [ 77.427448654542047, 23.228850448183284 ], [ 77.427256654542035, 23.228859648180428 ], [ 77.42726575454202, 23.229019548130776 ] ] ] } },
{ "type": "Feature", "properties": { }, "geometry": { "type": "Polygon", "coordinates": [ [ [ 77.432520854542034, 23.230176147771665 ], [ 77.432589254542037, 23.230374547710056 ], [ 77.432857454542031, 23.23029654773428 ], [ 77.432789054542027, 23.230098147795882 ], [ 77.432520854542034, 23.230176147771665 ] ] ] } },
{ "type": "Feature", "properties": { }, "geometry": { "type": "Polygon", "coordinates": [ [ [ 77.428543454542023, 23.22893584815677 ], [ 77.428622354542028, 23.228957548150024 ], [ 77.428607454542032, 23.229003348135812 ], [ 77.428661454542038, 23.229018148131214 ], [ 77.428692654542033, 23.22892234816096 ], [ 77.42855985454203, 23.228885748172324 ], [ 77.428543454542023, 23.22893584815677 ] ] ] } },
{ "type": "Feature", "properties": { }, "geometry": { "type": "Polygon", "coordinates": [ [ [ 77.435914054542025, 23.24149044425776 ], [ 77.43600325454203, 23.241511444251241 ], [ 77.436033254542025, 23.241403644284727 ], [ 77.43594405454202, 23.241382744291215 ], [ 77.435914054542025, 23.24149044425776 ] ] ] } },
{ "type": "Feature", "properties": { }, "geometry": { "type": "Polygon", "coordinates": [ [ [ 77.43718715454203, 23.240683944508291 ], [ 77.437312154542013, 23.240707144501084 ], [ 77.437328654542014, 23.24063214452438 ], [ 77.437203654542017, 23.240608944531587 ], [ 77.43718715454203, 23.240683944508291 ] ] ] } },
{ "type": "Feature", "properties": { }, "geometry": { "type": "Polygon", "coordinates": [ [ [ 77.437081354542016, 23.240399844596539 ], [ 77.437205654542026, 23.240418944590612 ], [ 77.437227354542017, 23.240300144627508 ], [ 77.437103054542035, 23.240281044633438 ], [ 77.437081354542016, 23.240399844596539 ] ] ] } },
{ "type": "Feature", "properties": { }, "geometry": { "type": "Polygon", "coordinates": [ [ [ 77.437018854542032, 23.241561944235553 ], [ 77.437142054542036, 23.241583444228873 ], [ 77.437157354542023, 23.241509844251734 ], [ 77.437034054542039, 23.241488344258407 ], [ 77.437018854542032, 23.241561944235553 ] ] ] } },
{ "type": "Feature", "properties": { }, "geometry": { "type": "Polygon", "coordinates": [ [ [ 77.436850254542037, 23.241536344243499 ], [ 77.437006354542035, 23.241564644234714 ], [ 77.437024754542023, 23.241478744261396 ], [ 77.436868654542025, 23.241450444270182 ], [ 77.436850254542037, 23.241536344243499 ] ] ] } },
{ "type": "Feature", "properties": { }, "geometry": { "type": "Polygon", "coordinates": [ [ [ 77.436849254542039, 23.240488844568901 ], [ 77.436955654542032, 23.240513844561132 ], [ 77.436985954542038, 23.240405244594864 ], [ 77.436879554542017, 23.240380244602626 ], [ 77.436849254542039, 23.240488844568901 ] ] ] } },
{ "type": "Feature", "properties": { }, "geometry": { "type": "Polygon", "coordinates": [ [ [ 77.436858254542031, 23.241615344218967 ], [ 77.436837454542029, 23.241694344194414 ], [ 77.436967554542036, 23.241723144185471 ], [ 77.436988254542015, 23.241644244209979 ], [ 77.436858254542031, 23.241615344218967 ] ] ] } },
{ "type": "Feature", "properties": { }, "geometry": { "type": "Polygon", "coordinates": [ [ [ 77.436883054542037, 23.241430844276277 ], [ 77.437005354542023, 23.241448744270709 ], [ 77.437016054542028, 23.241387444289749 ], [ 77.436893754542012, 23.241369444295348 ], [ 77.436883054542037, 23.241430844276277 ] ] ] } },
{ "type": "Feature", "properties": { }, "geometry": { "type": "Polygon", "coordinates": [ [ [ 77.436607954542026, 23.240412144592717 ], [ 77.436690354542037, 23.240434044585918 ], [ 77.436718254542029, 23.240345344613466 ], [ 77.436635854542033, 23.240323444620273 ], [ 77.436607954542026, 23.240412144592717 ] ] ] } },
{ "type": "Feature", "properties": { }, "geometry": { "type": "Polygon", "coordinates": [ [ [ 77.436354654542015, 23.241577644230674 ], [ 77.436438154542031, 23.241595444225148 ], [ 77.436463254542033, 23.241496344255925 ], [ 77.436379754542031, 23.241478444261485 ], [ 77.436354654542015, 23.241577644230674 ] ] ] } },
{ "type": "Feature", "properties": { }, "geometry": { "type": "Polygon", "coordinates": [ [ [ 77.436152754542036, 23.24205824408137 ], [ 77.436261254542032, 23.242077544075379 ], [ 77.43628665454203, 23.241957244112751 ], [ 77.436178154542034, 23.241937944118746 ], [ 77.436152754542036, 23.24205824408137 ] ] ] } },
{ "type": "Feature", "properties": { }, "geometry": { "type": "Polygon", "coordinates": [ [ [ 77.437147054542024, 23.240841744459271 ], [ 77.437281454542031, 23.240866744451505 ], [ 77.437314554542027, 23.240716444498194 ], [ 77.437180154542034, 23.240691444505959 ], [ 77.437147054542024, 23.240841744459271 ] ] ] } },
{ "type": "Feature", "properties": { }, "geometry": { "type": "Polygon", "coordinates": [ [ [ 77.436543254542016, 23.240272944635965 ], [ 77.436580254542037, 23.240157044671964 ], [ 77.436506554542035, 23.240137244678113 ], [ 77.436469554542015, 23.240253144642104 ], [ 77.436543254542016, 23.240272944635965 ] ] ] } },
{ "type": "Feature", "properties": { }, "geometry": { "type": "Polygon", "coordinates": [ [ [ 77.436223854542035, 23.240295144629062 ], [ 77.436311054542031, 23.240318344621858 ], [ 77.436346054542028, 23.240207344656341 ], [ 77.436258854542032, 23.240184144663541 ], [ 77.436223854542035, 23.240295144629062 ] ] ] } },
{ "type": "Feature", "properties": { }, "geometry": { "type": "Polygon", "coordinates": [ [ [ 77.436052754542033, 23.242050044083921 ], [ 77.436143054542029, 23.242066144078922 ], [ 77.43617175454203, 23.241930044121197 ], [ 77.436081454542034, 23.241913944126207 ], [ 77.436052754542033, 23.242050044083921 ] ] ] } },
{ "type": "Feature", "properties": { }, "geometry": { "type": "Polygon", "coordinates": [ [ [ 77.437220754542025, 23.240412844592502 ], [ 77.437346654542026, 23.240436244585233 ], [ 77.437367754542024, 23.240340644614935 ], [ 77.437241854542037, 23.240317244622201 ], [ 77.437220754542025, 23.240412844592502 ] ] ] } },
{ "type": "Feature", "properties": { }, "geometry": { "type": "Polygon", "coordinates": [ [ [ 77.437088454542035, 23.241082844384376 ], [ 77.437063554542036, 23.241204944346446 ], [ 77.437195654542023, 23.2412276443394 ], [ 77.437220554542037, 23.241105544377326 ], [ 77.437088454542035, 23.241082844384376 ] ] ] } },
{ "type": "Feature", "properties": { }, "geometry": { "type": "Polygon", "coordinates": [ [ [ 77.437011854542035, 23.241564844234645 ], [ 77.436997054542033, 23.241636444212407 ], [ 77.437126154542028, 23.241658944205419 ], [ 77.437140954542031, 23.24158744422763 ], [ 77.437011854542035, 23.241564844234645 ] ] ] } },
{ "type": "Feature", "properties": { }, "geometry": { "type": "Polygon", "coordinates": [ [ [ 77.436376954542027, 23.240204544657207 ], [ 77.436452654542038, 23.240224944650876 ], [ 77.436487554542026, 23.24011574468479 ], [ 77.436411754542036, 23.240095344691127 ], [ 77.436376954542027, 23.240204544657207 ] ] ] } },
{ "type": "Feature", "properties": { }, "geometry": { "type": "Polygon", "coordinates": [ [ [ 77.437131354542032, 23.240926344432992 ], [ 77.437120254542023, 23.240980744416095 ], [ 77.437240154542025, 23.241001344409696 ], [ 77.437251154542039, 23.240946944426593 ], [ 77.437131354542032, 23.240926344432992 ] ] ] } },
{ "type": "Feature", "properties": { }, "geometry": { "type": "Polygon", "coordinates": [ [ [ 77.435964854542021, 23.242011244095977 ], [ 77.436050354542019, 23.242026444091259 ], [ 77.436073554542034, 23.241916444125426 ], [ 77.435988154542031, 23.241901244130148 ], [ 77.435964854542021, 23.242011244095977 ] ] ] } },
{ "type": "Feature", "properties": { }, "geometry": { "type": "Polygon", "coordinates": [ [ [ 77.436935954542037, 23.241965544110176 ], [ 77.436918454542024, 23.242049944083952 ], [ 77.437038554542028, 23.242070944077433 ], [ 77.437055954542032, 23.241986544103646 ], [ 77.436935954542037, 23.241965544110176 ] ] ] } },
{ "type": "Feature", "properties": { }, "geometry": { "type": "Polygon", "coordinates": [ [ [ 77.437092454542025, 23.241064344390125 ], [ 77.437228154542012, 23.241087644382883 ], [ 77.437244654542013, 23.241006444408111 ], [ 77.437108954542026, 23.240983144415353 ], [ 77.437092454542025, 23.241064344390125 ] ] ] } },
{ "type": "Feature", "properties": { }, "geometry": { "type": "Polygon", "coordinates": [ [ [ 77.436693754542034, 23.240435944585325 ], [ 77.436769054542026, 23.240455944579114 ], [ 77.436799354542032, 23.240359544609063 ], [ 77.436724154542034, 23.240339544615274 ], [ 77.436693754542034, 23.240435944585325 ] ] ] } },
{ "type": "Feature", "properties": { }, "geometry": { "type": "Polygon", "coordinates": [ [ [ 77.436818354542012, 23.241774944169382 ], [ 77.43694875454203, 23.241803844160408 ], [ 77.436967854542019, 23.241731144182985 ], [ 77.436837454542029, 23.241702144192001 ], [ 77.436818354542012, 23.241774944169382 ] ] ] } },
{ "type": "Feature", "properties": { }, "geometry": { "type": "Polygon", "coordinates": [ [ [ 77.437027854542038, 23.24148114426065 ], [ 77.43715085454204, 23.241502644253973 ], [ 77.437168954542031, 23.241415144281152 ], [ 77.437045954542029, 23.241393744287805 ], [ 77.437027854542038, 23.24148114426065 ] ] ] } },
{ "type": "Feature", "properties": { }, "geometry": { "type": "Polygon", "coordinates": [ [ [ 77.437145054542029, 23.240855344455049 ], [ 77.437131254542038, 23.240923544433866 ], [ 77.437247354542023, 23.240943444427682 ], [ 77.437261154542028, 23.240875244448869 ], [ 77.437145054542029, 23.240855344455049 ] ] ] } },
{ "type": "Feature", "properties": { }, "geometry": { "type": "Polygon", "coordinates": [ [ [ 77.436345454542035, 23.240330244618153 ], [ 77.436407654542037, 23.240346744613031 ], [ 77.436443354542035, 23.240233544648202 ], [ 77.436381154542033, 23.240216944653355 ], [ 77.436345454542035, 23.240330244618153 ] ] ] } },
{ "type": "Feature", "properties": { }, "geometry": { "type": "Polygon", "coordinates": [ [ [ 77.436774654542035, 23.240466544575821 ], [ 77.436841454542019, 23.240483744570479 ], [ 77.43687095454203, 23.240387044600517 ], [ 77.436804154542031, 23.240369844605858 ], [ 77.436774654542035, 23.240466544575821 ] ] ] } },
{ "type": "Feature", "properties": { }, "geometry": { "type": "Polygon", "coordinates": [ [ [ 77.43650705454202, 23.240393744598435 ], [ 77.436600654542033, 23.240418644590704 ], [ 77.436631654542026, 23.2403201446213 ], [ 77.436538054542027, 23.240295244629039 ], [ 77.43650705454202, 23.240393744598435 ] ] ] } },
{ "type": "Feature", "properties": { }, "geometry": { "type": "Polygon", "coordinates": [ [ [ 77.436271954542036, 23.241565844234341 ], [ 77.436344554542032, 23.241581344229523 ], [ 77.436374354542039, 23.241463744266056 ], [ 77.436301654542035, 23.241448244270867 ], [ 77.436271954542036, 23.241565844234341 ] ] ] } },
{ "type": "Feature", "properties": { }, "geometry": { "type": "Polygon", "coordinates": [ [ [ 77.43599135454204, 23.241896944131486 ], [ 77.436021854542034, 23.241752644176312 ], [ 77.435882454542039, 23.241727844184012 ], [ 77.435851954542031, 23.241872044139217 ], [ 77.43599135454204, 23.241896944131486 ] ] ] } },
{ "type": "Feature", "properties": { }, "geometry": { "type": "Polygon", "coordinates": [ [ [ 77.436995654542017, 23.24164504420974 ], [ 77.436978554542037, 23.24172814418392 ], [ 77.437113354542035, 23.241751644176617 ], [ 77.437130554542037, 23.241668644202406 ], [ 77.436995654542017, 23.24164504420974 ] ] ] } },
{ "type": "Feature", "properties": { }, "geometry": { "type": "Polygon", "coordinates": [ [ [ 77.436411154542029, 23.240362244608217 ], [ 77.436495054542036, 23.240384544601291 ], [ 77.436528454542014, 23.240278444634249 ], [ 77.436444554542035, 23.240256144641176 ], [ 77.436411154542029, 23.240362244608217 ] ] ] } },
{ "type": "Feature", "properties": { }, "geometry": { "type": "Polygon", "coordinates": [ [ [ 77.43698585454203, 23.24090224444048 ], [ 77.436969554542031, 23.240982444415572 ], [ 77.437089454542033, 23.241003044409169 ], [ 77.437105754542031, 23.240922844434081 ], [ 77.43698585454203, 23.24090224444048 ] ] ] } },
{ "type": "Feature", "properties": { }, "geometry": { "type": "Polygon", "coordinates": [ [ [ 77.436443854542034, 23.241615244218995 ], [ 77.436529354542031, 23.241635644212657 ], [ 77.436559454542035, 23.241529044245766 ], [ 77.436473954542024, 23.241508644252111 ], [ 77.436443854542034, 23.241615244218995 ] ] ] } },
{ "type": "Feature", "properties": { }, "geometry": { "type": "Polygon", "coordinates": [ [ [ 77.436092154542024, 23.24154714424014 ], [ 77.436163454542026, 23.241563944234926 ], [ 77.436201654542018, 23.241427144277424 ], [ 77.43613035454203, 23.241410344282645 ], [ 77.436092154542024, 23.24154714424014 ] ] ] } },
{ "type": "Feature", "properties": { }, "geometry": { "type": "Polygon", "coordinates": [ [ [ 77.436972254542027, 23.241733144182366 ], [ 77.436957454542039, 23.24180444416022 ], [ 77.437099954542035, 23.241829344152482 ], [ 77.437114754542037, 23.241758044174631 ], [ 77.436972254542027, 23.241733144182366 ] ] ] } },
{ "type": "Feature", "properties": { }, "geometry": { "type": "Polygon", "coordinates": [ [ [ 77.43696575454203, 23.240985444414633 ], [ 77.436926954542031, 23.241175844355485 ], [ 77.437047954542038, 23.241196644349028 ], [ 77.437086654542028, 23.241006244408176 ], [ 77.43696575454203, 23.240985444414633 ] ] ] } },
{ "type": "Feature", "properties": { }, "geometry": { "type": "Polygon", "coordinates": [ [ [ 77.437005254542029, 23.240821744465485 ], [ 77.436989454542029, 23.240899744441254 ], [ 77.437113554542037, 23.240921044434643 ], [ 77.437129454542031, 23.24084304445887 ], [ 77.437005254542029, 23.240821744465485 ] ] ] } },
{ "type": "Feature", "properties": { }, "geometry": { "type": "Polygon", "coordinates": [ [ [ 77.436537654542036, 23.241636744212322 ], [ 77.436609754542033, 23.241654944206658 ], [ 77.436641954542026, 23.24154714424014 ], [ 77.436569854542014, 23.241528944245808 ], [ 77.436537654542036, 23.241636744212322 ] ] ] } },
{ "type": "Feature", "properties": { }, "geometry": { "type": "Polygon", "coordinates": [ [ [ 77.436957154542014, 23.241811144158138 ], [ 77.436928554542021, 23.241949144115267 ], [ 77.437068154542018, 23.241973544107687 ], [ 77.437096754542026, 23.241835544150558 ], [ 77.436957154542014, 23.241811144158138 ] ] ] } },
{ "type": "Feature", "properties": { }, "geometry": { "type": "Polygon", "coordinates": [ [ [ 77.435998054542026, 23.241893544132537 ], [ 77.436077154542033, 23.241908144127997 ], [ 77.436107954542038, 23.241767044171841 ], [ 77.436028954542024, 23.241752444176367 ], [ 77.435998054542026, 23.241893544132537 ] ] ] } },
{ "type": "Feature", "properties": { }, "geometry": { "type": "Polygon", "coordinates": [ [ [ 77.436849354542034, 23.241611544220145 ], [ 77.436988454542018, 23.241636744212322 ], [ 77.437003054542032, 23.241568844233406 ], [ 77.436863954542034, 23.241543644241236 ], [ 77.436849354542034, 23.241611544220145 ] ] ] } },
{ "type": "Feature", "properties": { }, "geometry": { "type": "Polygon", "coordinates": [ [ [ 77.436081254542032, 23.241907744128127 ], [ 77.436160854542038, 23.241923044123372 ], [ 77.436190054542038, 23.241795544162979 ], [ 77.436110454542018, 23.241780144167763 ], [ 77.436081254542032, 23.241907744128127 ] ] ] } },
{ "type": "Feature", "properties": { }, "geometry": { "type": "Polygon", "coordinates": [ [ [ 77.436179754542039, 23.24155744423695 ], [ 77.436260754542019, 23.24157484423154 ], [ 77.436291454542015, 23.241453844269131 ], [ 77.436210454542035, 23.241436544274503 ], [ 77.436179754542039, 23.24155744423695 ] ] ] } },
{ "type": "Feature", "properties": { }, "geometry": { "type": "Polygon", "coordinates": [ [ [ 77.436749154542028, 23.242090244071434 ], [ 77.436881454542032, 23.242112544064504 ], [ 77.436894354542019, 23.242048344084452 ], [ 77.436762054542029, 23.242025944091413 ], [ 77.436749154542028, 23.242090244071434 ] ] ] } },
{ "type": "Feature", "properties": { }, "geometry": { "type": "Polygon", "coordinates": [ [ [ 77.436885654542039, 23.240364944607382 ], [ 77.436990354542033, 23.240389944599613 ], [ 77.437028854542021, 23.240253744641922 ], [ 77.436924154542027, 23.240228744649691 ], [ 77.436885654542039, 23.240364944607382 ] ] ] } },
{ "type": "Feature", "properties": { }, "geometry": { "type": "Polygon", "coordinates": [ [ [ 77.436313754542027, 23.241736544181311 ], [ 77.436379454542035, 23.241752444176367 ], [ 77.436413054542029, 23.241634944212876 ], [ 77.436347454542016, 23.24161904421781 ], [ 77.436313754542027, 23.241736544181311 ] ] ] } },
{ "type": "Feature", "properties": { }, "geometry": { "type": "Polygon", "coordinates": [ [ [ 77.436622154542036, 23.241662644204268 ], [ 77.436726354542031, 23.241687444196561 ], [ 77.436760554542033, 23.241566044234279 ], [ 77.436656354542023, 23.241541244241976 ], [ 77.436622154542036, 23.241662644204268 ] ] ] } },
{ "type": "Feature", "properties": { }, "geometry": { "type": "Polygon", "coordinates": [ [ [ 77.436007854542012, 23.241529144245739 ], [ 77.436088754542027, 23.241547444240052 ], [ 77.436123854542018, 23.241416144280844 ], [ 77.436043054542026, 23.241397944286494 ], [ 77.436007854542012, 23.241529144245739 ] ] ] } },
{ "type": "Feature", "properties": { }, "geometry": { "type": "Polygon", "coordinates": [ [ [ 77.437205254542036, 23.2405976445351 ], [ 77.437338654542032, 23.2406224445274 ], [ 77.437351654542013, 23.240563444545717 ], [ 77.437218254542017, 23.240538644553428 ], [ 77.437205254542036, 23.2405976445351 ] ] ] } },
{ "type": "Feature", "properties": { }, "geometry": { "type": "Polygon", "coordinates": [ [ [ 77.436352854542022, 23.240198344659131 ], [ 77.436390754542032, 23.240079544696037 ], [ 77.436296454542031, 23.240054244703895 ], [ 77.436258554542022, 23.240173044666992 ], [ 77.436352854542022, 23.240198344659131 ] ] ] } },
{ "type": "Feature", "properties": { }, "geometry": { "type": "Polygon", "coordinates": [ [ [ 77.436382154542031, 23.241760644173823 ], [ 77.436494654542031, 23.241787744165407 ], [ 77.436526854542024, 23.241675144200389 ], [ 77.436414454542032, 23.241647944208836 ], [ 77.436382154542031, 23.241760644173823 ] ] ] } },
{ "type": "Feature", "properties": { }, "geometry": { "type": "Polygon", "coordinates": [ [ [ 77.436501754542036, 23.24180524415997 ], [ 77.436591254542037, 23.241826844153262 ], [ 77.43662775454203, 23.24169944419284 ], [ 77.436538154542021, 23.24167784419955 ], [ 77.436501754542036, 23.24180524415997 ] ] ] } },
{ "type": "Feature", "properties": { }, "geometry": { "type": "Polygon", "coordinates": [ [ [ 77.436763054542027, 23.242016444094361 ], [ 77.436905154542032, 23.242046044085168 ], [ 77.436927354542036, 23.241955944113158 ], [ 77.436785254542016, 23.241926344122351 ], [ 77.436763054542027, 23.242016444094361 ] ] ] } },
{ "type": "Feature", "properties": { }, "geometry": { "type": "Polygon", "coordinates": [ [ [ 77.436794854542029, 23.240351244611634 ], [ 77.436877254542011, 23.240371444605362 ], [ 77.436918254542022, 23.240230244649222 ], [ 77.436835854542039, 23.240210044655498 ], [ 77.436794854542029, 23.240351244611634 ] ] ] } },
{ "type": "Feature", "properties": { }, "geometry": { "type": "Polygon", "coordinates": [ [ [ 77.436076754542029, 23.24169364419464 ], [ 77.436155654542034, 23.241711944188957 ], [ 77.436184754542012, 23.241606744221635 ], [ 77.436105754542027, 23.241588344227353 ], [ 77.436076754542029, 23.24169364419464 ] ] ] } },
{ "type": "Feature", "properties": { }, "geometry": { "type": "Polygon", "coordinates": [ [ [ 77.436780454542031, 23.241916644125364 ], [ 77.436910554542038, 23.241942544117318 ], [ 77.436942254542032, 23.241807744159189 ], [ 77.436812254542019, 23.241781844167242 ], [ 77.436780454542031, 23.241916644125364 ] ] ] } },
{ "type": "Feature", "properties": { }, "geometry": { "type": "Polygon", "coordinates": [ [ [ 77.43666685454204, 23.240156244672214 ], [ 77.436621954542019, 23.240296944628501 ], [ 77.436786554542039, 23.24034124461474 ], [ 77.43683145454203, 23.24020054465845 ], [ 77.43666685454204, 23.240156244672214 ] ] ] } },
{ "type": "Feature", "properties": { }, "geometry": { "type": "Polygon", "coordinates": [ [ [ 77.437048054542032, 23.240562144546129 ], [ 77.437180754542027, 23.240586844538448 ], [ 77.437194854542028, 23.240522744558362 ], [ 77.437062154542033, 23.240498044566031 ], [ 77.437048054542032, 23.240562144546129 ] ] ] } },
{ "type": "Feature", "properties": { }, "geometry": { "type": "Polygon", "coordinates": [ [ [ 77.436242354542031, 23.241709744189635 ], [ 77.436314154542032, 23.241725344184793 ], [ 77.436340954542032, 23.241621244217132 ], [ 77.436269254542026, 23.24160564422197 ], [ 77.436242354542031, 23.241709744189635 ] ] ] } },
{ "type": "Feature", "properties": { }, "geometry": { "type": "Polygon", "coordinates": [ [ [ 77.436603554542032, 23.241807544159254 ], [ 77.436683854542039, 23.241826944153228 ], [ 77.436714154542031, 23.241721144186094 ], [ 77.436633754542029, 23.24170174419212 ], [ 77.436603554542032, 23.241807544159254 ] ] ] } },
{ "type": "Feature", "properties": { }, "geometry": { "type": "Polygon", "coordinates": [ [ [ 77.437104754542034, 23.240412644592563 ], [ 77.437090754542027, 23.240489544568678 ], [ 77.437195954542034, 23.240505744563649 ], [ 77.437209954542027, 23.24042884458753 ], [ 77.437104754542034, 23.240412644592563 ] ] ] } },
{ "type": "Feature", "properties": { }, "geometry": { "type": "Polygon", "coordinates": [ [ [ 77.436158254542022, 23.241708544190008 ], [ 77.436231054542034, 23.241725444184762 ], [ 77.436261554542014, 23.241614844219118 ], [ 77.436188854542038, 23.241597944224367 ], [ 77.436158254542022, 23.241708544190008 ] ] ] } },
{ "type": "Feature", "properties": { }, "geometry": { "type": "Polygon", "coordinates": [ [ [ 77.435830154542032, 23.241985044104112 ], [ 77.435953254542028, 23.242007044097281 ], [ 77.435976254542027, 23.241897844131199 ], [ 77.435853154542031, 23.241875944138012 ], [ 77.435830154542032, 23.241985044104112 ] ] ] } },
{ "type": "Feature", "properties": { }, "geometry": { "type": "Polygon", "coordinates": [ [ [ 77.437030254542037, 23.240659244515964 ], [ 77.437166154542012, 23.240684544508103 ], [ 77.437184454542034, 23.240601344533946 ], [ 77.437048554542031, 23.240576044541807 ], [ 77.437030254542037, 23.240659244515964 ] ] ] } },
{ "type": "Feature", "properties": { }, "geometry": { "type": "Polygon", "coordinates": [ [ [ 77.43617175454203, 23.241930044121197 ], [ 77.436306254542032, 23.241954844113501 ], [ 77.436332354542031, 23.241835344150619 ], [ 77.436197954542024, 23.241810544158326 ], [ 77.43617175454203, 23.241930044121197 ] ] ] } },
{ "type": "Feature", "properties": { }, "geometry": { "type": "Polygon", "coordinates": [ [ [ 77.436997454542038, 23.240808944469467 ], [ 77.437132154542027, 23.240831744462376 ], [ 77.43715005454203, 23.240742544490089 ], [ 77.437015254542032, 23.240719744497163 ], [ 77.436997454542038, 23.240808944469467 ] ] ] } },
{ "type": "Feature", "properties": { }, "geometry": { "type": "Polygon", "coordinates": [ [ [ 77.437213754542029, 23.2405245445578 ], [ 77.437335054542018, 23.240547144550785 ], [ 77.437357754542035, 23.240443944582839 ], [ 77.437236454542031, 23.240421344589866 ], [ 77.437213754542029, 23.2405245445578 ] ] ] } },
{ "type": "Feature", "properties": { }, "geometry": { "type": "Polygon", "coordinates": [ [ [ 77.435612554542018, 23.242018744093645 ], [ 77.435598554542025, 23.242108844065658 ], [ 77.435701254542039, 23.242122244061495 ], [ 77.435715154542038, 23.242032144089482 ], [ 77.435612554542018, 23.242018744093645 ] ] ] } },
{ "type": "Feature", "properties": { }, "geometry": { "type": "Polygon", "coordinates": [ [ [ 77.43566215454203, 23.2417098441896 ], [ 77.435800354542039, 23.241728244183889 ], [ 77.435812654542033, 23.241649844208244 ], [ 77.435674454542038, 23.241631444213962 ], [ 77.43566215454203, 23.2417098441896 ] ] ] } },
{ "type": "Feature", "properties": { }, "geometry": { "type": "Polygon", "coordinates": [ [ [ 77.435483154542027, 23.241810044158481 ], [ 77.435471354542031, 23.241884744135273 ], [ 77.435599854542033, 23.241901844129963 ], [ 77.435611554542021, 23.241827144153167 ], [ 77.435483154542027, 23.241810044158481 ] ] ] } },
{ "type": "Feature", "properties": { }, "geometry": { "type": "Polygon", "coordinates": [ [ [ 77.435542454542031, 23.241477044261924 ], [ 77.435679154542029, 23.24149774425549 ], [ 77.435690054542036, 23.24143694427438 ], [ 77.435553354542037, 23.24141624428081 ], [ 77.435542454542031, 23.241477044261924 ] ] ] } },
{ "type": "Feature", "properties": { }, "geometry": { "type": "Polygon", "coordinates": [ [ [ 77.435692954542034, 23.241532744244619 ], [ 77.435817054542028, 23.241551544238774 ], [ 77.435827454542036, 23.241493644256764 ], [ 77.435703354542014, 23.241474844262608 ], [ 77.435692954542034, 23.241532744244619 ] ] ] } },
{ "type": "Feature", "properties": { }, "geometry": { "type": "Polygon", "coordinates": [ [ [ 77.435635654542025, 23.241784744166338 ], [ 77.435781154542013, 23.241804144160312 ], [ 77.435792554542033, 23.241731844182766 ], [ 77.435647054542031, 23.241712444188803 ], [ 77.435635654542025, 23.241784744166338 ] ] ] } },
{ "type": "Feature", "properties": { }, "geometry": { "type": "Polygon", "coordinates": [ [ [ 77.435457654542034, 23.24195364411387 ], [ 77.43558315454203, 23.241970344108683 ], [ 77.435593154542033, 23.241907344128254 ], [ 77.435467554542015, 23.241890644133445 ], [ 77.435457654542034, 23.24195364411387 ] ] ] } },
{ "type": "Feature", "properties": { }, "geometry": { "type": "Polygon", "coordinates": [ [ [ 77.435622254542025, 23.24184334414813 ], [ 77.435748454542022, 23.241860144142915 ], [ 77.435757354542034, 23.241803844160408 ], [ 77.435631154542037, 23.241787044165626 ], [ 77.435622254542025, 23.24184334414813 ] ] ] } },
{ "type": "Feature", "properties": { }, "geometry": { "type": "Polygon", "coordinates": [ [ [ 77.435555854542031, 23.241410444282607 ], [ 77.435692054542031, 23.241430144276496 ], [ 77.435714554542031, 23.241298744317309 ], [ 77.435578454542039, 23.241279044323431 ], [ 77.435555854542031, 23.241410444282607 ] ] ] } },
{ "type": "Feature", "properties": { }, "geometry": { "type": "Polygon", "coordinates": [ [ [ 77.435610254542013, 23.24181374415733 ], [ 77.435632554542053, 23.24167174420144 ], [ 77.435490354542026, 23.241652844207316 ], [ 77.435468054542028, 23.241794844163199 ], [ 77.435610254542013, 23.24181374415733 ] ] ] } },
{ "type": "Feature", "properties": { }, "geometry": { "type": "Polygon", "coordinates": [ [ [ 77.43553575454203, 23.241491844257325 ], [ 77.435520954542028, 23.241574444231667 ], [ 77.435671254542029, 23.241597144224617 ], [ 77.435686054542018, 23.241514544250279 ], [ 77.43553575454203, 23.241491844257325 ] ] ] } },
{ "type": "Feature", "properties": { }, "geometry": { "type": "Polygon", "coordinates": [ [ [ 77.435715254542032, 23.241472744263255 ], [ 77.435848154542029, 23.241492844257014 ], [ 77.435869154542033, 23.241375744293389 ], [ 77.435736254542036, 23.241355644299638 ], [ 77.435715254542032, 23.241472744263255 ] ] ] } },
{ "type": "Feature", "properties": { }, "geometry": { "type": "Polygon", "coordinates": [ [ [ 77.435702054542034, 23.241549144239528 ], [ 77.435687954542033, 23.241627544215163 ], [ 77.435796554542037, 23.241644044210041 ], [ 77.435810654542024, 23.241565544234433 ], [ 77.435702054542034, 23.241549144239528 ] ] ] } },
{ "type": "Feature", "properties": { }, "geometry": { "type": "Polygon", "coordinates": [ [ [ 77.435507454542034, 23.241648944208521 ], [ 77.43565145454204, 23.241667244202837 ], [ 77.435661754542039, 23.241598944224059 ], [ 77.435517754542033, 23.241580644229739 ], [ 77.435507454542034, 23.241648944208521 ] ] ] } },
{ "type": "Feature", "properties": { }, "geometry": { "type": "Polygon", "coordinates": [ [ [ 77.435603154542036, 23.241964744110422 ], [ 77.435596154542026, 23.242011744095823 ], [ 77.435702454542039, 23.24202504409169 ], [ 77.435709454542035, 23.241977944106324 ], [ 77.435603154542036, 23.241964744110422 ] ] ] } },
{ "type": "Feature", "properties": { }, "geometry": { "type": "Polygon", "coordinates": [ [ [ 77.435458354542021, 23.241966744109799 ], [ 77.435448754542037, 23.242039644087154 ], [ 77.435586854542038, 23.24205504408237 ], [ 77.435596454542036, 23.24198214410502 ], [ 77.435458354542021, 23.241966744109799 ] ] ] } },
{ "type": "Feature", "properties": { }, "geometry": { "type": "Polygon", "coordinates": [ [ [ 77.435611854542032, 23.241959844111946 ], [ 77.435739354542036, 23.241977044106601 ], [ 77.435757054542037, 23.241866944140799 ], [ 77.43562935454203, 23.241849744146148 ], [ 77.435611854542032, 23.241959844111946 ] ] ] } },
{ "type": "Feature", "properties": { }, "geometry": { "type": "Polygon", "coordinates": [ [ [ 77.442388954542039, 23.234911246301269 ], [ 77.442310054542034, 23.234946646290283 ], [ 77.442366654542028, 23.23505324625717 ], [ 77.442445554542033, 23.235017846268168 ], [ 77.442388954542039, 23.234911246301269 ] ] ] } },
{ "type": "Feature", "properties": { }, "geometry": { "type": "Polygon", "coordinates": [ [ [ 77.44294085454203, 23.236561845788646 ], [ 77.443054754542018, 23.2365690457864 ], [ 77.443059554542032, 23.236503645806717 ], [ 77.442945754542038, 23.236496545808929 ], [ 77.44294085454203, 23.236561845788646 ] ] ] } },
{ "type": "Feature", "properties": { }, "geometry": { "type": "Polygon", "coordinates": [ [ [ 77.442725954542027, 23.234703146365895 ], [ 77.442810554542021, 23.234862546316396 ], [ 77.442954054542014, 23.234798246336364 ], [ 77.44286945454202, 23.234638746385901 ], [ 77.442725954542027, 23.234703146365895 ] ] ] } },
{ "type": "Feature", "properties": { }, "geometry": { "type": "Polygon", "coordinates": [ [ [ 77.442624854542032, 23.237165345601209 ], [ 77.442622154542022, 23.237284245564279 ], [ 77.442700954542033, 23.23728574556381 ], [ 77.442703654542015, 23.237166845600736 ], [ 77.442624854542032, 23.237165345601209 ] ] ] } },
{ "type": "Feature", "properties": { }, "geometry": { "type": "Polygon", "coordinates": [ [ [ 77.442720554542021, 23.234728946357887 ], [ 77.442653154542029, 23.234759146348505 ], [ 77.44271465454203, 23.234875046312521 ], [ 77.442782054542036, 23.234844846321892 ], [ 77.442720554542021, 23.234728946357887 ] ] ] } },
{ "type": "Feature", "properties": { }, "geometry": { "type": "Polygon", "coordinates": [ [ [ 77.443451654542031, 23.234090946556027 ], [ 77.44352275454203, 23.234086946557259 ], [ 77.443519754542038, 23.23404254657105 ], [ 77.443448654542038, 23.234046546569807 ], [ 77.443451654542031, 23.234090946556027 ] ] ] } },
{ "type": "Feature", "properties": { }, "geometry": { "type": "Polygon", "coordinates": [ [ [ 77.442450554542035, 23.236612045773054 ], [ 77.442330454542031, 23.236609645773797 ], [ 77.442327754542035, 23.23672614573761 ], [ 77.442447854542038, 23.236728445736901 ], [ 77.442450554542035, 23.236612045773054 ] ] ] } },
{ "type": "Feature", "properties": { }, "geometry": { "type": "Polygon", "coordinates": [ [ [ 77.442603754542034, 23.237171745599216 ], [ 77.442526254542031, 23.237168645600185 ], [ 77.442521554542026, 23.237267245569562 ], [ 77.442599054542043, 23.237270345568593 ], [ 77.442603754542034, 23.237171745599216 ] ] ] } },
{ "type": "Feature", "properties": { }, "geometry": { "type": "Polygon", "coordinates": [ [ [ 77.442294454542036, 23.234931446295001 ], [ 77.442219754542023, 23.234964946284595 ], [ 77.442287754542036, 23.23509304624481 ], [ 77.442362454542021, 23.235059546255219 ], [ 77.442294454542036, 23.234931446295001 ] ] ] } },
{ "type": "Feature", "properties": { }, "geometry": { "type": "Polygon", "coordinates": [ [ [ 77.443345354542032, 23.23405804656624 ], [ 77.443350354542034, 23.234123746545837 ], [ 77.443382854542037, 23.234121746546453 ], [ 77.443377854542035, 23.23405594656689 ], [ 77.443345354542032, 23.23405804656624 ] ] ] } },
{ "type": "Feature", "properties": { }, "geometry": { "type": "Polygon", "coordinates": [ [ [ 77.443475454542039, 23.233964946595151 ], [ 77.443480054542036, 23.234021246577665 ], [ 77.443549554542017, 23.234016446579158 ], [ 77.443544954542034, 23.233960046596671 ], [ 77.443475454542039, 23.233964946595151 ] ] ] } },
{ "type": "Feature", "properties": { }, "geometry": { "type": "Polygon", "coordinates": [ [ [ 77.442380854542037, 23.234878646311397 ], [ 77.442444654542015, 23.234998846274067 ], [ 77.442525654542038, 23.234962546285342 ], [ 77.442461854542032, 23.234842346322672 ], [ 77.442380854542037, 23.234878646311397 ] ] ] } },
{ "type": "Feature", "properties": { }, "geometry": { "type": "Polygon", "coordinates": [ [ [ 77.442686354542019, 23.237306845557253 ], [ 77.442683354542027, 23.237406745526233 ], [ 77.442771754542036, 23.237408945525548 ], [ 77.442774754542029, 23.237309045556575 ], [ 77.442686354542019, 23.237306845557253 ] ] ] } },
{ "type": "Feature", "properties": { }, "geometry": { "type": "Polygon", "coordinates": [ [ [ 77.442437754542027, 23.237163445601794 ], [ 77.442432654542031, 23.237275945566854 ], [ 77.442513754542034, 23.237279045565895 ], [ 77.44251885454203, 23.237166545600829 ], [ 77.442437754542027, 23.237163445601794 ] ] ] } },
{ "type": "Feature", "properties": { }, "geometry": { "type": "Polygon", "coordinates": [ [ [ 77.443554054542034, 23.23472334635963 ], [ 77.443533454542035, 23.23477034634503 ], [ 77.443611954542035, 23.234799346336018 ], [ 77.443632554542035, 23.234752246350649 ], [ 77.443554054542034, 23.23472334635963 ] ] ] } },
{ "type": "Feature", "properties": { }, "geometry": { "type": "Polygon", "coordinates": [ [ [ 77.442252354542035, 23.237145645607328 ], [ 77.442241154542018, 23.237254745573441 ], [ 77.442323254542032, 23.237261945571206 ], [ 77.442334554542029, 23.237152745605115 ], [ 77.442252354542035, 23.237145645607328 ] ] ] } },
{ "type": "Feature", "properties": { }, "geometry": { "type": "Polygon", "coordinates": [ [ [ 77.443656054542032, 23.234762946347324 ], [ 77.443628854542013, 23.234848046320895 ], [ 77.44369175454203, 23.234865046315619 ], [ 77.443718954542035, 23.234779946342044 ], [ 77.443656054542032, 23.234762946347324 ] ] ] } },
{ "type": "Feature", "properties": { }, "geometry": { "type": "Polygon", "coordinates": [ [ [ 77.442587254542033, 23.237312545555486 ], [ 77.442584054542024, 23.237414845523716 ], [ 77.442677954542049, 23.237417345522935 ], [ 77.442681154542029, 23.237315045554713 ], [ 77.442587254542033, 23.237312545555486 ] ] ] } },
{ "type": "Feature", "properties": { }, "geometry": { "type": "Polygon", "coordinates": [ [ [ 77.443587254542024, 23.234989746276892 ], [ 77.443621354542032, 23.23502564626574 ], [ 77.443663954542032, 23.234991446276364 ], [ 77.443629854542039, 23.234955546287512 ], [ 77.443587254542024, 23.234989746276892 ] ] ] } },
{ "type": "Feature", "properties": { }, "geometry": { "type": "Polygon", "coordinates": [ [ [ 77.44248605454203, 23.237406845526198 ], [ 77.442492054542029, 23.237301445558931 ], [ 77.44240905454204, 23.237297445560174 ], [ 77.442403054542027, 23.237402845527441 ], [ 77.44248605454203, 23.237406845526198 ] ] ] } },
{ "type": "Feature", "properties": { }, "geometry": { "type": "Polygon", "coordinates": [ [ [ 77.442496054542033, 23.237401245527934 ], [ 77.442564454542037, 23.237401945527722 ], [ 77.442565454542034, 23.237308145556852 ], [ 77.442497054542031, 23.237307545557037 ], [ 77.442496054542033, 23.237401245527934 ] ] ] } },
{ "type": "Feature", "properties": { }, "geometry": { "type": "Polygon", "coordinates": [ [ [ 77.443389454542029, 23.2338749466231 ], [ 77.443390054542036, 23.233909746612291 ], [ 77.443418754542037, 23.233909346612414 ], [ 77.443418054542036, 23.23387454662322 ], [ 77.443389454542029, 23.2338749466231 ] ] ] } },
{ "type": "Feature", "properties": { }, "geometry": { "type": "Polygon", "coordinates": [ [ [ 77.441994454542012, 23.23711044561826 ], [ 77.44199175454203, 23.237237345578841 ], [ 77.442076654542021, 23.237238845578382 ], [ 77.442079354542017, 23.237111945617794 ], [ 77.441994454542012, 23.23711044561826 ] ] ] } },
{ "type": "Feature", "properties": { }, "geometry": { "type": "Polygon", "coordinates": [ [ [ 77.44196735454203, 23.237391045531108 ], [ 77.442053854542038, 23.237392245530735 ], [ 77.442055754542039, 23.237280245565518 ], [ 77.44196925454203, 23.237279045565895 ], [ 77.44196735454203, 23.237391045531108 ] ] ] } },
{ "type": "Feature", "properties": { }, "geometry": { "type": "Polygon", "coordinates": [ [ [ 77.442547854542028, 23.234807146333601 ], [ 77.442476054542027, 23.2348393463236 ], [ 77.442537854542039, 23.234955746287444 ], [ 77.442609654542039, 23.234923646297418 ], [ 77.442547854542028, 23.234807146333601 ] ] ] } },
{ "type": "Feature", "properties": { }, "geometry": { "type": "Polygon", "coordinates": [ [ [ 77.442542954542034, 23.236408645836221 ], [ 77.442540154542016, 23.236485945812216 ], [ 77.442661554542028, 23.236489645811066 ], [ 77.442664354542018, 23.236412345835081 ], [ 77.442542954542034, 23.236408645836221 ] ] ] } },
{ "type": "Feature", "properties": { }, "geometry": { "type": "Polygon", "coordinates": [ [ [ 77.442628454542032, 23.234923546297448 ], [ 77.442710654542012, 23.234886646308912 ], [ 77.44264045454203, 23.234754446349971 ], [ 77.442558254542035, 23.234791246338538 ], [ 77.442628454542032, 23.234923546297448 ] ] ] } },
{ "type": "Feature", "properties": { }, "geometry": { "type": "Polygon", "coordinates": [ [ [ 77.443102854542033, 23.236657345758982 ], [ 77.443100154542037, 23.236732345735689 ], [ 77.443238254542024, 23.236736545734388 ], [ 77.443240954542034, 23.236661545757677 ], [ 77.443102854542033, 23.236657345758982 ] ] ] } },
{ "type": "Feature", "properties": { }, "geometry": { "type": "Polygon", "coordinates": [ [ [ 77.442302954542015, 23.236757345727924 ], [ 77.44230335454202, 23.236822145707798 ], [ 77.44242605454204, 23.236821445708014 ], [ 77.442425654542035, 23.236756745728115 ], [ 77.442302954542015, 23.236757345727924 ] ] ] } },
{ "type": "Feature", "properties": { }, "geometry": { "type": "Polygon", "coordinates": [ [ [ 77.44237195454204, 23.235623446080091 ], [ 77.442497754542032, 23.235626846079036 ], [ 77.442500754542039, 23.235532246108409 ], [ 77.442374954542032, 23.235528846109467 ], [ 77.44237195454204, 23.235623446080091 ] ] ] } },
{ "type": "Feature", "properties": { }, "geometry": { "type": "Polygon", "coordinates": [ [ [ 77.442950154542018, 23.236585545781281 ], [ 77.442944554542038, 23.236660545757989 ], [ 77.443059354542029, 23.236667745755756 ], [ 77.44306485454203, 23.236592745779046 ], [ 77.442950154542018, 23.236585545781281 ] ] ] } },
{ "type": "Feature", "properties": { }, "geometry": { "type": "Polygon", "coordinates": [ [ [ 77.442803254542028, 23.237286045563714 ], [ 77.442806554542031, 23.237173945598538 ], [ 77.442714154542017, 23.237171645599251 ], [ 77.442710754542034, 23.237283745564433 ], [ 77.442803254542028, 23.237286045563714 ] ] ] } },
{ "type": "Feature", "properties": { }, "geometry": { "type": "Polygon", "coordinates": [ [ [ 77.442929054542034, 23.23682834570587 ], [ 77.443040554542023, 23.236835345703696 ], [ 77.44304545454203, 23.236768445724476 ], [ 77.442933954542028, 23.236761445726653 ], [ 77.442929054542034, 23.23682834570587 ] ] ] } },
{ "type": "Feature", "properties": { }, "geometry": { "type": "Polygon", "coordinates": [ [ [ 77.44251885454203, 23.236945145669598 ], [ 77.44251765454203, 23.237068145631394 ], [ 77.442630354542032, 23.237068945631147 ], [ 77.442631454542038, 23.236946045669313 ], [ 77.44251885454203, 23.236945145669598 ] ] ] } },
{ "type": "Feature", "properties": { }, "geometry": { "type": "Polygon", "coordinates": [ [ [ 77.442158454542025, 23.235155646225376 ], [ 77.442281354542018, 23.235100546242485 ], [ 77.442215854542013, 23.234977146280809 ], [ 77.442118054542021, 23.235020946267205 ], [ 77.442129654542029, 23.235042846260406 ], [ 77.442104554542027, 23.235054046256927 ], [ 77.442158454542025, 23.235155646225376 ] ] ] } },
{ "type": "Feature", "properties": { }, "geometry": { "type": "Polygon", "coordinates": [ [ [ 77.438168254542035, 23.233166346843149 ], [ 77.438150054542021, 23.23316744684281 ], [ 77.438133754542037, 23.233174846840505 ], [ 77.438121754542038, 23.233187446836595 ], [ 77.438115954542027, 23.233203346831655 ], [ 77.438117154542027, 23.233220046826471 ], [ 77.43812525454203, 23.233235046821815 ], [ 77.438138954542026, 23.233246046818397 ], [ 77.438156154542028, 23.233251346816751 ], [ 77.438174354542028, 23.233250246817096 ], [ 77.438190654542026, 23.23324284681939 ], [ 77.438202654542039, 23.233230246823304 ], [ 77.438208454542035, 23.23321444682821 ], [ 77.438207254542036, 23.233197746833401 ], [ 77.438199154542033, 23.233182746838061 ], [ 77.438185454542037, 23.233171746841471 ], [ 77.438168254542035, 23.233166346843149 ] ] ] } },
{ "type": "Feature", "properties": { }, "geometry": { "type": "Polygon", "coordinates": [ [ [ 77.438703854542027, 23.232709846984914 ], [ 77.438860954542037, 23.232732046978018 ], [ 77.438883454542037, 23.232597847019687 ], [ 77.438726254542033, 23.232575647026579 ], [ 77.438703854542027, 23.232709846984914 ] ] ] } },
{ "type": "Feature", "properties": { }, "geometry": { "type": "Polygon", "coordinates": [ [ [ 77.435675454542036, 23.233403846769399 ], [ 77.435812254542014, 23.233434946759736 ], [ 77.435830254542026, 23.233368146780478 ], [ 77.435693454542033, 23.233337046790144 ], [ 77.435675454542036, 23.233403846769399 ] ] ] } },
{ "type": "Feature", "properties": { }, "geometry": { "type": "Polygon", "coordinates": [ [ [ 77.438452254542028, 23.231669847307852 ], [ 77.438533554542033, 23.231666547308876 ], [ 77.438526554542037, 23.231518347354903 ], [ 77.438445254542032, 23.231521647353876 ], [ 77.438452254542028, 23.231669847307852 ] ] ] } },
{ "type": "Feature", "properties": { }, "geometry": { "type": "Polygon", "coordinates": [ [ [ 77.438260554542026, 23.232953646909202 ], [ 77.438370054542034, 23.232971246903734 ], [ 77.438392454542026, 23.232853946940164 ], [ 77.438282954542032, 23.232836346945632 ], [ 77.438260554542026, 23.232953646909202 ] ] ] } },
{ "type": "Feature", "properties": { }, "geometry": { "type": "Polygon", "coordinates": [ [ [ 77.437597054542039, 23.232718846982113 ], [ 77.437569554542037, 23.232808246954349 ], [ 77.437698654542032, 23.232841746943954 ], [ 77.437726154542034, 23.232752246971742 ], [ 77.437597054542039, 23.232718846982113 ] ] ] } },
{ "type": "Feature", "properties": { }, "geometry": { "type": "Polygon", "coordinates": [ [ [ 77.438852554542038, 23.231833647256988 ], [ 77.438931654542031, 23.231834447256738 ], [ 77.438933254542036, 23.231701747297951 ], [ 77.438854154542028, 23.231700947298194 ], [ 77.438852554542038, 23.231833647256988 ] ] ] } },
{ "type": "Feature", "properties": { }, "geometry": { "type": "Polygon", "coordinates": [ [ [ 77.437460954542033, 23.233211046829268 ], [ 77.437595254542032, 23.233245846818466 ], [ 77.437622354542029, 23.233157646845847 ], [ 77.43748805454203, 23.233122846856663 ], [ 77.437460954542033, 23.233211046829268 ] ] ] } },
{ "type": "Feature", "properties": { }, "geometry": { "type": "Polygon", "coordinates": [ [ [ 77.43806445454203, 23.233493846741446 ], [ 77.438148754542027, 23.233497846740203 ], [ 77.438156954542038, 23.233350646785912 ], [ 77.438072654542026, 23.233346646787158 ], [ 77.43806445454203, 23.233493846741446 ] ] ] } },
{ "type": "Feature", "properties": { }, "geometry": { "type": "Polygon", "coordinates": [ [ [ 77.435823654542048, 23.233456546753025 ], [ 77.435955754542036, 23.233487346743466 ], [ 77.435979654542038, 23.23340084677033 ], [ 77.435847554542036, 23.233370046779889 ], [ 77.435823654542048, 23.233456546753025 ] ] ] } },
{ "type": "Feature", "properties": { }, "geometry": { "type": "Polygon", "coordinates": [ [ [ 77.43817815454203, 23.232550647034341 ], [ 77.438257054542035, 23.232569547028472 ], [ 77.438287254542033, 23.232463147061512 ], [ 77.438208354542027, 23.232444247067384 ], [ 77.43817815454203, 23.232550647034341 ] ] ] } },
{ "type": "Feature", "properties": { }, "geometry": { "type": "Polygon", "coordinates": [ [ [ 77.438657954542037, 23.232885946930224 ], [ 77.438762454542015, 23.232910346922644 ], [ 77.438791554542036, 23.232805046955342 ], [ 77.438687154542038, 23.232780646962919 ], [ 77.438657954542037, 23.232885946930224 ] ] ] } },
{ "type": "Feature", "properties": { }, "geometry": { "type": "Polygon", "coordinates": [ [ [ 77.437741454542035, 23.232741746975002 ], [ 77.437866854542037, 23.232774246964908 ], [ 77.437891154542029, 23.23269494698954 ], [ 77.437765754542028, 23.23266234699966 ], [ 77.437741454542035, 23.232741746975002 ] ] ] } },
{ "type": "Feature", "properties": { }, "geometry": { "type": "Polygon", "coordinates": [ [ [ 77.438774154542031, 23.231828847258477 ], [ 77.438845154542037, 23.231829547258258 ], [ 77.438846654542019, 23.231705247296858 ], [ 77.438775554542033, 23.231704547297081 ], [ 77.438774154542031, 23.231828847258477 ] ] ] } },
{ "type": "Feature", "properties": { }, "geometry": { "type": "Polygon", "coordinates": [ [ [ 77.437759154542036, 23.232034247194704 ], [ 77.437900354542037, 23.232062247186008 ], [ 77.437921054542016, 23.231974047213392 ], [ 77.437779954542037, 23.231945947222119 ], [ 77.437759154542036, 23.232034247194704 ] ] ] } },
{ "type": "Feature", "properties": { }, "geometry": { "type": "Polygon", "coordinates": [ [ [ 77.438490454542034, 23.231846647252954 ], [ 77.438578954542024, 23.231847547252677 ], [ 77.438580554542028, 23.231716647293325 ], [ 77.438492054542039, 23.231715747293606 ], [ 77.438490454542034, 23.231846647252954 ] ] ] } },
{ "type": "Feature", "properties": { }, "geometry": { "type": "Polygon", "coordinates": [ [ [ 77.438046454542018, 23.232763546968233 ], [ 77.438118254542033, 23.232779946963142 ], [ 77.438151854542028, 23.232655147001893 ], [ 77.438079954542033, 23.232638847006957 ], [ 77.438046454542018, 23.232763546968233 ] ] ] } },
{ "type": "Feature", "properties": { }, "geometry": { "type": "Polygon", "coordinates": [ [ [ 77.438344654542021, 23.232606447017019 ], [ 77.438420754542037, 23.232624647011367 ], [ 77.438455654542025, 23.232501747049529 ], [ 77.438379554542038, 23.232483547055182 ], [ 77.438344654542021, 23.232606447017019 ] ] ] } },
{ "type": "Feature", "properties": { }, "geometry": { "type": "Polygon", "coordinates": [ [ [ 77.437716554542035, 23.232184747147969 ], [ 77.437699754542038, 23.232252847126819 ], [ 77.437838554542026, 23.232281747117845 ], [ 77.437855354542037, 23.232213647138995 ], [ 77.437716554542035, 23.232184747147969 ] ] ] } },
{ "type": "Feature", "properties": { }, "geometry": { "type": "Polygon", "coordinates": [ [ [ 77.438983454542026, 23.231645647315375 ], [ 77.439080354542028, 23.231641747316576 ], [ 77.439073454542026, 23.231496547361669 ], [ 77.438976454542029, 23.23150044736046 ], [ 77.438983454542026, 23.231645647315375 ] ] ] } },
{ "type": "Feature", "properties": { }, "geometry": { "type": "Polygon", "coordinates": [ [ [ 77.438535054542029, 23.232726046979874 ], [ 77.438506454542036, 23.232829346947799 ], [ 77.438638754542026, 23.232860246938209 ], [ 77.43866725454204, 23.23275694697028 ], [ 77.438535054542029, 23.232726046979874 ] ] ] } },
{ "type": "Feature", "properties": { }, "geometry": { "type": "Polygon", "coordinates": [ [ [ 77.437743254542028, 23.232105047172716 ], [ 77.437879554542036, 23.232133547163865 ], [ 77.437895954542014, 23.23206724718445 ], [ 77.43775965454202, 23.2320387471933 ], [ 77.437743254542028, 23.232105047172716 ] ] ] } },
{ "type": "Feature", "properties": { }, "geometry": { "type": "Polygon", "coordinates": [ [ [ 77.437786754542032, 23.233493246741634 ], [ 77.437794254542027, 23.233359946783033 ], [ 77.437703254542029, 23.233355646784364 ], [ 77.437695854542028, 23.233489046742939 ], [ 77.437786754542032, 23.233493246741634 ] ] ] } },
{ "type": "Feature", "properties": { }, "geometry": { "type": "Polygon", "coordinates": [ [ [ 77.438009954542039, 23.231746747283982 ], [ 77.438121054542023, 23.23177004727674 ], [ 77.438134854542028, 23.231714347294037 ], [ 77.438023854542024, 23.231691047301275 ], [ 77.438009954542039, 23.231746747283982 ] ] ] } },
{ "type": "Feature", "properties": { }, "geometry": { "type": "Polygon", "coordinates": [ [ [ 77.438792454542039, 23.232156347156788 ], [ 77.438802554542036, 23.232037747193612 ], [ 77.438676954542018, 23.232028647196433 ], [ 77.438666854542035, 23.232147247159617 ], [ 77.438792454542039, 23.232156347156788 ] ] ] } },
{ "type": "Feature", "properties": { }, "geometry": { "type": "Polygon", "coordinates": [ [ [ 77.438705754542028, 23.231518947354708 ], [ 77.438712854542032, 23.231668747308195 ], [ 77.438800354542025, 23.231665147309311 ], [ 77.438793254542034, 23.231515347355831 ], [ 77.438705754542028, 23.231518947354708 ] ] ] } },
{ "type": "Feature", "properties": { }, "geometry": { "type": "Polygon", "coordinates": [ [ [ 77.438021254542036, 23.232911846922182 ], [ 77.438096954542019, 23.232924046918392 ], [ 77.438122954542038, 23.232787946960649 ], [ 77.438047254542013, 23.232775746964442 ], [ 77.438021254542036, 23.232911846922182 ] ] ] } },
{ "type": "Feature", "properties": { }, "geometry": { "type": "Polygon", "coordinates": [ [ [ 77.437579154542036, 23.23385944662791 ], [ 77.437707154542025, 23.233868146625209 ], [ 77.437715954542014, 23.233758346659307 ], [ 77.437587854542031, 23.233749746661982 ], [ 77.437579154542036, 23.23385944662791 ] ] ] } },
{ "type": "Feature", "properties": { }, "geometry": { "type": "Polygon", "coordinates": [ [ [ 77.43752395454203, 23.233469246749092 ], [ 77.437614254542012, 23.233473546747753 ], [ 77.437623154542024, 23.233314546797128 ], [ 77.437532754542048, 23.233310246798464 ], [ 77.43752395454203, 23.233469246749092 ] ] ] } },
{ "type": "Feature", "properties": { }, "geometry": { "type": "Polygon", "coordinates": [ [ [ 77.437608454542016, 23.233619246702503 ], [ 77.437693654542031, 23.233622246701572 ], [ 77.437699154542031, 23.233490646742442 ], [ 77.43761395454203, 23.233487646743367 ], [ 77.437608454542016, 23.233619246702503 ] ] ] } },
{ "type": "Feature", "properties": { }, "geometry": { "type": "Polygon", "coordinates": [ [ [ 77.438887354542032, 23.231652647313197 ], [ 77.438968154542039, 23.231649347314221 ], [ 77.438961454542039, 23.231508847357848 ], [ 77.438880654542032, 23.231512147356824 ], [ 77.438887354542032, 23.231652647313197 ] ] ] } },
{ "type": "Feature", "properties": { }, "geometry": { "type": "Polygon", "coordinates": [ [ [ 77.437879954542026, 23.231642147316453 ], [ 77.438018654542034, 23.231665447309222 ], [ 77.438042354542034, 23.231540047348162 ], [ 77.437901254542027, 23.231556247343129 ], [ 77.437879954542026, 23.231642147316453 ] ] ] } },
{ "type": "Feature", "properties": { }, "geometry": { "type": "Polygon", "coordinates": [ [ [ 77.437826354542025, 23.23181754726199 ], [ 77.437805554542024, 23.231905547234664 ], [ 77.437953554542034, 23.231935047225502 ], [ 77.437974354542035, 23.231847047252831 ], [ 77.437826354542025, 23.23181754726199 ] ] ] } },
{ "type": "Feature", "properties": { }, "geometry": { "type": "Polygon", "coordinates": [ [ [ 77.438614854542038, 23.231523647353249 ], [ 77.43862145454203, 23.231663047309961 ], [ 77.438707754542037, 23.231659547311054 ], [ 77.438701154542031, 23.231520147354342 ], [ 77.438614854542038, 23.231523647353249 ] ] ] } },
{ "type": "Feature", "properties": { }, "geometry": { "type": "Polygon", "coordinates": [ [ [ 77.438102554542027, 23.232925746917864 ], [ 77.438182354542036, 23.232938546913886 ], [ 77.438207654542012, 23.232806246954972 ], [ 77.438127754542037, 23.232793346958982 ], [ 77.438102554542027, 23.232925746917864 ] ] ] } },
{ "type": "Feature", "properties": { }, "geometry": { "type": "Polygon", "coordinates": [ [ [ 77.437614154542032, 23.232636447007696 ], [ 77.437748854542036, 23.23267134699686 ], [ 77.437777254542027, 23.232578847025582 ], [ 77.437642554542037, 23.232543847036453 ], [ 77.437614154542032, 23.232636447007696 ] ] ] } },
{ "type": "Feature", "properties": { }, "geometry": { "type": "Polygon", "coordinates": [ [ [ 77.43740475454203, 23.233852446630085 ], [ 77.437537554542033, 23.233858546628188 ], [ 77.437543954542036, 23.23374174666446 ], [ 77.437411154542033, 23.233735546666388 ], [ 77.43740475454203, 23.233852446630085 ] ] ] } },
{ "type": "Feature", "properties": { }, "geometry": { "type": "Polygon", "coordinates": [ [ [ 77.438003154542031, 23.23175294728205 ], [ 77.437982554542032, 23.231841847254447 ], [ 77.438108754542029, 23.231866447246812 ], [ 77.438129354542028, 23.231777547274412 ], [ 77.438003154542031, 23.23175294728205 ] ] ] } },
{ "type": "Feature", "properties": { }, "geometry": { "type": "Polygon", "coordinates": [ [ [ 77.438609954542031, 23.232356147094741 ], [ 77.438739354542037, 23.232372147089769 ], [ 77.438748654542024, 23.232308847109429 ], [ 77.438619254542033, 23.232292847114397 ], [ 77.438609954542031, 23.232356147094741 ] ] ] } },
{ "type": "Feature", "properties": { }, "geometry": { "type": "Polygon", "coordinates": [ [ [ 77.438418854542036, 23.233194246834479 ], [ 77.438554154542032, 23.233225846824674 ], [ 77.43857765454203, 23.233140946851041 ], [ 77.438442354542033, 23.23310934686085 ], [ 77.438418854542036, 23.233194246834479 ] ] ] } },
{ "type": "Feature", "properties": { }, "geometry": { "type": "Polygon", "coordinates": [ [ [ 77.438416254542034, 23.233490446742504 ], [ 77.438511954542037, 23.233494946741107 ], [ 77.438519954542031, 23.233351546785631 ], [ 77.438424154542034, 23.233347046787038 ], [ 77.438416254542034, 23.233490446742504 ] ] ] } },
{ "type": "Feature", "properties": { }, "geometry": { "type": "Polygon", "coordinates": [ [ [ 77.436102554542032, 23.233490446742504 ], [ 77.436142154542011, 23.23336104678269 ], [ 77.436044554542022, 23.233335846790517 ], [ 77.436004954542028, 23.233465246750328 ], [ 77.436102554542032, 23.233490446742504 ] ] ] } },
{ "type": "Feature", "properties": { }, "geometry": { "type": "Polygon", "coordinates": [ [ [ 77.438168054542032, 23.232550947034252 ], [ 77.438198954542031, 23.2324419470681 ], [ 77.438127654542029, 23.232424947073383 ], [ 77.43809675454203, 23.232533847039566 ], [ 77.438168054542032, 23.232550947034252 ] ] ] } },
{ "type": "Feature", "properties": { }, "geometry": { "type": "Polygon", "coordinates": [ [ [ 77.438595854542015, 23.233097246864606 ], [ 77.438730454542039, 23.233128646854851 ], [ 77.438750454542031, 23.233056346877312 ], [ 77.438615854542036, 23.233024846887087 ], [ 77.438595854542015, 23.233097246864606 ] ] ] } },
{ "type": "Feature", "properties": { }, "geometry": { "type": "Polygon", "coordinates": [ [ [ 77.437758254542032, 23.232655947001643 ], [ 77.437882654542037, 23.232688246991621 ], [ 77.437909954542022, 23.232599447019194 ], [ 77.437785554542032, 23.232567147029222 ], [ 77.437758254542032, 23.232655947001643 ] ] ] } },
{ "type": "Feature", "properties": { }, "geometry": { "type": "Polygon", "coordinates": [ [ [ 77.438669054542032, 23.231844147253732 ], [ 77.43876125454203, 23.231845047253454 ], [ 77.438762954542028, 23.231700547298324 ], [ 77.438670854542025, 23.231699647298598 ], [ 77.438669054542032, 23.231844147253732 ] ] ] } },
{ "type": "Feature", "properties": { }, "geometry": { "type": "Polygon", "coordinates": [ [ [ 77.438732554542014, 23.232574647026887 ], [ 77.438886554542037, 23.232592247021426 ], [ 77.438897954542028, 23.232508347047474 ], [ 77.438743954542034, 23.23249064705298 ], [ 77.438732554542014, 23.232574647026887 ] ] ] } },
{ "type": "Feature", "properties": { }, "geometry": { "type": "Polygon", "coordinates": [ [ [ 77.438212154542029, 23.232800646956715 ], [ 77.438284054542038, 23.23281704695162 ], [ 77.438317854542021, 23.232691446990621 ], [ 77.438245954542026, 23.232675146995682 ], [ 77.438212154542029, 23.232800646956715 ] ] ] } },
{ "type": "Feature", "properties": { }, "geometry": { "type": "Polygon", "coordinates": [ [ [ 77.437490654542032, 23.233118746857929 ], [ 77.43762145454204, 23.233152646847405 ], [ 77.437645454542036, 23.23307444687169 ], [ 77.437514654542028, 23.233040546882219 ], [ 77.437490654542032, 23.233118746857929 ] ] ] } },
{ "type": "Feature", "properties": { }, "geometry": { "type": "Polygon", "coordinates": [ [ [ 77.438297054542033, 23.232437647069432 ], [ 77.438367654542034, 23.232454647064156 ], [ 77.438405154542039, 23.232323047105023 ], [ 77.438334554542038, 23.232306047110303 ], [ 77.438297054542033, 23.232437647069432 ] ] ] } },
{ "type": "Feature", "properties": { }, "geometry": { "type": "Polygon", "coordinates": [ [ [ 77.438404354542016, 23.233275746809177 ], [ 77.438530854542037, 23.233305346799984 ], [ 77.438551854542027, 23.233229346823588 ], [ 77.438425354542034, 23.233199746832774 ], [ 77.438404354542016, 23.233275746809177 ] ] ] } },
{ "type": "Feature", "properties": { }, "geometry": { "type": "Polygon", "coordinates": [ [ [ 77.438152654542037, 23.233495046741073 ], [ 77.438231254542032, 23.233498746739926 ], [ 77.438239354542034, 23.233353246785111 ], [ 77.438160854542033, 23.233349546786261 ], [ 77.438152654542037, 23.233495046741073 ] ] ] } },
{ "type": "Feature", "properties": { }, "geometry": { "type": "Polygon", "coordinates": [ [ [ 77.438267654542031, 23.232589147022388 ], [ 77.438339754542028, 23.232606447017019 ], [ 77.438373854542036, 23.232486347054312 ], [ 77.438301754542039, 23.232469047059684 ], [ 77.438267654542031, 23.232589147022388 ] ] ] } },
{ "type": "Feature", "properties": { }, "geometry": { "type": "Polygon", "coordinates": [ [ [ 77.438602354542027, 23.233015046890138 ], [ 77.438753954542037, 23.233050446879137 ], [ 77.438784854542035, 23.232938546913886 ], [ 77.43863335454202, 23.23290314692489 ], [ 77.438602354542027, 23.233015046890138 ] ] ] } },
{ "type": "Feature", "properties": { }, "geometry": { "type": "Polygon", "coordinates": [ [ [ 77.437710854542033, 23.232839446944666 ], [ 77.437836554542031, 23.232872046934535 ], [ 77.437863954542038, 23.232782846962237 ], [ 77.437738254542026, 23.232750246972362 ], [ 77.437710854542033, 23.232839446944666 ] ] ] } },
{ "type": "Feature", "properties": { }, "geometry": { "type": "Polygon", "coordinates": [ [ [ 77.437877354542039, 23.233493546741542 ], [ 77.437959054542034, 23.233497346740357 ], [ 77.437967054542028, 23.233353846784919 ], [ 77.437885354542033, 23.233349946786131 ], [ 77.437877354542039, 23.233493546741542 ] ] ] } },
{ "type": "Feature", "properties": { }, "geometry": { "type": "Polygon", "coordinates": [ [ [ 77.43859105454203, 23.231845447253328 ], [ 77.438661054542038, 23.231846147253112 ], [ 77.438662754542037, 23.231707847296057 ], [ 77.438592654542035, 23.23170714729627 ], [ 77.43859105454203, 23.231845447253328 ] ] ] } },
{ "type": "Feature", "properties": { }, "geometry": { "type": "Polygon", "coordinates": [ [ [ 77.438127854542032, 23.232782046962487 ], [ 77.438205854542019, 23.232799746956992 ], [ 77.438240254542023, 23.23267174699674 ], [ 77.43816235454203, 23.232653947002269 ], [ 77.438127854542032, 23.232782046962487 ] ] ] } },
{ "type": "Feature", "properties": { }, "geometry": { "type": "Polygon", "coordinates": [ [ [ 77.438374354542034, 23.232455847063783 ], [ 77.438461754542033, 23.232476847057264 ], [ 77.438500754542019, 23.232339847099809 ], [ 77.438413354542035, 23.232318847106328 ], [ 77.438374354542034, 23.232455847063783 ] ] ] } },
{ "type": "Feature", "properties": { }, "geometry": { "type": "Polygon", "coordinates": [ [ [ 77.438820454542039, 23.232028847196379 ], [ 77.438983054542035, 23.232039947192931 ], [ 77.43899255454204, 23.231922547229381 ], [ 77.43882995454203, 23.231911447232836 ], [ 77.438820454542039, 23.232028847196379 ] ] ] } },
{ "type": "Feature", "properties": { }, "geometry": { "type": "Polygon", "coordinates": [ [ [ 77.437743354542036, 23.232107047172097 ], [ 77.437723854542028, 23.2321804471493 ], [ 77.437857754542037, 23.232210347140018 ], [ 77.437877154542036, 23.232137047162777 ], [ 77.437743354542036, 23.232107047172097 ] ] ] } },
{ "type": "Feature", "properties": { }, "geometry": { "type": "Polygon", "coordinates": [ [ [ 77.438028354542027, 23.23168964730171 ], [ 77.438145254542036, 23.231715447293698 ], [ 77.43818245454203, 23.231573347337825 ], [ 77.438065554542035, 23.231547547345837 ], [ 77.438028354542027, 23.23168964730171 ] ] ] } },
{ "type": "Feature", "properties": { }, "geometry": { "type": "Polygon", "coordinates": [ [ [ 77.437388154542035, 23.233454646753618 ], [ 77.437382454542032, 23.233592646710768 ], [ 77.437489054542027, 23.233596446709591 ], [ 77.437494854542024, 23.233458446752437 ], [ 77.437388154542035, 23.233454646753618 ] ] ] } },
{ "type": "Feature", "properties": { }, "geometry": { "type": "Polygon", "coordinates": [ [ [ 77.438242954542034, 23.231662547310119 ], [ 77.438357054542038, 23.231668047308411 ], [ 77.438350054542028, 23.231521347353965 ], [ 77.438292354542028, 23.231527047352198 ], [ 77.438242954542034, 23.231662547310119 ] ] ] } },
{ "type": "Feature", "properties": { }, "geometry": { "type": "Polygon", "coordinates": [ [ [ 77.437927154542038, 23.232014747200761 ], [ 77.438039254542019, 23.232038647193331 ], [ 77.438057454542033, 23.231966447215758 ], [ 77.437945454542032, 23.231942547223177 ], [ 77.437927154542038, 23.232014747200761 ] ] ] } },
{ "type": "Feature", "properties": { }, "geometry": { "type": "Polygon", "coordinates": [ [ [ 77.437794054542024, 23.233493346741604 ], [ 77.437869654542027, 23.233496846740515 ], [ 77.437877454542033, 23.233357146783895 ], [ 77.437801854542016, 23.23335364678498 ], [ 77.437794054542024, 23.233493346741604 ] ] ] } },
{ "type": "Feature", "properties": { }, "geometry": { "type": "Polygon", "coordinates": [ [ [ 77.43881415454203, 23.232148947159082 ], [ 77.438953954542029, 23.232159647155754 ], [ 77.438964354542037, 23.232045047191349 ], [ 77.438824554542038, 23.232034347194674 ], [ 77.43881415454203, 23.232148947159082 ] ] ] } },
{ "type": "Feature", "properties": { }, "geometry": { "type": "Polygon", "coordinates": [ [ [ 77.437930354542033, 23.232900946925565 ], [ 77.438012954542032, 23.232914246921439 ], [ 77.438040254542031, 23.232771646965713 ], [ 77.437957654542032, 23.23275824696988 ], [ 77.437930354542033, 23.232900946925565 ] ] ] } },
{ "type": "Feature", "properties": { }, "geometry": { "type": "Polygon", "coordinates": [ [ [ 77.437628054542017, 23.233151446847771 ], [ 77.437750054542036, 23.233183146837934 ], [ 77.437773854542016, 23.233105946861905 ], [ 77.437651754542017, 23.233074346871724 ], [ 77.437628054542017, 23.233151446847771 ] ] ] } },
{ "type": "Feature", "properties": { }, "geometry": { "type": "Polygon", "coordinates": [ [ [ 77.437752454542021, 23.233877946622165 ], [ 77.437898654542025, 23.233889046618714 ], [ 77.43790845454204, 23.233779646652692 ], [ 77.437762254542037, 23.233768546656144 ], [ 77.437752454542021, 23.233877946622165 ] ] ] } },
{ "type": "Feature", "properties": { }, "geometry": { "type": "Polygon", "coordinates": [ [ [ 77.437866454542032, 23.23224144713036 ], [ 77.437987154542014, 23.232266147122687 ], [ 77.438006054542029, 23.232188347146849 ], [ 77.437885354542033, 23.232163547154556 ], [ 77.437866454542032, 23.23224144713036 ] ] ] } },
{ "type": "Feature", "properties": { }, "geometry": { "type": "Polygon", "coordinates": [ [ [ 77.437491854542031, 23.233615846703561 ], [ 77.437602554542025, 23.233619746702352 ], [ 77.437608454542016, 23.233477246746599 ], [ 77.437497754542051, 23.233473346747811 ], [ 77.437491854542031, 23.233615846703561 ] ] ] } },
{ "type": "Feature", "properties": { }, "geometry": { "type": "Polygon", "coordinates": [ [ [ 77.438316754542029, 23.231718947292613 ], [ 77.438315254542033, 23.231846847252893 ], [ 77.438403754542023, 23.231847647252643 ], [ 77.438405254542033, 23.231719847292325 ], [ 77.438316754542029, 23.231718947292613 ] ] ] } },
{ "type": "Feature", "properties": { }, "geometry": { "type": "Polygon", "coordinates": [ [ [ 77.437909154542027, 23.232086247178554 ], [ 77.438021554542019, 23.232109847171223 ], [ 77.438038254542022, 23.23204254719213 ], [ 77.43792585454203, 23.232018847199484 ], [ 77.437909154542027, 23.232086247178554 ] ] ] } },
{ "type": "Feature", "properties": { }, "geometry": { "type": "Polygon", "coordinates": [ [ [ 77.438335854542032, 23.233495046741073 ], [ 77.438412454542032, 23.233498646739957 ], [ 77.438420054542036, 23.233362546782217 ], [ 77.438343454542036, 23.233358946783344 ], [ 77.438335854542032, 23.233495046741073 ] ] ] } },
{ "type": "Feature", "properties": { }, "geometry": { "type": "Polygon", "coordinates": [ [ [ 77.437601054542014, 23.233246746818185 ], [ 77.437726654542018, 23.233279346808061 ], [ 77.437753854542038, 23.233190846835534 ], [ 77.43762825454202, 23.233158246845669 ], [ 77.437601054542014, 23.233246746818185 ] ] ] } },
{ "type": "Feature", "properties": { }, "geometry": { "type": "Polygon", "coordinates": [ [ [ 77.438942354542036, 23.231840447254879 ], [ 77.439050854542032, 23.231841547254536 ], [ 77.439052654542039, 23.23169364730046 ], [ 77.43894405454202, 23.231692547300806 ], [ 77.438942354542036, 23.231840447254879 ] ] ] } },
{ "type": "Feature", "properties": { }, "geometry": { "type": "Polygon", "coordinates": [ [ [ 77.437885054542022, 23.232159947155665 ], [ 77.438008154542032, 23.232186847147318 ], [ 77.438026854542031, 23.232114647169734 ], [ 77.437903754542035, 23.232087747178085 ], [ 77.437885054542022, 23.232159947155665 ] ] ] } },
{ "type": "Feature", "properties": { }, "geometry": { "type": "Polygon", "coordinates": [ [ [ 77.438137254542013, 23.232402247080429 ], [ 77.43821645454203, 23.232421247074527 ], [ 77.438255054542026, 23.232285447116698 ], [ 77.438175854542038, 23.232266447122594 ], [ 77.438137254542013, 23.232402247080429 ] ] ] } },
{ "type": "Feature", "properties": { }, "geometry": { "type": "Polygon", "coordinates": [ [ [ 77.438589854542016, 23.232453847064402 ], [ 77.438728654542032, 23.232471447058941 ], [ 77.438742954542036, 23.232375947088592 ], [ 77.438604154542034, 23.232358447094025 ], [ 77.438589854542016, 23.232453847064402 ] ] ] } },
{ "type": "Feature", "properties": { }, "geometry": { "type": "Polygon", "coordinates": [ [ [ 77.438449554542032, 23.233105846861935 ], [ 77.438569554542028, 23.233133846853242 ], [ 77.438595654542013, 23.233039146882646 ], [ 77.438475754542011, 23.233011146891346 ], [ 77.438449554542032, 23.233105846861935 ] ] ] } },
{ "type": "Feature", "properties": { }, "geometry": { "type": "Polygon", "coordinates": [ [ [ 77.438518954542033, 23.233490146742596 ], [ 77.438579854542027, 23.233492946741727 ], [ 77.438587554542039, 23.233353846784919 ], [ 77.438526754542039, 23.233350946785819 ], [ 77.438518954542033, 23.233490146742596 ] ] ] } },
{ "type": "Feature", "properties": { }, "geometry": { "type": "Polygon", "coordinates": [ [ [ 77.437749354542021, 23.233642446695299 ], [ 77.437828454542029, 23.233645246694429 ], [ 77.437834054542037, 23.233511646735916 ], [ 77.437754954542029, 23.23350884673679 ], [ 77.437749354542021, 23.233642446695299 ] ] ] } },
{ "type": "Feature", "properties": { }, "geometry": { "type": "Polygon", "coordinates": [ [ [ 77.435971454542013, 23.233257746814768 ], [ 77.436194054542014, 23.233302746800788 ], [ 77.436215654542039, 23.233212546828799 ], [ 77.435993054542038, 23.233167546842779 ], [ 77.435971454542013, 23.233257746814768 ] ] ] } },
{ "type": "Feature", "properties": { }, "geometry": { "type": "Polygon", "coordinates": [ [ [ 77.438743954542034, 23.232485147054689 ], [ 77.438897554542038, 23.232503647048937 ], [ 77.438914654542032, 23.232384047086079 ], [ 77.438760954542033, 23.232365547091828 ], [ 77.438743954542034, 23.232485147054689 ] ] ] } },
{ "type": "Feature", "properties": { }, "geometry": { "type": "Polygon", "coordinates": [ [ [ 77.437876254542033, 23.231647447314806 ], [ 77.437856654542031, 23.231725147290682 ], [ 77.43800085454204, 23.231755847281157 ], [ 77.438020454542027, 23.231678147305278 ], [ 77.437876254542033, 23.231647447314806 ] ] ] } },
{ "type": "Feature", "properties": { }, "geometry": { "type": "Polygon", "coordinates": [ [ [ 77.438590054542033, 23.233102846862867 ], [ 77.43854485454203, 23.233266246812128 ], [ 77.438703454542036, 23.233303246800638 ], [ 77.43874855454203, 23.23313984685138 ], [ 77.438590054542033, 23.233102846862867 ] ] ] } },
{ "type": "Feature", "properties": { }, "geometry": { "type": "Polygon", "coordinates": [ [ [ 77.438232054542027, 23.231851447251461 ], [ 77.438303854542013, 23.231852247251215 ], [ 77.438305554542026, 23.231707447296174 ], [ 77.43823375454204, 23.231706747296393 ], [ 77.438232054542027, 23.231851447251461 ] ] ] } },
{ "type": "Feature", "properties": { }, "geometry": { "type": "Polygon", "coordinates": [ [ [ 77.43836325454204, 23.231667547308568 ], [ 77.438442854542018, 23.231664347309568 ], [ 77.438436154542032, 23.231524247353068 ], [ 77.43835655454204, 23.231527447352072 ], [ 77.43836325454204, 23.231667547308568 ] ] ] } },
{ "type": "Feature", "properties": { }, "geometry": { "type": "Polygon", "coordinates": [ [ [ 77.438290754542038, 23.232825046949138 ], [ 77.438395354542038, 23.232848746941773 ], [ 77.438431954542025, 23.232712946983948 ], [ 77.438327354542025, 23.232689146991337 ], [ 77.438290754542038, 23.232825046949138 ] ] ] } },
{ "type": "Feature", "properties": { }, "geometry": { "type": "Polygon", "coordinates": [ [ [ 77.437517554542026, 23.232957946907867 ], [ 77.437638154542029, 23.232989246898153 ], [ 77.437668954542033, 23.232889146929228 ], [ 77.437548354542017, 23.232857846938956 ], [ 77.437517554542026, 23.232957946907867 ] ] ] } },
{ "type": "Feature", "properties": { }, "geometry": { "type": "Polygon", "coordinates": [ [ [ 77.438224554542018, 23.232421347074496 ], [ 77.438289854542035, 23.23243704706962 ], [ 77.438327954542018, 23.232303347111138 ], [ 77.438262654542015, 23.23228764711601 ], [ 77.438224554542018, 23.232421347074496 ] ] ] } },
{ "type": "Feature", "properties": { }, "geometry": { "type": "Polygon", "coordinates": [ [ [ 77.438236354542028, 23.233494046741384 ], [ 77.438325854542029, 23.233498246740076 ], [ 77.438333854542037, 23.233354646784679 ], [ 77.438244354542022, 23.233350446785977 ], [ 77.438236354542028, 23.233494046741384 ] ] ] } },
{ "type": "Feature", "properties": { }, "geometry": { "type": "Polygon", "coordinates": [ [ [ 77.437827854542036, 23.231813047263383 ], [ 77.437973754542014, 23.23184354725392 ], [ 77.437995054542029, 23.231757347280684 ], [ 77.43784925454203, 23.231726847290155 ], [ 77.437827854542036, 23.231813047263383 ] ] ] } },
{ "type": "Feature", "properties": { }, "geometry": { "type": "Polygon", "coordinates": [ [ [ 77.437963254542012, 23.233493246741634 ], [ 77.438060354542031, 23.233497846740203 ], [ 77.438068354542054, 23.23335364678498 ], [ 77.437971254542035, 23.233349146786381 ], [ 77.437963254542012, 23.233493246741634 ] ] ] } },
{ "type": "Feature", "properties": { }, "geometry": { "type": "Polygon", "coordinates": [ [ [ 77.438623454542039, 23.23228324711738 ], [ 77.438763754542038, 23.232303747111011 ], [ 77.438776854542013, 23.232227947134561 ], [ 77.438636654542023, 23.232207447140922 ], [ 77.438623454542039, 23.23228324711738 ] ] ] } },
{ "type": "Feature", "properties": { }, "geometry": { "type": "Polygon", "coordinates": [ [ [ 77.438690654542029, 23.232024247197806 ], [ 77.438813254542012, 23.232034547194608 ], [ 77.438824054542039, 23.23192634722821 ], [ 77.438701454542013, 23.231915947231435 ], [ 77.438690654542029, 23.232024247197806 ] ] ] } },
{ "type": "Feature", "properties": { }, "geometry": { "type": "Polygon", "coordinates": [ [ [ 77.437670354542036, 23.232965746905446 ], [ 77.437800354542034, 23.232999446894979 ], [ 77.43782435454203, 23.232921346919227 ], [ 77.437694354542018, 23.232887646929694 ], [ 77.437670354542036, 23.232965746905446 ] ] ] } },
{ "type": "Feature", "properties": { }, "geometry": { "type": "Polygon", "coordinates": [ [ [ 77.438411654542037, 23.231846947252858 ], [ 77.438485954542031, 23.231847747252615 ], [ 77.438487454542027, 23.231718647292702 ], [ 77.438413254542027, 23.231717947292925 ], [ 77.438411654542037, 23.231846947252858 ] ] ] } },
{ "type": "Feature", "properties": { }, "geometry": { "type": "Polygon", "coordinates": [ [ [ 77.437952454542028, 23.232744046974283 ], [ 77.438039154542039, 23.23276384696814 ], [ 77.438072654542026, 23.232639447006761 ], [ 77.437985954542029, 23.23261974701289 ], [ 77.437952454542028, 23.232744046974283 ] ] ] } },
{ "type": "Feature", "properties": { }, "geometry": { "type": "Polygon", "coordinates": [ [ [ 77.437393454542033, 23.233301346801227 ], [ 77.437385254542036, 23.233447646755796 ], [ 77.437517054542013, 23.233453846753864 ], [ 77.437525254542038, 23.233307546799299 ], [ 77.437393454542033, 23.233301346801227 ] ] ] } },
{ "type": "Feature", "properties": { }, "geometry": { "type": "Polygon", "coordinates": [ [ [ 77.43780855454203, 23.232512547046181 ], [ 77.437940154542034, 23.232535447039066 ], [ 77.437959154542014, 23.232443147067723 ], [ 77.437827554542039, 23.232420247074835 ], [ 77.43780855454203, 23.232512547046181 ] ] ] } },
{ "type": "Feature", "properties": { }, "geometry": { "type": "Polygon", "coordinates": [ [ [ 77.435413254542027, 23.233378246777345 ], [ 77.435505454542039, 23.233404746769114 ], [ 77.435534454542037, 23.233319546795574 ], [ 77.435442254542039, 23.233293046803801 ], [ 77.435413254542027, 23.233378246777345 ] ] ] } },
{ "type": "Feature", "properties": { }, "geometry": { "type": "Polygon", "coordinates": [ [ [ 77.438774254542039, 23.23236404709229 ], [ 77.438915654542029, 23.232379647087445 ], [ 77.438928754542033, 23.232279847118434 ], [ 77.438787254542035, 23.232264247123279 ], [ 77.438774254542039, 23.23236404709229 ] ] ] } },
{ "type": "Feature", "properties": { }, "geometry": { "type": "Polygon", "coordinates": [ [ [ 77.437646054542029, 23.233066646874107 ], [ 77.437770754542029, 23.233099046864048 ], [ 77.437795454542012, 23.233018446889073 ], [ 77.437670754542026, 23.232986146899112 ], [ 77.437646054542029, 23.233066646874107 ] ] ] } },
{ "type": "Feature", "properties": { }, "geometry": { "type": "Polygon", "coordinates": [ [ [ 77.437624754542014, 23.233449146755326 ], [ 77.437685954542033, 23.233452046754433 ], [ 77.437691854542038, 23.233346046787343 ], [ 77.437630654542033, 23.23334314678824 ], [ 77.437624754542014, 23.233449146755326 ] ] ] } },
{ "type": "Feature", "properties": { }, "geometry": { "type": "Polygon", "coordinates": [ [ [ 77.437834754542038, 23.232337247100613 ], [ 77.437956654542035, 23.232363547092444 ], [ 77.437979454542031, 23.232274047120242 ], [ 77.437857554542035, 23.232247747128405 ], [ 77.437834754542038, 23.232337247100613 ] ] ] } },
{ "type": "Feature", "properties": { }, "geometry": { "type": "Polygon", "coordinates": [ [ [ 77.43793885454204, 23.233899546615461 ], [ 77.438073654542038, 23.233906346613345 ], [ 77.438080554542026, 23.233790846649217 ], [ 77.437945754542014, 23.233784046651326 ], [ 77.43793885454204, 23.233899546615461 ] ] ] } },
{ "type": "Feature", "properties": { }, "geometry": { "type": "Polygon", "coordinates": [ [ [ 77.438589254542038, 23.233480146745698 ], [ 77.438673754542037, 23.233484146744463 ], [ 77.438680954542036, 23.23335574678433 ], [ 77.438596354542028, 23.233351746785576 ], [ 77.438589254542038, 23.233480146745698 ] ] ] } },
{ "type": "Feature", "properties": { }, "geometry": { "type": "Polygon", "coordinates": [ [ [ 77.438300354542037, 23.233653446691882 ], [ 77.438388054542017, 23.233656546690927 ], [ 77.438393754542034, 23.233520246733246 ], [ 77.438306054542039, 23.233517146734211 ], [ 77.438300354542037, 23.233653446691882 ] ] ] } },
{ "type": "Feature", "properties": { }, "geometry": { "type": "Polygon", "coordinates": [ [ [ 77.435314854542028, 23.233362046782375 ], [ 77.435402654542031, 23.233382746775945 ], [ 77.435427254542034, 23.233294946803213 ], [ 77.435339354542037, 23.233274246809643 ], [ 77.435314854542028, 23.233362046782375 ] ] ] } },
{ "type": "Feature", "properties": { }, "geometry": { "type": "Polygon", "coordinates": [ [ [ 77.438884254542032, 23.231649847314063 ], [ 77.438877554542017, 23.231508147358063 ], [ 77.438797754542037, 23.231511347357074 ], [ 77.438804454542023, 23.23165304731307 ], [ 77.438884254542032, 23.231649847314063 ] ] ] } },
{ "type": "Feature", "properties": { }, "geometry": { "type": "Polygon", "coordinates": [ [ [ 77.438530754542015, 23.231521947353784 ], [ 77.438537154542018, 23.231655947312163 ], [ 77.438616754542039, 23.231652747313166 ], [ 77.438610354542035, 23.231518747354784 ], [ 77.438530754542015, 23.231521947353784 ] ] ] } },
{ "type": "Feature", "properties": { }, "geometry": { "type": "Polygon", "coordinates": [ [ [ 77.438187554542026, 23.232934046915286 ], [ 77.438254154542037, 23.232944746911961 ], [ 77.438277154542035, 23.232824346949354 ], [ 77.438210554542039, 23.232813646952678 ], [ 77.438187554542026, 23.232934046915286 ] ] ] } },
{ "type": "Feature", "properties": { }, "geometry": { "type": "Polygon", "coordinates": [ [ [ 77.437620754542039, 23.232640847006337 ], [ 77.437598354542033, 23.232713846983668 ], [ 77.437733454542013, 23.232748846972804 ], [ 77.437755854542033, 23.232675846995463 ], [ 77.437620754542039, 23.232640847006337 ] ] ] } },
{ "type": "Feature", "properties": { }, "geometry": { "type": "Polygon", "coordinates": [ [ [ 77.438044354542029, 23.232379347087537 ], [ 77.438128054542034, 23.232399447081299 ], [ 77.438166454542028, 23.232264347123248 ], [ 77.438082754542037, 23.23224424712949 ], [ 77.438044354542029, 23.232379347087537 ] ] ] } },
{ "type": "Feature", "properties": { }, "geometry": { "type": "Polygon", "coordinates": [ [ [ 77.437964254542038, 23.231919947230196 ], [ 77.438068054542029, 23.231940047223951 ], [ 77.438084854542026, 23.231866447246812 ], [ 77.43798115454203, 23.231846447253016 ], [ 77.437964254542038, 23.231919947230196 ] ] ] } },
{ "type": "Feature", "properties": { }, "geometry": { "type": "Polygon", "coordinates": [ [ [ 77.437842254542048, 23.233652946692036 ], [ 77.437939154542036, 23.233656346690985 ], [ 77.437945054542027, 23.2335152467348 ], [ 77.43784805454203, 23.233511846735858 ], [ 77.437842254542048, 23.233652946692036 ] ] ] } },
{ "type": "Feature", "properties": { }, "geometry": { "type": "Polygon", "coordinates": [ [ [ 77.435088054542021, 23.233288946805079 ], [ 77.43517335454203, 23.233315246796909 ], [ 77.435202854542027, 23.233234346822034 ], [ 77.435277154542021, 23.233257246814919 ], [ 77.435333554542026, 23.233102746862897 ], [ 77.435260554542026, 23.233080246869893 ], [ 77.435285154542015, 23.233012946890788 ], [ 77.435198454542032, 23.23298624689907 ], [ 77.435088054542021, 23.233288946805079 ] ] ] } },
{ "type": "Feature", "properties": { }, "geometry": { "type": "Polygon", "coordinates": [ [ [ 77.435022354542028, 23.233271046810639 ], [ 77.435151754542034, 23.232973446903056 ], [ 77.435057254542031, 23.232938746913828 ], [ 77.435027154542027, 23.233007946892329 ], [ 77.434950654542035, 23.232979946901033 ], [ 77.434883254542029, 23.233135046852869 ], [ 77.43497635454203, 23.233169246842245 ], [ 77.434944454542034, 23.233242446819517 ], [ 77.435022354542028, 23.233271046810639 ] ] ] } },
{ "type": "Feature", "properties": { }, "geometry": { "type": "Polygon", "coordinates": [ [ [ 77.442892054542014, 23.237744845421219 ], [ 77.442790754542017, 23.237739045423019 ], [ 77.442783154542028, 23.237852045387918 ], [ 77.442884454542025, 23.23785784538612 ], [ 77.442892054542014, 23.237744845421219 ] ] ] } },
{ "type": "Feature", "properties": { }, "geometry": { "type": "Polygon", "coordinates": [ [ [ 77.443429554542021, 23.237348145544434 ], [ 77.443335954542036, 23.237344645545523 ], [ 77.443330854542012, 23.237459345509894 ], [ 77.44342455454202, 23.237462845508805 ], [ 77.443429554542021, 23.237348145544434 ] ] ] } },
{ "type": "Feature", "properties": { }, "geometry": { "type": "Polygon", "coordinates": [ [ [ 77.443378954542027, 23.237777745411002 ], [ 77.443372254542012, 23.237877545380002 ], [ 77.443477954542033, 23.237883545378139 ], [ 77.443484654542033, 23.237783745409136 ], [ 77.443378954542027, 23.237777745411002 ] ] ] } },
{ "type": "Feature", "properties": { }, "geometry": { "type": "Polygon", "coordinates": [ [ [ 77.442553654542039, 23.237934445362328 ], [ 77.442546754542036, 23.238034745331174 ], [ 77.442697554542036, 23.238043445328472 ], [ 77.44270435454203, 23.23794314535963 ], [ 77.442553654542039, 23.237934445362328 ] ] ] } },
{ "type": "Feature", "properties": { }, "geometry": { "type": "Polygon", "coordinates": [ [ [ 77.442793954542026, 23.236833145704384 ], [ 77.442676154542028, 23.236825745706678 ], [ 77.442669954542026, 23.23690954568065 ], [ 77.442787754542039, 23.236916845678387 ], [ 77.442793954542026, 23.236833145704384 ] ] ] } },
{ "type": "Feature", "properties": { }, "geometry": { "type": "Polygon", "coordinates": [ [ [ 77.443618254542031, 23.238423445210447 ], [ 77.443777254542027, 23.238420945211221 ], [ 77.443775854542039, 23.238349445233428 ], [ 77.443616954542037, 23.238351845232682 ], [ 77.443618254542031, 23.238423445210447 ] ] ] } },
{ "type": "Feature", "properties": { }, "geometry": { "type": "Polygon", "coordinates": [ [ [ 77.442711354542027, 23.23806404532208 ], [ 77.442704854542029, 23.238141145298123 ], [ 77.442840654542039, 23.238150845295113 ], [ 77.442847154542036, 23.238073745319063 ], [ 77.442711354542027, 23.23806404532208 ] ] ] } },
{ "type": "Feature", "properties": { }, "geometry": { "type": "Polygon", "coordinates": [ [ [ 77.443168654542021, 23.23731284555539 ], [ 77.443081954542023, 23.237311745555733 ], [ 77.443080254542039, 23.237431945518406 ], [ 77.44316705454203, 23.237432945518091 ], [ 77.443168654542021, 23.23731284555539 ] ] ] } },
{ "type": "Feature", "properties": { }, "geometry": { "type": "Polygon", "coordinates": [ [ [ 77.443052954542026, 23.237540245484766 ], [ 77.443040154542018, 23.237688045438862 ], [ 77.443140154542036, 23.237695445436557 ], [ 77.443153054542037, 23.237547645482465 ], [ 77.443052954542026, 23.237540245484766 ] ] ] } },
{ "type": "Feature", "properties": { }, "geometry": { "type": "Polygon", "coordinates": [ [ [ 77.443644054542034, 23.238554845169634 ], [ 77.443657954542033, 23.238619545149536 ], [ 77.443804154542036, 23.238593145157729 ], [ 77.443790254542037, 23.238528445177824 ], [ 77.443644054542034, 23.238554845169634 ] ] ] } },
{ "type": "Feature", "properties": { }, "geometry": { "type": "Polygon", "coordinates": [ [ [ 77.442104554542027, 23.238155745293589 ], [ 77.442100254542027, 23.23823884526778 ], [ 77.442228554542027, 23.238244445266037 ], [ 77.442232854542027, 23.238161245291877 ], [ 77.442104554542027, 23.238155745293589 ] ] ] } },
{ "type": "Feature", "properties": { }, "geometry": { "type": "Polygon", "coordinates": [ [ [ 77.442774654542035, 23.237726545426899 ], [ 77.442679854542035, 23.23772114542858 ], [ 77.442671454542037, 23.237846245389722 ], [ 77.442766154542028, 23.237851645388041 ], [ 77.442774654542035, 23.237726545426899 ] ] ] } },
{ "type": "Feature", "properties": { }, "geometry": { "type": "Polygon", "coordinates": [ [ [ 77.443619354542037, 23.237221945583627 ], [ 77.443611454542037, 23.237345945545112 ], [ 77.443694254542038, 23.237350445543715 ], [ 77.443702254542032, 23.237226445582227 ], [ 77.443619354542037, 23.237221945583627 ] ] ] } },
{ "type": "Feature", "properties": { }, "geometry": { "type": "Polygon", "coordinates": [ [ [ 77.442508054542017, 23.238500845186401 ], [ 77.442502054542032, 23.238589145158979 ], [ 77.44261285454202, 23.238595545156993 ], [ 77.442618954542027, 23.238507245184415 ], [ 77.442508054542017, 23.238500845186401 ] ] ] } },
{ "type": "Feature", "properties": { }, "geometry": { "type": "Polygon", "coordinates": [ [ [ 77.443629054542029, 23.23827984525505 ], [ 77.443628454542022, 23.238339245236599 ], [ 77.443772554542036, 23.238340445236226 ], [ 77.443773154542029, 23.238281145254643 ], [ 77.443629054542029, 23.23827984525505 ] ] ] } },
{ "type": "Feature", "properties": { }, "geometry": { "type": "Polygon", "coordinates": [ [ [ 77.442705454542036, 23.238157845292939 ], [ 77.442698754542036, 23.238236545268496 ], [ 77.442840054542032, 23.23824664526536 ], [ 77.442846754542018, 23.23816784528983 ], [ 77.442705454542036, 23.238157845292939 ] ] ] } },
{ "type": "Feature", "properties": { }, "geometry": { "type": "Polygon", "coordinates": [ [ [ 77.443162854542038, 23.237549845481787 ], [ 77.443150954542034, 23.237686445439358 ], [ 77.443263354542026, 23.23769474543678 ], [ 77.44327525454203, 23.237558045479236 ], [ 77.443162854542038, 23.237549845481787 ] ] ] } },
{ "type": "Feature", "properties": { }, "geometry": { "type": "Polygon", "coordinates": [ [ [ 77.442929954542038, 23.236920845677151 ], [ 77.442917454542027, 23.23709014562456 ], [ 77.443051154542033, 23.237098545621954 ], [ 77.44306365454203, 23.236929145674569 ], [ 77.442929954542038, 23.236920845677151 ] ] ] } },
{ "type": "Feature", "properties": { }, "geometry": { "type": "Polygon", "coordinates": [ [ [ 77.442113254542036, 23.238084245315804 ], [ 77.442110054542027, 23.238146545296448 ], [ 77.442235254542027, 23.23815204529474 ], [ 77.442238454542036, 23.238089645314126 ], [ 77.442113254542036, 23.238084245315804 ] ] ] } },
{ "type": "Feature", "properties": { }, "geometry": { "type": "Polygon", "coordinates": [ [ [ 77.442908154542025, 23.237165845601044 ], [ 77.442904154542035, 23.237282445564841 ], [ 77.44298865454202, 23.237284845564094 ], [ 77.442992654542039, 23.237168345600278 ], [ 77.442908154542025, 23.237165845601044 ] ] ] } },
{ "type": "Feature", "properties": { }, "geometry": { "type": "Polygon", "coordinates": [ [ [ 77.443705454542027, 23.237383345533498 ], [ 77.443624554542026, 23.237380145534487 ], [ 77.443619854542035, 23.237479945503495 ], [ 77.443700754542036, 23.237483145502502 ], [ 77.443705454542027, 23.237383345533498 ] ] ] } },
{ "type": "Feature", "properties": { }, "geometry": { "type": "Polygon", "coordinates": [ [ [ 77.442680254542026, 23.23839554521911 ], [ 77.442671154542026, 23.238503645185535 ], [ 77.442818354542013, 23.23851404518231 ], [ 77.442827454542027, 23.238405945215884 ], [ 77.442680254542026, 23.23839554521911 ] ] ] } },
{ "type": "Feature", "properties": { }, "geometry": { "type": "Polygon", "coordinates": [ [ [ 77.443176354542032, 23.237182445595895 ], [ 77.443087854542028, 23.237180445596511 ], [ 77.443084454542031, 23.237305845557572 ], [ 77.443173054542029, 23.237307845556945 ], [ 77.443176354542032, 23.237182445595895 ] ] ] } },
{ "type": "Feature", "properties": { }, "geometry": { "type": "Polygon", "coordinates": [ [ [ 77.442703754542038, 23.236507045805663 ], [ 77.44269885454203, 23.236573645784979 ], [ 77.442800054542033, 23.23658004578299 ], [ 77.442804954542012, 23.236513345803708 ], [ 77.442703754542038, 23.236507045805663 ] ] ] } },
{ "type": "Feature", "properties": { }, "geometry": { "type": "Polygon", "coordinates": [ [ [ 77.443626054542037, 23.238201045279521 ], [ 77.443625354542036, 23.238270345257998 ], [ 77.443791054542032, 23.238271645257601 ], [ 77.443791654542039, 23.238202245279144 ], [ 77.443626054542037, 23.238201045279521 ] ] ] } },
{ "type": "Feature", "properties": { }, "geometry": { "type": "Polygon", "coordinates": [ [ [ 77.442971954542031, 23.236085045936726 ], [ 77.442966154542034, 23.236163045912502 ], [ 77.443102554542023, 23.236171645909835 ], [ 77.443108354542034, 23.236093645934055 ], [ 77.442971954542031, 23.236085045936726 ] ] ] } },
{ "type": "Feature", "properties": { }, "geometry": { "type": "Polygon", "coordinates": [ [ [ 77.442995154542032, 23.23773244542507 ], [ 77.442904654542019, 23.237727245426687 ], [ 77.442896854542028, 23.237843045390722 ], [ 77.442987354542026, 23.237848145389137 ], [ 77.442995154542032, 23.23773244542507 ] ] ] } },
{ "type": "Feature", "properties": { }, "geometry": { "type": "Polygon", "coordinates": [ [ [ 77.443603454542028, 23.237778845410659 ], [ 77.443594454542023, 23.237912045369288 ], [ 77.44370205454203, 23.237918045367422 ], [ 77.443710954542027, 23.237784845408797 ], [ 77.443603454542028, 23.237778845410659 ] ] ] } },
{ "type": "Feature", "properties": { }, "geometry": { "type": "Polygon", "coordinates": [ [ [ 77.443286354542039, 23.237547245482588 ], [ 77.443274154542038, 23.237687645438982 ], [ 77.443384554542035, 23.237695745436465 ], [ 77.44339685454203, 23.237555345480075 ], [ 77.443286354542039, 23.237547245482588 ] ] ] } },
{ "type": "Feature", "properties": { }, "geometry": { "type": "Polygon", "coordinates": [ [ [ 77.44293295454203, 23.236668745755441 ], [ 77.442927154542033, 23.236747145731098 ], [ 77.443052354542033, 23.236754945728674 ], [ 77.44305815454203, 23.236676545753024 ], [ 77.44293295454203, 23.236668745755441 ] ] ] } },
{ "type": "Feature", "properties": { }, "geometry": { "type": "Polygon", "coordinates": [ [ [ 77.44360055454203, 23.237340645546759 ], [ 77.443607954542031, 23.237225445582535 ], [ 77.443533354542026, 23.237221345583812 ], [ 77.443525954542039, 23.237336645548005 ], [ 77.44360055454203, 23.237340645546759 ] ] ] } },
{ "type": "Feature", "properties": { }, "geometry": { "type": "Polygon", "coordinates": [ [ [ 77.443548254542037, 23.236312745866009 ], [ 77.443543754542034, 23.236402645838087 ], [ 77.443721454542029, 23.23641004583579 ], [ 77.443725954542032, 23.236320145863708 ], [ 77.443548254542037, 23.236312745866009 ] ] ] } },
{ "type": "Feature", "properties": { }, "geometry": { "type": "Polygon", "coordinates": [ [ [ 77.44312445454203, 23.236325345862095 ], [ 77.443121454542037, 23.236409445835978 ], [ 77.44325115454204, 23.236413345834769 ], [ 77.443254154542032, 23.236329245860883 ], [ 77.44312445454203, 23.236325345862095 ] ] ] } },
{ "type": "Feature", "properties": { }, "geometry": { "type": "Polygon", "coordinates": [ [ [ 77.442999754542015, 23.237173245598754 ], [ 77.443001054542037, 23.237289745562574 ], [ 77.443074054542038, 23.237288945562813 ], [ 77.443072654542036, 23.23717254559897 ], [ 77.442999754542015, 23.237173245598754 ] ] ] } },
{ "type": "Feature", "properties": { }, "geometry": { "type": "Polygon", "coordinates": [ [ [ 77.442498754542015, 23.238603045154662 ], [ 77.44249235454204, 23.238696945125493 ], [ 77.442626954542035, 23.238704645123104 ], [ 77.442633254542031, 23.238610845152238 ], [ 77.442498754542015, 23.238603045154662 ] ] ] } },
{ "type": "Feature", "properties": { }, "geometry": { "type": "Polygon", "coordinates": [ [ [ 77.44270405454202, 23.236413645834681 ], [ 77.442697854542033, 23.236497545808618 ], [ 77.442808654542034, 23.236504545806444 ], [ 77.442814854542021, 23.23642054583253 ], [ 77.44270405454202, 23.236413645834681 ] ] ] } },
{ "type": "Feature", "properties": { }, "geometry": { "type": "Polygon", "coordinates": [ [ [ 77.443094554542029, 23.236905145682023 ], [ 77.443229954542034, 23.236909245680753 ], [ 77.443234854542027, 23.236772545723202 ], [ 77.443099454542022, 23.236768445724476 ], [ 77.443094554542029, 23.236905145682023 ] ] ] } },
{ "type": "Feature", "properties": { }, "geometry": { "type": "Polygon", "coordinates": [ [ [ 77.443619954542029, 23.238100245310836 ], [ 77.443617854542026, 23.238187445283749 ], [ 77.443771454542031, 23.238190545282791 ], [ 77.443773554542034, 23.238103345309867 ], [ 77.443619954542029, 23.238100245310836 ] ] ] } },
{ "type": "Feature", "properties": { }, "geometry": { "type": "Polygon", "coordinates": [ [ [ 77.442199454542035, 23.237670445444326 ], [ 77.442090854542016, 23.237668545444919 ], [ 77.442088254542028, 23.237796445405195 ], [ 77.442196754542024, 23.237798345404599 ], [ 77.442199454542035, 23.237670445444326 ] ] ] } },
{ "type": "Feature", "properties": { }, "geometry": { "type": "Polygon", "coordinates": [ [ [ 77.443145654542036, 23.236175345908684 ], [ 77.443269654542036, 23.236179045907537 ], [ 77.443272454542026, 23.236100745931846 ], [ 77.443148454542026, 23.236097045933004 ], [ 77.443145654542036, 23.236175345908684 ] ] ] } },
{ "type": "Feature", "properties": { }, "geometry": { "type": "Polygon", "coordinates": [ [ [ 77.443134454542019, 23.238018945336083 ], [ 77.443149954542037, 23.238184645284615 ], [ 77.443201654542037, 23.238180645285862 ], [ 77.443186254542027, 23.238014845337361 ], [ 77.443134454542019, 23.238018945336083 ] ] ] } },
{ "type": "Feature", "properties": { }, "geometry": { "type": "Polygon", "coordinates": [ [ [ 77.44265735454205, 23.236863045695095 ], [ 77.442658154542016, 23.236781045720566 ], [ 77.442531354542027, 23.236780045720874 ], [ 77.442530554542031, 23.236862045695407 ], [ 77.44265735454205, 23.236863045695095 ] ] ] } },
{ "type": "Feature", "properties": { }, "geometry": { "type": "Polygon", "coordinates": [ [ [ 77.443194754542034, 23.237303445558315 ], [ 77.443318954542022, 23.237310145556236 ], [ 77.443327354542035, 23.237180245596576 ], [ 77.443203054542039, 23.237173545598665 ], [ 77.443194754542034, 23.237303445558315 ] ] ] } },
{ "type": "Feature", "properties": { }, "geometry": { "type": "Polygon", "coordinates": [ [ [ 77.442686054542037, 23.236652945760351 ], [ 77.442803854542035, 23.23666034575805 ], [ 77.442809154542033, 23.236588845780258 ], [ 77.442691354542021, 23.236581445782555 ], [ 77.442686054542037, 23.236652945760351 ] ] ] } },
{ "type": "Feature", "properties": { }, "geometry": { "type": "Polygon", "coordinates": [ [ [ 77.442552754542021, 23.236290645872874 ], [ 77.442555554542039, 23.236402045838272 ], [ 77.442763354542038, 23.236397745839614 ], [ 77.442760654542013, 23.236286245874243 ], [ 77.442552754542021, 23.236290645872874 ] ] ] } },
{ "type": "Feature", "properties": { }, "geometry": { "type": "Polygon", "coordinates": [ [ [ 77.442121654542035, 23.238001345341548 ], [ 77.442115954542032, 23.238074445318844 ], [ 77.442238654542038, 23.238082445316358 ], [ 77.442244354542026, 23.238009345339066 ], [ 77.442121654542035, 23.238001345341548 ] ] ] } },
{ "type": "Feature", "properties": { }, "geometry": { "type": "Polygon", "coordinates": [ [ [ 77.442528954542027, 23.236684845750432 ], [ 77.442528154542032, 23.236769545724137 ], [ 77.442656954542031, 23.236770545723825 ], [ 77.442657754542026, 23.236685945750096 ], [ 77.442528954542027, 23.236684845750432 ] ] ] } },
{ "type": "Feature", "properties": { }, "geometry": { "type": "Polygon", "coordinates": [ [ [ 77.443119254542026, 23.23648674581197 ], [ 77.443235854542039, 23.236490245810881 ], [ 77.443238454542026, 23.236417645833431 ], [ 77.443121854542014, 23.236414045834547 ], [ 77.443119254542026, 23.23648674581197 ] ] ] } },
{ "type": "Feature", "properties": { }, "geometry": { "type": "Polygon", "coordinates": [ [ [ 77.443214554542024, 23.236942745670341 ], [ 77.443102954542027, 23.236939445671368 ], [ 77.443097654542029, 23.237087645625344 ], [ 77.443209154542032, 23.237091045624286 ], [ 77.443214554542024, 23.236942745670341 ] ] ] } },
{ "type": "Feature", "properties": { }, "geometry": { "type": "Polygon", "coordinates": [ [ [ 77.443437754542018, 23.237209945587352 ], [ 77.443429154542031, 23.237343945545735 ], [ 77.443519854542032, 23.237348845544215 ], [ 77.443528454542033, 23.237214945585801 ], [ 77.443437754542018, 23.237209945587352 ] ] ] } },
{ "type": "Feature", "properties": { }, "geometry": { "type": "Polygon", "coordinates": [ [ [ 77.443374554542018, 23.236221545894331 ], [ 77.443519354542033, 23.236225245893181 ], [ 77.443521954542035, 23.236139545919801 ], [ 77.443377154542034, 23.236135845920945 ], [ 77.443374554542018, 23.236221545894331 ] ] ] } },
{ "type": "Feature", "properties": { }, "geometry": { "type": "Polygon", "coordinates": [ [ [ 77.442281254542038, 23.238115345306138 ], [ 77.442277754542033, 23.238178545286509 ], [ 77.442392554542025, 23.238183745284893 ], [ 77.442395954542036, 23.238120645304498 ], [ 77.442281254542038, 23.238115345306138 ] ] ] } },
{ "type": "Feature", "properties": { }, "geometry": { "type": "Polygon", "coordinates": [ [ [ 77.442797054542027, 23.23674644573131 ], [ 77.442680754542039, 23.236739145733576 ], [ 77.442674954542028, 23.236818345708976 ], [ 77.442791154542022, 23.236825645706709 ], [ 77.442797054542027, 23.23674644573131 ] ] ] } },
{ "type": "Feature", "properties": { }, "geometry": { "type": "Polygon", "coordinates": [ [ [ 77.442591654542014, 23.237531945487341 ], [ 77.442578554542038, 23.237683145440382 ], [ 77.442678954542018, 23.237690545438081 ], [ 77.442692054542036, 23.23753934548505 ], [ 77.442591654542014, 23.237531945487341 ] ] ] } },
{ "type": "Feature", "properties": { }, "geometry": { "type": "Polygon", "coordinates": [ [ [ 77.443363854542028, 23.236241345888182 ], [ 77.443355454542029, 23.236333145859671 ], [ 77.443515754542034, 23.236345445855857 ], [ 77.443524054542024, 23.236253645884361 ], [ 77.443363854542028, 23.236241345888182 ] ] ] } },
{ "type": "Feature", "properties": { }, "geometry": { "type": "Polygon", "coordinates": [ [ [ 77.442276554542033, 23.238186245284123 ], [ 77.442272754542032, 23.238255545262593 ], [ 77.442387154542033, 23.23826074526098 ], [ 77.442390954542034, 23.238191445282506 ], [ 77.442276554542033, 23.238186245284123 ] ] ] } },
{ "type": "Feature", "properties": { }, "geometry": { "type": "Polygon", "coordinates": [ [ [ 77.442926854542037, 23.237540045484828 ], [ 77.442810554542021, 23.237531545487464 ], [ 77.442797754542013, 23.237677845442029 ], [ 77.44291405454203, 23.237686345439382 ], [ 77.442926854542037, 23.237540045484828 ] ] ] } },
{ "type": "Feature", "properties": { }, "geometry": { "type": "Polygon", "coordinates": [ [ [ 77.443119454542028, 23.236504245806536 ], [ 77.443116354542028, 23.236589645780011 ], [ 77.443238454542026, 23.236593345778861 ], [ 77.443241454542033, 23.236507945805386 ], [ 77.443119454542028, 23.236504245806536 ] ] ] } },
{ "type": "Feature", "properties": { }, "geometry": { "type": "Polygon", "coordinates": [ [ [ 77.44266965454203, 23.23701134564903 ], [ 77.442664854542031, 23.237075745629035 ], [ 77.442778354542028, 23.23708284562683 ], [ 77.442783154542028, 23.237018445646829 ], [ 77.44266965454203, 23.23701134564903 ] ] ] } },
{ "type": "Feature", "properties": { }, "geometry": { "type": "Polygon", "coordinates": [ [ [ 77.443435554542035, 23.237378145535114 ], [ 77.443433854542022, 23.237457645510418 ], [ 77.443501954542029, 23.237458845510041 ], [ 77.443503654542027, 23.237379345534737 ], [ 77.443435554542035, 23.237378145535114 ] ] ] } },
{ "type": "Feature", "properties": { }, "geometry": { "type": "Polygon", "coordinates": [ [ [ 77.443353454542034, 23.23639414584073 ], [ 77.443348054542028, 23.236465945818427 ], [ 77.443499654542038, 23.236475445815479 ], [ 77.44350505454203, 23.236403645837772 ], [ 77.443353454542034, 23.23639414584073 ] ] ] } },
{ "type": "Feature", "properties": { }, "geometry": { "type": "Polygon", "coordinates": [ [ [ 77.443403954542035, 23.237563645477497 ], [ 77.443391454542024, 23.237707245432897 ], [ 77.443572754542032, 23.23772064542873 ], [ 77.443585254542029, 23.237576945473364 ], [ 77.443403954542035, 23.237563645477497 ] ] ] } },
{ "type": "Feature", "properties": { }, "geometry": { "type": "Polygon", "coordinates": [ [ [ 77.443338154542033, 23.237179945596672 ], [ 77.443329854542014, 23.23730974555636 ], [ 77.443412654542016, 23.237314245554959 ], [ 77.443421054542014, 23.237184445595272 ], [ 77.443338154542033, 23.237179945596672 ] ] ] } },
{ "type": "Feature", "properties": { }, "geometry": { "type": "Polygon", "coordinates": [ [ [ 77.443614254542027, 23.237378445535018 ], [ 77.443530354542034, 23.237373945536419 ], [ 77.443522954542033, 23.237491045500047 ], [ 77.443606854542026, 23.23749554549865 ], [ 77.443614254542027, 23.237378445535018 ] ] ] } },
{ "type": "Feature", "properties": { }, "geometry": { "type": "Polygon", "coordinates": [ [ [ 77.442546154542029, 23.238049845326486 ], [ 77.442540854542031, 23.23812804530219 ], [ 77.442678054542029, 23.238135945299739 ], [ 77.442683354542027, 23.238057745324031 ], [ 77.442546154542029, 23.238049845326486 ] ] ] } },
{ "type": "Feature", "properties": { }, "geometry": { "type": "Polygon", "coordinates": [ [ [ 77.442991154542028, 23.237326245551234 ], [ 77.442988454542032, 23.237419245522343 ], [ 77.443071154542039, 23.23742124552173 ], [ 77.443073754542027, 23.237328245550611 ], [ 77.442991154542028, 23.237326245551234 ] ] ] } },
{ "type": "Feature", "properties": { }, "geometry": { "type": "Polygon", "coordinates": [ [ [ 77.442795254542034, 23.237544445483465 ], [ 77.442697854542033, 23.237537345485663 ], [ 77.442685954542014, 23.237674145443176 ], [ 77.442783354542016, 23.237681345440937 ], [ 77.442795254542034, 23.237544445483465 ] ] ] } },
{ "type": "Feature", "properties": { }, "geometry": { "type": "Polygon", "coordinates": [ [ [ 77.443628654542024, 23.238000445341829 ], [ 77.443624854542037, 23.238090345313907 ], [ 77.443777054542039, 23.238095945312168 ], [ 77.443780854542027, 23.238005945340117 ], [ 77.443628654542024, 23.238000445341829 ] ] ] } },
{ "type": "Feature", "properties": { }, "geometry": { "type": "Polygon", "coordinates": [ [ [ 77.443352454542037, 23.236513345803708 ], [ 77.443348354542039, 23.236650145761228 ], [ 77.443484654542033, 23.236653545760163 ], [ 77.443488654542023, 23.23651674580265 ], [ 77.443352454542037, 23.236513345803708 ] ] ] } },
{ "type": "Feature", "properties": { }, "geometry": { "type": "Polygon", "coordinates": [ [ [ 77.443141154542033, 23.237744545421311 ], [ 77.443132654542026, 23.237871945381745 ], [ 77.443239054542019, 23.237877945379875 ], [ 77.443247654542034, 23.237750545419445 ], [ 77.443141154542033, 23.237744545421311 ] ] ] } },
{ "type": "Feature", "properties": { }, "geometry": { "type": "Polygon", "coordinates": [ [ [ 77.442963454542038, 23.236317145864643 ], [ 77.443082854542027, 23.236324645862314 ], [ 77.443093154542026, 23.236184945905702 ], [ 77.442973754542038, 23.23617744590803 ], [ 77.442963454542038, 23.236317145864643 ] ] ] } },
{ "type": "Feature", "properties": { }, "geometry": { "type": "Polygon", "coordinates": [ [ [ 77.442671954542021, 23.236912945679602 ], [ 77.442666354542027, 23.236989445655844 ], [ 77.442783254542036, 23.23699674565357 ], [ 77.442788954542024, 23.236920245677325 ], [ 77.442671954542021, 23.236912945679602 ] ] ] } },
{ "type": "Feature", "properties": { }, "geometry": { "type": "Polygon", "coordinates": [ [ [ 77.44318645454203, 23.237347645544585 ], [ 77.443185754542029, 23.237444345514547 ], [ 77.443301054542019, 23.237445045514331 ], [ 77.443301754542034, 23.237348345544369 ], [ 77.44318645454203, 23.237347645544585 ] ] ] } },
{ "type": "Feature", "properties": { }, "geometry": { "type": "Polygon", "coordinates": [ [ [ 77.442440154542027, 23.237697345435972 ], [ 77.44232305454203, 23.237689645438358 ], [ 77.442313054542026, 23.237819645397991 ], [ 77.442430054542029, 23.237827345395594 ], [ 77.442440154542027, 23.237697345435972 ] ] ] } },
{ "type": "Feature", "properties": { }, "geometry": { "type": "Polygon", "coordinates": [ [ [ 77.442680554542036, 23.236667345755873 ], [ 77.442679954542015, 23.236737745734015 ], [ 77.44281375454203, 23.23673864573373 ], [ 77.442814254542014, 23.236668345755565 ], [ 77.442680554542036, 23.236667345755873 ] ] ] } },
{ "type": "Feature", "properties": { }, "geometry": { "type": "Polygon", "coordinates": [ [ [ 77.442308054542039, 23.236976345659908 ], [ 77.442304654542028, 23.237077245628566 ], [ 77.442424254542033, 23.237080645627518 ], [ 77.44242765454203, 23.236979845658819 ], [ 77.442308054542039, 23.236976345659908 ] ] ] } },
{ "type": "Feature", "properties": { }, "geometry": { "type": "Polygon", "coordinates": [ [ [ 77.443341054542032, 23.236659345758365 ], [ 77.443341454542036, 23.236743445732241 ], [ 77.443496954542027, 23.236742845732429 ], [ 77.443496554542037, 23.23665874575855 ], [ 77.443341054542032, 23.236659345758365 ] ] ] } },
{ "type": "Feature", "properties": { }, "geometry": { "type": "Polygon", "coordinates": [ [ [ 77.443127854542027, 23.237737745423427 ], [ 77.443016854542037, 23.237731445425386 ], [ 77.443007754542037, 23.237866145383546 ], [ 77.443118754542013, 23.237872445381591 ], [ 77.443127854542027, 23.237737745423427 ] ] ] } },
{ "type": "Feature", "properties": { }, "geometry": { "type": "Polygon", "coordinates": [ [ [ 77.443679654542038, 23.238717645119063 ], [ 77.443695854542028, 23.238793345095548 ], [ 77.443866754542029, 23.238762545105114 ], [ 77.443850654542032, 23.23868684512863 ], [ 77.443679654542038, 23.238717645119063 ] ] ] } },
{ "type": "Feature", "properties": { }, "geometry": { "type": "Polygon", "coordinates": [ [ [ 77.443545454542019, 23.236239345888809 ], [ 77.443726054542026, 23.236253645884361 ], [ 77.44373555454203, 23.236152045915919 ], [ 77.443554954542023, 23.236137745920363 ], [ 77.443545454542019, 23.236239345888809 ] ] ] } },
{ "type": "Feature", "properties": { }, "geometry": { "type": "Polygon", "coordinates": [ [ [ 77.442285054542026, 23.238025045334183 ], [ 77.442281054542036, 23.238098945311233 ], [ 77.442397254542016, 23.238104245309593 ], [ 77.442401254542034, 23.23803034533254 ], [ 77.442285054542026, 23.238025045334183 ] ] ] } },
{ "type": "Feature", "properties": { }, "geometry": { "type": "Polygon", "coordinates": [ [ [ 77.443258454542033, 23.237742145422054 ], [ 77.443249354542019, 23.237876345380375 ], [ 77.443362454542026, 23.237882745378386 ], [ 77.443371454542017, 23.237748545420065 ], [ 77.443258454542033, 23.237742145422054 ] ] ] } },
{ "type": "Feature", "properties": { }, "geometry": { "type": "Polygon", "coordinates": [ [ [ 77.443132854542029, 23.236303845868772 ], [ 77.443242354542022, 23.236307145867752 ], [ 77.443246754542031, 23.236183245906226 ], [ 77.443137354542031, 23.236179845907291 ], [ 77.443132854542029, 23.236303845868772 ] ] ] } },
{ "type": "Feature", "properties": { }, "geometry": { "type": "Polygon", "coordinates": [ [ [ 77.442526754542016, 23.23686604569416 ], [ 77.442526154542037, 23.236926945675247 ], [ 77.442648154542027, 23.236927845674973 ], [ 77.442648754542034, 23.236867045693856 ], [ 77.442526754542016, 23.23686604569416 ] ] ] } },
{ "type": "Feature", "properties": { }, "geometry": { "type": "Polygon", "coordinates": [ [ [ 77.442723054542029, 23.237953445356428 ], [ 77.442715454542025, 23.238044345328195 ], [ 77.442871254542013, 23.238055445324747 ], [ 77.44287885454203, 23.23796454535298 ], [ 77.442723054542029, 23.237953445356428 ] ] ] } },
{ "type": "Feature", "properties": { }, "geometry": { "type": "Polygon", "coordinates": [ [ [ 77.443661554542018, 23.238636945144133 ], [ 77.443675054542027, 23.23870994512146 ], [ 77.443836654542025, 23.238684645129315 ], [ 77.443823154542031, 23.238611645151991 ], [ 77.443661554542018, 23.238636945144133 ] ] ] } },
{ "type": "Feature", "properties": { }, "geometry": { "type": "Polygon", "coordinates": [ [ [ 77.443518054542039, 23.2365922457792 ], [ 77.443516554542029, 23.236683645750809 ], [ 77.443698254542028, 23.236686045750073 ], [ 77.443699754542038, 23.236594645778457 ], [ 77.443518054542039, 23.2365922457792 ] ] ] } },
{ "type": "Feature", "properties": { }, "geometry": { "type": "Polygon", "coordinates": [ [ [ 77.442534454542027, 23.236618045771188 ], [ 77.442533954542014, 23.236680145751901 ], [ 77.442660654542024, 23.236681145751593 ], [ 77.442661254542017, 23.236619045770873 ], [ 77.442534454542027, 23.236618045771188 ] ] ] } },
{ "type": "Feature", "properties": { }, "geometry": { "type": "Polygon", "coordinates": [ [ [ 77.442940154542029, 23.23753204548731 ], [ 77.442929154542014, 23.237658945447897 ], [ 77.443008454542024, 23.237664845446066 ], [ 77.443019454542039, 23.237537945485478 ], [ 77.442940154542029, 23.23753204548731 ] ] ] } },
{ "type": "Feature", "properties": { }, "geometry": { "type": "Polygon", "coordinates": [ [ [ 77.443638754542022, 23.238544545172825 ], [ 77.443793654542034, 23.238522945179536 ], [ 77.443779554542033, 23.238437545206061 ], [ 77.443624654542035, 23.238459145199357 ], [ 77.443638754542022, 23.238544545172825 ] ] ] } },
{ "type": "Feature", "properties": { }, "geometry": { "type": "Polygon", "coordinates": [ [ [ 77.442903454542034, 23.237293745561328 ], [ 77.442898754542028, 23.237417545522874 ], [ 77.442976554542028, 23.2374200455221 ], [ 77.442981254542033, 23.237296245560547 ], [ 77.442903454542034, 23.237293745561328 ] ] ] } },
{ "type": "Feature", "properties": { }, "geometry": { "type": "Polygon", "coordinates": [ [ [ 77.44256935454203, 23.237728645426248 ], [ 77.442560354542039, 23.237862945384535 ], [ 77.442662354542037, 23.23786874538273 ], [ 77.442671354542028, 23.237734445424447 ], [ 77.44256935454203, 23.237728645426248 ] ] ] } },
{ "type": "Feature", "properties": { }, "geometry": { "type": "Polygon", "coordinates": [ [ [ 77.442674454542029, 23.236519345801842 ], [ 77.442548154542038, 23.236515945802896 ], [ 77.442545254542026, 23.236609745773766 ], [ 77.442671454542037, 23.236613145772708 ], [ 77.442674454542029, 23.236519345801842 ] ] ] } },
{ "type": "Feature", "properties": { }, "geometry": { "type": "Polygon", "coordinates": [ [ [ 77.442301954542017, 23.23794344535953 ], [ 77.44229815454203, 23.238015345337203 ], [ 77.442409254542028, 23.238020445335618 ], [ 77.442413154542024, 23.237948545357952 ], [ 77.442301954542017, 23.23794344535953 ] ] ] } },
{ "type": "Feature", "properties": { }, "geometry": { "type": "Polygon", "coordinates": [ [ [ 77.443707754542032, 23.236543145794457 ], [ 77.443713354542027, 23.236417945833335 ], [ 77.443539154542037, 23.236411245835424 ], [ 77.443532754542034, 23.236552845791437 ], [ 77.443654154542017, 23.236557445790012 ], [ 77.443654854542032, 23.236541045795104 ], [ 77.443707754542032, 23.236543145794457 ] ] ] } },
{ "type": "Feature", "properties": { }, "geometry": { "type": "Polygon", "coordinates": [ [ [ 77.442247054542037, 23.237923045365868 ], [ 77.442177354542039, 23.237918745367207 ], [ 77.442178754542013, 23.237899345373229 ], [ 77.442126554542028, 23.237896145374222 ], [ 77.442118954542039, 23.237998845342325 ], [ 77.442240954542029, 23.238006345339993 ], [ 77.442247054542037, 23.237923045365868 ] ] ] } },
{ "type": "Feature", "properties": { }, "geometry": { "type": "Polygon", "coordinates": [ [ [ 77.442951754542037, 23.236330345860541 ], [ 77.442941354542029, 23.236470345817061 ], [ 77.443056054542026, 23.236477545814825 ], [ 77.443059854542028, 23.236425245831068 ], [ 77.443077154542038, 23.236426345830733 ], [ 77.443080854542032, 23.236375945846383 ], [ 77.443058854542016, 23.236374645846787 ], [ 77.443061654542035, 23.236337245858401 ], [ 77.442951754542037, 23.236330345860541 ] ] ] } },
{ "type": "Feature", "properties": { }, "geometry": { "type": "Polygon", "coordinates": [ [ [ 77.443633154542013, 23.237577045473333 ], [ 77.443631554542023, 23.237716545430004 ], [ 77.44368745454203, 23.237717145429819 ], [ 77.443687354542035, 23.237733745424666 ], [ 77.443722454542026, 23.23773414542454 ], [ 77.443722954542039, 23.237693645437123 ], [ 77.443718154542026, 23.237693645437123 ], [ 77.44371945454202, 23.237577845473083 ], [ 77.443633154542013, 23.237577045473333 ] ] ] } },
{ "type": "Feature", "properties": { }, "geometry": { "type": "Polygon", "coordinates": [ [ [ 77.438528354542029, 23.238806745091388 ], [ 77.438678554542037, 23.238822145086608 ], [ 77.438688254542029, 23.23874284511124 ], [ 77.438538054542036, 23.238727345116054 ], [ 77.438528354542029, 23.238806745091388 ] ] ] } },
{ "type": "Feature", "properties": { }, "geometry": { "type": "Polygon", "coordinates": [ [ [ 77.438312654542031, 23.239096045001538 ], [ 77.438461454542036, 23.23911764499482 ], [ 77.438485254542016, 23.238979545037715 ], [ 77.438336454542025, 23.238957845044457 ], [ 77.438312654542031, 23.239096045001538 ] ] ] } },
{ "type": "Feature", "properties": { }, "geometry": { "type": "Polygon", "coordinates": [ [ [ 77.438968754542017, 23.238664945135433 ], [ 77.439024154542039, 23.238683345129722 ], [ 77.439068854542029, 23.238570145164879 ], [ 77.439013354542027, 23.238551645170624 ], [ 77.438968754542017, 23.238664945135433 ] ] ] } },
{ "type": "Feature", "properties": { }, "geometry": { "type": "Polygon", "coordinates": [ [ [ 77.438468354542039, 23.238493545188671 ], [ 77.438500754542019, 23.238391645220318 ], [ 77.438429154542035, 23.23837234522632 ], [ 77.438396654542032, 23.238474345194636 ], [ 77.438468354542039, 23.238493545188671 ] ] ] } },
{ "type": "Feature", "properties": { }, "geometry": { "type": "Polygon", "coordinates": [ [ [ 77.438094654542027, 23.23867094513357 ], [ 77.438074954542031, 23.238791145096236 ], [ 77.438231754542016, 23.238812845089498 ], [ 77.438251454542026, 23.238692645126832 ], [ 77.438094654542027, 23.23867094513357 ] ] ] } },
{ "type": "Feature", "properties": { }, "geometry": { "type": "Polygon", "coordinates": [ [ [ 77.438127254542039, 23.238562945167118 ], [ 77.438276054542015, 23.238583245160807 ], [ 77.438298654542038, 23.238444045204048 ], [ 77.438149754542039, 23.238423645210382 ], [ 77.438127254542039, 23.238562945167118 ] ] ] } },
{ "type": "Feature", "properties": { }, "geometry": { "type": "Polygon", "coordinates": [ [ [ 77.438898854542032, 23.238475345194328 ], [ 77.438978154542028, 23.238504445185285 ], [ 77.439032654542032, 23.238379345224143 ], [ 77.438953354542022, 23.238350145233213 ], [ 77.438898854542032, 23.238475345194328 ] ] ] } },
{ "type": "Feature", "properties": { }, "geometry": { "type": "Polygon", "coordinates": [ [ [ 77.438416754542033, 23.23834074523613 ], [ 77.438525654542019, 23.238368945227371 ], [ 77.438568754542032, 23.238228345271036 ], [ 77.438459854542032, 23.238200145279805 ], [ 77.438416754542033, 23.23834074523613 ] ] ] } },
{ "type": "Feature", "properties": { }, "geometry": { "type": "Polygon", "coordinates": [ [ [ 77.438029954542017, 23.238989845034521 ], [ 77.438016354542029, 23.239070045009605 ], [ 77.438185754542033, 23.239094245002086 ], [ 77.438199354542036, 23.239014045027002 ], [ 77.438029954542017, 23.238989845034521 ] ] ] } },
{ "type": "Feature", "properties": { }, "geometry": { "type": "Polygon", "coordinates": [ [ [ 77.439028154542029, 23.238689245127887 ], [ 77.43906795454204, 23.238701645124035 ], [ 77.439109854542025, 23.238588145159284 ], [ 77.439069954542035, 23.238575745163139 ], [ 77.439028154542029, 23.238689245127887 ] ] ] } },
{ "type": "Feature", "properties": { }, "geometry": { "type": "Polygon", "coordinates": [ [ [ 77.438982554542036, 23.238513545182464 ], [ 77.439082854542022, 23.238550445170997 ], [ 77.439141754542021, 23.23841534521296 ], [ 77.439041354542027, 23.238378345224454 ], [ 77.438982554542036, 23.238513545182464 ] ] ] } },
{ "type": "Feature", "properties": { }, "geometry": { "type": "Polygon", "coordinates": [ [ [ 77.436349254542037, 23.242031544089667 ], [ 77.436333054542018, 23.242127644059813 ], [ 77.436467154542029, 23.24214674405388 ], [ 77.43648335454202, 23.242050644083736 ], [ 77.436349254542037, 23.242031544089667 ] ] ] } },
{ "type": "Feature", "properties": { }, "geometry": { "type": "Polygon", "coordinates": [ [ [ 77.439097754542033, 23.238545845172425 ], [ 77.439205454542034, 23.238585345160157 ], [ 77.439260354542014, 23.238458945199419 ], [ 77.439152654542013, 23.238419445211687 ], [ 77.439097754542033, 23.238545845172425 ] ] ] } },
{ "type": "Feature", "properties": { }, "geometry": { "type": "Polygon", "coordinates": [ [ [ 77.439124954542038, 23.238728745115619 ], [ 77.439171554542028, 23.238602545154819 ], [ 77.439117654542017, 23.238585745160037 ], [ 77.439071154542034, 23.238711945120837 ], [ 77.439124954542038, 23.238728745115619 ] ] ] } },
{ "type": "Feature", "properties": { }, "geometry": { "type": "Polygon", "coordinates": [ [ [ 77.436373154542039, 23.241939244118345 ], [ 77.436357354542039, 23.242030044090139 ], [ 77.436486754542031, 23.242049044084233 ], [ 77.436502554542031, 23.241958244112443 ], [ 77.436373154542039, 23.241939244118345 ] ] ] } },
{ "type": "Feature", "properties": { }, "geometry": { "type": "Polygon", "coordinates": [ [ [ 77.439224254542012, 23.238583545160715 ], [ 77.439300754542032, 23.23860854515295 ], [ 77.439353654542032, 23.23847174519544 ], [ 77.43927725454202, 23.238446745203209 ], [ 77.439224254542012, 23.238583545160715 ] ] ] } },
{ "type": "Feature", "properties": { }, "geometry": { "type": "Polygon", "coordinates": [ [ [ 77.43835305454202, 23.238858545075299 ], [ 77.438497854542021, 23.238877345069461 ], [ 77.438507954542047, 23.238811445089926 ], [ 77.438363154542017, 23.238792645095767 ], [ 77.43835305454202, 23.238858545075299 ] ] ] } },
{ "type": "Feature", "properties": { }, "geometry": { "type": "Polygon", "coordinates": [ [ [ 77.43639445454204, 23.241826244153447 ], [ 77.436375754542027, 23.241936144119311 ], [ 77.436503854542039, 23.241954544113593 ], [ 77.436522454542029, 23.241844644147733 ], [ 77.43639445454204, 23.241826244153447 ] ] ] } },
{ "type": "Feature", "properties": { }, "geometry": { "type": "Polygon", "coordinates": [ [ [ 77.438099754542037, 23.238662445136207 ], [ 77.438256554542022, 23.238684145129476 ], [ 77.438272754542012, 23.238585445160126 ], [ 77.438115854542033, 23.238563745166868 ], [ 77.438099754542037, 23.238662445136207 ] ] ] } },
{ "type": "Feature", "properties": { }, "geometry": { "type": "Polygon", "coordinates": [ [ [ 77.438494654542026, 23.239057845013392 ], [ 77.438486354542022, 23.23913764498861 ], [ 77.438614254542031, 23.239148844985131 ], [ 77.438622554542036, 23.239069045009916 ], [ 77.438494654542026, 23.239057845013392 ] ] ] } },
{ "type": "Feature", "properties": { }, "geometry": { "type": "Polygon", "coordinates": [ [ [ 77.438537354542035, 23.238722345117605 ], [ 77.438700354542036, 23.23873994511214 ], [ 77.438710154542022, 23.238662945136056 ], [ 77.438547154542036, 23.238645345141521 ], [ 77.438537354542035, 23.238722345117605 ] ] ] } },
{ "type": "Feature", "properties": { }, "geometry": { "type": "Polygon", "coordinates": [ [ [ 77.43880115454202, 23.238602745154751 ], [ 77.438865654542028, 23.23862274514854 ], [ 77.438907854542023, 23.238508145184138 ], [ 77.438843354542016, 23.238488145190352 ], [ 77.43880115454202, 23.238602745154751 ] ] ] } },
{ "type": "Feature", "properties": { }, "geometry": { "type": "Polygon", "coordinates": [ [ [ 77.438432754542021, 23.239326844929838 ], [ 77.43856825454202, 23.23934934492285 ], [ 77.438587754542027, 23.239250344953604 ], [ 77.438452254542028, 23.239227844960592 ], [ 77.438432754542021, 23.239326844929838 ] ] ] } },
{ "type": "Feature", "properties": { }, "geometry": { "type": "Polygon", "coordinates": [ [ [ 77.438911854542027, 23.238618845149752 ], [ 77.438949054542036, 23.238514545182149 ], [ 77.43891085454203, 23.238503045185723 ], [ 77.438873654542022, 23.238607345153326 ], [ 77.438911854542027, 23.238618845149752 ] ] ] } },
{ "type": "Feature", "properties": { }, "geometry": { "type": "Polygon", "coordinates": [ [ [ 77.438199954542029, 23.238179245286293 ], [ 77.438325654542027, 23.238197245280702 ], [ 77.438337054542032, 23.238129645301701 ], [ 77.438211454542028, 23.238111645307292 ], [ 77.438199954542029, 23.238179245286293 ] ] ] } },
{ "type": "Feature", "properties": { }, "geometry": { "type": "Polygon", "coordinates": [ [ [ 77.438655854542034, 23.238555545169415 ], [ 77.438733754542028, 23.238578745162208 ], [ 77.43877585454203, 23.23845954519923 ], [ 77.43869805454203, 23.238436245206465 ], [ 77.438655854542034, 23.238555545169415 ] ] ] } },
{ "type": "Feature", "properties": { }, "geometry": { "type": "Polygon", "coordinates": [ [ [ 77.438908054542026, 23.238635045144719 ], [ 77.438967054542033, 23.238654645138634 ], [ 77.439009954542016, 23.238545745172459 ], [ 77.438951054542017, 23.238526045178574 ], [ 77.438908054542026, 23.238635045144719 ] ] ] } },
{ "type": "Feature", "properties": { }, "geometry": { "type": "Polygon", "coordinates": [ [ [ 77.438483654542026, 23.238494245188452 ], [ 77.438568854542012, 23.238517145181341 ], [ 77.438604954542029, 23.238403645216597 ], [ 77.438519754542028, 23.238380745223711 ], [ 77.438483654542026, 23.238494245188452 ] ] ] } },
{ "type": "Feature", "properties": { }, "geometry": { "type": "Polygon", "coordinates": [ [ [ 77.438736454542038, 23.238587145159595 ], [ 77.438795654542034, 23.238603645154473 ], [ 77.438834154542036, 23.238487045190688 ], [ 77.438775054542035, 23.23847054519582 ], [ 77.438736454542038, 23.238587145159595 ] ] ] } },
{ "type": "Feature", "properties": { }, "geometry": { "type": "Polygon", "coordinates": [ [ [ 77.438682154542036, 23.238400845217463 ], [ 77.438760454542034, 23.238421145211152 ], [ 77.438797054542022, 23.238301645248274 ], [ 77.438718854542032, 23.238281345254581 ], [ 77.438682154542036, 23.238400845217463 ] ] ] } },
{ "type": "Feature", "properties": { }, "geometry": { "type": "Polygon", "coordinates": [ [ [ 77.438383554542028, 23.238695545125928 ], [ 77.438512754542032, 23.238712345120714 ], [ 77.438526354542034, 23.238623545148293 ], [ 77.438397154542017, 23.238606745153515 ], [ 77.438383554542028, 23.238695545125928 ] ] ] } },
{ "type": "Feature", "properties": { }, "geometry": { "type": "Polygon", "coordinates": [ [ [ 77.438155854542032, 23.238420145211471 ], [ 77.438307854542032, 23.238441945204695 ], [ 77.438320854542027, 23.238365345228491 ], [ 77.438168854542027, 23.23834354523526 ], [ 77.438155854542032, 23.238420145211471 ] ] ] } },
{ "type": "Feature", "properties": { }, "geometry": { "type": "Polygon", "coordinates": [ [ [ 77.438169954542033, 23.238341345235948 ], [ 77.438323154542033, 23.238363245229142 ], [ 77.438335554542036, 23.238289545252034 ], [ 77.43818245454203, 23.238267645258833 ], [ 77.438169954542033, 23.238341345235948 ] ] ] } },
{ "type": "Feature", "properties": { }, "geometry": { "type": "Polygon", "coordinates": [ [ [ 77.438035554542026, 23.239225644961277 ], [ 77.438149354542034, 23.239241244956428 ], [ 77.438158954542033, 23.239182044974815 ], [ 77.438045054542044, 23.239166544979632 ], [ 77.438035554542026, 23.239225644961277 ] ] ] } },
{ "type": "Feature", "properties": { }, "geometry": { "type": "Polygon", "coordinates": [ [ [ 77.439190754542025, 23.238710845121183 ], [ 77.439227554542029, 23.238610845152238 ], [ 77.439177654542036, 23.238595345157044 ], [ 77.439140754542038, 23.238695245126021 ], [ 77.439190754542025, 23.238710845121183 ] ] ] } },
{ "type": "Feature", "properties": { }, "geometry": { "type": "Polygon", "coordinates": [ [ [ 77.438004554542033, 23.238258645261631 ], [ 77.438152254542032, 23.238281645254489 ], [ 77.438170654542049, 23.238181845285485 ], [ 77.438022954542035, 23.238158845292631 ], [ 77.438004554542033, 23.238258645261631 ] ] ] } },
{ "type": "Feature", "properties": { }, "geometry": { "type": "Polygon", "coordinates": [ [ [ 77.439190754542025, 23.238725045116766 ], [ 77.439280254542027, 23.238752845108131 ], [ 77.439322854542027, 23.238637545143945 ], [ 77.439233254542032, 23.238609645152611 ], [ 77.439190754542025, 23.238725045116766 ] ] ] } },
{ "type": "Feature", "properties": { }, "geometry": { "type": "Polygon", "coordinates": [ [ [ 77.438266154542035, 23.239298544938631 ], [ 77.438424654542032, 23.23932254493117 ], [ 77.438441154542033, 23.239230944959626 ], [ 77.438282654542036, 23.23920694496708 ], [ 77.438266154542035, 23.239298544938631 ] ] ] } },
{ "type": "Feature", "properties": { }, "geometry": { "type": "Polygon", "coordinates": [ [ [ 77.43850735454204, 23.238879745068719 ], [ 77.438665554542027, 23.238898645062843 ], [ 77.438675754542047, 23.238825945085427 ], [ 77.438517554542031, 23.238807045091296 ], [ 77.43850735454204, 23.238879745068719 ] ] ] } },
{ "type": "Feature", "properties": { }, "geometry": { "type": "Polygon", "coordinates": [ [ [ 77.438044554542032, 23.238899245062658 ], [ 77.438029854542037, 23.238986345035602 ], [ 77.438196154542013, 23.239010145028214 ], [ 77.438210854542035, 23.238923045055266 ], [ 77.438044554542032, 23.238899245062658 ] ] ] } },
{ "type": "Feature", "properties": { }, "geometry": { "type": "Polygon", "coordinates": [ [ [ 77.438551354542014, 23.23837404522579 ], [ 77.438664254542033, 23.23840324521672 ], [ 77.438708554542032, 23.238258545261665 ], [ 77.438595754542035, 23.238229245270759 ], [ 77.438551354542014, 23.23837404522579 ] ] ] } },
{ "type": "Feature", "properties": { }, "geometry": { "type": "Polygon", "coordinates": [ [ [ 77.437893054542016, 23.238820045087266 ], [ 77.438044854542028, 23.238837745081764 ], [ 77.438057454542033, 23.23874634511014 ], [ 77.437905654542021, 23.238728645115646 ], [ 77.437893054542016, 23.238820045087266 ] ] ] } },
{ "type": "Feature", "properties": { }, "geometry": { "type": "Polygon", "coordinates": [ [ [ 77.438072954542037, 23.238792845095706 ], [ 77.438054854542031, 23.238893045064579 ], [ 77.438214054542016, 23.238917445056998 ], [ 77.438232154542035, 23.238817245088125 ], [ 77.438072954542037, 23.238792845095706 ] ] ] } },
{ "type": "Feature", "properties": { }, "geometry": { "type": "Polygon", "coordinates": [ [ [ 77.438010554542032, 23.23814964529549 ], [ 77.438172054542036, 23.238175445287474 ], [ 77.438197254542033, 23.238041845328972 ], [ 77.438035754542014, 23.238016045336988 ], [ 77.438010554542032, 23.23814964529549 ] ] ] } },
{ "type": "Feature", "properties": { }, "geometry": { "type": "Polygon", "coordinates": [ [ [ 77.437864554542031, 23.239022445024389 ], [ 77.437844754542027, 23.23916674497957 ], [ 77.437985154542034, 23.239182944974537 ], [ 77.438004954542038, 23.239038645019356 ], [ 77.437864554542031, 23.239022445024389 ] ] ] } },
{ "type": "Feature", "properties": { }, "geometry": { "type": "Polygon", "coordinates": [ [ [ 77.438337654542025, 23.238950945046597 ], [ 77.438489454542037, 23.238970645040485 ], [ 77.438503254542027, 23.238880945068345 ], [ 77.438351354542036, 23.238861245074464 ], [ 77.438337654542025, 23.238950945046597 ] ] ] } },
{ "type": "Feature", "properties": { }, "geometry": { "type": "Polygon", "coordinates": [ [ [ 77.437864054542032, 23.239017645025879 ], [ 77.438004154542028, 23.239036445020041 ], [ 77.438021254542036, 23.238929245053345 ], [ 77.437881154542026, 23.238910445059179 ], [ 77.437864054542032, 23.239017645025879 ] ] ] } },
{ "type": "Feature", "properties": { }, "geometry": { "type": "Polygon", "coordinates": [ [ [ 77.43797755454203, 23.238368645227464 ], [ 77.437958054542037, 23.238482445192119 ], [ 77.438130054542015, 23.238507345184384 ], [ 77.438149554542036, 23.238393545219733 ], [ 77.43797755454203, 23.238368645227464 ] ] ] } },
{ "type": "Feature", "properties": { }, "geometry": { "type": "Polygon", "coordinates": [ [ [ 77.43818205454204, 23.23826244526045 ], [ 77.438346154542032, 23.238285945253157 ], [ 77.438359554542032, 23.238207245277597 ], [ 77.438195354542017, 23.238183745284893 ], [ 77.43818205454204, 23.23826244526045 ] ] ] } },
{ "type": "Feature", "properties": { }, "geometry": { "type": "Polygon", "coordinates": [ [ [ 77.436527754542027, 23.241981144105328 ], [ 77.436651654542032, 23.241999244099706 ], [ 77.436672554542014, 23.241878644137163 ], [ 77.436548654542023, 23.241860544142789 ], [ 77.436527754542027, 23.241981144105328 ] ] ] } },
{ "type": "Feature", "properties": { }, "geometry": { "type": "Polygon", "coordinates": [ [ [ 77.438578454542039, 23.238519845180502 ], [ 77.438653354542026, 23.238539945174256 ], [ 77.438689654542031, 23.238426145209612 ], [ 77.43861475454203, 23.238406045215854 ], [ 77.438578454542039, 23.238519845180502 ] ] ] } },
{ "type": "Feature", "properties": { }, "geometry": { "type": "Polygon", "coordinates": [ [ [ 77.437918454542029, 23.238678445131239 ], [ 77.438080154542035, 23.238699245124774 ], [ 77.438093354542033, 23.238612245151806 ], [ 77.437931654542027, 23.238591445158264 ], [ 77.437918454542029, 23.238678445131239 ] ] ] } },
{ "type": "Feature", "properties": { }, "geometry": { "type": "Polygon", "coordinates": [ [ [ 77.438361054542028, 23.238783645098565 ], [ 77.438518954542033, 23.238804145092192 ], [ 77.438532054542023, 23.238719045118625 ], [ 77.438374154542032, 23.238698545124997 ], [ 77.438361054542028, 23.238783645098565 ] ] ] } },
{ "type": "Feature", "properties": { }, "geometry": { "type": "Polygon", "coordinates": [ [ [ 77.438002354542036, 23.239157644982395 ], [ 77.438172554542035, 23.239182044974815 ], [ 77.438186954542033, 23.239097145001189 ], [ 77.438016754542033, 23.239072745008766 ], [ 77.438002354542036, 23.239157644982395 ] ] ] } },
{ "type": "Feature", "properties": { }, "geometry": { "type": "Polygon", "coordinates": [ [ [ 77.437886054542034, 23.238908545059768 ], [ 77.438035254542029, 23.238925545054489 ], [ 77.438046054542028, 23.238845645079309 ], [ 77.437896854542032, 23.238828645084588 ], [ 77.437886054542034, 23.238908545059768 ] ] ] } },
{ "type": "Feature", "properties": { }, "geometry": { "type": "Polygon", "coordinates": [ [ [ 77.438281754542032, 23.239203444968172 ], [ 77.438445054542029, 23.239227844960592 ], [ 77.438463554542039, 23.239123044993139 ], [ 77.438300254542028, 23.239098745000689 ], [ 77.438281754542032, 23.239203444968172 ] ] ] } },
{ "type": "Feature", "properties": { }, "geometry": { "type": "Polygon", "coordinates": [ [ [ 77.43845845454203, 23.239219744963105 ], [ 77.438598654542034, 23.239243144955836 ], [ 77.438615054542026, 23.23916034498156 ], [ 77.438474854542036, 23.239136944988825 ], [ 77.43845845454203, 23.239219744963105 ] ] ] } },
{ "type": "Feature", "properties": { }, "geometry": { "type": "Polygon", "coordinates": [ [ [ 77.438498154542032, 23.238973345039643 ], [ 77.438489354542014, 23.239053045014884 ], [ 77.438635054542033, 23.239066645010656 ], [ 77.438643854542022, 23.238986945035418 ], [ 77.438498154542032, 23.238973345039643 ] ] ] } },
{ "type": "Feature", "properties": { }, "geometry": { "type": "Polygon", "coordinates": [ [ [ 77.436510354542023, 23.242062144080169 ], [ 77.43663525454204, 23.242080444074478 ], [ 77.436648854542028, 23.242001844098894 ], [ 77.436523954542025, 23.241983544104581 ], [ 77.436510354542023, 23.242062144080169 ] ] ] } },
{ "type": "Feature", "properties": { }, "geometry": { "type": "Polygon", "coordinates": [ [ [ 77.437941654542016, 23.238589045159006 ], [ 77.438091654542035, 23.238607945153138 ], [ 77.438104354542034, 23.238522545179663 ], [ 77.437954454542037, 23.238503645185535 ], [ 77.437941654542016, 23.238589045159006 ] ] ] } },
{ "type": "Feature", "properties": { }, "geometry": { "type": "Polygon", "coordinates": [ [ [ 77.438776654542025, 23.238451345201781 ], [ 77.438875554542037, 23.238476945193828 ], [ 77.438914754542026, 23.238349045233548 ], [ 77.438815854542028, 23.238323445241502 ], [ 77.438776654542025, 23.238451345201781 ] ] ] } },
{ "type": "Feature", "properties": { }, "geometry": { "type": "Polygon", "coordinates": [ [ [ 77.437980254542026, 23.238361645229642 ], [ 77.438148054542026, 23.238386645221876 ], [ 77.438165654542033, 23.238286945252845 ], [ 77.437997954542027, 23.238261845260642 ], [ 77.437980254542026, 23.238361645229642 ] ] ] } },
{ "type": "Feature", "properties": { }, "geometry": { "type": "Polygon", "coordinates": [ [ [ 77.438513954542032, 23.238885745066849 ], [ 77.438502154542022, 23.238966845041656 ], [ 77.438657054542034, 23.238985845035756 ], [ 77.43866885454203, 23.23890464506098 ], [ 77.438513954542032, 23.238885745066849 ] ] ] } },
{ "type": "Feature", "properties": { }, "geometry": { "type": "Polygon", "coordinates": [ [ [ 77.429525354542037, 23.23436854646981 ], [ 77.429496354542039, 23.234374646467916 ], [ 77.42947175454205, 23.234389946463164 ], [ 77.42945485454203, 23.2344123464562 ], [ 77.429447854542019, 23.234438946447952 ], [ 77.429451754542015, 23.23446594643956 ], [ 77.429466054542033, 23.234489946432106 ], [ 77.429488754542035, 23.234507446426676 ], [ 77.42951685454203, 23.234516346423906 ], [ 77.429546554542029, 23.234515246424248 ], [ 77.429573854542014, 23.234504346427634 ], [ 77.429594954542026, 23.234485146433599 ], [ 77.429607154542026, 23.234460246441337 ], [ 77.429608654542037, 23.234433046449777 ], [ 77.429599354542034, 23.23440704645785 ], [ 77.429580554542028, 23.234385946464407 ], [ 77.429554654542031, 23.234372546468563 ], [ 77.429525354542037, 23.23436854646981 ] ] ] } },
{ "type": "Feature", "properties": { }, "geometry": { "type": "Polygon", "coordinates": [ [ [ 77.432777054542015, 23.229250448059091 ], [ 77.432966654542028, 23.229050848121062 ], [ 77.432906154542039, 23.22900234813612 ], [ 77.432716554542012, 23.229201848074183 ], [ 77.432777054542015, 23.229250448059091 ] ] ] } },
{ "type": "Feature", "properties": { }, "geometry": { "type": "Polygon", "coordinates": [ [ [ 77.428589254542032, 23.235509746115401 ], [ 77.428615754542022, 23.235633546076958 ], [ 77.428752254542033, 23.235608846084631 ], [ 77.428725854542037, 23.235485146123036 ], [ 77.428589254542032, 23.235509746115401 ] ] ] } },
{ "type": "Feature", "properties": { }, "geometry": { "type": "Polygon", "coordinates": [ [ [ 77.43053495454204, 23.228937948156119 ], [ 77.430670454542039, 23.228729648220789 ], [ 77.43060285454203, 23.228692548232306 ], [ 77.430467354542017, 23.22890084816764 ], [ 77.43053495454204, 23.228937948156119 ] ] ] } },
{ "type": "Feature", "properties": { }, "geometry": { "type": "Polygon", "coordinates": [ [ [ 77.425728154542014, 23.228327648345608 ], [ 77.425812954542039, 23.228326948345817 ], [ 77.425812454542026, 23.228276848361372 ], [ 77.42572765454203, 23.228277548361159 ], [ 77.425728154542014, 23.228327648345608 ] ] ] } },
{ "type": "Feature", "properties": { }, "geometry": { "type": "Polygon", "coordinates": [ [ [ 77.426579054542017, 23.228954648150925 ], [ 77.42658045454202, 23.229111148102344 ], [ 77.426668054542034, 23.22911044810256 ], [ 77.426666654542032, 23.228953948151148 ], [ 77.426579054542017, 23.228954648150925 ] ] ] } },
{ "type": "Feature", "properties": { }, "geometry": { "type": "Polygon", "coordinates": [ [ [ 77.429308854542029, 23.228708148227465 ], [ 77.429386354542032, 23.22874694821542 ], [ 77.429462154542037, 23.228619448255003 ], [ 77.429384654542019, 23.228580548267075 ], [ 77.429308854542029, 23.228708148227465 ] ] ] } },
{ "type": "Feature", "properties": { }, "geometry": { "type": "Polygon", "coordinates": [ [ [ 77.427141454542038, 23.229816847883232 ], [ 77.427140554542021, 23.229933347847052 ], [ 77.427352054542027, 23.229934647846651 ], [ 77.427352854542022, 23.229818147882821 ], [ 77.427141454542038, 23.229816847883232 ] ] ] } },
{ "type": "Feature", "properties": { }, "geometry": { "type": "Polygon", "coordinates": [ [ [ 77.431423854542032, 23.229934047846839 ], [ 77.43161825454203, 23.229889947860528 ], [ 77.431600854542012, 23.229825247880619 ], [ 77.431406454542028, 23.229869347866927 ], [ 77.431423854542032, 23.229934047846839 ] ] ] } },
{ "type": "Feature", "properties": { }, "geometry": { "type": "Polygon", "coordinates": [ [ [ 77.432190954542037, 23.23746384550849 ], [ 77.432249954542016, 23.237673345443419 ], [ 77.432443554542033, 23.237627245457741 ], [ 77.43238455454204, 23.237417745522812 ], [ 77.432190954542037, 23.23746384550849 ] ] ] } },
{ "type": "Feature", "properties": { }, "geometry": { "type": "Polygon", "coordinates": [ [ [ 77.426311354542023, 23.2294040480114 ], [ 77.426310554542027, 23.229489847984759 ], [ 77.426398454542024, 23.229490447984574 ], [ 77.426399254542019, 23.229404648011212 ], [ 77.426311354542023, 23.2294040480114 ] ] ] } },
{ "type": "Feature", "properties": { }, "geometry": { "type": "Polygon", "coordinates": [ [ [ 77.426004754542021, 23.230062247807027 ], [ 77.426075154542033, 23.230098847795666 ], [ 77.42614455454202, 23.229986047830682 ], [ 77.426074154542022, 23.229949447842049 ], [ 77.426004754542021, 23.230062247807027 ] ] ] } },
{ "type": "Feature", "properties": { }, "geometry": { "type": "Polygon", "coordinates": [ [ [ 77.425790554542033, 23.229324148036202 ], [ 77.425918854542019, 23.229373248020966 ], [ 77.425970054542034, 23.229260348056016 ], [ 77.425841754542034, 23.229211148071297 ], [ 77.425790554542033, 23.229324148036202 ] ] ] } },
{ "type": "Feature", "properties": { }, "geometry": { "type": "Polygon", "coordinates": [ [ [ 77.425422954542029, 23.228365748333776 ], [ 77.425636154542019, 23.228357148336446 ], [ 77.425633154542027, 23.228294848355787 ], [ 77.425419954542022, 23.228303548353079 ], [ 77.425422954542029, 23.228365748333776 ] ] ] } },
{ "type": "Feature", "properties": { }, "geometry": { "type": "Polygon", "coordinates": [ [ [ 77.43089345454203, 23.228144248402543 ], [ 77.43072445454203, 23.228325448346283 ], [ 77.430788154542029, 23.228375648330697 ], [ 77.430957154542028, 23.228194448386954 ], [ 77.43089345454203, 23.228144248402543 ] ] ] } },
{ "type": "Feature", "properties": { }, "geometry": { "type": "Polygon", "coordinates": [ [ [ 77.431843554542027, 23.229335648032638 ], [ 77.43193765454204, 23.229420848006178 ], [ 77.431991454542029, 23.229370748021736 ], [ 77.431897354542031, 23.229285548048189 ], [ 77.431843554542027, 23.229335648032638 ] ] ] } },
{ "type": "Feature", "properties": { }, "geometry": { "type": "Polygon", "coordinates": [ [ [ 77.431134054542028, 23.228544848278169 ], [ 77.431224354542039, 23.228626248252894 ], [ 77.431357454542038, 23.228501448291635 ], [ 77.431267154542027, 23.228420048316913 ], [ 77.431134054542028, 23.228544848278169 ] ] ] } },
{ "type": "Feature", "properties": { }, "geometry": { "type": "Polygon", "coordinates": [ [ [ 77.431503654542027, 23.236460745820047 ], [ 77.431518254542027, 23.236575345784445 ], [ 77.431735454542036, 23.236551945791724 ], [ 77.431720854542036, 23.236437245827343 ], [ 77.431503654542027, 23.236460745820047 ] ] ] } },
{ "type": "Feature", "properties": { }, "geometry": { "type": "Polygon", "coordinates": [ [ [ 77.432494054542033, 23.237641245453393 ], [ 77.432795654542019, 23.237640045453766 ], [ 77.432794154542037, 23.237329345550268 ], [ 77.432492454542029, 23.237330645549861 ], [ 77.432494054542033, 23.237641245453393 ] ] ] } },
{ "type": "Feature", "properties": { }, "geometry": { "type": "Polygon", "coordinates": [ [ [ 77.431596154542035, 23.229013448132669 ], [ 77.431537554542032, 23.229069248115348 ], [ 77.431628754542032, 23.229150048090261 ], [ 77.431687354542035, 23.22909414810762 ], [ 77.431596154542035, 23.229013448132669 ] ] ] } },
{ "type": "Feature", "properties": { }, "geometry": { "type": "Polygon", "coordinates": [ [ [ 77.431650454542037, 23.229145248091758 ], [ 77.43174505454202, 23.229226648066476 ], [ 77.431789254542039, 23.229183248079959 ], [ 77.431694754542036, 23.229101848105227 ], [ 77.431650454542037, 23.229145248091758 ] ] ] } },
{ "type": "Feature", "properties": { }, "geometry": { "type": "Polygon", "coordinates": [ [ [ 77.426298754542017, 23.228178448391926 ], [ 77.426335654542029, 23.22821854837947 ], [ 77.426428954542033, 23.228146048401978 ], [ 77.426392054542021, 23.228105948414434 ], [ 77.426298754542017, 23.228178448391926 ] ] ] } },
{ "type": "Feature", "properties": { }, "geometry": { "type": "Polygon", "coordinates": [ [ [ 77.424205354542039, 23.229198548075203 ], [ 77.424343454542026, 23.229210948071351 ], [ 77.424355854542029, 23.229093648107778 ], [ 77.424217754542028, 23.229081348111592 ], [ 77.424205354542039, 23.229198548075203 ] ] ] } },
{ "type": "Feature", "properties": { }, "geometry": { "type": "Polygon", "coordinates": [ [ [ 77.426591854542053, 23.229492547983916 ], [ 77.426591854542053, 23.229594847952157 ], [ 77.426646154542027, 23.229594847952157 ], [ 77.426646154542027, 23.229492547983916 ], [ 77.426591854542053, 23.229492547983916 ] ] ] } },
{ "type": "Feature", "properties": { }, "geometry": { "type": "Polygon", "coordinates": [ [ [ 77.426214354542026, 23.230155947777931 ], [ 77.426296254542038, 23.230205347762602 ], [ 77.426344854542037, 23.230137247783741 ], [ 77.426263054542034, 23.23008784779908 ], [ 77.426214354542026, 23.230155947777931 ] ] ] } },
{ "type": "Feature", "properties": { }, "geometry": { "type": "Polygon", "coordinates": [ [ [ 77.430317354542026, 23.23056214765181 ], [ 77.430636454542039, 23.230606347638087 ], [ 77.430661754542029, 23.230451747686082 ], [ 77.430342654542031, 23.230407547699812 ], [ 77.430317354542026, 23.23056214765181 ] ] ] } },
{ "type": "Feature", "properties": { }, "geometry": { "type": "Polygon", "coordinates": [ [ [ 77.429594054542022, 23.234903246303759 ], [ 77.429681154542024, 23.234968846283383 ], [ 77.42971025454203, 23.234936246293504 ], [ 77.429623154542028, 23.23487064631388 ], [ 77.429594054542022, 23.234903246303759 ] ] ] } },
{ "type": "Feature", "properties": { }, "geometry": { "type": "Polygon", "coordinates": [ [ [ 77.431153754542038, 23.236489745811035 ], [ 77.431310254542026, 23.236469745817253 ], [ 77.431278954542037, 23.236262445881632 ], [ 77.431122354542012, 23.236282445875421 ], [ 77.431153754542038, 23.236489745811035 ] ] ] } },
{ "type": "Feature", "properties": { }, "geometry": { "type": "Polygon", "coordinates": [ [ [ 77.431470254542035, 23.231866747246716 ], [ 77.43152155454203, 23.231904547234976 ], [ 77.43187455454202, 23.231500547360422 ], [ 77.431823254542039, 23.231462747372159 ], [ 77.431470254542035, 23.231866747246716 ] ] ] } },
{ "type": "Feature", "properties": { }, "geometry": { "type": "Polygon", "coordinates": [ [ [ 77.425003854542027, 23.229175148082472 ], [ 77.425157854542036, 23.229181448080514 ], [ 77.425161154542039, 23.229113348101659 ], [ 77.42500715454203, 23.22910714810358 ], [ 77.425003854542027, 23.229175148082472 ] ] ] } },
{ "type": "Feature", "properties": { }, "geometry": { "type": "Polygon", "coordinates": [ [ [ 77.427569954542037, 23.22969844791999 ], [ 77.427734854542038, 23.229699447919678 ], [ 77.427735654542019, 23.229588647954078 ], [ 77.427570754542032, 23.229587647954393 ], [ 77.427569954542037, 23.22969844791999 ] ] ] } },
{ "type": "Feature", "properties": { }, "geometry": { "type": "Polygon", "coordinates": [ [ [ 77.426225954542033, 23.228222148378361 ], [ 77.426262454542027, 23.228261748366055 ], [ 77.426323654542031, 23.228214148380843 ], [ 77.426287154542038, 23.228174448393165 ], [ 77.426225954542033, 23.228222148378361 ] ] ] } },
{ "type": "Feature", "properties": { }, "geometry": { "type": "Polygon", "coordinates": [ [ [ 77.430752754542027, 23.229051748120781 ], [ 77.430865754542012, 23.229122648098773 ], [ 77.430974054542034, 23.228976948144005 ], [ 77.430861054542021, 23.228906048166021 ], [ 77.430752754542027, 23.229051748120781 ] ] ] } },
{ "type": "Feature", "properties": { }, "geometry": { "type": "Polygon", "coordinates": [ [ [ 77.42953025454203, 23.230289847736358 ], [ 77.429741554542034, 23.23042124769556 ], [ 77.429839554542028, 23.230288147736893 ], [ 77.429628254542024, 23.230156747777684 ], [ 77.42953025454203, 23.230289847736358 ] ] ] } },
{ "type": "Feature", "properties": { }, "geometry": { "type": "Polygon", "coordinates": [ [ [ 77.42964945454203, 23.229434348001988 ], [ 77.430057454542037, 23.229625847942529 ], [ 77.430158154542028, 23.229444647998793 ], [ 77.429750254542029, 23.229253148058248 ], [ 77.42964945454203, 23.229434348001988 ] ] ] } },
{ "type": "Feature", "properties": { }, "geometry": { "type": "Polygon", "coordinates": [ [ [ 77.429542254542028, 23.234720046360646 ], [ 77.429610554542023, 23.23474724635221 ], [ 77.42963445454204, 23.23469644636798 ], [ 77.429566254542024, 23.23466924637642 ], [ 77.429542254542028, 23.234720046360646 ] ] ] } },
{ "type": "Feature", "properties": { }, "geometry": { "type": "Polygon", "coordinates": [ [ [ 77.425008254542036, 23.228928148159163 ], [ 77.425256054542032, 23.228903148166921 ], [ 77.425242554542038, 23.228790448201913 ], [ 77.424994854542035, 23.228815348194182 ], [ 77.425008254542036, 23.228928148159163 ] ] ] } },
{ "type": "Feature", "properties": { }, "geometry": { "type": "Polygon", "coordinates": [ [ [ 77.424400754542035, 23.22920174807421 ], [ 77.424518854542029, 23.229214148070355 ], [ 77.42453375454204, 23.229095248107281 ], [ 77.424415654542017, 23.229082748111153 ], [ 77.424400754542035, 23.22920174807421 ] ] ] } },
{ "type": "Feature", "properties": { }, "geometry": { "type": "Polygon", "coordinates": [ [ [ 77.424603054542018, 23.228954248151052 ], [ 77.424798154542032, 23.228940848155219 ], [ 77.424788054542034, 23.228817348193559 ], [ 77.424593054542029, 23.228830748189395 ], [ 77.424603054542018, 23.228954248151052 ] ] ] } },
{ "type": "Feature", "properties": { }, "geometry": { "type": "Polygon", "coordinates": [ [ [ 77.430167154542033, 23.231548447345549 ], [ 77.430330554542039, 23.231568047339461 ], [ 77.430352054542027, 23.231417047386358 ], [ 77.430188654542036, 23.231397447392443 ], [ 77.430167154542033, 23.231548447345549 ] ] ] } },
{ "type": "Feature", "properties": { }, "geometry": { "type": "Polygon", "coordinates": [ [ [ 77.429962354542027, 23.228180248391364 ], [ 77.430135754542036, 23.228323748346817 ], [ 77.430198754542033, 23.228259448366778 ], [ 77.430025454542033, 23.228115948411332 ], [ 77.429962354542027, 23.228180248391364 ] ] ] } },
{ "type": "Feature", "properties": { }, "geometry": { "type": "Polygon", "coordinates": [ [ [ 77.426643454542017, 23.230063447806661 ], [ 77.426723754542039, 23.22994204784435 ], [ 77.426584654542026, 23.229864347868475 ], [ 77.426504354542033, 23.229985747830785 ], [ 77.426643454542017, 23.230063447806661 ] ] ] } },
{ "type": "Feature", "properties": { }, "geometry": { "type": "Polygon", "coordinates": [ [ [ 77.431901254542026, 23.228949448152544 ], [ 77.431996054542026, 23.229044348123086 ], [ 77.432065554542035, 23.228985648141308 ], [ 77.431970754542021, 23.228890848170739 ], [ 77.431901254542026, 23.228949448152544 ] ] ] } },
{ "type": "Feature", "properties": { }, "geometry": { "type": "Polygon", "coordinates": [ [ [ 77.424662354542022, 23.228627248252582 ], [ 77.424902454542035, 23.22862384825364 ], [ 77.424901754542034, 23.228577548268017 ], [ 77.424661554542027, 23.228580848266983 ], [ 77.424662354542022, 23.228627248252582 ] ] ] } },
{ "type": "Feature", "properties": { }, "geometry": { "type": "Polygon", "coordinates": [ [ [ 77.426897354542035, 23.229307948041235 ], [ 77.427079854542029, 23.22929964804381 ], [ 77.427075154542038, 23.229210648071447 ], [ 77.426892554542036, 23.229218848068903 ], [ 77.426897354542035, 23.229307948041235 ] ] ] } },
{ "type": "Feature", "properties": { }, "geometry": { "type": "Polygon", "coordinates": [ [ [ 77.425338954542013, 23.228883748172944 ], [ 77.425578454542034, 23.228875448175522 ], [ 77.425573854542037, 23.228761548210883 ], [ 77.425334354542031, 23.228769748208336 ], [ 77.425338954542013, 23.228883748172944 ] ] ] } },
{ "type": "Feature", "properties": { }, "geometry": { "type": "Polygon", "coordinates": [ [ [ 77.432287354542026, 23.229284448048535 ], [ 77.43231985454203, 23.229312548039807 ], [ 77.43236125454203, 23.229272048052383 ], [ 77.432328754542027, 23.22924404806108 ], [ 77.432287354542026, 23.229284448048535 ] ] ] } },
{ "type": "Feature", "properties": { }, "geometry": { "type": "Polygon", "coordinates": [ [ [ 77.424855654542029, 23.229384648017415 ], [ 77.424855354542032, 23.229239048062627 ], [ 77.424738154542027, 23.229239348062531 ], [ 77.424738454542037, 23.229384948017326 ], [ 77.424855654542029, 23.229384648017415 ] ] ] } },
{ "type": "Feature", "properties": { }, "geometry": { "type": "Polygon", "coordinates": [ [ [ 77.42970315454204, 23.230139947782899 ], [ 77.429876654542028, 23.230250047748719 ], [ 77.430031654542034, 23.230043847812745 ], [ 77.429858154542032, 23.229933747846932 ], [ 77.42970315454204, 23.230139947782899 ] ] ] } },
{ "type": "Feature", "properties": { }, "geometry": { "type": "Polygon", "coordinates": [ [ [ 77.431009754542032, 23.236681645751439 ], [ 77.431031454542037, 23.23689054568656 ], [ 77.431166154542026, 23.236878745690223 ], [ 77.431144554542016, 23.236669845755099 ], [ 77.431009754542032, 23.236681645751439 ] ] ] } },
{ "type": "Feature", "properties": { }, "geometry": { "type": "Polygon", "coordinates": [ [ [ 77.428608054542039, 23.229963347837742 ], [ 77.428717654542012, 23.229688347923123 ], [ 77.428626354542033, 23.229657647932655 ], [ 77.428516754542031, 23.229932647847271 ], [ 77.428608054542039, 23.229963347837742 ] ] ] } },
{ "type": "Feature", "properties": { }, "geometry": { "type": "Polygon", "coordinates": [ [ [ 77.425168354542038, 23.229073848113924 ], [ 77.42515915454203, 23.229212248070951 ], [ 77.425327854542019, 23.229221648068034 ], [ 77.425337054542027, 23.229083248110999 ], [ 77.425168354542038, 23.229073848113924 ] ] ] } },
{ "type": "Feature", "properties": { }, "geometry": { "type": "Polygon", "coordinates": [ [ [ 77.428879354542033, 23.23518594621596 ], [ 77.429004854542029, 23.235080846248604 ], [ 77.428895954542014, 23.234971046282702 ], [ 77.428770454542033, 23.235076146250062 ], [ 77.428879354542033, 23.23518594621596 ] ] ] } },
{ "type": "Feature", "properties": { }, "geometry": { "type": "Polygon", "coordinates": [ [ [ 77.431090254542042, 23.236125245924239 ], [ 77.431096554542037, 23.236221545894331 ], [ 77.431209054542023, 23.236215345896255 ], [ 77.431202754542028, 23.236119045926173 ], [ 77.431090254542042, 23.236125245924239 ] ] ] } },
{ "type": "Feature", "properties": { }, "geometry": { "type": "Polygon", "coordinates": [ [ [ 77.427313954542015, 23.229988547829919 ], [ 77.427198154542026, 23.23008664779945 ], [ 77.427367754542033, 23.230255647746983 ], [ 77.427483554542036, 23.230157547777441 ], [ 77.427313954542015, 23.229988547829919 ] ] ] } },
{ "type": "Feature", "properties": { }, "geometry": { "type": "Polygon", "coordinates": [ [ [ 77.427279754542013, 23.229651247934637 ], [ 77.427478754542037, 23.229648847935387 ], [ 77.427477254542026, 23.229543347968146 ], [ 77.427278254542031, 23.229545647967434 ], [ 77.427279754542013, 23.229651247934637 ] ] ] } },
{ "type": "Feature", "properties": { }, "geometry": { "type": "Polygon", "coordinates": [ [ [ 77.432162754542034, 23.229355148026581 ], [ 77.432195654542028, 23.229392648014937 ], [ 77.432224354542015, 23.229371448021521 ], [ 77.43219155454203, 23.229333848033196 ], [ 77.432162754542034, 23.229355148026581 ] ] ] } },
{ "type": "Feature", "properties": { }, "geometry": { "type": "Polygon", "coordinates": [ [ [ 77.428198354542019, 23.231488747364086 ], [ 77.428264354542037, 23.231483747365647 ], [ 77.428256654542025, 23.231398847392004 ], [ 77.428190654542036, 23.231403947390419 ], [ 77.428198354542019, 23.231488747364086 ] ] ] } },
{ "type": "Feature", "properties": { }, "geometry": { "type": "Polygon", "coordinates": [ [ [ 77.424455354542033, 23.229867447867512 ], [ 77.424604154542038, 23.229858347870337 ], [ 77.424596754542037, 23.229756847901857 ], [ 77.424448054542026, 23.22976584789906 ], [ 77.424455354542033, 23.229867447867512 ] ] ] } },
{ "type": "Feature", "properties": { }, "geometry": { "type": "Polygon", "coordinates": [ [ [ 77.428748354542023, 23.229576647957806 ], [ 77.428866354542023, 23.229310448040458 ], [ 77.428780854542012, 23.229278448050394 ], [ 77.428662854542011, 23.229544647967746 ], [ 77.428748354542023, 23.229576647957806 ] ] ] } },
{ "type": "Feature", "properties": { }, "geometry": { "type": "Polygon", "coordinates": [ [ [ 77.43260405454204, 23.229448447997608 ], [ 77.432725654542025, 23.229325748035709 ], [ 77.43265735454203, 23.229268548053469 ], [ 77.43253575454203, 23.229391248015375 ], [ 77.43260405454204, 23.229448447997608 ] ] ] } },
{ "type": "Feature", "properties": { }, "geometry": { "type": "Polygon", "coordinates": [ [ [ 77.426264254542033, 23.229631647940728 ], [ 77.426263954542037, 23.229698647919925 ], [ 77.42641295454203, 23.22969924791974 ], [ 77.426413254542013, 23.229632247940547 ], [ 77.426264254542033, 23.229631647940728 ] ] ] } },
{ "type": "Feature", "properties": { }, "geometry": { "type": "Polygon", "coordinates": [ [ [ 77.430863654542037, 23.228863348179278 ], [ 77.430965154542037, 23.228929548158721 ], [ 77.431045254542028, 23.228825848190919 ], [ 77.430943754542028, 23.228759648211472 ], [ 77.430863654542037, 23.228863348179278 ] ] ] } },
{ "type": "Feature", "properties": { }, "geometry": { "type": "Polygon", "coordinates": [ [ [ 77.425418454542012, 23.229276348051044 ], [ 77.425529954542029, 23.229328548034843 ], [ 77.425582054542033, 23.229234748063959 ], [ 77.425470554542017, 23.229182548080171 ], [ 77.425418454542012, 23.229276348051044 ] ] ] } },
{ "type": "Feature", "properties": { }, "geometry": { "type": "Polygon", "coordinates": [ [ [ 77.426418854542035, 23.23030144773276 ], [ 77.426421354542029, 23.230409147699316 ], [ 77.426561354542045, 23.230406447700155 ], [ 77.426558854542023, 23.230298747733599 ], [ 77.426418854542035, 23.23030144773276 ] ] ] } },
{ "type": "Feature", "properties": { }, "geometry": { "type": "Polygon", "coordinates": [ [ [ 77.424162854542033, 23.22893944815565 ], [ 77.424392754542026, 23.228946448153479 ], [ 77.424395954542035, 23.228858048180918 ], [ 77.424166054542013, 23.228850948183133 ], [ 77.424162854542033, 23.22893944815565 ] ] ] } },
{ "type": "Feature", "properties": { }, "geometry": { "type": "Polygon", "coordinates": [ [ [ 77.431294054542036, 23.228407448320823 ], [ 77.431374954542036, 23.228479948298311 ], [ 77.431511054542028, 23.228351748338124 ], [ 77.431430154542028, 23.228279248360632 ], [ 77.431294054542036, 23.228407448320823 ] ] ] } },
{ "type": "Feature", "properties": { }, "geometry": { "type": "Polygon", "coordinates": [ [ [ 77.431974254542027, 23.229684747924235 ], [ 77.432038954542037, 23.229795647889809 ], [ 77.432147854542023, 23.229741947906483 ], [ 77.432083154542013, 23.229631047940913 ], [ 77.431974254542027, 23.229684747924235 ] ] ] } },
{ "type": "Feature", "properties": { }, "geometry": { "type": "Polygon", "coordinates": [ [ [ 77.42666765454203, 23.229485047986248 ], [ 77.426667554542021, 23.229295148045214 ], [ 77.426544954542038, 23.229295148045214 ], [ 77.426544954542038, 23.229485047986248 ], [ 77.42666765454203, 23.229485047986248 ] ] ] } },
{ "type": "Feature", "properties": { }, "geometry": { "type": "Polygon", "coordinates": [ [ [ 77.427129254542038, 23.230093747797252 ], [ 77.427137254542032, 23.229868847867081 ], [ 77.427008054542029, 23.22986494786829 ], [ 77.427000054542034, 23.230089847798464 ], [ 77.427129254542038, 23.230093747797252 ] ] ] } },
{ "type": "Feature", "properties": { }, "geometry": { "type": "Polygon", "coordinates": [ [ [ 77.432268054542035, 23.229245148060738 ], [ 77.432332454542035, 23.229182848080079 ], [ 77.432252454542024, 23.229113048101752 ], [ 77.432188054542038, 23.229175248082438 ], [ 77.432268054542035, 23.229245148060738 ] ] ] } },
{ "type": "Feature", "properties": { }, "geometry": { "type": "Polygon", "coordinates": [ [ [ 77.430742554542036, 23.229074848113608 ], [ 77.430640954542028, 23.229222048067907 ], [ 77.430793854542031, 23.229311248040212 ], [ 77.430895554542033, 23.229164048085913 ], [ 77.430742554542036, 23.229074848113608 ] ] ] } },
{ "type": "Feature", "properties": { }, "geometry": { "type": "Polygon", "coordinates": [ [ [ 77.424812654542038, 23.22894144815503 ], [ 77.42499645454204, 23.228931848158009 ], [ 77.424989554542037, 23.228819748192809 ], [ 77.424805754542035, 23.228829348189837 ], [ 77.424812654542038, 23.22894144815503 ] ] ] } },
{ "type": "Feature", "properties": { }, "geometry": { "type": "Polygon", "coordinates": [ [ [ 77.424488354542021, 23.228633048250785 ], [ 77.424642654542026, 23.228633448250658 ], [ 77.424642854542029, 23.22857354826926 ], [ 77.424488554542037, 23.22857314826938 ], [ 77.424488354542021, 23.228633048250785 ] ] ] } },
{ "type": "Feature", "properties": { }, "geometry": { "type": "Polygon", "coordinates": [ [ [ 77.430837054542039, 23.236171145909985 ], [ 77.430911754542038, 23.236163445912378 ], [ 77.430884854542029, 23.235941645981267 ], [ 77.430810254542038, 23.235949245978905 ], [ 77.430837054542039, 23.236171145909985 ] ] ] } },
{ "type": "Feature", "properties": { }, "geometry": { "type": "Polygon", "coordinates": [ [ [ 77.432405054542031, 23.228818148193309 ], [ 77.432353454542039, 23.228864048179062 ], [ 77.432530554542012, 23.229031948126927 ], [ 77.432582054542038, 23.228985948141212 ], [ 77.432405054542031, 23.228818148193309 ] ] ] } },
{ "type": "Feature", "properties": { }, "geometry": { "type": "Polygon", "coordinates": [ [ [ 77.423827154542039, 23.228561748272917 ], [ 77.423824454542014, 23.228619648254941 ], [ 77.424334254542032, 23.228639648248731 ], [ 77.424336954542028, 23.22858164826674 ], [ 77.423827154542039, 23.228561748272917 ] ] ] } },
{ "type": "Feature", "properties": { }, "geometry": { "type": "Polygon", "coordinates": [ [ [ 77.426768154542032, 23.230066547805698 ], [ 77.426880854542034, 23.229903247856399 ], [ 77.426824554542037, 23.229870447866585 ], [ 77.426711954542029, 23.230033747815874 ], [ 77.426768154542032, 23.230066547805698 ] ] ] } },
{ "type": "Feature", "properties": { }, "geometry": { "type": "Polygon", "coordinates": [ [ [ 77.424693154542027, 23.230430647692646 ], [ 77.424848754542026, 23.230555147653984 ], [ 77.424939954542026, 23.230458847683884 ], [ 77.424784354542027, 23.23033434772254 ], [ 77.424693154542027, 23.230430647692646 ] ] ] } },
{ "type": "Feature", "properties": { }, "geometry": { "type": "Polygon", "coordinates": [ [ [ 77.42479945454204, 23.229155948088437 ], [ 77.424955754542012, 23.229157448087964 ], [ 77.424956654542029, 23.22907544811342 ], [ 77.424800354542029, 23.229074048113855 ], [ 77.42479945454204, 23.229155948088437 ] ] ] } },
{ "type": "Feature", "properties": { }, "geometry": { "type": "Polygon", "coordinates": [ [ [ 77.42678805454203, 23.229163148086194 ], [ 77.426785154542017, 23.228946248153534 ], [ 77.426690054542036, 23.228947348153195 ], [ 77.426692954542034, 23.229164248085851 ], [ 77.42678805454203, 23.229163148086194 ] ] ] } },
{ "type": "Feature", "properties": { }, "geometry": { "type": "Polygon", "coordinates": [ [ [ 77.426373354542037, 23.229130248096407 ], [ 77.426457354542038, 23.229129048096784 ], [ 77.426454954542038, 23.228976148144252 ], [ 77.426370954542037, 23.228977248143917 ], [ 77.426373354542037, 23.229130248096407 ] ] ] } },
{ "type": "Feature", "properties": { }, "geometry": { "type": "Polygon", "coordinates": [ [ [ 77.425392654542037, 23.229135548094767 ], [ 77.425430654542026, 23.229147748090977 ], [ 77.425449754542029, 23.229097748106497 ], [ 77.425411654542032, 23.22908554811028 ], [ 77.425392654542037, 23.229135548094767 ] ] ] } },
{ "type": "Feature", "properties": { }, "geometry": { "type": "Polygon", "coordinates": [ [ [ 77.428943654542039, 23.231517547355146 ], [ 77.428947854542031, 23.231669947307825 ], [ 77.429580854542039, 23.23165514731242 ], [ 77.429576654542032, 23.231502747359741 ], [ 77.428943654542039, 23.231517547355146 ] ] ] } },
{ "type": "Feature", "properties": { }, "geometry": { "type": "Polygon", "coordinates": [ [ [ 77.43179355454204, 23.228814348194486 ], [ 77.431843054542028, 23.228775248206631 ], [ 77.431771154542034, 23.228698348230505 ], [ 77.431721654542031, 23.228737448218357 ], [ 77.43179355454204, 23.228814348194486 ] ] ] } },
{ "type": "Feature", "properties": { }, "geometry": { "type": "Polygon", "coordinates": [ [ [ 77.42656735454203, 23.229119248099821 ], [ 77.426568754542032, 23.228971748145621 ], [ 77.426488254542022, 23.228971148145806 ], [ 77.426486854542034, 23.229118548100043 ], [ 77.42656735454203, 23.229119248099821 ] ] ] } },
{ "type": "Feature", "properties": { }, "geometry": { "type": "Polygon", "coordinates": [ [ [ 77.431177254542035, 23.236640145764319 ], [ 77.431194454542037, 23.236842145701583 ], [ 77.431510554542029, 23.236819445708637 ], [ 77.431493354542027, 23.23661744577138 ], [ 77.431177254542035, 23.236640145764319 ] ] ] } },
{ "type": "Feature", "properties": { }, "geometry": { "type": "Polygon", "coordinates": [ [ [ 77.427668854542034, 23.229314048039342 ], [ 77.427802054542028, 23.22903774812513 ], [ 77.427682954542021, 23.228989248140188 ], [ 77.427549754542028, 23.229265648054369 ], [ 77.427668854542034, 23.229314048039342 ] ] ] } },
{ "type": "Feature", "properties": { }, "geometry": { "type": "Polygon", "coordinates": [ [ [ 77.431002954542024, 23.228676048237428 ], [ 77.431088254542033, 23.22874084821731 ], [ 77.431203554542037, 23.228612648257119 ], [ 77.431118254542028, 23.228547848277234 ], [ 77.431002954542024, 23.228676048237428 ] ] ] } },
{ "type": "Feature", "properties": { }, "geometry": { "type": "Polygon", "coordinates": [ [ [ 77.430893754542026, 23.231698047299098 ], [ 77.430859354542036, 23.231858247249352 ], [ 77.431069854542031, 23.231896447237492 ], [ 77.431104254542021, 23.231736247287234 ], [ 77.430893754542026, 23.231698047299098 ] ] ] } },
{ "type": "Feature", "properties": { }, "geometry": { "type": "Polygon", "coordinates": [ [ [ 77.431802454542037, 23.228830448189491 ], [ 77.431881154542026, 23.228918148162265 ], [ 77.43193685454203, 23.228875948175368 ], [ 77.431858054542033, 23.228788248202594 ], [ 77.431802454542037, 23.228830448189491 ] ] ] } },
{ "type": "Feature", "properties": { }, "geometry": { "type": "Polygon", "coordinates": [ [ [ 77.426290754542023, 23.228417548317694 ], [ 77.426332854542039, 23.228466448302513 ], [ 77.426594254542039, 23.22827624836156 ], [ 77.426552154542037, 23.228227348376741 ], [ 77.426290754542023, 23.228417548317694 ] ] ] } },
{ "type": "Feature", "properties": { }, "geometry": { "type": "Polygon", "coordinates": [ [ [ 77.429026954542024, 23.230297447733996 ], [ 77.429389754542015, 23.230090347798306 ], [ 77.429307754542037, 23.229969047835962 ], [ 77.428944954542033, 23.230176247771634 ], [ 77.429026954542024, 23.230297447733996 ] ] ] } },
{ "type": "Feature", "properties": { }, "geometry": { "type": "Polygon", "coordinates": [ [ [ 77.425146754542027, 23.230199247764489 ], [ 77.425269454542033, 23.230201747763711 ], [ 77.425273554542031, 23.230036647814977 ], [ 77.425150854542025, 23.230034147815754 ], [ 77.425146754542027, 23.230199247764489 ] ] ] } },
{ "type": "Feature", "properties": { }, "geometry": { "type": "Polygon", "coordinates": [ [ [ 77.431878454542016, 23.236233345890671 ], [ 77.432006554542028, 23.236236445889702 ], [ 77.432008054542038, 23.236182445906476 ], [ 77.431879954542026, 23.236179345907438 ], [ 77.431878454542016, 23.236233345890671 ] ] ] } },
{ "type": "Feature", "properties": { }, "geometry": { "type": "Polygon", "coordinates": [ [ [ 77.426239954542027, 23.229403948011427 ], [ 77.426244954542028, 23.229482347987091 ], [ 77.426300754542027, 23.229479347988022 ], [ 77.426295754542025, 23.229400948012358 ], [ 77.426239954542027, 23.229403948011427 ] ] ] } },
{ "type": "Feature", "properties": { }, "geometry": { "type": "Polygon", "coordinates": [ [ [ 77.425974354542035, 23.23032014772695 ], [ 77.426157354542028, 23.230425547694225 ], [ 77.426217554542035, 23.230337347721612 ], [ 77.426034654542036, 23.230231847754371 ], [ 77.425974354542035, 23.23032014772695 ] ] ] } },
{ "type": "Feature", "properties": { }, "geometry": { "type": "Polygon", "coordinates": [ [ [ 77.425653054542025, 23.229167148084954 ], [ 77.425580454542029, 23.229297748044399 ], [ 77.425703854542036, 23.229355648026431 ], [ 77.425776454542032, 23.229225048066972 ], [ 77.425653054542025, 23.229167148084954 ] ] ] } },
{ "type": "Feature", "properties": { }, "geometry": { "type": "Polygon", "coordinates": [ [ [ 77.423813454542028, 23.237251645574403 ], [ 77.423840554542025, 23.237328245550611 ], [ 77.424174954542039, 23.237228345581642 ], [ 77.424147854542028, 23.237151845605396 ], [ 77.423813454542028, 23.237251645574403 ] ] ] } },
{ "type": "Feature", "properties": { }, "geometry": { "type": "Polygon", "coordinates": [ [ [ 77.430758654542032, 23.236371945847626 ], [ 77.430777454542024, 23.236528445799017 ], [ 77.430905854542033, 23.236515445803054 ], [ 77.430887154542035, 23.236358945851663 ], [ 77.430758654542032, 23.236371945847626 ] ] ] } },
{ "type": "Feature", "properties": { }, "geometry": { "type": "Polygon", "coordinates": [ [ [ 77.425129354542037, 23.228604848259543 ], [ 77.425178354542012, 23.228601848260475 ], [ 77.425162954542031, 23.228392948325329 ], [ 77.425113954542027, 23.228396048324367 ], [ 77.425129354542037, 23.228604848259543 ] ] ] } },
{ "type": "Feature", "properties": { }, "geometry": { "type": "Polygon", "coordinates": [ [ [ 77.428171354542016, 23.228215948380281 ], [ 77.428351854542029, 23.228220748378792 ], [ 77.428356554542034, 23.228072948424686 ], [ 77.428176054542035, 23.228068048426202 ], [ 77.428171354542016, 23.228215948380281 ] ] ] } },
{ "type": "Feature", "properties": { }, "geometry": { "type": "Polygon", "coordinates": [ [ [ 77.430813254542016, 23.232004847203832 ], [ 77.431023854542033, 23.232146547159832 ], [ 77.431085654542031, 23.232069047183895 ], [ 77.430875054542028, 23.231927347227899 ], [ 77.430813254542016, 23.232004847203832 ] ] ] } },
{ "type": "Feature", "properties": { }, "geometry": { "type": "Polygon", "coordinates": [ [ [ 77.430726154542015, 23.232109647171285 ], [ 77.43096885454203, 23.2322735471204 ], [ 77.43102925454204, 23.232197947143874 ], [ 77.430786554542038, 23.232034047194766 ], [ 77.430726154542015, 23.232109647171285 ] ] ] } },
{ "type": "Feature", "properties": { }, "geometry": { "type": "Polygon", "coordinates": [ [ [ 77.431830854542028, 23.229328348034908 ], [ 77.431887554542016, 23.229272948052106 ], [ 77.431797054542031, 23.229194748076385 ], [ 77.431740354542029, 23.229250048059214 ], [ 77.431830854542028, 23.229328348034908 ] ] ] } },
{ "type": "Feature", "properties": { }, "geometry": { "type": "Polygon", "coordinates": [ [ [ 77.431521754542032, 23.236790945717487 ], [ 77.431751054542033, 23.236767545724756 ], [ 77.431741654542037, 23.236689745748919 ], [ 77.431512354542022, 23.236713145741653 ], [ 77.431521754542032, 23.236790945717487 ] ] ] } },
{ "type": "Feature", "properties": { }, "geometry": { "type": "Polygon", "coordinates": [ [ [ 77.426257954542038, 23.229606747948463 ], [ 77.426433654542024, 23.229604447949175 ], [ 77.426431954542039, 23.229498347982119 ], [ 77.426256254542039, 23.229500747981373 ], [ 77.426257954542038, 23.229606747948463 ] ] ] } },
{ "type": "Feature", "properties": { }, "geometry": { "type": "Polygon", "coordinates": [ [ [ 77.424651754542026, 23.229165048085601 ], [ 77.424795254542033, 23.229167548084828 ], [ 77.424796554542027, 23.229106048103926 ], [ 77.424653054542034, 23.229103648104665 ], [ 77.424651754542026, 23.229165048085601 ] ] ] } },
{ "type": "Feature", "properties": { }, "geometry": { "type": "Polygon", "coordinates": [ [ [ 77.431333954542026, 23.23658334578197 ], [ 77.43146235454202, 23.236569145786376 ], [ 77.431400654542031, 23.23609714593297 ], [ 77.431272254542037, 23.23611134592856 ], [ 77.431333954542026, 23.23658334578197 ] ] ] } },
{ "type": "Feature", "properties": { }, "geometry": { "type": "Polygon", "coordinates": [ [ [ 77.425355854542019, 23.229245548060614 ], [ 77.425393854542037, 23.229262748055266 ], [ 77.425446554542035, 23.229164748085697 ], [ 77.425408554542031, 23.229147548091035 ], [ 77.425355854542019, 23.229245548060614 ] ] ] } },
{ "type": "Feature", "properties": { }, "geometry": { "type": "Polygon", "coordinates": [ [ [ 77.425205754542034, 23.228372548331659 ], [ 77.425410954542031, 23.228367648333183 ], [ 77.425409354542026, 23.228312248350385 ], [ 77.425204254542038, 23.22831724834883 ], [ 77.425205754542034, 23.228372548331659 ] ] ] } },
{ "type": "Feature", "properties": { }, "geometry": { "type": "Polygon", "coordinates": [ [ [ 77.42624085454203, 23.229367448022764 ], [ 77.42639715454203, 23.229365648023318 ], [ 77.426395854542037, 23.229270548052849 ], [ 77.426239554542036, 23.229272348052284 ], [ 77.42624085454203, 23.229367448022764 ] ] ] } },
{ "type": "Feature", "properties": { }, "geometry": { "type": "Polygon", "coordinates": [ [ [ 77.432159954542016, 23.229720447913166 ], [ 77.432298154542025, 23.22964154793765 ], [ 77.432241054542033, 23.229557047963894 ], [ 77.432102754542029, 23.229636047939358 ], [ 77.432159954542016, 23.229720447913166 ] ] ] } },
{ "type": "Feature", "properties": { }, "geometry": { "type": "Polygon", "coordinates": [ [ [ 77.426077254542037, 23.230118847789452 ], [ 77.426168354542028, 23.230168947773894 ], [ 77.426255154542019, 23.230035547815316 ], [ 77.426164154542036, 23.229985447830877 ], [ 77.426077254542037, 23.230118847789452 ] ] ] } },
{ "type": "Feature", "properties": { }, "geometry": { "type": "Polygon", "coordinates": [ [ [ 77.431263854542024, 23.231516847355362 ], [ 77.431439554542038, 23.23154394734695 ], [ 77.431465254542033, 23.231403747390484 ], [ 77.431289554542019, 23.231376547398931 ], [ 77.431263854542024, 23.231516847355362 ] ] ] } },
{ "type": "Feature", "properties": { }, "geometry": { "type": "Polygon", "coordinates": [ [ [ 77.42419265454204, 23.230542847657809 ], [ 77.424270954542038, 23.230585947644418 ], [ 77.42425115454202, 23.230616347634982 ], [ 77.424287054542035, 23.230636147628832 ], [ 77.424371854542031, 23.230506247669165 ], [ 77.424257654542032, 23.230443347688695 ], [ 77.42419265454204, 23.230542847657809 ] ] ] } },
{ "type": "Feature", "properties": { }, "geometry": { "type": "Polygon", "coordinates": [ [ [ 77.429020354542033, 23.229748847904343 ], [ 77.429055854542028, 23.229760447900741 ], [ 77.429045654542037, 23.229786647892603 ], [ 77.429108554542026, 23.229807247886207 ], [ 77.42921675454204, 23.229528147972864 ], [ 77.429118454542035, 23.229495947982862 ], [ 77.429020354542033, 23.229748847904343 ] ] ] } },
{ "type": "Feature", "properties": { }, "geometry": { "type": "Polygon", "coordinates": [ [ [ 77.431640154542038, 23.23517794621845 ], [ 77.431633754542034, 23.235308846177798 ], [ 77.43171615454203, 23.235312246176733 ], [ 77.431707354542013, 23.235490546121358 ], [ 77.431896254542039, 23.235498446118903 ], [ 77.431911454542032, 23.235189146214967 ], [ 77.431640154542038, 23.23517794621845 ] ] ] } },
{ "type": "Feature", "properties": { }, "geometry": { "type": "Polygon", "coordinates": [ [ [ 77.42812205454203, 23.229763347899841 ], [ 77.428180354542036, 23.22978334789363 ], [ 77.428241654542035, 23.229632547940451 ], [ 77.428415054542029, 23.229692047921972 ], [ 77.428600554542029, 23.229235248063809 ], [ 77.428368754542035, 23.229155748088495 ], [ 77.42812205454203, 23.229763347899841 ] ] ] } },
{ "type": "Feature", "properties": { }, "geometry": { "type": "Polygon", "coordinates": [ [ [ 77.429882154542028, 23.231639847317169 ], [ 77.430148554542015, 23.23167224730711 ], [ 77.430167954542043, 23.231537947348812 ], [ 77.430072554542036, 23.231526347352414 ], [ 77.430090154542029, 23.231404147390354 ], [ 77.429919154542034, 23.231383347396818 ], [ 77.429882154542028, 23.231639847317169 ] ] ] } },
{ "type": "Feature", "properties": { }, "geometry": { "type": "Polygon", "coordinates": [ [ [ 77.434993054542034, 23.231724847290774 ], [ 77.434954054542018, 23.231854747250441 ], [ 77.435140354542014, 23.23190194723578 ], [ 77.435179354542029, 23.231772147276082 ], [ 77.434993054542034, 23.231724847290774 ] ] ] } },
{ "type": "Feature", "properties": { }, "geometry": { "type": "Polygon", "coordinates": [ [ [ 77.435026354542032, 23.231567047339777 ], [ 77.435220454542034, 23.231612947325523 ], [ 77.435246454542025, 23.231520147354342 ], [ 77.435052354542037, 23.231474247368592 ], [ 77.435026354542032, 23.231567047339777 ] ] ] } },
{ "type": "Feature", "properties": { }, "geometry": { "type": "Polygon", "coordinates": [ [ [ 77.434899854542039, 23.232132847164078 ], [ 77.434863154542029, 23.232253847126515 ], [ 77.435043354542032, 23.232299947112192 ], [ 77.435080054542027, 23.232178947149766 ], [ 77.434899854542039, 23.232132847164078 ] ] ] } },
{ "type": "Feature", "properties": { }, "geometry": { "type": "Polygon", "coordinates": [ [ [ 77.435081654542032, 23.232573347027294 ], [ 77.435289554542038, 23.232606547016989 ], [ 77.435312654542031, 23.232484647054836 ], [ 77.435104754542039, 23.232451347065183 ], [ 77.435081654542032, 23.232573347027294 ] ] ] } },
{ "type": "Feature", "properties": { }, "geometry": { "type": "Polygon", "coordinates": [ [ [ 77.435102754542029, 23.231285447427219 ], [ 77.435296854542031, 23.231330747413153 ], [ 77.435324254542039, 23.231231847443865 ], [ 77.435130054542029, 23.231186647457893 ], [ 77.435102754542029, 23.231285447427219 ] ] ] } },
{ "type": "Feature", "properties": { }, "geometry": { "type": "Polygon", "coordinates": [ [ [ 77.434822154542033, 23.232392947083319 ], [ 77.43478965454203, 23.232507547047732 ], [ 77.434980454542028, 23.23255314703357 ], [ 77.435012854542038, 23.232438547069155 ], [ 77.434822154542033, 23.232392947083319 ] ] ] } },
{ "type": "Feature", "properties": { }, "geometry": { "type": "Polygon", "coordinates": [ [ [ 77.435073754542032, 23.231373147399982 ], [ 77.435049454542039, 23.231467247370762 ], [ 77.435250454542029, 23.23151104735717 ], [ 77.435274654542027, 23.231416947386389 ], [ 77.435073754542032, 23.231373147399982 ] ] ] } },
{ "type": "Feature", "properties": { }, "geometry": { "type": "Polygon", "coordinates": [ [ [ 77.43474975454204, 23.232660747000153 ], [ 77.434930554542021, 23.232708546985311 ], [ 77.434975854542031, 23.232563747030273 ], [ 77.434795054542022, 23.232515947045123 ], [ 77.43474975454204, 23.232660747000153 ] ] ] } },
{ "type": "Feature", "properties": { }, "geometry": { "type": "Polygon", "coordinates": [ [ [ 77.435109154542033, 23.232445147067104 ], [ 77.43531195454203, 23.232481147055928 ], [ 77.435338554542028, 23.232354747095179 ], [ 77.435135754542031, 23.232318747106362 ], [ 77.435109154542033, 23.232445147067104 ] ] ] } },
{ "type": "Feature", "properties": { }, "geometry": { "type": "Polygon", "coordinates": [ [ [ 77.435076254542039, 23.231365847402255 ], [ 77.435264054542031, 23.231408447389025 ], [ 77.435284654542031, 23.231331347412961 ], [ 77.435096954542047, 23.231288847426161 ], [ 77.435076254542039, 23.231365847402255 ] ] ] } },
{ "type": "Feature", "properties": { }, "geometry": { "type": "Polygon", "coordinates": [ [ [ 77.435261354542035, 23.231902347235657 ], [ 77.435452654542033, 23.231946747221876 ], [ 77.435482054542035, 23.231839847255067 ], [ 77.435290754542038, 23.231795447268851 ], [ 77.435261354542035, 23.231902347235657 ] ] ] } },
{ "type": "Feature", "properties": { }, "geometry": { "type": "Polygon", "coordinates": [ [ [ 77.43521045454203, 23.232060347186593 ], [ 77.43540745454203, 23.232102247173589 ], [ 77.435445754542016, 23.231950147220818 ], [ 77.43524875454203, 23.231908247233829 ], [ 77.43521045454203, 23.232060347186593 ] ] ] } },
{ "type": "Feature", "properties": { }, "geometry": { "type": "Polygon", "coordinates": [ [ [ 77.43495385454203, 23.231862047248171 ], [ 77.434916554542014, 23.231989847208492 ], [ 77.435106254542035, 23.232036647193958 ], [ 77.435143654542031, 23.23190884723364 ], [ 77.43495385454203, 23.231862047248171 ] ] ] } },
{ "type": "Feature", "properties": { }, "geometry": { "type": "Polygon", "coordinates": [ [ [ 77.434926454542023, 23.232000547205164 ], [ 77.43488915454202, 23.23212724716582 ], [ 77.435080154542035, 23.232174847151036 ], [ 77.435117554542018, 23.232048147190387 ], [ 77.434926454542023, 23.232000547205164 ] ] ] } },
{ "type": "Feature", "properties": { }, "geometry": { "type": "Polygon", "coordinates": [ [ [ 77.435173154542028, 23.232181747148896 ], [ 77.435366954542033, 23.232225347135358 ], [ 77.435397554542035, 23.23211064717098 ], [ 77.43520375454203, 23.232067047184515 ], [ 77.435173154542028, 23.232181747148896 ] ] ] } },
{ "type": "Feature", "properties": { }, "geometry": { "type": "Polygon", "coordinates": [ [ [ 77.435143054542024, 23.232312947108156 ], [ 77.435338854542039, 23.232350247096573 ], [ 77.435366954542033, 23.232225347135358 ], [ 77.435171154542033, 23.232188047146941 ], [ 77.435143054542024, 23.232312947108156 ] ] ] } },
{ "type": "Feature", "properties": { }, "geometry": { "type": "Polygon", "coordinates": [ [ [ 77.435006254542031, 23.231657347311739 ], [ 77.435200054542037, 23.231698047299098 ], [ 77.435219954542035, 23.23161774732403 ], [ 77.43502615454203, 23.231577047336671 ], [ 77.435006254542031, 23.231657347311739 ] ] ] } },
{ "type": "Feature", "properties": { }, "geometry": { "type": "Polygon", "coordinates": [ [ [ 77.434823654542015, 23.232387047085151 ], [ 77.435014754542038, 23.232434847070301 ], [ 77.435050754542033, 23.23231324710806 ], [ 77.434859654542038, 23.232265447122902 ], [ 77.434823654542015, 23.232387047085151 ] ] ] } },
{ "type": "Feature", "properties": { }, "geometry": { "type": "Polygon", "coordinates": [ [ [ 77.443564154542031, 23.235817946019683 ], [ 77.443559154542029, 23.23592664598592 ], [ 77.443630354542037, 23.23592944598505 ], [ 77.443635254542045, 23.235820646018841 ], [ 77.443564154542031, 23.235817946019683 ] ] ] } },
{ "type": "Feature", "properties": { }, "geometry": { "type": "Polygon", "coordinates": [ [ [ 77.443365754542029, 23.235804346023905 ], [ 77.443360254542029, 23.235925045986416 ], [ 77.443453554542032, 23.2359286459853 ], [ 77.443458954542038, 23.235807946022785 ], [ 77.443365754542029, 23.235804346023905 ] ] ] } },
{ "type": "Feature", "properties": { }, "geometry": { "type": "Polygon", "coordinates": [ [ [ 77.443544154542039, 23.235958445976046 ], [ 77.443532854542028, 23.236079445938465 ], [ 77.443620954542027, 23.236086445936298 ], [ 77.443632254542038, 23.235965445973871 ], [ 77.443544154542039, 23.235958445976046 ] ] ] } },
{ "type": "Feature", "properties": { }, "geometry": { "type": "Polygon", "coordinates": [ [ [ 77.44335615454203, 23.235953545977566 ], [ 77.443346554542032, 23.23605524594598 ], [ 77.443442654542039, 23.236062845943625 ], [ 77.44345215454203, 23.235961145975207 ], [ 77.44335615454203, 23.235953545977566 ] ] ] } },
{ "type": "Feature", "properties": { }, "geometry": { "type": "Polygon", "coordinates": [ [ [ 77.443637754542024, 23.235982345968626 ], [ 77.443628354542028, 23.236082145937626 ], [ 77.443701954542021, 23.236087945935829 ], [ 77.443711254542023, 23.235988145966822 ], [ 77.443637754542024, 23.235982345968626 ] ] ] } },
{ "type": "Feature", "properties": { }, "geometry": { "type": "Polygon", "coordinates": [ [ [ 77.443462254542027, 23.235951245978281 ], [ 77.443452354542018, 23.23605684594548 ], [ 77.443521654542039, 23.236062345943779 ], [ 77.443531554542034, 23.235956745976576 ], [ 77.443462254542027, 23.235951245978281 ] ] ] } },
{ "type": "Feature", "properties": { }, "geometry": { "type": "Polygon", "coordinates": [ [ [ 77.443472354542024, 23.235803946024031 ], [ 77.443467354542037, 23.235914145989806 ], [ 77.443549854542027, 23.23591734598881 ], [ 77.443554854542029, 23.235807146023038 ], [ 77.443472354542024, 23.235803946024031 ] ] ] } },
{ "type": "Feature", "properties": { }, "geometry": { "type": "Polygon", "coordinates": [ [ [ 77.443643054542036, 23.235829346016143 ], [ 77.443637454542014, 23.235952645977843 ], [ 77.443716854542032, 23.235955645976919 ], [ 77.443722454542026, 23.235832446015181 ], [ 77.443643054542036, 23.235829346016143 ] ] ] } },
{ "type": "Feature", "properties": { }, "geometry": { "type": "Polygon", "coordinates": [ [ [ 77.430286354542019, 23.22824254837202 ], [ 77.430380954542031, 23.228327448345663 ], [ 77.430474354542028, 23.228239548372954 ], [ 77.430379654542051, 23.228154648399315 ], [ 77.430286354542019, 23.22824254837202 ] ] ] } },
{ "type": "Feature", "properties": { }, "geometry": { "type": "Polygon", "coordinates": [ [ [ 77.425123554542012, 23.229812447884584 ], [ 77.425151154542036, 23.229811947884748 ], [ 77.425150354542012, 23.229773447896697 ], [ 77.425122654542037, 23.229773947896543 ], [ 77.425123554542012, 23.229812447884584 ] ] ] } },
{ "type": "Feature", "properties": { }, "geometry": { "type": "Polygon", "coordinates": [ [ [ 77.430987854542039, 23.230357247715432 ], [ 77.431401954542039, 23.230576047647489 ], [ 77.431556354542039, 23.230372047710837 ], [ 77.431145654542021, 23.230140947782591 ], [ 77.430987854542039, 23.230357247715432 ] ] ] } },
{ "type": "Feature", "properties": { }, "geometry": { "type": "Polygon", "coordinates": [ [ [ 77.431160154542027, 23.229074848113608 ], [ 77.431307154542026, 23.229159148087433 ], [ 77.431376454542033, 23.229056948119172 ], [ 77.431229454542034, 23.228972748145306 ], [ 77.431160154542027, 23.229074848113608 ] ] ] } },
{ "type": "Feature", "properties": { }, "geometry": { "type": "Polygon", "coordinates": [ [ [ 77.428515054542018, 23.230227647755669 ], [ 77.428613154542035, 23.230132947785073 ], [ 77.428566654542038, 23.23009234779768 ], [ 77.428468554542022, 23.230187147768245 ], [ 77.428515054542018, 23.230227647755669 ] ] ] } },
{ "type": "Feature", "properties": { }, "geometry": { "type": "Polygon", "coordinates": [ [ [ 77.431056654542019, 23.22921474807017 ], [ 77.431181554542036, 23.229270948052726 ], [ 77.431243154542031, 23.22915554808856 ], [ 77.431118254542028, 23.229099248106035 ], [ 77.431056654542019, 23.22921474807017 ] ] ] } },
{ "type": "Feature", "properties": { }, "geometry": { "type": "Polygon", "coordinates": [ [ [ 77.432344454542033, 23.228488448295678 ], [ 77.432430354542021, 23.228561148273108 ], [ 77.432486354542036, 23.228505248290464 ], [ 77.432400554542028, 23.22843254831303 ], [ 77.432344454542033, 23.228488448295678 ] ] ] } },
{ "type": "Feature", "properties": { }, "geometry": { "type": "Polygon", "coordinates": [ [ [ 77.42576195454204, 23.22847114830105 ], [ 77.425921554542015, 23.22846884830177 ], [ 77.425920254542035, 23.22839364832511 ], [ 77.425760654542032, 23.228395948324398 ], [ 77.42576195454204, 23.22847114830105 ] ] ] } },
{ "type": "Feature", "properties": { }, "geometry": { "type": "Polygon", "coordinates": [ [ [ 77.431791854542027, 23.230512347667268 ], [ 77.431896754542038, 23.230520547664725 ], [ 77.431904554542029, 23.230436547690815 ], [ 77.431799554542039, 23.230428347693351 ], [ 77.431791854542027, 23.230512347667268 ] ] ] } },
{ "type": "Feature", "properties": { }, "geometry": { "type": "Polygon", "coordinates": [ [ [ 77.430488254542027, 23.230082847800638 ], [ 77.430875854542037, 23.230308547730555 ], [ 77.431020954542035, 23.230099047795605 ], [ 77.430613354542032, 23.229881047863287 ], [ 77.430488254542027, 23.230082847800638 ] ] ] } },
{ "type": "Feature", "properties": { }, "geometry": { "type": "Polygon", "coordinates": [ [ [ 77.424673154542035, 23.228413748318864 ], [ 77.424863654542037, 23.228411848319453 ], [ 77.42486305454203, 23.2283611483352 ], [ 77.424672654542036, 23.228363048334607 ], [ 77.424673154542035, 23.228413748318864 ] ] ] } },
{ "type": "Feature", "properties": { }, "geometry": { "type": "Polygon", "coordinates": [ [ [ 77.429823754542028, 23.236835145703765 ], [ 77.42977855454204, 23.236700245745659 ], [ 77.429611254542039, 23.236747645730937 ], [ 77.429656454542027, 23.236882445689066 ], [ 77.429823754542028, 23.236835145703765 ] ] ] } },
{ "type": "Feature", "properties": { }, "geometry": { "type": "Polygon", "coordinates": [ [ [ 77.431947754542037, 23.230545947656839 ], [ 77.432069654542033, 23.230550147655535 ], [ 77.432074954542031, 23.230417947696576 ], [ 77.431953054542021, 23.230413747697888 ], [ 77.431947754542037, 23.230545947656839 ] ] ] } },
{ "type": "Feature", "properties": { }, "geometry": { "type": "Polygon", "coordinates": [ [ [ 77.427805954542038, 23.228108648413595 ], [ 77.427868354542028, 23.228171248394162 ], [ 77.427933054542038, 23.228116848411048 ], [ 77.427944554542037, 23.228128348407481 ], [ 77.427980154542027, 23.228098448416759 ], [ 77.427968654542028, 23.228086948420337 ], [ 77.428026154542039, 23.228038548435357 ], [ 77.427963954542037, 23.227976048454771 ], [ 77.427805954542038, 23.228108648413595 ] ] ] } },
{ "type": "Feature", "properties": { }, "geometry": { "type": "Polygon", "coordinates": [ [ [ 77.432109154542033, 23.228670648239103 ], [ 77.432196454542037, 23.228746048215697 ], [ 77.432252954542037, 23.228690748232871 ], [ 77.432165554542024, 23.228615448256249 ], [ 77.432109154542033, 23.228670648239103 ] ] ] } },
{ "type": "Feature", "properties": { }, "geometry": { "type": "Polygon", "coordinates": [ [ [ 77.427204954542034, 23.228303348353148 ], [ 77.42729695454203, 23.228406348321172 ], [ 77.427399554542035, 23.22832904834517 ], [ 77.42730755454204, 23.228226048377142 ], [ 77.427204954542034, 23.228303348353148 ] ] ] } },
{ "type": "Feature", "properties": { }, "geometry": { "type": "Polygon", "coordinates": [ [ [ 77.426916054542033, 23.230290247736235 ], [ 77.42707145454203, 23.230424947694409 ], [ 77.42719505454204, 23.230304547731794 ], [ 77.427039654542028, 23.230169847773627 ], [ 77.426916054542033, 23.230290247736235 ] ] ] } },
{ "type": "Feature", "properties": { }, "geometry": { "type": "Polygon", "coordinates": [ [ [ 77.431832954542017, 23.22826004836659 ], [ 77.431912854542034, 23.228367448333245 ], [ 77.43199845454204, 23.228313648349946 ], [ 77.431918554542037, 23.228206248383291 ], [ 77.431832954542017, 23.22826004836659 ] ] ] } },
{ "type": "Feature", "properties": { }, "geometry": { "type": "Polygon", "coordinates": [ [ [ 77.432464954542027, 23.230398347702668 ], [ 77.432529454542035, 23.230592447642405 ], [ 77.432640654542027, 23.230561247652087 ], [ 77.432523054542031, 23.230207447761941 ], [ 77.432372354542039, 23.230249747748807 ], [ 77.432425454542027, 23.230409447699223 ], [ 77.432464954542027, 23.230398347702668 ] ] ] } },
{ "type": "Feature", "properties": { }, "geometry": { "type": "Polygon", "coordinates": [ [ [ 77.424142754542032, 23.228460548304344 ], [ 77.424142754542032, 23.228532648281956 ], [ 77.424199154542038, 23.228532648281956 ], [ 77.424199154542038, 23.228460548304344 ], [ 77.424142754542032, 23.228460548304344 ] ] ] } },
{ "type": "Feature", "properties": { }, "geometry": { "type": "Polygon", "coordinates": [ [ [ 77.430959554542028, 23.229436948001183 ], [ 77.431163954542029, 23.229500147981561 ], [ 77.431234254542034, 23.229308248041139 ], [ 77.431029854542032, 23.229245048060768 ], [ 77.430959554542028, 23.229436948001183 ] ] ] } },
{ "type": "Feature", "properties": { }, "geometry": { "type": "Polygon", "coordinates": [ [ [ 77.430274854542034, 23.228248748370103 ], [ 77.430216454542034, 23.228309248351319 ], [ 77.430300154542024, 23.228377348330177 ], [ 77.430358454542031, 23.228316748348991 ], [ 77.430274854542034, 23.228248748370103 ] ] ] } },
{ "type": "Feature", "properties": { }, "geometry": { "type": "Polygon", "coordinates": [ [ [ 77.427873354542029, 23.230056847808704 ], [ 77.427987354542026, 23.230088747798796 ], [ 77.428066854542038, 23.229848547873384 ], [ 77.427952954542036, 23.229816647883286 ], [ 77.427873354542029, 23.230056847808704 ] ] ] } },
{ "type": "Feature", "properties": { }, "geometry": { "type": "Polygon", "coordinates": [ [ [ 77.430421154542032, 23.228183248390433 ], [ 77.430482854542035, 23.228243648371681 ], [ 77.430585054542036, 23.228155448399068 ], [ 77.430523354542032, 23.22809514841779 ], [ 77.430421154542032, 23.228183248390433 ] ] ] } },
{ "type": "Feature", "properties": { }, "geometry": { "type": "Polygon", "coordinates": [ [ [ 77.426001154542035, 23.228447648308343 ], [ 77.426092254542027, 23.228446548308682 ], [ 77.426090554542014, 23.228326348346005 ], [ 77.425999554542031, 23.22832734834569 ], [ 77.426001154542035, 23.228447648308343 ] ] ] } },
{ "type": "Feature", "properties": { }, "geometry": { "type": "Polygon", "coordinates": [ [ [ 77.432535554542014, 23.228656648243458 ], [ 77.432620754542029, 23.228734248219357 ], [ 77.432677854542021, 23.228681348235781 ], [ 77.432592754542029, 23.228603748259879 ], [ 77.432535554542014, 23.228656648243458 ] ] ] } },
{ "type": "Feature", "properties": { }, "geometry": { "type": "Polygon", "coordinates": [ [ [ 77.430957954542038, 23.229447047998047 ], [ 77.43089775454203, 23.229611647946943 ], [ 77.431105654542023, 23.229675847927002 ], [ 77.43116585454203, 23.229511347978079 ], [ 77.430957954542038, 23.229447047998047 ] ] ] } },
{ "type": "Feature", "properties": { }, "geometry": { "type": "Polygon", "coordinates": [ [ [ 77.428329254542035, 23.230148447780266 ], [ 77.428456154542019, 23.230197347765078 ], [ 77.428500154542036, 23.230101047794978 ], [ 77.428373254542038, 23.230052047810194 ], [ 77.428329254542035, 23.230148447780266 ] ] ] } },
{ "type": "Feature", "properties": { }, "geometry": { "type": "Polygon", "coordinates": [ [ [ 77.432441054542025, 23.228567248271212 ], [ 77.432524854542024, 23.228636148249816 ], [ 77.432578354542031, 23.22858114826689 ], [ 77.432494554542018, 23.228512248288283 ], [ 77.432441054542025, 23.228567248271212 ] ] ] } },
{ "type": "Feature", "properties": { }, "geometry": { "type": "Polygon", "coordinates": [ [ [ 77.432642254542031, 23.228736748218584 ], [ 77.432718354542033, 23.228806648196883 ], [ 77.432767254542028, 23.228761748210815 ], [ 77.432691154542027, 23.228691748232553 ], [ 77.432642254542031, 23.228736748218584 ] ] ] } },
{ "type": "Feature", "properties": { }, "geometry": { "type": "Polygon", "coordinates": [ [ [ 77.431834754542038, 23.230774047586014 ], [ 77.432223454542026, 23.230785747582381 ], [ 77.432227054542039, 23.230685747613432 ], [ 77.432178754542036, 23.230684247613894 ], [ 77.432182054542054, 23.230591247642771 ], [ 77.431910554542014, 23.230583047645322 ], [ 77.43190725454204, 23.230676147616414 ], [ 77.431838354542023, 23.230674047617061 ], [ 77.431834754542038, 23.230774047586014 ] ] ] } },
{ "type": "Feature", "properties": { }, "geometry": { "type": "Polygon", "coordinates": [ [ [ 77.443741854542026, 23.235251446195615 ], [ 77.443657154542038, 23.235245846197362 ], [ 77.443647354542037, 23.23537144615835 ], [ 77.443732054542025, 23.235377046156611 ], [ 77.443741854542026, 23.235251446195615 ] ] ] } },
{ "type": "Feature", "properties": { }, "geometry": { "type": "Polygon", "coordinates": [ [ [ 77.443151754542029, 23.235713746052042 ], [ 77.443148554542034, 23.23577884603182 ], [ 77.443258854542023, 23.235783546030362 ], [ 77.443262154542026, 23.235718446050587 ], [ 77.443151754542029, 23.235713746052042 ] ] ] } },
{ "type": "Feature", "properties": { }, "geometry": { "type": "Polygon", "coordinates": [ [ [ 77.44258395454203, 23.2340243465767 ], [ 77.442584654542017, 23.234084046558163 ], [ 77.442702954542028, 23.234082946558505 ], [ 77.442702254542027, 23.234023246577042 ], [ 77.44258395454203, 23.2340243465767 ] ] ] } },
{ "type": "Feature", "properties": { }, "geometry": { "type": "Polygon", "coordinates": [ [ [ 77.44257295454203, 23.235753446039709 ], [ 77.442570054542017, 23.235842346012106 ], [ 77.442698754542036, 23.235845846011014 ], [ 77.442701654542034, 23.235756946038627 ], [ 77.44257295454203, 23.235753446039709 ] ] ] } },
{ "type": "Feature", "properties": { }, "geometry": { "type": "Polygon", "coordinates": [ [ [ 77.44220815454203, 23.235806646023192 ], [ 77.442206254542029, 23.235876246001578 ], [ 77.442340354542026, 23.235879246000646 ], [ 77.442342254542012, 23.235809646022261 ], [ 77.44220815454203, 23.235806646023192 ] ] ] } },
{ "type": "Feature", "properties": { }, "geometry": { "type": "Polygon", "coordinates": [ [ [ 77.442559354542027, 23.234282846496431 ], [ 77.44256025454203, 23.234369046469652 ], [ 77.442723154542037, 23.234367646470087 ], [ 77.442722254542034, 23.234281446496858 ], [ 77.442559354542027, 23.234282846496431 ] ] ] } },
{ "type": "Feature", "properties": { }, "geometry": { "type": "Polygon", "coordinates": [ [ [ 77.442368154542038, 23.235767646035303 ], [ 77.442365754542038, 23.235842446012068 ], [ 77.442491754542019, 23.235845746011051 ], [ 77.442494154542032, 23.235771046034252 ], [ 77.442368154542038, 23.235767646035303 ] ] ] } },
{ "type": "Feature", "properties": { }, "geometry": { "type": "Polygon", "coordinates": [ [ [ 77.442228654542035, 23.236156245914611 ], [ 77.442178254542029, 23.23626514588079 ], [ 77.442256054542028, 23.23629554587135 ], [ 77.442306454542035, 23.236186645905175 ], [ 77.442228654542035, 23.236156245914611 ] ] ] } },
{ "type": "Feature", "properties": { }, "geometry": { "type": "Polygon", "coordinates": [ [ [ 77.442218154542033, 23.235635346076393 ], [ 77.442219154542016, 23.235723946048875 ], [ 77.442347254542028, 23.235722646049279 ], [ 77.442346254542031, 23.235634046076797 ], [ 77.442218154542033, 23.235635346076393 ] ] ] } },
{ "type": "Feature", "properties": { }, "geometry": { "type": "Polygon", "coordinates": [ [ [ 77.443022554542026, 23.235456546131928 ], [ 77.443018554542022, 23.235528746109498 ], [ 77.443122654542037, 23.235533646107978 ], [ 77.443126654542027, 23.235461446130401 ], [ 77.443022554542026, 23.235456546131928 ] ] ] } },
{ "type": "Feature", "properties": { }, "geometry": { "type": "Polygon", "coordinates": [ [ [ 77.443576954542038, 23.23523914619944 ], [ 77.443565754542036, 23.235382546154906 ], [ 77.443639854542027, 23.235387446153375 ], [ 77.44365105454203, 23.235244046197916 ], [ 77.443576954542038, 23.23523914619944 ] ] ] } },
{ "type": "Feature", "properties": { }, "geometry": { "type": "Polygon", "coordinates": [ [ [ 77.442989454542015, 23.235955345977015 ], [ 77.442984854542033, 23.236037345951541 ], [ 77.443119554542037, 23.236043645949586 ], [ 77.443124054542039, 23.235961645975049 ], [ 77.442989454542015, 23.235955345977015 ] ] ] } },
{ "type": "Feature", "properties": { }, "geometry": { "type": "Polygon", "coordinates": [ [ [ 77.442239954542018, 23.236311545866378 ], [ 77.442185354542033, 23.23640674583681 ], [ 77.442251054542027, 23.236438645826908 ], [ 77.442305754542033, 23.23634344585647 ], [ 77.442239954542018, 23.236311545866378 ] ] ] } },
{ "type": "Feature", "properties": { }, "geometry": { "type": "Polygon", "coordinates": [ [ [ 77.442565154542038, 23.235923245986985 ], [ 77.442562554542036, 23.23600694596098 ], [ 77.442692354542046, 23.236010445959895 ], [ 77.442694954542034, 23.235926745985893 ], [ 77.442565154542038, 23.235923245986985 ] ] ] } },
{ "type": "Feature", "properties": { }, "geometry": { "type": "Polygon", "coordinates": [ [ [ 77.442727954542036, 23.235780846031208 ], [ 77.44272375454203, 23.235857346007446 ], [ 77.442851754542019, 23.235863346005583 ], [ 77.442855954542026, 23.235786846029338 ], [ 77.442727954542036, 23.235780846031208 ] ] ] } },
{ "type": "Feature", "properties": { }, "geometry": { "type": "Polygon", "coordinates": [ [ [ 77.442005954542026, 23.236219745894889 ], [ 77.441938854542016, 23.236321145863396 ], [ 77.442009654542034, 23.236360645851128 ], [ 77.442076754542029, 23.236259245882625 ], [ 77.442005954542026, 23.236219745894889 ] ] ] } },
{ "type": "Feature", "properties": { }, "geometry": { "type": "Polygon", "coordinates": [ [ [ 77.44221215454202, 23.23572894604732 ], [ 77.442211354542025, 23.235800546025086 ], [ 77.442350854542028, 23.235801746024709 ], [ 77.442351654542037, 23.23573024604692 ], [ 77.44221215454202, 23.23572894604732 ] ] ] } },
{ "type": "Feature", "properties": { }, "geometry": { "type": "Polygon", "coordinates": [ [ [ 77.442576854542025, 23.234192846524373 ], [ 77.442577754542029, 23.234277846497982 ], [ 77.442716554542031, 23.234276546498382 ], [ 77.442715654542027, 23.234191546524773 ], [ 77.442576854542025, 23.234192846524373 ] ] ] } },
{ "type": "Feature", "properties": { }, "geometry": { "type": "Polygon", "coordinates": [ [ [ 77.442315954542025, 23.233955246598157 ], [ 77.442314554542037, 23.234045946569996 ], [ 77.442452054542031, 23.234047646569461 ], [ 77.442453354542039, 23.23395694659763 ], [ 77.442315954542025, 23.233955246598157 ] ] ] } },
{ "type": "Feature", "properties": { }, "geometry": { "type": "Polygon", "coordinates": [ [ [ 77.44238185454202, 23.235685046060954 ], [ 77.442379554542015, 23.235757946038319 ], [ 77.442499754542027, 23.235761146037323 ], [ 77.442502054542032, 23.235688246059961 ], [ 77.44238185454202, 23.235685046060954 ] ] ] } },
{ "type": "Feature", "properties": { }, "geometry": { "type": "Polygon", "coordinates": [ [ [ 77.442149954542018, 23.234397746460747 ], [ 77.442272154542039, 23.234396546461113 ], [ 77.442271354542029, 23.234321146484529 ], [ 77.442149054542028, 23.234322346484159 ], [ 77.442149954542018, 23.234397746460747 ] ] ] } },
{ "type": "Feature", "properties": { }, "geometry": { "type": "Polygon", "coordinates": [ [ [ 77.443488954542033, 23.235247846196739 ], [ 77.443477954542033, 23.235388046153194 ], [ 77.443562554542012, 23.235393646151461 ], [ 77.443573554542027, 23.235253346195023 ], [ 77.443488954542033, 23.235247846196739 ] ] ] } },
{ "type": "Feature", "properties": { }, "geometry": { "type": "Polygon", "coordinates": [ [ [ 77.443271654542031, 23.235553946101671 ], [ 77.443275654542035, 23.235472746126888 ], [ 77.443157654542034, 23.235467746128446 ], [ 77.443153554542036, 23.235549046103191 ], [ 77.443271654542031, 23.235553946101671 ] ] ] } },
{ "type": "Feature", "properties": { }, "geometry": { "type": "Polygon", "coordinates": [ [ [ 77.443133754542032, 23.23593684598276 ], [ 77.443129454542031, 23.236022945956012 ], [ 77.443266654542029, 23.236028745954215 ], [ 77.443270954542015, 23.235942745980921 ], [ 77.443133754542032, 23.23593684598276 ] ] ] } },
{ "type": "Feature", "properties": { }, "geometry": { "type": "Polygon", "coordinates": [ [ [ 77.442377754542036, 23.236367045849146 ], [ 77.442315854542031, 23.236341145857192 ], [ 77.442267554542028, 23.236438845826846 ], [ 77.442329454542033, 23.236464645818835 ], [ 77.442377754542036, 23.236367045849146 ] ] ] } },
{ "type": "Feature", "properties": { }, "geometry": { "type": "Polygon", "coordinates": [ [ [ 77.442334654542023, 23.234051346568318 ], [ 77.442333554542031, 23.234131746543344 ], [ 77.442463454542036, 23.234133346542851 ], [ 77.442464654542036, 23.234052946567825 ], [ 77.442334654542023, 23.234051346568318 ] ] ] } },
{ "type": "Feature", "properties": { }, "geometry": { "type": "Polygon", "coordinates": [ [ [ 77.442735054542027, 23.23569934605651 ], [ 77.442731154542031, 23.235771346034152 ], [ 77.442855554542035, 23.235777146032351 ], [ 77.442859554542025, 23.235705146054713 ], [ 77.442735054542027, 23.23569934605651 ] ] ] } },
{ "type": "Feature", "properties": { }, "geometry": { "type": "Polygon", "coordinates": [ [ [ 77.442317254542033, 23.233873946623405 ], [ 77.442316154542027, 23.233950546599615 ], [ 77.442447354542026, 23.233952146599126 ], [ 77.442448454542031, 23.233875546622915 ], [ 77.442317254542033, 23.233873946623405 ] ] ] } },
{ "type": "Feature", "properties": { }, "geometry": { "type": "Polygon", "coordinates": [ [ [ 77.442313254542015, 23.234313846486796 ], [ 77.442311954542035, 23.234404446458658 ], [ 77.442458754542031, 23.234406246458104 ], [ 77.442460054542025, 23.234315646486245 ], [ 77.442313254542015, 23.234313846486796 ] ] ] } },
{ "type": "Feature", "properties": { }, "geometry": { "type": "Polygon", "coordinates": [ [ [ 77.443154354542031, 23.23562064608096 ], [ 77.443151354542024, 23.235707546053966 ], [ 77.443274554542029, 23.235711046052888 ], [ 77.443277554542021, 23.235624246079841 ], [ 77.443154354542031, 23.23562064608096 ] ] ] } },
{ "type": "Feature", "properties": { }, "geometry": { "type": "Polygon", "coordinates": [ [ [ 77.442395854542028, 23.236212045897279 ], [ 77.442325854542034, 23.236185745905448 ], [ 77.442275254542039, 23.236299445870142 ], [ 77.442345254542033, 23.236325745861972 ], [ 77.442395854542028, 23.236212045897279 ] ] ] } },
{ "type": "Feature", "properties": { }, "geometry": { "type": "Polygon", "coordinates": [ [ [ 77.443393554542027, 23.235235146200679 ], [ 77.443383154542033, 23.235368446159285 ], [ 77.443467454542031, 23.235374046157546 ], [ 77.443477854542039, 23.235240746198947 ], [ 77.443393554542027, 23.235235146200679 ] ] ] } },
{ "type": "Feature", "properties": { }, "geometry": { "type": "Polygon", "coordinates": [ [ [ 77.443144254542034, 23.2358803460003 ], [ 77.443142054542022, 23.235924845986478 ], [ 77.443252554542028, 23.235929545985023 ], [ 77.443254754542025, 23.235885045998842 ], [ 77.443144254542034, 23.2358803460003 ] ] ] } },
{ "type": "Feature", "properties": { }, "geometry": { "type": "Polygon", "coordinates": [ [ [ 77.442123854542032, 23.233961246596298 ], [ 77.442124654542027, 23.234037646572574 ], [ 77.442271954542036, 23.23403614657304 ], [ 77.442271054542019, 23.233959746596764 ], [ 77.442123854542032, 23.233961246596298 ] ] ] } },
{ "type": "Feature", "properties": { }, "geometry": { "type": "Polygon", "coordinates": [ [ [ 77.442581354542028, 23.235676846063502 ], [ 77.442579554542036, 23.235736346045019 ], [ 77.442700954542033, 23.235739646043999 ], [ 77.44270285454202, 23.235680046062509 ], [ 77.442581354542028, 23.235676846063502 ] ] ] } },
{ "type": "Feature", "properties": { }, "geometry": { "type": "Polygon", "coordinates": [ [ [ 77.442032754542026, 23.236336545858617 ], [ 77.442078254542039, 23.236359645851444 ], [ 77.442129154542016, 23.23627524587765 ], [ 77.44208375454204, 23.236252045884861 ], [ 77.442032754542026, 23.236336545858617 ] ] ] } },
{ "type": "Feature", "properties": { }, "geometry": { "type": "Polygon", "coordinates": [ [ [ 77.442144654542034, 23.234129946543902 ], [ 77.442284254542031, 23.234128546544344 ], [ 77.442283254542033, 23.234044946570304 ], [ 77.442143754542016, 23.234046246569903 ], [ 77.442144654542034, 23.234129946543902 ] ] ] } },
{ "type": "Feature", "properties": { }, "geometry": { "type": "Polygon", "coordinates": [ [ [ 77.442564954542036, 23.234102646552387 ], [ 77.442565854542039, 23.234183746527201 ], [ 77.442713854542035, 23.234182346527636 ], [ 77.44271305454204, 23.234101246552822 ], [ 77.442564954542036, 23.234102646552387 ] ] ] } },
{ "type": "Feature", "properties": { }, "geometry": { "type": "Polygon", "coordinates": [ [ [ 77.441967754542034, 23.236068145941971 ], [ 77.441909454542028, 23.236182145906568 ], [ 77.441974854542039, 23.236210445897783 ], [ 77.442033254542039, 23.236096445933189 ], [ 77.441967754542034, 23.236068145941971 ] ] ] } },
{ "type": "Feature", "properties": { }, "geometry": { "type": "Polygon", "coordinates": [ [ [ 77.442572854542036, 23.234452646443689 ], [ 77.442716654542025, 23.234451346444093 ], [ 77.44271585454203, 23.234374446467974 ], [ 77.442572054542026, 23.234375746467578 ], [ 77.442572854542036, 23.234452646443689 ] ] ] } },
{ "type": "Feature", "properties": { }, "geometry": { "type": "Polygon", "coordinates": [ [ [ 77.442147754542034, 23.234222946515029 ], [ 77.442148854542026, 23.234315546486272 ], [ 77.442280854542034, 23.234314246486672 ], [ 77.442279854542036, 23.234221646515433 ], [ 77.442147754542034, 23.234222946515029 ] ] ] } },
{ "type": "Feature", "properties": { }, "geometry": { "type": "Polygon", "coordinates": [ [ [ 77.44362185454203, 23.235426346141303 ], [ 77.443548654542028, 23.235424946141737 ], [ 77.443546354542036, 23.235525646110464 ], [ 77.443619454542031, 23.235527146110002 ], [ 77.44362185454203, 23.235426346141303 ] ] ] } },
{ "type": "Feature", "properties": { }, "geometry": { "type": "Polygon", "coordinates": [ [ [ 77.442349954542038, 23.236492045810323 ], [ 77.442446254542034, 23.236529445798713 ], [ 77.442496154542027, 23.236420645832499 ], [ 77.442399854542032, 23.236383345844079 ], [ 77.442349954542038, 23.236492045810323 ] ] ] } },
{ "type": "Feature", "properties": { }, "geometry": { "type": "Polygon", "coordinates": [ [ [ 77.442204754542018, 23.235972945971543 ], [ 77.442203354542031, 23.2360516459471 ], [ 77.442336854542035, 23.236111945928371 ], [ 77.442338854542029, 23.235978545969804 ], [ 77.442204754542018, 23.235972945971543 ] ] ] } },
{ "type": "Feature", "properties": { }, "geometry": { "type": "Polygon", "coordinates": [ [ [ 77.442151354542034, 23.236279645876284 ], [ 77.442100854542034, 23.236378145845702 ], [ 77.442177054542029, 23.236411145835447 ], [ 77.442227554542029, 23.236312745866009 ], [ 77.442151354542034, 23.236279645876284 ] ] ] } },
{ "type": "Feature", "properties": { }, "geometry": { "type": "Polygon", "coordinates": [ [ [ 77.443001654542016, 23.235791646027852 ], [ 77.442997054542033, 23.235875846001701 ], [ 77.443135254542014, 23.235882345999677 ], [ 77.443139854542025, 23.235798146025832 ], [ 77.443001654542016, 23.235791646027852 ] ] ] } },
{ "type": "Feature", "properties": { }, "geometry": { "type": "Polygon", "coordinates": [ [ [ 77.44206165454203, 23.236076745939304 ], [ 77.442012954542037, 23.236187445904932 ], [ 77.442089054542024, 23.236215645896166 ], [ 77.442137654542023, 23.236105045930515 ], [ 77.44206165454203, 23.236076745939304 ] ] ] } },
{ "type": "Feature", "properties": { }, "geometry": { "type": "Polygon", "coordinates": [ [ [ 77.442592854542013, 23.235497746119126 ], [ 77.442590554542036, 23.235569946096703 ], [ 77.442715254542037, 23.235573346095649 ], [ 77.442717554542028, 23.235501146118072 ], [ 77.442592854542013, 23.235497746119126 ] ] ] } },
{ "type": "Feature", "properties": { }, "geometry": { "type": "Polygon", "coordinates": [ [ [ 77.443014654542026, 23.23562714607894 ], [ 77.44301075454203, 23.235697546057075 ], [ 77.443132854542029, 23.235703246055305 ], [ 77.443136754542039, 23.235632846077177 ], [ 77.443014654542026, 23.23562714607894 ] ] ] } },
{ "type": "Feature", "properties": { }, "geometry": { "type": "Polygon", "coordinates": [ [ [ 77.442717254542018, 23.235938245982318 ], [ 77.442712454542033, 23.236026045955054 ], [ 77.442827054542036, 23.236031345953407 ], [ 77.442831954542015, 23.235943645980644 ], [ 77.442717254542018, 23.235938245982318 ] ] ] } },
{ "type": "Feature", "properties": { }, "geometry": { "type": "Polygon", "coordinates": [ [ [ 77.442414354542024, 23.236222545894023 ], [ 77.442369354542038, 23.236345145855946 ], [ 77.442486654542023, 23.236389445842185 ], [ 77.442489354542033, 23.236244045887346 ], [ 77.442414354542024, 23.236222545894023 ] ] ] } },
{ "type": "Feature", "properties": { }, "geometry": { "type": "Polygon", "coordinates": [ [ [ 77.44213665454204, 23.23440544645835 ], [ 77.442137454542035, 23.234476146436396 ], [ 77.442286954542027, 23.234474646436862 ], [ 77.442286154542032, 23.234404046458788 ], [ 77.44213665454204, 23.23440544645835 ] ] ] } },
{ "type": "Feature", "properties": { }, "geometry": { "type": "Polygon", "coordinates": [ [ [ 77.442312554542028, 23.234225746514159 ], [ 77.442311454542036, 23.234299746491178 ], [ 77.442454054542011, 23.234301546490617 ], [ 77.442455154542031, 23.234227546513601 ], [ 77.442312554542028, 23.234225746514159 ] ] ] } },
{ "type": "Feature", "properties": { }, "geometry": { "type": "Polygon", "coordinates": [ [ [ 77.443629554542028, 23.235533546108002 ], [ 77.443710154542032, 23.235537146106889 ], [ 77.443715854542035, 23.23542904614046 ], [ 77.443635254542045, 23.23542544614158 ], [ 77.443629554542028, 23.235533546108002 ] ] ] } },
{ "type": "Feature", "properties": { }, "geometry": { "type": "Polygon", "coordinates": [ [ [ 77.442724254542014, 23.235866146004707 ], [ 77.442720554542021, 23.235933045983931 ], [ 77.442842154542035, 23.235938645982198 ], [ 77.442845854542028, 23.235871746002978 ], [ 77.442724254542014, 23.235866146004707 ] ] ] } },
{ "type": "Feature", "properties": { }, "geometry": { "type": "Polygon", "coordinates": [ [ [ 77.442379954542034, 23.235675246063998 ], [ 77.442493754542028, 23.235678346063033 ], [ 77.442495354542032, 23.235629846078101 ], [ 77.44238145454203, 23.235626846079036 ], [ 77.442379954542034, 23.235675246063998 ] ] ] } },
{ "type": "Feature", "properties": { }, "geometry": { "type": "Polygon", "coordinates": [ [ [ 77.44221215454202, 23.235889745997387 ], [ 77.442210454542035, 23.235963245974556 ], [ 77.442340554542028, 23.235965745973779 ], [ 77.442342254542012, 23.23589224599661 ], [ 77.44221215454202, 23.235889745997387 ] ] ] } },
{ "type": "Feature", "properties": { }, "geometry": { "type": "Polygon", "coordinates": [ [ [ 77.44335695454204, 23.235508046115921 ], [ 77.443434754542039, 23.235512646114501 ], [ 77.44344145454204, 23.235417146144155 ], [ 77.443363654542026, 23.235412446145624 ], [ 77.44335695454204, 23.235508046115921 ] ] ] } },
{ "type": "Feature", "properties": { }, "geometry": { "type": "Polygon", "coordinates": [ [ [ 77.442128654542032, 23.233953046598842 ], [ 77.44226415454203, 23.233951746599246 ], [ 77.442263054542025, 23.233860146627695 ], [ 77.442127654542034, 23.233861446627291 ], [ 77.442128654542032, 23.233953046598842 ] ] ] } },
{ "type": "Feature", "properties": { }, "geometry": { "type": "Polygon", "coordinates": [ [ [ 77.442585954542039, 23.235589646090585 ], [ 77.44258355454204, 23.235665946066888 ], [ 77.442708254542026, 23.235669246065864 ], [ 77.442710654542012, 23.235592946089561 ], [ 77.442585954542039, 23.235589646090585 ] ] ] } },
{ "type": "Feature", "properties": { }, "geometry": { "type": "Polygon", "coordinates": [ [ [ 77.443004454542034, 23.235705246054682 ], [ 77.44300015454202, 23.235783946030246 ], [ 77.443130954542013, 23.235790046028349 ], [ 77.443135254542014, 23.235711346052788 ], [ 77.443004454542034, 23.235705246054682 ] ] ] } },
{ "type": "Feature", "properties": { }, "geometry": { "type": "Polygon", "coordinates": [ [ [ 77.442217554542026, 23.236153245915549 ], [ 77.442140954542026, 23.236121345925458 ], [ 77.442091054542033, 23.236222745893965 ], [ 77.442167554542038, 23.236254545884083 ], [ 77.442217554542026, 23.236153245915549 ] ] ] } },
{ "type": "Feature", "properties": { }, "geometry": { "type": "Polygon", "coordinates": [ [ [ 77.442742154542017, 23.235604246086055 ], [ 77.442737454542026, 23.235687746060115 ], [ 77.442868854542027, 23.235693846058226 ], [ 77.442873554542047, 23.235610346084158 ], [ 77.442742154542017, 23.235604246086055 ] ] ] } },
{ "type": "Feature", "properties": { }, "geometry": { "type": "Polygon", "coordinates": [ [ [ 77.443021354542026, 23.235537646106732 ], [ 77.443017854542035, 23.235601046087037 ], [ 77.443123854542037, 23.235606046085486 ], [ 77.443127354542028, 23.235542546105215 ], [ 77.443021354542026, 23.235537646106732 ] ] ] } },
{ "type": "Feature", "properties": { }, "geometry": { "type": "Polygon", "coordinates": [ [ [ 77.442565754542031, 23.235850146009682 ], [ 77.442563554542033, 23.235919245988221 ], [ 77.442693054542033, 23.235922745987136 ], [ 77.442695254542031, 23.235853646008593 ], [ 77.442565754542031, 23.235850146009682 ] ] ] } },
{ "type": "Feature", "properties": { }, "geometry": { "type": "Polygon", "coordinates": [ [ [ 77.442377454542026, 23.236075245939773 ], [ 77.442373254542034, 23.236115645927221 ], [ 77.442479854542029, 23.236156945914399 ], [ 77.442482054542026, 23.236077745938989 ], [ 77.442377454542026, 23.236075245939773 ] ] ] } },
{ "type": "Feature", "properties": { }, "geometry": { "type": "Polygon", "coordinates": [ [ [ 77.442141354542031, 23.234146546538753 ], [ 77.442142154542026, 23.234217546516703 ], [ 77.442276554542033, 23.234216246517111 ], [ 77.442275754542038, 23.234145246539153 ], [ 77.442141354542031, 23.234146546538753 ] ] ] } },
{ "type": "Feature", "properties": { }, "geometry": { "type": "Polygon", "coordinates": [ [ [ 77.442551054542037, 23.234460046441399 ], [ 77.442552054542034, 23.234550846413196 ], [ 77.442716154542026, 23.234549346413665 ], [ 77.442715254542037, 23.234458546441864 ], [ 77.442551054542037, 23.234460046441399 ] ] ] } },
{ "type": "Feature", "properties": { }, "geometry": { "type": "Polygon", "coordinates": [ [ [ 77.443460854542025, 23.235432846139286 ], [ 77.44345485454204, 23.235551146102548 ], [ 77.443536954542012, 23.235554646101455 ], [ 77.443543054542033, 23.235436346138194 ], [ 77.443460854542025, 23.235432846139286 ] ] ] } },
{ "type": "Feature", "properties": { }, "geometry": { "type": "Polygon", "coordinates": [ [ [ 77.443144254542034, 23.235863346005583 ], [ 77.443252654542022, 23.235868046004125 ], [ 77.443256554542018, 23.235790846028102 ], [ 77.44314815454203, 23.235786246029527 ], [ 77.443144254542034, 23.235863346005583 ] ] ] } },
{ "type": "Feature", "properties": { }, "geometry": { "type": "Polygon", "coordinates": [ [ [ 77.442744854542013, 23.235502246117726 ], [ 77.442739954542034, 23.235590046090461 ], [ 77.442866454542028, 23.23559594608863 ], [ 77.442871254542013, 23.235508146115897 ], [ 77.442744854542013, 23.235502246117726 ] ] ] } },
{ "type": "Feature", "properties": { }, "geometry": { "type": "Polygon", "coordinates": [ [ [ 77.442567454542029, 23.233910146612171 ], [ 77.442568654542029, 23.234013746579993 ], [ 77.442728154542039, 23.234012246580463 ], [ 77.442727054542033, 23.233908646612633 ], [ 77.442567454542029, 23.233910146612171 ] ] ] } },
{ "type": "Feature", "properties": { }, "geometry": { "type": "Polygon", "coordinates": [ [ [ 77.442315954542025, 23.234142546539992 ], [ 77.442314754542039, 23.234219646516049 ], [ 77.44245805454203, 23.234221446515487 ], [ 77.442459154542036, 23.234144346539438 ], [ 77.442315954542025, 23.234142546539992 ] ] ] } },
{ "type": "Feature", "properties": { }, "geometry": { "type": "Polygon", "coordinates": [ [ [ 77.442318054542028, 23.234409946456953 ], [ 77.442317754542017, 23.234429646450838 ], [ 77.44233015454202, 23.234429846450777 ], [ 77.442329354542025, 23.234482746434349 ], [ 77.44247145454203, 23.234484546433784 ], [ 77.442472554542036, 23.234411846456361 ], [ 77.442318054542028, 23.234409946456953 ] ] ] } },
{ "type": "Feature", "properties": { }, "geometry": { "type": "Polygon", "coordinates": [ [ [ 77.442485154542013, 23.23604514594912 ], [ 77.442490554542033, 23.235875146001913 ], [ 77.44237195454204, 23.235871946002909 ], [ 77.442370954542028, 23.235903045993254 ], [ 77.442361754542034, 23.235902845993316 ], [ 77.442358554542039, 23.236004545961727 ], [ 77.442370554542038, 23.236004845961634 ], [ 77.442369354542038, 23.236042045950082 ], [ 77.442485154542013, 23.23604514594912 ] ] ] } },
{ "type": "Feature", "properties": { }, "geometry": { "type": "Polygon", "coordinates": [ [ [ 77.439499154542034, 23.241784744166338 ], [ 77.43949945454203, 23.241815244156872 ], [ 77.439550354542035, 23.24181494415696 ], [ 77.439550154542033, 23.241784444166431 ], [ 77.439499154542034, 23.241784744166338 ] ] ] } },
{ "type": "Feature", "properties": { }, "geometry": { "type": "Polygon", "coordinates": [ [ [ 77.441307154542031, 23.238543145173264 ], [ 77.441390354542023, 23.23854354517314 ], [ 77.441390954542015, 23.238429145208674 ], [ 77.441307754542038, 23.238428745208797 ], [ 77.441307154542031, 23.238543145173264 ] ] ] } },
{ "type": "Feature", "properties": { }, "geometry": { "type": "Polygon", "coordinates": [ [ [ 77.440930254542039, 23.240132944679445 ], [ 77.440964454542026, 23.240186644662764 ], [ 77.441074454542019, 23.240127544681123 ], [ 77.441040254542017, 23.240073844697811 ], [ 77.440930254542039, 23.240132944679445 ] ] ] } },
{ "type": "Feature", "properties": { }, "geometry": { "type": "Polygon", "coordinates": [ [ [ 77.439657954542014, 23.240075844697181 ], [ 77.439742054542037, 23.240100144689631 ], [ 77.439782954542025, 23.239980644726757 ], [ 77.43969885454203, 23.239956344734303 ], [ 77.439657954542014, 23.240075844697181 ] ] ] } },
{ "type": "Feature", "properties": { }, "geometry": { "type": "Polygon", "coordinates": [ [ [ 77.441573754542034, 23.238551145170778 ], [ 77.441581754542028, 23.238416845212495 ], [ 77.441491854542036, 23.238412245213926 ], [ 77.441483754542034, 23.238546545172213 ], [ 77.441573754542034, 23.238551145170778 ] ] ] } },
{ "type": "Feature", "properties": { }, "geometry": { "type": "Polygon", "coordinates": [ [ [ 77.440676854542019, 23.239888344755428 ], [ 77.440645254542034, 23.240010144717594 ], [ 77.440793454542032, 23.240005844718926 ], [ 77.440822354542036, 23.239932744741633 ], [ 77.440676854542019, 23.239888344755428 ] ] ] } },
{ "type": "Feature", "properties": { }, "geometry": { "type": "Polygon", "coordinates": [ [ [ 77.439609454542037, 23.238587645159438 ], [ 77.439733754542019, 23.238638345143695 ], [ 77.439765054542022, 23.23857354516382 ], [ 77.439640754542026, 23.238522845179567 ], [ 77.439609454542037, 23.238587645159438 ] ] ] } },
{ "type": "Feature", "properties": { }, "geometry": { "type": "Polygon", "coordinates": [ [ [ 77.44049475454203, 23.239932744741633 ], [ 77.440641654542034, 23.239972744729204 ], [ 77.440669954542031, 23.239884944756486 ], [ 77.440523154542035, 23.239844944768912 ], [ 77.44049475454203, 23.239932744741633 ] ] ] } },
{ "type": "Feature", "properties": { }, "geometry": { "type": "Polygon", "coordinates": [ [ [ 77.439395554542031, 23.241759744174104 ], [ 77.439499354542036, 23.241763844172834 ], [ 77.439502154542026, 23.241704244191347 ], [ 77.439398354542035, 23.241700144192617 ], [ 77.439395554542031, 23.241759744174104 ] ] ] } },
{ "type": "Feature", "properties": { }, "geometry": { "type": "Polygon", "coordinates": [ [ [ 77.440648154542032, 23.239422544900115 ], [ 77.440619054542026, 23.239496544877124 ], [ 77.440758154542038, 23.239542744862774 ], [ 77.44078725454203, 23.239468744885759 ], [ 77.440648154542032, 23.239422544900115 ] ] ] } },
{ "type": "Feature", "properties": { }, "geometry": { "type": "Polygon", "coordinates": [ [ [ 77.439421254542026, 23.239040445018794 ], [ 77.439549554542026, 23.239091845002832 ], [ 77.439576754542031, 23.23903454502063 ], [ 77.439448454542031, 23.23898304503663 ], [ 77.439421254542026, 23.239040445018794 ] ] ] } },
{ "type": "Feature", "properties": { }, "geometry": { "type": "Polygon", "coordinates": [ [ [ 77.440594354542029, 23.240384944601168 ], [ 77.440639254542035, 23.240453744579799 ], [ 77.440763954542021, 23.240384944601168 ], [ 77.440719154542037, 23.240316244622516 ], [ 77.440594354542029, 23.240384944601168 ] ] ] } },
{ "type": "Feature", "properties": { }, "geometry": { "type": "Polygon", "coordinates": [ [ [ 77.439442654542034, 23.23949494487762 ], [ 77.439570254542033, 23.239545844861816 ], [ 77.439601054542038, 23.239480544882099 ], [ 77.439473454542025, 23.239429644897903 ], [ 77.439442654542034, 23.23949494487762 ] ] ] } },
{ "type": "Feature", "properties": { }, "geometry": { "type": "Polygon", "coordinates": [ [ [ 77.440941854542018, 23.239145644986127 ], [ 77.441065754542038, 23.239185544973729 ], [ 77.441108954542031, 23.239072145008951 ], [ 77.44098505454204, 23.239032245021345 ], [ 77.440941854542018, 23.239145644986127 ] ] ] } },
{ "type": "Feature", "properties": { }, "geometry": { "type": "Polygon", "coordinates": [ [ [ 77.43942485454204, 23.240182244664133 ], [ 77.43953465454203, 23.240214144654221 ], [ 77.439574754542022, 23.240097744690384 ], [ 77.439464954542032, 23.24006584470029 ], [ 77.43942485454204, 23.240182244664133 ] ] ] } },
{ "type": "Feature", "properties": { }, "geometry": { "type": "Polygon", "coordinates": [ [ [ 77.441057654542035, 23.240343344614086 ], [ 77.441165754542027, 23.24028524463214 ], [ 77.441109454542016, 23.240196844659597 ], [ 77.441001454542032, 23.240254944641546 ], [ 77.441057654542035, 23.240343344614086 ] ] ] } },
{ "type": "Feature", "properties": { }, "geometry": { "type": "Polygon", "coordinates": [ [ [ 77.440655654542027, 23.239415644902255 ], [ 77.440785854542028, 23.239458844888841 ], [ 77.440819354542029, 23.239373844915239 ], [ 77.440689154542014, 23.239330644928661 ], [ 77.440655654542027, 23.239415644902255 ] ] ] } },
{ "type": "Feature", "properties": { }, "geometry": { "type": "Polygon", "coordinates": [ [ [ 77.43925865454203, 23.239444544893285 ], [ 77.439409754542027, 23.239505244874426 ], [ 77.439443054542039, 23.239435344896137 ], [ 77.43929185454202, 23.239374644914992 ], [ 77.43925865454203, 23.239444544893285 ] ] ] } },
{ "type": "Feature", "properties": { }, "geometry": { "type": "Polygon", "coordinates": [ [ [ 77.439910054542025, 23.238971745040136 ], [ 77.440027454542033, 23.239014445026879 ], [ 77.440053554542018, 23.238953845045696 ], [ 77.439936154542039, 23.23891114505896 ], [ 77.439910054542025, 23.238971745040136 ] ] ] } },
{ "type": "Feature", "properties": { }, "geometry": { "type": "Polygon", "coordinates": [ [ [ 77.440498754542048, 23.240236144647394 ], [ 77.440547854542032, 23.240311244624067 ], [ 77.440673454542036, 23.240242044645562 ], [ 77.440624454542032, 23.240166944668886 ], [ 77.440498754542048, 23.240236144647394 ] ] ] } },
{ "type": "Feature", "properties": { }, "geometry": { "type": "Polygon", "coordinates": [ [ [ 77.439412154542026, 23.240173844666739 ], [ 77.439449154542018, 23.24006654470007 ], [ 77.439339054542032, 23.240034544710014 ], [ 77.43930215454202, 23.24014174467672 ], [ 77.439412154542026, 23.240173844666739 ] ] ] } },
{ "type": "Feature", "properties": { }, "geometry": { "type": "Polygon", "coordinates": [ [ [ 77.439226454542037, 23.239507444873741 ], [ 77.439374154542037, 23.23956674485532 ], [ 77.439401454542022, 23.239509244873183 ], [ 77.439253754542023, 23.239450044891569 ], [ 77.439226454542037, 23.239507444873741 ] ] ] } },
{ "type": "Feature", "properties": { }, "geometry": { "type": "Polygon", "coordinates": [ [ [ 77.441213254542021, 23.238551145170778 ], [ 77.441302654542028, 23.238551645170624 ], [ 77.441303354542029, 23.238425545209793 ], [ 77.441213954542036, 23.238425145209916 ], [ 77.441213254542021, 23.238551145170778 ] ] ] } },
{ "type": "Feature", "properties": { }, "geometry": { "type": "Polygon", "coordinates": [ [ [ 77.439663454542028, 23.238952145046227 ], [ 77.439784154542039, 23.239000145031316 ], [ 77.439813454542033, 23.238937945050637 ], [ 77.439692754542037, 23.238889945065552 ], [ 77.439663454542028, 23.238952145046227 ] ] ] } },
{ "type": "Feature", "properties": { }, "geometry": { "type": "Polygon", "coordinates": [ [ [ 77.44075495454203, 23.240286944631617 ], [ 77.440880754542036, 23.24021914465267 ], [ 77.440834054542037, 23.240145844675439 ], [ 77.440708254542031, 23.240213644654379 ], [ 77.44075495454203, 23.240286944631617 ] ] ] } },
{ "type": "Feature", "properties": { }, "geometry": { "type": "Polygon", "coordinates": [ [ [ 77.43917415454203, 23.241786344165838 ], [ 77.439269754542039, 23.24178654416578 ], [ 77.439269854542033, 23.24174314417926 ], [ 77.439174254542039, 23.241742944179325 ], [ 77.43917415454203, 23.241786344165838 ] ] ] } },
{ "type": "Feature", "properties": { }, "geometry": { "type": "Polygon", "coordinates": [ [ [ 77.441471654542013, 23.238546145172332 ], [ 77.441472454542037, 23.238419145211779 ], [ 77.441397754542038, 23.238418745211902 ], [ 77.441396954542029, 23.238545745172459 ], [ 77.441471654542013, 23.238546145172332 ] ] ] } },
{ "type": "Feature", "properties": { }, "geometry": { "type": "Polygon", "coordinates": [ [ [ 77.44109125454203, 23.240131744679822 ], [ 77.441213954542036, 23.240062744701255 ], [ 77.441160454542029, 23.239982444726198 ], [ 77.441037754542037, 23.240051444704765 ], [ 77.44109125454203, 23.240131744679822 ] ] ] } },
{ "type": "Feature", "properties": { }, "geometry": { "type": "Polygon", "coordinates": [ [ [ 77.441554254542027, 23.239011145027902 ], [ 77.441636254542033, 23.239013945027033 ], [ 77.441640054542034, 23.23892054505604 ], [ 77.441558054542028, 23.238917745056913 ], [ 77.441554254542027, 23.239011145027902 ] ] ] } },
{ "type": "Feature", "properties": { }, "geometry": { "type": "Polygon", "coordinates": [ [ [ 77.440761454542013, 23.239155344983111 ], [ 77.440890154542018, 23.239198144969812 ], [ 77.440916254542032, 23.239131944990376 ], [ 77.440787554542027, 23.239089145003671 ], [ 77.440761454542013, 23.239155344983111 ] ] ] } },
{ "type": "Feature", "properties": { }, "geometry": { "type": "Polygon", "coordinates": [ [ [ 77.440368554542033, 23.241230444338527 ], [ 77.440461754542028, 23.241256944330296 ], [ 77.440502054542023, 23.241137444367418 ], [ 77.44040875454202, 23.241110944375649 ], [ 77.440368554542033, 23.241230444338527 ] ] ] } },
{ "type": "Feature", "properties": { }, "geometry": { "type": "Polygon", "coordinates": [ [ [ 77.439294354542028, 23.241684644197438 ], [ 77.439291254542027, 23.241752144176466 ], [ 77.43938655454204, 23.241755944175289 ], [ 77.439389754542034, 23.241688344196284 ], [ 77.439294354542028, 23.241684644197438 ] ] ] } },
{ "type": "Feature", "properties": { }, "geometry": { "type": "Polygon", "coordinates": [ [ [ 77.441460354542016, 23.239007145029138 ], [ 77.441545154542013, 23.239010045028241 ], [ 77.441548554542038, 23.238926745054119 ], [ 77.441463754542028, 23.23892384505502 ], [ 77.441460354542016, 23.239007145029138 ] ] ] } },
{ "type": "Feature", "properties": { }, "geometry": { "type": "Polygon", "coordinates": [ [ [ 77.440811754542025, 23.238991845033897 ], [ 77.440778554542035, 23.239080045006503 ], [ 77.440923654542033, 23.239126244992146 ], [ 77.440956854542037, 23.239038045019544 ], [ 77.440811754542025, 23.238991845033897 ] ] ] } },
{ "type": "Feature", "properties": { }, "geometry": { "type": "Polygon", "coordinates": [ [ [ 77.439701154542036, 23.23951324487194 ], [ 77.439813854542024, 23.239554344859176 ], [ 77.439845354542015, 23.23948124488188 ], [ 77.439732654542027, 23.239440244894617 ], [ 77.439701154542036, 23.23951324487194 ] ] ] } },
{ "type": "Feature", "properties": { }, "geometry": { "type": "Polygon", "coordinates": [ [ [ 77.438407154542034, 23.23959034484799 ], [ 77.438356354542037, 23.239745244799881 ], [ 77.438455354542029, 23.239772644791366 ], [ 77.438506154542026, 23.239617744839482 ], [ 77.438407154542034, 23.23959034484799 ] ] ] } },
{ "type": "Feature", "properties": { }, "geometry": { "type": "Polygon", "coordinates": [ [ [ 77.439228154542036, 23.239957144734053 ], [ 77.439262854542037, 23.239841244770059 ], [ 77.439193654542024, 23.239823844775465 ], [ 77.439158954542037, 23.239939644739486 ], [ 77.439228154542036, 23.239957144734053 ] ] ] } },
{ "type": "Feature", "properties": { }, "geometry": { "type": "Polygon", "coordinates": [ [ [ 77.441234254542039, 23.23988694475586 ], [ 77.441260554542012, 23.239927044743407 ], [ 77.441361354542039, 23.239871444760677 ], [ 77.441335054542037, 23.239831344773137 ], [ 77.441234254542039, 23.23988694475586 ] ] ] } },
{ "type": "Feature", "properties": { }, "geometry": { "type": "Polygon", "coordinates": [ [ [ 77.439452354542027, 23.238976645038619 ], [ 77.439591954542038, 23.239032645021226 ], [ 77.439626754542033, 23.238959345043988 ], [ 77.439487254542016, 23.238903345061384 ], [ 77.439452354542027, 23.238976645038619 ] ] ] } },
{ "type": "Feature", "properties": { }, "geometry": { "type": "Polygon", "coordinates": [ [ [ 77.440639554542031, 23.24010634468771 ], [ 77.440695654542026, 23.240205944656772 ], [ 77.44083585454203, 23.240139144677521 ], [ 77.440779754542035, 23.240039644708425 ], [ 77.440639554542031, 23.24010634468771 ] ] ] } },
{ "type": "Feature", "properties": { }, "geometry": { "type": "Polygon", "coordinates": [ [ [ 77.439833954542038, 23.239590844847839 ], [ 77.439976254542032, 23.239638444833055 ], [ 77.440031054542033, 23.239500244875973 ], [ 77.439888754542039, 23.239452644890761 ], [ 77.439833954542038, 23.239590844847839 ] ] ] } },
{ "type": "Feature", "properties": { }, "geometry": { "type": "Polygon", "coordinates": [ [ [ 77.439675654542015, 23.239597044845912 ], [ 77.439787354542034, 23.239637744833267 ], [ 77.439810454542027, 23.239584144849921 ], [ 77.439698754542022, 23.239543544862521 ], [ 77.439675654542015, 23.239597044845912 ] ] ] } },
{ "type": "Feature", "properties": { }, "geometry": { "type": "Polygon", "coordinates": [ [ [ 77.441573954542037, 23.239937644740113 ], [ 77.441523054542031, 23.239864044762971 ], [ 77.441442954542026, 23.239910844748433 ], [ 77.44149395454204, 23.239984444725575 ], [ 77.441573954542037, 23.239937644740113 ] ] ] } },
{ "type": "Feature", "properties": { }, "geometry": { "type": "Polygon", "coordinates": [ [ [ 77.441011054542045, 23.238548245171675 ], [ 77.441124654542037, 23.238538745174626 ], [ 77.441124654542037, 23.238432145207742 ], [ 77.441042554542022, 23.238429345208608 ], [ 77.441011054542045, 23.238548245171675 ] ] ] } },
{ "type": "Feature", "properties": { }, "geometry": { "type": "Polygon", "coordinates": [ [ [ 77.441464354542035, 23.239755944796553 ], [ 77.441486954542029, 23.239786544787044 ], [ 77.441567454542025, 23.239736544802579 ], [ 77.441544954542039, 23.239705944812084 ], [ 77.441464354542035, 23.239755944796553 ] ] ] } },
{ "type": "Feature", "properties": { }, "geometry": { "type": "Polygon", "coordinates": [ [ [ 77.439192854542028, 23.239594944846559 ], [ 77.439153954542036, 23.239675844821431 ], [ 77.43928865454204, 23.239730644804411 ], [ 77.439327654542012, 23.239649744829542 ], [ 77.439192854542028, 23.239594944846559 ] ] ] } },
{ "type": "Feature", "properties": { }, "geometry": { "type": "Polygon", "coordinates": [ [ [ 77.441539854542029, 23.238916845057194 ], [ 77.441625954542033, 23.238916545057286 ], [ 77.441625354542026, 23.23877814510027 ], [ 77.441539154542028, 23.238778545100146 ], [ 77.441539854542029, 23.238916845057194 ] ] ] } },
{ "type": "Feature", "properties": { }, "geometry": { "type": "Polygon", "coordinates": [ [ [ 77.439196954542027, 23.240149744674227 ], [ 77.439284454542019, 23.240175244666307 ], [ 77.439335754542029, 23.240026544712492 ], [ 77.439248154542028, 23.240001044720419 ], [ 77.439196954542027, 23.240149744674227 ] ] ] } },
{ "type": "Feature", "properties": { }, "geometry": { "type": "Polygon", "coordinates": [ [ [ 77.439758154542034, 23.23934204492512 ], [ 77.439868754542033, 23.23938224491263 ], [ 77.43989465454203, 23.2393221449313 ], [ 77.439784054542031, 23.239281944943784 ], [ 77.439758154542034, 23.23934204492512 ] ] ] } },
{ "type": "Feature", "properties": { }, "geometry": { "type": "Polygon", "coordinates": [ [ [ 77.441447054542039, 23.239898344752319 ], [ 77.441518254542032, 23.239856644765275 ], [ 77.441479054542029, 23.239799944782888 ], [ 77.441407854542021, 23.239841544769959 ], [ 77.441447054542039, 23.239898344752319 ] ] ] } },
{ "type": "Feature", "properties": { }, "geometry": { "type": "Polygon", "coordinates": [ [ [ 77.438438354542029, 23.239532744865876 ], [ 77.438637354542038, 23.239584644849767 ], [ 77.43867435454203, 23.239464944886947 ], [ 77.438475354542035, 23.239412944903091 ], [ 77.438438354542029, 23.239532744865876 ] ] ] } },
{ "type": "Feature", "properties": { }, "geometry": { "type": "Polygon", "coordinates": [ [ [ 77.440813254542036, 23.239478544882719 ], [ 77.440952054542038, 23.239526844867711 ], [ 77.44097445454203, 23.239472644884547 ], [ 77.440835554542033, 23.239424344899554 ], [ 77.440813254542036, 23.239478544882719 ] ] ] } },
{ "type": "Feature", "properties": { }, "geometry": { "type": "Polygon", "coordinates": [ [ [ 77.441072854542028, 23.24053714455389 ], [ 77.441012754542029, 23.240569244543916 ], [ 77.44108335454203, 23.240680944509226 ], [ 77.441143454542015, 23.240648844519185 ], [ 77.441072854542028, 23.24053714455389 ] ] ] } },
{ "type": "Feature", "properties": { }, "geometry": { "type": "Polygon", "coordinates": [ [ [ 77.441009454542026, 23.238967045041601 ], [ 77.441136854542023, 23.239004645029919 ], [ 77.441159554542025, 23.23893964505011 ], [ 77.441032154542029, 23.238902045061785 ], [ 77.441009454542026, 23.238967045041601 ] ] ] } },
{ "type": "Feature", "properties": { }, "geometry": { "type": "Polygon", "coordinates": [ [ [ 77.439851354542029, 23.239127844991653 ], [ 77.439967454542014, 23.239170144978512 ], [ 77.440000554542038, 23.239093345002367 ], [ 77.439884454542039, 23.239051145015477 ], [ 77.439851354542029, 23.239127844991653 ] ] ] } },
{ "type": "Feature", "properties": { }, "geometry": { "type": "Polygon", "coordinates": [ [ [ 77.439599554542028, 23.239767444792978 ], [ 77.43956815454203, 23.239848044767943 ], [ 77.439702954542028, 23.239892444754151 ], [ 77.43973435454204, 23.23981184477919 ], [ 77.439599554542028, 23.239767444792978 ] ] ] } },
{ "type": "Feature", "properties": { }, "geometry": { "type": "Polygon", "coordinates": [ [ [ 77.441242354542027, 23.240365944607067 ], [ 77.441367554542026, 23.240295344629004 ], [ 77.44132655454203, 23.240234044648044 ], [ 77.441201454542039, 23.240304644626114 ], [ 77.441242354542027, 23.240365944607067 ] ] ] } },
{ "type": "Feature", "properties": { }, "geometry": { "type": "Polygon", "coordinates": [ [ [ 77.439771154542029, 23.239271344947078 ], [ 77.439901054542034, 23.239318644932389 ], [ 77.439923054542035, 23.239267444948286 ], [ 77.439793154542031, 23.239220144962982 ], [ 77.439771154542029, 23.239271344947078 ] ] ] } },
{ "type": "Feature", "properties": { }, "geometry": { "type": "Polygon", "coordinates": [ [ [ 77.440564554542036, 23.239749144798665 ], [ 77.440697954542031, 23.239793444784908 ], [ 77.440727854542033, 23.239717444808509 ], [ 77.440594454542037, 23.239673044822304 ], [ 77.440564554542036, 23.239749144798665 ] ] ] } },
{ "type": "Feature", "properties": { }, "geometry": { "type": "Polygon", "coordinates": [ [ [ 77.441306654542032, 23.240007844718313 ], [ 77.441349954542034, 23.240070244698924 ], [ 77.44144935454203, 23.240012044717002 ], [ 77.441406054542028, 23.239949644736384 ], [ 77.441306654542032, 23.240007844718313 ] ] ] } },
{ "type": "Feature", "properties": { }, "geometry": { "type": "Polygon", "coordinates": [ [ [ 77.440836054542018, 23.239415344902351 ], [ 77.440981654542028, 23.239466044886601 ], [ 77.441003054542037, 23.239414044902752 ], [ 77.440857454542027, 23.239363444918467 ], [ 77.440836054542018, 23.239415344902351 ] ] ] } },
{ "type": "Feature", "properties": { }, "geometry": { "type": "Polygon", "coordinates": [ [ [ 77.439805454542039, 23.239218144963601 ], [ 77.43992235454202, 23.239260744950364 ], [ 77.439960354542038, 23.23917254497777 ], [ 77.439843454542029, 23.239130044990965 ], [ 77.439805454542039, 23.239218144963601 ] ] ] } },
{ "type": "Feature", "properties": { }, "geometry": { "type": "Polygon", "coordinates": [ [ [ 77.439387154542032, 23.241805644159843 ], [ 77.43948445454204, 23.241812444157734 ], [ 77.439487454542032, 23.241776144169012 ], [ 77.439438854542018, 23.241772744170067 ], [ 77.439390154542039, 23.241769344171122 ], [ 77.439387154542032, 23.241805644159843 ] ] ] } },
{ "type": "Feature", "properties": { }, "geometry": { "type": "Polygon", "coordinates": [ [ [ 77.441070454542029, 23.240355444610341 ], [ 77.441118454542035, 23.240427344587999 ], [ 77.44123225454203, 23.240363244607906 ], [ 77.441184154542029, 23.240291244630274 ], [ 77.441070454542029, 23.240355444610341 ] ] ] } },
{ "type": "Feature", "properties": { }, "geometry": { "type": "Polygon", "coordinates": [ [ [ 77.439749754542035, 23.24010234468895 ], [ 77.439825454542031, 23.240123344682431 ], [ 77.439860954542027, 23.240015544715916 ], [ 77.439785354542039, 23.239994544722439 ], [ 77.439749754542035, 23.24010234468895 ] ] ] } },
{ "type": "Feature", "properties": { }, "geometry": { "type": "Polygon", "coordinates": [ [ [ 77.439648854542028, 23.240237844646863 ], [ 77.439687054542034, 23.240120144683427 ], [ 77.439584654542017, 23.240092144692124 ], [ 77.43954645454204, 23.240209744655587 ], [ 77.439648854542028, 23.240237844646863 ] ] ] } },
{ "type": "Feature", "properties": { }, "geometry": { "type": "Polygon", "coordinates": [ [ [ 77.440872654542034, 23.240460744577625 ], [ 77.440915454542036, 23.240528044556722 ], [ 77.441022154542026, 23.240470644574547 ], [ 77.440979354542023, 23.24040334459546 ], [ 77.440872654542034, 23.240460744577625 ] ] ] } },
{ "type": "Feature", "properties": { }, "geometry": { "type": "Polygon", "coordinates": [ [ [ 77.441162754542034, 23.239791344785559 ], [ 77.441201954542024, 23.239850144767292 ], [ 77.441304654542037, 23.239792344785247 ], [ 77.441265454542034, 23.23973354480351 ], [ 77.441162754542034, 23.239791344785559 ] ] ] } },
{ "type": "Feature", "properties": { }, "geometry": { "type": "Polygon", "coordinates": [ [ [ 77.440691954542032, 23.239328144929438 ], [ 77.44082125454203, 23.239371144916078 ], [ 77.440853354542028, 23.239289444941452 ], [ 77.440724054542031, 23.239246544954781 ], [ 77.440691954542032, 23.239328144929438 ] ] ] } },
{ "type": "Feature", "properties": { }, "geometry": { "type": "Polygon", "coordinates": [ [ [ 77.439353154542033, 23.239207344966957 ], [ 77.439487754542029, 23.239261444950152 ], [ 77.439532154542022, 23.239167944979194 ], [ 77.439397554542026, 23.239113944995967 ], [ 77.439353154542033, 23.239207344966957 ] ] ] } },
{ "type": "Feature", "properties": { }, "geometry": { "type": "Polygon", "coordinates": [ [ [ 77.44119785454204, 23.240288844631024 ], [ 77.441317854542035, 23.240221244652016 ], [ 77.441274954542038, 23.240157044671964 ], [ 77.441154954542014, 23.240224644650969 ], [ 77.44119785454204, 23.240288844631024 ] ] ] } },
{ "type": "Feature", "properties": { }, "geometry": { "type": "Polygon", "coordinates": [ [ [ 77.441101154542039, 23.238664745135495 ], [ 77.441107254542032, 23.238549545171278 ], [ 77.441017854542025, 23.238556745169042 ], [ 77.440981654542028, 23.238663345135933 ], [ 77.441101154542039, 23.238664745135495 ] ] ] } },
{ "type": "Feature", "properties": { }, "geometry": { "type": "Polygon", "coordinates": [ [ [ 77.440750654542029, 23.240298844627912 ], [ 77.440792154542038, 23.240364144607632 ], [ 77.440920954542037, 23.240294844629162 ], [ 77.440879354542034, 23.240229644649411 ], [ 77.440750654542029, 23.240298844627912 ] ] ] } },
{ "type": "Feature", "properties": { }, "geometry": { "type": "Polygon", "coordinates": [ [ [ 77.439276254542037, 23.241792444163949 ], [ 77.439380154542036, 23.24179794416224 ], [ 77.439382554542036, 23.241760444173888 ], [ 77.439278554542028, 23.2417549441756 ], [ 77.439276254542037, 23.241792444163949 ] ] ] } },
{ "type": "Feature", "properties": { }, "geometry": { "type": "Polygon", "coordinates": [ [ [ 77.440011254542028, 23.238747445109812 ], [ 77.440127854542013, 23.23878984509664 ], [ 77.44016555454202, 23.238702445123781 ], [ 77.440048954542036, 23.238660045136953 ], [ 77.440011254542028, 23.238747445109812 ] ] ] } },
{ "type": "Feature", "properties": { }, "geometry": { "type": "Polygon", "coordinates": [ [ [ 77.439666254542033, 23.240258844640334 ], [ 77.439750654542024, 23.240281444633315 ], [ 77.439788154542029, 23.240163144670067 ], [ 77.439703854542032, 23.240140544677079 ], [ 77.439666254542033, 23.240258844640334 ] ] ] } },
{ "type": "Feature", "properties": { }, "geometry": { "type": "Polygon", "coordinates": [ [ [ 77.43877225454203, 23.239634044834425 ], [ 77.438901054542029, 23.239667644823982 ], [ 77.438944154542028, 23.239528044867338 ], [ 77.438815454542038, 23.239494444877781 ], [ 77.43877225454203, 23.239634044834425 ] ] ] } },
{ "type": "Feature", "properties": { }, "geometry": { "type": "Polygon", "coordinates": [ [ [ 77.440721054542038, 23.239241244956428 ], [ 77.440854554542028, 23.239285644942637 ], [ 77.440887354542028, 23.239202144968573 ], [ 77.440753954542032, 23.239157844982334 ], [ 77.440721054542038, 23.239241244956428 ] ] ] } },
{ "type": "Feature", "properties": { }, "geometry": { "type": "Polygon", "coordinates": [ [ [ 77.439122654542032, 23.241715344187895 ], [ 77.439174654542015, 23.241715044187984 ], [ 77.439174254542039, 23.241672544201187 ], [ 77.439122354542036, 23.241672944201071 ], [ 77.439122654542032, 23.241715344187895 ] ] ] } },
{ "type": "Feature", "properties": { }, "geometry": { "type": "Polygon", "coordinates": [ [ [ 77.439976554542028, 23.239214044964879 ], [ 77.439935454542038, 23.239321544931482 ], [ 77.440093654542039, 23.239372744915581 ], [ 77.440134854542038, 23.239265244948967 ], [ 77.439976554542028, 23.239214044964879 ] ] ] } },
{ "type": "Feature", "properties": { }, "geometry": { "type": "Polygon", "coordinates": [ [ [ 77.441293054542029, 23.238654045138816 ], [ 77.441369554542021, 23.238656045138196 ], [ 77.441372554542028, 23.238557945168669 ], [ 77.441296054542022, 23.238555945169285 ], [ 77.441293054542029, 23.238654045138816 ] ] ] } },
{ "type": "Feature", "properties": { }, "geometry": { "type": "Polygon", "coordinates": [ [ [ 77.43947305454202, 23.239427144898681 ], [ 77.439604254542019, 23.239479344882469 ], [ 77.439648054542033, 23.239386544911294 ], [ 77.439516754542026, 23.239334344927506 ], [ 77.43947305454202, 23.239427144898681 ] ] ] } },
{ "type": "Feature", "properties": { }, "geometry": { "type": "Polygon", "coordinates": [ [ [ 77.438716354542038, 23.23981014477971 ], [ 77.438839354542026, 23.239844144769158 ], [ 77.438883654542039, 23.239708944811152 ], [ 77.438760754542031, 23.239674844821742 ], [ 77.438716354542038, 23.23981014477971 ] ] ] } },
{ "type": "Feature", "properties": { }, "geometry": { "type": "Polygon", "coordinates": [ [ [ 77.439235454542015, 23.239967444730855 ], [ 77.439314354542034, 23.239987444724648 ], [ 77.439352854542037, 23.23985894476456 ], [ 77.439273854542037, 23.239839044770736 ], [ 77.439235454542015, 23.239967444730855 ] ] ] } },
{ "type": "Feature", "properties": { }, "geometry": { "type": "Polygon", "coordinates": [ [ [ 77.43974115454202, 23.239852344766607 ], [ 77.439883054542022, 23.23990024475173 ], [ 77.439933154542032, 23.239774844790681 ], [ 77.43979125454203, 23.239726944805557 ], [ 77.43974115454202, 23.239852344766607 ] ] ] } },
{ "type": "Feature", "properties": { }, "geometry": { "type": "Polygon", "coordinates": [ [ [ 77.440036054542034, 23.239085945004668 ], [ 77.439990654542029, 23.239207544966899 ], [ 77.440151154542022, 23.239258044951207 ], [ 77.440196554542027, 23.239136544988945 ], [ 77.440036054542034, 23.239085945004668 ] ] ] } },
{ "type": "Feature", "properties": { }, "geometry": { "type": "Polygon", "coordinates": [ [ [ 77.439599954542032, 23.239757644796025 ], [ 77.439731054542023, 23.239805344781207 ], [ 77.43976485454202, 23.239726944805557 ], [ 77.439633754542029, 23.239679144820411 ], [ 77.439599954542032, 23.239757644796025 ] ] ] } },
{ "type": "Feature", "properties": { }, "geometry": { "type": "Polygon", "coordinates": [ [ [ 77.439515254542016, 23.239327344929684 ], [ 77.439647054542021, 23.239379744913407 ], [ 77.439682254542035, 23.239305144936576 ], [ 77.439550354542035, 23.239252744952861 ], [ 77.439515254542016, 23.239327344929684 ] ] ] } },
{ "type": "Feature", "properties": { }, "geometry": { "type": "Polygon", "coordinates": [ [ [ 77.439886754542016, 23.239449144891854 ], [ 77.440027754542029, 23.239496144877251 ], [ 77.440074254542026, 23.239378144913907 ], [ 77.439933154542032, 23.239331244928472 ], [ 77.439886754542016, 23.239449144891854 ] ] ] } },
{ "type": "Feature", "properties": { }, "geometry": { "type": "Polygon", "coordinates": [ [ [ 77.440682154542031, 23.239876044759242 ], [ 77.440810254542015, 23.239911144748344 ], [ 77.44083585454203, 23.239832244772852 ], [ 77.440707854542026, 23.239797144783758 ], [ 77.440682154542031, 23.239876044759242 ] ] ] } },
{ "type": "Feature", "properties": { }, "geometry": { "type": "Polygon", "coordinates": [ [ [ 77.43857095454203, 23.239785144787483 ], [ 77.438611154542031, 23.239662444825598 ], [ 77.438506454542036, 23.239633444834599 ], [ 77.438466254542035, 23.239756144796491 ], [ 77.43857095454203, 23.239785144787483 ] ] ] } },
{ "type": "Feature", "properties": { }, "geometry": { "type": "Polygon", "coordinates": [ [ [ 77.440531654542013, 23.239830444773407 ], [ 77.440664454542031, 23.23987354476002 ], [ 77.440693654542031, 23.239797544783634 ], [ 77.440560854542014, 23.239754444797018 ], [ 77.440531654542013, 23.239830444773407 ] ] ] } },
{ "type": "Feature", "properties": { }, "geometry": { "type": "Polygon", "coordinates": [ [ [ 77.441415154542028, 23.239684244818822 ], [ 77.44143475454203, 23.239710744810587 ], [ 77.441517154542012, 23.239659644826467 ], [ 77.441497654542033, 23.239633044834726 ], [ 77.441415154542028, 23.239684244818822 ] ] ] } },
{ "type": "Feature", "properties": { }, "geometry": { "type": "Polygon", "coordinates": [ [ [ 77.440869654542027, 23.239361444919094 ], [ 77.441003554542036, 23.239408044904618 ], [ 77.441025154542032, 23.239355544920926 ], [ 77.440891254542038, 23.239308944935395 ], [ 77.440869654542027, 23.239361444919094 ] ] ] } },
{ "type": "Feature", "properties": { }, "geometry": { "type": "Polygon", "coordinates": [ [ [ 77.439838954542012, 23.239621744838235 ], [ 77.439797654542033, 23.239725144806123 ], [ 77.439929454542039, 23.239769644792297 ], [ 77.439970754542017, 23.239666144824447 ], [ 77.439838954542012, 23.239621744838235 ] ] ] } },
{ "type": "Feature", "properties": { }, "geometry": { "type": "Polygon", "coordinates": [ [ [ 77.439641854542032, 23.239675044821681 ], [ 77.439763354542038, 23.239719244807951 ], [ 77.439792654542018, 23.239651344829042 ], [ 77.439671154542026, 23.239607044842799 ], [ 77.439641854542032, 23.239675044821681 ] ] ] } },
{ "type": "Feature", "properties": { }, "geometry": { "type": "Polygon", "coordinates": [ [ [ 77.43940675454202, 23.239558844857775 ], [ 77.439531554542015, 23.239608744842275 ], [ 77.43956145454203, 23.239545544861908 ], [ 77.439436654542035, 23.239495644877408 ], [ 77.43940675454202, 23.239558844857775 ] ] ] } },
{ "type": "Feature", "properties": { }, "geometry": { "type": "Polygon", "coordinates": [ [ [ 77.439381654542018, 23.240008044718245 ], [ 77.439421854542033, 23.239882944757102 ], [ 77.439359054542038, 23.239865944762386 ], [ 77.439318854542023, 23.239991044723524 ], [ 77.439381654542018, 23.240008044718245 ] ] ] } },
{ "type": "Feature", "properties": { }, "geometry": { "type": "Polygon", "coordinates": [ [ [ 77.439393354542034, 23.239102044999665 ], [ 77.43951405454203, 23.239150444984631 ], [ 77.439540254542038, 23.239095245001781 ], [ 77.439419654542036, 23.239046845016812 ], [ 77.439393354542034, 23.239102044999665 ] ] ] } },
{ "type": "Feature", "properties": { }, "geometry": { "type": "Polygon", "coordinates": [ [ [ 77.441526454542029, 23.239859744764313 ], [ 77.441610554542038, 23.239810444779621 ], [ 77.441593354542036, 23.239785644787325 ], [ 77.441509254542026, 23.239834944772014 ], [ 77.441526454542029, 23.239859744764313 ] ] ] } },
{ "type": "Feature", "properties": { }, "geometry": { "type": "Polygon", "coordinates": [ [ [ 77.441144854542017, 23.240221044652085 ], [ 77.44127325454204, 23.240148744674539 ], [ 77.44122195454203, 23.240071944698396 ], [ 77.44109365454203, 23.240144344675908 ], [ 77.441144854542017, 23.240221044652085 ] ] ] } },
{ "type": "Feature", "properties": { }, "geometry": { "type": "Polygon", "coordinates": [ [ [ 77.440081454542039, 23.238944145048716 ], [ 77.440231154542033, 23.23899804503197 ], [ 77.440285854542026, 23.238870045071724 ], [ 77.440136154542031, 23.238816045088498 ], [ 77.440081454542039, 23.238944145048716 ] ] ] } },
{ "type": "Feature", "properties": { }, "geometry": { "type": "Polygon", "coordinates": [ [ [ 77.43824875454203, 23.239695644815281 ], [ 77.438358854542017, 23.239724344806366 ], [ 77.438396154542033, 23.239603444843922 ], [ 77.438286054542033, 23.239574744852842 ], [ 77.43824875454203, 23.239695644815281 ] ] ] } },
{ "type": "Feature", "properties": { }, "geometry": { "type": "Polygon", "coordinates": [ [ [ 77.439369454542017, 23.239655044827888 ], [ 77.439512454542026, 23.239705944812084 ], [ 77.43954685454203, 23.239624144837492 ], [ 77.439403854542036, 23.239573244853307 ], [ 77.439369454542017, 23.239655044827888 ] ] ] } },
{ "type": "Feature", "properties": { }, "geometry": { "type": "Polygon", "coordinates": [ [ [ 77.441352754542038, 23.239755344796741 ], [ 77.441406454542033, 23.239832844772664 ], [ 77.441480754542027, 23.239789444786147 ], [ 77.441427054542032, 23.239711844810252 ], [ 77.441352754542038, 23.239755344796741 ] ] ] } },
{ "type": "Feature", "properties": { }, "geometry": { "type": "Polygon", "coordinates": [ [ [ 77.440804554542026, 23.23954774486122 ], [ 77.440918554542037, 23.239588444848582 ], [ 77.440939654542035, 23.239538544864079 ], [ 77.440825654542039, 23.239497944876696 ], [ 77.440804554542026, 23.23954774486122 ] ] ] } },
{ "type": "Feature", "properties": { }, "geometry": { "type": "Polygon", "coordinates": [ [ [ 77.440499354542027, 23.240230444649161 ], [ 77.440617454542036, 23.240165344669382 ], [ 77.440555654542038, 23.240070544698831 ], [ 77.440437454542035, 23.24013564467861 ], [ 77.440499354542027, 23.240230444649161 ] ] ] } },
{ "type": "Feature", "properties": { }, "geometry": { "type": "Polygon", "coordinates": [ [ [ 77.439949654542033, 23.238890345065421 ], [ 77.440045654542033, 23.23892534505455 ], [ 77.440076354542015, 23.238854045076693 ], [ 77.43998035454203, 23.238819045087567 ], [ 77.439949654542033, 23.238890345065421 ] ] ] } },
{ "type": "Feature", "properties": { }, "geometry": { "type": "Polygon", "coordinates": [ [ [ 77.439722354542027, 23.238800345093374 ], [ 77.439851154542026, 23.238840245080986 ], [ 77.439876754542027, 23.238770545102636 ], [ 77.439747954542028, 23.238730645115027 ], [ 77.439722354542027, 23.238800345093374 ] ] ] } },
{ "type": "Feature", "properties": { }, "geometry": { "type": "Polygon", "coordinates": [ [ [ 77.439394354542031, 23.240019144714797 ], [ 77.439484754542036, 23.240043844707127 ], [ 77.439528354542034, 23.23990884474906 ], [ 77.439437954542029, 23.239884244756702 ], [ 77.439394354542031, 23.240019144714797 ] ] ] } },
{ "type": "Feature", "properties": { }, "geometry": { "type": "Polygon", "coordinates": [ [ [ 77.441286854542028, 23.239665144824759 ], [ 77.44134785454203, 23.239753244797392 ], [ 77.441423654542035, 23.239708944811152 ], [ 77.441362654542033, 23.239620844838516 ], [ 77.441286854542028, 23.239665144824759 ] ] ] } },
{ "type": "Feature", "properties": { }, "geometry": { "type": "Polygon", "coordinates": [ [ [ 77.440756654542028, 23.239639044832863 ], [ 77.440901154542033, 23.239687644817764 ], [ 77.440931854542029, 23.239610544841714 ], [ 77.440787354542039, 23.239561944856813 ], [ 77.440756654542028, 23.239639044832863 ] ] ] } },
{ "type": "Feature", "properties": { }, "geometry": { "type": "Polygon", "coordinates": [ [ [ 77.439162654542031, 23.24177934416802 ], [ 77.439161354542037, 23.241733744182184 ], [ 77.439118654542014, 23.241734844181838 ], [ 77.43912005454203, 23.24178044416767 ], [ 77.439162654542031, 23.24177934416802 ] ] ] } },
{ "type": "Feature", "properties": { }, "geometry": { "type": "Polygon", "coordinates": [ [ [ 77.439756754542032, 23.238648245140617 ], [ 77.439817354542015, 23.238670545133697 ], [ 77.439848154542034, 23.238600045155593 ], [ 77.439787554542036, 23.238577645162554 ], [ 77.439756754542032, 23.238648245140617 ] ] ] } },
{ "type": "Feature", "properties": { }, "geometry": { "type": "Polygon", "coordinates": [ [ [ 77.440704354542035, 23.240545144551405 ], [ 77.440753954542032, 23.2406211445278 ], [ 77.440880654542028, 23.240551344549484 ], [ 77.440831054542016, 23.240475344573088 ], [ 77.440704354542035, 23.240545144551405 ] ] ] } },
{ "type": "Feature", "properties": { }, "geometry": { "type": "Polygon", "coordinates": [ [ [ 77.439498354542039, 23.24002774471213 ], [ 77.439574054542035, 23.240048144705789 ], [ 77.439606254542014, 23.239947044737193 ], [ 77.439530554542031, 23.239926744743499 ], [ 77.439498354542039, 23.24002774471213 ] ] ] } },
{ "type": "Feature", "properties": { }, "geometry": { "type": "Polygon", "coordinates": [ [ [ 77.440863254542037, 23.240455844579145 ], [ 77.440967354542039, 23.240399844596539 ], [ 77.44091555454203, 23.240318444621824 ], [ 77.440811354542035, 23.240374444604434 ], [ 77.440863254542037, 23.240455844579145 ] ] ] } },
{ "type": "Feature", "properties": { }, "geometry": { "type": "Polygon", "coordinates": [ [ [ 77.439717954542033, 23.238800645093281 ], [ 77.439694354542027, 23.238858545075299 ], [ 77.439816454542026, 23.238900645062227 ], [ 77.439840054542032, 23.238842745080202 ], [ 77.439717954542033, 23.238800645093281 ] ] ] } },
{ "type": "Feature", "properties": { }, "geometry": { "type": "Polygon", "coordinates": [ [ [ 77.439583654542048, 23.239154844983265 ], [ 77.43969725454204, 23.239200044969223 ], [ 77.439744954542036, 23.239098745000689 ], [ 77.439631354542016, 23.239053645014707 ], [ 77.439583654542048, 23.239154844983265 ] ] ] } },
{ "type": "Feature", "properties": { }, "geometry": { "type": "Polygon", "coordinates": [ [ [ 77.44141775454203, 23.240506944563275 ], [ 77.441470254542025, 23.240480644571441 ], [ 77.441402554542037, 23.240366644606858 ], [ 77.441350054542028, 23.240392944598682 ], [ 77.44141775454203, 23.240506944563275 ] ] ] } },
{ "type": "Feature", "properties": { }, "geometry": { "type": "Polygon", "coordinates": [ [ [ 77.44064795454203, 23.240466944575694 ], [ 77.440695054542033, 23.240539044553302 ], [ 77.440820354542012, 23.240470044574732 ], [ 77.440773254542023, 23.240397844597162 ], [ 77.44064795454203, 23.240466944575694 ] ] ] } },
{ "type": "Feature", "properties": { }, "geometry": { "type": "Polygon", "coordinates": [ [ [ 77.43865425454203, 23.239593744846932 ], [ 77.438759554542017, 23.239621144838424 ], [ 77.438797754542037, 23.239497544876819 ], [ 77.438692454542021, 23.239470144885331 ], [ 77.43865425454203, 23.239593744846932 ] ] ] } },
{ "type": "Feature", "properties": { }, "geometry": { "type": "Polygon", "coordinates": [ [ [ 77.44144025454203, 23.238897745063117 ], [ 77.44152995454202, 23.238900745062192 ], [ 77.441534654542039, 23.238779945099715 ], [ 77.441444954542035, 23.238776945100646 ], [ 77.44144025454203, 23.238897745063117 ] ] ] } },
{ "type": "Feature", "properties": { }, "geometry": { "type": "Polygon", "coordinates": [ [ [ 77.44113075454203, 23.24050514456383 ], [ 77.441077754542022, 23.240533644554976 ], [ 77.441152154542038, 23.240650444518693 ], [ 77.441205254542027, 23.240621844527578 ], [ 77.44113075454203, 23.24050514456383 ] ] ] } },
{ "type": "Feature", "properties": { }, "geometry": { "type": "Polygon", "coordinates": [ [ [ 77.439059154542022, 23.239871844760557 ], [ 77.439153654542039, 23.239898344752319 ], [ 77.43918325454203, 23.239809344779967 ], [ 77.439088654542033, 23.239782844788198 ], [ 77.439059154542022, 23.239871844760557 ] ] ] } },
{ "type": "Feature", "properties": { }, "geometry": { "type": "Polygon", "coordinates": [ [ [ 77.438989754542035, 23.240078344696403 ], [ 77.439092554542029, 23.240108244687114 ], [ 77.439153454542037, 23.239931444742037 ], [ 77.439050654542029, 23.239901544751326 ], [ 77.438989754542035, 23.240078344696403 ] ] ] } },
{ "type": "Feature", "properties": { }, "geometry": { "type": "Polygon", "coordinates": [ [ [ 77.441145554542032, 23.240514944560786 ], [ 77.441232854542037, 23.240652944517919 ], [ 77.441429954542031, 23.240547544550662 ], [ 77.441342654542026, 23.240409644593491 ], [ 77.441145554542032, 23.240514944560786 ] ] ] } },
{ "type": "Feature", "properties": { }, "geometry": { "type": "Polygon", "coordinates": [ [ [ 77.441514354542051, 23.239825344774996 ], [ 77.44159225454203, 23.239779544789222 ], [ 77.441568054542017, 23.239744744800024 ], [ 77.441490154542038, 23.239790644785778 ], [ 77.441514354542051, 23.239825344774996 ] ] ] } },
{ "type": "Feature", "properties": { }, "geometry": { "type": "Polygon", "coordinates": [ [ [ 77.441140154542012, 23.23854194517364 ], [ 77.441210254542028, 23.238542245173548 ], [ 77.441210854542035, 23.238429845208461 ], [ 77.441140854542027, 23.238429445208578 ], [ 77.441140154542012, 23.23854194517364 ] ] ] } },
{ "type": "Feature", "properties": { }, "geometry": { "type": "Polygon", "coordinates": [ [ [ 77.439632654542024, 23.23902234502442 ], [ 77.439722254542033, 23.239056445013826 ], [ 77.439751654542022, 23.23899104503414 ], [ 77.439662054542012, 23.238956945044738 ], [ 77.439632654542024, 23.23902234502442 ] ] ] } },
{ "type": "Feature", "properties": { }, "geometry": { "type": "Polygon", "coordinates": [ [ [ 77.441438254542035, 23.239711544810341 ], [ 77.441466454542038, 23.239749844798443 ], [ 77.441546554542029, 23.239700144813888 ], [ 77.441518354542026, 23.239661844825779 ], [ 77.441438254542035, 23.239711544810341 ] ] ] } },
{ "type": "Feature", "properties": { }, "geometry": { "type": "Polygon", "coordinates": [ [ [ 77.441248654542036, 23.2396041448437 ], [ 77.441283754542027, 23.239654844827957 ], [ 77.441361954542032, 23.239609144842149 ], [ 77.441326854542027, 23.239558444857895 ], [ 77.441248654542036, 23.2396041448437 ] ] ] } },
{ "type": "Feature", "properties": { }, "geometry": { "type": "Polygon", "coordinates": [ [ [ 77.439335754542029, 23.239278844944749 ], [ 77.439462254542036, 23.239329644928972 ], [ 77.439491954542035, 23.239267144948379 ], [ 77.439365454542028, 23.239216344964156 ], [ 77.439335754542029, 23.239278844944749 ] ] ] } },
{ "type": "Feature", "properties": { }, "geometry": { "type": "Polygon", "coordinates": [ [ [ 77.439976354542026, 23.238808445090861 ], [ 77.440089154542022, 23.238849445078124 ], [ 77.440113254542027, 23.238793645095459 ], [ 77.440000354542036, 23.238752545108223 ], [ 77.439976354542026, 23.238808445090861 ] ] ] } },
{ "type": "Feature", "properties": { }, "geometry": { "type": "Polygon", "coordinates": [ [ [ 77.439541454542024, 23.239242944955901 ], [ 77.439672054542029, 23.239294844939778 ], [ 77.439710354542029, 23.239213344965094 ], [ 77.439579754542024, 23.239161444981221 ], [ 77.439541454542024, 23.239242944955901 ] ] ] } },
{ "type": "Feature", "properties": { }, "geometry": { "type": "Polygon", "coordinates": [ [ [ 77.441421054542047, 23.239669144823512 ], [ 77.441492354542035, 23.239623344837742 ], [ 77.441467254542033, 23.23959034484799 ], [ 77.441395954542031, 23.239636044833791 ], [ 77.441421054542047, 23.239669144823512 ] ] ] } },
{ "type": "Feature", "properties": { }, "geometry": { "type": "Polygon", "coordinates": [ [ [ 77.441007254542029, 23.240565144545197 ], [ 77.440937154542027, 23.240601444533915 ], [ 77.441016254542035, 23.24073034449388 ], [ 77.441086354542037, 23.240694044505151 ], [ 77.441007254542029, 23.240565144545197 ] ] ] } },
{ "type": "Feature", "properties": { }, "geometry": { "type": "Polygon", "coordinates": [ [ [ 77.441289254542028, 23.23997014473002 ], [ 77.44131155454204, 23.24000254471995 ], [ 77.441396854542035, 23.239952844735392 ], [ 77.441374554542037, 23.239920444745458 ], [ 77.441289254542028, 23.23997014473002 ] ] ] } },
{ "type": "Feature", "properties": { }, "geometry": { "type": "Polygon", "coordinates": [ [ [ 77.43953655454203, 23.238743245111113 ], [ 77.439499854542021, 23.238818245087817 ], [ 77.439653554542033, 23.238881845068057 ], [ 77.439690354542023, 23.238806845091357 ], [ 77.43953655454203, 23.238743245111113 ] ] ] } },
{ "type": "Feature", "properties": { }, "geometry": { "type": "Polygon", "coordinates": [ [ [ 77.440938554542029, 23.239159944981679 ], [ 77.440884554542038, 23.239301644937669 ], [ 77.441014854542033, 23.239343544924651 ], [ 77.441068854542038, 23.239201844968662 ], [ 77.440938554542029, 23.239159944981679 ] ] ] } },
{ "type": "Feature", "properties": { }, "geometry": { "type": "Polygon", "coordinates": [ [ [ 77.439283654542024, 23.23936404491829 ], [ 77.439443354542036, 23.23942814489838 ], [ 77.439479254542022, 23.239352744921792 ], [ 77.439319454542016, 23.239288644941698 ], [ 77.439283654542024, 23.23936404491829 ] ] ] } },
{ "type": "Feature", "properties": { }, "geometry": { "type": "Polygon", "coordinates": [ [ [ 77.439568754542037, 23.238667845134536 ], [ 77.439534254542025, 23.238739245112356 ], [ 77.439685554542038, 23.238800945093189 ], [ 77.439720054542036, 23.2387294451154 ], [ 77.439568754542037, 23.238667845134536 ] ] ] } },
{ "type": "Feature", "properties": { }, "geometry": { "type": "Polygon", "coordinates": [ [ [ 77.440716354542019, 23.239772544791396 ], [ 77.440839654542032, 23.239806344780895 ], [ 77.440855854542036, 23.239756544796364 ], [ 77.440732554542038, 23.239722744806866 ], [ 77.440716354542019, 23.239772544791396 ] ] ] } },
{ "type": "Feature", "properties": { }, "geometry": { "type": "Polygon", "coordinates": [ [ [ 77.439722454542022, 23.239427344898623 ], [ 77.439850454542039, 23.239473944884143 ], [ 77.439883454542027, 23.239397344907939 ], [ 77.439755454542038, 23.239350744922415 ], [ 77.439722454542022, 23.239427344898623 ] ] ] } },
{ "type": "Feature", "properties": { }, "geometry": { "type": "Polygon", "coordinates": [ [ [ 77.441006454542034, 23.240730444493845 ], [ 77.440932854542027, 23.240611644530752 ], [ 77.440874454542026, 23.240642144521278 ], [ 77.440948054542019, 23.240760944484368 ], [ 77.441006454542034, 23.240730444493845 ] ] ] } },
{ "type": "Feature", "properties": { }, "geometry": { "type": "Polygon", "coordinates": [ [ [ 77.441257054542035, 23.239932144741822 ], [ 77.441282454542019, 23.239969944730085 ], [ 77.441376954542037, 23.239916344746732 ], [ 77.441351654542018, 23.239878544758469 ], [ 77.441257054542035, 23.239932144741822 ] ] ] } },
{ "type": "Feature", "properties": { }, "geometry": { "type": "Polygon", "coordinates": [ [ [ 77.439489254542039, 23.238899945062439 ], [ 77.439617054542026, 23.238951145046538 ], [ 77.439648854542028, 23.238884245067322 ], [ 77.439521154542035, 23.238832945083249 ], [ 77.439489254542039, 23.238899945062439 ] ] ] } },
{ "type": "Feature", "properties": { }, "geometry": { "type": "Polygon", "coordinates": [ [ [ 77.441204254542029, 23.238657745137669 ], [ 77.441289554542038, 23.238659945136988 ], [ 77.441292754542047, 23.23855704516895 ], [ 77.44120735454203, 23.238554845169634 ], [ 77.441204254542029, 23.238657745137669 ] ] ] } },
{ "type": "Feature", "properties": { }, "geometry": { "type": "Polygon", "coordinates": [ [ [ 77.441207254542036, 23.239849344767535 ], [ 77.441231954542019, 23.239886644755952 ], [ 77.441331554542032, 23.239831044773222 ], [ 77.441306854542034, 23.239793644784847 ], [ 77.441207254542036, 23.239849344767535 ] ] ] } },
{ "type": "Feature", "properties": { }, "geometry": { "type": "Polygon", "coordinates": [ [ [ 77.441339154542035, 23.239549944860535 ], [ 77.441365754542034, 23.239588344848613 ], [ 77.441435754542027, 23.239547444861316 ], [ 77.441409154542029, 23.239509044873252 ], [ 77.441339154542035, 23.239549944860535 ] ] ] } },
{ "type": "Feature", "properties": { }, "geometry": { "type": "Polygon", "coordinates": [ [ [ 77.441116954542039, 23.238663845135772 ], [ 77.44120185454203, 23.238666045135094 ], [ 77.441205254542027, 23.23855574516935 ], [ 77.441120254542028, 23.238553545170042 ], [ 77.441116954542039, 23.238663845135772 ] ] ] } },
{ "type": "Feature", "properties": { }, "geometry": { "type": "Polygon", "coordinates": [ [ [ 77.439609654542053, 23.238599745155685 ], [ 77.439576554542029, 23.238668145134444 ], [ 77.439719254542027, 23.238726345116358 ], [ 77.439752354542037, 23.238657845137642 ], [ 77.439609654542053, 23.238599745155685 ] ] ] } },
{ "type": "Feature", "properties": { }, "geometry": { "type": "Polygon", "coordinates": [ [ [ 77.441164654542021, 23.239788644786397 ], [ 77.441263254542037, 23.239732344803883 ], [ 77.441237354542025, 23.239694144815751 ], [ 77.441138854542032, 23.239750444798265 ], [ 77.441164654542021, 23.239788644786397 ] ] ] } },
{ "type": "Feature", "properties": { }, "geometry": { "type": "Polygon", "coordinates": [ [ [ 77.439219354542033, 23.239511544872467 ], [ 77.439184654542032, 23.239584544849791 ], [ 77.439337554542035, 23.239645844830751 ], [ 77.439372154542028, 23.2395729448534 ], [ 77.439219354542033, 23.239511544872467 ] ] ] } },
{ "type": "Feature", "properties": { }, "geometry": { "type": "Polygon", "coordinates": [ [ [ 77.439095654542029, 23.240109744686652 ], [ 77.439191554542035, 23.24013764467799 ], [ 77.439239854542038, 23.239997544721511 ], [ 77.439143954542033, 23.239969644730177 ], [ 77.439095654542029, 23.240109744686652 ] ] ] } },
{ "type": "Feature", "properties": { }, "geometry": { "type": "Polygon", "coordinates": [ [ [ 77.439778754542033, 23.238664045135714 ], [ 77.439755154542027, 23.238729345115431 ], [ 77.439887854542036, 23.238770045102793 ], [ 77.439911554542036, 23.238704745123069 ], [ 77.439778754542033, 23.238664045135714 ] ] ] } },
{ "type": "Feature", "properties": { }, "geometry": { "type": "Polygon", "coordinates": [ [ [ 77.440551454542017, 23.240319044621636 ], [ 77.440589054542031, 23.240376644603749 ], [ 77.440723754542034, 23.240302444626796 ], [ 77.440686154542021, 23.240244844644689 ], [ 77.440551454542017, 23.240319044621636 ] ] ] } },
{ "type": "Feature", "properties": { }, "geometry": { "type": "Polygon", "coordinates": [ [ [ 77.440817854542033, 23.238985845035756 ], [ 77.440956354542038, 23.239027945022681 ], [ 77.440985554542024, 23.238947145047781 ], [ 77.440846954542039, 23.238905045060857 ], [ 77.440817854542033, 23.238985845035756 ] ] ] } },
{ "type": "Feature", "properties": { }, "geometry": { "type": "Polygon", "coordinates": [ [ [ 77.441556954542023, 23.239896944752754 ], [ 77.441637354542038, 23.239850144767292 ], [ 77.441613354542028, 23.239815244778132 ], [ 77.441532854542018, 23.239862044763598 ], [ 77.441556954542023, 23.239896944752754 ] ] ] } },
{ "type": "Feature", "properties": { }, "geometry": { "type": "Polygon", "coordinates": [ [ [ 77.439874554542016, 23.23903454502063 ], [ 77.439999154542022, 23.23907994500653 ], [ 77.44002535454203, 23.239019145025413 ], [ 77.439900754542023, 23.23897374503952 ], [ 77.439874554542016, 23.23903454502063 ] ] ] } },
{ "type": "Feature", "properties": { }, "geometry": { "type": "Polygon", "coordinates": [ [ [ 77.440957854542035, 23.240195044660158 ], [ 77.440992054542036, 23.240251444642638 ], [ 77.441113654542036, 23.24018914466199 ], [ 77.441079354542012, 23.24013274467951 ], [ 77.440957854542035, 23.240195044660158 ] ] ] } },
{ "type": "Feature", "properties": { }, "geometry": { "type": "Polygon", "coordinates": [ [ [ 77.439578154542033, 23.2400487447056 ], [ 77.439657854542034, 23.240069544699132 ], [ 77.439694054542031, 23.239952444735515 ], [ 77.43961435454203, 23.239931644741972 ], [ 77.439578154542033, 23.2400487447056 ] ] ] } },
{ "type": "Feature", "properties": { }, "geometry": { "type": "Polygon", "coordinates": [ [ [ 77.439180554542034, 23.241738044180853 ], [ 77.439283454542036, 23.241737344181061 ], [ 77.439282954542037, 23.241675344200321 ], [ 77.439180054542035, 23.241676044200101 ], [ 77.439180554542034, 23.241738044180853 ] ] ] } },
{ "type": "Feature", "properties": { }, "geometry": { "type": "Polygon", "coordinates": [ [ [ 77.440036454542025, 23.239073045008674 ], [ 77.44016785454204, 23.239119444994262 ], [ 77.440218154542038, 23.238999345031566 ], [ 77.440086754542037, 23.238952945045977 ], [ 77.440036454542025, 23.239073045008674 ] ] ] } },
{ "type": "Feature", "properties": { }, "geometry": { "type": "Polygon", "coordinates": [ [ [ 77.441277654542034, 23.239003445030292 ], [ 77.441455854542028, 23.239009545028399 ], [ 77.441460054542034, 23.238906345060453 ], [ 77.441281854542027, 23.23890024506235 ], [ 77.441277654542034, 23.239003445030292 ] ] ] } },
{ "type": "Feature", "properties": { }, "geometry": { "type": "Polygon", "coordinates": [ [ [ 77.440792854542039, 23.240684944507979 ], [ 77.440844554542039, 23.240768144482136 ], [ 77.440908354542032, 23.240789644475456 ], [ 77.440944154542024, 23.240771344481143 ], [ 77.440869854542029, 23.240647744519539 ], [ 77.440792854542039, 23.240684944507979 ] ] ] } },
{ "type": "Feature", "properties": { }, "geometry": { "type": "Polygon", "coordinates": [ [ [ 77.439479254542022, 23.239775944790345 ], [ 77.439441154542024, 23.239703044812991 ], [ 77.439367954542035, 23.239696944814881 ], [ 77.439409854542021, 23.239775044790619 ], [ 77.439427554542036, 23.239771644791681 ], [ 77.439439654542014, 23.239792844785086 ], [ 77.439479254542022, 23.239775944790345 ] ] ] } },
{ "type": "Feature", "properties": { }, "geometry": { "type": "Polygon", "coordinates": [ [ [ 77.440602154542034, 23.23958744484889 ], [ 77.440661054542034, 23.239607044842799 ], [ 77.440654354542033, 23.239624144837492 ], [ 77.440719454542034, 23.239645744830785 ], [ 77.440756454542026, 23.239551644860018 ], [ 77.440632454542026, 23.239510444872806 ], [ 77.440602154542034, 23.23958744484889 ] ] ] } },
{ "type": "Feature", "properties": { }, "geometry": { "type": "Polygon", "coordinates": [ [ [ 77.440481654542026, 23.240066244700166 ], [ 77.440608554542038, 23.240054744703741 ], [ 77.440630754542028, 23.240056644703145 ], [ 77.440634054542031, 23.240024444713146 ], [ 77.440610154542028, 23.240017444715324 ], [ 77.440614654542031, 23.239972844729177 ], [ 77.440521054542032, 23.239945344737727 ], [ 77.440500854542037, 23.23998384472576 ], [ 77.440481654542026, 23.240066244700166 ] ] ] } },
{ "type": "Feature", "properties": { }, "geometry": { "type": "Polygon", "coordinates": [ [ [ 77.44249395454203, 23.233699846677478 ], [ 77.44246715454203, 23.233836046635183 ], [ 77.442536354542028, 23.233847546631605 ], [ 77.442563154542029, 23.2337113466739 ], [ 77.44249395454203, 23.233699846677478 ] ] ] } },
{ "type": "Feature", "properties": { }, "geometry": { "type": "Polygon", "coordinates": [ [ [ 77.442322254542034, 23.233678946683963 ], [ 77.442306154542038, 23.233812646642445 ], [ 77.442385054542029, 23.233820646639963 ], [ 77.442401154542011, 23.233686946681484 ], [ 77.442322254542034, 23.233678946683963 ] ] ] } },
{ "type": "Feature", "properties": { }, "geometry": { "type": "Polygon", "coordinates": [ [ [ 77.442011454542026, 23.233670546686575 ], [ 77.442081654542037, 23.233669046687037 ], [ 77.442080654542039, 23.233629946699185 ], [ 77.442010454542029, 23.233631446698716 ], [ 77.442011454542026, 23.233670546686575 ] ] ] } },
{ "type": "Feature", "properties": { }, "geometry": { "type": "Polygon", "coordinates": [ [ [ 77.44214735454203, 23.236740745733083 ], [ 77.442270754542037, 23.236749845730255 ], [ 77.442276454542039, 23.236683945750723 ], [ 77.442153054542018, 23.236674845753544 ], [ 77.44214735454203, 23.236740745733083 ] ] ] } },
{ "type": "Feature", "properties": { }, "geometry": { "type": "Polygon", "coordinates": [ [ [ 77.44227285454204, 23.238428245208954 ], [ 77.442269154542018, 23.238545545172521 ], [ 77.442363054542028, 23.238547945171771 ], [ 77.442366754542036, 23.238430745208177 ], [ 77.44227285454204, 23.238428245208954 ] ] ] } },
{ "type": "Feature", "properties": { }, "geometry": { "type": "Polygon", "coordinates": [ [ [ 77.442146954542039, 23.233604046707224 ], [ 77.442148654542038, 23.23355624672207 ], [ 77.442076054542028, 23.233554146722717 ], [ 77.442074354542015, 23.233601846707906 ], [ 77.442146954542039, 23.233604046707224 ] ] ] } },
{ "type": "Feature", "properties": { }, "geometry": { "type": "Polygon", "coordinates": [ [ [ 77.441895354542027, 23.238537345175068 ], [ 77.441890054542029, 23.238655345138419 ], [ 77.441971854542018, 23.238658445137453 ], [ 77.44197715454203, 23.238540445174106 ], [ 77.441895354542027, 23.238537345175068 ] ] ] } },
{ "type": "Feature", "properties": { }, "geometry": { "type": "Polygon", "coordinates": [ [ [ 77.442239854542038, 23.233665946688006 ], [ 77.442236454542012, 23.233803346645335 ], [ 77.442305454542023, 23.2338047466449 ], [ 77.442308854542034, 23.233667346687565 ], [ 77.442239854542038, 23.233665946688006 ] ] ] } },
{ "type": "Feature", "properties": { }, "geometry": { "type": "Polygon", "coordinates": [ [ [ 77.442136154542027, 23.237278245566138 ], [ 77.442130754542035, 23.23738634553257 ], [ 77.442215654542039, 23.237389945531444 ], [ 77.442220954542037, 23.237281845565022 ], [ 77.442136154542027, 23.237278245566138 ] ] ] } },
{ "type": "Feature", "properties": { }, "geometry": { "type": "Polygon", "coordinates": [ [ [ 77.442159354542028, 23.23675414572892 ], [ 77.442152154542029, 23.236836345703384 ], [ 77.442272654542037, 23.236845145700656 ], [ 77.442279754542028, 23.236762945726184 ], [ 77.442159354542028, 23.23675414572892 ] ] ] } },
{ "type": "Feature", "properties": { }, "geometry": { "type": "Polygon", "coordinates": [ [ [ 77.443171254542037, 23.238423345210478 ], [ 77.443067754542028, 23.238420845211248 ], [ 77.443063854542032, 23.238558745168419 ], [ 77.443167354542013, 23.238561245167638 ], [ 77.443171254542037, 23.238423345210478 ] ] ] } },
{ "type": "Feature", "properties": { }, "geometry": { "type": "Polygon", "coordinates": [ [ [ 77.44208495454204, 23.233634246697843 ], [ 77.442084654542015, 23.233677346684463 ], [ 77.442089654542031, 23.233677346684463 ], [ 77.44215405454203, 23.23367764668437 ], [ 77.442157754542038, 23.23367764668437 ], [ 77.442157954542012, 23.233634546697751 ], [ 77.44208495454204, 23.233634246697843 ] ] ] } },
{ "type": "Feature", "properties": { }, "geometry": { "type": "Polygon", "coordinates": [ [ [ 77.442329654542036, 23.237281645565083 ], [ 77.442325954542028, 23.237384845533033 ], [ 77.442392654542033, 23.237386845532409 ], [ 77.442396354542026, 23.237283645564467 ], [ 77.442329654542036, 23.237281645565083 ] ] ] } },
{ "type": "Feature", "properties": { }, "geometry": { "type": "Polygon", "coordinates": [ [ [ 77.441986554542027, 23.238540445174106 ], [ 77.441980154542037, 23.238655245138442 ], [ 77.442069054542031, 23.238659445137138 ], [ 77.442075354542027, 23.238544545172825 ], [ 77.441986554542027, 23.238540445174106 ] ] ] } },
{ "type": "Feature", "properties": { }, "geometry": { "type": "Polygon", "coordinates": [ [ [ 77.442317954542034, 23.237295445560797 ], [ 77.442225454542026, 23.237293345561447 ], [ 77.442222454542019, 23.237401445527873 ], [ 77.442314954542027, 23.237403645527191 ], [ 77.442317954542034, 23.237295445560797 ] ] ] } },
{ "type": "Feature", "properties": { }, "geometry": { "type": "Polygon", "coordinates": [ [ [ 77.442081754542031, 23.238412245213926 ], [ 77.44207865454203, 23.238523445179386 ], [ 77.442157054542037, 23.23852534517879 ], [ 77.442160154542037, 23.238414145213333 ], [ 77.442081754542031, 23.238412245213926 ] ] ] } },
{ "type": "Feature", "properties": { }, "geometry": { "type": "Polygon", "coordinates": [ [ [ 77.44214855454203, 23.236607745774393 ], [ 77.442143154542038, 23.236669145755325 ], [ 77.442265854542029, 23.23667824575249 ], [ 77.442271254542021, 23.236616845771561 ], [ 77.44214855454203, 23.236607745774393 ] ] ] } },
{ "type": "Feature", "properties": { }, "geometry": { "type": "Polygon", "coordinates": [ [ [ 77.442174254542039, 23.238419645211621 ], [ 77.442169954542024, 23.238556145169227 ], [ 77.442261754542017, 23.238558545168477 ], [ 77.442266154542054, 23.238422145210844 ], [ 77.442174254542039, 23.238419645211621 ] ] ] } },
{ "type": "Feature", "properties": { }, "geometry": { "type": "Polygon", "coordinates": [ [ [ 77.44222705454203, 23.233668446687226 ], [ 77.442161754542028, 23.23366784668741 ], [ 77.44216035454204, 23.23380224664567 ], [ 77.442225754542022, 23.233802746645516 ], [ 77.44222705454203, 23.233668446687226 ] ] ] } },
{ "type": "Feature", "properties": { }, "geometry": { "type": "Polygon", "coordinates": [ [ [ 77.441998554542039, 23.238407945215254 ], [ 77.442002254542032, 23.238533645176215 ], [ 77.442076754542029, 23.238531845176777 ], [ 77.442073054542035, 23.238406145215819 ], [ 77.441998554542039, 23.238407945215254 ] ] ] } },
{ "type": "Feature", "properties": { }, "geometry": { "type": "Polygon", "coordinates": [ [ [ 77.442352754542014, 23.237246145576112 ], [ 77.442422954542039, 23.237249745574996 ], [ 77.442429254542034, 23.237144745607608 ], [ 77.442359154542018, 23.237141145608724 ], [ 77.442352754542014, 23.237246145576112 ] ] ] } },
{ "type": "Feature", "properties": { }, "geometry": { "type": "Polygon", "coordinates": [ [ [ 77.442021254542013, 23.233675246685113 ], [ 77.442019154542038, 23.23377874665297 ], [ 77.442080854542027, 23.233779746652662 ], [ 77.442082854542022, 23.233676246684798 ], [ 77.442021254542013, 23.233675246685113 ] ] ] } },
{ "type": "Feature", "properties": { }, "geometry": { "type": "Polygon", "coordinates": [ [ [ 77.443028454542031, 23.2386077451532 ], [ 77.442920554542027, 23.238606645153546 ], [ 77.442919054542017, 23.238726445116331 ], [ 77.443026954542034, 23.238727545115989 ], [ 77.443028454542031, 23.2386077451532 ] ] ] } },
{ "type": "Feature", "properties": { }, "geometry": { "type": "Polygon", "coordinates": [ [ [ 77.442560354542039, 23.233769446655863 ], [ 77.442548454542035, 23.233850046630831 ], [ 77.442657054542039, 23.233863646626606 ], [ 77.442668954542029, 23.233783046651638 ], [ 77.442560354542039, 23.233769446655863 ] ] ] } },
{ "type": "Feature", "properties": { }, "geometry": { "type": "Polygon", "coordinates": [ [ [ 77.442136854542028, 23.23692374567624 ], [ 77.442128854542034, 23.23701554564774 ], [ 77.442262654542034, 23.237025445644658 ], [ 77.442270654542043, 23.236933645673169 ], [ 77.442136854542028, 23.23692374567624 ] ] ] } },
{ "type": "Feature", "properties": { }, "geometry": { "type": "Polygon", "coordinates": [ [ [ 77.442164454542038, 23.236600645776594 ], [ 77.442293654542013, 23.236610145773643 ], [ 77.442301354542039, 23.236522145800976 ], [ 77.442172154542035, 23.236512645803927 ], [ 77.442164454542038, 23.236600645776594 ] ] ] } },
{ "type": "Feature", "properties": { }, "geometry": { "type": "Polygon", "coordinates": [ [ [ 77.442929554542019, 23.238422445210752 ], [ 77.442925554542029, 23.238563645166892 ], [ 77.443053754542021, 23.238566645165971 ], [ 77.443057754542039, 23.238425545209793 ], [ 77.442929554542019, 23.238422445210752 ] ] ] } },
{ "type": "Feature", "properties": { }, "geometry": { "type": "Polygon", "coordinates": [ [ [ 77.442088454542031, 23.238558945168357 ], [ 77.442083054542039, 23.238662745136114 ], [ 77.44216825454204, 23.238666445134967 ], [ 77.442173554542038, 23.238562645167214 ], [ 77.442088454542031, 23.238558945168357 ] ] ] } },
{ "type": "Feature", "properties": { }, "geometry": { "type": "Polygon", "coordinates": [ [ [ 77.442662454542031, 23.238633445145222 ], [ 77.442809954542028, 23.238638345143695 ], [ 77.44281375454203, 23.23854274517339 ], [ 77.442666254542033, 23.238537745174945 ], [ 77.442662454542031, 23.238633445145222 ] ] ] } },
{ "type": "Feature", "properties": { }, "geometry": { "type": "Polygon", "coordinates": [ [ [ 77.442089654542031, 23.233677346684463 ], [ 77.44209165454204, 23.233783046651638 ], [ 77.442156154542019, 23.23378204665195 ], [ 77.44215405454203, 23.23367764668437 ], [ 77.442089654542031, 23.233677346684463 ] ] ] } },
{ "type": "Feature", "properties": { }, "geometry": { "type": "Polygon", "coordinates": [ [ [ 77.44198985454203, 23.238412845213734 ], [ 77.44191085454203, 23.238408545215073 ], [ 77.441903454542015, 23.238521945179851 ], [ 77.441982454542028, 23.238526245178512 ], [ 77.44198985454203, 23.238412845213734 ] ] ] } },
{ "type": "Feature", "properties": { }, "geometry": { "type": "Polygon", "coordinates": [ [ [ 77.442206254542029, 23.237128845612542 ], [ 77.442090754542036, 23.237127745612884 ], [ 77.442089454542028, 23.237249745574996 ], [ 77.442204954542021, 23.23725084557465 ], [ 77.442206254542029, 23.237128845612542 ] ] ] } },
{ "type": "Feature", "properties": { }, "geometry": { "type": "Polygon", "coordinates": [ [ [ 77.441930654542034, 23.233672146686079 ], [ 77.441928054542032, 23.233771946655089 ], [ 77.442009854542036, 23.233773746654528 ], [ 77.442012454542038, 23.233673946685521 ], [ 77.441930654542034, 23.233672146686079 ] ] ] } },
{ "type": "Feature", "properties": { }, "geometry": { "type": "Polygon", "coordinates": [ [ [ 77.44304665454203, 23.238610745152268 ], [ 77.443045254542014, 23.238718945118663 ], [ 77.443142554542035, 23.238719945118351 ], [ 77.443143854542029, 23.238611745151957 ], [ 77.44304665454203, 23.238610745152268 ] ] ] } },
{ "type": "Feature", "properties": { }, "geometry": { "type": "Polygon", "coordinates": [ [ [ 77.442566354542024, 23.233759646658903 ], [ 77.442656854542037, 23.233770746655455 ], [ 77.442668454542016, 23.233690846680268 ], [ 77.442577954542031, 23.233679746683716 ], [ 77.442566354542024, 23.233759646658903 ] ] ] } },
{ "type": "Feature", "properties": { }, "geometry": { "type": "Polygon", "coordinates": [ [ [ 77.442146054542022, 23.236841945701652 ], [ 77.442139454542016, 23.236918445677887 ], [ 77.442269354542034, 23.236928045674908 ], [ 77.442275954542012, 23.236851545698666 ], [ 77.442146054542022, 23.236841945701652 ] ] ] } },
{ "type": "Feature", "properties": { }, "geometry": { "type": "Polygon", "coordinates": [ [ [ 77.442659054542034, 23.238645745141394 ], [ 77.442653654542028, 23.238730845114961 ], [ 77.442803254542028, 23.238738845112479 ], [ 77.442808554542026, 23.238653745138912 ], [ 77.442659054542034, 23.238645745141394 ] ] ] } },
{ "type": "Feature", "properties": { }, "geometry": { "type": "Polygon", "coordinates": [ [ [ 77.442182954542034, 23.238560145167984 ], [ 77.442176254542034, 23.238674745132389 ], [ 77.442252054542038, 23.238678445131239 ], [ 77.442258754542038, 23.23856384516683 ], [ 77.442182954542034, 23.238560145167984 ] ] ] } },
{ "type": "Feature", "properties": { }, "geometry": { "type": "Polygon", "coordinates": [ [ [ 77.44227405454204, 23.238558945168357 ], [ 77.442271254542021, 23.238677245131615 ], [ 77.44235775454203, 23.23867904513105 ], [ 77.442360554542034, 23.238560645167826 ], [ 77.44227405454204, 23.238558945168357 ] ] ] } },
{ "type": "Feature", "properties": { }, "geometry": { "type": "Polygon", "coordinates": [ [ [ 77.442126154542038, 23.237279445565768 ], [ 77.442060554542039, 23.237278945565919 ], [ 77.442059554542013, 23.237379345534737 ], [ 77.442125154542026, 23.237379845534583 ], [ 77.442126154542038, 23.237279445565768 ] ] ] } },
{ "type": "Feature", "properties": { }, "geometry": { "type": "Polygon", "coordinates": [ [ [ 77.44241615454203, 23.233685046682073 ], [ 77.44239335454202, 23.233812646642445 ], [ 77.442452254542019, 23.233821546639685 ], [ 77.44247505454203, 23.233693946679306 ], [ 77.44241615454203, 23.233685046682073 ] ] ] } },
{ "type": "Feature", "properties": { }, "geometry": { "type": "Polygon", "coordinates": [ [ [ 77.441972554542033, 23.23357534671614 ], [ 77.441970954542029, 23.233645646694303 ], [ 77.44200165454204, 23.233646246694118 ], [ 77.442003354542024, 23.233576046715918 ], [ 77.441972554542033, 23.23357534671614 ] ] ] } },
{ "type": "Feature", "properties": { }, "geometry": { "type": "Polygon", "coordinates": [ [ [ 77.434204654542029, 23.230392747704407 ], [ 77.434376754542029, 23.230518647665317 ], [ 77.434462654542031, 23.230419547696084 ], [ 77.434290554542017, 23.230293647735174 ], [ 77.434204654542029, 23.230392747704407 ] ] ] } },
{ "type": "Feature", "properties": { }, "geometry": { "type": "Polygon", "coordinates": [ [ [ 77.434686554542026, 23.231829247258354 ], [ 77.434758254542032, 23.231557547342728 ], [ 77.434658754542028, 23.23153534734962 ], [ 77.434587054542035, 23.231807047265249 ], [ 77.434686554542026, 23.231829247258354 ] ] ] } },
{ "type": "Feature", "properties": { }, "geometry": { "type": "Polygon", "coordinates": [ [ [ 77.435471654542027, 23.232393347083192 ], [ 77.435668254542037, 23.232440647068504 ], [ 77.435721454542019, 23.232253847126515 ], [ 77.435524854542024, 23.232206647141169 ], [ 77.435471654542027, 23.232393347083192 ] ] ] } },
{ "type": "Feature", "properties": { }, "geometry": { "type": "Polygon", "coordinates": [ [ [ 77.434653354542036, 23.23424834650714 ], [ 77.434787454542047, 23.234281046496978 ], [ 77.434807354542031, 23.234212046518412 ], [ 77.434673254542034, 23.23417934652857 ], [ 77.434653354542036, 23.23424834650714 ] ] ] } },
{ "type": "Feature", "properties": { }, "geometry": { "type": "Polygon", "coordinates": [ [ [ 77.43666685454204, 23.230367447712268 ], [ 77.436808754542028, 23.230398747702544 ], [ 77.436830754542015, 23.230314047728847 ], [ 77.436688854542012, 23.23028284773854 ], [ 77.43666685454204, 23.230367447712268 ] ] ] } },
{ "type": "Feature", "properties": { }, "geometry": { "type": "Polygon", "coordinates": [ [ [ 77.43363015454203, 23.231751947282355 ], [ 77.433765654542015, 23.231616647324376 ], [ 77.433657654542031, 23.23152524735276 ], [ 77.433522154542032, 23.231660647310711 ], [ 77.43363015454203, 23.231751947282355 ] ] ] } },
{ "type": "Feature", "properties": { }, "geometry": { "type": "Polygon", "coordinates": [ [ [ 77.435349654542037, 23.229000548136685 ], [ 77.435290354542033, 23.229145848091566 ], [ 77.435486654542032, 23.229213648070516 ], [ 77.43554605454203, 23.229068348115629 ], [ 77.435349654542037, 23.229000548136685 ] ] ] } },
{ "type": "Feature", "properties": { }, "geometry": { "type": "Polygon", "coordinates": [ [ [ 77.43610945454202, 23.231135947473643 ], [ 77.436315454542026, 23.231182747459105 ], [ 77.436346654542021, 23.231066747495127 ], [ 77.436140554542035, 23.231019947509658 ], [ 77.43610945454202, 23.231135947473643 ] ] ] } },
{ "type": "Feature", "properties": { }, "geometry": { "type": "Polygon", "coordinates": [ [ [ 77.436470554542026, 23.231163847464973 ], [ 77.436620254542035, 23.231192547456068 ], [ 77.43663925454203, 23.231108947482028 ], [ 77.436489554542021, 23.231080247490937 ], [ 77.436470554542026, 23.231163847464973 ] ] ] } },
{ "type": "Feature", "properties": { }, "geometry": { "type": "Polygon", "coordinates": [ [ [ 77.436385254542031, 23.229330948034086 ], [ 77.436495754542037, 23.229353948026951 ], [ 77.436541154542027, 23.229169348084273 ], [ 77.43643075454203, 23.229146448091381 ], [ 77.436385254542031, 23.229330948034086 ] ] ] } },
{ "type": "Feature", "properties": { }, "geometry": { "type": "Polygon", "coordinates": [ [ [ 77.434579554542026, 23.230593547642062 ], [ 77.434744554542036, 23.230635447629048 ], [ 77.434799854542035, 23.230451547686151 ], [ 77.434687854542034, 23.23042564769419 ], [ 77.434579554542026, 23.230593547642062 ] ] ] } },
{ "type": "Feature", "properties": { }, "geometry": { "type": "Polygon", "coordinates": [ [ [ 77.434122354542026, 23.230489947674226 ], [ 77.434292354542038, 23.230614347635598 ], [ 77.434370054542015, 23.230524747663424 ], [ 77.434200054542032, 23.230400347702048 ], [ 77.434122354542026, 23.230489947674226 ] ] ] } },
{ "type": "Feature", "properties": { }, "geometry": { "type": "Polygon", "coordinates": [ [ [ 77.433820154542033, 23.231924747228703 ], [ 77.433916754542039, 23.232009847202281 ], [ 77.434056154542034, 23.231876147243792 ], [ 77.433959654542022, 23.231791047270224 ], [ 77.433820154542033, 23.231924747228703 ] ] ] } },
{ "type": "Feature", "properties": { }, "geometry": { "type": "Polygon", "coordinates": [ [ [ 77.435337554542031, 23.231610847326177 ], [ 77.435519954542031, 23.231651247313632 ], [ 77.435537454542029, 23.231584747334281 ], [ 77.435355054542029, 23.231544347346826 ], [ 77.435337554542031, 23.231610847326177 ] ] ] } },
{ "type": "Feature", "properties": { }, "geometry": { "type": "Polygon", "coordinates": [ [ [ 77.432881054542023, 23.231265147433522 ], [ 77.433131854542012, 23.231464147371724 ], [ 77.433243254542035, 23.231345647408528 ], [ 77.432992454542017, 23.231146647470322 ], [ 77.432881054542023, 23.231265147433522 ] ] ] } },
{ "type": "Feature", "properties": { }, "geometry": { "type": "Polygon", "coordinates": [ [ [ 77.43614895454202, 23.231016347510785 ], [ 77.436346754542029, 23.231061247496836 ], [ 77.436380154542036, 23.230936947535437 ], [ 77.436182354542026, 23.230892047549375 ], [ 77.43614895454202, 23.231016347510785 ] ] ] } },
{ "type": "Feature", "properties": { }, "geometry": { "type": "Polygon", "coordinates": [ [ [ 77.433577754542029, 23.233487046743559 ], [ 77.433757554542026, 23.233680446683501 ], [ 77.434106854542037, 23.233406246768652 ], [ 77.433927154542033, 23.233212846828707 ], [ 77.433577754542029, 23.233487046743559 ] ] ] } },
{ "type": "Feature", "properties": { }, "geometry": { "type": "Polygon", "coordinates": [ [ [ 77.435093254542025, 23.234895646306118 ], [ 77.435233354542035, 23.234923346297514 ], [ 77.435252554542032, 23.234841546322915 ], [ 77.435112354542014, 23.234813846331516 ], [ 77.435093254542025, 23.234895646306118 ] ] ] } },
{ "type": "Feature", "properties": { }, "geometry": { "type": "Polygon", "coordinates": [ [ [ 77.435722854542036, 23.23499114627646 ], [ 77.435828154542037, 23.235010646270396 ], [ 77.435861054542031, 23.234860946316893 ], [ 77.435755754542029, 23.234841446322946 ], [ 77.435722854542036, 23.23499114627646 ] ] ] } },
{ "type": "Feature", "properties": { }, "geometry": { "type": "Polygon", "coordinates": [ [ [ 77.434728454542039, 23.230336547721858 ], [ 77.434876654542037, 23.230372247710779 ], [ 77.434913154542031, 23.230194747765889 ], [ 77.434809854542038, 23.230165147775079 ], [ 77.434728454542039, 23.230336547721858 ] ] ] } },
{ "type": "Feature", "properties": { }, "geometry": { "type": "Polygon", "coordinates": [ [ [ 77.436318954542031, 23.23040004770214 ], [ 77.436522854542034, 23.230441947689133 ], [ 77.436565254542032, 23.230267647743247 ], [ 77.436361454542038, 23.230225747756261 ], [ 77.436318954542031, 23.23040004770214 ] ] ] } },
{ "type": "Feature", "properties": { }, "geometry": { "type": "Polygon", "coordinates": [ [ [ 77.43596495454203, 23.230560847652207 ], [ 77.436169454542039, 23.230610447636806 ], [ 77.436202054542036, 23.230496847672086 ], [ 77.435997554542027, 23.230447247687483 ], [ 77.43596495454203, 23.230560847652207 ] ] ] } },
{ "type": "Feature", "properties": { }, "geometry": { "type": "Polygon", "coordinates": [ [ [ 77.436058754542032, 23.229518147975966 ], [ 77.43623615454203, 23.22955624796414 ], [ 77.436284654542035, 23.229365948023229 ], [ 77.436107254542037, 23.229327748035086 ], [ 77.436058754542032, 23.229518147975966 ] ] ] } },
{ "type": "Feature", "properties": { }, "geometry": { "type": "Polygon", "coordinates": [ [ [ 77.436040754542034, 23.230304247731887 ], [ 77.436230454542013, 23.230352247716983 ], [ 77.436267454542033, 23.230229047755241 ], [ 77.436077654542032, 23.230180947770172 ], [ 77.436040754542034, 23.230304247731887 ] ] ] } },
{ "type": "Feature", "properties": { }, "geometry": { "type": "Polygon", "coordinates": [ [ [ 77.433557754542036, 23.231147947469911 ], [ 77.43371345454203, 23.231261947434518 ], [ 77.433799654542014, 23.231162447465412 ], [ 77.433644054542029, 23.231048547500777 ], [ 77.433557754542036, 23.231147947469911 ] ] ] } },
{ "type": "Feature", "properties": { }, "geometry": { "type": "Polygon", "coordinates": [ [ [ 77.435796554542037, 23.232356247094714 ], [ 77.435981054542026, 23.232395147082638 ], [ 77.436004354542035, 23.232302147111511 ], [ 77.435819754542038, 23.232263247123591 ], [ 77.435796554542037, 23.232356247094714 ] ] ] } },
{ "type": "Feature", "properties": { }, "geometry": { "type": "Polygon", "coordinates": [ [ [ 77.433115054542029, 23.230986647519995 ], [ 77.433375954542029, 23.231192447456092 ], [ 77.433471154542033, 23.23109044748777 ], [ 77.433210354542027, 23.230884647551669 ], [ 77.433115054542029, 23.230986647519995 ] ] ] } },
{ "type": "Feature", "properties": { }, "geometry": { "type": "Polygon", "coordinates": [ [ [ 77.434314354542039, 23.229774947896235 ], [ 77.434383054542025, 23.229661547931446 ], [ 77.434255154542015, 23.229596147951757 ], [ 77.434186454542029, 23.229709647916508 ], [ 77.434314354542039, 23.229774947896235 ] ] ] } },
{ "type": "Feature", "properties": { }, "geometry": { "type": "Polygon", "coordinates": [ [ [ 77.43457015454203, 23.231386847395733 ], [ 77.434746154542026, 23.231117347479412 ], [ 77.43454645454203, 23.231057347498044 ], [ 77.434400654542031, 23.231270747431779 ], [ 77.43457015454203, 23.231386847395733 ] ] ] } },
{ "type": "Feature", "properties": { }, "geometry": { "type": "Polygon", "coordinates": [ [ [ 77.435403854542031, 23.23133274741253 ], [ 77.435597354542026, 23.231375647399201 ], [ 77.435617754542037, 23.231297947423336 ], [ 77.435424254542028, 23.231255047436658 ], [ 77.435403854542031, 23.23133274741253 ] ] ] } },
{ "type": "Feature", "properties": { }, "geometry": { "type": "Polygon", "coordinates": [ [ [ 77.434513154542017, 23.234784146340747 ], [ 77.434662054542031, 23.234810646332512 ], [ 77.434680654542035, 23.234722246359969 ], [ 77.434531854542016, 23.2346957463682 ], [ 77.434513154542017, 23.234784146340747 ] ] ] } },
{ "type": "Feature", "properties": { }, "geometry": { "type": "Polygon", "coordinates": [ [ [ 77.436602654542028, 23.231287947426441 ], [ 77.436760254542037, 23.231318147417067 ], [ 77.43677855454203, 23.231237147442215 ], [ 77.43662105454203, 23.231206947451589 ], [ 77.436602654542028, 23.231287947426441 ] ] ] } },
{ "type": "Feature", "properties": { }, "geometry": { "type": "Polygon", "coordinates": [ [ [ 77.434512154542034, 23.232054147188517 ], [ 77.434586654542017, 23.231783647272518 ], [ 77.434495654542019, 23.231762547279068 ], [ 77.434421254542031, 23.232033047195078 ], [ 77.434512154542034, 23.232054147188517 ] ] ] } },
{ "type": "Feature", "properties": { }, "geometry": { "type": "Polygon", "coordinates": [ [ [ 77.434042554542032, 23.231475647368157 ], [ 77.434159454542026, 23.231563247340958 ], [ 77.434242654542032, 23.231469547370054 ], [ 77.434125754542038, 23.231381847397284 ], [ 77.434042554542032, 23.231475647368157 ] ] ] } },
{ "type": "Feature", "properties": { }, "geometry": { "type": "Polygon", "coordinates": [ [ [ 77.436287254542037, 23.230503147670131 ], [ 77.436481754542029, 23.230543047657747 ], [ 77.436506054542022, 23.230442847688852 ], [ 77.43631155454203, 23.230403047701209 ], [ 77.436287254542037, 23.230503147670131 ] ] ] } },
{ "type": "Feature", "properties": { }, "geometry": { "type": "Polygon", "coordinates": [ [ [ 77.434926954542036, 23.23466364637817 ], [ 77.434906054542026, 23.234757846348909 ], [ 77.435058854542021, 23.234786546340001 ], [ 77.435079854542039, 23.234692346369247 ], [ 77.434926954542036, 23.23466364637817 ] ] ] } },
{ "type": "Feature", "properties": { }, "geometry": { "type": "Polygon", "coordinates": [ [ [ 77.433123154542031, 23.233594946710053 ], [ 77.433316954542036, 23.233737846665676 ], [ 77.433392954542015, 23.23365084669269 ], [ 77.433199154542038, 23.233507946737067 ], [ 77.433123154542031, 23.233594946710053 ] ] ] } },
{ "type": "Feature", "properties": { }, "geometry": { "type": "Polygon", "coordinates": [ [ [ 77.436669354542033, 23.23108464748957 ], [ 77.436847054542028, 23.231119847478638 ], [ 77.43687855454202, 23.230985447520375 ], [ 77.436700854542025, 23.230950247531304 ], [ 77.436669354542033, 23.23108464748957 ] ] ] } },
{ "type": "Feature", "properties": { }, "geometry": { "type": "Polygon", "coordinates": [ [ [ 77.43456345454203, 23.234572146406585 ], [ 77.434709654542033, 23.234593146400059 ], [ 77.434722854542031, 23.234515346424221 ], [ 77.434576654542028, 23.234494446430713 ], [ 77.43456345454203, 23.234572146406585 ] ] ] } },
{ "type": "Feature", "properties": { }, "geometry": { "type": "Polygon", "coordinates": [ [ [ 77.43663015454203, 23.231189947456873 ], [ 77.436785654542021, 23.231223847446344 ], [ 77.436803554542024, 23.231154647467832 ], [ 77.436647954542025, 23.231120747478361 ], [ 77.43663015454203, 23.231189947456873 ] ] ] } },
{ "type": "Feature", "properties": { }, "geometry": { "type": "Polygon", "coordinates": [ [ [ 77.433195954542029, 23.23350024673946 ], [ 77.43340555454202, 23.233649646693063 ], [ 77.433501754542021, 23.233535646728466 ], [ 77.433292154542031, 23.233386246774863 ], [ 77.433195954542029, 23.23350024673946 ] ] ] } },
{ "type": "Feature", "properties": { }, "geometry": { "type": "Polygon", "coordinates": [ [ [ 77.434539054542014, 23.23097704752298 ], [ 77.434621954542038, 23.230994147517674 ], [ 77.43466525454204, 23.23081664757278 ], [ 77.434582254542036, 23.230799647578067 ], [ 77.434539054542014, 23.23097704752298 ] ] ] } },
{ "type": "Feature", "properties": { }, "geometry": { "type": "Polygon", "coordinates": [ [ [ 77.433556954542027, 23.23341744676517 ], [ 77.433876154542034, 23.233154946846689 ], [ 77.433702754542054, 23.232976946901967 ], [ 77.433383654542027, 23.233239446820448 ], [ 77.433556954542027, 23.23341744676517 ] ] ] } },
{ "type": "Feature", "properties": { }, "geometry": { "type": "Polygon", "coordinates": [ [ [ 77.433046054542046, 23.233673746685586 ], [ 77.433251854542036, 23.233820446640021 ], [ 77.433316854542028, 23.233743446663937 ], [ 77.43311095454203, 23.23359684670946 ], [ 77.433046054542046, 23.233673746685586 ] ] ] } },
{ "type": "Feature", "properties": { }, "geometry": { "type": "Polygon", "coordinates": [ [ [ 77.434053854542029, 23.234676946374034 ], [ 77.434078654542034, 23.234544446415185 ], [ 77.433998454542035, 23.234531746419133 ], [ 77.433973654542015, 23.234664246377978 ], [ 77.434053854542029, 23.234676946374034 ] ] ] } },
{ "type": "Feature", "properties": { }, "geometry": { "type": "Polygon", "coordinates": [ [ [ 77.434919254542024, 23.230205347762602 ], [ 77.434892554542031, 23.23038104770804 ], [ 77.434983754542031, 23.230402047701517 ], [ 77.435026454542026, 23.230227447755741 ], [ 77.434919254542024, 23.230205347762602 ] ] ] } },
{ "type": "Feature", "properties": { }, "geometry": { "type": "Polygon", "coordinates": [ [ [ 77.435113854542024, 23.234807046333632 ], [ 77.435252854542028, 23.234833646325377 ], [ 77.435267654542031, 23.234768646345557 ], [ 77.435128654542027, 23.234742046353816 ], [ 77.435113854542024, 23.234807046333632 ] ] ] } },
{ "type": "Feature", "properties": { }, "geometry": { "type": "Polygon", "coordinates": [ [ [ 77.436498354542039, 23.230902247546204 ], [ 77.436471254542028, 23.231018047510251 ], [ 77.436642954542023, 23.231051947499722 ], [ 77.436670054542034, 23.230936147535683 ], [ 77.436498354542039, 23.230902247546204 ] ] ] } },
{ "type": "Feature", "properties": { }, "geometry": { "type": "Polygon", "coordinates": [ [ [ 77.435426454542039, 23.232594847020618 ], [ 77.435623954542038, 23.232642247005906 ], [ 77.435677554542039, 23.232453847064402 ], [ 77.435480054542026, 23.232406347079159 ], [ 77.435426454542039, 23.232594847020618 ] ] ] } },
{ "type": "Feature", "properties": { }, "geometry": { "type": "Polygon", "coordinates": [ [ [ 77.434683654542013, 23.23410024655313 ], [ 77.434663854542038, 23.234171346531049 ], [ 77.434820254542032, 23.234208046519651 ], [ 77.434840054542036, 23.234137046541701 ], [ 77.434683654542013, 23.23410024655313 ] ] ] } },
{ "type": "Feature", "properties": { }, "geometry": { "type": "Polygon", "coordinates": [ [ [ 77.43600085454203, 23.230439447689914 ], [ 77.436193254542019, 23.230487847674876 ], [ 77.436230954542026, 23.23036114771422 ], [ 77.436038554542037, 23.230312747729247 ], [ 77.43600085454203, 23.230439447689914 ] ] ] } },
{ "type": "Feature", "properties": { }, "geometry": { "type": "Polygon", "coordinates": [ [ [ 77.433463154542039, 23.231241747440791 ], [ 77.433629154542032, 23.231363247403063 ], [ 77.43371065454204, 23.231269147432283 ], [ 77.433544654542033, 23.231147647470003 ], [ 77.433463154542039, 23.231241747440791 ] ] ] } },
{ "type": "Feature", "properties": { }, "geometry": { "type": "Polygon", "coordinates": [ [ [ 77.434125254542025, 23.231012647511921 ], [ 77.434247754542028, 23.231108547482151 ], [ 77.434337654542034, 23.231011547512267 ], [ 77.434215054542037, 23.230915747542017 ], [ 77.434125254542025, 23.231012647511921 ] ] ] } },
{ "type": "Feature", "properties": { }, "geometry": { "type": "Polygon", "coordinates": [ [ [ 77.435359954542037, 23.232834446946214 ], [ 77.435541654542035, 23.232878146932652 ], [ 77.435579654542039, 23.232744646974101 ], [ 77.435397954542012, 23.232701046987643 ], [ 77.435359954542037, 23.232834446946214 ] ] ] } },
{ "type": "Feature", "properties": { }, "geometry": { "type": "Polygon", "coordinates": [ [ [ 77.436614054542034, 23.229381948018261 ], [ 77.43665935454203, 23.229198148075326 ], [ 77.436557754542036, 23.22917704808188 ], [ 77.436512554542034, 23.229360848024815 ], [ 77.436614054542034, 23.229381948018261 ] ] ] } },
{ "type": "Feature", "properties": { }, "geometry": { "type": "Polygon", "coordinates": [ [ [ 77.434065954542021, 23.234684346371736 ], [ 77.434148654542028, 23.234696646367915 ], [ 77.43417215454204, 23.234564246409036 ], [ 77.434089454542033, 23.234551846412892 ], [ 77.434065954542021, 23.234684346371736 ] ] ] } },
{ "type": "Feature", "properties": { }, "geometry": { "type": "Polygon", "coordinates": [ [ [ 77.434773954542038, 23.230661347621005 ], [ 77.434941054542023, 23.230706347607033 ], [ 77.435011654542038, 23.230484847675811 ], [ 77.434844554542039, 23.230439847689784 ], [ 77.434773954542038, 23.230661347621005 ] ] ] } },
{ "type": "Feature", "properties": { }, "geometry": { "type": "Polygon", "coordinates": [ [ [ 77.435789754542029, 23.231190447456719 ], [ 77.435974154542023, 23.231236047442554 ], [ 77.436010954542027, 23.231110447481555 ], [ 77.435826554542032, 23.231064847495723 ], [ 77.435789754542029, 23.231190447456719 ] ] ] } },
{ "type": "Feature", "properties": { }, "geometry": { "type": "Polygon", "coordinates": [ [ [ 77.434029354542034, 23.230601747639515 ], [ 77.434188654542027, 23.23071844760328 ], [ 77.434281754542027, 23.230610947636656 ], [ 77.434122454542035, 23.230494347672863 ], [ 77.434029354542034, 23.230601747639515 ] ] ] } },
{ "type": "Feature", "properties": { }, "geometry": { "type": "Polygon", "coordinates": [ [ [ 77.436444054542022, 23.229842947875127 ], [ 77.436657954542028, 23.229878747864007 ], [ 77.436683854542039, 23.229747947904613 ], [ 77.436469954542019, 23.229712247915707 ], [ 77.436444054542022, 23.229842947875127 ] ] ] } },
{ "type": "Feature", "properties": { }, "geometry": { "type": "Polygon", "coordinates": [ [ [ 77.435020754542023, 23.230497947671743 ], [ 77.434975054542036, 23.230671947617715 ], [ 77.435101754542032, 23.230697147609892 ], [ 77.435181754542015, 23.230533747660626 ], [ 77.435020754542023, 23.230497947671743 ] ] ] } },
{ "type": "Feature", "properties": { }, "geometry": { "type": "Polygon", "coordinates": [ [ [ 77.435122754542036, 23.23473294635664 ], [ 77.435269554542032, 23.234759146348505 ], [ 77.435285254542038, 23.234684846371586 ], [ 77.435138454542027, 23.234658646379717 ], [ 77.435122754542036, 23.23473294635664 ] ] ] } },
{ "type": "Feature", "properties": { }, "geometry": { "type": "Polygon", "coordinates": [ [ [ 77.436161454542031, 23.230156047777907 ], [ 77.43628545454203, 23.230174547772162 ], [ 77.43631275454203, 23.230019947820168 ], [ 77.436188654542036, 23.230001447825909 ], [ 77.436161454542031, 23.230156047777907 ] ] ] } },
{ "type": "Feature", "properties": { }, "geometry": { "type": "Polygon", "coordinates": [ [ [ 77.433626754542033, 23.23048014767727 ], [ 77.433872154542016, 23.230650147624488 ], [ 77.433986254542049, 23.230511147667649 ], [ 77.433740854542037, 23.230341047720458 ], [ 77.433626754542033, 23.23048014767727 ] ] ] } },
{ "type": "Feature", "properties": { }, "geometry": { "type": "Polygon", "coordinates": [ [ [ 77.433367054542018, 23.231339747410356 ], [ 77.43353105454203, 23.23145984737306 ], [ 77.43361435454203, 23.231363747402906 ], [ 77.433450354542032, 23.231243647440195 ], [ 77.433367054542018, 23.231339747410356 ] ] ] } },
{ "type": "Feature", "properties": { }, "geometry": { "type": "Polygon", "coordinates": [ [ [ 77.434057554542036, 23.231077547491772 ], [ 77.434169554542038, 23.231168747463457 ], [ 77.434228154542012, 23.231107847482363 ], [ 77.434116254542033, 23.231016647510685 ], [ 77.434057554542036, 23.231077547491772 ] ] ] } },
{ "type": "Feature", "properties": { }, "geometry": { "type": "Polygon", "coordinates": [ [ [ 77.434963454542014, 23.234537046417483 ], [ 77.434935654542031, 23.234658146379875 ], [ 77.435081854542034, 23.234686546371051 ], [ 77.435109654542032, 23.234565346408697 ], [ 77.434963454542014, 23.234537046417483 ] ] ] } },
{ "type": "Feature", "properties": { }, "geometry": { "type": "Polygon", "coordinates": [ [ [ 77.436227254542032, 23.23075704759129 ], [ 77.436193554542029, 23.230882647552292 ], [ 77.436383654542013, 23.230925847538877 ], [ 77.43641735454203, 23.230800247577879 ], [ 77.436227254542032, 23.23075704759129 ] ] ] } },
{ "type": "Feature", "properties": { }, "geometry": { "type": "Polygon", "coordinates": [ [ [ 77.433856054542034, 23.230203647763123 ], [ 77.434106554542026, 23.230377147709252 ], [ 77.434200154542012, 23.230263147744648 ], [ 77.433949654542033, 23.23008954779856 ], [ 77.433856054542034, 23.230203647763123 ] ] ] } },
{ "type": "Feature", "properties": { }, "geometry": { "type": "Polygon", "coordinates": [ [ [ 77.436146954542039, 23.229781947894061 ], [ 77.436325954542028, 23.229810747885121 ], [ 77.436351354542026, 23.229677247926574 ], [ 77.436172454542017, 23.22964844793551 ], [ 77.436146954542039, 23.229781947894061 ] ] ] } },
{ "type": "Feature", "properties": { }, "geometry": { "type": "Polygon", "coordinates": [ [ [ 77.435586554542027, 23.22942634800447 ], [ 77.435778454542032, 23.229467647991648 ], [ 77.435827454542036, 23.229275048051448 ], [ 77.435635554542031, 23.229233748064271 ], [ 77.435586554542027, 23.22942634800447 ] ] ] } },
{ "type": "Feature", "properties": { }, "geometry": { "type": "Polygon", "coordinates": [ [ [ 77.435301454542028, 23.230145547781159 ], [ 77.435362554542039, 23.230165547774956 ], [ 77.435392654542028, 23.230087547799172 ], [ 77.435331554542032, 23.230067547805383 ], [ 77.435301454542028, 23.230145547781159 ] ] ] } },
{ "type": "Feature", "properties": { }, "geometry": { "type": "Polygon", "coordinates": [ [ [ 77.435299754542029, 23.229176848081941 ], [ 77.435252654542026, 23.229356448026174 ], [ 77.435419654542031, 23.229393348014717 ], [ 77.43546675454202, 23.229213848070454 ], [ 77.435299754542029, 23.229176848081941 ] ] ] } },
{ "type": "Feature", "properties": { }, "geometry": { "type": "Polygon", "coordinates": [ [ [ 77.435826954542023, 23.231058847497575 ], [ 77.436009354542037, 23.231102647483979 ], [ 77.436037754542014, 23.23100264751503 ], [ 77.435855354542028, 23.230958847528633 ], [ 77.435826954542023, 23.231058847497575 ] ] ] } },
{ "type": "Feature", "properties": { }, "geometry": { "type": "Polygon", "coordinates": [ [ [ 77.434554054542033, 23.234662146378639 ], [ 77.434697554542026, 23.234688046370586 ], [ 77.434710054542023, 23.234629646388726 ], [ 77.43456655454203, 23.234603746396768 ], [ 77.434554054542033, 23.234662146378639 ] ] ] } },
{ "type": "Feature", "properties": { }, "geometry": { "type": "Polygon", "coordinates": [ [ [ 77.433941554542031, 23.230735847597874 ], [ 77.434094354542026, 23.230847647563163 ], [ 77.434185754542014, 23.230742247595888 ], [ 77.434032954542033, 23.230630447630602 ], [ 77.433941554542031, 23.230735847597874 ] ] ] } },
{ "type": "Feature", "properties": { }, "geometry": { "type": "Polygon", "coordinates": [ [ [ 77.435839054542029, 23.22946374799286 ], [ 77.436054154542035, 23.229510047978483 ], [ 77.436101354542032, 23.229325048035925 ], [ 77.435886154542033, 23.229278848050271 ], [ 77.435839054542029, 23.22946374799286 ] ] ] } },
{ "type": "Feature", "properties": { }, "geometry": { "type": "Polygon", "coordinates": [ [ [ 77.435830554542036, 23.232261847124029 ], [ 77.436017954542038, 23.232301347111761 ], [ 77.436042154542037, 23.232204247141912 ], [ 77.435854854542029, 23.232164747154183 ], [ 77.435830554542036, 23.232261847124029 ] ] ] } },
{ "type": "Feature", "properties": { }, "geometry": { "type": "Polygon", "coordinates": [ [ [ 77.435425754542038, 23.231248647438647 ], [ 77.435616254542012, 23.231290847425541 ], [ 77.435642654542036, 23.231190347456749 ], [ 77.43545215454202, 23.231148147469856 ], [ 77.435425754542038, 23.231248647438647 ] ] ] } },
{ "type": "Feature", "properties": { }, "geometry": { "type": "Polygon", "coordinates": [ [ [ 77.433847154542036, 23.230206247762315 ], [ 77.433739854542026, 23.230334947722348 ], [ 77.433993154542037, 23.230513247666988 ], [ 77.434100454542033, 23.230384447706985 ], [ 77.433847154542036, 23.230206247762315 ] ] ] } },
{ "type": "Feature", "properties": { }, "geometry": { "type": "Polygon", "coordinates": [ [ [ 77.436971354542038, 23.229843847874843 ], [ 77.436947654542038, 23.229935847846281 ], [ 77.437084554542039, 23.229965647837023 ], [ 77.437108254542039, 23.229873647865592 ], [ 77.436971354542038, 23.229843847874843 ] ] ] } },
{ "type": "Feature", "properties": { }, "geometry": { "type": "Polygon", "coordinates": [ [ [ 77.435001554542012, 23.234386646464191 ], [ 77.434967654542021, 23.234527446420465 ], [ 77.435112754542033, 23.234556946411299 ], [ 77.435146654542038, 23.234416146455025 ], [ 77.435001554542012, 23.234386646464191 ] ] ] } },
{ "type": "Feature", "properties": { }, "geometry": { "type": "Polygon", "coordinates": [ [ [ 77.435665454542018, 23.229170148084016 ], [ 77.435834654542035, 23.229205348073091 ], [ 77.435876654542028, 23.229034648126092 ], [ 77.435707454542012, 23.228999448137021 ], [ 77.435665454542018, 23.229170148084016 ] ] ] } },
{ "type": "Feature", "properties": { }, "geometry": { "type": "Polygon", "coordinates": [ [ [ 77.434201354542026, 23.23472494635913 ], [ 77.434261354542031, 23.234735046355993 ], [ 77.434288854542032, 23.234597646398665 ], [ 77.434228854542027, 23.234587546401801 ], [ 77.434201354542026, 23.23472494635913 ] ] ] } },
{ "type": "Feature", "properties": { }, "geometry": { "type": "Polygon", "coordinates": [ [ [ 77.434716754542038, 23.232244547129397 ], [ 77.434770354542039, 23.232051747189264 ], [ 77.434654954542026, 23.232024647197679 ], [ 77.434601354542039, 23.23221744713781 ], [ 77.434716754542038, 23.232244547129397 ] ] ] } },
{ "type": "Feature", "properties": { }, "geometry": { "type": "Polygon", "coordinates": [ [ [ 77.434230254542015, 23.230904947545366 ], [ 77.434415954542033, 23.230944447533098 ], [ 77.434466454542033, 23.230767847587934 ], [ 77.43436915454204, 23.230743247595576 ], [ 77.434230254542015, 23.230904947545366 ] ] ] } },
{ "type": "Feature", "properties": { }, "geometry": { "type": "Polygon", "coordinates": [ [ [ 77.434168254542016, 23.231571147338503 ], [ 77.43430995454203, 23.23168024730462 ], [ 77.434391354542029, 23.23159104733233 ], [ 77.434249754542037, 23.231481947366206 ], [ 77.434168254542016, 23.231571147338503 ] ] ] } },
{ "type": "Feature", "properties": { }, "geometry": { "type": "Polygon", "coordinates": [ [ [ 77.435397354542033, 23.232692346990348 ], [ 77.435589654542014, 23.232738546975995 ], [ 77.435617054542035, 23.232642447005841 ], [ 77.435424654542032, 23.232596247020179 ], [ 77.435397354542033, 23.232692346990348 ] ] ] } },
{ "type": "Feature", "properties": { }, "geometry": { "type": "Polygon", "coordinates": [ [ [ 77.435384654542034, 23.230184547769053 ], [ 77.435451054542028, 23.230208447761637 ], [ 77.43548645454203, 23.230125747787312 ], [ 77.435420054542035, 23.230101847794732 ], [ 77.435384654542034, 23.230184547769053 ] ] ] } },
{ "type": "Feature", "properties": { }, "geometry": { "type": "Polygon", "coordinates": [ [ [ 77.434601354542039, 23.234416846454813 ], [ 77.434728754542022, 23.23444034644751 ], [ 77.434748154542035, 23.234351346475155 ], [ 77.434620754542038, 23.23432794648242 ], [ 77.434601354542039, 23.234416846454813 ] ] ] } },
{ "type": "Feature", "properties": { }, "geometry": { "type": "Polygon", "coordinates": [ [ [ 77.436897854542039, 23.229977347833398 ], [ 77.43694085454203, 23.22982874787953 ], [ 77.436810854542031, 23.229796947889405 ], [ 77.436767754542032, 23.229945547843265 ], [ 77.436897854542039, 23.229977347833398 ] ] ] } },
{ "type": "Feature", "properties": { }, "geometry": { "type": "Polygon", "coordinates": [ [ [ 77.436618054542024, 23.22938864801618 ], [ 77.436724454542031, 23.229410748009318 ], [ 77.436770454542028, 23.229223748067383 ], [ 77.436664054542035, 23.229201648074241 ], [ 77.436618054542024, 23.22938864801618 ] ] ] } },
{ "type": "Feature", "properties": { }, "geometry": { "type": "Polygon", "coordinates": [ [ [ 77.436577854542037, 23.231378547398311 ], [ 77.436736754542039, 23.231408147389114 ], [ 77.436755254542035, 23.231323947415259 ], [ 77.436596354542033, 23.231294347424452 ], [ 77.436577854542037, 23.231378547398311 ] ] ] } },
{ "type": "Feature", "properties": { }, "geometry": { "type": "Polygon", "coordinates": [ [ [ 77.435425854542032, 23.228840148186475 ], [ 77.435526354542034, 23.22887774817481 ], [ 77.43558985454203, 23.228734348219323 ], [ 77.435489254542034, 23.228696748230998 ], [ 77.435425854542032, 23.228840148186475 ] ] ] } },
{ "type": "Feature", "properties": { }, "geometry": { "type": "Polygon", "coordinates": [ [ [ 77.434435254542038, 23.230953647530246 ], [ 77.434532454542037, 23.230974447523792 ], [ 77.434576654542028, 23.230800547577786 ], [ 77.434479454542029, 23.23077974758424 ], [ 77.434435254542038, 23.230953647530246 ] ] ] } },
{ "type": "Feature", "properties": { }, "geometry": { "type": "Polygon", "coordinates": [ [ [ 77.43426735454203, 23.234755046349775 ], [ 77.43434785454204, 23.234768246345681 ], [ 77.434375354542027, 23.234627146389499 ], [ 77.434294854542031, 23.234613946393601 ], [ 77.43426735454203, 23.234755046349775 ] ] ] } },
{ "type": "Feature", "properties": { }, "geometry": { "type": "Polygon", "coordinates": [ [ [ 77.434316054542037, 23.232145947160017 ], [ 77.43456345454203, 23.232192547145548 ], [ 77.43458315454204, 23.232103947173055 ], [ 77.434335754542033, 23.232057447187501 ], [ 77.434316054542037, 23.232145947160017 ] ] ] } },
{ "type": "Feature", "properties": { }, "geometry": { "type": "Polygon", "coordinates": [ [ [ 77.434282354542049, 23.230284547738009 ], [ 77.434482754542032, 23.230374647710029 ], [ 77.434537254542022, 23.230272447741761 ], [ 77.434336754542031, 23.230182347769738 ], [ 77.434282354542049, 23.230284547738009 ] ] ] } },
{ "type": "Feature", "properties": { }, "geometry": { "type": "Polygon", "coordinates": [ [ [ 77.436193554542029, 23.229989647829573 ], [ 77.436314954542027, 23.230005047824793 ], [ 77.436335654542034, 23.229867647867454 ], [ 77.436214254542023, 23.229852247872234 ], [ 77.436193554542029, 23.229989647829573 ] ] ] } },
{ "type": "Feature", "properties": { }, "geometry": { "type": "Polygon", "coordinates": [ [ [ 77.435064754542012, 23.232653647002358 ], [ 77.435262754542023, 23.232688646991488 ], [ 77.435278554542023, 23.232613247014907 ], [ 77.435080454542017, 23.232578247025774 ], [ 77.435064754542012, 23.232653647002358 ] ] ] } },
{ "type": "Feature", "properties": { }, "geometry": { "type": "Polygon", "coordinates": [ [ [ 77.434638554542033, 23.231016847510617 ], [ 77.434739354542032, 23.231035247504909 ], [ 77.434780254542048, 23.230846347563563 ], [ 77.434679454542035, 23.230827947569278 ], [ 77.434638554542033, 23.231016847510617 ] ] ] } },
{ "type": "Feature", "properties": { }, "geometry": { "type": "Polygon", "coordinates": [ [ [ 77.43445285454203, 23.234452646443689 ], [ 77.434539354542025, 23.23446434644006 ], [ 77.434562054542027, 23.234322546484091 ], [ 77.434475554542033, 23.23431084648773 ], [ 77.43445285454203, 23.234452646443689 ] ] ] } },
{ "type": "Feature", "properties": { }, "geometry": { "type": "Polygon", "coordinates": [ [ [ 77.432974254542032, 23.233761246658407 ], [ 77.43318755454203, 23.233912846611332 ], [ 77.433258954542026, 23.2338279466377 ], [ 77.433045754542036, 23.23367644668474 ], [ 77.432974254542032, 23.233761246658407 ] ] ] } },
{ "type": "Feature", "properties": { }, "geometry": { "type": "Polygon", "coordinates": [ [ [ 77.435001654542035, 23.230423147694967 ], [ 77.435101054542017, 23.230438347690253 ], [ 77.435136654542021, 23.230241747751297 ], [ 77.435037254542024, 23.230226547756015 ], [ 77.435001654542035, 23.230423147694967 ] ] ] } },
{ "type": "Feature", "properties": { }, "geometry": { "type": "Polygon", "coordinates": [ [ [ 77.436753854542033, 23.23066124762104 ], [ 77.436922854542033, 23.230701547608525 ], [ 77.436961054542039, 23.230565947650629 ], [ 77.436792054542025, 23.230525747663112 ], [ 77.436753854542033, 23.23066124762104 ] ] ] } },
{ "type": "Feature", "properties": { }, "geometry": { "type": "Polygon", "coordinates": [ [ [ 77.436865354542022, 23.229441647999725 ], [ 77.436910254542028, 23.229259248056358 ], [ 77.436776854542032, 23.229231448064983 ], [ 77.436731954542026, 23.229413948008322 ], [ 77.436865354542022, 23.229441647999725 ] ] ] } },
{ "type": "Feature", "properties": { }, "geometry": { "type": "Polygon", "coordinates": [ [ [ 77.434621254542037, 23.229660847931662 ], [ 77.434789254542039, 23.229728247910732 ], [ 77.434905154542037, 23.229484447986433 ], [ 77.434737154542034, 23.229417048007367 ], [ 77.434621254542037, 23.229660847931662 ] ] ] } },
{ "type": "Feature", "properties": { }, "geometry": { "type": "Polygon", "coordinates": [ [ [ 77.435161654542028, 23.229343248030272 ], [ 77.435239854542033, 23.2293589480254 ], [ 77.435284154542032, 23.229172848083184 ], [ 77.435205854542019, 23.22915714808806 ], [ 77.435161654542028, 23.229343248030272 ] ] ] } },
{ "type": "Feature", "properties": { }, "geometry": { "type": "Polygon", "coordinates": [ [ [ 77.435858454542029, 23.230949547531516 ], [ 77.436056654542028, 23.230997547516615 ], [ 77.436096254542022, 23.2308597475594 ], [ 77.435898054542037, 23.230811647574338 ], [ 77.435858454542029, 23.230949547531516 ] ] ] } },
{ "type": "Feature", "properties": { }, "geometry": { "type": "Polygon", "coordinates": [ [ [ 77.436805454542025, 23.230517147665783 ], [ 77.436959654542022, 23.230554947654046 ], [ 77.436992054542031, 23.230443947688514 ], [ 77.436837754542026, 23.230406047700278 ], [ 77.436805454542025, 23.230517147665783 ] ] ] } },
{ "type": "Feature", "properties": { }, "geometry": { "type": "Polygon", "coordinates": [ [ [ 77.433841554542028, 23.230845347563879 ], [ 77.433995754542039, 23.230958247528815 ], [ 77.434084154542035, 23.230856147560527 ], [ 77.433929954542037, 23.230743347595549 ], [ 77.433841554542028, 23.230845347563879 ] ] ] } },
{ "type": "Feature", "properties": { }, "geometry": { "type": "Polygon", "coordinates": [ [ [ 77.436262154542035, 23.229556047964202 ], [ 77.436402654542022, 23.22958634795479 ], [ 77.436449954542027, 23.229400848012396 ], [ 77.436309454542027, 23.229370548021798 ], [ 77.436262154542035, 23.229556047964202 ] ] ] } },
{ "type": "Feature", "properties": { }, "geometry": { "type": "Polygon", "coordinates": [ [ [ 77.436719454542029, 23.230914347542448 ], [ 77.436904054542026, 23.230951347530958 ], [ 77.436938254542028, 23.230807147575732 ], [ 77.436753654542031, 23.230770147587226 ], [ 77.436719454542029, 23.230914347542448 ] ] ] } },
{ "type": "Feature", "properties": { }, "geometry": { "type": "Polygon", "coordinates": [ [ [ 77.435935054542028, 23.229225448066845 ], [ 77.436028954542024, 23.229244948060799 ], [ 77.43607075454203, 23.229075248113489 ], [ 77.43597675454204, 23.229055748119539 ], [ 77.435935054542028, 23.229225448066845 ] ] ] } },
{ "type": "Feature", "properties": { }, "geometry": { "type": "Polygon", "coordinates": [ [ [ 77.436388754542037, 23.229993947828234 ], [ 77.436506754542037, 23.230011847822677 ], [ 77.436527554542039, 23.229895947858662 ], [ 77.436409554542038, 23.229878047864226 ], [ 77.436388754542037, 23.229993947828234 ] ] ] } },
{ "type": "Feature", "properties": { }, "geometry": { "type": "Polygon", "coordinates": [ [ [ 77.434747254542017, 23.231032247505837 ], [ 77.434861054542026, 23.231052847499441 ], [ 77.434954554542031, 23.230880947552819 ], [ 77.434785754542034, 23.230849247562663 ], [ 77.434747254542017, 23.231032247505837 ] ] ] } },
{ "type": "Feature", "properties": { }, "geometry": { "type": "Polygon", "coordinates": [ [ [ 77.435142054542027, 23.234647346383223 ], [ 77.435292154542026, 23.234676746374099 ], [ 77.435315154542039, 23.234577746404842 ], [ 77.43516505454204, 23.234548346413973 ], [ 77.435142054542027, 23.234647346383223 ] ] ] } },
{ "type": "Feature", "properties": { }, "geometry": { "type": "Polygon", "coordinates": [ [ [ 77.436747254542027, 23.230647747625234 ], [ 77.436781554542023, 23.230525147663297 ], [ 77.436608954542038, 23.230484447675938 ], [ 77.436574654542028, 23.230606947637902 ], [ 77.436747254542027, 23.230647747625234 ] ] ] } },
{ "type": "Feature", "properties": { }, "geometry": { "type": "Polygon", "coordinates": [ [ [ 77.434706654542026, 23.234843246322388 ], [ 77.434862854542033, 23.234872246313387 ], [ 77.434878754542027, 23.234799946335837 ], [ 77.434722554542034, 23.234771046344818 ], [ 77.434706654542026, 23.234843246322388 ] ] ] } },
{ "type": "Feature", "properties": { }, "geometry": { "type": "Polygon", "coordinates": [ [ [ 77.435065054542036, 23.229334048033135 ], [ 77.435147854542038, 23.229351848027608 ], [ 77.435196154542012, 23.229162648086355 ], [ 77.43511335454204, 23.229144848091877 ], [ 77.435065054542036, 23.229334048033135 ] ] ] } },
{ "type": "Feature", "properties": { }, "geometry": { "type": "Polygon", "coordinates": [ [ [ 77.436413854542039, 23.229595147952065 ], [ 77.436535654542013, 23.22962134794393 ], [ 77.436584254542012, 23.229430548003162 ], [ 77.436462454542038, 23.229404348011304 ], [ 77.436413854542039, 23.229595147952065 ] ] ] } },
{ "type": "Feature", "properties": { }, "geometry": { "type": "Polygon", "coordinates": [ [ [ 77.433995154542032, 23.231168147463645 ], [ 77.434116554542015, 23.231263647433988 ], [ 77.434184354542026, 23.231190947456565 ], [ 77.434062954542028, 23.231095447486215 ], [ 77.433995154542032, 23.231168147463645 ] ] ] } },
{ "type": "Feature", "properties": { }, "geometry": { "type": "Polygon", "coordinates": [ [ [ 77.434737454542031, 23.234692046369339 ], [ 77.434893354542027, 23.234721246360277 ], [ 77.434914954542037, 23.234624246390396 ], [ 77.434759054542027, 23.234594946399501 ], [ 77.434737454542031, 23.234692046369339 ] ] ] } },
{ "type": "Feature", "properties": { }, "geometry": { "type": "Polygon", "coordinates": [ [ [ 77.433990854542031, 23.232015347200569 ], [ 77.434155154542026, 23.232148647159182 ], [ 77.434397254542034, 23.231896647237424 ], [ 77.434232854542032, 23.231763347278818 ], [ 77.433990854542031, 23.232015347200569 ] ] ] } },
{ "type": "Feature", "properties": { }, "geometry": { "type": "Polygon", "coordinates": [ [ [ 77.435354054542032, 23.234875346312425 ], [ 77.435471454542039, 23.234897546305529 ], [ 77.435506754542033, 23.234739546354586 ], [ 77.435389454542033, 23.234717346361489 ], [ 77.435354054542032, 23.234875346312425 ] ] ] } },
{ "type": "Feature", "properties": { }, "geometry": { "type": "Polygon", "coordinates": [ [ [ 77.43546675454202, 23.231048947500657 ], [ 77.435670454542034, 23.231094147486615 ], [ 77.435703754542018, 23.230967347525986 ], [ 77.435499954542038, 23.230922147540024 ], [ 77.43546675454202, 23.231048947500657 ] ] ] } },
{ "type": "Feature", "properties": { }, "geometry": { "type": "Polygon", "coordinates": [ [ [ 77.435361754542029, 23.231543547347076 ], [ 77.435539854542014, 23.231583047334812 ], [ 77.435566054542022, 23.231483547365698 ], [ 77.435387854542014, 23.23144404737797 ], [ 77.435361754542029, 23.231543547347076 ] ] ] } },
{ "type": "Feature", "properties": { }, "geometry": { "type": "Polygon", "coordinates": [ [ [ 77.433809754542025, 23.231907547234044 ], [ 77.433949954542015, 23.231774447275374 ], [ 77.433875654542021, 23.2317083472959 ], [ 77.433735454542031, 23.231841447254567 ], [ 77.433809754542025, 23.231907547234044 ] ] ] } },
{ "type": "Feature", "properties": { }, "geometry": { "type": "Polygon", "coordinates": [ [ [ 77.435194154542032, 23.234447346445343 ], [ 77.435174454542036, 23.234547946414096 ], [ 77.43531625454203, 23.234571346406831 ], [ 77.435335954542012, 23.23447084643804 ], [ 77.435194154542032, 23.234447346445343 ] ] ] } },
{ "type": "Feature", "properties": { }, "geometry": { "type": "Polygon", "coordinates": [ [ [ 77.434742554542012, 23.234696946367823 ], [ 77.434726854542035, 23.234763846347047 ], [ 77.434881454542037, 23.234794346337576 ], [ 77.434897154542014, 23.234727546358325 ], [ 77.434742554542012, 23.234696946367823 ] ] ] } },
{ "type": "Feature", "properties": { }, "geometry": { "type": "Polygon", "coordinates": [ [ [ 77.433937854542037, 23.231222847446656 ], [ 77.43405845454204, 23.231317947417125 ], [ 77.434108054542037, 23.231264747433645 ], [ 77.433987554542028, 23.231169747463145 ], [ 77.433937854542037, 23.231222847446656 ] ] ] } },
{ "type": "Feature", "properties": { }, "geometry": { "type": "Polygon", "coordinates": [ [ [ 77.436363954542031, 23.230131347785573 ], [ 77.436487254542016, 23.230148047780386 ], [ 77.436507454542024, 23.230021547819664 ], [ 77.436384154542026, 23.230004847824851 ], [ 77.436363954542031, 23.230131347785573 ] ] ] } },
{ "type": "Feature", "properties": { }, "geometry": { "type": "Polygon", "coordinates": [ [ [ 77.434790754542021, 23.234489646432202 ], [ 77.434941054542023, 23.234513046424929 ], [ 77.434959054542034, 23.234415046455375 ], [ 77.434808854542013, 23.234391646462637 ], [ 77.434790754542021, 23.234489646432202 ] ] ] } },
{ "type": "Feature", "properties": { }, "geometry": { "type": "Polygon", "coordinates": [ [ [ 77.43485955454203, 23.231634547318816 ], [ 77.434937354542029, 23.231354847405669 ], [ 77.434832654542035, 23.231330247413304 ], [ 77.434754954542029, 23.231609947326458 ], [ 77.43485955454203, 23.231634547318816 ] ] ] } },
{ "type": "Feature", "properties": { }, "geometry": { "type": "Polygon", "coordinates": [ [ [ 77.435110954542026, 23.230442247689041 ], [ 77.435188354542035, 23.230453347685593 ], [ 77.435222554542037, 23.230251847748153 ], [ 77.435145154542028, 23.230240747751601 ], [ 77.435110954542026, 23.230442247689041 ] ] ] } },
{ "type": "Feature", "properties": { }, "geometry": { "type": "Polygon", "coordinates": [ [ [ 77.43558315454203, 23.23201764719985 ], [ 77.435763254542039, 23.232060947186408 ], [ 77.435808254542039, 23.231902947235476 ], [ 77.43562805454205, 23.231859647248911 ], [ 77.43558315454203, 23.23201764719985 ] ] ] } },
{ "type": "Feature", "properties": { }, "geometry": { "type": "Polygon", "coordinates": [ [ [ 77.436530854542028, 23.230818547572198 ], [ 77.43672255454203, 23.23086094755903 ], [ 77.436753454542028, 23.230742847595707 ], [ 77.436561754542026, 23.230700447608868 ], [ 77.436530854542028, 23.230818547572198 ] ] ] } },
{ "type": "Feature", "properties": { }, "geometry": { "type": "Polygon", "coordinates": [ [ [ 77.433229054542039, 23.230865847557503 ], [ 77.433470454542032, 23.231063647496097 ], [ 77.433583654542019, 23.230947047532297 ], [ 77.433342254542026, 23.23074924759371 ], [ 77.433229054542039, 23.230865847557503 ] ] ] } },
{ "type": "Feature", "properties": { }, "geometry": { "type": "Polygon", "coordinates": [ [ [ 77.436055654542017, 23.229258348056632 ], [ 77.436163054542035, 23.229280648049709 ], [ 77.436207354542034, 23.229100848105539 ], [ 77.436099854542036, 23.229078548112462 ], [ 77.436055654542017, 23.229258348056632 ] ] ] } },
{ "type": "Feature", "properties": { }, "geometry": { "type": "Polygon", "coordinates": [ [ [ 77.435351054542025, 23.229695047921052 ], [ 77.435301954542027, 23.229814647883906 ], [ 77.435580554542028, 23.22991124785392 ], [ 77.435629654542026, 23.229791647891048 ], [ 77.435351054542025, 23.229695047921052 ] ] ] } },
{ "type": "Feature", "properties": { }, "geometry": { "type": "Polygon", "coordinates": [ [ [ 77.43434395454203, 23.230178247771015 ], [ 77.434539954542032, 23.230266347743655 ], [ 77.434601954542032, 23.230149847779835 ], [ 77.434405954542029, 23.230061747807181 ], [ 77.43434395454203, 23.230178247771015 ] ] ] } },
{ "type": "Feature", "properties": { }, "geometry": { "type": "Polygon", "coordinates": [ [ [ 77.436352554542026, 23.230185547768745 ], [ 77.436474554542031, 23.230200947763961 ], [ 77.436481454542033, 23.230155147778188 ], [ 77.436359354542034, 23.230139747782967 ], [ 77.436352554542026, 23.230185547768745 ] ] ] } },
{ "type": "Feature", "properties": { }, "geometry": { "type": "Polygon", "coordinates": [ [ [ 77.43444855454203, 23.234772046344503 ], [ 77.434477054542029, 23.234637646386236 ], [ 77.434400654542031, 23.234623946390492 ], [ 77.434372154542032, 23.234758346348748 ], [ 77.43444855454203, 23.234772046344503 ] ] ] } },
{ "type": "Feature", "properties": { }, "geometry": { "type": "Polygon", "coordinates": [ [ [ 77.436634154542034, 23.230483547676219 ], [ 77.436793054542022, 23.230516147666087 ], [ 77.436815554542036, 23.230423847694752 ], [ 77.436656654542034, 23.230391247704873 ], [ 77.436634154542034, 23.230483547676219 ] ] ] } },
{ "type": "Feature", "properties": { }, "geometry": { "type": "Polygon", "coordinates": [ [ [ 77.435130654542036, 23.231158047466778 ], [ 77.435324354542033, 23.23120364745262 ], [ 77.435351254542027, 23.231107147482582 ], [ 77.435157454542036, 23.231061547496736 ], [ 77.435130654542036, 23.231158047466778 ] ] ] } },
{ "type": "Feature", "properties": { }, "geometry": { "type": "Polygon", "coordinates": [ [ [ 77.435040654542036, 23.232733346977614 ], [ 77.435230454542037, 23.232768246966771 ], [ 77.43524755454203, 23.232689846991118 ], [ 77.435057754542029, 23.232654847001985 ], [ 77.435040654542036, 23.232733346977614 ] ] ] } },
{ "type": "Feature", "properties": { }, "geometry": { "type": "Polygon", "coordinates": [ [ [ 77.433657954542028, 23.231761447279411 ], [ 77.433741154542034, 23.231832547257333 ], [ 77.433872954542039, 23.231702347297762 ], [ 77.433789754542033, 23.231631247319836 ], [ 77.433657954542028, 23.231761447279411 ] ] ] } },
{ "type": "Feature", "properties": { }, "geometry": { "type": "Polygon", "coordinates": [ [ [ 77.436111854542034, 23.231140947472085 ], [ 77.436071554542025, 23.231291047425476 ], [ 77.436275254542039, 23.231337247411133 ], [ 77.43631555454202, 23.231187247457711 ], [ 77.436111854542034, 23.231140947472085 ] ] ] } },
{ "type": "Feature", "properties": { }, "geometry": { "type": "Polygon", "coordinates": [ [ [ 77.436666654542023, 23.23023644775294 ], [ 77.436877054542023, 23.230279447739591 ], [ 77.436904354542037, 23.230166547774648 ], [ 77.436693954542037, 23.23012354778799 ], [ 77.436666654542023, 23.23023644775294 ] ] ] } },
{ "type": "Feature", "properties": { }, "geometry": { "type": "Polygon", "coordinates": [ [ [ 77.435655554542038, 23.232869146935442 ], [ 77.43583975454203, 23.23290804692336 ], [ 77.435896954542031, 23.232679446994347 ], [ 77.435712754542038, 23.232640547006429 ], [ 77.435655554542038, 23.232869146935442 ] ] ] } },
{ "type": "Feature", "properties": { }, "geometry": { "type": "Polygon", "coordinates": [ [ [ 77.435222654542031, 23.230115047790633 ], [ 77.435287654542023, 23.230135647784238 ], [ 77.435317154542034, 23.230057247808581 ], [ 77.435252154542027, 23.230036647814977 ], [ 77.435222654542031, 23.230115047790633 ] ] ] } },
{ "type": "Feature", "properties": { }, "geometry": { "type": "Polygon", "coordinates": [ [ [ 77.434414354542028, 23.230059247807958 ], [ 77.434596654542034, 23.230141147782533 ], [ 77.434660454542026, 23.230021347819733 ], [ 77.43447815454202, 23.229939447845158 ], [ 77.434414354542028, 23.230059247807958 ] ] ] } },
{ "type": "Feature", "properties": { }, "geometry": { "type": "Polygon", "coordinates": [ [ [ 77.435892854542033, 23.230808747575242 ], [ 77.436099354542023, 23.230856347560454 ], [ 77.436127854542036, 23.230752147592813 ], [ 77.435921254542023, 23.230704547607591 ], [ 77.435892854542033, 23.230808747575242 ] ] ] } },
{ "type": "Feature", "properties": { }, "geometry": { "type": "Polygon", "coordinates": [ [ [ 77.433757354542038, 23.230944447533098 ], [ 77.433910154542033, 23.231056247498383 ], [ 77.433989354542035, 23.230964847526764 ], [ 77.433836554542026, 23.230853047561482 ], [ 77.433757354542038, 23.230944447533098 ] ] ] } },
{ "type": "Feature", "properties": { }, "geometry": { "type": "Polygon", "coordinates": [ [ [ 77.434699954542026, 23.229922947850284 ], [ 77.434790254542037, 23.229732947909277 ], [ 77.434609254542039, 23.229660347931819 ], [ 77.434518954542028, 23.229850347872823 ], [ 77.434699954542026, 23.229922947850284 ] ] ] } },
{ "type": "Feature", "properties": { }, "geometry": { "type": "Polygon", "coordinates": [ [ [ 77.436695554542027, 23.230120847788836 ], [ 77.436891954542034, 23.230156647777715 ], [ 77.436917954542039, 23.230036147815131 ], [ 77.436721454542024, 23.230000347826252 ], [ 77.436695554542027, 23.230120847788836 ] ] ] } },
{ "type": "Feature", "properties": { }, "geometry": { "type": "Polygon", "coordinates": [ [ [ 77.435388254542033, 23.231438947379555 ], [ 77.43556815454204, 23.231478847367164 ], [ 77.435593154542033, 23.231383647396726 ], [ 77.435413254542027, 23.231343747409113 ], [ 77.435388254542033, 23.231438947379555 ] ] ] } },
{ "type": "Feature", "properties": { }, "geometry": { "type": "Polygon", "coordinates": [ [ [ 77.433855554542035, 23.231331847412807 ], [ 77.433978954542027, 23.231428847382695 ], [ 77.434057954542027, 23.231343947409059 ], [ 77.43393455454202, 23.231246947439171 ], [ 77.433855554542035, 23.231331847412807 ] ] ] } },
{ "type": "Feature", "properties": { }, "geometry": { "type": "Polygon", "coordinates": [ [ [ 77.435163254542019, 23.230099647795416 ], [ 77.435215054542027, 23.23011754778986 ], [ 77.435246554542033, 23.230040547813772 ], [ 77.435194754542039, 23.230022647819332 ], [ 77.435163254542019, 23.230099647795416 ] ] ] } },
{ "type": "Feature", "properties": { }, "geometry": { "type": "Polygon", "coordinates": [ [ [ 77.434773354542031, 23.23456044641021 ], [ 77.434919554542034, 23.234583846402948 ], [ 77.434932354542028, 23.234516246423947 ], [ 77.434786154542039, 23.23449284643122 ], [ 77.434773354542031, 23.23456044641021 ] ] ] } },
{ "type": "Feature", "properties": { }, "geometry": { "type": "Polygon", "coordinates": [ [ [ 77.434061354542038, 23.229923147850219 ], [ 77.434340854542029, 23.230048747811225 ], [ 77.434410354542038, 23.229918247851739 ], [ 77.434130854542033, 23.229792547890767 ], [ 77.434061354542038, 23.229923147850219 ] ] ] } },
{ "type": "Feature", "properties": { }, "geometry": { "type": "Polygon", "coordinates": [ [ [ 77.435198454542032, 23.230446847687606 ], [ 77.435348454542037, 23.23046954768056 ], [ 77.435382654542039, 23.230279147739687 ], [ 77.435232654542034, 23.230256447746733 ], [ 77.435198454542032, 23.230446847687606 ] ] ] } },
{ "type": "Feature", "properties": { }, "geometry": { "type": "Polygon", "coordinates": [ [ [ 77.434963154542032, 23.229308748040985 ], [ 77.435055054542033, 23.229330248034309 ], [ 77.435108054542027, 23.229138548093836 ], [ 77.435016154542026, 23.229117148100482 ], [ 77.434963154542032, 23.229308748040985 ] ] ] } },
{ "type": "Feature", "properties": { }, "geometry": { "type": "Polygon", "coordinates": [ [ [ 77.435926354542019, 23.230697047609922 ], [ 77.436130254542022, 23.230746647594522 ], [ 77.436167954542029, 23.230615547635232 ], [ 77.435964154542035, 23.230565947650629 ], [ 77.435926354542019, 23.230697047609922 ] ] ] } },
{ "type": "Feature", "properties": { }, "geometry": { "type": "Polygon", "coordinates": [ [ [ 77.433659754542035, 23.231047847500996 ], [ 77.433813554542027, 23.231160347466062 ], [ 77.433902254542033, 23.23105794749786 ], [ 77.433748554542035, 23.230945447532793 ], [ 77.433659754542035, 23.231047847500996 ] ] ] } },
{ "type": "Feature", "properties": { }, "geometry": { "type": "Polygon", "coordinates": [ [ [ 77.435352954542026, 23.228993648138822 ], [ 77.435520054542039, 23.229052148120658 ], [ 77.43558275454204, 23.228901348167483 ], [ 77.435415554542033, 23.228842748185674 ], [ 77.435352954542026, 23.228993648138822 ] ] ] } },
{ "type": "Feature", "properties": { }, "geometry": { "type": "Polygon", "coordinates": [ [ [ 77.436554354542039, 23.229613147946473 ], [ 77.436729854542023, 23.229650847934771 ], [ 77.43677425454203, 23.229476547988888 ], [ 77.436598754542032, 23.229438848000594 ], [ 77.436554354542039, 23.229613147946473 ] ] ] } },
{ "type": "Feature", "properties": { }, "geometry": { "type": "Polygon", "coordinates": [ [ [ 77.434289354542017, 23.229531047971964 ], [ 77.434433554542039, 23.229599447950726 ], [ 77.434496854542019, 23.229486747985714 ], [ 77.434352754542019, 23.229418348006956 ], [ 77.434289354542017, 23.229531047971964 ] ] ] } },
{ "type": "Feature", "properties": { }, "geometry": { "type": "Polygon", "coordinates": [ [ [ 77.433480554542029, 23.230628047631352 ], [ 77.433693754542034, 23.230794347579707 ], [ 77.433809854542034, 23.230668747618708 ], [ 77.433596654542029, 23.230502447670347 ], [ 77.433480554542029, 23.230628047631352 ] ] ] } },
{ "type": "Feature", "properties": { }, "geometry": { "type": "Polygon", "coordinates": [ [ [ 77.435476754542037, 23.23490184630419 ], [ 77.435594354542033, 23.234924946297014 ], [ 77.43563055454203, 23.234769746345215 ], [ 77.435512954542034, 23.234746546352422 ], [ 77.435476754542037, 23.23490184630419 ] ] ] } },
{ "type": "Feature", "properties": { }, "geometry": { "type": "Polygon", "coordinates": [ [ [ 77.435305854542037, 23.23173674728708 ], [ 77.435488954542038, 23.231777247274508 ], [ 77.435520754542026, 23.231655947312163 ], [ 77.435337654542025, 23.231615347324784 ], [ 77.435305854542037, 23.23173674728708 ] ] ] } },
{ "type": "Feature", "properties": { }, "geometry": { "type": "Polygon", "coordinates": [ [ [ 77.435742354542029, 23.232546547035614 ], [ 77.435929854542039, 23.232586147023316 ], [ 77.435955654542028, 23.232483047055339 ], [ 77.435768154542032, 23.232443547067604 ], [ 77.435742354542029, 23.232546547035614 ] ] ] } },
{ "type": "Feature", "properties": { }, "geometry": { "type": "Polygon", "coordinates": [ [ [ 77.43405375454202, 23.229927147848979 ], [ 77.433972054542039, 23.230080747801285 ], [ 77.434252854542038, 23.230206947762099 ], [ 77.434334654542027, 23.23005334780979 ], [ 77.43405375454202, 23.229927147848979 ] ] ] } },
{ "type": "Feature", "properties": { }, "geometry": { "type": "Polygon", "coordinates": [ [ [ 77.433986454542023, 23.231739347286275 ], [ 77.434037854542026, 23.231775847274942 ], [ 77.434123054542027, 23.231674847306302 ], [ 77.434071654542038, 23.231638247317665 ], [ 77.433986454542023, 23.231739347286275 ] ] ] } },
{ "type": "Feature", "properties": { }, "geometry": { "type": "Polygon", "coordinates": [ [ [ 77.435898554542021, 23.232108247171716 ], [ 77.436097054542017, 23.232144547160445 ], [ 77.436127354542023, 23.232004747203863 ], [ 77.435928854542027, 23.231968347215169 ], [ 77.435898554542021, 23.232108247171716 ] ] ] } },
{ "type": "Feature", "properties": { }, "geometry": { "type": "Polygon", "coordinates": [ [ [ 77.432995754542034, 23.231128947475817 ], [ 77.433271354542029, 23.231346447408278 ], [ 77.433388754542037, 23.231220847447279 ], [ 77.433113154542013, 23.231003347514811 ], [ 77.432995754542034, 23.231128947475817 ] ] ] } },
{ "type": "Feature", "properties": { }, "geometry": { "type": "Polygon", "coordinates": [ [ [ 77.434786254542033, 23.22925864805654 ], [ 77.434934554542039, 23.229306848041578 ], [ 77.435008954542027, 23.229113848101505 ], [ 77.434860554542027, 23.229065548116498 ], [ 77.434786254542033, 23.22925864805654 ] ] ] } },
{ "type": "Feature", "properties": { }, "geometry": { "type": "Polygon", "coordinates": [ [ [ 77.434981554542034, 23.23130794742023 ], [ 77.435059354542034, 23.231028247507076 ], [ 77.434953254542023, 23.231003347514811 ], [ 77.434875454542038, 23.231283047427961 ], [ 77.434981554542034, 23.23130794742023 ] ] ] } },
{ "type": "Feature", "properties": { }, "geometry": { "type": "Polygon", "coordinates": [ [ [ 77.435526054542024, 23.232201047142905 ], [ 77.435726754542031, 23.232249247127942 ], [ 77.435777254542018, 23.232071547183114 ], [ 77.435576654542032, 23.232023347198083 ], [ 77.435526054542024, 23.232201047142905 ] ] ] } },
{ "type": "Feature", "properties": { }, "geometry": { "type": "Polygon", "coordinates": [ [ [ 77.435720154542039, 23.23263634700773 ], [ 77.435907654542021, 23.232675846995463 ], [ 77.435928654542039, 23.232591847021549 ], [ 77.435741154542029, 23.232552347033824 ], [ 77.435720154542039, 23.23263634700773 ] ] ] } },
{ "type": "Feature", "properties": { }, "geometry": { "type": "Polygon", "coordinates": [ [ [ 77.435619654542037, 23.234967146283914 ], [ 77.435709154542025, 23.234985446278227 ], [ 77.435745354542036, 23.234836346324531 ], [ 77.435655854542034, 23.234818046330215 ], [ 77.435619654542037, 23.234967146283914 ] ] ] } },
{ "type": "Feature", "properties": { }, "geometry": { "type": "Polygon", "coordinates": [ [ [ 77.435774754542038, 23.232441347068288 ], [ 77.435957754542031, 23.232479947056301 ], [ 77.435977854542017, 23.232399647081234 ], [ 77.435794854542038, 23.232360947093252 ], [ 77.435774754542038, 23.232441347068288 ] ] ] } },
{ "type": "Feature", "properties": { }, "geometry": { "type": "Polygon", "coordinates": [ [ [ 77.433359854542019, 23.230747547594241 ], [ 77.433589154542034, 23.23093244753683 ], [ 77.433702154542033, 23.230814047573595 ], [ 77.433472854542032, 23.23062914763101 ], [ 77.433359854542019, 23.230747547594241 ] ] ] } },
{ "type": "Feature", "properties": { }, "geometry": { "type": "Polygon", "coordinates": [ [ [ 77.436446354542028, 23.231274747430536 ], [ 77.436587254542033, 23.231299947422713 ], [ 77.43660885454203, 23.231198147454329 ], [ 77.436468054542033, 23.231172947462149 ], [ 77.436446354542028, 23.231274747430536 ] ] ] } },
{ "type": "Feature", "properties": { }, "geometry": { "type": "Polygon", "coordinates": [ [ [ 77.436243254542035, 23.229287348047631 ], [ 77.436357254542031, 23.229311048040277 ], [ 77.436398454542029, 23.22914374809222 ], [ 77.436284354542039, 23.229120048099578 ], [ 77.436243254542035, 23.229287348047631 ] ] ] } },
{ "type": "Feature", "properties": { }, "geometry": { "type": "Polygon", "coordinates": [ [ [ 77.436423954542036, 23.231354847405669 ], [ 77.436555354542037, 23.231378547398311 ], [ 77.436571354542039, 23.231303647421566 ], [ 77.436439954542024, 23.231279847428954 ], [ 77.436423954542036, 23.231354847405669 ] ] ] } },
{ "type": "Feature", "properties": { }, "geometry": { "type": "Polygon", "coordinates": [ [ [ 77.433369754542028, 23.231377047398773 ], [ 77.43331665454204, 23.231438447379713 ], [ 77.433323654542036, 23.231490447363566 ], [ 77.433355154542028, 23.231534647349832 ], [ 77.433393754542038, 23.231554847343563 ], [ 77.433440754542033, 23.231567647339588 ], [ 77.433516054542039, 23.231495447362011 ], [ 77.433369754542028, 23.231377047398773 ] ] ] } },
{ "type": "Feature", "properties": { }, "geometry": { "type": "Polygon", "coordinates": [ [ [ 77.443663354542039, 23.234389846463195 ], [ 77.44360455454202, 23.234392146462483 ], [ 77.443607554542027, 23.234455346442854 ], [ 77.443666454542026, 23.2344529464436 ], [ 77.443663354542039, 23.234389846463195 ] ] ] } },
{ "type": "Feature", "properties": { }, "geometry": { "type": "Polygon", "coordinates": [ [ [ 77.443416654542034, 23.234383646465119 ], [ 77.443463254542038, 23.234386446464253 ], [ 77.443465554542016, 23.23435354647447 ], [ 77.44341895454204, 23.234350846475309 ], [ 77.443416654542034, 23.234383646465119 ] ] ] } },
{ "type": "Feature", "properties": { }, "geometry": { "type": "Polygon", "coordinates": [ [ [ 77.443473954542014, 23.234392546462356 ], [ 77.443521854542027, 23.234392546462356 ], [ 77.443521854542027, 23.234336846479657 ], [ 77.443473954542014, 23.234336846479657 ], [ 77.443473954542014, 23.234392546462356 ] ] ] } },
{ "type": "Feature", "properties": { }, "geometry": { "type": "Polygon", "coordinates": [ [ [ 77.443528954542018, 23.234391346462729 ], [ 77.443562154542022, 23.234391946462541 ], [ 77.443562954542017, 23.234352746474723 ], [ 77.443529854542035, 23.234352146474908 ], [ 77.443528954542018, 23.234391346462729 ] ] ] } },
{ "type": "Feature", "properties": { }, "geometry": { "type": "Polygon", "coordinates": [ [ [ 77.443510454542036, 23.234396246461209 ], [ 77.443509754542035, 23.234428046451335 ], [ 77.443557354542037, 23.234428946451057 ], [ 77.443558154542032, 23.234397246460897 ], [ 77.443510454542036, 23.234396246461209 ] ] ] } },
{ "type": "Feature", "properties": { }, "geometry": { "type": "Polygon", "coordinates": [ [ [ 77.443433354542037, 23.234458546441864 ], [ 77.443489754542028, 23.234457046442323 ], [ 77.44348805454203, 23.234401946459439 ], [ 77.443431754542019, 23.234403346459001 ], [ 77.443433354542037, 23.234458546441864 ] ] ] } },
{ "type": "Feature", "properties": { }, "geometry": { "type": "Polygon", "coordinates": [ [ [ 77.437966754542032, 23.233255246815546 ], [ 77.43795745454203, 23.23324374681911 ], [ 77.437944054542029, 23.233236346821414 ], [ 77.437928554542026, 23.233234246822061 ], [ 77.437913354542033, 23.233237646821006 ], [ 77.437900854542036, 23.233246246818332 ], [ 77.437892754542034, 23.233258546814518 ], [ 77.437890454542028, 23.233272746810105 ], [ 77.43789425454203, 23.233286646805791 ], [ 77.437903554542018, 23.233298246802189 ], [ 77.437916954542018, 23.233305646799892 ], [ 77.437932454542036, 23.233307746799241 ], [ 77.437947554542035, 23.23330424680033 ], [ 77.437960154542012, 23.233295646802993 ], [ 77.437968154542034, 23.233283346806815 ], [ 77.43797045454204, 23.233269146811228 ], [ 77.437966754542032, 23.233255246815546 ] ] ] } },
{ "type": "Feature", "properties": { }, "geometry": { "type": "Polygon", "coordinates": [ [ [ 77.441739254542028, 23.234972246282322 ], [ 77.441869954542028, 23.234974046281771 ], [ 77.441871254542036, 23.234896046305991 ], [ 77.441740554542037, 23.234894146306591 ], [ 77.441739254542028, 23.234972246282322 ] ] ] } },
{ "type": "Feature", "properties": { }, "geometry": { "type": "Polygon", "coordinates": [ [ [ 77.433915254542029, 23.235278446187234 ], [ 77.434103754542036, 23.235314946175897 ], [ 77.43412325454203, 23.235229846202323 ], [ 77.433934854542031, 23.235193346213666 ], [ 77.433915254542029, 23.235278446187234 ] ] ] } },
{ "type": "Feature", "properties": { }, "geometry": { "type": "Polygon", "coordinates": [ [ [ 77.440535954542014, 23.233139746851407 ], [ 77.440514754542036, 23.233017146889487 ], [ 77.440442454542037, 23.233027646886221 ], [ 77.440463554542021, 23.233150246848144 ], [ 77.440535954542014, 23.233139746851407 ] ] ] } },
{ "type": "Feature", "properties": { }, "geometry": { "type": "Polygon", "coordinates": [ [ [ 77.434607954542031, 23.236279145876448 ], [ 77.434782554542039, 23.23632194586315 ], [ 77.434832154542022, 23.236151245916172 ], [ 77.434657454542034, 23.236108445929457 ], [ 77.434607954542031, 23.236279145876448 ] ] ] } },
{ "type": "Feature", "properties": { }, "geometry": { "type": "Polygon", "coordinates": [ [ [ 77.433827554542034, 23.235609146084528 ], [ 77.434022054542012, 23.235647346072664 ], [ 77.43405575454203, 23.235502546117637 ], [ 77.433861254542023, 23.235464346129493 ], [ 77.433827554542034, 23.235609146084528 ] ] ] } },
{ "type": "Feature", "properties": { }, "geometry": { "type": "Polygon", "coordinates": [ [ [ 77.441726154542039, 23.23783154539429 ], [ 77.44183545454203, 23.237835245393143 ], [ 77.441841554542037, 23.237682045440721 ], [ 77.441732254542032, 23.237678345441868 ], [ 77.441726154542039, 23.23783154539429 ] ] ] } },
{ "type": "Feature", "properties": { }, "geometry": { "type": "Polygon", "coordinates": [ [ [ 77.434265054542024, 23.236210545897748 ], [ 77.434453554542031, 23.236257945883033 ], [ 77.434484354542022, 23.236154445915172 ], [ 77.434295954542037, 23.236107045929895 ], [ 77.434265054542024, 23.236210545897748 ] ] ] } },
{ "type": "Feature", "properties": { }, "geometry": { "type": "Polygon", "coordinates": [ [ [ 77.437022654542019, 23.235191846214121 ], [ 77.437011454542031, 23.235266446190963 ], [ 77.437161254542019, 23.23528544618506 ], [ 77.437172454542036, 23.235210946208198 ], [ 77.437022654542019, 23.235191846214121 ] ] ] } },
{ "type": "Feature", "properties": { }, "geometry": { "type": "Polygon", "coordinates": [ [ [ 77.440156754542031, 23.233502946738618 ], [ 77.440264154542035, 23.233483346744702 ], [ 77.440215854542032, 23.233260246813991 ], [ 77.440108454542028, 23.233279946807869 ], [ 77.440156754542031, 23.233502946738618 ] ] ] } },
{ "type": "Feature", "properties": { }, "geometry": { "type": "Polygon", "coordinates": [ [ [ 77.435151954542036, 23.237283045564656 ], [ 77.435135554542029, 23.23736194554014 ], [ 77.435249754542028, 23.23738184553396 ], [ 77.435266054542026, 23.237302945558469 ], [ 77.435151954542036, 23.237283045564656 ] ] ] } },
{ "type": "Feature", "properties": { }, "geometry": { "type": "Polygon", "coordinates": [ [ [ 77.441690254542038, 23.236096445933189 ], [ 77.441768854542033, 23.236127645923492 ], [ 77.441819554542036, 23.23601954595707 ], [ 77.441740954542027, 23.235988445966729 ], [ 77.441690254542038, 23.236096445933189 ] ] ] } },
{ "type": "Feature", "properties": { }, "geometry": { "type": "Polygon", "coordinates": [ [ [ 77.434331454542033, 23.235712646052381 ], [ 77.434462354542035, 23.235742346043168 ], [ 77.434517554542026, 23.23553664610704 ], [ 77.434386754542032, 23.235506946116267 ], [ 77.434331454542033, 23.235712646052381 ] ] ] } },
{ "type": "Feature", "properties": { }, "geometry": { "type": "Polygon", "coordinates": [ [ [ 77.433402054542015, 23.233784746651107 ], [ 77.433708554542036, 23.233997246585115 ], [ 77.433844254542038, 23.233832146636392 ], [ 77.43353775454203, 23.233619546702407 ], [ 77.433402054542015, 23.233784746651107 ] ] ] } },
{ "type": "Feature", "properties": { }, "geometry": { "type": "Polygon", "coordinates": [ [ [ 77.44188405454203, 23.234968546283479 ], [ 77.442031554542012, 23.23497284628214 ], [ 77.442034654542013, 23.234884746309501 ], [ 77.44188715454203, 23.234880446310839 ], [ 77.44188405454203, 23.234968546283479 ] ] ] } },
{ "type": "Feature", "properties": { }, "geometry": { "type": "Polygon", "coordinates": [ [ [ 77.434468954542027, 23.237300545559219 ], [ 77.434577554542031, 23.237319645553281 ], [ 77.43461155454203, 23.237156345604003 ], [ 77.434502954542026, 23.237137245609933 ], [ 77.434468954542027, 23.237300545559219 ] ] ] } },
{ "type": "Feature", "properties": { }, "geometry": { "type": "Polygon", "coordinates": [ [ [ 77.439789754542019, 23.234123546545895 ], [ 77.439892954542032, 23.234102946552287 ], [ 77.439847854542023, 23.233912046611572 ], [ 77.439744554542031, 23.233932746605145 ], [ 77.439789754542019, 23.234123546545895 ] ] ] } },
{ "type": "Feature", "properties": { }, "geometry": { "type": "Polygon", "coordinates": [ [ [ 77.437698954542029, 23.235938545982226 ], [ 77.437846454542026, 23.235953845977473 ], [ 77.437858854542014, 23.235853046008781 ], [ 77.437711454542026, 23.235837746013534 ], [ 77.437698954542029, 23.235938545982226 ] ] ] } },
{ "type": "Feature", "properties": { }, "geometry": { "type": "Polygon", "coordinates": [ [ [ 77.434660454542026, 23.236103945930861 ], [ 77.434866554542026, 23.236156245914611 ], [ 77.434895354542022, 23.236060345944399 ], [ 77.434689254542022, 23.236008045960638 ], [ 77.434660454542026, 23.236103945930861 ] ] ] } },
{ "type": "Feature", "properties": { }, "geometry": { "type": "Polygon", "coordinates": [ [ [ 77.434244254542023, 23.236293145872096 ], [ 77.434435454542026, 23.236338745857932 ], [ 77.434455654542035, 23.236266945880232 ], [ 77.43426455454204, 23.236221345894393 ], [ 77.434244254542023, 23.236293145872096 ] ] ] } },
{ "type": "Feature", "properties": { }, "geometry": { "type": "Polygon", "coordinates": [ [ [ 77.440271354542034, 23.233485746743959 ], [ 77.440503454542025, 23.233446746756076 ], [ 77.440461254542029, 23.233234146822095 ], [ 77.440229154542038, 23.233273146809982 ], [ 77.440271354542034, 23.233485746743959 ] ] ] } },
{ "type": "Feature", "properties": { }, "geometry": { "type": "Polygon", "coordinates": [ [ [ 77.439183454542032, 23.236124445924492 ], [ 77.439194154542037, 23.235997245963993 ], [ 77.439122854542035, 23.235992145965579 ], [ 77.43911215454203, 23.23611934592607 ], [ 77.439183454542032, 23.236124445924492 ] ] ] } },
{ "type": "Feature", "properties": { }, "geometry": { "type": "Polygon", "coordinates": [ [ [ 77.43482435454203, 23.234276246498478 ], [ 77.434955054542016, 23.234311346487576 ], [ 77.434974954542028, 23.234248646507044 ], [ 77.434844354542037, 23.234213546517946 ], [ 77.43482435454203, 23.234276246498478 ] ] ] } },
{ "type": "Feature", "properties": { }, "geometry": { "type": "Polygon", "coordinates": [ [ [ 77.438763954542026, 23.23453904641686 ], [ 77.438900754542033, 23.234558146410933 ], [ 77.438921954542039, 23.234430246450653 ], [ 77.438785154542032, 23.234411146456576 ], [ 77.438763954542026, 23.23453904641686 ] ] ] } },
{ "type": "Feature", "properties": { }, "geometry": { "type": "Polygon", "coordinates": [ [ [ 77.434729454542037, 23.237539945484862 ], [ 77.434762254542036, 23.237372345536912 ], [ 77.434672254542036, 23.237357445541537 ], [ 77.434639454542037, 23.237525045489487 ], [ 77.434729454542037, 23.237539945484862 ] ] ] } },
{ "type": "Feature", "properties": { }, "geometry": { "type": "Polygon", "coordinates": [ [ [ 77.438010454542024, 23.236615645771934 ], [ 77.438027854542028, 23.2365146458033 ], [ 77.437951954542029, 23.236503545806759 ], [ 77.437934554542039, 23.236604645775355 ], [ 77.438010454542024, 23.236615645771934 ] ] ] } },
{ "type": "Feature", "properties": { }, "geometry": { "type": "Polygon", "coordinates": [ [ [ 77.440860454542033, 23.232187447147133 ], [ 77.440981854542031, 23.232189247146568 ], [ 77.440983154542039, 23.232108547171627 ], [ 77.440861854542035, 23.232106747172189 ], [ 77.440860454542033, 23.232187447147133 ] ] ] } },
{ "type": "Feature", "properties": { }, "geometry": { "type": "Polygon", "coordinates": [ [ [ 77.43487135454204, 23.234146246538849 ], [ 77.435003654542015, 23.23418174652782 ], [ 77.435021354542016, 23.234126246545056 ], [ 77.434889054542026, 23.234090646556119 ], [ 77.43487135454204, 23.234146246538849 ] ] ] } },
{ "type": "Feature", "properties": { }, "geometry": { "type": "Polygon", "coordinates": [ [ [ 77.43765625454202, 23.236104545930662 ], [ 77.437804654542035, 23.236123845924677 ], [ 77.437819754542033, 23.236026045955054 ], [ 77.437671354542033, 23.236006645961076 ], [ 77.43765625454202, 23.236104545930662 ] ] ] } },
{ "type": "Feature", "properties": { }, "geometry": { "type": "Polygon", "coordinates": [ [ [ 77.433294154542025, 23.233885746619745 ], [ 77.433605954542031, 23.234111246549713 ], [ 77.433697154542031, 23.23400484658276 ], [ 77.433385254542031, 23.233779346652785 ], [ 77.433294154542025, 23.233885746619745 ] ] ] } },
{ "type": "Feature", "properties": { }, "geometry": { "type": "Polygon", "coordinates": [ [ [ 77.434086254542038, 23.23691974567749 ], [ 77.434281254542029, 23.236954845666588 ], [ 77.434303454542032, 23.236850745698913 ], [ 77.434108454542027, 23.236815545709849 ], [ 77.434086254542038, 23.23691974567749 ] ] ] } },
{ "type": "Feature", "properties": { }, "geometry": { "type": "Polygon", "coordinates": [ [ [ 77.434561554542029, 23.236729745736497 ], [ 77.434527154542039, 23.23690384568242 ], [ 77.434635754542029, 23.236922045676774 ], [ 77.434670154542033, 23.236747945730844 ], [ 77.434561554542029, 23.236729745736497 ] ] ] } },
{ "type": "Feature", "properties": { }, "geometry": { "type": "Polygon", "coordinates": [ [ [ 77.43308295454203, 23.234177846529036 ], [ 77.433385954542032, 23.234373746468187 ], [ 77.433492254542031, 23.234235046511273 ], [ 77.433189154542021, 23.234039046572132 ], [ 77.43308295454203, 23.234177846529036 ] ] ] } },
{ "type": "Feature", "properties": { }, "geometry": { "type": "Polygon", "coordinates": [ [ [ 77.44074345454203, 23.233387146774589 ], [ 77.440844554542039, 23.233374146778619 ], [ 77.440813054542033, 23.233167046842933 ], [ 77.440711954542039, 23.233180046838893 ], [ 77.44074345454203, 23.233387146774589 ] ] ] } },
{ "type": "Feature", "properties": { }, "geometry": { "type": "Polygon", "coordinates": [ [ [ 77.436264854542031, 23.232556547032512 ], [ 77.436206854542036, 23.232766246967394 ], [ 77.436393754542038, 23.232811146953445 ], [ 77.436454654542032, 23.23258974702221 ], [ 77.436264854542031, 23.232556547032512 ] ] ] } },
{ "type": "Feature", "properties": { }, "geometry": { "type": "Polygon", "coordinates": [ [ [ 77.441962154542026, 23.2376676454452 ], [ 77.442072254542026, 23.237670545444296 ], [ 77.442077654542032, 23.237501745496722 ], [ 77.441967554542032, 23.23749874549765 ], [ 77.441962154542026, 23.2376676454452 ] ] ] } },
{ "type": "Feature", "properties": { }, "geometry": { "type": "Polygon", "coordinates": [ [ [ 77.43473985454203, 23.235801146024894 ], [ 77.434923354542022, 23.235838846013188 ], [ 77.434976954542037, 23.235618946081484 ], [ 77.434793454542032, 23.235581146093224 ], [ 77.43473985454203, 23.235801146024894 ] ] ] } },
{ "type": "Feature", "properties": { }, "geometry": { "type": "Polygon", "coordinates": [ [ [ 77.435068954542018, 23.237610645462905 ], [ 77.435179554542032, 23.237635245455255 ], [ 77.435203054542029, 23.2375462454829 ], [ 77.435092354542036, 23.237521545490573 ], [ 77.435068954542018, 23.237610645462905 ] ] ] } },
{ "type": "Feature", "properties": { }, "geometry": { "type": "Polygon", "coordinates": [ [ [ 77.438892754542039, 23.23623994588862 ], [ 77.438995054542033, 23.236248745885881 ], [ 77.43900715454204, 23.236129845922818 ], [ 77.438904854542031, 23.236121045925547 ], [ 77.438892754542039, 23.23623994588862 ] ] ] } },
{ "type": "Feature", "properties": { }, "geometry": { "type": "Polygon", "coordinates": [ [ [ 77.438896454542032, 23.235170646220709 ], [ 77.438992054542027, 23.235179746217888 ], [ 77.43900875454203, 23.235031846263816 ], [ 77.438913154542035, 23.235022746266651 ], [ 77.438896454542032, 23.235170646220709 ] ] ] } },
{ "type": "Feature", "properties": { }, "geometry": { "type": "Polygon", "coordinates": [ [ [ 77.440572154542039, 23.23152964735139 ], [ 77.440697154542036, 23.231529947351298 ], [ 77.440697454542033, 23.231450747375892 ], [ 77.440572354542027, 23.231450447375984 ], [ 77.440572154542039, 23.23152964735139 ] ] ] } },
{ "type": "Feature", "properties": { }, "geometry": { "type": "Polygon", "coordinates": [ [ [ 77.435472954542035, 23.235867846004187 ], [ 77.435577554542022, 23.235887545998064 ], [ 77.435602554542029, 23.235775546032848 ], [ 77.435497954542029, 23.235755846038966 ], [ 77.435472954542035, 23.235867846004187 ] ] ] } },
{ "type": "Feature", "properties": { }, "geometry": { "type": "Polygon", "coordinates": [ [ [ 77.436521854542022, 23.237475845504768 ], [ 77.436645254542029, 23.237501045496941 ], [ 77.436663954542013, 23.23742364552098 ], [ 77.436540654542029, 23.237398445528804 ], [ 77.436521854542022, 23.237475845504768 ] ] ] } },
{ "type": "Feature", "properties": { }, "geometry": { "type": "Polygon", "coordinates": [ [ [ 77.434875254542035, 23.234081946558813 ], [ 77.435021054542034, 23.234121146546645 ], [ 77.435042954542013, 23.234052446567976 ], [ 77.434897154542014, 23.234013246580151 ], [ 77.434875254542035, 23.234081946558813 ] ] ] } },
{ "type": "Feature", "properties": { }, "geometry": { "type": "Polygon", "coordinates": [ [ [ 77.433890954542036, 23.235353446163945 ], [ 77.434085054542024, 23.235391646152081 ], [ 77.434102154542018, 23.23531824617487 ], [ 77.43390805454203, 23.235279946186768 ], [ 77.433890954542036, 23.235353446163945 ] ] ] } },
{ "type": "Feature", "properties": { }, "geometry": { "type": "Polygon", "coordinates": [ [ [ 77.439688354542028, 23.232546947035491 ], [ 77.43985755454203, 23.232572847027452 ], [ 77.43987765454203, 23.232465647060739 ], [ 77.43972925454203, 23.232317147106851 ], [ 77.439688354542028, 23.232546947035491 ] ] ] } },
{ "type": "Feature", "properties": { }, "geometry": { "type": "Polygon", "coordinates": [ [ [ 77.44191725454202, 23.236969545662017 ], [ 77.442049054542039, 23.236973545660778 ], [ 77.442051954542023, 23.236893345685687 ], [ 77.441920154542018, 23.236889345686929 ], [ 77.44191725454202, 23.236969545662017 ] ] ] } },
{ "type": "Feature", "properties": { }, "geometry": { "type": "Polygon", "coordinates": [ [ [ 77.438371654542038, 23.234962046285492 ], [ 77.438393154542027, 23.234841046323069 ], [ 77.438266054542026, 23.234821946329003 ], [ 77.438244554542038, 23.234942946291426 ], [ 77.438371654542038, 23.234962046285492 ] ] ] } },
{ "type": "Feature", "properties": { }, "geometry": { "type": "Polygon", "coordinates": [ [ [ 77.434191354542023, 23.236510045804728 ], [ 77.434391854542014, 23.23655564579057 ], [ 77.434416354542037, 23.236464645818835 ], [ 77.434215854542018, 23.236419045832996 ], [ 77.434191354542023, 23.236510045804728 ] ] ] } },
{ "type": "Feature", "properties": { }, "geometry": { "type": "Polygon", "coordinates": [ [ [ 77.441833454542035, 23.237666945445415 ], [ 77.441949554542035, 23.23767284544358 ], [ 77.441960354542033, 23.237493545499273 ], [ 77.441844154542039, 23.237487645501098 ], [ 77.441833454542035, 23.237666945445415 ] ] ] } },
{ "type": "Feature", "properties": { }, "geometry": { "type": "Polygon", "coordinates": [ [ [ 77.434782154542035, 23.237552445480983 ], [ 77.434986154542017, 23.237596745467211 ], [ 77.435012754542029, 23.237493445499307 ], [ 77.434808654542039, 23.237449145513057 ], [ 77.434782154542035, 23.237552445480983 ] ] ] } },
{ "type": "Feature", "properties": { }, "geometry": { "type": "Polygon", "coordinates": [ [ [ 77.440134554542027, 23.234044546570427 ], [ 77.440234754542018, 23.234023246577042 ], [ 77.440185854542037, 23.233829146637323 ], [ 77.440085654542017, 23.233850446630708 ], [ 77.440134554542027, 23.234044546570427 ] ] ] } },
{ "type": "Feature", "properties": { }, "geometry": { "type": "Polygon", "coordinates": [ [ [ 77.437761854542032, 23.236797645715409 ], [ 77.437991154542033, 23.236840145702207 ], [ 77.438007154542021, 23.23676714572488 ], [ 77.437777854542034, 23.236724645738079 ], [ 77.437761854542032, 23.236797645715409 ] ] ] } },
{ "type": "Feature", "properties": { }, "geometry": { "type": "Polygon", "coordinates": [ [ [ 77.439009954542016, 23.23518674621571 ], [ 77.439092854542039, 23.235193446213628 ], [ 77.439105854542035, 23.235057846255739 ], [ 77.43902295454204, 23.235051146257828 ], [ 77.439009954542016, 23.23518674621571 ] ] ] } },
{ "type": "Feature", "properties": { }, "geometry": { "type": "Polygon", "coordinates": [ [ [ 77.434981054542021, 23.235793546027253 ], [ 77.435125754542028, 23.235816346020176 ], [ 77.435148554542039, 23.235694346058072 ], [ 77.435003854542018, 23.235671546065152 ], [ 77.434981054542021, 23.235793546027253 ] ] ] } },
{ "type": "Feature", "properties": { }, "geometry": { "type": "Polygon", "coordinates": [ [ [ 77.43669885454203, 23.236471445816719 ], [ 77.436859754542013, 23.236489945810973 ], [ 77.436869954542033, 23.236415045834239 ], [ 77.436709054542035, 23.236396545839987 ], [ 77.43669885454203, 23.236471445816719 ] ] ] } },
{ "type": "Feature", "properties": { }, "geometry": { "type": "Polygon", "coordinates": [ [ [ 77.439799354542032, 23.233538046727723 ], [ 77.439917054542036, 23.233514746734954 ], [ 77.439870754542028, 23.233317546796194 ], [ 77.439753054542038, 23.233340946788932 ], [ 77.439799354542032, 23.233538046727723 ] ] ] } },
{ "type": "Feature", "properties": { }, "geometry": { "type": "Polygon", "coordinates": [ [ [ 77.43827245454203, 23.234752146350683 ], [ 77.438395554542026, 23.234771946344537 ], [ 77.438421854542042, 23.234634446387236 ], [ 77.438298754542018, 23.234614646393386 ], [ 77.43827245454203, 23.234752146350683 ] ] ] } },
{ "type": "Feature", "properties": { }, "geometry": { "type": "Polygon", "coordinates": [ [ [ 77.434176354542032, 23.23595094597837 ], [ 77.434219154542035, 23.235772346033844 ], [ 77.434109654542027, 23.235750146040733 ], [ 77.434066854542039, 23.235928845985235 ], [ 77.434176354542032, 23.23595094597837 ] ] ] } },
{ "type": "Feature", "properties": { }, "geometry": { "type": "Polygon", "coordinates": [ [ [ 77.434519254542039, 23.236579345783209 ], [ 77.434702254542032, 23.236615545771965 ], [ 77.434724854542026, 23.236518945801972 ], [ 77.434541854542033, 23.236482745813205 ], [ 77.434519254542039, 23.236579345783209 ] ] ] } },
{ "type": "Feature", "properties": { }, "geometry": { "type": "Polygon", "coordinates": [ [ [ 77.44085715454203, 23.232288147115856 ], [ 77.440979454542031, 23.232291247114897 ], [ 77.440982154542027, 23.232200647143028 ], [ 77.440859754542032, 23.23219754714399 ], [ 77.44085715454203, 23.232288147115856 ] ] ] } },
{ "type": "Feature", "properties": { }, "geometry": { "type": "Polygon", "coordinates": [ [ [ 77.438549454542027, 23.235579746093659 ], [ 77.438684854542032, 23.23560194608676 ], [ 77.438703354542014, 23.235506346116455 ], [ 77.438567954542037, 23.235484246123324 ], [ 77.438549454542027, 23.235579746093659 ] ] ] } },
{ "type": "Feature", "properties": { }, "geometry": { "type": "Polygon", "coordinates": [ [ [ 77.440845654542031, 23.233359546783156 ], [ 77.440964354542032, 23.23334394678799 ], [ 77.440934354542037, 23.233150946847939 ], [ 77.440815654542035, 23.233166546843091 ], [ 77.440845654542031, 23.233359546783156 ] ] ] } },
{ "type": "Feature", "properties": { }, "geometry": { "type": "Polygon", "coordinates": [ [ [ 77.434523854542022, 23.236920645677209 ], [ 77.43448805454203, 23.237088245625156 ], [ 77.43459815454203, 23.237108145618976 ], [ 77.434634054542045, 23.236940545671025 ], [ 77.434523854542022, 23.236920645677209 ] ] ] } },
{ "type": "Feature", "properties": { }, "geometry": { "type": "Polygon", "coordinates": [ [ [ 77.434263254542032, 23.235667746066323 ], [ 77.434311654542029, 23.2354952461199 ], [ 77.434171854542029, 23.235462146130185 ], [ 77.434123354542038, 23.235634646076612 ], [ 77.434263254542032, 23.235667746066323 ] ] ] } },
{ "type": "Feature", "properties": { }, "geometry": { "type": "Polygon", "coordinates": [ [ [ 77.435269554542032, 23.235838346013345 ], [ 77.435422254542033, 23.235878546000862 ], [ 77.43545485454203, 23.235773946033348 ], [ 77.435302154542029, 23.235733746045835 ], [ 77.435269554542032, 23.235838346013345 ] ] ] } },
{ "type": "Feature", "properties": { }, "geometry": { "type": "Polygon", "coordinates": [ [ [ 77.434408954542022, 23.235979345969554 ], [ 77.434541154542018, 23.236005545961419 ], [ 77.434582054542034, 23.235830946015646 ], [ 77.434449854542038, 23.235804746023781 ], [ 77.434408954542022, 23.235979345969554 ] ] ] } },
{ "type": "Feature", "properties": { }, "geometry": { "type": "Polygon", "coordinates": [ [ [ 77.438335554542036, 23.235126646234377 ], [ 77.438365554542031, 23.234976246281086 ], [ 77.438243854542037, 23.234955746287444 ], [ 77.438213854542013, 23.235106146240739 ], [ 77.438335554542036, 23.235126646234377 ] ] ] } },
{ "type": "Feature", "properties": { }, "geometry": { "type": "Polygon", "coordinates": [ [ [ 77.441770054542047, 23.237037245640987 ], [ 77.441903554542037, 23.237045945638293 ], [ 77.441909554542036, 23.236966445662976 ], [ 77.441776154542026, 23.23695784566565 ], [ 77.441770054542047, 23.237037245640987 ] ] ] } },
{ "type": "Feature", "properties": { }, "geometry": { "type": "Polygon", "coordinates": [ [ [ 77.44031195454204, 23.233026346886618 ], [ 77.440386354542028, 23.2330164468897 ], [ 77.440367954542026, 23.232898946926188 ], [ 77.440293554542038, 23.232908746923147 ], [ 77.44031195454204, 23.233026346886618 ] ] ] } },
{ "type": "Feature", "properties": { }, "geometry": { "type": "Polygon", "coordinates": [ [ [ 77.436362454542035, 23.229043848123233 ], [ 77.436405354542032, 23.228861948179716 ], [ 77.436313754542027, 23.228843748185366 ], [ 77.436270854542016, 23.229025648128886 ], [ 77.436362454542035, 23.229043848123233 ] ] ] } },
{ "type": "Feature", "properties": { }, "geometry": { "type": "Polygon", "coordinates": [ [ [ 77.434483754542029, 23.235715046051634 ], [ 77.434610354542016, 23.235745246042264 ], [ 77.434658654542034, 23.235573946095464 ], [ 77.434532054542032, 23.235543846104811 ], [ 77.434483754542029, 23.235715046051634 ] ] ] } },
{ "type": "Feature", "properties": { }, "geometry": { "type": "Polygon", "coordinates": [ [ [ 77.434902854542031, 23.234011246580771 ], [ 77.435035254542029, 23.234046846569711 ], [ 77.435054954542025, 23.233984846588967 ], [ 77.434922554542027, 23.233949246600023 ], [ 77.434902854542031, 23.234011246580771 ] ] ] } },
{ "type": "Feature", "properties": { }, "geometry": { "type": "Polygon", "coordinates": [ [ [ 77.434220554542023, 23.23637224584753 ], [ 77.434411654542032, 23.236415845833989 ], [ 77.434429754542023, 23.236348645854861 ], [ 77.434238754542037, 23.236304945868437 ], [ 77.434220554542023, 23.23637224584753 ] ] ] } },
{ "type": "Feature", "properties": { }, "geometry": { "type": "Polygon", "coordinates": [ [ [ 77.43636325454203, 23.231551347344649 ], [ 77.436490454542039, 23.231576847336733 ], [ 77.436515754542029, 23.231470047369896 ], [ 77.436388554542035, 23.231444547377816 ], [ 77.43636325454203, 23.231551347344649 ] ] ] } },
{ "type": "Feature", "properties": { }, "geometry": { "type": "Polygon", "coordinates": [ [ [ 77.441921954542039, 23.236884445688453 ], [ 77.442056354542032, 23.236889145686987 ], [ 77.442059054542028, 23.236824145707178 ], [ 77.441924554542027, 23.236819545708602 ], [ 77.441921954542039, 23.236884445688453 ] ] ] } },
{ "type": "Feature", "properties": { }, "geometry": { "type": "Polygon", "coordinates": [ [ [ 77.432901154542037, 23.233851846630269 ], [ 77.433104154542036, 23.233996646585304 ], [ 77.43316625454203, 23.233927146606892 ], [ 77.432966454542026, 23.233778046653192 ], [ 77.432901154542037, 23.233851846630269 ] ] ] } },
{ "type": "Feature", "properties": { }, "geometry": { "type": "Polygon", "coordinates": [ [ [ 77.434857854542017, 23.23730974555636 ], [ 77.434944854542039, 23.23732674555108 ], [ 77.434965654542026, 23.237236745579029 ], [ 77.434878654542018, 23.237219845584281 ], [ 77.434857854542017, 23.23730974555636 ] ] ] } },
{ "type": "Feature", "properties": { }, "geometry": { "type": "Polygon", "coordinates": [ [ [ 77.437640154542038, 23.236330945860352 ], [ 77.437785354542015, 23.236353545853337 ], [ 77.437804954542031, 23.236246745886511 ], [ 77.437659854542034, 23.236224245893496 ], [ 77.437640154542038, 23.236330945860352 ] ] ] } },
{ "type": "Feature", "properties": { }, "geometry": { "type": "Polygon", "coordinates": [ [ [ 77.435199854542034, 23.236004545961727 ], [ 77.435370554542033, 23.236035545952099 ], [ 77.435392454542026, 23.235933745983719 ], [ 77.435221854542036, 23.235902745993339 ], [ 77.435199854542034, 23.236004545961727 ] ] ] } },
{ "type": "Feature", "properties": { }, "geometry": { "type": "Polygon", "coordinates": [ [ [ 77.440209954542027, 23.233030546885324 ], [ 77.440291554542029, 23.233018146889169 ], [ 77.440270454542031, 23.232901246925476 ], [ 77.440188854542029, 23.232913746921589 ], [ 77.440209954542027, 23.233030546885324 ] ] ] } },
{ "type": "Feature", "properties": { }, "geometry": { "type": "Polygon", "coordinates": [ [ [ 77.433191554542034, 23.234035446573259 ], [ 77.43349275454203, 23.234234446511458 ], [ 77.433595154542033, 23.234107646550836 ], [ 77.433294054542031, 23.23390614661341 ], [ 77.433191554542034, 23.234035446573259 ] ] ] } },
{ "type": "Feature", "properties": { }, "geometry": { "type": "Polygon", "coordinates": [ [ [ 77.434298654542033, 23.235966545973529 ], [ 77.434397054542018, 23.235986145967448 ], [ 77.434441954542024, 23.235795046026791 ], [ 77.434343554542039, 23.235775546032848 ], [ 77.434298654542033, 23.235966545973529 ] ] ] } },
{ "type": "Feature", "properties": { }, "geometry": { "type": "Polygon", "coordinates": [ [ [ 77.432973454542037, 23.2343315464813 ], [ 77.433270554542034, 23.234527546420438 ], [ 77.433377754542022, 23.234390246463075 ], [ 77.433080654542024, 23.234194246523938 ], [ 77.432973454542037, 23.2343315464813 ] ] ] } },
{ "type": "Feature", "properties": { }, "geometry": { "type": "Polygon", "coordinates": [ [ [ 77.435279654542029, 23.236447445824172 ], [ 77.43543785454203, 23.236465045818704 ], [ 77.435452954542015, 23.236350345854333 ], [ 77.435294754542028, 23.236332745859805 ], [ 77.435279654542029, 23.236447445824172 ] ] ] } },
{ "type": "Feature", "properties": { }, "geometry": { "type": "Polygon", "coordinates": [ [ [ 77.442323254542032, 23.237662645446747 ], [ 77.442417754542035, 23.237664445446189 ], [ 77.442421154542018, 23.237516645492093 ], [ 77.442326654542029, 23.237514845492655 ], [ 77.442323254542032, 23.237662645446747 ] ] ] } },
{ "type": "Feature", "properties": { }, "geometry": { "type": "Polygon", "coordinates": [ [ [ 77.434284554542032, 23.235966545973529 ], [ 77.434333454542028, 23.235775546032848 ], [ 77.434241354542024, 23.235755646039028 ], [ 77.434192454542028, 23.235946645979705 ], [ 77.434284554542032, 23.235966545973529 ] ] ] } },
{ "type": "Feature", "properties": { }, "geometry": { "type": "Polygon", "coordinates": [ [ [ 77.440530254542026, 23.234714646362324 ], [ 77.440745454542053, 23.23473064635736 ], [ 77.440756554542034, 23.234605246396299 ], [ 77.440541254542026, 23.234589246401271 ], [ 77.440530254542026, 23.234714646362324 ] ] ] } },
{ "type": "Feature", "properties": { }, "geometry": { "type": "Polygon", "coordinates": [ [ [ 77.436344654542026, 23.231671647307301 ], [ 77.436484754542036, 23.231697247299344 ], [ 77.436507454542024, 23.231592347331919 ], [ 77.436367354542028, 23.231566747339869 ], [ 77.436344654542026, 23.231671647307301 ] ] ] } },
{ "type": "Feature", "properties": { }, "geometry": { "type": "Polygon", "coordinates": [ [ [ 77.441783854542024, 23.236876745690839 ], [ 77.441916254542036, 23.236884145688538 ], [ 77.441920754542039, 23.236815845709756 ], [ 77.441788354542012, 23.236808445712054 ], [ 77.441783854542024, 23.236876745690839 ] ] ] } },
{ "type": "Feature", "properties": { }, "geometry": { "type": "Polygon", "coordinates": [ [ [ 77.434734854542029, 23.236620045770568 ], [ 77.434916454542034, 23.236658445758639 ], [ 77.434945154542035, 23.236543845794234 ], [ 77.434763654542039, 23.236505445806159 ], [ 77.434734854542029, 23.236620045770568 ] ] ] } },
{ "type": "Feature", "properties": { }, "geometry": { "type": "Polygon", "coordinates": [ [ [ 77.436882554542038, 23.236491845810388 ], [ 77.437040154542032, 23.23650784580542 ], [ 77.437049354542026, 23.236431245829205 ], [ 77.436891854542026, 23.236415145834211 ], [ 77.436882554542038, 23.236491845810388 ] ] ] } },
{ "type": "Feature", "properties": { }, "geometry": { "type": "Polygon", "coordinates": [ [ [ 77.438935954542032, 23.236107245929833 ], [ 77.439018154542012, 23.236112745928125 ], [ 77.439029154542027, 23.235973745971293 ], [ 77.438946954542018, 23.235968245973005 ], [ 77.438935954542032, 23.236107245929833 ] ] ] } },
{ "type": "Feature", "properties": { }, "geometry": { "type": "Polygon", "coordinates": [ [ [ 77.440459854542027, 23.231532447350517 ], [ 77.440557754542027, 23.231532747350428 ], [ 77.44055795454203, 23.231468647370328 ], [ 77.440460054542029, 23.23146834737042 ], [ 77.440459854542027, 23.231532447350517 ] ] ] } },
{ "type": "Feature", "properties": { }, "geometry": { "type": "Polygon", "coordinates": [ [ [ 77.438555454542026, 23.233655146691355 ], [ 77.438660254542029, 23.233656446690954 ], [ 77.438662254542038, 23.233520246733246 ], [ 77.438557454542035, 23.23351894673365 ], [ 77.438555454542026, 23.233655146691355 ] ] ] } },
{ "type": "Feature", "properties": { }, "geometry": { "type": "Polygon", "coordinates": [ [ [ 77.437264154542035, 23.23657804578361 ], [ 77.437413654542013, 23.236604545775382 ], [ 77.437428854542034, 23.236532045797901 ], [ 77.437279354542028, 23.236505545806128 ], [ 77.437264154542035, 23.23657804578361 ] ] ] } },
{ "type": "Feature", "properties": { }, "geometry": { "type": "Polygon", "coordinates": [ [ [ 77.44078295454203, 23.234769746345215 ], [ 77.441019554542038, 23.234782546341236 ], [ 77.441031254542025, 23.234598946398258 ], [ 77.440794754542026, 23.234586146402236 ], [ 77.44078295454203, 23.234769746345215 ] ] ] } },
{ "type": "Feature", "properties": { }, "geometry": { "type": "Polygon", "coordinates": [ [ [ 77.439627654542036, 23.232868346935689 ], [ 77.439607754542024, 23.232987746898615 ], [ 77.439780854542036, 23.233012146891038 ], [ 77.439800754542034, 23.232892646928139 ], [ 77.439627654542036, 23.232868346935689 ] ] ] } },
{ "type": "Feature", "properties": { }, "geometry": { "type": "Polygon", "coordinates": [ [ [ 77.432762354542035, 23.234043446570769 ], [ 77.432958854542036, 23.234172246530772 ], [ 77.433032354542036, 23.234077546560176 ], [ 77.432835854542034, 23.233948746600184 ], [ 77.432762354542035, 23.234043446570769 ] ] ] } },
{ "type": "Feature", "properties": { }, "geometry": { "type": "Polygon", "coordinates": [ [ [ 77.440023354542035, 23.234073346561487 ], [ 77.440128954542033, 23.234052046568102 ], [ 77.440083954542033, 23.233863646626606 ], [ 77.439978354542035, 23.233884946619995 ], [ 77.440023354542035, 23.234073346561487 ] ] ] } },
{ "type": "Feature", "properties": { }, "geometry": { "type": "Polygon", "coordinates": [ [ [ 77.440399154542035, 23.231692647300775 ], [ 77.440463454542027, 23.231691347301179 ], [ 77.440460154542038, 23.231546247346238 ], [ 77.440395754542024, 23.231547547345837 ], [ 77.440399154542035, 23.231692647300775 ] ] ] } },
{ "type": "Feature", "properties": { }, "geometry": { "type": "Polygon", "coordinates": [ [ [ 77.434287854542035, 23.23500004627369 ], [ 77.434486354542031, 23.235035846262576 ], [ 77.43451325454204, 23.234909746301735 ], [ 77.434314754542029, 23.234873946312852 ], [ 77.434287854542035, 23.23500004627369 ] ] ] } },
{ "type": "Feature", "properties": { }, "geometry": { "type": "Polygon", "coordinates": [ [ [ 77.437580454542015, 23.235018646267921 ], [ 77.437604754542036, 23.234905246303139 ], [ 77.437492154542014, 23.234884946309435 ], [ 77.437467954542029, 23.234998346274221 ], [ 77.437580454542015, 23.235018646267921 ] ] ] } },
{ "type": "Feature", "properties": { }, "geometry": { "type": "Polygon", "coordinates": [ [ [ 77.441736554542032, 23.235332646170399 ], [ 77.441882754542036, 23.235336346169259 ], [ 77.441885054542027, 23.235257346193784 ], [ 77.441738954542018, 23.235253646194934 ], [ 77.441736554542032, 23.235332646170399 ] ] ] } },
{ "type": "Feature", "properties": { }, "geometry": { "type": "Polygon", "coordinates": [ [ [ 77.440380954542022, 23.233155446846535 ], [ 77.440453554542032, 23.233146946849178 ], [ 77.440436954542022, 23.233028346886005 ], [ 77.440364454542021, 23.233036846883365 ], [ 77.440380954542022, 23.233155446846535 ] ] ] } },
{ "type": "Feature", "properties": { }, "geometry": { "type": "Polygon", "coordinates": [ [ [ 77.439676654542026, 23.233562146720239 ], [ 77.439784954542034, 23.233544846725607 ], [ 77.439746054542027, 23.233339046789517 ], [ 77.439637754542034, 23.233356346784149 ], [ 77.439676654542026, 23.233562146720239 ] ] ] } },
{ "type": "Feature", "properties": { }, "geometry": { "type": "Polygon", "coordinates": [ [ [ 77.43457685454203, 23.236366145849424 ], [ 77.434549354542028, 23.236474445815791 ], [ 77.434735754542018, 23.236514445803358 ], [ 77.434763354542028, 23.236406145836995 ], [ 77.43457685454203, 23.236366145849424 ] ] ] } },
{ "type": "Feature", "properties": { }, "geometry": { "type": "Polygon", "coordinates": [ [ [ 77.438116754542037, 23.236067245942255 ], [ 77.43814695454202, 23.235931745984342 ], [ 77.438047154542033, 23.235912945990179 ], [ 77.438017054542016, 23.236048545948066 ], [ 77.438116754542037, 23.236067245942255 ] ] ] } },
{ "type": "Feature", "properties": { }, "geometry": { "type": "Polygon", "coordinates": [ [ [ 77.434578254542018, 23.236359945851355 ], [ 77.43476595454203, 23.236404045837652 ], [ 77.434787554542027, 23.236326445861756 ], [ 77.434599754542035, 23.236282445875421 ], [ 77.434578254542018, 23.236359945851355 ] ] ] } },
{ "type": "Feature", "properties": { }, "geometry": { "type": "Polygon", "coordinates": [ [ [ 77.436162054542038, 23.229005948135008 ], [ 77.436204354542028, 23.228826448190731 ], [ 77.436119754542034, 23.228809648195952 ], [ 77.43607745454203, 23.228989148140219 ], [ 77.436162054542038, 23.229005948135008 ] ] ] } },
{ "type": "Feature", "properties": { }, "geometry": { "type": "Polygon", "coordinates": [ [ [ 77.43426375454203, 23.235106646240592 ], [ 77.434458854542029, 23.235141846229659 ], [ 77.434479254542026, 23.23504634625932 ], [ 77.434284054542033, 23.235011246270215 ], [ 77.43426375454203, 23.235106646240592 ] ] ] } },
{ "type": "Feature", "properties": { }, "geometry": { "type": "Polygon", "coordinates": [ [ [ 77.433992954542035, 23.237380645534337 ], [ 77.434185254542029, 23.237408545525675 ], [ 77.434203354542035, 23.237303345558345 ], [ 77.434011054542026, 23.237275445567011 ], [ 77.433992954542035, 23.237380645534337 ] ] ] } },
{ "type": "Feature", "properties": { }, "geometry": { "type": "Polygon", "coordinates": [ [ [ 77.441054954542025, 23.234131146543529 ], [ 77.441185654542039, 23.234132946542974 ], [ 77.441188554542023, 23.233960646596479 ], [ 77.441057854542038, 23.233958846597044 ], [ 77.441054954542025, 23.234131146543529 ] ] ] } },
{ "type": "Feature", "properties": { }, "geometry": { "type": "Polygon", "coordinates": [ [ [ 77.439665854542028, 23.233568246718342 ], [ 77.439631654542026, 23.233359346783214 ], [ 77.439475654542036, 23.233384046775544 ], [ 77.439448154542021, 23.233588646712004 ], [ 77.439665854542028, 23.233568246718342 ] ] ] } },
{ "type": "Feature", "properties": { }, "geometry": { "type": "Polygon", "coordinates": [ [ [ 77.441779454542029, 23.236950345667982 ], [ 77.441908254542028, 23.236958445665461 ], [ 77.441913354542038, 23.23688844568721 ], [ 77.441784554542039, 23.236880445689692 ], [ 77.441779454542029, 23.236950345667982 ] ] ] } },
{ "type": "Feature", "properties": { }, "geometry": { "type": "Polygon", "coordinates": [ [ [ 77.434907154542032, 23.233930446605864 ], [ 77.435044354542029, 23.233967346594401 ], [ 77.43506605454202, 23.233898946615646 ], [ 77.434928854542036, 23.233862046627102 ], [ 77.434907154542032, 23.233930446605864 ] ] ] } },
{ "type": "Feature", "properties": { }, "geometry": { "type": "Polygon", "coordinates": [ [ [ 77.432836854542032, 23.233942046602262 ], [ 77.433037254542029, 23.234078246559957 ], [ 77.433102154542027, 23.233997646584999 ], [ 77.432901654542036, 23.233861446627291 ], [ 77.432836854542032, 23.233942046602262 ] ] ] } },
{ "type": "Feature", "properties": { }, "geometry": { "type": "Polygon", "coordinates": [ [ [ 77.436170854542027, 23.229003248135843 ], [ 77.436266354542028, 23.229022148129975 ], [ 77.436308554542023, 23.22884314818555 ], [ 77.436213054542037, 23.228824148191446 ], [ 77.436170854542027, 23.229003248135843 ] ] ] } },
{ "type": "Feature", "properties": { }, "geometry": { "type": "Polygon", "coordinates": [ [ [ 77.442201554542038, 23.237808745401374 ], [ 77.44229185454202, 23.237812945400066 ], [ 77.442299254542036, 23.237679245441591 ], [ 77.442208954542039, 23.237675045442902 ], [ 77.442201554542038, 23.237808745401374 ] ] ] } },
{ "type": "Feature", "properties": { }, "geometry": { "type": "Polygon", "coordinates": [ [ [ 77.439005054542037, 23.236252945884583 ], [ 77.439099554542025, 23.23626274588154 ], [ 77.439114954542035, 23.23613844592014 ], [ 77.439020354542038, 23.236128645923184 ], [ 77.439005054542037, 23.236252945884583 ] ] ] } },
{ "type": "Feature", "properties": { }, "geometry": { "type": "Polygon", "coordinates": [ [ [ 77.434007554542035, 23.236168645910759 ], [ 77.434196054542014, 23.23620874589831 ], [ 77.434227654542028, 23.236082945937376 ], [ 77.434039254542029, 23.236042945949805 ], [ 77.434007554542035, 23.236168645910759 ] ] ] } },
{ "type": "Feature", "properties": { }, "geometry": { "type": "Polygon", "coordinates": [ [ [ 77.434929854542034, 23.233853546629746 ], [ 77.435069254542029, 23.233881746620987 ], [ 77.435091654542035, 23.233788546649926 ], [ 77.434952254542026, 23.233760346658691 ], [ 77.434929854542034, 23.233853546629746 ] ] ] } },
{ "type": "Feature", "properties": { }, "geometry": { "type": "Polygon", "coordinates": [ [ [ 77.441741954542039, 23.23487914631124 ], [ 77.441874654542019, 23.234880446310839 ], [ 77.441875754542039, 23.234783146341059 ], [ 77.441742954542036, 23.234781946341425 ], [ 77.441741954542039, 23.23487914631124 ] ] ] } },
{ "type": "Feature", "properties": { }, "geometry": { "type": "Polygon", "coordinates": [ [ [ 77.441926254542039, 23.236817445709253 ], [ 77.442058954542034, 23.236821445708014 ], [ 77.442061254542025, 23.2367561457283 ], [ 77.441928554542031, 23.23675214572954 ], [ 77.441926254542039, 23.236817445709253 ] ] ] } },
{ "type": "Feature", "properties": { }, "geometry": { "type": "Polygon", "coordinates": [ [ [ 77.438850854542039, 23.236102845931196 ], [ 77.43893065454202, 23.236107445929772 ], [ 77.43894005454203, 23.235967545973221 ], [ 77.438860254542021, 23.235963045974614 ], [ 77.438850854542039, 23.236102845931196 ] ] ] } },
{ "type": "Feature", "properties": { }, "geometry": { "type": "Polygon", "coordinates": [ [ [ 77.436690854542036, 23.236623645769452 ], [ 77.436836354542024, 23.236642745763522 ], [ 77.436848254542042, 23.236565945787369 ], [ 77.436702754542026, 23.236546845793299 ], [ 77.436690854542036, 23.236623645769452 ] ] ] } },
{ "type": "Feature", "properties": { }, "geometry": { "type": "Polygon", "coordinates": [ [ [ 77.433990854542031, 23.234981646279412 ], [ 77.433965454542019, 23.235084346247515 ], [ 77.434120354542031, 23.235116746237448 ], [ 77.43414575454203, 23.23501394626938 ], [ 77.433990854542031, 23.234981646279412 ] ] ] } },
{ "type": "Feature", "properties": { }, "geometry": { "type": "Polygon", "coordinates": [ [ [ 77.435876254542038, 23.228955748150586 ], [ 77.435920054542038, 23.228769848208305 ], [ 77.435818454542016, 23.228749648214585 ], [ 77.435774754542038, 23.228935548156862 ], [ 77.435876254542038, 23.228955748150586 ] ] ] } },
{ "type": "Feature", "properties": { }, "geometry": { "type": "Polygon", "coordinates": [ [ [ 77.43707745454202, 23.236600945776495 ], [ 77.437060554542015, 23.236676245753117 ], [ 77.437198754542024, 23.236702445744974 ], [ 77.437215754542038, 23.236627145768363 ], [ 77.43707745454202, 23.236600945776495 ] ] ] } },
{ "type": "Feature", "properties": { }, "geometry": { "type": "Polygon", "coordinates": [ [ [ 77.439277054542032, 23.232811946953202 ], [ 77.439417654542012, 23.23283534694594 ], [ 77.439442654542034, 23.232708046985465 ], [ 77.439302054542026, 23.2326847469927 ], [ 77.439277054542032, 23.232811946953202 ] ] ] } },
{ "type": "Feature", "properties": { }, "geometry": { "type": "Polygon", "coordinates": [ [ [ 77.442198254542035, 23.237662945446651 ], [ 77.442317654542038, 23.237665045446001 ], [ 77.442320654542016, 23.237520245490977 ], [ 77.442201254542027, 23.237518145491638 ], [ 77.442198254542035, 23.237662945446651 ] ] ] } },
{ "type": "Feature", "properties": { }, "geometry": { "type": "Polygon", "coordinates": [ [ [ 77.439632254542033, 23.232863146937309 ], [ 77.439804954542012, 23.232886646930012 ], [ 77.439836654542034, 23.232689746991149 ], [ 77.439663854542033, 23.232666246998452 ], [ 77.439632254542033, 23.232863146937309 ] ] ] } },
{ "type": "Feature", "properties": { }, "geometry": { "type": "Polygon", "coordinates": [ [ [ 77.441740554542037, 23.234773846343941 ], [ 77.441879354542039, 23.234776246343198 ], [ 77.441880854542021, 23.234706046364998 ], [ 77.441742054542019, 23.234703646365748 ], [ 77.441740554542037, 23.234773846343941 ] ] ] } },
{ "type": "Feature", "properties": { }, "geometry": { "type": "Polygon", "coordinates": [ [ [ 77.436889554542034, 23.236582945782093 ], [ 77.436880154542038, 23.236656345759293 ], [ 77.437035254542025, 23.23667304575411 ], [ 77.437044654542035, 23.236599645776906 ], [ 77.436889554542034, 23.236582945782093 ] ] ] } },
{ "type": "Feature", "properties": { }, "geometry": { "type": "Polygon", "coordinates": [ [ [ 77.433941254542034, 23.235188646215125 ], [ 77.43412995454203, 23.235226246203446 ], [ 77.434153954542026, 23.235124746234963 ], [ 77.433965154542037, 23.235087146246642 ], [ 77.433941254542034, 23.235188646215125 ] ] ] } },
{ "type": "Feature", "properties": { }, "geometry": { "type": "Polygon", "coordinates": [ [ [ 77.436906054542035, 23.22917824808151 ], [ 77.43711375454204, 23.229227948066075 ], [ 77.437146054542026, 23.229113848101505 ], [ 77.436938354542036, 23.229064148116933 ], [ 77.436906054542035, 23.22917824808151 ] ] ] } },
{ "type": "Feature", "properties": { }, "geometry": { "type": "Polygon", "coordinates": [ [ [ 77.441255054542012, 23.231928647227491 ], [ 77.441398554542033, 23.231935447225379 ], [ 77.441405054542031, 23.23181914726149 ], [ 77.441261554542038, 23.231812347263606 ], [ 77.441255054542012, 23.231928647227491 ] ] ] } },
{ "type": "Feature", "properties": { }, "geometry": { "type": "Polygon", "coordinates": [ [ [ 77.435975654542034, 23.228982648142239 ], [ 77.436019854542039, 23.22879484820055 ], [ 77.435934154542039, 23.228777748205861 ], [ 77.43588995454202, 23.228965648147515 ], [ 77.435975654542034, 23.228982648142239 ] ] ] } },
{ "type": "Feature", "properties": { }, "geometry": { "type": "Polygon", "coordinates": [ [ [ 77.433867754542035, 23.235460946130551 ], [ 77.434059554542017, 23.235497946119061 ], [ 77.434083154542037, 23.235394646151146 ], [ 77.433891354542027, 23.235357646162633 ], [ 77.433867754542035, 23.235460946130551 ] ] ] } },
{ "type": "Feature", "properties": { }, "geometry": { "type": "Polygon", "coordinates": [ [ [ 77.437618354542039, 23.234892646307053 ], [ 77.437647254542028, 23.23474844635183 ], [ 77.437529954542029, 23.234728546358006 ], [ 77.437501054542025, 23.234872746313226 ], [ 77.437618354542039, 23.234892646307053 ] ] ] } },
{ "type": "Feature", "properties": { }, "geometry": { "type": "Polygon", "coordinates": [ [ [ 77.439989754542026, 23.233297146802531 ], [ 77.440039854542036, 23.233522746732472 ], [ 77.440145054542029, 23.233503046738587 ], [ 77.440095054542027, 23.233277446808653 ], [ 77.439989754542026, 23.233297146802531 ] ] ] } },
{ "type": "Feature", "properties": { }, "geometry": { "type": "Polygon", "coordinates": [ [ [ 77.438069154542021, 23.23630324586896 ], [ 77.438106054542033, 23.23615104591623 ], [ 77.438004254542022, 23.236130245922691 ], [ 77.437967354542039, 23.236282445875421 ], [ 77.438069154542021, 23.23630324586896 ] ] ] } },
{ "type": "Feature", "properties": { }, "geometry": { "type": "Polygon", "coordinates": [ [ [ 77.440130954542042, 23.234275046498844 ], [ 77.440256954542036, 23.234258346504035 ], [ 77.440230854542023, 23.234091046555992 ], [ 77.440104754542034, 23.234107646550836 ], [ 77.440130954542042, 23.234275046498844 ] ] ] } },
{ "type": "Feature", "properties": { }, "geometry": { "type": "Polygon", "coordinates": [ [ [ 77.434429354542019, 23.237500145497222 ], [ 77.434535954542028, 23.237520545490881 ], [ 77.434578554542028, 23.237332145549395 ], [ 77.434471954542019, 23.237311845555702 ], [ 77.434429354542019, 23.237500145497222 ] ] ] } },
{ "type": "Feature", "properties": { }, "geometry": { "type": "Polygon", "coordinates": [ [ [ 77.43955595454203, 23.233974946592046 ], [ 77.439600754542028, 23.234153046536733 ], [ 77.439777754542035, 23.234115546548384 ], [ 77.439732954542023, 23.233937346603721 ], [ 77.43955595454203, 23.233974946592046 ] ] ] } },
{ "type": "Feature", "properties": { }, "geometry": { "type": "Polygon", "coordinates": [ [ [ 77.433177554542013, 23.235770546034406 ], [ 77.433486054542016, 23.235812546021361 ], [ 77.433517854542032, 23.235615146082665 ], [ 77.433209454542038, 23.23557314609571 ], [ 77.433177554542013, 23.235770546034406 ] ] ] } },
{ "type": "Feature", "properties": { }, "geometry": { "type": "Polygon", "coordinates": [ [ [ 77.433994754542027, 23.234954046287982 ], [ 77.434188654542027, 23.234999146273967 ], [ 77.434226854542032, 23.234860546317016 ], [ 77.434033054542027, 23.234815446331023 ], [ 77.433994754542027, 23.234954046287982 ] ] ] } },
{ "type": "Feature", "properties": { }, "geometry": { "type": "Polygon", "coordinates": [ [ [ 77.439087154542037, 23.23297294690321 ], [ 77.439218554542038, 23.23299084689765 ], [ 77.439234454542031, 23.232892046928331 ], [ 77.439103054542031, 23.232874146933884 ], [ 77.439087154542037, 23.23297294690321 ] ] ] } },
{ "type": "Feature", "properties": { }, "geometry": { "type": "Polygon", "coordinates": [ [ [ 77.436549354542038, 23.237298945559711 ], [ 77.436680054542023, 23.237326145551265 ], [ 77.436698354542017, 23.237251845574338 ], [ 77.436567554542037, 23.237224745582754 ], [ 77.436549354542038, 23.237298945559711 ] ] ] } },
{ "type": "Feature", "properties": { }, "geometry": { "type": "Polygon", "coordinates": [ [ [ 77.439178754542027, 23.235174346219566 ], [ 77.439265154542028, 23.235178746218203 ], [ 77.439272254542033, 23.235063246254061 ], [ 77.439185754542038, 23.235058746255465 ], [ 77.439178754542027, 23.235174346219566 ] ] ] } },
{ "type": "Feature", "properties": { }, "geometry": { "type": "Polygon", "coordinates": [ [ [ 77.441831154542015, 23.236309945866878 ], [ 77.441891854542035, 23.236197745901727 ], [ 77.441810354542028, 23.236160545913279 ], [ 77.441749654542022, 23.236272745878438 ], [ 77.441831154542015, 23.236309945866878 ] ] ] } },
{ "type": "Feature", "properties": { }, "geometry": { "type": "Polygon", "coordinates": [ [ [ 77.434840654542029, 23.234207746519747 ], [ 77.434980454542028, 23.234245346508072 ], [ 77.434997954542027, 23.234190346525153 ], [ 77.434858054542033, 23.234152846536794 ], [ 77.434840654542029, 23.234207746519747 ] ] ] } },
{ "type": "Feature", "properties": { }, "geometry": { "type": "Polygon", "coordinates": [ [ [ 77.441777154542038, 23.236539145795696 ], [ 77.441938054542021, 23.23655084579206 ], [ 77.441950454542038, 23.236406545836871 ], [ 77.441789554542027, 23.236394845840511 ], [ 77.441777154542038, 23.236539145795696 ] ] ] } },
{ "type": "Feature", "properties": { }, "geometry": { "type": "Polygon", "coordinates": [ [ [ 77.435110454542027, 23.237365845538939 ], [ 77.435136154542036, 23.237272245568001 ], [ 77.43504865454203, 23.237251945574307 ], [ 77.435023054542029, 23.237345645545208 ], [ 77.435110454542027, 23.237365845538939 ] ] ] } },
{ "type": "Feature", "properties": { }, "geometry": { "type": "Polygon", "coordinates": [ [ [ 77.440621954542038, 23.233372246779208 ], [ 77.440733254542025, 23.233355146784522 ], [ 77.440700554542019, 23.23317544684032 ], [ 77.440589254542033, 23.233192546835014 ], [ 77.440621954542038, 23.233372246779208 ] ] ] } },
{ "type": "Feature", "properties": { }, "geometry": { "type": "Polygon", "coordinates": [ [ [ 77.433334654542037, 23.236537745796127 ], [ 77.433566754542014, 23.236539545795559 ], [ 77.433568254542038, 23.236372145847557 ], [ 77.433336254542027, 23.236370345848119 ], [ 77.433334654542037, 23.236537745796127 ] ] ] } },
{ "type": "Feature", "properties": { }, "geometry": { "type": "Polygon", "coordinates": [ [ [ 77.436368154542038, 23.229048648121744 ], [ 77.436475154542023, 23.229069948115129 ], [ 77.436518354542017, 23.228886848171982 ], [ 77.436411254542037, 23.228865548178597 ], [ 77.436368154542038, 23.229048648121744 ] ] ] } },
{ "type": "Feature", "properties": { }, "geometry": { "type": "Polygon", "coordinates": [ [ [ 77.442077554542038, 23.237660845447305 ], [ 77.442176154542025, 23.237664645446127 ], [ 77.442183554542027, 23.237503845496072 ], [ 77.442084854542031, 23.237500045497253 ], [ 77.442077554542038, 23.237660845447305 ] ] ] } },
{ "type": "Feature", "properties": { }, "geometry": { "type": "Polygon", "coordinates": [ [ [ 77.435097054542027, 23.237506445495264 ], [ 77.435208354542027, 23.237529945487964 ], [ 77.435231654542036, 23.237436645516944 ], [ 77.435120254542028, 23.237413245524213 ], [ 77.435097054542027, 23.237506445495264 ] ] ] } },
{ "type": "Feature", "properties": { }, "geometry": { "type": "Polygon", "coordinates": [ [ [ 77.436264854542031, 23.232556547032512 ], [ 77.436454654542032, 23.23258974702221 ], [ 77.436476654542034, 23.232483547055182 ], [ 77.436286854542033, 23.232450247065525 ], [ 77.436264854542031, 23.232556547032512 ] ] ] } },
{ "type": "Feature", "properties": { }, "geometry": { "type": "Polygon", "coordinates": [ [ [ 77.436541454542024, 23.237391645530924 ], [ 77.436665054542033, 23.237415745523435 ], [ 77.436682254542035, 23.237341145546612 ], [ 77.436558654542026, 23.237317045554086 ], [ 77.436541454542024, 23.237391645530924 ] ] ] } },
{ "type": "Feature", "properties": { }, "geometry": { "type": "Polygon", "coordinates": [ [ [ 77.439099954542016, 23.235179846217864 ], [ 77.439170854542027, 23.235185446216114 ], [ 77.43918285454204, 23.235055046256612 ], [ 77.439112054542036, 23.235049546258324 ], [ 77.439099954542016, 23.235179846217864 ] ] ] } },
{ "type": "Feature", "properties": { }, "geometry": { "type": "Polygon", "coordinates": [ [ [ 77.441921754542037, 23.236347845855107 ], [ 77.441981454542031, 23.236238945888935 ], [ 77.441902154542035, 23.23620224590033 ], [ 77.441842454542027, 23.236311145866512 ], [ 77.441921754542037, 23.236347845855107 ] ] ] } },
{ "type": "Feature", "properties": { }, "geometry": { "type": "Polygon", "coordinates": [ [ [ 77.436065154542021, 23.228998748137236 ], [ 77.436108054542032, 23.228816648193778 ], [ 77.436026254542014, 23.228800348198835 ], [ 77.435983354542032, 23.228982548142266 ], [ 77.436065154542021, 23.228998748137236 ] ] ] } },
{ "type": "Feature", "properties": { }, "geometry": { "type": "Polygon", "coordinates": [ [ [ 77.438747154542028, 23.236086745936205 ], [ 77.438834954542031, 23.236090345935079 ], [ 77.438841554542023, 23.235955645976919 ], [ 77.438753754542034, 23.235952045978035 ], [ 77.438747154542028, 23.236086745936205 ] ] ] } },
{ "type": "Feature", "properties": { }, "geometry": { "type": "Polygon", "coordinates": [ [ [ 77.43918725454202, 23.232329647102972 ], [ 77.439365754542024, 23.232354747095179 ], [ 77.439385154542023, 23.232238847131168 ], [ 77.439206554542039, 23.23221374713896 ], [ 77.43918725454202, 23.232329647102972 ] ] ] } },
{ "type": "Feature", "properties": { }, "geometry": { "type": "Polygon", "coordinates": [ [ [ 77.434684154542026, 23.234096446554318 ], [ 77.434840454542027, 23.234133446542824 ], [ 77.434857354542032, 23.23407304656158 ], [ 77.434701154542012, 23.23403604657307 ], [ 77.434684154542026, 23.234096446554318 ] ] ] } },
{ "type": "Feature", "properties": { }, "geometry": { "type": "Polygon", "coordinates": [ [ [ 77.44191325454203, 23.237054845635523 ], [ 77.442045354542017, 23.237062245633229 ], [ 77.442050554542035, 23.236983145657796 ], [ 77.441918454542034, 23.2369757456601 ], [ 77.44191325454203, 23.237054845635523 ] ] ] } },
{ "type": "Feature", "properties": { }, "geometry": { "type": "Polygon", "coordinates": [ [ [ 77.434695454542037, 23.235995245964613 ], [ 77.434894554542026, 23.236043745949555 ], [ 77.434920554542032, 23.235953745977504 ], [ 77.434721454542029, 23.235905245992566 ], [ 77.434695454542037, 23.235995245964613 ] ] ] } },
{ "type": "Feature", "properties": { }, "geometry": { "type": "Polygon", "coordinates": [ [ [ 77.439027154542032, 23.236113945927752 ], [ 77.439110454542018, 23.236118745926266 ], [ 77.43911975454202, 23.235982045968719 ], [ 77.439036554542028, 23.235977145970235 ], [ 77.439027154542032, 23.236113945927752 ] ] ] } },
{ "type": "Feature", "properties": { }, "geometry": { "type": "Polygon", "coordinates": [ [ [ 77.440138954542036, 23.232719446981925 ], [ 77.440279754542033, 23.232739246975779 ], [ 77.440296754542018, 23.232636747007607 ], [ 77.440155954542035, 23.232617047013726 ], [ 77.440138954542036, 23.232719446981925 ] ] ] } },
{ "type": "Feature", "properties": { }, "geometry": { "type": "Polygon", "coordinates": [ [ [ 77.438032554542033, 23.236489345811158 ], [ 77.438053354542035, 23.236376645846164 ], [ 77.43797715454204, 23.236364745849858 ], [ 77.437956354542038, 23.236477545814825 ], [ 77.438032554542033, 23.236489345811158 ] ] ] } },
{ "type": "Feature", "properties": { }, "geometry": { "type": "Polygon", "coordinates": [ [ [ 77.439332954542039, 23.232570547028164 ], [ 77.439500554542036, 23.232591547021642 ], [ 77.439511954542027, 23.232514747045489 ], [ 77.439344354542015, 23.232493747052015 ], [ 77.439332954542039, 23.232570547028164 ] ] ] } },
{ "type": "Feature", "properties": { }, "geometry": { "type": "Polygon", "coordinates": [ [ [ 77.441843454542038, 23.237853645387425 ], [ 77.441960854542032, 23.237857345386274 ], [ 77.441966554542034, 23.237704245433822 ], [ 77.441849254542035, 23.237700545434972 ], [ 77.441843454542038, 23.237853645387425 ] ] ] } },
{ "type": "Feature", "properties": { }, "geometry": { "type": "Polygon", "coordinates": [ [ [ 77.439378454542037, 23.232359647093659 ], [ 77.439535654542013, 23.232381547086852 ], [ 77.439555554542039, 23.232260847124341 ], [ 77.43939845454203, 23.232238947131137 ], [ 77.439378454542037, 23.232359647093659 ] ] ] } },
{ "type": "Feature", "properties": { }, "geometry": { "type": "Polygon", "coordinates": [ [ [ 77.434853154542026, 23.237456745510698 ], [ 77.434944554542028, 23.237467045507501 ], [ 77.434954754542034, 23.237391045531108 ], [ 77.434863454542025, 23.237380645534337 ], [ 77.434853154542026, 23.237456745510698 ] ] ] } },
{ "type": "Feature", "properties": { }, "geometry": { "type": "Polygon", "coordinates": [ [ [ 77.44105695454202, 23.234775246343506 ], [ 77.441313654542029, 23.234789646339035 ], [ 77.441323054542025, 23.234649246382634 ], [ 77.441066254542022, 23.234634746387144 ], [ 77.44105695454202, 23.234775246343506 ] ] ] } },
{ "type": "Feature", "properties": { }, "geometry": { "type": "Polygon", "coordinates": [ [ [ 77.44189505454203, 23.236176245908403 ], [ 77.441958854542037, 23.236062845943625 ], [ 77.441875154542032, 23.236023045955989 ], [ 77.441811254542017, 23.236136445920764 ], [ 77.44189505454203, 23.236176245908403 ] ] ] } },
{ "type": "Feature", "properties": { }, "geometry": { "type": "Polygon", "coordinates": [ [ [ 77.439310054542034, 23.241615944218772 ], [ 77.43940515454203, 23.241615344218967 ], [ 77.439404654542031, 23.241557044237073 ], [ 77.439309654542029, 23.241557644236885 ], [ 77.439310054542034, 23.241615944218772 ] ] ] } },
{ "type": "Feature", "properties": { }, "geometry": { "type": "Polygon", "coordinates": [ [ [ 77.43982555454204, 23.238310345245569 ], [ 77.439791754542028, 23.238442845204421 ], [ 77.439965654542021, 23.238480445192735 ], [ 77.439999554542013, 23.23834794523389 ], [ 77.43982555454204, 23.238310345245569 ] ] ] } },
{ "type": "Feature", "properties": { }, "geometry": { "type": "Polygon", "coordinates": [ [ [ 77.437020354542028, 23.240709744500275 ], [ 77.437151454542033, 23.240732144493322 ], [ 77.437160854542029, 23.240685744507729 ], [ 77.437029754542039, 23.240663344514687 ], [ 77.437020354542028, 23.240709744500275 ] ] ] } },
{ "type": "Feature", "properties": { }, "geometry": { "type": "Polygon", "coordinates": [ [ [ 77.439140554542035, 23.241647244209052 ], [ 77.439191154542016, 23.241646244209363 ], [ 77.439190154542032, 23.241603744222566 ], [ 77.439139554542038, 23.241604744222251 ], [ 77.439140554542035, 23.241647244209052 ] ] ] } },
{ "type": "Feature", "properties": { }, "geometry": { "type": "Polygon", "coordinates": [ [ [ 77.439861454542026, 23.238215445275053 ], [ 77.439837854542034, 23.238309045245977 ], [ 77.440007254542039, 23.238345145234764 ], [ 77.440030854542016, 23.238251545263836 ], [ 77.439861454542026, 23.238215445275053 ] ] ] } },
{ "type": "Feature", "properties": { }, "geometry": { "type": "Polygon", "coordinates": [ [ [ 77.440097754542037, 23.238382445223177 ], [ 77.440235254542031, 23.238413145213638 ], [ 77.440248254542027, 23.238363745228991 ], [ 77.440110754542033, 23.238333145238492 ], [ 77.440097754542037, 23.238382445223177 ] ] ] } },
{ "type": "Feature", "properties": { }, "geometry": { "type": "Polygon", "coordinates": [ [ [ 77.439637854542028, 23.238264745259741 ], [ 77.439608554542019, 23.238362945229238 ], [ 77.43979285454202, 23.238409345214826 ], [ 77.439822154542028, 23.238311145245326 ], [ 77.439637854542028, 23.238264745259741 ] ] ] } },
{ "type": "Feature", "properties": { }, "geometry": { "type": "Polygon", "coordinates": [ [ [ 77.435968954542034, 23.241676244200047 ], [ 77.436070954542032, 23.241697644193398 ], [ 77.43609835454204, 23.241586944227787 ], [ 77.435996354542013, 23.241565644234402 ], [ 77.435968954542034, 23.241676244200047 ] ] ] } },
{ "type": "Feature", "properties": { }, "geometry": { "type": "Polygon", "coordinates": [ [ [ 77.439246054542039, 23.241605044222158 ], [ 77.439302654542033, 23.241603944222508 ], [ 77.439301654542035, 23.241561344235738 ], [ 77.439245054542027, 23.241562444235395 ], [ 77.439246054542039, 23.241605044222158 ] ] ] } },
{ "type": "Feature", "properties": { }, "geometry": { "type": "Polygon", "coordinates": [ [ [ 77.440057854542019, 23.2385301451773 ], [ 77.44013355454203, 23.238551045170812 ], [ 77.440148854542031, 23.238504445185285 ], [ 77.440073154542034, 23.238483545191773 ], [ 77.440057854542019, 23.2385301451773 ] ] ] } },
{ "type": "Feature", "properties": { }, "geometry": { "type": "Polygon", "coordinates": [ [ [ 77.438828654542036, 23.241652244207501 ], [ 77.438849254542035, 23.241688244196322 ], [ 77.438919254542029, 23.24165434420685 ], [ 77.438898654542029, 23.241618344218026 ], [ 77.438828654542036, 23.241652244207501 ] ] ] } },
{ "type": "Feature", "properties": { }, "geometry": { "type": "Polygon", "coordinates": [ [ [ 77.439147854542028, 23.241600144223682 ], [ 77.439214354542031, 23.24159884422409 ], [ 77.439213554542036, 23.241562544235361 ], [ 77.439146954542039, 23.24156384423496 ], [ 77.439147854542028, 23.241600144223682 ] ] ] } },
{ "type": "Feature", "properties": { }, "geometry": { "type": "Polygon", "coordinates": [ [ [ 77.440206754542018, 23.23796744535208 ], [ 77.440330654542038, 23.238001945341367 ], [ 77.440356554542035, 23.23792324536581 ], [ 77.440232654542015, 23.237888845376492 ], [ 77.440206754542018, 23.23796744535208 ] ] ] } },
{ "type": "Feature", "properties": { }, "geometry": { "type": "Polygon", "coordinates": [ [ [ 77.440219154542035, 23.23822594527179 ], [ 77.44030445454203, 23.238244945265887 ], [ 77.440323254542037, 23.238173845287971 ], [ 77.440238054542021, 23.238154745293905 ], [ 77.440219154542035, 23.23822594527179 ] ] ] } },
{ "type": "Feature", "properties": { }, "geometry": { "type": "Polygon", "coordinates": [ [ [ 77.440382354542038, 23.238072745319371 ], [ 77.440491254542039, 23.238092545313219 ], [ 77.440501254542028, 23.238046245327602 ], [ 77.440392354542027, 23.238026545333721 ], [ 77.440382354542038, 23.238072745319371 ] ] ] } },
{ "type": "Feature", "properties": { }, "geometry": { "type": "Polygon", "coordinates": [ [ [ 77.440074754542024, 23.238482545192085 ], [ 77.440174354542037, 23.238507745184258 ], [ 77.440188154542028, 23.238461745198542 ], [ 77.440088554542015, 23.238436545206376 ], [ 77.440074754542024, 23.238482545192085 ] ] ] } },
{ "type": "Feature", "properties": { }, "geometry": { "type": "Polygon", "coordinates": [ [ [ 77.439196054542037, 23.241650944207905 ], [ 77.439293254542036, 23.241652144207528 ], [ 77.439293854542029, 23.241616044218741 ], [ 77.43919665454203, 23.241614844219118 ], [ 77.439196054542037, 23.241650944207905 ] ] ] } },
{ "type": "Feature", "properties": { }, "geometry": { "type": "Polygon", "coordinates": [ [ [ 77.440314454542019, 23.237872845381464 ], [ 77.440307054542032, 23.237902245372329 ], [ 77.44037945454204, 23.237917645367542 ], [ 77.440386854542012, 23.237888245376677 ], [ 77.440314454542019, 23.237872845381464 ] ] ] } },
{ "type": "Feature", "properties": { }, "geometry": { "type": "Polygon", "coordinates": [ [ [ 77.440127354542028, 23.238308745246066 ], [ 77.440247454542032, 23.2383321452388 ], [ 77.440264454542032, 23.238258345261727 ], [ 77.440144454542036, 23.238234945268992 ], [ 77.440127354542028, 23.238308745246066 ] ] ] } },
{ "type": "Feature", "properties": { }, "geometry": { "type": "Polygon", "coordinates": [ [ [ 77.439298654542029, 23.241663544203988 ], [ 77.439394554542034, 23.241667844202652 ], [ 77.439397054542013, 23.241621344217098 ], [ 77.439301154542036, 23.24161704421843 ], [ 77.439298654542029, 23.241663544203988 ] ] ] } },
{ "type": "Feature", "properties": { }, "geometry": { "type": "Polygon", "coordinates": [ [ [ 77.440101254542029, 23.238433545207304 ], [ 77.440188454542039, 23.238454145200912 ], [ 77.440194254542035, 23.2384332452074 ], [ 77.440107154542034, 23.238412645213799 ], [ 77.440101254542029, 23.238433545207304 ] ] ] } },
{ "type": "Feature", "properties": { }, "geometry": { "type": "Polygon", "coordinates": [ [ [ 77.435965954542027, 23.241666044203217 ], [ 77.43599295454203, 23.241557244237008 ], [ 77.435903954542027, 23.241538644242791 ], [ 77.435877054542033, 23.241647444208994 ], [ 77.435965954542027, 23.241666044203217 ] ] ] } },
{ "type": "Feature", "properties": { }, "geometry": { "type": "Polygon", "coordinates": [ [ [ 77.440431854542027, 23.238019745335833 ], [ 77.440510954542034, 23.238032745331797 ], [ 77.440532654542039, 23.237961545353908 ], [ 77.440414554542031, 23.237918645367241 ], [ 77.440431854542027, 23.238019745335833 ] ] ] } },
{ "type": "Feature", "properties": { }, "geometry": { "type": "Polygon", "coordinates": [ [ [ 77.439553354542028, 23.241766544171995 ], [ 77.439556554542037, 23.241720744186217 ], [ 77.439505754542012, 23.241717744187159 ], [ 77.439502554542031, 23.241763544172922 ], [ 77.439553354542028, 23.241766544171995 ] ] ] } },
{ "type": "Feature", "properties": { }, "geometry": { "type": "Polygon", "coordinates": [ [ [ 77.440141454542015, 23.238205245278213 ], [ 77.440198554542036, 23.238216345274772 ], [ 77.440223254542033, 23.238109145308062 ], [ 77.440166254542035, 23.238098045311514 ], [ 77.440141454542015, 23.238205245278213 ] ] ] } },
{ "type": "Feature", "properties": { }, "geometry": { "type": "Polygon", "coordinates": [ [ [ 77.43952475454202, 23.24168884419613 ], [ 77.439574354542017, 23.241691344195353 ], [ 77.439577554542026, 23.241636144212499 ], [ 77.439527954542029, 23.241633744213246 ], [ 77.43952475454202, 23.24168884419613 ] ] ] } },
{ "type": "Feature", "properties": { }, "geometry": { "type": "Polygon", "coordinates": [ [ [ 77.439402154542037, 23.241672744201132 ], [ 77.439497354542013, 23.241676444199978 ], [ 77.439499154542034, 23.24163654421238 ], [ 77.43940395454203, 23.241632844213527 ], [ 77.439402154542037, 23.241672744201132 ] ] ] } },
{ "type": "Feature", "properties": { }, "geometry": { "type": "Polygon", "coordinates": [ [ [ 77.439643954542021, 23.238259145261484 ], [ 77.439830254542031, 23.238303745247624 ], [ 77.43985605454202, 23.238212745275884 ], [ 77.43966965454203, 23.23816824528971 ], [ 77.439643954542021, 23.238259145261484 ] ] ] } },
{ "type": "Feature", "properties": { }, "geometry": { "type": "Polygon", "coordinates": [ [ [ 77.440239754542034, 23.237858645385867 ], [ 77.440231954542028, 23.237885345377581 ], [ 77.440289054542035, 23.237899545373171 ], [ 77.440297354542025, 23.237869745382426 ], [ 77.440239754542034, 23.237858645385867 ] ] ] } },
{ "type": "Feature", "properties": { }, "geometry": { "type": "Polygon", "coordinates": [ [ [ 77.439862354542029, 23.235742746043041 ], [ 77.439977654542034, 23.235747046041702 ], [ 77.439981854542012, 23.23565394607062 ], [ 77.439866454542027, 23.235649646071955 ], [ 77.439862354542029, 23.235742746043041 ] ] ] } },
{ "type": "Feature", "properties": { }, "geometry": { "type": "Polygon", "coordinates": [ [ [ 77.43971345454203, 23.23540634614751 ], [ 77.439860354542034, 23.235414346145031 ], [ 77.439865954542014, 23.235327246172076 ], [ 77.439719154542047, 23.235319146174596 ], [ 77.43971345454203, 23.23540634614751 ] ] ] } },
{ "type": "Feature", "properties": { }, "geometry": { "type": "Polygon", "coordinates": [ [ [ 77.439835554542029, 23.235960245975487 ], [ 77.43996965454204, 23.235968845972813 ], [ 77.439976954542033, 23.235872946002598 ], [ 77.439842854542036, 23.235864346005265 ], [ 77.439835554542029, 23.235960245975487 ] ] ] } },
{ "type": "Feature", "properties": { }, "geometry": { "type": "Polygon", "coordinates": [ [ [ 77.439675054542036, 23.235617146082046 ], [ 77.439818254542033, 23.235625846079344 ], [ 77.439829354542027, 23.235472246127042 ], [ 77.439686154542017, 23.235463446129778 ], [ 77.439675054542036, 23.235617146082046 ] ] ] } },
{ "type": "Feature", "properties": { }, "geometry": { "type": "Polygon", "coordinates": [ [ [ 77.439696754542027, 23.235736546044961 ], [ 77.439817454542037, 23.235742146043226 ], [ 77.439822354542031, 23.235651646071329 ], [ 77.439701654542034, 23.235646046073061 ], [ 77.439696754542027, 23.235736546044961 ] ] ] } },
{ "type": "Feature", "properties": { }, "geometry": { "type": "Polygon", "coordinates": [ [ [ 77.439879154542027, 23.235617046082073 ], [ 77.439982954542032, 23.235622046080522 ], [ 77.439991054542034, 23.235480846124378 ], [ 77.439887254542029, 23.235475846125922 ], [ 77.439879154542027, 23.235617046082073 ] ] ] } },
{ "type": "Feature", "properties": { }, "geometry": { "type": "Polygon", "coordinates": [ [ [ 77.439731554542035, 23.235296646181578 ], [ 77.439876454542031, 23.23530894617776 ], [ 77.439885354542028, 23.235220646205185 ], [ 77.439740454542033, 23.235208346208999 ], [ 77.439731554542035, 23.235296646181578 ] ] ] } },
{ "type": "Feature", "properties": { }, "geometry": { "type": "Polygon", "coordinates": [ [ [ 77.439915954542016, 23.235319446174504 ], [ 77.440035354542033, 23.235325546172607 ], [ 77.440041754542037, 23.235220546205216 ], [ 77.439922454542028, 23.235214346207137 ], [ 77.439915954542016, 23.235319446174504 ] ] ] } },
{ "type": "Feature", "properties": { }, "geometry": { "type": "Polygon", "coordinates": [ [ [ 77.439872954542025, 23.238187345283784 ], [ 77.440018954542026, 23.238223345272594 ], [ 77.440066854542039, 23.238059245323566 ], [ 77.439920854542038, 23.238023245334748 ], [ 77.439872954542025, 23.238187345283784 ] ] ] } },
{ "type": "Feature", "properties": { }, "geometry": { "type": "Polygon", "coordinates": [ [ [ 77.439876354542037, 23.23815284529449 ], [ 77.439928854542032, 23.237972745350437 ], [ 77.439781554542023, 23.237936445361708 ], [ 77.439729054542028, 23.238116545305768 ], [ 77.439876354542037, 23.23815284529449 ] ] ] } },
{ "type": "Feature", "properties": { }, "geometry": { "type": "Polygon", "coordinates": [ [ [ 77.426925854542034, 23.2264675489231 ], [ 77.427056354542017, 23.226568348891803 ], [ 77.427090554542019, 23.226530948903417 ], [ 77.427076054542027, 23.226519648906923 ], [ 77.427114654542024, 23.226477548919991 ], [ 77.427086954542034, 23.226456148926637 ], [ 77.427119954542036, 23.226420148937812 ], [ 77.427131554542029, 23.226429148935022 ], [ 77.427158554542032, 23.226399548944212 ], [ 77.427083454542029, 23.226341448962245 ], [ 77.426970254542013, 23.226465248923809 ], [ 77.426945454542036, 23.22644614892975 ], [ 77.426925854542034, 23.2264675489231 ] ] ] } },
{ "type": "Feature", "properties": { }, "geometry": { "type": "Polygon", "coordinates": [ [ [ 77.424423254542035, 23.227391848636142 ], [ 77.424422254542037, 23.227446348619228 ], [ 77.424498354542038, 23.227447548618848 ], [ 77.424499354542036, 23.227392948635799 ], [ 77.424423254542035, 23.227391848636142 ] ] ] } },
{ "type": "Feature", "properties": { }, "geometry": { "type": "Polygon", "coordinates": [ [ [ 77.426552554542027, 23.226036049057058 ], [ 77.426606054542034, 23.226113249033091 ], [ 77.426762954542028, 23.226021449061598 ], [ 77.426709454542035, 23.225944149085581 ], [ 77.426552554542027, 23.226036049057058 ] ] ] } },
{ "type": "Feature", "properties": { }, "geometry": { "type": "Polygon", "coordinates": [ [ [ 77.425798854542037, 23.226892848791064 ], [ 77.42580425454203, 23.226995948759054 ], [ 77.425908154542014, 23.226991348760478 ], [ 77.425902754542037, 23.226888248792491 ], [ 77.425798854542037, 23.226892848791064 ] ] ] } },
{ "type": "Feature", "properties": { }, "geometry": { "type": "Polygon", "coordinates": [ [ [ 77.425696036361359, 23.22610063268991 ], [ 77.425684636361339, 23.226221132664975 ], [ 77.425839536361352, 23.226233432662418 ], [ 77.425850936361343, 23.226112932687368 ], [ 77.425696036361359, 23.22610063268991 ] ] ] } },
{ "type": "Feature", "properties": { }, "geometry": { "type": "Polygon", "coordinates": [ [ [ 77.428188554542032, 23.227259148677341 ], [ 77.428188754542035, 23.227342048651604 ], [ 77.428330554542015, 23.2273417486517 ], [ 77.428330354542027, 23.227258848677433 ], [ 77.428188554542032, 23.227259148677341 ] ] ] } },
{ "type": "Feature", "properties": { }, "geometry": { "type": "Polygon", "coordinates": [ [ [ 77.426614254542017, 23.226128449028376 ], [ 77.426695254542039, 23.226241748993193 ], [ 77.426876954542038, 23.226132049027257 ], [ 77.42679595454203, 23.226018749062426 ], [ 77.426614254542017, 23.226128449028376 ] ] ] } },
{ "type": "Feature", "properties": { }, "geometry": { "type": "Polygon", "coordinates": [ [ [ 77.424279754542013, 23.22737454864151 ], [ 77.42427755454203, 23.227427648625028 ], [ 77.424395954542035, 23.227431648623785 ], [ 77.424398054542038, 23.227378548640274 ], [ 77.424279754542013, 23.22737454864151 ] ] ] } },
{ "type": "Feature", "properties": { }, "geometry": { "type": "Polygon", "coordinates": [ [ [ 77.426748954542035, 23.226239348993946 ], [ 77.42682945454203, 23.226327748966501 ], [ 77.426968154542038, 23.226221048999623 ], [ 77.426887654542028, 23.226132749027038 ], [ 77.426748954542035, 23.226239348993946 ] ] ] } },
{ "type": "Feature", "properties": { }, "geometry": { "type": "Polygon", "coordinates": [ [ [ 77.425453554542031, 23.226115649032344 ], [ 77.42544735454203, 23.226229748996921 ], [ 77.425581454542026, 23.226235948994994 ], [ 77.425587654542028, 23.226121849030424 ], [ 77.425453554542031, 23.226115649032344 ] ] ] } },
{ "type": "Feature", "properties": { }, "geometry": { "type": "Polygon", "coordinates": [ [ [ 77.427839154542028, 23.227249048680477 ], [ 77.427842054542026, 23.227344448650857 ], [ 77.427985554542033, 23.227340748652004 ], [ 77.427982654542035, 23.22724534868162 ], [ 77.427839154542028, 23.227249048680477 ] ] ] } },
{ "type": "Feature", "properties": { }, "geometry": { "type": "Polygon", "coordinates": [ [ [ 77.42581015454202, 23.227005748756007 ], [ 77.425816254542028, 23.227101348726332 ], [ 77.425907354542048, 23.22709634872788 ], [ 77.425901154542032, 23.227000848757527 ], [ 77.42581015454202, 23.227005748756007 ] ] ] } },
{ "type": "Feature", "properties": { }, "geometry": { "type": "Polygon", "coordinates": [ [ [ 77.424750954542034, 23.227393548635611 ], [ 77.424750354542027, 23.227455448616389 ], [ 77.424876154542034, 23.227456348616116 ], [ 77.424876654542032, 23.227394448635334 ], [ 77.424750954542034, 23.227393548635611 ] ] ] } },
{ "type": "Feature", "properties": { }, "geometry": { "type": "Polygon", "coordinates": [ [ [ 77.428003854542027, 23.227246848681158 ], [ 77.428009454542035, 23.227346048650364 ], [ 77.428155654542039, 23.227339248652473 ], [ 77.428150154542038, 23.227239948683305 ], [ 77.428003854542027, 23.227246848681158 ] ] ] } },
{ "type": "Feature", "properties": { }, "geometry": { "type": "Polygon", "coordinates": [ [ [ 77.424654354542028, 23.227445248619564 ], [ 77.424738854542028, 23.227443448620125 ], [ 77.424737454542026, 23.227387448637508 ], [ 77.424652954542026, 23.22738924863695 ], [ 77.424654354542028, 23.227445248619564 ] ] ] } },
{ "type": "Feature", "properties": { }, "geometry": { "type": "Polygon", "coordinates": [ [ [ 77.425604754542036, 23.227050248742195 ], [ 77.425604854542016, 23.227109148723908 ], [ 77.425773454542039, 23.227108848724001 ], [ 77.425773354542031, 23.227049948742291 ], [ 77.425604754542036, 23.227050248742195 ] ] ] } },
{ "type": "Feature", "properties": { }, "geometry": { "type": "Polygon", "coordinates": [ [ [ 77.427777554542033, 23.227088448730338 ], [ 77.427773554542028, 23.226920048782617 ], [ 77.427653454542039, 23.22692244878187 ], [ 77.427657454542029, 23.227090848729588 ], [ 77.427777554542033, 23.227088448730338 ] ] ] } },
{ "type": "Feature", "properties": { }, "geometry": { "type": "Polygon", "coordinates": [ [ [ 77.42558865454204, 23.226956348771346 ], [ 77.425591554542038, 23.227020248751508 ], [ 77.425764554542027, 23.227013548753586 ], [ 77.425761654542029, 23.226949548773458 ], [ 77.42558865454204, 23.226956348771346 ] ] ] } },
{ "type": "Feature", "properties": { }, "geometry": { "type": "Polygon", "coordinates": [ [ [ 77.426491554542039, 23.22593344908891 ], [ 77.426543354542034, 23.226020449061902 ], [ 77.426712354542033, 23.225935349088317 ], [ 77.426660554542039, 23.225848349115328 ], [ 77.426491554542039, 23.22593344908891 ] ] ] } },
{ "type": "Feature", "properties": { }, "geometry": { "type": "Polygon", "coordinates": [ [ [ 77.426470054542037, 23.225913949094966 ], [ 77.426639354542033, 23.225815049125668 ], [ 77.426581054542027, 23.22573074915184 ], [ 77.426411754542031, 23.225829649121135 ], [ 77.426470054542037, 23.225913949094966 ] ] ] } },
{ "type": "Feature", "properties": { }, "geometry": { "type": "Polygon", "coordinates": [ [ [ 77.424092754542031, 23.227305048663087 ], [ 77.424063954542021, 23.227349648649245 ], [ 77.424165554542029, 23.227405148632016 ], [ 77.424194354542024, 23.227360548645855 ], [ 77.424092754542031, 23.227305048663087 ] ] ] } },
{ "type": "Feature", "properties": { }, "geometry": { "type": "Polygon", "coordinates": [ [ [ 77.427861754542036, 23.226990448760763 ], [ 77.427836554542026, 23.227101248726363 ], [ 77.427994754542027, 23.227131748716889 ], [ 77.428020054542017, 23.227020948751292 ], [ 77.427861754542036, 23.226990448760763 ] ] ] } },
{ "type": "Feature", "properties": { }, "geometry": { "type": "Polygon", "coordinates": [ [ [ 77.426838254542034, 23.22634124896231 ], [ 77.426906254542033, 23.226412948940048 ], [ 77.427041254542033, 23.226304748973639 ], [ 77.426973254542034, 23.226233048995898 ], [ 77.426838254542034, 23.22634124896231 ] ] ] } },
{ "type": "Feature", "properties": { }, "geometry": { "type": "Polygon", "coordinates": [ [ [ 77.427667554542026, 23.227241648682767 ], [ 77.427666454542035, 23.227343148651261 ], [ 77.427807954542033, 23.227344348650888 ], [ 77.427808954542016, 23.227242848682398 ], [ 77.427667554542026, 23.227241648682767 ] ] ] } },
{ "type": "Feature", "properties": { }, "geometry": { "type": "Polygon", "coordinates": [ [ [ 77.427478654542014, 23.226536648901643 ], [ 77.427408954542031, 23.2266978488516 ], [ 77.427535554542033, 23.226744048837261 ], [ 77.427555654542019, 23.226697548851693 ], [ 77.427526454542019, 23.226686848855014 ], [ 77.42757605454203, 23.226572148890625 ], [ 77.427478654542014, 23.226536648901643 ] ] ] } },
{ "type": "Feature", "properties": { }, "geometry": { "type": "Polygon", "coordinates": [ [ [ 77.427771054542021, 23.226624948874235 ], [ 77.427728954542033, 23.226838748807861 ], [ 77.427855654542029, 23.226859748801342 ], [ 77.427870354542037, 23.22678524882447 ], [ 77.427857654542038, 23.226783048825151 ], [ 77.427885054542031, 23.226643848868363 ], [ 77.427771054542021, 23.226624948874235 ] ] ] } },
{ "type": "Feature", "properties": { }, "geometry": { "type": "Polygon", "coordinates": [ [ [ 77.427556754542024, 23.22680104881956 ], [ 77.427585454542026, 23.226806948817725 ], [ 77.427580854542029, 23.226825748811894 ], [ 77.427698454542039, 23.226850048804348 ], [ 77.427714254542025, 23.226785548824374 ], [ 77.427696254542028, 23.226781848825524 ], [ 77.427736954542027, 23.226615548877152 ], [ 77.427608654542027, 23.226589048885373 ], [ 77.427556754542024, 23.22680104881956 ] ] ] } },
{ "type": "Feature", "properties": { }, "geometry": { "type": "Polygon", "coordinates": [ [ [ 77.427359854542033, 23.226968048767713 ], [ 77.427364354542036, 23.227080448732821 ], [ 77.427441354542026, 23.227077848733629 ], [ 77.427441654542037, 23.227086648730889 ], [ 77.427484254542023, 23.227085248731328 ], [ 77.427483854542032, 23.22707644873406 ], [ 77.427527654542033, 23.227074948734529 ], [ 77.427523154542044, 23.226962448769449 ], [ 77.427359854542033, 23.226968048767713 ] ] ] } },
{ "type": "Feature", "properties": { }, "geometry": { "type": "Polygon", "coordinates": [ [ [ 77.428147054542038, 23.226753648834283 ], [ 77.428123554542012, 23.226780748825863 ], [ 77.428157854542036, 23.226805748818105 ], [ 77.428073354542022, 23.226903148787866 ], [ 77.428144454542036, 23.226955248771684 ], [ 77.428190154542037, 23.226902448788078 ], [ 77.428201254542017, 23.226910548785565 ], [ 77.428263454542034, 23.22683884880783 ], [ 77.428147054542038, 23.226753648834283 ] ] ] } },
{ "type": "Feature", "properties": { }, "geometry": { "type": "Polygon", "coordinates": [ [ [ 77.437012454542028, 23.228803948197719 ], [ 77.437078554542026, 23.228816848193716 ], [ 77.437091454542028, 23.228761348210952 ], [ 77.43702535454203, 23.228748348214982 ], [ 77.437012454542028, 23.228803948197719 ] ] ] } },
{ "type": "Feature", "properties": { }, "geometry": { "type": "Polygon", "coordinates": [ [ [ 77.437097854542031, 23.228472748300554 ], [ 77.437277054542037, 23.228511148288629 ], [ 77.437297854542038, 23.22842934831402 ], [ 77.437118654542033, 23.228390848325976 ], [ 77.437097854542031, 23.228472748300554 ] ] ] } },
{ "type": "Feature", "properties": { }, "geometry": { "type": "Polygon", "coordinates": [ [ [ 77.436720954542039, 23.228745248215951 ], [ 77.436804154542031, 23.228762748210517 ], [ 77.436834954542036, 23.228638848248981 ], [ 77.43675175454203, 23.228621448254383 ], [ 77.436720954542039, 23.228745248215951 ] ] ] } },
{ "type": "Feature", "properties": { }, "geometry": { "type": "Polygon", "coordinates": [ [ [ 77.436666654542023, 23.228959048149562 ], [ 77.436864454542032, 23.22899914813711 ], [ 77.436882354542036, 23.228924548160279 ], [ 77.436684554542026, 23.228884448172725 ], [ 77.436666654542023, 23.228959048149562 ] ] ] } },
{ "type": "Feature", "properties": { }, "geometry": { "type": "Polygon", "coordinates": [ [ [ 77.436752654542033, 23.228612548257146 ], [ 77.436960354542038, 23.2286571482433 ], [ 77.436989154542033, 23.228543848278477 ], [ 77.436781454542029, 23.228499248292323 ], [ 77.436752654542033, 23.228612548257146 ] ] ] } },
{ "type": "Feature", "properties": { }, "geometry": { "type": "Polygon", "coordinates": [ [ [ 77.436938154542034, 23.229057648118946 ], [ 77.437133354542027, 23.229106648103738 ], [ 77.437147554542037, 23.229058948118546 ], [ 77.436952354542029, 23.229009948133761 ], [ 77.436938154542034, 23.229057648118946 ] ] ] } },
{ "type": "Feature", "properties": { }, "geometry": { "type": "Polygon", "coordinates": [ [ [ 77.437086954542039, 23.228509248289217 ], [ 77.437059854542028, 23.228618848255184 ], [ 77.437262254542034, 23.22866124824203 ], [ 77.437289354542031, 23.228551648276053 ], [ 77.437086954542039, 23.228509248289217 ] ] ] } },
{ "type": "Feature", "properties": { }, "geometry": { "type": "Polygon", "coordinates": [ [ [ 77.436859954542015, 23.228175048392977 ], [ 77.436816154542029, 23.22834564834001 ], [ 77.437006254542027, 23.228386848327222 ], [ 77.437050054542013, 23.228216348380158 ], [ 77.436859954542015, 23.228175048392977 ] ] ] } },
{ "type": "Feature", "properties": { }, "geometry": { "type": "Polygon", "coordinates": [ [ [ 77.437245954542036, 23.228788048202659 ], [ 77.437390754542037, 23.228821748192193 ], [ 77.437402554542032, 23.228778848205508 ], [ 77.437257754542031, 23.228745248215951 ], [ 77.437245954542036, 23.228788048202659 ] ] ] } },
{ "type": "Feature", "properties": { }, "geometry": { "type": "Polygon", "coordinates": [ [ [ 77.437325754542016, 23.228473248300393 ], [ 77.43730295454202, 23.228561448273013 ], [ 77.437441054542035, 23.228591648263635 ], [ 77.437463954542025, 23.228503448291022 ], [ 77.437325754542016, 23.228473248300393 ] ] ] } },
{ "type": "Feature", "properties": { }, "geometry": { "type": "Polygon", "coordinates": [ [ [ 77.436663254542026, 23.228965348147607 ], [ 77.436649954542034, 23.229023148129659 ], [ 77.436851754542019, 23.22906254811743 ], [ 77.436865154542019, 23.229004748135377 ], [ 77.436663254542026, 23.228965348147607 ] ] ] } },
{ "type": "Feature", "properties": { }, "geometry": { "type": "Polygon", "coordinates": [ [ [ 77.436826254542027, 23.228777348205984 ], [ 77.436937554542027, 23.228799448199119 ], [ 77.436967054542038, 23.228674348237959 ], [ 77.436855754542037, 23.228652248244817 ], [ 77.436826254542027, 23.228777348205984 ] ] ] } },
{ "type": "Feature", "properties": { }, "geometry": { "type": "Polygon", "coordinates": [ [ [ 77.436687054542034, 23.228878648174529 ], [ 77.436877154542032, 23.228920848161422 ], [ 77.436893354542022, 23.228859148180582 ], [ 77.436703254542039, 23.228816948193685 ], [ 77.436687054542034, 23.228878648174529 ] ] ] } },
{ "type": "Feature", "properties": { }, "geometry": { "type": "Polygon", "coordinates": [ [ [ 77.437038254542031, 23.228679048236501 ], [ 77.437021054542029, 23.228739548217717 ], [ 77.437207354542039, 23.228784148203875 ], [ 77.437224454542019, 23.228723648222655 ], [ 77.437038254542031, 23.228679048236501 ] ] ] } },
{ "type": "Feature", "properties": { }, "geometry": { "type": "Polygon", "coordinates": [ [ [ 77.437248654542032, 23.228795148200458 ], [ 77.437230054542027, 23.22886304817937 ], [ 77.437353954542033, 23.22889184817042 ], [ 77.437372654542031, 23.228823948191511 ], [ 77.437248654542032, 23.228795148200458 ] ] ] } },
{ "type": "Feature", "properties": { }, "geometry": { "type": "Polygon", "coordinates": [ [ [ 77.437354654542034, 23.228391048325918 ], [ 77.437442254542034, 23.22841344831896 ], [ 77.437470054542032, 23.228321148347622 ], [ 77.437382454542032, 23.228298848354545 ], [ 77.437354654542034, 23.228391048325918 ] ] ] } },
{ "type": "Feature", "properties": { }, "geometry": { "type": "Polygon", "coordinates": [ [ [ 77.437099854542012, 23.228824548191319 ], [ 77.437214654542032, 23.228851248183034 ], [ 77.437229354542026, 23.228797448199739 ], [ 77.437114654542029, 23.228770848208001 ], [ 77.437099854542012, 23.228824548191319 ] ] ] } },
{ "type": "Feature", "properties": { }, "geometry": { "type": "Polygon", "coordinates": [ [ [ 77.436621654542037, 23.229156948088118 ], [ 77.436835554542029, 23.229199248074988 ], [ 77.436864754542029, 23.229074548113704 ], [ 77.436650854542037, 23.229032348126808 ], [ 77.436621654542037, 23.229156948088118 ] ] ] } },
{ "type": "Feature", "properties": { }, "geometry": { "type": "Polygon", "coordinates": [ [ [ 77.437153354542033, 23.228234148374632 ], [ 77.437128954542018, 23.228339048342068 ], [ 77.437324554542016, 23.228377548330105 ], [ 77.437348954542031, 23.22827264836268 ], [ 77.437153354542033, 23.228234148374632 ] ] ] } },
{ "type": "Feature", "properties": { }, "geometry": { "type": "Polygon", "coordinates": [ [ [ 77.436702854542034, 23.228810548195671 ], [ 77.436897254542018, 23.22885374818226 ], [ 77.436911854542032, 23.22879814819952 ], [ 77.436717454542034, 23.228755048212903 ], [ 77.436702854542034, 23.228810548195671 ] ] ] } },
{ "type": "Feature", "properties": { }, "geometry": { "type": "Polygon", "coordinates": [ [ [ 77.436786054542011, 23.228482748297449 ], [ 77.436987854542039, 23.228521548285396 ], [ 77.437005254542029, 23.228445248309086 ], [ 77.43680345454203, 23.228406448321135 ], [ 77.436786054542011, 23.228482748297449 ] ] ] } },
{ "type": "Feature", "properties": { }, "geometry": { "type": "Polygon", "coordinates": [ [ [ 77.437245354542029, 23.228871848176642 ], [ 77.437189954542035, 23.229061948117614 ], [ 77.437303954542017, 23.229090048108894 ], [ 77.437359354542025, 23.228899948167918 ], [ 77.437245354542029, 23.228871848176642 ] ] ] } },
{ "type": "Feature", "properties": { }, "geometry": { "type": "Polygon", "coordinates": [ [ [ 77.437273154542027, 23.228745248215951 ], [ 77.437411554542038, 23.228777048206076 ], [ 77.437456254542028, 23.228612448257177 ], [ 77.437317954542024, 23.228580748267017 ], [ 77.437273154542027, 23.228745248215951 ] ] ] } },
{ "type": "Feature", "properties": { }, "geometry": { "type": "Polygon", "coordinates": [ [ [ 77.436958054542032, 23.229003948135631 ], [ 77.437171754542021, 23.229050948121028 ], [ 77.437222054542033, 23.228857848180986 ], [ 77.43700835454203, 23.228810848195579 ], [ 77.436958054542032, 23.229003948135631 ] ] ] } },
{ "type": "Feature", "properties": { }, "geometry": { "type": "Polygon", "coordinates": [ [ [ 77.440620754542039, 23.235678046063128 ], [ 77.44074745454202, 23.235690946059123 ], [ 77.44075965454202, 23.235590546090304 ], [ 77.440632854542031, 23.23557764609431 ], [ 77.440620754542039, 23.235678046063128 ] ] ] } },
{ "type": "Feature", "properties": { }, "geometry": { "type": "Polygon", "coordinates": [ [ [ 77.438550454542039, 23.236430645829394 ], [ 77.438723554542037, 23.236441945825881 ], [ 77.438732654542036, 23.23632394586253 ], [ 77.438559554542039, 23.236312645866043 ], [ 77.438550454542039, 23.236430645829394 ] ] ] } },
{ "type": "Feature", "properties": { }, "geometry": { "type": "Polygon", "coordinates": [ [ [ 77.43444615454203, 23.234209446519216 ], [ 77.434590354542038, 23.234238346510246 ], [ 77.434634954542034, 23.234050846568476 ], [ 77.434490754542026, 23.234021946577446 ], [ 77.43444615454203, 23.234209446519216 ] ] ] } },
{ "type": "Feature", "properties": { }, "geometry": { "type": "Polygon", "coordinates": [ [ [ 77.439751454542034, 23.235151246226732 ], [ 77.43990095454204, 23.235157946224653 ], [ 77.439906854542031, 23.235045546259567 ], [ 77.439757454542018, 23.235038846261645 ], [ 77.439751454542034, 23.235151246226732 ] ] ] } },
{ "type": "Feature", "properties": { }, "geometry": { "type": "Polygon", "coordinates": [ [ [ 77.433094954542028, 23.232702546987177 ], [ 77.433190354542035, 23.232671046996956 ], [ 77.433125954542035, 23.23250654704804 ], [ 77.433030554542015, 23.232538047038261 ], [ 77.433094954542028, 23.232702546987177 ] ] ] } },
{ "type": "Feature", "properties": { }, "geometry": { "type": "Polygon", "coordinates": [ [ [ 77.437243354542034, 23.235316946175278 ], [ 77.437322354542033, 23.23533164617071 ], [ 77.437367954542012, 23.235123946235216 ], [ 77.437288954542026, 23.235109346239753 ], [ 77.437243354542034, 23.235316946175278 ] ] ] } },
{ "type": "Feature", "properties": { }, "geometry": { "type": "Polygon", "coordinates": [ [ [ 77.437760354542036, 23.237190745593317 ], [ 77.437841454542038, 23.237202145589773 ], [ 77.437864254542021, 23.237065945632079 ], [ 77.437783154542032, 23.237054545635619 ], [ 77.437760354542036, 23.237190745593317 ] ] ] } },
{ "type": "Feature", "properties": { }, "geometry": { "type": "Polygon", "coordinates": [ [ [ 77.439359254542026, 23.235208046209092 ], [ 77.439432154542033, 23.23521314620751 ], [ 77.439442854542037, 23.235082446248104 ], [ 77.439370054542039, 23.235077446249655 ], [ 77.439359254542026, 23.235208046209092 ] ] ] } },
{ "type": "Feature", "properties": { }, "geometry": { "type": "Polygon", "coordinates": [ [ [ 77.437555554542016, 23.23468514637149 ], [ 77.437676854542019, 23.234705846365063 ], [ 77.437704054542039, 23.234571646406735 ], [ 77.437582754542021, 23.234550846413196 ], [ 77.437555554542016, 23.23468514637149 ] ] ] } },
{ "type": "Feature", "properties": { }, "geometry": { "type": "Polygon", "coordinates": [ [ [ 77.439621954542019, 23.23614414591837 ], [ 77.439784954542034, 23.236156445914553 ], [ 77.439794454542039, 23.236050445947466 ], [ 77.439631454542038, 23.236038045951322 ], [ 77.439621954542019, 23.23614414591837 ] ] ] } },
{ "type": "Feature", "properties": { }, "geometry": { "type": "Polygon", "coordinates": [ [ [ 77.440615354542032, 23.235789546028499 ], [ 77.440738054542038, 23.235803746024089 ], [ 77.440751754542035, 23.235703646055182 ], [ 77.440629054542015, 23.235689446059592 ], [ 77.440615354542032, 23.235789546028499 ] ] ] } },
{ "type": "Feature", "properties": { }, "geometry": { "type": "Polygon", "coordinates": [ [ [ 77.439883954542026, 23.234299646491202 ], [ 77.440005354542038, 23.234278146497886 ], [ 77.439974654542013, 23.234132046543248 ], [ 77.43985325454203, 23.234153646536544 ], [ 77.439883954542026, 23.234299646491202 ] ] ] } },
{ "type": "Feature", "properties": { }, "geometry": { "type": "Polygon", "coordinates": [ [ [ 77.436612854542034, 23.237155045604403 ], [ 77.43672135454203, 23.237180845596395 ], [ 77.436738554542032, 23.237119745615363 ], [ 77.436630054542036, 23.237093945623382 ], [ 77.436612854542034, 23.237155045604403 ] ] ] } },
{ "type": "Feature", "properties": { }, "geometry": { "type": "Polygon", "coordinates": [ [ [ 77.432989654542027, 23.232776346964261 ], [ 77.433100554542037, 23.23274074697531 ], [ 77.433025954542032, 23.232544547036238 ], [ 77.43291515454203, 23.232580047025223 ], [ 77.432989654542027, 23.232776346964261 ] ] ] } },
{ "type": "Feature", "properties": { }, "geometry": { "type": "Polygon", "coordinates": [ [ [ 77.43771545454203, 23.235755646039028 ], [ 77.437805754542026, 23.235771646034056 ], [ 77.437829254542024, 23.235659446068908 ], [ 77.437738854542019, 23.235643546073845 ], [ 77.43771545454203, 23.235755646039028 ] ] ] } },
{ "type": "Feature", "properties": { }, "geometry": { "type": "Polygon", "coordinates": [ [ [ 77.438535854542039, 23.236453645822252 ], [ 77.438549254542039, 23.236318345864266 ], [ 77.438390654542033, 23.236305145868371 ], [ 77.438377254542033, 23.236440345826381 ], [ 77.438535854542039, 23.236453645822252 ] ] ] } },
{ "type": "Feature", "properties": { }, "geometry": { "type": "Polygon", "coordinates": [ [ [ 77.439014754542029, 23.235018546267952 ], [ 77.43910665454203, 23.235022246266798 ], [ 77.43911335454203, 23.234880446310839 ], [ 77.439021554542038, 23.23487674631199 ], [ 77.439014754542029, 23.235018546267952 ] ] ] } },
{ "type": "Feature", "properties": { }, "geometry": { "type": "Polygon", "coordinates": [ [ [ 77.437764354542026, 23.235627546078813 ], [ 77.437899154542038, 23.235647246072695 ], [ 77.437922154542036, 23.235514146114035 ], [ 77.437787454542018, 23.235494446120146 ], [ 77.437764354542026, 23.235627546078813 ] ] ] } },
{ "type": "Feature", "properties": { }, "geometry": { "type": "Polygon", "coordinates": [ [ [ 77.433814454542031, 23.229334148033097 ], [ 77.433887554542039, 23.229222648067722 ], [ 77.433865154542048, 23.229210248071571 ], [ 77.433795454542036, 23.229171648083554 ], [ 77.433722354542027, 23.229283148048939 ], [ 77.433814454542031, 23.229334148033097 ] ] ] } },
{ "type": "Feature", "properties": { }, "geometry": { "type": "Polygon", "coordinates": [ [ [ 77.437909554542045, 23.23578704602928 ], [ 77.438050554542016, 23.235809446022323 ], [ 77.438071154542016, 23.235700146056271 ], [ 77.437930154542016, 23.235677646063252 ], [ 77.437909554542045, 23.23578704602928 ] ] ] } },
{ "type": "Feature", "properties": { }, "geometry": { "type": "Polygon", "coordinates": [ [ [ 77.439278954542033, 23.235209546208633 ], [ 77.439352054542027, 23.235214046207233 ], [ 77.439362154542039, 23.235074146250678 ], [ 77.43928905454203, 23.235069746252048 ], [ 77.439278954542033, 23.235209546208633 ] ] ] } },
{ "type": "Feature", "properties": { }, "geometry": { "type": "Polygon", "coordinates": [ [ [ 77.438369754542038, 23.237381645534025 ], [ 77.438520454542029, 23.237403945527095 ], [ 77.438533254542023, 23.237331145549714 ], [ 77.438382554542031, 23.237308845556637 ], [ 77.438369754542038, 23.237381645534025 ] ] ] } },
{ "type": "Feature", "properties": { }, "geometry": { "type": "Polygon", "coordinates": [ [ [ 77.437485454542028, 23.235408146146952 ], [ 77.437522954542032, 23.235258446193441 ], [ 77.437396354542031, 23.235231646201772 ], [ 77.437358854542012, 23.235381346155279 ], [ 77.437485454542028, 23.235408146146952 ] ] ] } },
{ "type": "Feature", "properties": { }, "geometry": { "type": "Polygon", "coordinates": [ [ [ 77.438554154542032, 23.236227145892595 ], [ 77.438643054542027, 23.23622944589188 ], [ 77.43864675454202, 23.236105845930268 ], [ 77.438557754542018, 23.236103645930953 ], [ 77.438554154542032, 23.236227145892595 ] ] ] } },
{ "type": "Feature", "properties": { }, "geometry": { "type": "Polygon", "coordinates": [ [ [ 77.440773654542028, 23.235841946012226 ], [ 77.440908454542011, 23.235855446008035 ], [ 77.440920654542026, 23.235752446040024 ], [ 77.440785954542022, 23.235738946044211 ], [ 77.440773654542028, 23.235841946012226 ] ] ] } },
{ "type": "Feature", "properties": { }, "geometry": { "type": "Polygon", "coordinates": [ [ [ 77.439274654542032, 23.236125345924208 ], [ 77.439285454542016, 23.235996045964363 ], [ 77.439202254542039, 23.235990145966198 ], [ 77.439191454542026, 23.236119445926047 ], [ 77.439274654542032, 23.236125345924208 ] ] ] } },
{ "type": "Feature", "properties": { }, "geometry": { "type": "Polygon", "coordinates": [ [ [ 77.434359354542039, 23.234539546416702 ], [ 77.43450145454203, 23.234557946410991 ], [ 77.43451485454203, 23.23447084643804 ], [ 77.434372754542025, 23.234452446443758 ], [ 77.434359354542039, 23.234539546416702 ] ] ] } },
{ "type": "Feature", "properties": { }, "geometry": { "type": "Polygon", "coordinates": [ [ [ 77.440404454542019, 23.235136846231207 ], [ 77.440558754542039, 23.235149846227177 ], [ 77.440566454542036, 23.235071746251425 ], [ 77.440412254542025, 23.235058746255465 ], [ 77.440404454542019, 23.235136846231207 ] ] ] } },
{ "type": "Feature", "properties": { }, "geometry": { "type": "Polygon", "coordinates": [ [ [ 77.439938254542028, 23.235071746251425 ], [ 77.439931054542029, 23.235180746217576 ], [ 77.440063154542031, 23.235188146215283 ], [ 77.44007035454203, 23.235079146249131 ], [ 77.439938254542028, 23.235071746251425 ] ] ] } },
{ "type": "Feature", "properties": { }, "geometry": { "type": "Polygon", "coordinates": [ [ [ 77.437811954542028, 23.235782746030615 ], [ 77.437897954542038, 23.235797346026082 ], [ 77.437922754542029, 23.23567344606456 ], [ 77.437836754542033, 23.235658946069066 ], [ 77.437811954542028, 23.235782746030615 ] ] ] } },
{ "type": "Feature", "properties": { }, "geometry": { "type": "Polygon", "coordinates": [ [ [ 77.437921754542032, 23.235631046077728 ], [ 77.438097454542032, 23.235653146070863 ], [ 77.438114654542019, 23.235537446106797 ], [ 77.437938954542034, 23.235515346113655 ], [ 77.437921754542032, 23.235631046077728 ] ] ] } },
{ "type": "Feature", "properties": { }, "geometry": { "type": "Polygon", "coordinates": [ [ [ 77.437865654542037, 23.237074845629316 ], [ 77.437974954542028, 23.23708724562546 ], [ 77.437991754542026, 23.236962145664318 ], [ 77.437882354542012, 23.236949745668174 ], [ 77.437865654542037, 23.237074845629316 ] ] ] } },
{ "type": "Feature", "properties": { }, "geometry": { "type": "Polygon", "coordinates": [ [ [ 77.437581354542033, 23.237156845603849 ], [ 77.437686354542038, 23.237170145599713 ], [ 77.437703054542027, 23.237058645634345 ], [ 77.437598054542036, 23.237045245638509 ], [ 77.437581354542033, 23.237156845603849 ] ] ] } },
{ "type": "Feature", "properties": { }, "geometry": { "type": "Polygon", "coordinates": [ [ [ 77.43923375454203, 23.236272945878373 ], [ 77.439332254542023, 23.236284045874921 ], [ 77.439348954542027, 23.236158745913837 ], [ 77.439250454542019, 23.236147645917281 ], [ 77.43923375454203, 23.236272945878373 ] ] ] } },
{ "type": "Feature", "properties": { }, "geometry": { "type": "Polygon", "coordinates": [ [ [ 77.433519954542035, 23.229234348064082 ], [ 77.433630054542036, 23.229319348037691 ], [ 77.43370555454203, 23.229236748063339 ], [ 77.433595554542038, 23.229151748089727 ], [ 77.433519954542035, 23.229234348064082 ] ] ] } },
{ "type": "Feature", "properties": { }, "geometry": { "type": "Polygon", "coordinates": [ [ [ 77.432734254542012, 23.234353246474562 ], [ 77.432850254542032, 23.234292846493318 ], [ 77.432708254542035, 23.234106446551209 ], [ 77.432651754542036, 23.234145446539099 ], [ 77.432734254542012, 23.234353246474562 ] ] ] } },
{ "type": "Feature", "properties": { }, "geometry": { "type": "Polygon", "coordinates": [ [ [ 77.440380154542027, 23.235332346170491 ], [ 77.440513654542031, 23.235342846167235 ], [ 77.440522954542033, 23.235242846198293 ], [ 77.440389454542029, 23.235232346201549 ], [ 77.440380154542027, 23.235332346170491 ] ] ] } },
{ "type": "Feature", "properties": { }, "geometry": { "type": "Polygon", "coordinates": [ [ [ 77.43833285454204, 23.237467645507316 ], [ 77.438506154542026, 23.237493545499273 ], [ 77.438521054542036, 23.23740944552539 ], [ 77.438347754542022, 23.237383545533437 ], [ 77.43833285454204, 23.237467645507316 ] ] ] } },
{ "type": "Feature", "properties": { }, "geometry": { "type": "Polygon", "coordinates": [ [ [ 77.438777554542028, 23.236251345885076 ], [ 77.43886345454203, 23.236258045882984 ], [ 77.438874754542027, 23.236134345921418 ], [ 77.43878885454204, 23.236127745923465 ], [ 77.438777554542028, 23.236251345885076 ] ] ] } },
{ "type": "Feature", "properties": { }, "geometry": { "type": "Polygon", "coordinates": [ [ [ 77.439515154542036, 23.236865045694476 ], [ 77.439675454542012, 23.236882945688919 ], [ 77.439685354542021, 23.236807745712269 ], [ 77.439525154542039, 23.236789845717826 ], [ 77.439515154542036, 23.236865045694476 ] ] ] } },
{ "type": "Feature", "properties": { }, "geometry": { "type": "Polygon", "coordinates": [ [ [ 77.433212954542029, 23.232680346994069 ], [ 77.43329335454203, 23.232653147002516 ], [ 77.433222254542017, 23.232475747057606 ], [ 77.433141954542037, 23.232502947049159 ], [ 77.433212954542029, 23.232680346994069 ] ] ] } },
{ "type": "Feature", "properties": { }, "geometry": { "type": "Polygon", "coordinates": [ [ [ 77.440412854542018, 23.235054746256708 ], [ 77.440566454542036, 23.235066446253075 ], [ 77.440572854542026, 23.234995346275152 ], [ 77.440419254542022, 23.234983646278788 ], [ 77.440412854542018, 23.235054746256708 ] ] ] } },
{ "type": "Feature", "properties": { }, "geometry": { "type": "Polygon", "coordinates": [ [ [ 77.439679754542013, 23.236920845677151 ], [ 77.439671054542032, 23.237034445641861 ], [ 77.43983265454203, 23.237044945638605 ], [ 77.43984135454204, 23.236931345673884 ], [ 77.439679754542013, 23.236920845677151 ] ] ] } },
{ "type": "Feature", "properties": { }, "geometry": { "type": "Polygon", "coordinates": [ [ [ 77.43823375454204, 23.23708074562748 ], [ 77.438408054542037, 23.23711364561726 ], [ 77.438429854542036, 23.23701664564739 ], [ 77.438255454542016, 23.236983745657611 ], [ 77.43823375454204, 23.23708074562748 ] ] ] } },
{ "type": "Feature", "properties": { }, "geometry": { "type": "Polygon", "coordinates": [ [ [ 77.437483354542024, 23.237119445615463 ], [ 77.437566654542039, 23.237129745612265 ], [ 77.437580654542032, 23.237034545641826 ], [ 77.437497354542032, 23.237024145645059 ], [ 77.437483354542024, 23.237119445615463 ] ] ] } },
{ "type": "Feature", "properties": { }, "geometry": { "type": "Polygon", "coordinates": [ [ [ 77.439725954542027, 23.236580745782771 ], [ 77.439714754542038, 23.236678445752432 ], [ 77.439874854542026, 23.236693945747618 ], [ 77.439886054542029, 23.23659624577796 ], [ 77.439725954542027, 23.236580745782771 ] ] ] } },
{ "type": "Feature", "properties": { }, "geometry": { "type": "Polygon", "coordinates": [ [ [ 77.440218454542034, 23.235304746179064 ], [ 77.440351654542027, 23.235317946174966 ], [ 77.440362954542039, 23.235221946204781 ], [ 77.440229754542017, 23.23520864620891 ], [ 77.440218454542034, 23.235304746179064 ] ] ] } },
{ "type": "Feature", "properties": { }, "geometry": { "type": "Polygon", "coordinates": [ [ [ 77.437608554542038, 23.235732646046173 ], [ 77.43770675454202, 23.235752046040151 ], [ 77.437738654542031, 23.235615946082415 ], [ 77.437640354542026, 23.235596546088445 ], [ 77.437608554542038, 23.235732646046173 ] ] ] } },
{ "type": "Feature", "properties": { }, "geometry": { "type": "Polygon", "coordinates": [ [ [ 77.44050305454202, 23.234218946516268 ], [ 77.440639854542027, 23.234196746523164 ], [ 77.440605954542036, 23.234020346577942 ], [ 77.440469154542029, 23.23404254657105 ], [ 77.44050305454202, 23.234218946516268 ] ] ] } },
{ "type": "Feature", "properties": { }, "geometry": { "type": "Polygon", "coordinates": [ [ [ 77.432567454542038, 23.2325913470217 ], [ 77.432813254542026, 23.232520347043753 ], [ 77.432710554542027, 23.232220047137005 ], [ 77.432464654542031, 23.232291147114928 ], [ 77.432567454542038, 23.2325913470217 ] ] ] } },
{ "type": "Feature", "properties": { }, "geometry": { "type": "Polygon", "coordinates": [ [ [ 77.440825954542021, 23.23538284615481 ], [ 77.440966054542031, 23.235392746151735 ], [ 77.440972854542039, 23.235312046176798 ], [ 77.440832654542035, 23.235302146179873 ], [ 77.440825954542021, 23.23538284615481 ] ] ] } },
{ "type": "Feature", "properties": { }, "geometry": { "type": "Polygon", "coordinates": [ [ [ 77.437807554542033, 23.235037346262111 ], [ 77.438115754542039, 23.23509584624394 ], [ 77.438138854542032, 23.234993346275772 ], [ 77.43783065454204, 23.234934846293942 ], [ 77.437807554542033, 23.235037346262111 ] ] ] } },
{ "type": "Feature", "properties": { }, "geometry": { "type": "Polygon", "coordinates": [ [ [ 77.434139354542026, 23.234372946468444 ], [ 77.43421445454203, 23.234385346464588 ], [ 77.434242254542028, 23.234242046509095 ], [ 77.434167154542038, 23.234229746512916 ], [ 77.434139354542026, 23.234372946468444 ] ] ] } },
{ "type": "Feature", "properties": { }, "geometry": { "type": "Polygon", "coordinates": [ [ [ 77.434507154542032, 23.234010346581051 ], [ 77.434646654542036, 23.234046746569746 ], [ 77.434694554542034, 23.233891546617944 ], [ 77.434555054542031, 23.233855246629219 ], [ 77.434507154542032, 23.234010346581051 ] ] ] } },
{ "type": "Feature", "properties": { }, "geometry": { "type": "Polygon", "coordinates": [ [ [ 77.436718354542037, 23.237284345564245 ], [ 77.436855054542022, 23.237319145553442 ], [ 77.436883254542025, 23.237225945582384 ], [ 77.436746454542032, 23.237191045593224 ], [ 77.436718354542037, 23.237284345564245 ] ] ] } },
{ "type": "Feature", "properties": { }, "geometry": { "type": "Polygon", "coordinates": [ [ [ 77.434698554542024, 23.233999246584496 ], [ 77.434856554542037, 23.234035046573382 ], [ 77.434889354542037, 23.23391234661149 ], [ 77.434731454542018, 23.233876646622573 ], [ 77.434698554542024, 23.233999246584496 ] ] ] } },
{ "type": "Feature", "properties": { }, "geometry": { "type": "Polygon", "coordinates": [ [ [ 77.439758754542027, 23.236280745875948 ], [ 77.439921654542033, 23.236291845872497 ], [ 77.439929954542038, 23.236189345904329 ], [ 77.439767054542031, 23.23617824590778 ], [ 77.439758754542027, 23.236280745875948 ] ] ] } },
{ "type": "Feature", "properties": { }, "geometry": { "type": "Polygon", "coordinates": [ [ [ 77.437877954542031, 23.234695646368227 ], [ 77.43785715454203, 23.23479754633658 ], [ 77.438148354542037, 23.234847646321025 ], [ 77.438169154542038, 23.234745846352642 ], [ 77.437877954542031, 23.234695646368227 ] ] ] } },
{ "type": "Feature", "properties": { }, "geometry": { "type": "Polygon", "coordinates": [ [ [ 77.433275054542037, 23.229486647985748 ], [ 77.433211154542036, 23.229558347963486 ], [ 77.433333254542021, 23.229650147934986 ], [ 77.433397054542013, 23.229578447957248 ], [ 77.433275054542037, 23.229486647985748 ] ] ] } },
{ "type": "Feature", "properties": { }, "geometry": { "type": "Polygon", "coordinates": [ [ [ 77.440689854542029, 23.235182646216984 ], [ 77.440813154542013, 23.235193146213721 ], [ 77.440825954542021, 23.235065946253229 ], [ 77.440702554542014, 23.235055446256489 ], [ 77.440689854542029, 23.235182646216984 ] ] ] } },
{ "type": "Feature", "properties": { }, "geometry": { "type": "Polygon", "coordinates": [ [ [ 77.437512154542034, 23.236983245657765 ], [ 77.43759145454203, 23.236988945655991 ], [ 77.437601254542017, 23.236874245691617 ], [ 77.437521954542035, 23.236868545693394 ], [ 77.437512154542034, 23.236983245657765 ] ] ] } },
{ "type": "Feature", "properties": { }, "geometry": { "type": "Polygon", "coordinates": [ [ [ 77.438350654542035, 23.236537945796066 ], [ 77.438530754542015, 23.23655644579032 ], [ 77.438542154542034, 23.236463045819331 ], [ 77.438362054542026, 23.23644454582508 ], [ 77.438350654542035, 23.236537945796066 ] ] ] } },
{ "type": "Feature", "properties": { }, "geometry": { "type": "Polygon", "coordinates": [ [ [ 77.439136054542033, 23.236253945884268 ], [ 77.439229054542039, 23.236260545882221 ], [ 77.439238354542027, 23.236150045916542 ], [ 77.439145254542026, 23.236143445918586 ], [ 77.439136054542033, 23.236253945884268 ] ] ] } },
{ "type": "Feature", "properties": { }, "geometry": { "type": "Polygon", "coordinates": [ [ [ 77.434557754542027, 23.229014048132488 ], [ 77.434671154542031, 23.229067648115848 ], [ 77.434701954542035, 23.229012548132953 ], [ 77.434588654542026, 23.2289589481496 ], [ 77.434557754542027, 23.229014048132488 ] ] ] } },
{ "type": "Feature", "properties": { }, "geometry": { "type": "Polygon", "coordinates": [ [ [ 77.440353354542012, 23.235566546097758 ], [ 77.440496854542033, 23.23557764609431 ], [ 77.440504854542027, 23.235490546121358 ], [ 77.440361354542034, 23.23547944612481 ], [ 77.440353354542012, 23.235566546097758 ] ] ] } },
{ "type": "Feature", "properties": { }, "geometry": { "type": "Polygon", "coordinates": [ [ [ 77.434541954542013, 23.233835346635399 ], [ 77.434680154542022, 23.233870446624493 ], [ 77.43471935454204, 23.233740246664933 ], [ 77.43458115454203, 23.233705146675831 ], [ 77.434541954542013, 23.233835346635399 ] ] ] } },
{ "type": "Feature", "properties": { }, "geometry": { "type": "Polygon", "coordinates": [ [ [ 77.438701054542037, 23.235694246058099 ], [ 77.438823254542029, 23.235715846051392 ], [ 77.43884175454204, 23.235628246078598 ], [ 77.438719454542024, 23.235606546085332 ], [ 77.438701054542037, 23.235694246058099 ] ] ] } },
{ "type": "Feature", "properties": { }, "geometry": { "type": "Polygon", "coordinates": [ [ [ 77.438281654542024, 23.237772345412676 ], [ 77.438440654542035, 23.237803745402925 ], [ 77.438470354542034, 23.237676845442333 ], [ 77.438311454542031, 23.237645445452095 ], [ 77.438281654542024, 23.237772345412676 ] ] ] } },
{ "type": "Feature", "properties": { }, "geometry": { "type": "Polygon", "coordinates": [ [ [ 77.436958954542035, 23.235483346123601 ], [ 77.437102754542039, 23.23551634611335 ], [ 77.437134554542027, 23.235399246149715 ], [ 77.436990754542038, 23.235366246159963 ], [ 77.436958954542035, 23.235483346123601 ] ] ] } },
{ "type": "Feature", "properties": { }, "geometry": { "type": "Polygon", "coordinates": [ [ [ 77.440343354542037, 23.235657046069651 ], [ 77.440498254542035, 23.235668146066203 ], [ 77.440505354542026, 23.235584046092317 ], [ 77.440350454542013, 23.235572946095772 ], [ 77.440343354542037, 23.235657046069651 ] ] ] } },
{ "type": "Feature", "properties": { }, "geometry": { "type": "Polygon", "coordinates": [ [ [ 77.440213054542028, 23.235421046142946 ], [ 77.440344454542029, 23.235432846139286 ], [ 77.440353354542012, 23.235348346165527 ], [ 77.440221954542039, 23.235336646169159 ], [ 77.440213054542028, 23.235421046142946 ] ] ] } },
{ "type": "Feature", "properties": { }, "geometry": { "type": "Polygon", "coordinates": [ [ [ 77.439353454542029, 23.236292045872439 ], [ 77.439467754542022, 23.236299845870015 ], [ 77.439479654542026, 23.236152345915833 ], [ 77.439365354542019, 23.236144545918251 ], [ 77.439353454542029, 23.236292045872439 ] ] ] } },
{ "type": "Feature", "properties": { }, "geometry": { "type": "Polygon", "coordinates": [ [ [ 77.43865425454203, 23.235045746259509 ], [ 77.438639454542027, 23.235161346223606 ], [ 77.438788454542035, 23.2351774462186 ], [ 77.438803254542037, 23.235061846254499 ], [ 77.43865425454203, 23.235045746259509 ] ] ] } },
{ "type": "Feature", "properties": { }, "geometry": { "type": "Polygon", "coordinates": [ [ [ 77.437781154542037, 23.235070446251829 ], [ 77.437757754542034, 23.235177746218511 ], [ 77.438072954542037, 23.235235646200522 ], [ 77.438096254542018, 23.235128446233816 ], [ 77.437781154542037, 23.235070446251829 ] ] ] } },
{ "type": "Feature", "properties": { }, "geometry": { "type": "Polygon", "coordinates": [ [ [ 77.438721954542032, 23.235599146087637 ], [ 77.438848654542028, 23.235621946080556 ], [ 77.438866354542029, 23.235539046106297 ], [ 77.438739554542039, 23.235516246113381 ], [ 77.438721954542032, 23.235599146087637 ] ] ] } },
{ "type": "Feature", "properties": { }, "geometry": { "type": "Polygon", "coordinates": [ [ [ 77.438333054542028, 23.236654145759978 ], [ 77.438495854542026, 23.236674345753698 ], [ 77.438512254542019, 23.236562245788527 ], [ 77.438349454542035, 23.236542145794758 ], [ 77.438333054542028, 23.236654145759978 ] ] ] } },
{ "type": "Feature", "properties": { }, "geometry": { "type": "Polygon", "coordinates": [ [ [ 77.437941954542026, 23.234327846482447 ], [ 77.437924054542037, 23.234430246450653 ], [ 77.438216654542032, 23.234473346437262 ], [ 77.438234554542035, 23.234370946469067 ], [ 77.437941954542026, 23.234327846482447 ] ] ] } },
{ "type": "Feature", "properties": { }, "geometry": { "type": "Polygon", "coordinates": [ [ [ 77.436783054542033, 23.237036045641364 ], [ 77.436901354542016, 23.237064345632579 ], [ 77.436920054542028, 23.236998445653043 ], [ 77.436801754542032, 23.23697004566186 ], [ 77.436783054542033, 23.237036045641364 ] ] ] } },
{ "type": "Feature", "properties": { }, "geometry": { "type": "Polygon", "coordinates": [ [ [ 77.439561354542036, 23.236664545756746 ], [ 77.43970395454204, 23.23667824575249 ], [ 77.439713554542038, 23.236594345778549 ], [ 77.439570954542035, 23.236580545782832 ], [ 77.439561354542036, 23.236664545756746 ] ] ] } },
{ "type": "Feature", "properties": { }, "geometry": { "type": "Polygon", "coordinates": [ [ [ 77.433312654542021, 23.232658147000961 ], [ 77.43348365454203, 23.232548447035025 ], [ 77.433370354542021, 23.232399347081326 ], [ 77.433229554542038, 23.232478247056822 ], [ 77.433312654542021, 23.232658147000961 ] ] ] } },
{ "type": "Feature", "properties": { }, "geometry": { "type": "Polygon", "coordinates": [ [ [ 77.436745454542034, 23.237184245595337 ], [ 77.436887254542029, 23.237221845583658 ], [ 77.436909454542032, 23.237151245605588 ], [ 77.436767654542038, 23.23711364561726 ], [ 77.436745454542034, 23.237184245595337 ] ] ] } },
{ "type": "Feature", "properties": { }, "geometry": { "type": "Polygon", "coordinates": [ [ [ 77.439526354542039, 23.236782745720035 ], [ 77.439675754542037, 23.236797445715467 ], [ 77.439687254542036, 23.236699145745998 ], [ 77.43953775454203, 23.236684445750566 ], [ 77.439526354542039, 23.236782745720035 ] ] ] } },
{ "type": "Feature", "properties": { }, "geometry": { "type": "Polygon", "coordinates": [ [ [ 77.439522354542035, 23.235049346258382 ], [ 77.439641954542026, 23.23505524625655 ], [ 77.439649354542027, 23.234927646296175 ], [ 77.439529754542036, 23.234921846297983 ], [ 77.439522354542035, 23.235049346258382 ] ] ] } },
{ "type": "Feature", "properties": { }, "geometry": { "type": "Polygon", "coordinates": [ [ [ 77.438600554542035, 23.235401846148907 ], [ 77.438750154542035, 23.235421146142912 ], [ 77.438766254542031, 23.235315746175647 ], [ 77.438616654542031, 23.235296546181608 ], [ 77.438600554542035, 23.235401846148907 ] ] ] } },
{ "type": "Feature", "properties": { }, "geometry": { "type": "Polygon", "coordinates": [ [ [ 77.439683754542031, 23.236792345717056 ], [ 77.439846254542033, 23.236807945712211 ], [ 77.439858754542016, 23.236696845746714 ], [ 77.439696354542036, 23.236681345751528 ], [ 77.439683754542031, 23.236792345717056 ] ] ] } },
{ "type": "Feature", "properties": { }, "geometry": { "type": "Polygon", "coordinates": [ [ [ 77.440375354542013, 23.235444546135646 ], [ 77.440498754542048, 23.235453746132794 ], [ 77.440507254542027, 23.235357746162602 ], [ 77.44038385454202, 23.235348446165496 ], [ 77.440375354542013, 23.235444546135646 ] ] ] } },
{ "type": "Feature", "properties": { }, "geometry": { "type": "Polygon", "coordinates": [ [ [ 77.436777754542035, 23.23710924561863 ], [ 77.436884754542035, 23.237133445611114 ], [ 77.436900754542023, 23.237073445629747 ], [ 77.436793854542017, 23.237049245637269 ], [ 77.436777754542035, 23.23710924561863 ] ] ] } },
{ "type": "Feature", "properties": { }, "geometry": { "type": "Polygon", "coordinates": [ [ [ 77.44066565454203, 23.235464846129339 ], [ 77.440788354542036, 23.235476546125707 ], [ 77.440805654542032, 23.235323446173258 ], [ 77.440682954542027, 23.235311746176894 ], [ 77.44066565454203, 23.235464846129339 ] ] ] } },
{ "type": "Feature", "properties": { }, "geometry": { "type": "Polygon", "coordinates": [ [ [ 77.437897154542014, 23.234585046402575 ], [ 77.438166954542027, 23.234628546389061 ], [ 77.438183154542031, 23.234543546415463 ], [ 77.437913354542033, 23.23450004642897 ], [ 77.437897154542014, 23.234585046402575 ] ] ] } },
{ "type": "Feature", "properties": { }, "geometry": { "type": "Polygon", "coordinates": [ [ [ 77.438244254542028, 23.237882345378509 ], [ 77.438224354542029, 23.237967545352046 ], [ 77.438389254542031, 23.238000045341952 ], [ 77.438409154542029, 23.237914845368415 ], [ 77.438244254542028, 23.237882345378509 ] ] ] } },
{ "type": "Feature", "properties": { }, "geometry": { "type": "Polygon", "coordinates": [ [ [ 77.440850054542025, 23.235296646181578 ], [ 77.440993754542021, 23.235304346179188 ], [ 77.441000354542027, 23.235201146211242 ], [ 77.440856654542031, 23.235193346213666 ], [ 77.440850054542025, 23.235296646181578 ] ] ] } },
{ "type": "Feature", "properties": { }, "geometry": { "type": "Polygon", "coordinates": [ [ [ 77.440944954542019, 23.233922046608473 ], [ 77.44116075454204, 23.233916946610055 ], [ 77.441155454542027, 23.233729546668254 ], [ 77.440939754542029, 23.233734646666676 ], [ 77.440944954542019, 23.233922046608473 ] ] ] } },
{ "type": "Feature", "properties": { }, "geometry": { "type": "Polygon", "coordinates": [ [ [ 77.438878654542037, 23.235006346271739 ], [ 77.438997154542037, 23.23501384626941 ], [ 77.439006954542037, 23.234884546309559 ], [ 77.438888454542024, 23.234876946311921 ], [ 77.438878654542037, 23.235006346271739 ] ] ] } },
{ "type": "Feature", "properties": { }, "geometry": { "type": "Polygon", "coordinates": [ [ [ 77.43820895454202, 23.237191345593136 ], [ 77.438373854542036, 23.237223645583096 ], [ 77.438398654542027, 23.237117145616175 ], [ 77.438233654542017, 23.237084745626237 ], [ 77.43820895454202, 23.237191345593136 ] ] ] } },
{ "type": "Feature", "properties": { }, "geometry": { "type": "Polygon", "coordinates": [ [ [ 77.433433854542031, 23.229303848042509 ], [ 77.433552854542029, 23.229402648011828 ], [ 77.433623154542033, 23.229331048034066 ], [ 77.433504154542035, 23.229232348064709 ], [ 77.433433854542031, 23.229303848042509 ] ] ] } },
{ "type": "Feature", "properties": { }, "geometry": { "type": "Polygon", "coordinates": [ [ [ 77.44081055454204, 23.235509246115555 ], [ 77.440945954542016, 23.235517846112884 ], [ 77.440954454542023, 23.235405746147698 ], [ 77.440818954542024, 23.235397146150369 ], [ 77.44081055454204, 23.235509246115555 ] ] ] } },
{ "type": "Feature", "properties": { }, "geometry": { "type": "Polygon", "coordinates": [ [ [ 77.432712054542023, 23.234101246552822 ], [ 77.432859654542028, 23.234281846496739 ], [ 77.432977654542015, 23.234200346522048 ], [ 77.432757754542024, 23.234051246568349 ], [ 77.432712054542023, 23.234101246552822 ] ] ] } },
{ "type": "Feature", "properties": { }, "geometry": { "type": "Polygon", "coordinates": [ [ [ 77.438461454542036, 23.236888145687303 ], [ 77.438640454542039, 23.236912245679818 ], [ 77.438657554542033, 23.236804345713331 ], [ 77.43847855454203, 23.236780345720781 ], [ 77.438461454542036, 23.236888145687303 ] ] ] } },
{ "type": "Feature", "properties": { }, "geometry": { "type": "Polygon", "coordinates": [ [ [ 77.438256454542028, 23.237878245379783 ], [ 77.438406054542028, 23.237907545370682 ], [ 77.438428654542022, 23.237810145400932 ], [ 77.438279154542016, 23.237780845410036 ], [ 77.438256454542028, 23.237878245379783 ] ] ] } },
{ "type": "Feature", "properties": { }, "geometry": { "type": "Polygon", "coordinates": [ [ [ 77.434223554542029, 23.234389046463441 ], [ 77.434290754542019, 23.234399346460243 ], [ 77.434316954542027, 23.234255746504839 ], [ 77.434249654542029, 23.234245446508037 ], [ 77.434223554542029, 23.234389046463441 ] ] ] } },
{ "type": "Feature", "properties": { }, "geometry": { "type": "Polygon", "coordinates": [ [ [ 77.439660954542035, 23.234360246472384 ], [ 77.439789654542039, 23.234336346479807 ], [ 77.439756954542034, 23.234187046526181 ], [ 77.439628254542029, 23.234210846518788 ], [ 77.439660954542035, 23.234360246472384 ] ] ] } },
{ "type": "Feature", "properties": { }, "geometry": { "type": "Polygon", "coordinates": [ [ [ 77.437295654542027, 23.234151746537144 ], [ 77.43727285454203, 23.234238646510153 ], [ 77.437406254542012, 23.234268246500957 ], [ 77.437429054542037, 23.234181346527944 ], [ 77.437295654542027, 23.234151746537144 ] ] ] } },
{ "type": "Feature", "properties": { }, "geometry": { "type": "Polygon", "coordinates": [ [ [ 77.441183054542037, 23.234167846532142 ], [ 77.441172554542035, 23.234389946463164 ], [ 77.441366354542026, 23.234447846445189 ], [ 77.441378854542052, 23.234168446531957 ], [ 77.441183054542037, 23.234167846532142 ] ] ] } },
{ "type": "Feature", "properties": { }, "geometry": { "type": "Polygon", "coordinates": [ [ [ 77.434728954542038, 23.233873246623624 ], [ 77.434889754542027, 23.233908846612575 ], [ 77.434928454542018, 23.233761246658407 ], [ 77.434767654542028, 23.233725646669463 ], [ 77.434728954542038, 23.233873246623624 ] ] ] } },
{ "type": "Feature", "properties": { }, "geometry": { "type": "Polygon", "coordinates": [ [ [ 77.438073454542021, 23.235808046022758 ], [ 77.438180754542032, 23.235820346018937 ], [ 77.438194354542034, 23.235720846049833 ], [ 77.438087054542024, 23.235708546053658 ], [ 77.438073454542021, 23.235808046022758 ] ] ] } },
{ "type": "Feature", "properties": { }, "geometry": { "type": "Polygon", "coordinates": [ [ [ 77.439591154542029, 23.236249945885515 ], [ 77.439743354542031, 23.236263545881297 ], [ 77.439753854542033, 23.236163645912317 ], [ 77.439601654542031, 23.236150045916542 ], [ 77.439591154542029, 23.236249945885515 ] ] ] } },
{ "type": "Feature", "properties": { }, "geometry": { "type": "Polygon", "coordinates": [ [ [ 77.438538354542032, 23.236558745789612 ], [ 77.438698854542025, 23.236574845784606 ], [ 77.438712954542027, 23.236455845821563 ], [ 77.438552454542034, 23.236439845826531 ], [ 77.438538354542032, 23.236558745789612 ] ] ] } },
{ "type": "Feature", "properties": { }, "geometry": { "type": "Polygon", "coordinates": [ [ [ 77.436681054542021, 23.236937445671987 ], [ 77.436807854542039, 23.236959645665092 ], [ 77.436824654542036, 23.236878445690316 ], [ 77.436697954542026, 23.236856245697208 ], [ 77.436681054542021, 23.236937445671987 ] ] ] } },
{ "type": "Feature", "properties": { }, "geometry": { "type": "Polygon", "coordinates": [ [ [ 77.439557254542038, 23.236572045785472 ], [ 77.439714754542038, 23.236584345781662 ], [ 77.439727054542033, 23.23645184582281 ], [ 77.439569554542032, 23.236439545826627 ], [ 77.439557254542038, 23.236572045785472 ] ] ] } },
{ "type": "Feature", "properties": { }, "geometry": { "type": "Polygon", "coordinates": [ [ [ 77.437601154542037, 23.237018045646955 ], [ 77.437700354542017, 23.237024245645028 ], [ 77.437710554542036, 23.236886845687707 ], [ 77.437611354542014, 23.236880645689631 ], [ 77.437601154542037, 23.237018045646955 ] ] ] } },
{ "type": "Feature", "properties": { }, "geometry": { "type": "Polygon", "coordinates": [ [ [ 77.439936954542034, 23.235061846254499 ], [ 77.440071754542032, 23.235068646252394 ], [ 77.440078354542038, 23.234957646286862 ], [ 77.439943554542026, 23.234950846288971 ], [ 77.439936954542034, 23.235061846254499 ] ] ] } },
{ "type": "Feature", "properties": { }, "geometry": { "type": "Polygon", "coordinates": [ [ [ 77.438104354542034, 23.237744345421369 ], [ 77.438256554542022, 23.23777024541333 ], [ 77.43827995454204, 23.237653845449483 ], [ 77.438127754542037, 23.237628045457498 ], [ 77.438104354542034, 23.237744345421369 ] ] ] } },
{ "type": "Feature", "properties": { }, "geometry": { "type": "Polygon", "coordinates": [ [ [ 77.432761754542028, 23.232833146946618 ], [ 77.432881054542023, 23.23279924695715 ], [ 77.432817654542021, 23.232610747015684 ], [ 77.432698354542026, 23.232644647005156 ], [ 77.432761754542028, 23.232833146946618 ] ] ] } },
{ "type": "Feature", "properties": { }, "geometry": { "type": "Polygon", "coordinates": [ [ [ 77.438497654542019, 23.236747645730937 ], [ 77.438638754542026, 23.236764045725849 ], [ 77.438650254542026, 23.236680445751809 ], [ 77.438509054542038, 23.2366640457569 ], [ 77.438497654542019, 23.236747645730937 ] ] ] } },
{ "type": "Feature", "properties": { }, "geometry": { "type": "Polygon", "coordinates": [ [ [ 77.439505654542032, 23.235053046257232 ], [ 77.439519054542032, 23.234911946301054 ], [ 77.439400354542016, 23.234902446304005 ], [ 77.43938695454203, 23.235043546260179 ], [ 77.439505654542032, 23.235053046257232 ] ] ] } },
{ "type": "Feature", "properties": { }, "geometry": { "type": "Polygon", "coordinates": [ [ [ 77.438644954542028, 23.236062645943679 ], [ 77.438735454542012, 23.236066345942536 ], [ 77.438741054542021, 23.235950545978501 ], [ 77.438650554542036, 23.235946845979644 ], [ 77.438644954542028, 23.236062645943679 ] ] ] } },
{ "type": "Feature", "properties": { }, "geometry": { "type": "Polygon", "coordinates": [ [ [ 77.434299254542026, 23.234406846457919 ], [ 77.434368254542036, 23.234417946454467 ], [ 77.43439565454203, 23.234273146499437 ], [ 77.434326754542028, 23.234262046502884 ], [ 77.434299254542026, 23.234406846457919 ] ] ] } },
{ "type": "Feature", "properties": { }, "geometry": { "type": "Polygon", "coordinates": [ [ [ 77.432984254542035, 23.228933748157413 ], [ 77.433070154542023, 23.22898494814152 ], [ 77.433116854542035, 23.228918848162046 ], [ 77.433030954542019, 23.228867648177939 ], [ 77.432984254542035, 23.228933748157413 ] ] ] } },
{ "type": "Feature", "properties": { }, "geometry": { "type": "Polygon", "coordinates": [ [ [ 77.440229154542038, 23.235201746211057 ], [ 77.440387354542025, 23.235217146206267 ], [ 77.440397854542027, 23.23512634623447 ], [ 77.440239654542012, 23.235110946239256 ], [ 77.440229154542038, 23.235201746211057 ] ] ] } },
{ "type": "Feature", "properties": { }, "geometry": { "type": "Polygon", "coordinates": [ [ [ 77.432432454542038, 23.234396446461147 ], [ 77.43256855454203, 23.234395146461551 ], [ 77.432554554542037, 23.234158446535062 ], [ 77.432461954542035, 23.234149846537726 ], [ 77.432432454542038, 23.234396446461147 ] ] ] } },
{ "type": "Feature", "properties": { }, "geometry": { "type": "Polygon", "coordinates": [ [ [ 77.439528054542038, 23.235198846211954 ], [ 77.439634654542033, 23.235203146210623 ], [ 77.43963965454202, 23.235098946242978 ], [ 77.439533054542039, 23.235094646244317 ], [ 77.439528054542038, 23.235198846211954 ] ] ] } },
{ "type": "Feature", "properties": { }, "geometry": { "type": "Polygon", "coordinates": [ [ [ 77.433137854542025, 23.229940547844816 ], [ 77.433272654542037, 23.230044647812495 ], [ 77.433343754542037, 23.229966947836619 ], [ 77.433208954542039, 23.22986284786894 ], [ 77.433137854542025, 23.229940547844816 ] ] ] } },
{ "type": "Feature", "properties": { }, "geometry": { "type": "Polygon", "coordinates": [ [ [ 77.436651854542035, 23.236989345655875 ], [ 77.436634854542035, 23.237048945637355 ], [ 77.43675845454203, 23.237078745628104 ], [ 77.43677545454203, 23.237019145646617 ], [ 77.436651854542035, 23.236989345655875 ] ] ] } },
{ "type": "Feature", "properties": { }, "geometry": { "type": "Polygon", "coordinates": [ [ [ 77.437336554542028, 23.234385946464407 ], [ 77.437449254542031, 23.234402546459251 ], [ 77.437463654542029, 23.234319746484967 ], [ 77.437351054542034, 23.234303146490117 ], [ 77.437336554542028, 23.234385946464407 ] ] ] } },
{ "type": "Feature", "properties": { }, "geometry": { "type": "Polygon", "coordinates": [ [ [ 77.438428854542039, 23.236201145900672 ], [ 77.438537554542037, 23.236207345898741 ], [ 77.438545454542023, 23.23608854593564 ], [ 77.438436854542033, 23.236082345937568 ], [ 77.438428854542039, 23.236201145900672 ] ] ] } },
{ "type": "Feature", "properties": { }, "geometry": { "type": "Polygon", "coordinates": [ [ [ 77.43812915454204, 23.237618045460604 ], [ 77.438281354542028, 23.237645745452006 ], [ 77.438301354542034, 23.237552945480818 ], [ 77.438149154542032, 23.237525145489453 ], [ 77.43812915454204, 23.237618045460604 ] ] ] } },
{ "type": "Feature", "properties": { }, "geometry": { "type": "Polygon", "coordinates": [ [ [ 77.43289345454204, 23.232797446957708 ], [ 77.432981854542035, 23.232769046966524 ], [ 77.432908454542016, 23.232576647026271 ], [ 77.432820054542034, 23.23260514701742 ], [ 77.43289345454204, 23.232797446957708 ] ] ] } },
{ "type": "Feature", "properties": { }, "geometry": { "type": "Polygon", "coordinates": [ [ [ 77.438953254542028, 23.233575046716233 ], [ 77.43910545454203, 23.233594146710303 ], [ 77.439130454542024, 23.233426146762469 ], [ 77.438978254542022, 23.233407046768402 ], [ 77.438953254542028, 23.233575046716233 ] ] ] } },
{ "type": "Feature", "properties": { }, "geometry": { "type": "Polygon", "coordinates": [ [ [ 77.440398754542031, 23.235226346203412 ], [ 77.440547854542032, 23.23524194619857 ], [ 77.440558354542034, 23.235156846224999 ], [ 77.440409354542027, 23.235141246229837 ], [ 77.440398754542031, 23.235226346203412 ] ] ] } },
{ "type": "Feature", "properties": { }, "geometry": { "type": "Polygon", "coordinates": [ [ [ 77.438822454542034, 23.235155546225407 ], [ 77.43888675454204, 23.235161946223414 ], [ 77.438903554542023, 23.235020846267233 ], [ 77.438839254542017, 23.235014446269222 ], [ 77.438822454542034, 23.235155546225407 ] ] ] } },
{ "type": "Feature", "properties": { }, "geometry": { "type": "Polygon", "coordinates": [ [ [ 77.440795054542022, 23.235617046082073 ], [ 77.440925154542015, 23.235627546078813 ], [ 77.440934354542037, 23.235531046108783 ], [ 77.44080425454203, 23.235520546112046 ], [ 77.440795054542022, 23.235617046082073 ] ] ] } },
{ "type": "Feature", "properties": { }, "geometry": { "type": "Polygon", "coordinates": [ [ [ 77.433198954542036, 23.229564047961716 ], [ 77.433145654542031, 23.229619847944395 ], [ 77.433269754542039, 23.229719647913409 ], [ 77.433322954542035, 23.229663847930734 ], [ 77.433198954542036, 23.229564047961716 ] ] ] } },
{ "type": "Feature", "properties": { }, "geometry": { "type": "Polygon", "coordinates": [ [ [ 77.438562154542026, 23.236062645943679 ], [ 77.438636654542023, 23.236066245942567 ], [ 77.43864395454203, 23.235937445982568 ], [ 77.438569554542028, 23.235933845983688 ], [ 77.438562154542026, 23.236062645943679 ] ] ] } },
{ "type": "Feature", "properties": { }, "geometry": { "type": "Polygon", "coordinates": [ [ [ 77.437307754542033, 23.234470046438297 ], [ 77.437327154542032, 23.234366846470341 ], [ 77.437255454542026, 23.234355446473881 ], [ 77.437235954542018, 23.23445864644183 ], [ 77.437307754542033, 23.234470046438297 ] ] ] } },
{ "type": "Feature", "properties": { }, "geometry": { "type": "Polygon", "coordinates": [ [ [ 77.432883754542019, 23.229906647855337 ], [ 77.433031954542031, 23.230047747811529 ], [ 77.433106954542012, 23.229981247832178 ], [ 77.432958754542028, 23.229840047876017 ], [ 77.432883754542019, 23.229906647855337 ] ] ] } },
{ "type": "Feature", "properties": { }, "geometry": { "type": "Polygon", "coordinates": [ [ [ 77.437811954542028, 23.237358945541072 ], [ 77.437921954542034, 23.237379245534768 ], [ 77.437936554542034, 23.237312345555544 ], [ 77.437826654542036, 23.237292045561851 ], [ 77.437811954542028, 23.237358945541072 ] ] ] } },
{ "type": "Feature", "properties": { }, "geometry": { "type": "Polygon", "coordinates": [ [ [ 77.438677654542033, 23.235806146023346 ], [ 77.438803054542021, 23.235825946017197 ], [ 77.438822454542034, 23.235721546049618 ], [ 77.438697054542033, 23.235701746055767 ], [ 77.438677654542033, 23.235806146023346 ] ] ] } },
{ "type": "Feature", "properties": { }, "geometry": { "type": "Polygon", "coordinates": [ [ [ 77.440786354542013, 23.235731646046485 ], [ 77.440919854542031, 23.235742146043226 ], [ 77.440929454542029, 23.235638246075492 ], [ 77.44079605454202, 23.235627746078748 ], [ 77.440786354542013, 23.235731646046485 ] ] ] } },
{ "type": "Feature", "properties": { }, "geometry": { "type": "Polygon", "coordinates": [ [ [ 77.436682754542034, 23.23744884551315 ], [ 77.436805454542025, 23.237474745505111 ], [ 77.436825154542035, 23.237395845529619 ], [ 77.436702454542015, 23.237369945537662 ], [ 77.436682754542034, 23.23744884551315 ] ] ] } },
{ "type": "Feature", "properties": { }, "geometry": { "type": "Polygon", "coordinates": [ [ [ 77.433122754542026, 23.229640147938095 ], [ 77.433046154542012, 23.229720747913067 ], [ 77.433193754542032, 23.229839047876332 ], [ 77.433270354542032, 23.229758447901357 ], [ 77.433122754542026, 23.229640147938095 ] ] ] } },
{ "type": "Feature", "properties": { }, "geometry": { "type": "Polygon", "coordinates": [ [ [ 77.433232754542018, 23.229872447865965 ], [ 77.433375554542039, 23.229981347832155 ], [ 77.43344495454204, 23.229904447856025 ], [ 77.433302154542019, 23.229795647889809 ], [ 77.433232754542018, 23.229872447865965 ] ] ] } },
{ "type": "Feature", "properties": { }, "geometry": { "type": "Polygon", "coordinates": [ [ [ 77.437431754542033, 23.234603446396861 ], [ 77.437508354542032, 23.234615546393108 ], [ 77.437528454542033, 23.234508346426402 ], [ 77.437451854542033, 23.234496246430155 ], [ 77.437431754542033, 23.234603446396861 ] ] ] } },
{ "type": "Feature", "properties": { }, "geometry": { "type": "Polygon", "coordinates": [ [ [ 77.439443554542038, 23.235210846208226 ], [ 77.439517954542012, 23.235214846206983 ], [ 77.439526254542031, 23.235082646248042 ], [ 77.439451954542037, 23.235078646249285 ], [ 77.439443554542038, 23.235210846208226 ] ] ] } },
{ "type": "Feature", "properties": { }, "geometry": { "type": "Polygon", "coordinates": [ [ [ 77.438321954542033, 23.237634645455444 ], [ 77.43845335454202, 23.237655545448948 ], [ 77.43846635454203, 23.237586745470328 ], [ 77.438334954542029, 23.237565845476816 ], [ 77.438321954542033, 23.237634645455444 ] ] ] } },
{ "type": "Feature", "properties": { }, "geometry": { "type": "Polygon", "coordinates": [ [ [ 77.437441554542033, 23.234184546526947 ], [ 77.437418254542024, 23.234266946501364 ], [ 77.437547554542022, 23.234297846491767 ], [ 77.437570854542031, 23.234215446517354 ], [ 77.437441554542033, 23.234184546526947 ] ] ] } },
{ "type": "Feature", "properties": { }, "geometry": { "type": "Polygon", "coordinates": [ [ [ 77.43670795454203, 23.23735704554166 ], [ 77.436830654542035, 23.237389445531601 ], [ 77.436850554542033, 23.237325645551426 ], [ 77.436727854542028, 23.237293245561482 ], [ 77.43670795454203, 23.23735704554166 ] ] ] } },
{ "type": "Feature", "properties": { }, "geometry": { "type": "Polygon", "coordinates": [ [ [ 77.438185354542028, 23.235561246099401 ], [ 77.438173654542027, 23.235685846060708 ], [ 77.438295254542027, 23.235695546057698 ], [ 77.438306954542014, 23.235570946096392 ], [ 77.438185354542028, 23.235561246099401 ] ] ] } },
{ "type": "Feature", "properties": { }, "geometry": { "type": "Polygon", "coordinates": [ [ [ 77.437581454542027, 23.234514646424437 ], [ 77.437712754542034, 23.234541146416209 ], [ 77.437740654542011, 23.234424946452293 ], [ 77.437609354542033, 23.234398346460555 ], [ 77.437581454542027, 23.234514646424437 ] ] ] } },
{ "type": "Feature", "properties": { }, "geometry": { "type": "Polygon", "coordinates": [ [ [ 77.434013254542037, 23.234395446461459 ], [ 77.434119754542039, 23.234413646455803 ], [ 77.434158554542037, 23.23422074651571 ], [ 77.43405215454203, 23.234202646521332 ], [ 77.434013254542037, 23.234395446461459 ] ] ] } },
{ "type": "Feature", "properties": { }, "geometry": { "type": "Polygon", "coordinates": [ [ [ 77.436590854542018, 23.237223745583069 ], [ 77.436707254542029, 23.237251345574496 ], [ 77.436726054542035, 23.237184445595272 ], [ 77.436609554542031, 23.237156945603818 ], [ 77.436590854542018, 23.237223745583069 ] ] ] } },
{ "type": "Feature", "properties": { }, "geometry": { "type": "Polygon", "coordinates": [ [ [ 77.436687154542028, 23.236839445702426 ], [ 77.436815154542032, 23.236863245695041 ], [ 77.436832454542028, 23.236784345719542 ], [ 77.436704454542038, 23.236760645726896 ], [ 77.436687154542028, 23.236839445702426 ] ] ] } },
{ "type": "Feature", "properties": { }, "geometry": { "type": "Polygon", "coordinates": [ [ [ 77.437528954542032, 23.236721845738955 ], [ 77.437609054542037, 23.236733745735258 ], [ 77.437648654542031, 23.236509445804913 ], [ 77.43756855454204, 23.236497545808618 ], [ 77.437528954542032, 23.236721845738955 ] ] ] } },
{ "type": "Feature", "properties": { }, "geometry": { "type": "Polygon", "coordinates": [ [ [ 77.438189454542027, 23.2372748455672 ], [ 77.43834905454203, 23.237305645557626 ], [ 77.438367054542027, 23.237227145582011 ], [ 77.438207454542038, 23.237196345591578 ], [ 77.438189454542027, 23.2372748455672 ] ] ] } },
{ "type": "Feature", "properties": { }, "geometry": { "type": "Polygon", "coordinates": [ [ [ 77.437451854542033, 23.234491946431497 ], [ 77.437533754542031, 23.234503846427792 ], [ 77.437551854542022, 23.234398746460435 ], [ 77.437469954542053, 23.23438674646416 ], [ 77.437451854542033, 23.234491946431497 ] ] ] } },
{ "type": "Feature", "properties": { }, "geometry": { "type": "Polygon", "coordinates": [ [ [ 77.439370554542037, 23.236135045921198 ], [ 77.439490354542016, 23.236141945919048 ], [ 77.439500154542031, 23.235998145963716 ], [ 77.43938025454203, 23.23599124596586 ], [ 77.439370554542037, 23.236135045921198 ] ] ] } },
{ "type": "Feature", "properties": { }, "geometry": { "type": "Polygon", "coordinates": [ [ [ 77.438325254542036, 23.23755884547899 ], [ 77.438471154542029, 23.237584145471125 ], [ 77.438483954542036, 23.237521745490511 ], [ 77.438338054542015, 23.237496545498338 ], [ 77.438325254542036, 23.23755884547899 ] ] ] } },
{ "type": "Feature", "properties": { }, "geometry": { "type": "Polygon", "coordinates": [ [ [ 77.43850625454202, 23.236652445760505 ], [ 77.438660254542029, 23.23667534575339 ], [ 77.438675354542028, 23.236589145780169 ], [ 77.438521454542027, 23.236566345787246 ], [ 77.43850625454202, 23.236652445760505 ] ] ] } },
{ "type": "Feature", "properties": { }, "geometry": { "type": "Polygon", "coordinates": [ [ [ 77.439246754542026, 23.235033346263354 ], [ 77.439372154542028, 23.235041946260679 ], [ 77.439383654542027, 23.234901146304409 ], [ 77.43925825454204, 23.234892546307083 ], [ 77.439246754542026, 23.235033346263354 ] ] ] } },
{ "type": "Feature", "properties": { }, "geometry": { "type": "Polygon", "coordinates": [ [ [ 77.437529654542033, 23.235247346196889 ], [ 77.437564554542035, 23.235099446242824 ], [ 77.437437754542017, 23.235074246250644 ], [ 77.437402854542029, 23.235222046204751 ], [ 77.437529654542033, 23.235247346196889 ] ] ] } },
{ "type": "Feature", "properties": { }, "geometry": { "type": "Polygon", "coordinates": [ [ [ 77.433290154542036, 23.229774147896482 ], [ 77.433451754542034, 23.22989864785783 ], [ 77.433523054542036, 23.229820447882105 ], [ 77.433361454542037, 23.22969594792076 ], [ 77.433290154542036, 23.229774147896482 ] ] ] } },
{ "type": "Feature", "properties": { }, "geometry": { "type": "Polygon", "coordinates": [ [ [ 77.439279354542037, 23.236125645924119 ], [ 77.439358454542031, 23.236130545922599 ], [ 77.439367854542027, 23.236002445962381 ], [ 77.43928865454204, 23.235997545963901 ], [ 77.439279354542037, 23.236125645924119 ] ] ] } },
{ "type": "Feature", "properties": { }, "geometry": { "type": "Polygon", "coordinates": [ [ [ 77.433357454542033, 23.229402248011951 ], [ 77.433491654542024, 23.229511947977894 ], [ 77.433568054542022, 23.229433048002392 ], [ 77.433433954542025, 23.229323348036456 ], [ 77.433357454542033, 23.229402248011951 ] ] ] } },
{ "type": "Feature", "properties": { }, "geometry": { "type": "Polygon", "coordinates": [ [ [ 77.438654154542022, 23.236239345888809 ], [ 77.438769354542032, 23.236245745886823 ], [ 77.438778154542035, 23.236111945928371 ], [ 77.438662954542039, 23.23610564593033 ], [ 77.438654154542022, 23.236239345888809 ] ] ] } },
{ "type": "Feature", "properties": { }, "geometry": { "type": "Polygon", "coordinates": [ [ [ 77.438380254542039, 23.237291745561944 ], [ 77.438537854542034, 23.237314545554867 ], [ 77.438548754542026, 23.23725084557465 ], [ 77.438391154542032, 23.237228045581737 ], [ 77.438380254542039, 23.237291745561944 ] ] ] } },
{ "type": "Feature", "properties": { }, "geometry": { "type": "Polygon", "coordinates": [ [ [ 77.438152654542037, 23.237516345492189 ], [ 77.43830285454203, 23.237542245484143 ], [ 77.438319754542036, 23.237459345509894 ], [ 77.438169554542029, 23.237433445517933 ], [ 77.438152654542037, 23.237516345492189 ] ] ] } },
{ "type": "Feature", "properties": { }, "geometry": { "type": "Polygon", "coordinates": [ [ [ 77.439112654542029, 23.235037046262203 ], [ 77.439240054542026, 23.235045046259717 ], [ 77.43925075454203, 23.23490184630419 ], [ 77.439123354542033, 23.234893846306683 ], [ 77.439112654542029, 23.235037046262203 ] ] ] } },
{ "type": "Feature", "properties": { }, "geometry": { "type": "Polygon", "coordinates": [ [ [ 77.433042854542038, 23.229732147909523 ], [ 77.432973454542037, 23.229809647885464 ], [ 77.433113854542029, 23.229915847852489 ], [ 77.43318325454203, 23.229838347876555 ], [ 77.433042854542038, 23.229732147909523 ] ] ] } },
{ "type": "Feature", "properties": { }, "geometry": { "type": "Polygon", "coordinates": [ [ [ 77.437614854542019, 23.235575146095091 ], [ 77.437736854542038, 23.235595446088787 ], [ 77.43775765454204, 23.23549034612142 ], [ 77.437635554542027, 23.23547004612773 ], [ 77.437614854542019, 23.235575146095091 ] ] ] } },
{ "type": "Feature", "properties": { }, "geometry": { "type": "Polygon", "coordinates": [ [ [ 77.433514154542038, 23.229811047885029 ], [ 77.433590354542034, 23.229728747910574 ], [ 77.433439754542022, 23.229610947947158 ], [ 77.433363554542012, 23.229693347921575 ], [ 77.433514154542038, 23.229811047885029 ] ] ] } },
{ "type": "Feature", "properties": { }, "geometry": { "type": "Polygon", "coordinates": [ [ [ 77.438449854542029, 23.236051545947131 ], [ 77.438559154542034, 23.236054945946076 ], [ 77.438563754542031, 23.235930145984831 ], [ 77.43845445454204, 23.235926745985893 ], [ 77.438449854542029, 23.236051545947131 ] ] ] } },
{ "type": "Feature", "properties": { }, "geometry": { "type": "Polygon", "coordinates": [ [ [ 77.437580554542038, 23.234219646516049 ], [ 77.437560954542022, 23.234299146491363 ], [ 77.437693454542028, 23.23432664648282 ], [ 77.43771305454203, 23.23424724650749 ], [ 77.437580554542038, 23.234219646516049 ] ] ] } },
{ "type": "Feature", "properties": { }, "geometry": { "type": "Polygon", "coordinates": [ [ [ 77.433284454542019, 23.22947704798873 ], [ 77.433406754542034, 23.229573047958926 ], [ 77.433472854542032, 23.229501947980996 ], [ 77.433350654542039, 23.229405848010842 ], [ 77.433284454542019, 23.22947704798873 ] ] ] } },
{ "type": "Feature", "properties": { }, "geometry": { "type": "Polygon", "coordinates": [ [ [ 77.440241854542037, 23.235102946241735 ], [ 77.440398754542031, 23.235117146237329 ], [ 77.440406554542037, 23.235044346259937 ], [ 77.440249654542029, 23.235030146264346 ], [ 77.440241854542037, 23.235102946241735 ] ] ] } },
{ "type": "Feature", "properties": { }, "geometry": { "type": "Polygon", "coordinates": [ [ [ 77.439769354542037, 23.235020246267418 ], [ 77.43991955454203, 23.235026446265497 ], [ 77.439923554542034, 23.234943446291272 ], [ 77.439773354542027, 23.234937246293203 ], [ 77.439769354542037, 23.235020246267418 ] ] ] } },
{ "type": "Feature", "properties": { }, "geometry": { "type": "Polygon", "coordinates": [ [ [ 77.438187654542034, 23.237284645564149 ], [ 77.438159654542034, 23.237420845521847 ], [ 77.43832225454203, 23.237449045513095 ], [ 77.438350154542036, 23.237312745555421 ], [ 77.438187654542034, 23.237284645564149 ] ] ] } },
{ "type": "Feature", "properties": { }, "geometry": { "type": "Polygon", "coordinates": [ [ [ 77.43784685454203, 23.237220945583939 ], [ 77.437963854542033, 23.237235445579433 ], [ 77.437984054542028, 23.23709864562192 ], [ 77.437866954542031, 23.237084145626422 ], [ 77.43784685454203, 23.237220945583939 ] ] ] } },
{ "type": "Feature", "properties": { }, "geometry": { "type": "Polygon", "coordinates": [ [ [ 77.437591354542036, 23.236429745829675 ], [ 77.437826754542016, 23.236464845818773 ], [ 77.437841054542034, 23.236384045843867 ], [ 77.43760565454204, 23.236348945854761 ], [ 77.437591354542036, 23.236429745829675 ] ] ] } },
{ "type": "Feature", "properties": { }, "geometry": { "type": "Polygon", "coordinates": [ [ [ 77.438488554542019, 23.235833346014896 ], [ 77.43863055454203, 23.235855646007973 ], [ 77.43865735454203, 23.235711446052754 ], [ 77.43851535454202, 23.235689146059684 ], [ 77.438488554542019, 23.235833346014896 ] ] ] } },
{ "type": "Feature", "properties": { }, "geometry": { "type": "Polygon", "coordinates": [ [ [ 77.433519054542032, 23.23455164641295 ], [ 77.433524454542038, 23.2345714464068 ], [ 77.433829554542029, 23.234608946395152 ], [ 77.433874154542039, 23.23444084644736 ], [ 77.433650854542037, 23.234400146460004 ], [ 77.433519054542032, 23.23455164641295 ] ] ] } },
{ "type": "Feature", "properties": { }, "geometry": { "type": "Polygon", "coordinates": [ [ [ 77.433741854542035, 23.234279446497478 ], [ 77.433745054542015, 23.234301546490617 ], [ 77.433994654542019, 23.234370046469348 ], [ 77.434041654542028, 23.234193246524249 ], [ 77.43386935454204, 23.234143946539557 ], [ 77.433741854542035, 23.234279446497478 ] ] ] } },
{ "type": "Feature", "properties": { }, "geometry": { "type": "Polygon", "coordinates": [ [ [ 77.429350454542018, 23.227902648477553 ], [ 77.429324554542035, 23.227916748473181 ], [ 77.429313554542034, 23.227899548478518 ], [ 77.429214554542028, 23.227953148461875 ], [ 77.429225554542029, 23.227970248456572 ], [ 77.429202354542028, 23.227982848452651 ], [ 77.429247954542035, 23.228054048430554 ], [ 77.429284254542026, 23.228034448436635 ], [ 77.429291254542036, 23.228045548433183 ], [ 77.429369854542031, 23.228002948446413 ], [ 77.429362854542035, 23.22799194844983 ], [ 77.429396154542019, 23.227973948455418 ], [ 77.429350454542018, 23.227902648477553 ] ] ] } },
{ "type": "Feature", "properties": { }, "geometry": { "type": "Polygon", "coordinates": [ [ [ 77.42955825454203, 23.228371448332002 ], [ 77.429658354542028, 23.228346648339699 ], [ 77.429631354542025, 23.22824254837202 ], [ 77.429708254542035, 23.228244248371499 ], [ 77.429692454542035, 23.228147148401639 ], [ 77.429625354542026, 23.228156348398791 ], [ 77.42963245454203, 23.228199648385342 ], [ 77.429595254542036, 23.228204848383729 ], [ 77.429574854542039, 23.228130948406672 ], [ 77.429476954542039, 23.228137148404745 ], [ 77.42948925454202, 23.228237348373639 ], [ 77.42942205454203, 23.228254648368267 ], [ 77.429439654542037, 23.228338748342157 ], [ 77.429503954542028, 23.228333848343674 ], [ 77.429533054542034, 23.228296548355257 ], [ 77.42955825454203, 23.228371448332002 ] ] ] } },
{ "type": "Feature", "properties": { }, "geometry": { "type": "Polygon", "coordinates": [ [ [ 77.430788454542039, 23.227435048622727 ], [ 77.43079045454202, 23.227454648616646 ], [ 77.430776254542039, 23.22745584861627 ], [ 77.430782454542026, 23.227514448598082 ], [ 77.430847354542038, 23.227508648599876 ], [ 77.430848754542026, 23.227522148595682 ], [ 77.430872854542031, 23.22752004859634 ], [ 77.430870854542036, 23.227501248602174 ], [ 77.430935754542034, 23.227495448603978 ], [ 77.430929454542024, 23.227435948622446 ], [ 77.430914554542014, 23.227437348622015 ], [ 77.430913154542026, 23.227424048626144 ], [ 77.430879554542017, 23.22742694862524 ], [ 77.43088125454203, 23.227443048620245 ], [ 77.430823554542016, 23.227448248618632 ], [ 77.430821854542032, 23.227432148623631 ], [ 77.430788454542039, 23.227435048622727 ] ] ] } },
{ "type": "Feature", "properties": { }, "geometry": { "type": "Polygon", "coordinates": [ [ [ 77.432325954542023, 23.227770448518601 ], [ 77.432366654542037, 23.227899948478392 ], [ 77.432546054542016, 23.227852348493176 ], [ 77.432505254542036, 23.227722748533413 ], [ 77.432325954542023, 23.227770448518601 ] ] ] } },
{ "type": "Feature", "properties": { }, "geometry": { "type": "Polygon", "coordinates": [ [ [ 77.432269054542033, 23.227591648574109 ], [ 77.432464854542033, 23.227579948577748 ], [ 77.432458654542032, 23.227493548604571 ], [ 77.432262854542032, 23.227505248600934 ], [ 77.432269054542033, 23.227591648574109 ] ] ] } },
{ "type": "Feature", "properties": { }, "geometry": { "type": "Polygon", "coordinates": [ [ [ 77.43243475454203, 23.227282648670045 ], [ 77.432469954542029, 23.227409448630674 ], [ 77.432579454542022, 23.227383848638624 ], [ 77.432544254542037, 23.227257048677995 ], [ 77.43243475454203, 23.227282648670045 ] ] ] } },
{ "type": "Feature", "properties": { }, "geometry": { "type": "Polygon", "coordinates": [ [ [ 77.42866995454203, 23.228090748419152 ], [ 77.428830254542035, 23.228133248405964 ], [ 77.42886025454203, 23.228037848435577 ], [ 77.428699954542012, 23.227995348448768 ], [ 77.42866995454203, 23.228090748419152 ] ] ] } },
{ "type": "Feature", "properties": { }, "geometry": { "type": "Polygon", "coordinates": [ [ [ 77.428175154542032, 23.227040148745331 ], [ 77.428276554542038, 23.227088048730462 ], [ 77.428359654542035, 23.226939548776556 ], [ 77.428258254542015, 23.22689164879143 ], [ 77.428175154542032, 23.227040148745331 ] ] ] } },
{ "type": "Feature", "properties": { }, "geometry": { "type": "Polygon", "coordinates": [ [ [ 77.432239754542039, 23.227351748648594 ], [ 77.43226695454203, 23.227472348611148 ], [ 77.432440754542029, 23.227439248621423 ], [ 77.432413554542038, 23.227318648658869 ], [ 77.432239754542039, 23.227351748648594 ] ] ] } },
{ "type": "Feature", "properties": { }, "geometry": { "type": "Polygon", "coordinates": [ [ [ 77.428509054542033, 23.226989048761194 ], [ 77.428466854542037, 23.227140048714322 ], [ 77.42862305454203, 23.227176948702859 ], [ 77.42866525454204, 23.227025948749738 ], [ 77.428509054542033, 23.226989048761194 ] ] ] } },
{ "type": "Feature", "properties": { }, "geometry": { "type": "Polygon", "coordinates": [ [ [ 77.432456054542016, 23.228059348428904 ], [ 77.432522354542016, 23.228153848399565 ], [ 77.432657754542035, 23.228073748424432 ], [ 77.432591554542014, 23.227979248453767 ], [ 77.432456054542016, 23.228059348428904 ] ] ] } },
{ "type": "Feature", "properties": { }, "geometry": { "type": "Polygon", "coordinates": [ [ [ 77.432300754542013, 23.227624048564056 ], [ 77.432328154542034, 23.227719648534372 ], [ 77.432426254542037, 23.227695948541726 ], [ 77.432434554542027, 23.227724848532759 ], [ 77.432471254542037, 23.227716048535484 ], [ 77.432435554542039, 23.227591348574204 ], [ 77.432300754542013, 23.227624048564056 ] ] ] } },
{ "type": "Feature", "properties": { }, "geometry": { "type": "Polygon", "coordinates": [ [ [ 77.432633154542017, 23.227981648453028 ], [ 77.432699154542036, 23.228076648423531 ], [ 77.432803554542033, 23.228015348442561 ], [ 77.432781954542037, 23.227984348452193 ], [ 77.432771954542019, 23.227990248450357 ], [ 77.432727454542032, 23.227926248470226 ], [ 77.432633154542017, 23.227981648453028 ] ] ] } },
{ "type": "Feature", "properties": { }, "geometry": { "type": "Polygon", "coordinates": [ [ [ 77.430307754542014, 23.227627948562841 ], [ 77.430199454542034, 23.227719448534437 ], [ 77.430254954542036, 23.227774848517235 ], [ 77.430298154542029, 23.227738348528565 ], [ 77.430315154542029, 23.227755348523289 ], [ 77.430337654542029, 23.227736348529184 ], [ 77.430322554542016, 23.227721248533864 ], [ 77.430365054542037, 23.22768524854505 ], [ 77.430307754542014, 23.227627948562841 ] ] ] } },
{ "type": "Feature", "properties": { }, "geometry": { "type": "Polygon", "coordinates": [ [ [ 77.429907954542031, 23.227941948465354 ], [ 77.430008554542027, 23.227847348494727 ], [ 77.429947854542036, 23.227792848511644 ], [ 77.429922054542033, 23.227817148504091 ], [ 77.429929854542038, 23.227824048501954 ], [ 77.429887354542032, 23.227863948489567 ], [ 77.42987965454202, 23.227857048491707 ], [ 77.429847354542034, 23.227887448482271 ], [ 77.429907954542031, 23.227941948465354 ] ] ] } },
{ "type": "Feature", "properties": { }, "geometry": { "type": "Polygon", "coordinates": [ [ [ 77.43050455454204, 23.227576448578827 ], [ 77.430388454542012, 23.227669748549864 ], [ 77.43044105454203, 23.227725048532697 ], [ 77.430484754542036, 23.227689948543592 ], [ 77.430501754542036, 23.227707748538066 ], [ 77.430525954542034, 23.227688348544088 ], [ 77.430508954542034, 23.227670448549645 ], [ 77.430557154542029, 23.227631748561659 ], [ 77.43050455454204, 23.227576448578827 ] ] ] } },
{ "type": "Feature", "properties": { }, "geometry": { "type": "Polygon", "coordinates": [ [ [ 77.430588754542029, 23.227523348595316 ], [ 77.430616454542019, 23.227591748574081 ], [ 77.430680154542031, 23.227569948580847 ], [ 77.43068615454203, 23.227584748576252 ], [ 77.430710054542033, 23.227576548578792 ], [ 77.430704054542034, 23.227561748583391 ], [ 77.430757254542016, 23.227543548589036 ], [ 77.430729554542026, 23.227475148610278 ], [ 77.430588754542029, 23.227523348595316 ] ] ] } },
{ "type": "Feature", "properties": { }, "geometry": { "type": "Polygon", "coordinates": [ [ [ 77.430184954542028, 23.227757948522481 ], [ 77.430077954542014, 23.227849748493981 ], [ 77.43013425454204, 23.227905248476745 ], [ 77.430174354542032, 23.227870848487431 ], [ 77.43018755454203, 23.227883748483418 ], [ 77.430211454542032, 23.227863248489786 ], [ 77.430198254542034, 23.227850348493789 ], [ 77.430241254542025, 23.227813448505248 ], [ 77.430184954542028, 23.227757948522481 ] ] ] } },
{ "type": "Feature", "properties": { }, "geometry": { "type": "Polygon", "coordinates": [ [ [ 77.432932254542038, 23.228390648326048 ], [ 77.432880954542028, 23.228445548308994 ], [ 77.432906954542034, 23.228466048302629 ], [ 77.432898054542036, 23.228475648299653 ], [ 77.432932754542037, 23.228503048291142 ], [ 77.43298775454204, 23.228444248309405 ], [ 77.432998254542014, 23.228452548306819 ], [ 77.43300995454203, 23.228439948310744 ], [ 77.432971154542031, 23.228409248320268 ], [ 77.432964554542039, 23.228416148318125 ], [ 77.432932254542038, 23.228390648326048 ] ] ] } },
{ "type": "Feature", "properties": { }, "geometry": { "type": "Polygon", "coordinates": [ [ [ 77.433187954542035, 23.224942849396431 ], [ 77.433201154542033, 23.224946749395222 ], [ 77.433191854542031, 23.224973449386933 ], [ 77.433210754542017, 23.224979049385198 ], [ 77.433205054542029, 23.224995349380137 ], [ 77.433322454542036, 23.225030049369362 ], [ 77.433328154542025, 23.225013749374423 ], [ 77.433351354542012, 23.225020549372314 ], [ 77.433360654542014, 23.224993849380599 ], [ 77.433374654542021, 23.224997949379329 ], [ 77.433388954542039, 23.224957049392025 ], [ 77.43337905454203, 23.224954149392925 ], [ 77.43339205454204, 23.224917049404443 ], [ 77.433358454542031, 23.22490714940751 ], [ 77.433345454542021, 23.224944249396 ], [ 77.433235254542012, 23.224911649406121 ], [ 77.433246754542012, 23.224878849416296 ], [ 77.433221754542032, 23.2248714494186 ], [ 77.433210254542033, 23.224904249408414 ], [ 77.433202254542039, 23.224901949409126 ], [ 77.433187954542035, 23.224942849396431 ] ] ] } },
{ "type": "Feature", "properties": { }, "geometry": { "type": "Polygon", "coordinates": [ [ [ 77.432889054542031, 23.22567304916975 ], [ 77.432872054542031, 23.225734649150631 ], [ 77.433009454542031, 23.225766649140692 ], [ 77.433026454542031, 23.22570504915981 ], [ 77.432889054542031, 23.22567304916975 ] ] ] } },
{ "type": "Feature", "properties": { }, "geometry": { "type": "Polygon", "coordinates": [ [ [ 77.433057954542022, 23.225690949164196 ], [ 77.433029854542028, 23.225781549136062 ], [ 77.433173354542035, 23.225819149124391 ], [ 77.433201454542015, 23.225728549152521 ], [ 77.433057954542022, 23.225690949164196 ] ] ] } },
{ "type": "Feature", "properties": { }, "geometry": { "type": "Polygon", "coordinates": [ [ [ 77.432979054542017, 23.228383748328188 ], [ 77.433036654542036, 23.228426948314773 ], [ 77.433085054542033, 23.228372348331721 ], [ 77.433027454542014, 23.228329148345136 ], [ 77.432979054542017, 23.228383748328188 ] ] ] } },
{ "type": "Feature", "properties": { }, "geometry": { "type": "Polygon", "coordinates": [ [ [ 77.433039854542031, 23.228091848418813 ], [ 77.433104554542027, 23.228149748400835 ], [ 77.433144554542039, 23.228112048412534 ], [ 77.433079854542029, 23.228054048430554 ], [ 77.433039854542031, 23.228091848418813 ] ] ] } },
{ "type": "Feature", "properties": { }, "geometry": { "type": "Polygon", "coordinates": [ [ [ 77.433228354542038, 23.225727249152925 ], [ 77.433199554542028, 23.225818649124548 ], [ 77.433347754542027, 23.225858049112322 ], [ 77.433376554542036, 23.225766749140664 ], [ 77.433228354542038, 23.225727249152925 ] ] ] } },
{ "type": "Feature", "properties": { }, "geometry": { "type": "Polygon", "coordinates": [ [ [ 77.432857154542035, 23.227819748503293 ], [ 77.432913454542032, 23.227803148508436 ], [ 77.432881854542032, 23.227712548536573 ], [ 77.432825454542012, 23.227729248531393 ], [ 77.432857154542035, 23.227819748503293 ] ] ] } },
{ "type": "Feature", "properties": { }, "geometry": { "type": "Polygon", "coordinates": [ [ [ 77.432256754542024, 23.227104948725216 ], [ 77.432139854542029, 23.227140448714191 ], [ 77.432184354542031, 23.227264048675821 ], [ 77.432301254542026, 23.227228548686838 ], [ 77.432256754542024, 23.227104948725216 ] ] ] } },
{ "type": "Feature", "properties": { }, "geometry": { "type": "Polygon", "coordinates": [ [ [ 77.432767754542027, 23.225891449101951 ], [ 77.432829054542026, 23.225906449097288 ], [ 77.432850254542032, 23.225833449119957 ], [ 77.432788954542033, 23.225818449124617 ], [ 77.432767754542027, 23.225891449101951 ] ] ] } },
{ "type": "Feature", "properties": { }, "geometry": { "type": "Polygon", "coordinates": [ [ [ 77.432840154542035, 23.225920049093073 ], [ 77.432921854542016, 23.225940049086855 ], [ 77.432944954542037, 23.225860449111575 ], [ 77.432863154542019, 23.225840449117779 ], [ 77.432840154542035, 23.225920049093073 ] ] ] } },
{ "type": "Feature", "properties": { }, "geometry": { "type": "Polygon", "coordinates": [ [ [ 77.432579254542034, 23.226951248772931 ], [ 77.43250385454202, 23.226979848764053 ], [ 77.432552254542031, 23.227087748730554 ], [ 77.432627654542031, 23.227059148739432 ], [ 77.432579254542034, 23.226951248772931 ] ] ] } },
{ "type": "Feature", "properties": { }, "geometry": { "type": "Polygon", "coordinates": [ [ [ 77.433011854542016, 23.227985348451881 ], [ 77.432967154542027, 23.228026748439024 ], [ 77.433029054542033, 23.228083148421511 ], [ 77.433073754542036, 23.228041748434368 ], [ 77.433011854542016, 23.227985348451881 ] ] ] } },
{ "type": "Feature", "properties": { }, "geometry": { "type": "Polygon", "coordinates": [ [ [ 77.433401354542028, 23.225775949137809 ], [ 77.433377154542029, 23.225852849113934 ], [ 77.433528054542023, 23.225892849101513 ], [ 77.433552154542028, 23.22581604912536 ], [ 77.433401354542028, 23.225775949137809 ] ] ] } },
{ "type": "Feature", "properties": { }, "geometry": { "type": "Polygon", "coordinates": [ [ [ 77.432613054542031, 23.226919448782802 ], [ 77.432641554542016, 23.22703744874617 ], [ 77.432813854542033, 23.227002248757096 ], [ 77.432785454542028, 23.226884348793707 ], [ 77.432613054542031, 23.226919448782802 ] ] ] } },
{ "type": "Feature", "properties": { }, "geometry": { "type": "Polygon", "coordinates": [ [ [ 77.43237035454203, 23.22701434875334 ], [ 77.43241415454203, 23.227127048718351 ], [ 77.432523854542026, 23.227090948729547 ], [ 77.432480054542026, 23.226978348764515 ], [ 77.43237035454203, 23.22701434875334 ] ] ] } },
{ "type": "Feature", "properties": { }, "geometry": { "type": "Polygon", "coordinates": [ [ [ 77.43322665454204, 23.228171348394131 ], [ 77.433273054542028, 23.22819264838752 ], [ 77.433313254542028, 23.22811864841049 ], [ 77.433266854542026, 23.228097348417108 ], [ 77.43322665454204, 23.228171348394131 ] ] ] } },
{ "type": "Feature", "properties": { }, "geometry": { "type": "Polygon", "coordinates": [ [ [ 77.43228585454203, 23.227034748747009 ], [ 77.432298254542033, 23.227080548732783 ], [ 77.432379354542036, 23.227062048738528 ], [ 77.432366954542033, 23.227016248752754 ], [ 77.43228585454203, 23.227034748747009 ] ] ] } },
{ "type": "Feature", "properties": { }, "geometry": { "type": "Polygon", "coordinates": [ [ [ 77.432733454542017, 23.225626849184092 ], [ 77.432711754542026, 23.225689849164539 ], [ 77.43285795454203, 23.22573234915134 ], [ 77.43287965454202, 23.225669349170897 ], [ 77.432733454542017, 23.225626849184092 ] ] ] } },
{ "type": "Feature", "properties": { }, "geometry": { "type": "Polygon", "coordinates": [ [ [ 77.432394354542026, 23.227096848727729 ], [ 77.432287454542035, 23.227131048717105 ], [ 77.432318154542031, 23.227212048691964 ], [ 77.432425054542037, 23.227177848702578 ], [ 77.432394354542026, 23.227096848727729 ] ] ] } },
{ "type": "Feature", "properties": { }, "geometry": { "type": "Polygon", "coordinates": [ [ [ 77.432877954542036, 23.227850548493731 ], [ 77.432904354542032, 23.227918248472712 ], [ 77.432953354542022, 23.227902148477707 ], [ 77.432948754542039, 23.227890548481309 ], [ 77.432965954542027, 23.227884848483079 ], [ 77.432950554542032, 23.227845448495309 ], [ 77.43294245454203, 23.227848048494504 ], [ 77.432935954542032, 23.227831448499657 ], [ 77.432877954542036, 23.227850548493731 ] ] ] } },
{ "type": "Feature", "properties": { }, "geometry": { "type": "Polygon", "coordinates": [ [ [ 77.432654654542034, 23.227217148690379 ], [ 77.432813554542022, 23.22734004865222 ], [ 77.432856154542023, 23.227293548666662 ], [ 77.432817454542018, 23.227263548675971 ], [ 77.432810054542017, 23.227271648673462 ], [ 77.432739354542036, 23.227217048690409 ], [ 77.432746754542038, 23.227208948692926 ], [ 77.432697254542035, 23.227170648704821 ], [ 77.432654654542034, 23.227217148690379 ] ] ] } },
{ "type": "Feature", "properties": { }, "geometry": { "type": "Polygon", "coordinates": [ [ [ 77.442781354542035, 23.226508148910494 ], [ 77.442859554542025, 23.226499148913291 ], [ 77.442828454542038, 23.226269748984503 ], [ 77.442972854542035, 23.226256248988697 ], [ 77.442998354542027, 23.226491448915674 ], [ 77.442495354542032, 23.22654964889761 ], [ 77.442508754542033, 23.226647948867097 ], [ 77.442794154542028, 23.226614948877337 ], [ 77.44278885454203, 23.22657644888929 ], [ 77.443078854542037, 23.226542948899692 ], [ 77.443073154542034, 23.226501348912603 ], [ 77.443045854542035, 23.226249348990834 ], [ 77.443040454542029, 23.226176649013411 ], [ 77.442818754542031, 23.22619744900695 ], [ 77.442740254542031, 23.226203949004933 ], [ 77.442781354542035, 23.226508148910494 ] ] ] } },
{ "type": "Feature", "properties": { }, "geometry": { "type": "Polygon", "coordinates": [ [ [ 77.443019954542024, 23.226770248829126 ], [ 77.443060454542035, 23.226766048830427 ], [ 77.443049954542033, 23.226681448856695 ], [ 77.442943054542027, 23.226692648853213 ], [ 77.442716454542023, 23.226716548845793 ], [ 77.442713754542012, 23.226695148852439 ], [ 77.442435654542038, 23.226724448843346 ], [ 77.442448954542016, 23.226830448810432 ], [ 77.442936654542038, 23.226779048826391 ], [ 77.442954654542035, 23.227006548755764 ], [ 77.442818254542033, 23.227017748752282 ], [ 77.442801654542038, 23.226803948818663 ], [ 77.442717254542018, 23.226809548816924 ], [ 77.442741254542028, 23.227118448721026 ], [ 77.442828854542014, 23.227108748724035 ], [ 77.443055354542039, 23.227083648731828 ], [ 77.443019954542024, 23.226770248829126 ] ] ] } },
{ "type": "Feature", "properties": { }, "geometry": { "type": "Polygon", "coordinates": [ [ [ 77.442859054542026, 23.225962749079812 ], [ 77.443056454542031, 23.225960349080559 ], [ 77.443055154542037, 23.225873349107562 ], [ 77.442857754542032, 23.22587574910682 ], [ 77.442859054542026, 23.225962749079812 ] ] ] } },
{ "type": "Feature", "properties": { }, "geometry": { "type": "Polygon", "coordinates": [ [ [ 77.442849354542034, 23.225551249207562 ], [ 77.443009854542012, 23.225548849208305 ], [ 77.443007554542035, 23.225418749248693 ], [ 77.442847054542028, 23.22542114924795 ], [ 77.442849354542034, 23.225551249207562 ] ] ] } },
{ "type": "Feature", "properties": { }, "geometry": { "type": "Polygon", "coordinates": [ [ [ 77.443363554542032, 23.225449849239045 ], [ 77.443562054542028, 23.225452049238356 ], [ 77.443563654542032, 23.225332449275488 ], [ 77.443365154542036, 23.225330249276169 ], [ 77.443363554542032, 23.225449849239045 ] ] ] } },
{ "type": "Feature", "properties": { }, "geometry": { "type": "Polygon", "coordinates": [ [ [ 77.443360654542033, 23.224360049577346 ], [ 77.44357565454203, 23.224368849574621 ], [ 77.443586654542017, 23.224142349644932 ], [ 77.44337165454202, 23.224133549647661 ], [ 77.443360654542033, 23.224360049577346 ] ] ] } },
{ "type": "Feature", "properties": { }, "geometry": { "type": "Polygon", "coordinates": [ [ [ 77.443426654542023, 23.225117349342263 ], [ 77.443560754542034, 23.225117349342263 ], [ 77.443560754542034, 23.224980549384728 ], [ 77.443426654542023, 23.224980549384728 ], [ 77.443426654542023, 23.225117349342263 ] ] ] } },
{ "type": "Feature", "properties": { }, "geometry": { "type": "Polygon", "coordinates": [ [ [ 77.443383154542033, 23.225707149159163 ], [ 77.443573854542038, 23.225709949158297 ], [ 77.443576154542029, 23.225575449200047 ], [ 77.443385454542039, 23.225572749200889 ], [ 77.443383154542033, 23.225707149159163 ] ] ] } },
{ "type": "Feature", "properties": { }, "geometry": { "type": "Polygon", "coordinates": [ [ [ 77.442853754542028, 23.224408049562449 ], [ 77.443042454542038, 23.224406249563014 ], [ 77.443041054542036, 23.224283049601254 ], [ 77.442852454542034, 23.224284749600727 ], [ 77.442853754542028, 23.224408049562449 ] ] ] } },
{ "type": "Feature", "properties": { }, "geometry": { "type": "Polygon", "coordinates": [ [ [ 77.443450754542027, 23.224791349443461 ], [ 77.443585254542029, 23.224792249443183 ], [ 77.443586754542039, 23.224598549503312 ], [ 77.443452254542038, 23.224597649503586 ], [ 77.443450754542027, 23.224791349443461 ] ] ] } },
{ "type": "Feature", "properties": { }, "geometry": { "type": "Polygon", "coordinates": [ [ [ 77.442843454542015, 23.225075649355208 ], [ 77.443035354542033, 23.225076349354989 ], [ 77.443035754542038, 23.224997949379329 ], [ 77.443008154542028, 23.224997749379387 ], [ 77.443008454542024, 23.22493524939879 ], [ 77.442844054542036, 23.224934549399009 ], [ 77.442843454542015, 23.225075649355208 ] ] ] } },
{ "type": "Feature", "properties": { }, "geometry": { "type": "Polygon", "coordinates": [ [ [ 77.440697354542039, 23.233126446855536 ], [ 77.440952254542026, 23.23309804686436 ], [ 77.440667354542015, 23.232927746917245 ], [ 77.440697354542039, 23.233126446855536 ] ] ] } },
{ "type": "Feature", "properties": { }, "geometry": { "type": "Polygon", "coordinates": [ [ [ 77.433496654542026, 23.235807546022919 ], [ 77.433703054542036, 23.235840746012599 ], [ 77.433738154542027, 23.23565634606987 ], [ 77.433531854542039, 23.235623146080183 ], [ 77.433496654542026, 23.235807546022919 ] ] ] } },
{ "type": "Feature", "properties": { }, "geometry": { "type": "Polygon", "coordinates": [ [ [ 77.440451954542013, 23.236986745656676 ], [ 77.440607554542026, 23.23699604565379 ], [ 77.44061515454203, 23.236886845687707 ], [ 77.440459654542039, 23.236877545690593 ], [ 77.440451954542013, 23.236986745656676 ] ] ] } },
{ "type": "Feature", "properties": { }, "geometry": { "type": "Polygon", "coordinates": [ [ [ 77.434992654542029, 23.237136145610279 ], [ 77.435036254542027, 23.236954445666711 ], [ 77.434933254542031, 23.2369335456732 ], [ 77.434889654542033, 23.237115345616733 ], [ 77.434992654542029, 23.237136145610279 ] ] ] } },
{ "type": "Feature", "properties": { }, "geometry": { "type": "Polygon", "coordinates": [ [ [ 77.441726154542039, 23.234162546533785 ], [ 77.441876354542032, 23.2341631465336 ], [ 77.441876754542022, 23.23408034655931 ], [ 77.441726554542029, 23.234079746559498 ], [ 77.441726154542039, 23.234162546533785 ] ] ] } },
{ "type": "Feature", "properties": { }, "geometry": { "type": "Polygon", "coordinates": [ [ [ 77.434905454542019, 23.236054345946265 ], [ 77.435041254542028, 23.236082345937568 ], [ 77.435067354542028, 23.235975545970732 ], [ 77.434931554542032, 23.235947545979432 ], [ 77.434905454542019, 23.236054345946265 ] ] ] } },
{ "type": "Feature", "properties": { }, "geometry": { "type": "Polygon", "coordinates": [ [ [ 77.440903054542034, 23.229608947947778 ], [ 77.441200754542038, 23.229620047944334 ], [ 77.441211754542039, 23.229370448021832 ], [ 77.440914054542034, 23.229359348025273 ], [ 77.440903054542034, 23.229608947947778 ] ] ] } },
{ "type": "Feature", "properties": { }, "geometry": { "type": "Polygon", "coordinates": [ [ [ 77.44035735454203, 23.229895247858884 ], [ 77.440679254542033, 23.229906947855245 ], [ 77.440683954542038, 23.229798747888843 ], [ 77.440362054542035, 23.229787047892479 ], [ 77.44035735454203, 23.229895247858884 ] ] ] } },
{ "type": "Feature", "properties": { }, "geometry": { "type": "Polygon", "coordinates": [ [ [ 77.441735854542017, 23.234698446367354 ], [ 77.441892454542028, 23.234700046366861 ], [ 77.441893754542036, 23.234590046401024 ], [ 77.441737154542039, 23.23458854640149 ], [ 77.441735854542017, 23.234698446367354 ] ] ] } },
{ "type": "Feature", "properties": { }, "geometry": { "type": "Polygon", "coordinates": [ [ [ 77.441261754542026, 23.231662147310246 ], [ 77.441420054542036, 23.2316571473118 ], [ 77.44141225454203, 23.231445447377535 ], [ 77.441253954542034, 23.231450347376018 ], [ 77.441261754542026, 23.231662147310246 ] ] ] } },
{ "type": "Feature", "properties": { }, "geometry": { "type": "Polygon", "coordinates": [ [ [ 77.433860054542038, 23.236719545739664 ], [ 77.434053854542029, 23.236763245726095 ], [ 77.434077854542025, 23.236673645753914 ], [ 77.433884054542034, 23.236629945767493 ], [ 77.433860054542038, 23.236719545739664 ] ] ] } },
{ "type": "Feature", "properties": { }, "geometry": { "type": "Polygon", "coordinates": [ [ [ 77.435573854542028, 23.233929446606169 ], [ 77.435517354542029, 23.234184446526982 ], [ 77.435746854542032, 23.234227446513632 ], [ 77.435803354542031, 23.233972446592819 ], [ 77.435573854542028, 23.233929446606169 ] ] ] } },
{ "type": "Feature", "properties": { }, "geometry": { "type": "Polygon", "coordinates": [ [ [ 77.440462654542031, 23.236869045693233 ], [ 77.440620254542026, 23.236878345690346 ], [ 77.440628454542022, 23.236760545726931 ], [ 77.440470854542028, 23.236751245729817 ], [ 77.440462654542031, 23.236869045693233 ] ] ] } },
{ "type": "Feature", "properties": { }, "geometry": { "type": "Polygon", "coordinates": [ [ [ 77.435092754542026, 23.237146245607139 ], [ 77.435302054542021, 23.237186545594621 ], [ 77.435323654542017, 23.237092045623971 ], [ 77.435114354542037, 23.237051745636489 ], [ 77.435092754542026, 23.237146245607139 ] ] ] } },
{ "type": "Feature", "properties": { }, "geometry": { "type": "Polygon", "coordinates": [ [ [ 77.440431554542016, 23.237245845576204 ], [ 77.440576354542017, 23.237255645573164 ], [ 77.440587254542038, 23.237119845615339 ], [ 77.440442454542037, 23.23711004561838 ], [ 77.440431554542016, 23.237245845576204 ] ] ] } },
{ "type": "Feature", "properties": { }, "geometry": { "type": "Polygon", "coordinates": [ [ [ 77.433733654542038, 23.237212145586671 ], [ 77.43394085454203, 23.237246645575954 ], [ 77.433956254542039, 23.23716884560012 ], [ 77.433749054542034, 23.237134245610864 ], [ 77.433733654542038, 23.237212145586671 ] ] ] } },
{ "type": "Feature", "properties": { }, "geometry": { "type": "Polygon", "coordinates": [ [ [ 77.441936454542031, 23.236677145752839 ], [ 77.441934254542034, 23.236733745735258 ], [ 77.442068054542034, 23.236738145733888 ], [ 77.442070254542017, 23.236681445751501 ], [ 77.441936454542031, 23.236677145752839 ] ] ] } },
{ "type": "Feature", "properties": { }, "geometry": { "type": "Polygon", "coordinates": [ [ [ 77.441727554542027, 23.234432046450092 ], [ 77.441878454542035, 23.234432546449934 ], [ 77.441878754542017, 23.234345946476829 ], [ 77.441727954542031, 23.234345446476983 ], [ 77.441727554542027, 23.234432046450092 ] ] ] } },
{ "type": "Feature", "properties": { }, "geometry": { "type": "Polygon", "coordinates": [ [ [ 77.438761054542027, 23.237724245427614 ], [ 77.438913854542037, 23.237745345421065 ], [ 77.43894005454203, 23.237584545471005 ], [ 77.438787354542015, 23.237563445477559 ], [ 77.438761054542027, 23.237724245427614 ] ] ] } },
{ "type": "Feature", "properties": { }, "geometry": { "type": "Polygon", "coordinates": [ [ [ 77.435599154542018, 23.236339045857839 ], [ 77.435587854542021, 23.23638444584374 ], [ 77.435692954542034, 23.236406645836844 ], [ 77.43570435454204, 23.236361145850978 ], [ 77.435599154542018, 23.236339045857839 ] ] ] } },
{ "type": "Feature", "properties": { }, "geometry": { "type": "Polygon", "coordinates": [ [ [ 77.433921754542027, 23.236540845795172 ], [ 77.434116854542026, 23.236588845780258 ], [ 77.434143454542038, 23.236497645808583 ], [ 77.433948354542025, 23.236449645823491 ], [ 77.433921754542027, 23.236540845795172 ] ] ] } },
{ "type": "Feature", "properties": { }, "geometry": { "type": "Polygon", "coordinates": [ [ [ 77.441888454542038, 23.234811546332235 ], [ 77.441886054542039, 23.234873646312948 ], [ 77.442039654542029, 23.234878546311428 ], [ 77.442041954542034, 23.234816446330708 ], [ 77.441888454542038, 23.234811546332235 ] ] ] } },
{ "type": "Feature", "properties": { }, "geometry": { "type": "Polygon", "coordinates": [ [ [ 77.435650754542038, 23.236076645939338 ], [ 77.435762754542026, 23.236102245931384 ], [ 77.435775654542027, 23.2360545459462 ], [ 77.435663654542026, 23.236028945954153 ], [ 77.435650754542038, 23.236076645939338 ] ] ] } },
{ "type": "Feature", "properties": { }, "geometry": { "type": "Polygon", "coordinates": [ [ [ 77.435854654542027, 23.235316646175367 ], [ 77.43599055454203, 23.235342046167478 ], [ 77.436028754542036, 23.235169546221051 ], [ 77.435892854542033, 23.235144146228944 ], [ 77.435854654542027, 23.235316646175367 ] ] ] } },
{ "type": "Feature", "properties": { }, "geometry": { "type": "Polygon", "coordinates": [ [ [ 77.440540754542027, 23.233135346852769 ], [ 77.44068115454202, 23.23311754685831 ], [ 77.440663654542035, 23.23300134689439 ], [ 77.440523254542029, 23.233019146888864 ], [ 77.440540754542027, 23.233135346852769 ] ] ] } },
{ "type": "Feature", "properties": { }, "geometry": { "type": "Polygon", "coordinates": [ [ [ 77.440355354542035, 23.230186147768556 ], [ 77.440680554542027, 23.230194247766043 ], [ 77.440685154542038, 23.230038647814357 ], [ 77.440359954542032, 23.230030547816867 ], [ 77.440355354542035, 23.230186147768556 ] ] ] } },
{ "type": "Feature", "properties": { }, "geometry": { "type": "Polygon", "coordinates": [ [ [ 77.440185854542037, 23.233163846843922 ], [ 77.440305754542038, 23.233146846849202 ], [ 77.440285654542038, 23.233027246886348 ], [ 77.440165754542036, 23.233044346881034 ], [ 77.440185854542037, 23.233163846843922 ] ] ] } },
{ "type": "Feature", "properties": { }, "geometry": { "type": "Polygon", "coordinates": [ [ [ 77.440882554542014, 23.231574947337322 ], [ 77.441015354542017, 23.231577447336548 ], [ 77.441017254542018, 23.231491447363247 ], [ 77.440884454542029, 23.231488947364028 ], [ 77.440882554542014, 23.231574947337322 ] ] ] } },
{ "type": "Feature", "properties": { }, "geometry": { "type": "Polygon", "coordinates": [ [ [ 77.439792154542033, 23.233000046894791 ], [ 77.439937454542033, 23.233015846889884 ], [ 77.439949654542033, 23.232920446919511 ], [ 77.439804454542028, 23.232904746924387 ], [ 77.439792154542033, 23.233000046894791 ] ] ] } },
{ "type": "Feature", "properties": { }, "geometry": { "type": "Polygon", "coordinates": [ [ [ 77.44043515454203, 23.229652647934209 ], [ 77.44080945454202, 23.229664047930665 ], [ 77.440819754542019, 23.229378148019443 ], [ 77.440445454542029, 23.229366848022948 ], [ 77.44043515454203, 23.229652647934209 ] ] ] } },
{ "type": "Feature", "properties": { }, "geometry": { "type": "Polygon", "coordinates": [ [ [ 77.435689654542031, 23.236026745954835 ], [ 77.435778554542026, 23.236048645948038 ], [ 77.435789154542036, 23.236012145959364 ], [ 77.435700354542035, 23.235990245966171 ], [ 77.435689654542031, 23.236026745954835 ] ] ] } },
{ "type": "Feature", "properties": { }, "geometry": { "type": "Polygon", "coordinates": [ [ [ 77.441239954542013, 23.232094047176133 ], [ 77.441396254542028, 23.232101147173925 ], [ 77.441400554542028, 23.232020647198926 ], [ 77.441244354542022, 23.232013547201131 ], [ 77.441239954542013, 23.232094047176133 ] ] ] } },
{ "type": "Feature", "properties": { }, "geometry": { "type": "Polygon", "coordinates": [ [ [ 77.435671554542026, 23.234587846401698 ], [ 77.43591635454203, 23.234637746386205 ], [ 77.435945154542026, 23.234518546423228 ], [ 77.435700354542035, 23.234468646438724 ], [ 77.435671554542026, 23.234587846401698 ] ] ] } },
{ "type": "Feature", "properties": { }, "geometry": { "type": "Polygon", "coordinates": [ [ [ 77.43916985454203, 23.232616847013794 ], [ 77.439314054542038, 23.232638547007046 ], [ 77.439336954542043, 23.232510047046954 ], [ 77.439192754542034, 23.232488347053689 ], [ 77.43916985454203, 23.232616847013794 ] ] ] } },
{ "type": "Feature", "properties": { }, "geometry": { "type": "Polygon", "coordinates": [ [ [ 77.435197954542033, 23.236709345742831 ], [ 77.435341954542039, 23.236727545737182 ], [ 77.435356054542027, 23.236633345766435 ], [ 77.435212054542021, 23.236615145772092 ], [ 77.435197954542033, 23.236709345742831 ] ] ] } },
{ "type": "Feature", "properties": { }, "geometry": { "type": "Polygon", "coordinates": [ [ [ 77.435699354542038, 23.234464646439964 ], [ 77.435902254542015, 23.234507146426772 ], [ 77.43592665454203, 23.234408746457326 ], [ 77.435723854542033, 23.234366246470525 ], [ 77.435699354542038, 23.234464646439964 ] ] ] } },
{ "type": "Feature", "properties": { }, "geometry": { "type": "Polygon", "coordinates": [ [ [ 77.435825454542012, 23.234077246560279 ], [ 77.43590925454204, 23.234090146556266 ], [ 77.435922954542036, 23.234015346579493 ], [ 77.435839154542037, 23.234002446583506 ], [ 77.435825454542012, 23.234077246560279 ] ] ] } },
{ "type": "Feature", "properties": { }, "geometry": { "type": "Polygon", "coordinates": [ [ [ 77.441246254542037, 23.232008147202805 ], [ 77.441406954542032, 23.232015947200392 ], [ 77.441411154542038, 23.231944147222674 ], [ 77.441250354542021, 23.231936347225101 ], [ 77.441246254542037, 23.232008147202805 ] ] ] } },
{ "type": "Feature", "properties": { }, "geometry": { "type": "Polygon", "coordinates": [ [ [ 77.434955754542031, 23.236903245682608 ], [ 77.435147554542013, 23.236927945674939 ], [ 77.43516235454203, 23.236830645705162 ], [ 77.434970554542033, 23.236806045712804 ], [ 77.434955754542031, 23.236903245682608 ] ] ] } },
{ "type": "Feature", "properties": { }, "geometry": { "type": "Polygon", "coordinates": [ [ [ 77.433731354542033, 23.237215845585524 ], [ 77.43371185454204, 23.237315045554713 ], [ 77.433922054542037, 23.2373498455439 ], [ 77.433941554542031, 23.237250645574711 ], [ 77.433731354542033, 23.237215845585524 ] ] ] } },
{ "type": "Feature", "properties": { }, "geometry": { "type": "Polygon", "coordinates": [ [ [ 77.435633854542033, 23.234662146378639 ], [ 77.435826554542032, 23.234701946366275 ], [ 77.435844754542032, 23.234627846389284 ], [ 77.435651954542038, 23.23458804640164 ], [ 77.435633854542033, 23.234662146378639 ] ] ] } },
{ "type": "Feature", "properties": { }, "geometry": { "type": "Polygon", "coordinates": [ [ [ 77.434792454542034, 23.236443745825323 ], [ 77.434940554542038, 23.236469645817277 ], [ 77.434959654542027, 23.236377245845972 ], [ 77.434811554542023, 23.236351345854018 ], [ 77.434792454542034, 23.236443745825323 ] ] ] } },
{ "type": "Feature", "properties": { }, "geometry": { "type": "Polygon", "coordinates": [ [ [ 77.433884654542027, 23.236625245768952 ], [ 77.434080154542031, 23.236673345754014 ], [ 77.434104254542035, 23.236590645779696 ], [ 77.433908754542031, 23.236542545794642 ], [ 77.433884654542027, 23.236625245768952 ] ] ] } },
{ "type": "Feature", "properties": { }, "geometry": { "type": "Polygon", "coordinates": [ [ [ 77.44188835454203, 23.234704646365433 ], [ 77.441886854542034, 23.234807746333413 ], [ 77.442037054542027, 23.234809546332851 ], [ 77.442038554542023, 23.234706446364875 ], [ 77.44188835454203, 23.234704646365433 ] ] ] } },
{ "type": "Feature", "properties": { }, "geometry": { "type": "Polygon", "coordinates": [ [ [ 77.433948954542018, 23.236445345824823 ], [ 77.43414575454203, 23.236492745810104 ], [ 77.434164054542038, 23.23642864583001 ], [ 77.433967254542011, 23.236381245844736 ], [ 77.433948954542018, 23.236445345824823 ] ] ] } },
{ "type": "Feature", "properties": { }, "geometry": { "type": "Polygon", "coordinates": [ [ [ 77.43583855454203, 23.235373646157669 ], [ 77.435970954542029, 23.235397646150215 ], [ 77.435982854542033, 23.235342246167416 ], [ 77.435850454542035, 23.23531824617487 ], [ 77.43583855454203, 23.235373646157669 ] ] ] } },
{ "type": "Feature", "properties": { }, "geometry": { "type": "Polygon", "coordinates": [ [ [ 77.435210754542027, 23.236610745773458 ], [ 77.43536995454204, 23.236633945766251 ], [ 77.435393154542027, 23.236500345807741 ], [ 77.435233954542028, 23.236477045814979 ], [ 77.435210754542027, 23.236610745773458 ] ] ] } },
{ "type": "Feature", "properties": { }, "geometry": { "type": "Polygon", "coordinates": [ [ [ 77.438782254542033, 23.237556745479633 ], [ 77.438937854542019, 23.237580745472194 ], [ 77.438957754542031, 23.237472045505946 ], [ 77.438802154542032, 23.237448045513403 ], [ 77.438782254542033, 23.237556745479633 ] ] ] } },
{ "type": "Feature", "properties": { }, "geometry": { "type": "Polygon", "coordinates": [ [ [ 77.439204754542018, 23.23315354684712 ], [ 77.439359254542026, 23.233170746841783 ], [ 77.439371554542021, 23.233076846870944 ], [ 77.439217154542035, 23.233059646876281 ], [ 77.439204754542018, 23.23315354684712 ] ] ] } },
{ "type": "Feature", "properties": { }, "geometry": { "type": "Polygon", "coordinates": [ [ [ 77.440579554542026, 23.237273445567627 ], [ 77.440741554542029, 23.23728574556381 ], [ 77.440753154542037, 23.23715664560391 ], [ 77.440591154542034, 23.237144445607697 ], [ 77.440579554542026, 23.237273445567627 ] ] ] } },
{ "type": "Feature", "properties": { }, "geometry": { "type": "Polygon", "coordinates": [ [ [ 77.438603054542014, 23.23761924546023 ], [ 77.438757054542037, 23.23764074545355 ], [ 77.438785154542032, 23.237470145506535 ], [ 77.438631254542017, 23.237448645513211 ], [ 77.438603054542014, 23.23761924546023 ] ] ] } },
{ "type": "Feature", "properties": { }, "geometry": { "type": "Polygon", "coordinates": [ [ [ 77.435043754542036, 23.236587245780758 ], [ 77.435204154542035, 23.236614145772403 ], [ 77.435231954542033, 23.236474845815668 ], [ 77.435071454542026, 23.236447845824049 ], [ 77.435043754542036, 23.236587245780758 ] ] ] } },
{ "type": "Feature", "properties": { }, "geometry": { "type": "Polygon", "coordinates": [ [ [ 77.435714554542031, 23.235952945977754 ], [ 77.435704654542036, 23.235987345967072 ], [ 77.435791654542015, 23.236008545960484 ], [ 77.435801654542033, 23.235974245971139 ], [ 77.435714554542031, 23.235952945977754 ] ] ] } },
{ "type": "Feature", "properties": { }, "geometry": { "type": "Polygon", "coordinates": [ [ [ 77.441891454542031, 23.235150146227078 ], [ 77.44188835454203, 23.235250746195835 ], [ 77.442032954542029, 23.235254346194715 ], [ 77.442035954542035, 23.235153846225927 ], [ 77.441891454542031, 23.235150146227078 ] ] ] } },
{ "type": "Feature", "properties": { }, "geometry": { "type": "Polygon", "coordinates": [ [ [ 77.435065754542038, 23.23417324653046 ], [ 77.435206554542034, 23.234200346522048 ], [ 77.435237854542038, 23.234062746564774 ], [ 77.435097054542027, 23.234035646573197 ], [ 77.435065754542038, 23.23417324653046 ] ] ] } },
{ "type": "Feature", "properties": { }, "geometry": { "type": "Polygon", "coordinates": [ [ [ 77.438527254542038, 23.231405747389864 ], [ 77.438973854542027, 23.231385447396168 ], [ 77.43896885454204, 23.231291547425322 ], [ 77.438522254542036, 23.231311847419022 ], [ 77.438527254542038, 23.231405747389864 ] ] ] } },
{ "type": "Feature", "properties": { }, "geometry": { "type": "Polygon", "coordinates": [ [ [ 77.441700154542033, 23.23723504557956 ], [ 77.441802754542039, 23.237236945578967 ], [ 77.441805254542018, 23.237119245615528 ], [ 77.441702654542027, 23.237117445616079 ], [ 77.441700154542033, 23.23723504557956 ] ] ] } },
{ "type": "Feature", "properties": { }, "geometry": { "type": "Polygon", "coordinates": [ [ [ 77.434170554542035, 23.236593745778734 ], [ 77.43437035454204, 23.236637945765011 ], [ 77.434390454542026, 23.2365613457888 ], [ 77.434190654542036, 23.236517145802527 ], [ 77.434170554542035, 23.236593745778734 ] ] ] } },
{ "type": "Feature", "properties": { }, "geometry": { "type": "Polygon", "coordinates": [ [ [ 77.435137454542016, 23.2338762466227 ], [ 77.435287654542023, 23.233905746613534 ], [ 77.435303954542036, 23.233835846635241 ], [ 77.435153754542014, 23.2338063466444 ], [ 77.435137454542016, 23.2338762466227 ] ] ] } },
{ "type": "Feature", "properties": { }, "geometry": { "type": "Polygon", "coordinates": [ [ [ 77.441005654542039, 23.230090847798152 ], [ 77.441289954542029, 23.230090847798152 ], [ 77.441289954542029, 23.229818447882732 ], [ 77.441005654542039, 23.229818447882732 ], [ 77.441005654542039, 23.230090847798152 ] ] ] } },
{ "type": "Feature", "properties": { }, "geometry": { "type": "Polygon", "coordinates": [ [ [ 77.439959254542032, 23.231699447298663 ], [ 77.440133954542034, 23.231697547299252 ], [ 77.440131954542039, 23.231540347348069 ], [ 77.439957254542037, 23.231542247347473 ], [ 77.439959254542032, 23.231699447298663 ] ] ] } },
{ "type": "Feature", "properties": { }, "geometry": { "type": "Polygon", "coordinates": [ [ [ 77.434013954542039, 23.237187445594341 ], [ 77.43422115454203, 23.237228745581511 ], [ 77.434239454542038, 23.237151245605588 ], [ 77.434032254542032, 23.237109945618407 ], [ 77.434013954542039, 23.237187445594341 ] ] ] } },
{ "type": "Feature", "properties": { }, "geometry": { "type": "Polygon", "coordinates": [ [ [ 77.441883054542032, 23.235417246144124 ], [ 77.44201785454203, 23.235422146142604 ], [ 77.442022054542036, 23.235325446172638 ], [ 77.441887254542024, 23.235320546174155 ], [ 77.441883054542032, 23.235417246144124 ] ] ] } },
{ "type": "Feature", "properties": { }, "geometry": { "type": "Polygon", "coordinates": [ [ [ 77.43546705454203, 23.23677154572351 ], [ 77.435567654542012, 23.236789445717953 ], [ 77.435578954542038, 23.236735545734696 ], [ 77.435478354542028, 23.236717645740256 ], [ 77.43546705454203, 23.23677154572351 ] ] ] } },
{ "type": "Feature", "properties": { }, "geometry": { "type": "Polygon", "coordinates": [ [ [ 77.439199754542031, 23.232480147056233 ], [ 77.439339854542027, 23.232499447050248 ], [ 77.439362754542032, 23.232358847093902 ], [ 77.439222654542036, 23.232339547099901 ], [ 77.439199754542031, 23.232480147056233 ] ] ] } },
{ "type": "Feature", "properties": { }, "geometry": { "type": "Polygon", "coordinates": [ [ [ 77.440215254542039, 23.237982445347424 ], [ 77.440194154542013, 23.23806964532033 ], [ 77.44034235454204, 23.238099845310956 ], [ 77.440363454542023, 23.238012645338038 ], [ 77.440215254542039, 23.237982445347424 ] ] ] } },
{ "type": "Feature", "properties": { }, "geometry": { "type": "Polygon", "coordinates": [ [ [ 77.435024754542027, 23.236683045751001 ], [ 77.435183954542026, 23.236710745742393 ], [ 77.435202454542036, 23.236621145770226 ], [ 77.435043154542029, 23.236593445778826 ], [ 77.435024754542027, 23.236683045751001 ] ] ] } },
{ "type": "Feature", "properties": { }, "geometry": { "type": "Polygon", "coordinates": [ [ [ 77.435487254542039, 23.234410846456672 ], [ 77.43569525454204, 23.234449946444535 ], [ 77.43572055454203, 23.2343360464799 ], [ 77.435512554542029, 23.234296946492048 ], [ 77.435487254542039, 23.234410846456672 ] ] ] } },
{ "type": "Feature", "properties": { }, "geometry": { "type": "Polygon", "coordinates": [ [ [ 77.441896354542038, 23.237247345575735 ], [ 77.441978854542015, 23.237250745574681 ], [ 77.441984954542036, 23.237126945613134 ], [ 77.441902354542037, 23.237123545614185 ], [ 77.441896354542038, 23.237247345575735 ] ] ] } },
{ "type": "Feature", "properties": { }, "geometry": { "type": "Polygon", "coordinates": [ [ [ 77.441729754542038, 23.235085046247296 ], [ 77.441889354542027, 23.235087046246672 ], [ 77.441890854542038, 23.2349842462786 ], [ 77.441731254542034, 23.234982246279227 ], [ 77.441729754542038, 23.235085046247296 ] ] ] } },
{ "type": "Feature", "properties": { }, "geometry": { "type": "Polygon", "coordinates": [ [ [ 77.434205154542028, 23.235327346172049 ], [ 77.434407954542039, 23.235364846160394 ], [ 77.434421054542028, 23.235304846179041 ], [ 77.434218254542031, 23.235267346190682 ], [ 77.434205154542028, 23.235327346172049 ] ] ] } },
{ "type": "Feature", "properties": { }, "geometry": { "type": "Polygon", "coordinates": [ [ [ 77.434152054542039, 23.236695145747248 ], [ 77.434352554542031, 23.236739545733457 ], [ 77.43437705454204, 23.236646145762457 ], [ 77.434176554542034, 23.236601745776248 ], [ 77.434152054542039, 23.236695145747248 ] ] ] } },
{ "type": "Feature", "properties": { }, "geometry": { "type": "Polygon", "coordinates": [ [ [ 77.441886054542039, 23.235316846175309 ], [ 77.442023854542029, 23.235321746173785 ], [ 77.442026554542039, 23.235258446193441 ], [ 77.441888754542035, 23.235253546194965 ], [ 77.441886054542039, 23.235316846175309 ] ] ] } },
{ "type": "Feature", "properties": { }, "geometry": { "type": "Polygon", "coordinates": [ [ [ 77.435508254542029, 23.236706545743704 ], [ 77.435608554542029, 23.236728145736993 ], [ 77.435620054542028, 23.236682745751093 ], [ 77.435519854542036, 23.236661245757769 ], [ 77.435508254542029, 23.236706545743704 ] ] ] } },
{ "type": "Feature", "properties": { }, "geometry": { "type": "Polygon", "coordinates": [ [ [ 77.441787054542033, 23.236804045713416 ], [ 77.441922754542034, 23.236811445711123 ], [ 77.441933054542034, 23.236653145760286 ], [ 77.441797254542024, 23.236645745762583 ], [ 77.441787054542033, 23.236804045713416 ] ] ] } },
{ "type": "Feature", "properties": { }, "geometry": { "type": "Polygon", "coordinates": [ [ [ 77.435021454542039, 23.234297646491829 ], [ 77.435170354542038, 23.234327246482636 ], [ 77.435198754542029, 23.234206446520158 ], [ 77.435049854542029, 23.234176846529344 ], [ 77.435021454542039, 23.234297646491829 ] ] ] } },
{ "type": "Feature", "properties": { }, "geometry": { "type": "Polygon", "coordinates": [ [ [ 77.438578754542036, 23.232554947033016 ], [ 77.438725554542032, 23.23257224702763 ], [ 77.438738554542041, 23.232479247056514 ], [ 77.438591754542031, 23.232461947061886 ], [ 77.438578754542036, 23.232554947033016 ] ] ] } },
{ "type": "Feature", "properties": { }, "geometry": { "type": "Polygon", "coordinates": [ [ [ 77.433950854542033, 23.236357945851967 ], [ 77.434152154542033, 23.236408045836413 ], [ 77.434201954542033, 23.236239545888747 ], [ 77.434000554542038, 23.236189445904305 ], [ 77.433950854542033, 23.236357945851967 ] ] ] } },
{ "type": "Feature", "properties": { }, "geometry": { "type": "Polygon", "coordinates": [ [ [ 77.441735554542035, 23.235096646243697 ], [ 77.441733454542032, 23.235175046219346 ], [ 77.441883654542039, 23.235178446218296 ], [ 77.441885754542014, 23.235100046242636 ], [ 77.441735554542035, 23.235096646243697 ] ] ] } },
{ "type": "Feature", "properties": { }, "geometry": { "type": "Polygon", "coordinates": [ [ [ 77.440629654542036, 23.236895545685002 ], [ 77.440776454542032, 23.236904145682328 ], [ 77.440781454542034, 23.236833045704412 ], [ 77.440634554542029, 23.236824445707086 ], [ 77.440629654542036, 23.236895545685002 ] ] ] } },
{ "type": "Feature", "properties": { }, "geometry": { "type": "Polygon", "coordinates": [ [ [ 77.43922665454204, 23.233041146882034 ], [ 77.439383554542033, 23.233061746875631 ], [ 77.439393354542034, 23.232999046895095 ], [ 77.439236454542012, 23.232978446901502 ], [ 77.43922665454204, 23.233041146882034 ] ] ] } },
{ "type": "Feature", "properties": { }, "geometry": { "type": "Polygon", "coordinates": [ [ [ 77.435069654542033, 23.2364444458251 ], [ 77.435221854542036, 23.236469645817277 ], [ 77.435236654542038, 23.23639414584073 ], [ 77.435084454542036, 23.236368945848554 ], [ 77.435069654542033, 23.2364444458251 ] ] ] } },
{ "type": "Feature", "properties": { }, "geometry": { "type": "Polygon", "coordinates": [ [ [ 77.439275354542019, 23.231991447207996 ], [ 77.439385054542029, 23.232007847202901 ], [ 77.43940235454204, 23.23191014723324 ], [ 77.439292654542015, 23.231893747238331 ], [ 77.439275354542019, 23.231991447207996 ] ] ] } },
{ "type": "Feature", "properties": { }, "geometry": { "type": "Polygon", "coordinates": [ [ [ 77.441940554542029, 23.23666884575541 ], [ 77.442073654542028, 23.236673145754075 ], [ 77.442077754542026, 23.236566645787153 ], [ 77.441944654542013, 23.236562345788492 ], [ 77.441940554542029, 23.23666884575541 ] ] ] } },
{ "type": "Feature", "properties": { }, "geometry": { "type": "Polygon", "coordinates": [ [ [ 77.43554485454203, 23.23655004579231 ], [ 77.435647054542031, 23.236570645785907 ], [ 77.43565735454203, 23.236527745799233 ], [ 77.43555515454203, 23.236507045805663 ], [ 77.43554485454203, 23.23655004579231 ] ] ] } },
{ "type": "Feature", "properties": { }, "geometry": { "type": "Polygon", "coordinates": [ [ [ 77.441890454542033, 23.235146746228128 ], [ 77.442035954542035, 23.235150146227078 ], [ 77.442038254542027, 23.235066146253168 ], [ 77.441892754542039, 23.235062746254222 ], [ 77.441890454542033, 23.235146746228128 ] ] ] } },
{ "type": "Feature", "properties": { }, "geometry": { "type": "Polygon", "coordinates": [ [ [ 77.438170754542028, 23.235304646179095 ], [ 77.438344354542039, 23.235328646171642 ], [ 77.438364154542029, 23.235208146209068 ], [ 77.438190454542038, 23.235184146216518 ], [ 77.438170754542028, 23.235304646179095 ] ] ] } },
{ "type": "Feature", "properties": { }, "geometry": { "type": "Polygon", "coordinates": [ [ [ 77.440691354542039, 23.231298847423055 ], [ 77.441052054542027, 23.231305047421131 ], [ 77.441054654542029, 23.231177947460601 ], [ 77.440693854542033, 23.231171747462525 ], [ 77.440691354542039, 23.231298847423055 ] ] ] } },
{ "type": "Feature", "properties": { }, "geometry": { "type": "Polygon", "coordinates": [ [ [ 77.434115254542036, 23.236802745713824 ], [ 77.434318154542012, 23.236847745699848 ], [ 77.434345154542044, 23.23674484573181 ], [ 77.434142254542039, 23.236699845745783 ], [ 77.434115254542036, 23.236802745713824 ] ] ] } },
{ "type": "Feature", "properties": { }, "geometry": { "type": "Polygon", "coordinates": [ [ [ 77.439680854542033, 23.236914045679256 ], [ 77.439841054542015, 23.236925445675716 ], [ 77.439850554542033, 23.236813245710565 ], [ 77.439690254542029, 23.236801845714108 ], [ 77.439680854542033, 23.236914045679256 ] ] ] } },
{ "type": "Feature", "properties": { }, "geometry": { "type": "Polygon", "coordinates": [ [ [ 77.435120154542034, 23.233959846596736 ], [ 77.435267054542024, 23.233989846587413 ], [ 77.43528435454202, 23.233918146609682 ], [ 77.435137554542038, 23.233888146618998 ], [ 77.435120154542034, 23.233959846596736 ] ] ] } },
{ "type": "Feature", "properties": { }, "geometry": { "type": "Polygon", "coordinates": [ [ [ 77.434006054542039, 23.237265345570147 ], [ 77.434206654542038, 23.237298145559961 ], [ 77.43421955454204, 23.237231245580734 ], [ 77.434018954542012, 23.237198545590889 ], [ 77.434006054542039, 23.237265345570147 ] ] ] } },
{ "type": "Feature", "properties": { }, "geometry": { "type": "Polygon", "coordinates": [ [ [ 77.435557954542034, 23.236498345808364 ], [ 77.435663854542028, 23.236517445802434 ], [ 77.435675254542033, 23.23646394581905 ], [ 77.435569354542025, 23.23644484582498 ], [ 77.435557954542034, 23.236498345808364 ] ] ] } },
{ "type": "Feature", "properties": { }, "geometry": { "type": "Polygon", "coordinates": [ [ [ 77.439777554542033, 23.231695047300033 ], [ 77.439946854542015, 23.231691347301179 ], [ 77.439942854542039, 23.231537947348812 ], [ 77.439773554542029, 23.231541647347662 ], [ 77.439777554542033, 23.231695047300033 ] ] ] } },
{ "type": "Feature", "properties": { }, "geometry": { "type": "Polygon", "coordinates": [ [ [ 77.441891954542015, 23.235058446255554 ], [ 77.442038654542031, 23.235062046254441 ], [ 77.442041054542031, 23.234977646280655 ], [ 77.441894354542029, 23.23497414628174 ], [ 77.441891954542015, 23.235058446255554 ] ] ] } },
{ "type": "Feature", "properties": { }, "geometry": { "type": "Polygon", "coordinates": [ [ [ 77.43521525454203, 23.234340446478537 ], [ 77.435363454542028, 23.234370046469348 ], [ 77.435381054542034, 23.234295746492421 ], [ 77.435232854542022, 23.234266146501614 ], [ 77.43521525454203, 23.234340446478537 ] ] ] } },
{ "type": "Feature", "properties": { }, "geometry": { "type": "Polygon", "coordinates": [ [ [ 77.434034754542026, 23.237103045620557 ], [ 77.434246354542026, 23.237142345608348 ], [ 77.434268254542033, 23.237042945639224 ], [ 77.434056654542019, 23.237003645651431 ], [ 77.434034754542026, 23.237103045620557 ] ] ] } },
{ "type": "Feature", "properties": { }, "geometry": { "type": "Polygon", "coordinates": [ [ [ 77.44035735454203, 23.229283948048685 ], [ 77.441270654542038, 23.22930494804217 ], [ 77.441275354542029, 23.229134848094986 ], [ 77.440362054542035, 23.229113848101505 ], [ 77.44035735454203, 23.229283948048685 ] ] ] } },
{ "type": "Feature", "properties": { }, "geometry": { "type": "Polygon", "coordinates": [ [ [ 77.435515354542019, 23.234286046495434 ], [ 77.435719954542037, 23.23432464648344 ], [ 77.43574065454203, 23.234232246512139 ], [ 77.435536054542027, 23.234193546524153 ], [ 77.435515354542019, 23.234286046495434 ] ] ] } },
{ "type": "Feature", "properties": { }, "geometry": { "type": "Polygon", "coordinates": [ [ [ 77.435761754542028, 23.234256046504751 ], [ 77.435735554542035, 23.234361746471919 ], [ 77.435935354542039, 23.234403646458915 ], [ 77.435961554542033, 23.234297946491733 ], [ 77.435761754542028, 23.234256046504751 ] ] ] } },
{ "type": "Feature", "properties": { }, "geometry": { "type": "Polygon", "coordinates": [ [ [ 77.433234054542027, 23.236079845938342 ], [ 77.433230454542027, 23.236343845856346 ], [ 77.433720054542036, 23.23634954585458 ], [ 77.433723654542035, 23.236085545936572 ], [ 77.433234054542027, 23.236079845938342 ] ] ] } },
{ "type": "Feature", "properties": { }, "geometry": { "type": "Polygon", "coordinates": [ [ [ 77.435097954542016, 23.234030246574875 ], [ 77.435252154542027, 23.234061046565309 ], [ 77.435267554542037, 23.233996046585492 ], [ 77.435113254542031, 23.233965246595059 ], [ 77.435097954542016, 23.234030246574875 ] ] ] } },
{ "type": "Feature", "properties": { }, "geometry": { "type": "Polygon", "coordinates": [ [ [ 77.434225654542033, 23.235265146191363 ], [ 77.434422954542015, 23.235299046180838 ], [ 77.434454354542027, 23.235144946228694 ], [ 77.43425705454203, 23.235111046239219 ], [ 77.434225654542033, 23.235265146191363 ] ] ] } },
{ "type": "Feature", "properties": { }, "geometry": { "type": "Polygon", "coordinates": [ [ [ 77.434063554542035, 23.23699514565407 ], [ 77.434266554542035, 23.237030345643134 ], [ 77.43428035454204, 23.23696304566403 ], [ 77.434077354542026, 23.236927845674973 ], [ 77.434063554542035, 23.23699514565407 ] ] ] } },
{ "type": "Feature", "properties": { }, "geometry": { "type": "Polygon", "coordinates": [ [ [ 77.441875054542038, 23.237380345534433 ], [ 77.441881254542039, 23.237274545567288 ], [ 77.441804154542027, 23.237270645568501 ], [ 77.441797954542039, 23.237376545535611 ], [ 77.441875054542038, 23.237380345534433 ] ] ] } },
{ "type": "Feature", "properties": { }, "geometry": { "type": "Polygon", "coordinates": [ [ [ 77.438575054542014, 23.23774834542013 ], [ 77.438732054542029, 23.237768345413915 ], [ 77.438749854542039, 23.237650645450476 ], [ 77.438592854542037, 23.237630545456717 ], [ 77.438575054542014, 23.23774834542013 ] ] ] } },
{ "type": "Feature", "properties": { }, "geometry": { "type": "Polygon", "coordinates": [ [ [ 77.441727454542033, 23.234514046424628 ], [ 77.441879054542028, 23.234513446424813 ], [ 77.441878654542037, 23.23443634644876 ], [ 77.441727154542036, 23.234436946448575 ], [ 77.441727454542033, 23.234514046424628 ] ] ] } },
{ "type": "Feature", "properties": { }, "geometry": { "type": "Polygon", "coordinates": [ [ [ 77.441366554542029, 23.231101747484256 ], [ 77.441716554542026, 23.231102947483894 ], [ 77.441718454542027, 23.230655747622745 ], [ 77.44136845454203, 23.230654447623152 ], [ 77.441366554542029, 23.231101747484256 ] ] ] } },
{ "type": "Feature", "properties": { }, "geometry": { "type": "Polygon", "coordinates": [ [ [ 77.435791654542015, 23.234153546536579 ], [ 77.435766854542038, 23.234251846506055 ], [ 77.435951354542027, 23.234291046493876 ], [ 77.435976054542024, 23.23419274652441 ], [ 77.435791654542015, 23.234153546536579 ] ] ] } },
{ "type": "Feature", "properties": { }, "geometry": { "type": "Polygon", "coordinates": [ [ [ 77.441896854542037, 23.234700346366775 ], [ 77.442030554542029, 23.234702446366118 ], [ 77.442032754542026, 23.23459054640087 ], [ 77.441898954542012, 23.234588446401514 ], [ 77.441896854542037, 23.234700346366775 ] ] ] } },
{ "type": "Feature", "properties": { }, "geometry": { "type": "Polygon", "coordinates": [ [ [ 77.441449754542035, 23.229908147854875 ], [ 77.441596554542031, 23.229914947852766 ], [ 77.441602154542039, 23.229812347884625 ], [ 77.441455354542015, 23.229805547886741 ], [ 77.441449754542035, 23.229908147854875 ] ] ] } },
{ "type": "Feature", "properties": { }, "geometry": { "type": "Polygon", "coordinates": [ [ [ 77.439696854542021, 23.229893347859477 ], [ 77.439877954542027, 23.229892747859658 ], [ 77.439877754542039, 23.229836747877048 ], [ 77.439696654542033, 23.229837347876863 ], [ 77.439696854542021, 23.229893347859477 ] ] ] } },
{ "type": "Feature", "properties": { }, "geometry": { "type": "Polygon", "coordinates": [ [ [ 77.441736154542028, 23.235178446218296 ], [ 77.441734254542027, 23.235249346196269 ], [ 77.441884754542016, 23.235252946195153 ], [ 77.441886654542031, 23.235181946217203 ], [ 77.441736154542028, 23.235178446218296 ] ] ] } },
{ "type": "Feature", "properties": { }, "geometry": { "type": "Polygon", "coordinates": [ [ [ 77.441658954542035, 23.237374345536292 ], [ 77.441782954542035, 23.237377445535326 ], [ 77.441786354542032, 23.237262945570894 ], [ 77.441662254542038, 23.237259945571825 ], [ 77.441658954542035, 23.237374345536292 ] ] ] } },
{ "type": "Feature", "properties": { }, "geometry": { "type": "Polygon", "coordinates": [ [ [ 77.440447754542035, 23.232880746931837 ], [ 77.440467254542028, 23.233015146890104 ], [ 77.440621554542034, 23.23299614689601 ], [ 77.440602054542012, 23.232861846937706 ], [ 77.440447754542035, 23.232880746931837 ] ] ] } },
{ "type": "Feature", "properties": { }, "geometry": { "type": "Polygon", "coordinates": [ [ [ 77.440618254542031, 23.236993545654567 ], [ 77.44075775454202, 23.237000845652297 ], [ 77.440763654542039, 23.236906245681677 ], [ 77.440624154542022, 23.236898945683944 ], [ 77.440618254542031, 23.236993545654567 ] ] ] } },
{ "type": "Feature", "properties": { }, "geometry": { "type": "Polygon", "coordinates": [ [ [ 77.441730554542048, 23.23434214647801 ], [ 77.441875054542038, 23.234343146477698 ], [ 77.441875654542031, 23.234256046504751 ], [ 77.441731154542026, 23.234255146505031 ], [ 77.441730554542048, 23.23434214647801 ] ] ] } },
{ "type": "Feature", "properties": { }, "geometry": { "type": "Polygon", "coordinates": [ [ [ 77.441381354542031, 23.231345747408501 ], [ 77.441752854542031, 23.231349447407343 ], [ 77.441755654542021, 23.231110447481555 ], [ 77.441384154542035, 23.231106747482709 ], [ 77.441381354542031, 23.231345747408501 ] ] ] } },
{ "type": "Feature", "properties": { }, "geometry": { "type": "Polygon", "coordinates": [ [ [ 77.433822854542029, 23.236836845703227 ], [ 77.43402135454204, 23.236869545693079 ], [ 77.434040254542026, 23.236772545723202 ], [ 77.43384175454203, 23.236739845733357 ], [ 77.433822854542029, 23.236836845703227 ] ] ] } },
{ "type": "Feature", "properties": { }, "geometry": { "type": "Polygon", "coordinates": [ [ [ 77.440445954542014, 23.237106945619342 ], [ 77.440596154542021, 23.237114945616863 ], [ 77.440603254542026, 23.237002345651828 ], [ 77.440453054542033, 23.236994345654317 ], [ 77.440445954542014, 23.237106945619342 ] ] ] } },
{ "type": "Feature", "properties": { }, "geometry": { "type": "Polygon", "coordinates": [ [ [ 77.435575054542014, 23.236428345830102 ], [ 77.435681954542034, 23.236450545823214 ], [ 77.435692254542019, 23.236408845836159 ], [ 77.435585254542033, 23.236386645843059 ], [ 77.435575054542014, 23.236428345830102 ] ] ] } },
{ "type": "Feature", "properties": { }, "geometry": { "type": "Polygon", "coordinates": [ [ [ 77.433213354542033, 23.236871345692517 ], [ 77.433356754542032, 23.236868045693541 ], [ 77.433349354542031, 23.236596945777745 ], [ 77.433205954542032, 23.236600245776717 ], [ 77.433213354542033, 23.236871345692517 ] ] ] } },
{ "type": "Feature", "properties": { }, "geometry": { "type": "Polygon", "coordinates": [ [ [ 77.441726154542039, 23.234250346506524 ], [ 77.441874654542019, 23.234250946506329 ], [ 77.441875054542038, 23.234167346532299 ], [ 77.441726554542029, 23.23416674653248 ], [ 77.441726154542039, 23.234250346506524 ] ] ] } },
{ "type": "Feature", "properties": { }, "geometry": { "type": "Polygon", "coordinates": [ [ [ 77.43523535454203, 23.234256046504751 ], [ 77.435380854542032, 23.234287546494965 ], [ 77.43540075454203, 23.234209746519127 ], [ 77.435255254542014, 23.234178346528878 ], [ 77.43523535454203, 23.234256046504751 ] ] ] } },
{ "type": "Feature", "properties": { }, "geometry": { "type": "Polygon", "coordinates": [ [ [ 77.433779254542017, 23.237038345640652 ], [ 77.433982454542033, 23.237071645630305 ], [ 77.434001154542031, 23.236975045660309 ], [ 77.433798054542038, 23.236941745670652 ], [ 77.433779254542017, 23.237038345640652 ] ] ] } },
{ "type": "Feature", "properties": { }, "geometry": { "type": "Polygon", "coordinates": [ [ [ 77.435641954542035, 23.236111745928433 ], [ 77.435623254542023, 23.236189645904243 ], [ 77.435767654542033, 23.236218945895143 ], [ 77.435786354542017, 23.236141045919332 ], [ 77.435641954542035, 23.236111745928433 ] ] ] } },
{ "type": "Feature", "properties": { }, "geometry": { "type": "Polygon", "coordinates": [ [ [ 77.435293754542016, 23.234073946561303 ], [ 77.435437254542038, 23.234100846552945 ], [ 77.435454154542015, 23.2340243465767 ], [ 77.435310654542022, 23.233997546585027 ], [ 77.435293754542016, 23.234073946561303 ] ] ] } },
{ "type": "Feature", "properties": { }, "geometry": { "type": "Polygon", "coordinates": [ [ [ 77.440363354542029, 23.230018947820476 ], [ 77.440675854542036, 23.230030747816809 ], [ 77.440681254542028, 23.229911147853944 ], [ 77.440368754542021, 23.229899347857607 ], [ 77.440363354542029, 23.230018947820476 ] ] ] } },
{ "type": "Feature", "properties": { }, "geometry": { "type": "Polygon", "coordinates": [ [ [ 77.437618454542033, 23.237444845514396 ], [ 77.43775925454203, 23.237473345505546 ], [ 77.437807854542029, 23.237270645568501 ], [ 77.437667054542032, 23.23724224557732 ], [ 77.437618454542033, 23.237444845514396 ] ] ] } },
{ "type": "Feature", "properties": { }, "geometry": { "type": "Polygon", "coordinates": [ [ [ 77.433801554542029, 23.236936145672392 ], [ 77.43399895454202, 23.236969745661952 ], [ 77.434017754542026, 23.236876645690877 ], [ 77.433820254542013, 23.236843045701313 ], [ 77.433801554542029, 23.236936145672392 ] ] ] } },
{ "type": "Feature", "properties": { }, "geometry": { "type": "Polygon", "coordinates": [ [ [ 77.439909354542038, 23.231168947463399 ], [ 77.440292754542028, 23.231171447462618 ], [ 77.440294354542033, 23.230957447529068 ], [ 77.439910954542029, 23.230954947529838 ], [ 77.439909354542038, 23.231168947463399 ] ] ] } },
{ "type": "Feature", "properties": { }, "geometry": { "type": "Polygon", "coordinates": [ [ [ 77.439816054542035, 23.232896946926804 ], [ 77.439954354542039, 23.232913546921651 ], [ 77.439974454542039, 23.232771846965655 ], [ 77.43983625454203, 23.232755246970811 ], [ 77.439816054542035, 23.232896946926804 ] ] ] } },
{ "type": "Feature", "properties": { }, "geometry": { "type": "Polygon", "coordinates": [ [ [ 77.43525545454203, 23.234174446530087 ], [ 77.435401054542012, 23.234205246520524 ], [ 77.435423454542033, 23.23411564654835 ], [ 77.435277954542016, 23.234084746557947 ], [ 77.43525545454203, 23.234174446530087 ] ] ] } },
{ "type": "Feature", "properties": { }, "geometry": { "type": "Polygon", "coordinates": [ [ [ 77.433761154542026, 23.237130745611957 ], [ 77.433958954542035, 23.23716404560161 ], [ 77.433976554542028, 23.237075645629062 ], [ 77.433778754542033, 23.237042345639409 ], [ 77.433761154542026, 23.237130745611957 ] ] ] } },
{ "type": "Feature", "properties": { }, "geometry": { "type": "Polygon", "coordinates": [ [ [ 77.435349854542025, 23.233833846635861 ], [ 77.435316454542019, 23.233983146589498 ], [ 77.435460854542029, 23.234010346581051 ], [ 77.435494254542036, 23.233861146627383 ], [ 77.435349854542025, 23.233833846635861 ] ] ] } },
{ "type": "Feature", "properties": { }, "geometry": { "type": "Polygon", "coordinates": [ [ [ 77.433707554542039, 23.235848046010336 ], [ 77.433966654542019, 23.235896245995367 ], [ 77.434007254542024, 23.235712546052412 ], [ 77.43374815454203, 23.235664246067419 ], [ 77.433707554542039, 23.235848046010336 ] ] ] } },
{ "type": "Feature", "properties": { }, "geometry": { "type": "Polygon", "coordinates": [ [ [ 77.441950854542029, 23.237384045533279 ], [ 77.44195705454203, 23.23727844556608 ], [ 77.441883854542027, 23.2372748455672 ], [ 77.441877654542026, 23.237380445534402 ], [ 77.441950854542029, 23.237384045533279 ] ] ] } },
{ "type": "Feature", "properties": { }, "geometry": { "type": "Polygon", "coordinates": [ [ [ 77.438908654542018, 23.234568646407673 ], [ 77.439307154542036, 23.234629646388726 ], [ 77.439402654542022, 23.234103046552267 ], [ 77.439260754542019, 23.234081346558998 ], [ 77.439187454542022, 23.234485846433387 ], [ 77.438930854542036, 23.234446546445586 ], [ 77.438908654542018, 23.234568646407673 ] ] ] } },
{ "type": "Feature", "properties": { }, "geometry": { "type": "Polygon", "coordinates": [ [ [ 77.439796154542023, 23.23005664780877 ], [ 77.44021995454203, 23.230066547805698 ], [ 77.440227354542031, 23.229797247889312 ], [ 77.439902954542035, 23.229789647891671 ], [ 77.439897654542037, 23.229982547831778 ], [ 77.439798254542026, 23.22998024783249 ], [ 77.439796154542023, 23.23005664780877 ] ] ] } },
{ "type": "Feature", "properties": { }, "geometry": { "type": "Polygon", "coordinates": [ [ [ 77.43341185454203, 23.236973145660901 ], [ 77.433618854542019, 23.236968345662394 ], [ 77.433609054542032, 23.236615645771934 ], [ 77.433495654542028, 23.23661824577113 ], [ 77.433497254542033, 23.236674245753733 ], [ 77.433403654542033, 23.236676445753051 ], [ 77.43341185454203, 23.236973145660901 ] ] ] } },
{ "type": "Feature", "properties": { }, "geometry": { "type": "Polygon", "coordinates": [ [ [ 77.439917454542027, 23.2313080474202 ], [ 77.440018754542024, 23.231308747419984 ], [ 77.440017954542029, 23.231412147387879 ], [ 77.440229954542033, 23.231413547387444 ], [ 77.440230654542034, 23.23131004741958 ], [ 77.440500854542037, 23.231311847419022 ], [ 77.440501854542035, 23.231181347459536 ], [ 77.439918454542024, 23.231177547460721 ], [ 77.439917454542027, 23.2313080474202 ] ] ] } },
{ "type": "Feature", "properties": { }, "geometry": { "type": "Polygon", "coordinates": [ [ [ 77.440591254542028, 23.235888245997849 ], [ 77.440733354542033, 23.235904445992816 ], [ 77.440745954542038, 23.235811046021826 ], [ 77.440603854542033, 23.235794846026852 ], [ 77.440591254542028, 23.235888245997849 ] ] ] } },
{ "type": "Feature", "properties": { }, "geometry": { "type": "Polygon", "coordinates": [ [ [ 77.439243754542034, 23.232118447168556 ], [ 77.439322854542027, 23.23213014716492 ], [ 77.439340654542022, 23.232028647196433 ], [ 77.439261554542028, 23.232016947200073 ], [ 77.439243754542034, 23.232118447168556 ] ] ] } },
{ "type": "Feature", "properties": { }, "geometry": { "type": "Polygon", "coordinates": [ [ [ 77.433674854542033, 23.2375462454829 ], [ 77.434022154542035, 23.237646045451907 ], [ 77.434060554542015, 23.237533345486902 ], [ 77.433713254542027, 23.237433445517933 ], [ 77.433674854542033, 23.2375462454829 ] ] ] } },
{ "type": "Feature", "properties": { }, "geometry": { "type": "Polygon", "coordinates": [ [ [ 77.440778954542012, 23.231587547333412 ], [ 77.440872854542036, 23.231588847333008 ], [ 77.440874054542036, 23.231514647356047 ], [ 77.44078015454204, 23.231513347356451 ], [ 77.440778954542012, 23.231587547333412 ] ] ] } },
{ "type": "Feature", "properties": { }, "geometry": { "type": "Polygon", "coordinates": [ [ [ 77.438745554542038, 23.235488546121985 ], [ 77.438869254542027, 23.235505246116798 ], [ 77.438878554542029, 23.235446946134903 ], [ 77.438754854542026, 23.235430346140056 ], [ 77.438745554542038, 23.235488546121985 ] ] ] } },
{ "type": "Feature", "properties": { }, "geometry": { "type": "Polygon", "coordinates": [ [ [ 77.440555354542028, 23.230890047549995 ], [ 77.44061635454203, 23.230889747550091 ], [ 77.440615754542037, 23.230781447583716 ], [ 77.440554754542021, 23.230781847583597 ], [ 77.440555354542028, 23.230890047549995 ] ] ] } },
{ "type": "Feature", "properties": { }, "geometry": { "type": "Polygon", "coordinates": [ [ [ 77.438767454542031, 23.23542784614083 ], [ 77.438889254542033, 23.235442746136208 ], [ 77.438899854542029, 23.235370046158781 ], [ 77.438777954542033, 23.235355046163445 ], [ 77.438767454542031, 23.23542784614083 ] ] ] } },
{ "type": "Feature", "properties": { }, "geometry": { "type": "Polygon", "coordinates": [ [ [ 77.439255554542029, 23.236982745657922 ], [ 77.439385854542039, 23.237000445652416 ], [ 77.439401254542034, 23.2369042456823 ], [ 77.439270954542039, 23.236886645687772 ], [ 77.439255554542029, 23.236982745657922 ] ] ] } },
{ "type": "Feature", "properties": { }, "geometry": { "type": "Polygon", "coordinates": [ [ [ 77.439271054542019, 23.237378445535018 ], [ 77.439342454542015, 23.23738154553406 ], [ 77.439347154542034, 23.237289445562659 ], [ 77.439275754542038, 23.237286345563625 ], [ 77.439271054542019, 23.237378445535018 ] ] ] } },
{ "type": "Feature", "properties": { }, "geometry": { "type": "Polygon", "coordinates": [ [ [ 77.43966725454203, 23.235832646015119 ], [ 77.439816954542039, 23.235837146013719 ], [ 77.439820054542025, 23.235750746040555 ], [ 77.439670354542031, 23.235746246041952 ], [ 77.43966725454203, 23.235832646015119 ] ] ] } },
{ "type": "Feature", "properties": { }, "geometry": { "type": "Polygon", "coordinates": [ [ [ 77.439105354542036, 23.236925645675651 ], [ 77.439249054542032, 23.236946645669121 ], [ 77.439260954542021, 23.23687744569062 ], [ 77.439117254542026, 23.236856445697143 ], [ 77.439105354542036, 23.236925645675651 ] ] ] } },
{ "type": "Feature", "properties": { }, "geometry": { "type": "Polygon", "coordinates": [ [ [ 77.439721754542035, 23.236571945785506 ], [ 77.439888654542031, 23.23658854578035 ], [ 77.439899354542021, 23.236498045808457 ], [ 77.439732354542031, 23.236481345813644 ], [ 77.439721754542035, 23.236571945785506 ] ] ] } },
{ "type": "Feature", "properties": { }, "geometry": { "type": "Polygon", "coordinates": [ [ [ 77.439192954542037, 23.237372345536912 ], [ 77.439267454542033, 23.23737544553595 ], [ 77.439272154542039, 23.237277745566299 ], [ 77.439197754542022, 23.237274645567254 ], [ 77.439192954542037, 23.237372345536912 ] ] ] } },
{ "type": "Feature", "properties": { }, "geometry": { "type": "Polygon", "coordinates": [ [ [ 77.438498954542027, 23.232939446913608 ], [ 77.438608454542049, 23.23296604690535 ], [ 77.438630754542032, 23.232888346929474 ], [ 77.438521254542039, 23.232861746937736 ], [ 77.438498954542027, 23.232939446913608 ] ] ] } },
{ "type": "Feature", "properties": { }, "geometry": { "type": "Polygon", "coordinates": [ [ [ 77.440463554542021, 23.230879847553158 ], [ 77.440539954542032, 23.230878947553439 ], [ 77.44053855454203, 23.230782747583309 ], [ 77.440462154542033, 23.230783647583031 ], [ 77.440463554542021, 23.230879847553158 ] ] ] } },
{ "type": "Feature", "properties": { }, "geometry": { "type": "Polygon", "coordinates": [ [ [ 77.437647354542037, 23.238110345307692 ], [ 77.437756654542028, 23.238128645302012 ], [ 77.437779754542035, 23.238012445338104 ], [ 77.437670454542015, 23.23799414534378 ], [ 77.437647354542037, 23.238110345307692 ] ] ] } },
{ "type": "Feature", "properties": { }, "geometry": { "type": "Polygon", "coordinates": [ [ [ 77.436658254542039, 23.237527345488768 ], [ 77.436783954542037, 23.237559145478901 ], [ 77.436805254542037, 23.237488145500944 ], [ 77.436679554542039, 23.237456245510856 ], [ 77.436658254542039, 23.237527345488768 ] ] ] } },
{ "type": "Feature", "properties": { }, "geometry": { "type": "Polygon", "coordinates": [ [ [ 77.438437554542034, 23.237094445623228 ], [ 77.438577054542037, 23.237111645617883 ], [ 77.438587954542029, 23.237037245640987 ], [ 77.438448554542035, 23.237019945646367 ], [ 77.438437554542034, 23.237094445623228 ] ] ] } },
{ "type": "Feature", "properties": { }, "geometry": { "type": "Polygon", "coordinates": [ [ [ 77.440752054542031, 23.235955745976888 ], [ 77.440903854542029, 23.235969345972666 ], [ 77.440915354542028, 23.235860746006388 ], [ 77.440763454542036, 23.235847246010582 ], [ 77.440752054542031, 23.235955745976888 ] ] ] } },
{ "type": "Feature", "properties": { }, "geometry": { "type": "Polygon", "coordinates": [ [ [ 77.436850054542035, 23.226871548797671 ], [ 77.43682475454203, 23.226961548769733 ], [ 77.436925954542033, 23.226985648762245 ], [ 77.436951254542024, 23.226895548790218 ], [ 77.436850054542035, 23.226871548797671 ] ] ] } },
{ "type": "Feature", "properties": { }, "geometry": { "type": "Polygon", "coordinates": [ [ [ 77.435014754542038, 23.228825148191135 ], [ 77.435194954542027, 23.228897748168595 ], [ 77.435216354542021, 23.228852848182541 ], [ 77.435036254542027, 23.228780148205107 ], [ 77.435014754542038, 23.228825148191135 ] ] ] } },
{ "type": "Feature", "properties": { }, "geometry": { "type": "Polygon", "coordinates": [ [ [ 77.436774054542028, 23.22716944870519 ], [ 77.436754854542031, 23.227228248686934 ], [ 77.436937854542023, 23.227278748671253 ], [ 77.436957054542034, 23.227219948689505 ], [ 77.436774054542028, 23.22716944870519 ] ] ] } },
{ "type": "Feature", "properties": { }, "geometry": { "type": "Polygon", "coordinates": [ [ [ 77.437386754542032, 23.226954748771842 ], [ 77.437453054542033, 23.226968148767686 ], [ 77.437481254542021, 23.226850448804225 ], [ 77.437414954542021, 23.226837048808388 ], [ 77.437386754542032, 23.226954748771842 ] ] ] } },
{ "type": "Feature", "properties": { }, "geometry": { "type": "Polygon", "coordinates": [ [ [ 77.437522254542031, 23.227419348627613 ], [ 77.437618254542031, 23.227439248621423 ], [ 77.437649054542021, 23.227313548660451 ], [ 77.437553054542036, 23.227293648666624 ], [ 77.437522254542031, 23.227419348627613 ] ] ] } },
{ "type": "Feature", "properties": { }, "geometry": { "type": "Polygon", "coordinates": [ [ [ 77.43705215454203, 23.22628964897833 ], [ 77.437016154542036, 23.226390148947129 ], [ 77.437212354542027, 23.226449448928719 ], [ 77.437248254542027, 23.226348948959913 ], [ 77.43705215454203, 23.22628964897833 ] ] ] } },
{ "type": "Feature", "properties": { }, "geometry": { "type": "Polygon", "coordinates": [ [ [ 77.435565554542038, 23.228069248425829 ], [ 77.435648654542035, 23.22809384841819 ], [ 77.435678454542028, 23.228008448444704 ], [ 77.435595454542039, 23.227983948452316 ], [ 77.435565554542038, 23.228069248425829 ] ] ] } },
{ "type": "Feature", "properties": { }, "geometry": { "type": "Polygon", "coordinates": [ [ [ 77.435443854542029, 23.22823314837494 ], [ 77.43551685454203, 23.228263048365662 ], [ 77.435549054542037, 23.228196448386335 ], [ 77.435476054542022, 23.228166648395586 ], [ 77.435443854542029, 23.22823314837494 ] ] ] } },
{ "type": "Feature", "properties": { }, "geometry": { "type": "Polygon", "coordinates": [ [ [ 77.43605775454202, 23.227858248491337 ], [ 77.436207854542019, 23.227903248477368 ], [ 77.436261454542034, 23.22775234852422 ], [ 77.436111454542029, 23.227707248538216 ], [ 77.43605775454202, 23.227858248491337 ] ] ] } },
{ "type": "Feature", "properties": { }, "geometry": { "type": "Polygon", "coordinates": [ [ [ 77.435078954542035, 23.228682848235319 ], [ 77.435039854542012, 23.228773048207312 ], [ 77.435157954542035, 23.228816148193932 ], [ 77.435196954542036, 23.228726048221912 ], [ 77.435078954542035, 23.228682848235319 ] ] ] } },
{ "type": "Feature", "properties": { }, "geometry": { "type": "Polygon", "coordinates": [ [ [ 77.437350254542039, 23.227679248546913 ], [ 77.437418954542039, 23.227691548543099 ], [ 77.43744575454204, 23.227565248582305 ], [ 77.437377054542026, 23.227552948586126 ], [ 77.437350254542039, 23.227679248546913 ] ] ] } },
{ "type": "Feature", "properties": { }, "geometry": { "type": "Polygon", "coordinates": [ [ [ 77.436641854542032, 23.226154249020365 ], [ 77.436710854542028, 23.226171549014989 ], [ 77.436744354542029, 23.226058449050107 ], [ 77.436675354542032, 23.226041249055445 ], [ 77.436641854542032, 23.226154249020365 ] ] ] } },
{ "type": "Feature", "properties": { }, "geometry": { "type": "Polygon", "coordinates": [ [ [ 77.436247954542026, 23.228230248375841 ], [ 77.436337154542016, 23.228254548368298 ], [ 77.436395054542018, 23.228075448423901 ], [ 77.436305854542013, 23.228051148431451 ], [ 77.436247954542026, 23.228230248375841 ] ] ] } },
{ "type": "Feature", "properties": { }, "geometry": { "type": "Polygon", "coordinates": [ [ [ 77.435415954542037, 23.22855974827354 ], [ 77.43551405454204, 23.228600148260995 ], [ 77.435598654542034, 23.228427048314742 ], [ 77.435500654542039, 23.228386648327284 ], [ 77.435415954542037, 23.22855974827354 ] ] ] } },
{ "type": "Feature", "properties": { }, "geometry": { "type": "Polygon", "coordinates": [ [ [ 77.436172454542017, 23.22738434863847 ], [ 77.436109654542022, 23.227542348589413 ], [ 77.436331554542036, 23.227616848566282 ], [ 77.436394354542031, 23.227458948615311 ], [ 77.436172454542017, 23.22738434863847 ] ] ] } },
{ "type": "Feature", "properties": { }, "geometry": { "type": "Polygon", "coordinates": [ [ [ 77.437504654542039, 23.227716848535234 ], [ 77.437555954542034, 23.227726948532098 ], [ 77.437585554542039, 23.227600448571376 ], [ 77.43753425454203, 23.227590348574509 ], [ 77.437504654542039, 23.227716848535234 ] ] ] } },
{ "type": "Feature", "properties": { }, "geometry": { "type": "Polygon", "coordinates": [ [ [ 77.43653505454202, 23.225912749095333 ], [ 77.436598354542028, 23.225931249089594 ], [ 77.436622454542032, 23.225861649111209 ], [ 77.436559154542039, 23.22584314911694 ], [ 77.43653505454202, 23.225912749095333 ] ] ] } },
{ "type": "Feature", "properties": { }, "geometry": { "type": "Polygon", "coordinates": [ [ [ 77.437844154542034, 23.226654648865011 ], [ 77.437933254542031, 23.226673648859112 ], [ 77.437966754542032, 23.226541248900215 ], [ 77.437877654542035, 23.226522148906142 ], [ 77.437844154542034, 23.226654648865011 ] ] ] } },
{ "type": "Feature", "properties": { }, "geometry": { "type": "Polygon", "coordinates": [ [ [ 77.437496954542027, 23.227986248451597 ], [ 77.437481254542021, 23.228038648435327 ], [ 77.437608954542029, 23.228070948425309 ], [ 77.437624554542026, 23.228018548441565 ], [ 77.437496954542027, 23.227986248451597 ] ] ] } },
{ "type": "Feature", "properties": { }, "geometry": { "type": "Polygon", "coordinates": [ [ [ 77.437413654542013, 23.226553548896408 ], [ 77.437484554542024, 23.226568548891741 ], [ 77.43751335454202, 23.226453348927503 ], [ 77.437442454542037, 23.226438348932163 ], [ 77.437413654542013, 23.226553548896408 ] ] ] } },
{ "type": "Feature", "properties": { }, "geometry": { "type": "Polygon", "coordinates": [ [ [ 77.435882454542039, 23.228664348241065 ], [ 77.435980154542037, 23.228704648228554 ], [ 77.436055854542033, 23.228549348276772 ], [ 77.435958154542035, 23.228509048289279 ], [ 77.435882454542039, 23.228664348241065 ] ] ] } },
{ "type": "Feature", "properties": { }, "geometry": { "type": "Polygon", "coordinates": [ [ [ 77.435523254542034, 23.228602948260125 ], [ 77.435620854542037, 23.228642648247799 ], [ 77.435702954542023, 23.22847244830065 ], [ 77.43560535454202, 23.228432648313003 ], [ 77.435523254542034, 23.228602948260125 ] ] ] } },
{ "type": "Feature", "properties": { }, "geometry": { "type": "Polygon", "coordinates": [ [ [ 77.436706054542029, 23.228001548446848 ], [ 77.43682555454204, 23.228045348433248 ], [ 77.436858054542029, 23.227970348456534 ], [ 77.436738654542026, 23.227926548470133 ], [ 77.436706054542029, 23.228001548446848 ] ] ] } },
{ "type": "Feature", "properties": { }, "geometry": { "type": "Polygon", "coordinates": [ [ [ 77.436329454542033, 23.227693248542561 ], [ 77.436453854542037, 23.227742248527349 ], [ 77.436479154542027, 23.22768774854427 ], [ 77.436354854542017, 23.227638848559458 ], [ 77.436329454542033, 23.227693248542561 ] ] ] } },
{ "type": "Feature", "properties": { }, "geometry": { "type": "Polygon", "coordinates": [ [ [ 77.436361554542032, 23.228539748279744 ], [ 77.436447554542028, 23.228564748271985 ], [ 77.436508354542028, 23.228388048326845 ], [ 77.436422354542032, 23.228363048334607 ], [ 77.436361554542032, 23.228539748279744 ] ] ] } },
{ "type": "Feature", "properties": { }, "geometry": { "type": "Polygon", "coordinates": [ [ [ 77.436724254542028, 23.227554048585784 ], [ 77.436789754542033, 23.227569748580912 ], [ 77.436828654542012, 23.227433248623282 ], [ 77.436763154542035, 23.227417448628188 ], [ 77.436724254542028, 23.227554048585784 ] ] ] } },
{ "type": "Feature", "properties": { }, "geometry": { "type": "Polygon", "coordinates": [ [ [ 77.435934054542031, 23.226886248793107 ], [ 77.435989454542039, 23.226907248786592 ], [ 77.436039854542045, 23.226794848821488 ], [ 77.435984354542029, 23.226773948827979 ], [ 77.435934054542031, 23.226886248793107 ] ] ] } },
{ "type": "Feature", "properties": { }, "geometry": { "type": "Polygon", "coordinates": [ [ [ 77.436775954542014, 23.226277248982178 ], [ 77.436965054542028, 23.226335748964015 ], [ 77.437008154542028, 23.226218149000523 ], [ 77.436819054542028, 23.226159549018718 ], [ 77.436775954542014, 23.226277248982178 ] ] ] } },
{ "type": "Feature", "properties": { }, "geometry": { "type": "Polygon", "coordinates": [ [ [ 77.43640275454203, 23.227519048596648 ], [ 77.436383854542029, 23.227565748582148 ], [ 77.436512154542015, 23.227609548568552 ], [ 77.43653105454203, 23.227562848583055 ], [ 77.43640275454203, 23.227519048596648 ] ] ] } },
{ "type": "Feature", "properties": { }, "geometry": { "type": "Polygon", "coordinates": [ [ [ 77.437154754542036, 23.227697148541349 ], [ 77.437129554542025, 23.227810048506303 ], [ 77.437315254542014, 23.227845148495401 ], [ 77.437340554542033, 23.227732248530458 ], [ 77.437154754542036, 23.227697148541349 ] ] ] } },
{ "type": "Feature", "properties": { }, "geometry": { "type": "Polygon", "coordinates": [ [ [ 77.436890054542019, 23.227115648721892 ], [ 77.436989954542028, 23.227142348713603 ], [ 77.437026554542015, 23.227026948749433 ], [ 77.436926754542029, 23.227000148757739 ], [ 77.436890054542019, 23.227115648721892 ] ] ] } },
{ "type": "Feature", "properties": { }, "geometry": { "type": "Polygon", "coordinates": [ [ [ 77.437069954542039, 23.227144248713014 ], [ 77.437169754542026, 23.227168248705564 ], [ 77.437205954542023, 23.227041348744962 ], [ 77.437106154542036, 23.227017248752443 ], [ 77.437069954542039, 23.227144248713014 ] ] ] } },
{ "type": "Feature", "properties": { }, "geometry": { "type": "Polygon", "coordinates": [ [ [ 77.436887254542029, 23.227580348577614 ], [ 77.436963054542034, 23.227597948572154 ], [ 77.436996654542028, 23.227475948610032 ], [ 77.436920754542015, 23.2274583486155 ], [ 77.436887254542029, 23.227580348577614 ] ] ] } },
{ "type": "Feature", "properties": { }, "geometry": { "type": "Polygon", "coordinates": [ [ [ 77.436280554542023, 23.227820848502954 ], [ 77.436400754542035, 23.227864948489255 ], [ 77.436428754542035, 23.227800748509193 ], [ 77.436308454542029, 23.227756648522877 ], [ 77.436280554542023, 23.227820848502954 ] ] ] } },
{ "type": "Feature", "properties": { }, "geometry": { "type": "Polygon", "coordinates": [ [ [ 77.436912254542037, 23.22777554851702 ], [ 77.436972754542026, 23.227792948511617 ], [ 77.437014954542036, 23.227669148550049 ], [ 77.436954454542033, 23.227651748555452 ], [ 77.436912254542037, 23.22777554851702 ] ] ] } },
{ "type": "Feature", "properties": { }, "geometry": { "type": "Polygon", "coordinates": [ [ [ 77.437573254542016, 23.226293848977026 ], [ 77.437671854542032, 23.226318848969267 ], [ 77.437711354542031, 23.226186949010209 ], [ 77.43761275454203, 23.226161949017968 ], [ 77.437573254542016, 23.226293848977026 ] ] ] } },
{ "type": "Feature", "properties": { }, "geometry": { "type": "Polygon", "coordinates": [ [ [ 77.436886254542031, 23.226760048832293 ], [ 77.436854954542028, 23.226860148801212 ], [ 77.437046754542024, 23.226910648785537 ], [ 77.437078054542027, 23.226810548816612 ], [ 77.436886254542031, 23.226760048832293 ] ] ] } },
{ "type": "Feature", "properties": { }, "geometry": { "type": "Polygon", "coordinates": [ [ [ 77.437263254542032, 23.228056648429746 ], [ 77.437247554542026, 23.2281044484149 ], [ 77.437353154542038, 23.228133748405803 ], [ 77.437368854542029, 23.228085948420642 ], [ 77.437263254542032, 23.228056648429746 ] ] ] } },
{ "type": "Feature", "properties": { }, "geometry": { "type": "Polygon", "coordinates": [ [ [ 77.436617854542035, 23.228126848407946 ], [ 77.436559954542034, 23.228313348350042 ], [ 77.436670354542017, 23.228342348341037 ], [ 77.436728354542012, 23.228155848398938 ], [ 77.436617854542035, 23.228126848407946 ] ] ] } },
{ "type": "Feature", "properties": { }, "geometry": { "type": "Polygon", "coordinates": [ [ [ 77.437687054542039, 23.226867148799037 ], [ 77.437775454542034, 23.226884448793669 ], [ 77.437803954542034, 23.226761448831859 ], [ 77.437715554542038, 23.226744148837227 ], [ 77.437687054542039, 23.226867148799037 ] ] ] } },
{ "type": "Feature", "properties": { }, "geometry": { "type": "Polygon", "coordinates": [ [ [ 77.436172354542038, 23.228482448297544 ], [ 77.436263054542025, 23.228506048290214 ], [ 77.436316754542034, 23.228332048344239 ], [ 77.436226054542033, 23.228308348351597 ], [ 77.436172354542038, 23.228482448297544 ] ] ] } },
{ "type": "Feature", "properties": { }, "geometry": { "type": "Polygon", "coordinates": [ [ [ 77.43644895454203, 23.226546548898575 ], [ 77.436574354542032, 23.226581348887766 ], [ 77.436638454542035, 23.226386048948399 ], [ 77.436512954542039, 23.226351348959174 ], [ 77.43644895454203, 23.226546548898575 ] ] ] } },
{ "type": "Feature", "properties": { }, "geometry": { "type": "Polygon", "coordinates": [ [ [ 77.437509554542032, 23.226832348809847 ], [ 77.437575754542038, 23.226846248805526 ], [ 77.437607554542026, 23.226718148845293 ], [ 77.43754135454202, 23.226704348849587 ], [ 77.437509554542032, 23.226832348809847 ] ] ] } },
{ "type": "Feature", "properties": { }, "geometry": { "type": "Polygon", "coordinates": [ [ [ 77.437550254542032, 23.22777554851702 ], [ 77.437531554542034, 23.227848448494381 ], [ 77.437601254542017, 23.22786354848969 ], [ 77.437619954542029, 23.227790648512329 ], [ 77.437550254542032, 23.22777554851702 ] ] ] } },
{ "type": "Feature", "properties": { }, "geometry": { "type": "Polygon", "coordinates": [ [ [ 77.437188954542037, 23.227382048639186 ], [ 77.437256754542034, 23.227396048634841 ], [ 77.437302554542029, 23.227208548693046 ], [ 77.437234854542027, 23.227194548697391 ], [ 77.437188954542037, 23.227382048639186 ] ] ] } },
{ "type": "Feature", "properties": { }, "geometry": { "type": "Polygon", "coordinates": [ [ [ 77.436991054542034, 23.226484248917913 ], [ 77.437182954542038, 23.226535248902078 ], [ 77.437207254542031, 23.226458148926017 ], [ 77.437015354542027, 23.226407048941887 ], [ 77.436991054542034, 23.226484248917913 ] ] ] } },
{ "type": "Feature", "properties": { }, "geometry": { "type": "Polygon", "coordinates": [ [ [ 77.436554554542028, 23.226276348982463 ], [ 77.436664154542015, 23.226311148971654 ], [ 77.43670165454202, 23.226211649002543 ], [ 77.436592054542032, 23.226176749013376 ], [ 77.436554554542028, 23.226276348982463 ] ] ] } },
{ "type": "Feature", "properties": { }, "geometry": { "type": "Polygon", "coordinates": [ [ [ 77.437329154542027, 23.226799448820064 ], [ 77.437414454542036, 23.226817848814342 ], [ 77.437448054542031, 23.22668654885511 ], [ 77.437362654542028, 23.226668148860821 ], [ 77.437329154542027, 23.226799448820064 ] ] ] } },
{ "type": "Feature", "properties": { }, "geometry": { "type": "Polygon", "coordinates": [ [ [ 77.436753354542034, 23.227232248685695 ], [ 77.43673085454202, 23.227302648663837 ], [ 77.436908954542034, 23.227350748648902 ], [ 77.43693145454202, 23.227280448670729 ], [ 77.436753354542034, 23.227232248685695 ] ] ] } },
{ "type": "Feature", "properties": { }, "geometry": { "type": "Polygon", "coordinates": [ [ [ 77.437459854542027, 23.226960948769918 ], [ 77.437563754542026, 23.226980748763772 ], [ 77.437589254542033, 23.226867948798795 ], [ 77.437485354542019, 23.226848148804944 ], [ 77.437459854542027, 23.226960948769918 ] ] ] } },
{ "type": "Feature", "properties": { }, "geometry": { "type": "Polygon", "coordinates": [ [ [ 77.437202454542017, 23.226784848824586 ], [ 77.437172854542027, 23.226893748790786 ], [ 77.437284054542033, 23.226919348782836 ], [ 77.437313754542032, 23.226810448816639 ], [ 77.437202454542017, 23.226784848824586 ] ] ] } },
{ "type": "Feature", "properties": { }, "geometry": { "type": "Polygon", "coordinates": [ [ [ 77.435582654542017, 23.227945448464261 ], [ 77.43568225454203, 23.22797884845389 ], [ 77.435716754542014, 23.227891948480877 ], [ 77.435617254542038, 23.227858548491245 ], [ 77.435582654542017, 23.227945448464261 ] ] ] } },
{ "type": "Feature", "properties": { }, "geometry": { "type": "Polygon", "coordinates": [ [ [ 77.437655754542035, 23.227001548757311 ], [ 77.437733654542029, 23.227016948752535 ], [ 77.437762754542035, 23.226892848791064 ], [ 77.437684854542013, 23.226877448795836 ], [ 77.437655754542035, 23.227001548757311 ] ] ] } },
{ "type": "Feature", "properties": { }, "geometry": { "type": "Polygon", "coordinates": [ [ [ 77.437270854542035, 23.227390948636415 ], [ 77.437379254542037, 23.227411948629904 ], [ 77.437417354542035, 23.22724534868162 ], [ 77.437308954542033, 23.227224348688136 ], [ 77.437270854542035, 23.227390948636415 ] ] ] } },
{ "type": "Feature", "properties": { }, "geometry": { "type": "Polygon", "coordinates": [ [ [ 77.435327454542033, 23.228180248391364 ], [ 77.435439154542038, 23.228228448376406 ], [ 77.435471954542052, 23.228164348396302 ], [ 77.435360154542039, 23.228116148411271 ], [ 77.435327454542033, 23.228180248391364 ] ] ] } },
{ "type": "Feature", "properties": { }, "geometry": { "type": "Polygon", "coordinates": [ [ [ 77.436156354542035, 23.227574748579364 ], [ 77.436116054542026, 23.227691548543099 ], [ 77.436279054542013, 23.22773894852838 ], [ 77.436319254542028, 23.227622248564604 ], [ 77.436156354542035, 23.227574748579364 ] ] ] } },
{ "type": "Feature", "properties": { }, "geometry": { "type": "Polygon", "coordinates": [ [ [ 77.437888354542025, 23.226085549041684 ], [ 77.43787015454204, 23.226180849012106 ], [ 77.438022354542014, 23.226205449004468 ], [ 77.438040554542027, 23.226110249034026 ], [ 77.437888354542025, 23.226085549041684 ] ] ] } },
{ "type": "Feature", "properties": { }, "geometry": { "type": "Polygon", "coordinates": [ [ [ 77.435221754542027, 23.228716748224791 ], [ 77.435345854542035, 23.22876114821101 ], [ 77.43540355454202, 23.228624948253294 ], [ 77.435279454542027, 23.228580548267075 ], [ 77.435221754542027, 23.228716748224791 ] ] ] } },
{ "type": "Feature", "properties": { }, "geometry": { "type": "Polygon", "coordinates": [ [ [ 77.437436754542034, 23.227698348540983 ], [ 77.437498854542028, 23.227709248537597 ], [ 77.437525054542036, 23.227583548576622 ], [ 77.437462954542028, 23.227572648580008 ], [ 77.437436754542034, 23.227698348540983 ] ] ] } },
{ "type": "Feature", "properties": { }, "geometry": { "type": "Polygon", "coordinates": [ [ [ 77.436338754542035, 23.225961449080216 ], [ 77.436304454542025, 23.226077349044239 ], [ 77.436533754542026, 23.226134649026449 ], [ 77.436568054542036, 23.226018749062426 ], [ 77.436338754542035, 23.225961449080216 ] ] ] } },
{ "type": "Feature", "properties": { }, "geometry": { "type": "Polygon", "coordinates": [ [ [ 77.435404854542028, 23.228013048443273 ], [ 77.435513454542033, 23.228047548432571 ], [ 77.435546654542023, 23.22795944845992 ], [ 77.435438054542033, 23.227924848470657 ], [ 77.435404854542028, 23.228013048443273 ] ] ] } },
{ "type": "Feature", "properties": { }, "geometry": { "type": "Polygon", "coordinates": [ [ [ 77.43610535454205, 23.228429748313896 ], [ 77.436166054542014, 23.228448748308004 ], [ 77.436218354542035, 23.228307648351812 ], [ 77.436157654542029, 23.228288648357712 ], [ 77.43610535454205, 23.228429748313896 ] ] ] } },
{ "type": "Feature", "properties": { }, "geometry": { "type": "Polygon", "coordinates": [ [ [ 77.437622154542026, 23.227442448620437 ], [ 77.437743354542036, 23.227468048612486 ], [ 77.437783754542025, 23.227306348662687 ], [ 77.437662654542038, 23.22728074867063 ], [ 77.437622154542026, 23.227442448620437 ] ] ] } },
{ "type": "Feature", "properties": { }, "geometry": { "type": "Polygon", "coordinates": [ [ [ 77.435687254542032, 23.227991848449861 ], [ 77.435762554542038, 23.228014348442876 ], [ 77.435796154542032, 23.227919948472181 ], [ 77.435720854542026, 23.2278973484792 ], [ 77.435687254542032, 23.227991848449861 ] ] ] } },
{ "type": "Feature", "properties": { }, "geometry": { "type": "Polygon", "coordinates": [ [ [ 77.437082454542036, 23.227496748603571 ], [ 77.437058054542035, 23.22761624856647 ], [ 77.437149654542026, 23.22763204856156 ], [ 77.437174054542027, 23.227512548598668 ], [ 77.437082454542036, 23.227496748603571 ] ] ] } },
{ "type": "Feature", "properties": { }, "geometry": { "type": "Polygon", "coordinates": [ [ [ 77.437515754542034, 23.227915048473708 ], [ 77.437497154542029, 23.227983948452316 ], [ 77.437626354542033, 23.228013348443181 ], [ 77.437644854542029, 23.227944448464584 ], [ 77.437515754542034, 23.227915048473708 ] ] ] } },
{ "type": "Feature", "properties": { }, "geometry": { "type": "Polygon", "coordinates": [ [ [ 77.436607754542038, 23.225932449089225 ], [ 77.436735054542027, 23.225967249078415 ], [ 77.436757454542018, 23.225897949099931 ], [ 77.436630254542038, 23.225863149110737 ], [ 77.436607754542038, 23.225932449089225 ] ] ] } },
{ "type": "Feature", "properties": { }, "geometry": { "type": "Polygon", "coordinates": [ [ [ 77.435814054542035, 23.227933348468017 ], [ 77.435792254542037, 23.22798864845085 ], [ 77.435907554542027, 23.228026948438966 ], [ 77.435929354542026, 23.22797164845613 ], [ 77.435814054542035, 23.227933348468017 ] ] ] } },
{ "type": "Feature", "properties": { }, "geometry": { "type": "Polygon", "coordinates": [ [ [ 77.436309554542035, 23.227750748524713 ], [ 77.436436254542031, 23.227796448510524 ], [ 77.436456954542038, 23.227748148525521 ], [ 77.436330254542028, 23.22770234853974 ], [ 77.436309554542035, 23.227750748524713 ] ] ] } },
{ "type": "Feature", "properties": { }, "geometry": { "type": "Polygon", "coordinates": [ [ [ 77.436534554542035, 23.228602348260317 ], [ 77.436600154542035, 23.228618548255284 ], [ 77.436646454542029, 23.228460848304248 ], [ 77.436580754542035, 23.228444548309305 ], [ 77.436534554542035, 23.228602348260317 ] ] ] } },
{ "type": "Feature", "properties": { }, "geometry": { "type": "Polygon", "coordinates": [ [ [ 77.437498154542027, 23.226572648890475 ], [ 77.437587654542014, 23.226592448884329 ], [ 77.437622454542037, 23.226459348925648 ], [ 77.437532954542036, 23.22643954893179 ], [ 77.437498154542027, 23.226572648890475 ] ] ] } },
{ "type": "Feature", "properties": { }, "geometry": { "type": "Polygon", "coordinates": [ [ [ 77.436649554542029, 23.227628648562622 ], [ 77.436626354542028, 23.227678548547125 ], [ 77.436761954542035, 23.227731648530646 ], [ 77.436785154542036, 23.227681748546143 ], [ 77.436649554542029, 23.227628648562622 ] ] ] } },
{ "type": "Feature", "properties": { }, "geometry": { "type": "Polygon", "coordinates": [ [ [ 77.436775354542036, 23.227850648493696 ], [ 77.436745754542031, 23.227917748472866 ], [ 77.436855854542017, 23.227958748460139 ], [ 77.436885454542036, 23.227891648480966 ], [ 77.436775354542036, 23.227850648493696 ] ] ] } },
{ "type": "Feature", "properties": { }, "geometry": { "type": "Polygon", "coordinates": [ [ [ 77.436356454542036, 23.227631148561848 ], [ 77.436476954542016, 23.227675848547968 ], [ 77.436502954542036, 23.227616648566347 ], [ 77.436382454542013, 23.227572048580196 ], [ 77.436356454542036, 23.227631148561848 ] ] ] } },
{ "type": "Feature", "properties": { }, "geometry": { "type": "Polygon", "coordinates": [ [ [ 77.436608654542027, 23.226764948830766 ], [ 77.43658675454202, 23.226826548811648 ], [ 77.436779854542038, 23.226884448793669 ], [ 77.436801754542032, 23.226822848812798 ], [ 77.436608654542027, 23.226764948830766 ] ] ] } },
{ "type": "Feature", "properties": { }, "geometry": { "type": "Polygon", "coordinates": [ [ [ 77.437674454542034, 23.22726284867619 ], [ 77.437731354542038, 23.227274848672465 ], [ 77.437758154542038, 23.227167648705748 ], [ 77.437701254542034, 23.227155648709473 ], [ 77.437674454542034, 23.22726284867619 ] ] ] } },
{ "type": "Feature", "properties": { }, "geometry": { "type": "Polygon", "coordinates": [ [ [ 77.435312454542029, 23.228516948286828 ], [ 77.435409254542037, 23.228555648274817 ], [ 77.43549045454202, 23.228384348327996 ], [ 77.43539365454204, 23.228345548340041 ], [ 77.435312454542029, 23.228516948286828 ] ] ] } },
{ "type": "Feature", "properties": { }, "geometry": { "type": "Polygon", "coordinates": [ [ [ 77.436308854542034, 23.226717448845513 ], [ 77.436260754542019, 23.226841548806988 ], [ 77.43645405454204, 23.226904848787335 ], [ 77.436502154542026, 23.226780748825863 ], [ 77.436308854542034, 23.226717448845513 ] ] ] } },
{ "type": "Feature", "properties": { }, "geometry": { "type": "Polygon", "coordinates": [ [ [ 77.436584454542029, 23.22776534852018 ], [ 77.436562054542037, 23.227824448501831 ], [ 77.436691354542035, 23.227865748489016 ], [ 77.436713754542012, 23.227806648507354 ], [ 77.436584454542029, 23.22776534852018 ] ] ] } },
{ "type": "Feature", "properties": { }, "geometry": { "type": "Polygon", "coordinates": [ [ [ 77.436249754542033, 23.22789564847972 ], [ 77.436369254542015, 23.227938548466408 ], [ 77.436398654542032, 23.227869548487831 ], [ 77.436279054542013, 23.22782664850115 ], [ 77.436249754542033, 23.22789564847972 ] ] ] } },
{ "type": "Feature", "properties": { }, "geometry": { "type": "Polygon", "coordinates": [ [ [ 77.436075354542027, 23.226807748817485 ], [ 77.436023154542028, 23.226915748783949 ], [ 77.436140954542026, 23.226963848769017 ], [ 77.436193154542039, 23.226855848802547 ], [ 77.436075354542027, 23.226807748817485 ] ] ] } },
{ "type": "Feature", "properties": { }, "geometry": { "type": "Polygon", "coordinates": [ [ [ 77.436850354542031, 23.227755648523193 ], [ 77.436904154542034, 23.227771248518348 ], [ 77.43694635454203, 23.227648648556411 ], [ 77.436892654542035, 23.227633048561255 ], [ 77.436850354542031, 23.227755648523193 ] ] ] } },
{ "type": "Feature", "properties": { }, "geometry": { "type": "Polygon", "coordinates": [ [ [ 77.436426554542038, 23.2274583486155 ], [ 77.436405254542038, 23.227514948597918 ], [ 77.436536054542032, 23.22755654858501 ], [ 77.436557354542032, 23.227499848602609 ], [ 77.436426554542038, 23.2274583486155 ] ] ] } },
{ "type": "Feature", "properties": { }, "geometry": { "type": "Polygon", "coordinates": [ [ [ 77.437346554542017, 23.227732848530273 ], [ 77.437324954542021, 23.227832248499407 ], [ 77.437469054542035, 23.227858748491183 ], [ 77.437490754542026, 23.227759348522039 ], [ 77.437346554542017, 23.227732848530273 ] ] ] } },
{ "type": "Feature", "properties": { }, "geometry": { "type": "Polygon", "coordinates": [ [ [ 77.436582554542028, 23.226836148808662 ], [ 77.436544154542034, 23.226943948775201 ], [ 77.43673715454203, 23.227002048757164 ], [ 77.436775554542038, 23.226894248790629 ], [ 77.436582554542028, 23.226836148808662 ] ] ] } },
{ "type": "Feature", "properties": { }, "geometry": { "type": "Polygon", "coordinates": [ [ [ 77.437549754542033, 23.227247448680973 ], [ 77.437651154542053, 23.227271648673462 ], [ 77.437692054542012, 23.227126848718417 ], [ 77.437590654542035, 23.227102648725928 ], [ 77.437549754542033, 23.227247448680973 ] ] ] } },
{ "type": "Feature", "properties": { }, "geometry": { "type": "Polygon", "coordinates": [ [ [ 77.437444454542032, 23.226112649033279 ], [ 77.437578354542026, 23.226145349023124 ], [ 77.437605054542033, 23.226052949051809 ], [ 77.437471154542024, 23.226020249061968 ], [ 77.437444454542032, 23.226112649033279 ] ] ] } },
{ "type": "Feature", "properties": { }, "geometry": { "type": "Polygon", "coordinates": [ [ [ 77.436021854542034, 23.226688548854494 ], [ 77.436219654542029, 23.22676404883104 ], [ 77.436306554542028, 23.226571648890776 ], [ 77.436108854542027, 23.226496248914192 ], [ 77.436021854542034, 23.226688548854494 ] ] ] } },
{ "type": "Feature", "properties": { }, "geometry": { "type": "Polygon", "coordinates": [ [ [ 77.43688125454203, 23.226455348926883 ], [ 77.436937854542023, 23.226470548922173 ], [ 77.43697675454203, 23.22634854896004 ], [ 77.436920054542028, 23.226333248964792 ], [ 77.43688125454203, 23.226455348926883 ] ] ] } },
{ "type": "Feature", "properties": { }, "geometry": { "type": "Polygon", "coordinates": [ [ [ 77.437461854542036, 23.228114148411887 ], [ 77.437447554542032, 23.228166348395686 ], [ 77.437568854542036, 23.228194348386992 ], [ 77.437583154542025, 23.228142148403194 ], [ 77.437461854542036, 23.228114148411887 ] ] ] } },
{ "type": "Feature", "properties": { }, "geometry": { "type": "Polygon", "coordinates": [ [ [ 77.437305854542032, 23.227191648698295 ], [ 77.43742325454204, 23.227215748690814 ], [ 77.437459054542032, 23.227068148736631 ], [ 77.437341654542053, 23.227044148744092 ], [ 77.437305854542032, 23.227191648698295 ] ] ] } },
{ "type": "Feature", "properties": { }, "geometry": { "type": "Polygon", "coordinates": [ [ [ 77.436889954542039, 23.226733248840617 ], [ 77.437085754542039, 23.226789948823004 ], [ 77.437117554542013, 23.22669704885185 ], [ 77.436921754542013, 23.226640348869456 ], [ 77.436889954542039, 23.226733248840617 ] ] ] } },
{ "type": "Feature", "properties": { }, "geometry": { "type": "Polygon", "coordinates": [ [ [ 77.437584654542022, 23.226849948804379 ], [ 77.437666754542022, 23.226867548798914 ], [ 77.437699554542021, 23.22673814883909 ], [ 77.437617454542035, 23.226720548844554 ], [ 77.437584654542022, 23.226849948804379 ] ] ] } },
{ "type": "Feature", "properties": { }, "geometry": { "type": "Polygon", "coordinates": [ [ [ 77.436353354542035, 23.228260848366347 ], [ 77.43644225454203, 23.228281348359975 ], [ 77.436492654542022, 23.228096848417259 ], [ 77.436403754542027, 23.228076348423627 ], [ 77.436353354542035, 23.228260848366347 ] ] ] } },
{ "type": "Feature", "properties": { }, "geometry": { "type": "Polygon", "coordinates": [ [ [ 77.435470554542036, 23.228154648399315 ], [ 77.435563554542028, 23.228191448387886 ], [ 77.43560685454203, 23.228098848416643 ], [ 77.435513954542031, 23.22806214842803 ], [ 77.435470554542036, 23.228154648399315 ] ] ] } },
{ "type": "Feature", "properties": { }, "geometry": { "type": "Polygon", "coordinates": [ [ [ 77.437562054542028, 23.227731948530547 ], [ 77.437634854542011, 23.227747448525744 ], [ 77.43766655454202, 23.2276219485647 ], [ 77.437593754542036, 23.227606448569514 ], [ 77.437562054542028, 23.227731948530547 ] ] ] } },
{ "type": "Feature", "properties": { }, "geometry": { "type": "Polygon", "coordinates": [ [ [ 77.436266354542028, 23.228511748288447 ], [ 77.436354054542022, 23.228536348280805 ], [ 77.436413454542034, 23.228357548336319 ], [ 77.43632575454204, 23.228332848343992 ], [ 77.436266354542028, 23.228511748288447 ] ] ] } },
{ "type": "Feature", "properties": { }, "geometry": { "type": "Polygon", "coordinates": [ [ [ 77.436961554542037, 23.226558248894939 ], [ 77.43715095454202, 23.22661064887868 ], [ 77.437173954542033, 23.226540348900496 ], [ 77.436984554542036, 23.226488048916732 ], [ 77.436961554542037, 23.226558248894939 ] ] ] } },
{ "type": "Feature", "properties": { }, "geometry": { "type": "Polygon", "coordinates": [ [ [ 77.437298454542031, 23.227941748465415 ], [ 77.437281854542036, 23.227997848448002 ], [ 77.437411254542027, 23.228030148437966 ], [ 77.437427854542037, 23.227974048455387 ], [ 77.437298454542031, 23.227941748465415 ] ] ] } },
{ "type": "Feature", "properties": { }, "geometry": { "type": "Polygon", "coordinates": [ [ [ 77.436537754542016, 23.226279648981436 ], [ 77.43651765454203, 23.226340948962399 ], [ 77.436649054542031, 23.226377248951131 ], [ 77.436669154542031, 23.226316048970133 ], [ 77.436537754542016, 23.226279648981436 ] ] ] } },
{ "type": "Feature", "properties": { }, "geometry": { "type": "Polygon", "coordinates": [ [ [ 77.437425654542025, 23.226815448815092 ], [ 77.437496454542014, 23.226830348810463 ], [ 77.437528654542035, 23.226700948850638 ], [ 77.437457854542032, 23.226686048855267 ], [ 77.437425654542025, 23.226815448815092 ] ] ] } },
{ "type": "Feature", "properties": { }, "geometry": { "type": "Polygon", "coordinates": [ [ [ 77.436539854542033, 23.226954748771842 ], [ 77.436491354542014, 23.227089448730023 ], [ 77.436684754542014, 23.227148248711778 ], [ 77.436733254542034, 23.227013548753586 ], [ 77.436539854542033, 23.226954748771842 ] ] ] } },
{ "type": "Feature", "properties": { }, "geometry": { "type": "Polygon", "coordinates": [ [ [ 77.437019754542021, 23.227333848654151 ], [ 77.437155154542026, 23.227364948644492 ], [ 77.437202754542028, 23.227189948698822 ], [ 77.437067354542023, 23.227158848708477 ], [ 77.437019754542021, 23.227333848654151 ] ] ] } },
{ "type": "Feature", "properties": { }, "geometry": { "type": "Polygon", "coordinates": [ [ [ 77.437208454542031, 23.226753848834221 ], [ 77.437314854542024, 23.226778648826514 ], [ 77.43734705454203, 23.226662248862649 ], [ 77.437240654542038, 23.226637348870383 ], [ 77.437208454542031, 23.226753848834221 ] ] ] } },
{ "type": "Feature", "properties": { }, "geometry": { "type": "Polygon", "coordinates": [ [ [ 77.436796754542016, 23.227100448726613 ], [ 77.436775254542027, 23.227166348706149 ], [ 77.436958954542035, 23.227216848690471 ], [ 77.436980454542024, 23.227150948710932 ], [ 77.436796754542016, 23.227100448726613 ] ] ] } },
{ "type": "Feature", "properties": { }, "geometry": { "type": "Polygon", "coordinates": [ [ [ 77.437564454542027, 23.226983048763053 ], [ 77.437647554542039, 23.226998848758154 ], [ 77.437675654542033, 23.22687374879699 ], [ 77.437592654542016, 23.226857948801896 ], [ 77.437564454542027, 23.226983048763053 ] ] ] } },
{ "type": "Feature", "properties": { }, "geometry": { "type": "Polygon", "coordinates": [ [ [ 77.43771065454203, 23.22632094896861 ], [ 77.43782005454203, 23.226345048961132 ], [ 77.43785555454204, 23.226208849003413 ], [ 77.43774625454202, 23.226184749010898 ], [ 77.43771065454203, 23.22632094896861 ] ] ] } },
{ "type": "Feature", "properties": { }, "geometry": { "type": "Polygon", "coordinates": [ [ [ 77.437296954542035, 23.226928848779888 ], [ 77.437380254542035, 23.226942948775509 ], [ 77.437402354542016, 23.226832648809747 ], [ 77.43731905454203, 23.226818548814133 ], [ 77.437296954542035, 23.226928848779888 ] ] ] } },
{ "type": "Feature", "properties": { }, "geometry": { "type": "Polygon", "coordinates": [ [ [ 77.436290354542038, 23.227155748709443 ], [ 77.436383654542013, 23.227178648702331 ], [ 77.436435654542038, 23.227000148757739 ], [ 77.436342354542035, 23.226977248764861 ], [ 77.436290354542038, 23.227155748709443 ] ] ] } },
{ "type": "Feature", "properties": { }, "geometry": { "type": "Polygon", "coordinates": [ [ [ 77.435656454542027, 23.2281028484154 ], [ 77.435753054542033, 23.22813124840658 ], [ 77.435783954542032, 23.228042548434122 ], [ 77.435687254542032, 23.228014148442934 ], [ 77.435656454542027, 23.2281028484154 ] ] ] } },
{ "type": "Feature", "properties": { }, "geometry": { "type": "Polygon", "coordinates": [ [ [ 77.437758254542032, 23.227027448749276 ], [ 77.437851954542026, 23.2270431487444 ], [ 77.437879454542013, 23.226904448787465 ], [ 77.437785754542034, 23.226888748792334 ], [ 77.437758254542032, 23.227027448749276 ] ] ] } },
{ "type": "Feature", "properties": { }, "geometry": { "type": "Polygon", "coordinates": [ [ [ 77.437406954542027, 23.227401448633163 ], [ 77.437506754542042, 23.227423048626456 ], [ 77.437543654542026, 23.227278848671222 ], [ 77.437443754542016, 23.22725724867793 ], [ 77.437406954542027, 23.227401448633163 ] ] ] } },
{ "type": "Feature", "properties": { }, "geometry": { "type": "Polygon", "coordinates": [ [ [ 77.436972154542033, 23.227595048573054 ], [ 77.437043354542027, 23.227609948568425 ], [ 77.437072654542035, 23.227491848605094 ], [ 77.437001454542013, 23.227476948609716 ], [ 77.436972154542033, 23.227595048573054 ] ] ] } },
{ "type": "Feature", "properties": { }, "geometry": { "type": "Polygon", "coordinates": [ [ [ 77.437532654542039, 23.227854048492645 ], [ 77.437517754542029, 23.227911748474721 ], [ 77.437647654542033, 23.227940048465939 ], [ 77.43766255454203, 23.227882348483856 ], [ 77.437532654542039, 23.227854048492645 ] ] ] } },
{ "type": "Feature", "properties": { }, "geometry": { "type": "Polygon", "coordinates": [ [ [ 77.435086354542037, 23.228657648243146 ], [ 77.435204854542022, 23.228699548230136 ], [ 77.435256454542028, 23.228576348268387 ], [ 77.435137954542029, 23.228534348281425 ], [ 77.435086354542037, 23.228657648243146 ] ] ] } },
{ "type": "Feature", "properties": { }, "geometry": { "type": "Polygon", "coordinates": [ [ [ 77.435444954542021, 23.22791194847467 ], [ 77.435554354542035, 23.227947848463518 ], [ 77.435588854542019, 23.227858748491183 ], [ 77.435479454542033, 23.227822948502297 ], [ 77.435444954542021, 23.22791194847467 ] ] ] } },
{ "type": "Feature", "properties": { }, "geometry": { "type": "Polygon", "coordinates": [ [ [ 77.436018854542027, 23.228406948320981 ], [ 77.436089454542028, 23.228431348313404 ], [ 77.436149754542015, 23.228284148359105 ], [ 77.436079254542037, 23.228259648366713 ], [ 77.436018854542027, 23.228406948320981 ] ] ] } },
{ "type": "Feature", "properties": { }, "geometry": { "type": "Polygon", "coordinates": [ [ [ 77.435810654542024, 23.228026448439124 ], [ 77.435768054542038, 23.228136448404964 ], [ 77.435859754542037, 23.228166448395648 ], [ 77.435902354542037, 23.228056448429808 ], [ 77.435810654542024, 23.228026448439124 ] ] ] } },
{ "type": "Feature", "properties": { }, "geometry": { "type": "Polygon", "coordinates": [ [ [ 77.437097754542037, 23.226190649009059 ], [ 77.437070654542012, 23.226265048985962 ], [ 77.437263154542038, 23.226324248967586 ], [ 77.437290254542035, 23.226249748990718 ], [ 77.437097754542037, 23.226190649009059 ] ] ] } },
{ "type": "Feature", "properties": { }, "geometry": { "type": "Polygon", "coordinates": [ [ [ 77.435188554542023, 23.228838448187012 ], [ 77.435304554542029, 23.228884948172574 ], [ 77.435342454542038, 23.228805148197342 ], [ 77.435226454542018, 23.22875864821178 ], [ 77.435188554542023, 23.228838448187012 ] ] ] } },
{ "type": "Feature", "properties": { }, "geometry": { "type": "Polygon", "coordinates": [ [ [ 77.437224854542038, 23.227522748595501 ], [ 77.437195354542027, 23.227637848559766 ], [ 77.437323454542039, 23.227665648551135 ], [ 77.437352954542021, 23.227550448586904 ], [ 77.437224854542038, 23.227522748595501 ] ] ] } },
{ "type": "Feature", "properties": { }, "geometry": { "type": "Polygon", "coordinates": [ [ [ 77.436562554542036, 23.226139149025052 ], [ 77.436628254542029, 23.22615554901996 ], [ 77.436662454542031, 23.226039749055911 ], [ 77.436596754542038, 23.226023349060998 ], [ 77.436562554542036, 23.226139149025052 ] ] ] } },
{ "type": "Feature", "properties": { }, "geometry": { "type": "Polygon", "coordinates": [ [ [ 77.436367354542028, 23.225909949096206 ], [ 77.436506754542037, 23.225937449087667 ], [ 77.436522854542034, 23.22586834910912 ], [ 77.436383454542039, 23.225840949117629 ], [ 77.436367354542028, 23.225909949096206 ] ] ] } },
{ "type": "Feature", "properties": { }, "geometry": { "type": "Polygon", "coordinates": [ [ [ 77.435892854542033, 23.228118848410428 ], [ 77.43599535454203, 23.228144148402578 ], [ 77.43604155454203, 23.227985848451723 ], [ 77.435939054542033, 23.227960548459578 ], [ 77.435892854542033, 23.228118848410428 ] ] ] } },
{ "type": "Feature", "properties": { }, "geometry": { "type": "Polygon", "coordinates": [ [ [ 77.436683954542019, 23.227556148585133 ], [ 77.436653654542027, 23.2276219485647 ], [ 77.436784654542038, 23.227672848548899 ], [ 77.436814954542029, 23.227607048569325 ], [ 77.436683954542019, 23.227556148585133 ] ] ] } },
{ "type": "Feature", "properties": { }, "geometry": { "type": "Polygon", "coordinates": [ [ [ 77.436112054542036, 23.228195348386684 ], [ 77.436243354542029, 23.228229848375971 ], [ 77.436299554542032, 23.228049748431886 ], [ 77.436168254542039, 23.228015148442626 ], [ 77.436112054542036, 23.228195348386684 ] ] ] } },
{ "type": "Feature", "properties": { }, "geometry": { "type": "Polygon", "coordinates": [ [ [ 77.436513254542021, 23.225993449070284 ], [ 77.436570054542017, 23.22600764906587 ], [ 77.436591154542029, 23.225936149088074 ], [ 77.436534354542033, 23.22592194909247 ], [ 77.436513254542021, 23.225993449070284 ] ] ] } },
{ "type": "Feature", "properties": { }, "geometry": { "type": "Polygon", "coordinates": [ [ [ 77.437630854542036, 23.226462348924716 ], [ 77.437602154542034, 23.226576648889228 ], [ 77.437745554542033, 23.226607148879758 ], [ 77.437774354542029, 23.226492848915242 ], [ 77.437630854542036, 23.226462348924716 ] ] ] } },
{ "type": "Feature", "properties": { }, "geometry": { "type": "Polygon", "coordinates": [ [ [ 77.435318654542016, 23.228187148389225 ], [ 77.435273254542039, 23.228286948358239 ], [ 77.435457654542034, 23.228357748336254 ], [ 77.435503054542025, 23.228258048367209 ], [ 77.435318654542016, 23.228187148389225 ] ] ] } },
{ "type": "Feature", "properties": { }, "geometry": { "type": "Polygon", "coordinates": [ [ [ 77.436230454542013, 23.226922648781816 ], [ 77.436424354542027, 23.226982748763149 ], [ 77.436450454542026, 23.226911648785226 ], [ 77.436256554542027, 23.226851548803882 ], [ 77.436230454542013, 23.226922648781816 ] ] ] } },
{ "type": "Feature", "properties": { }, "geometry": { "type": "Polygon", "coordinates": [ [ [ 77.436469454542035, 23.228599248261276 ], [ 77.436521754542028, 23.228612848257058 ], [ 77.43657365454203, 23.228435648312068 ], [ 77.436528754542039, 23.228424148315646 ], [ 77.436469454542035, 23.228599248261276 ] ] ] } },
{ "type": "Feature", "properties": { }, "geometry": { "type": "Polygon", "coordinates": [ [ [ 77.436620954542022, 23.227694148542284 ], [ 77.436595254542027, 23.227756948522789 ], [ 77.43673155454205, 23.227804148508131 ], [ 77.436757354542038, 23.227741448527603 ], [ 77.436620954542022, 23.227694148542284 ] ] ] } },
{ "type": "Feature", "properties": { }, "geometry": { "type": "Polygon", "coordinates": [ [ [ 77.436209954542036, 23.227280848670603 ], [ 77.436179954542027, 23.227369248643161 ], [ 77.436420654542033, 23.2274383486217 ], [ 77.436450754542037, 23.227349848649176 ], [ 77.436209954542036, 23.227280848670603 ] ] ] } },
{ "type": "Feature", "properties": { }, "geometry": { "type": "Polygon", "coordinates": [ [ [ 77.436703454542013, 23.226492548915335 ], [ 77.43668545454203, 23.226549548897644 ], [ 77.43687845454204, 23.226600948881682 ], [ 77.436896454542023, 23.22654394889938 ], [ 77.436703454542013, 23.226492548915335 ] ] ] } },
{ "type": "Feature", "properties": { }, "geometry": { "type": "Polygon", "coordinates": [ [ [ 77.43730565454203, 23.226527048904622 ], [ 77.437398854542039, 23.226549748897572 ], [ 77.43743035454203, 23.226440048931636 ], [ 77.43733715454205, 23.226417448938651 ], [ 77.43730565454203, 23.226527048904622 ] ] ] } },
{ "type": "Feature", "properties": { }, "geometry": { "type": "Polygon", "coordinates": [ [ [ 77.436637154542012, 23.226672548859458 ], [ 77.436612054542039, 23.226744548837104 ], [ 77.436800454542038, 23.226800048819879 ], [ 77.43682555454204, 23.226727948842253 ], [ 77.436637154542012, 23.226672548859458 ] ] ] } },
{ "type": "Feature", "properties": { }, "geometry": { "type": "Polygon", "coordinates": [ [ [ 77.436005654542015, 23.228698648230417 ], [ 77.436095754542038, 23.228734048219419 ], [ 77.436166854542037, 23.228581248266863 ], [ 77.436076654542035, 23.228545848277854 ], [ 77.436005654542015, 23.228698648230417 ] ] ] } },
{ "type": "Feature", "properties": { }, "geometry": { "type": "Polygon", "coordinates": [ [ [ 77.43562815454203, 23.228644348247272 ], [ 77.435737354542027, 23.228688148233672 ], [ 77.435818554542038, 23.228517148286766 ], [ 77.435709254542033, 23.228473348300366 ], [ 77.43562815454203, 23.228644348247272 ] ] ] } },
{ "type": "Feature", "properties": { }, "geometry": { "type": "Polygon", "coordinates": [ [ [ 77.437391454542023, 23.22628274898047 ], [ 77.437365954542031, 23.226377548951039 ], [ 77.437514954542038, 23.226411448940517 ], [ 77.437540454542031, 23.226316648969945 ], [ 77.437391454542023, 23.22628274898047 ] ] ] } },
{ "type": "Feature", "properties": { }, "geometry": { "type": "Polygon", "coordinates": [ [ [ 77.435196254542035, 23.228471248301016 ], [ 77.435306354542021, 23.228514648287543 ], [ 77.435387454542038, 23.228340848341499 ], [ 77.435277454542032, 23.228297448354979 ], [ 77.435196254542035, 23.228471248301016 ] ] ] } },
{ "type": "Feature", "properties": { }, "geometry": { "type": "Polygon", "coordinates": [ [ [ 77.436359154542032, 23.226590548884914 ], [ 77.436314854542033, 23.226708348848341 ], [ 77.436508654542038, 23.226769948829219 ], [ 77.436552954542037, 23.226652148865789 ], [ 77.436359154542032, 23.226590548884914 ] ] ] } },
{ "type": "Feature", "properties": { }, "geometry": { "type": "Polygon", "coordinates": [ [ [ 77.436558854542028, 23.227833248499099 ], [ 77.436534154542031, 23.22789524847985 ], [ 77.436660254542019, 23.227937748466651 ], [ 77.436685054542039, 23.227875748485907 ], [ 77.436558854542028, 23.227833248499099 ] ] ] } },
{ "type": "Feature", "properties": { }, "geometry": { "type": "Polygon", "coordinates": [ [ [ 77.437192954542027, 23.226193349008227 ], [ 77.437269754542015, 23.226215849001239 ], [ 77.437305854542032, 23.226111749033553 ], [ 77.43722905454203, 23.226089349040514 ], [ 77.437192954542027, 23.226193349008227 ] ] ] } },
{ "type": "Feature", "properties": { }, "geometry": { "type": "Polygon", "coordinates": [ [ [ 77.43748015454203, 23.22804354843381 ], [ 77.437462154542033, 23.228105848414462 ], [ 77.437589154542025, 23.228136948404806 ], [ 77.437607254542044, 23.228074648424151 ], [ 77.43748015454203, 23.22804354843381 ] ] ] } },
{ "type": "Feature", "properties": { }, "geometry": { "type": "Polygon", "coordinates": [ [ [ 77.436465754542027, 23.227360648645831 ], [ 77.436428554542033, 23.227442648620372 ], [ 77.436560354542038, 23.22749314860469 ], [ 77.436597554542033, 23.22741114863015 ], [ 77.436465754542027, 23.227360648645831 ] ] ] } },
{ "type": "Feature", "properties": { }, "geometry": { "type": "Polygon", "coordinates": [ [ [ 77.437429054542037, 23.227227748687092 ], [ 77.437530954542027, 23.22725104867985 ], [ 77.437573254542016, 23.22709514872826 ], [ 77.437471254542032, 23.227071848735491 ], [ 77.437429054542037, 23.227227748687092 ] ] ] } },
{ "type": "Feature", "properties": { }, "geometry": { "type": "Polygon", "coordinates": [ [ [ 77.437091954542026, 23.226164349017228 ], [ 77.437187654542029, 23.22618804900987 ], [ 77.43721725454202, 23.226087149041195 ], [ 77.43712165454204, 23.226063449048553 ], [ 77.437091954542026, 23.226164349017228 ] ] ] } },
{ "type": "Feature", "properties": { }, "geometry": { "type": "Polygon", "coordinates": [ [ [ 77.436453954542031, 23.228284648358954 ], [ 77.436553854542026, 23.228309048351377 ], [ 77.43660765454203, 23.228122948409151 ], [ 77.436507754542035, 23.228098548416735 ], [ 77.436453954542031, 23.228284648358954 ] ] ] } },
{ "type": "Feature", "properties": { }, "geometry": { "type": "Polygon", "coordinates": [ [ [ 77.436735054542027, 23.226401648943554 ], [ 77.436866354542019, 23.226437248932505 ], [ 77.436903854542038, 23.226320148968867 ], [ 77.436772554542031, 23.226284648979878 ], [ 77.436735054542027, 23.226401648943554 ] ] ] } },
{ "type": "Feature", "properties": { }, "geometry": { "type": "Polygon", "coordinates": [ [ [ 77.436803654542032, 23.227089048730146 ], [ 77.436878754542036, 23.227108348724155 ], [ 77.436914054542029, 23.22699274876005 ], [ 77.436838954542011, 23.226973448766039 ], [ 77.436803654542032, 23.227089048730146 ] ] ] } },
{ "type": "Feature", "properties": { }, "geometry": { "type": "Polygon", "coordinates": [ [ [ 77.437188654542027, 23.227178748702297 ], [ 77.437272354542031, 23.227198148696274 ], [ 77.437308554542028, 23.227066248737227 ], [ 77.437224854542038, 23.22704684874325 ], [ 77.437188654542027, 23.227178748702297 ] ] ] } },
{ "type": "Feature", "properties": { }, "geometry": { "type": "Polygon", "coordinates": [ [ [ 77.436952654542026, 23.226562848893515 ], [ 77.43692745454203, 23.226631448872219 ], [ 77.437120254542023, 23.226691248853651 ], [ 77.437145454542033, 23.22662264887494 ], [ 77.436952654542026, 23.226562848893515 ] ] ] } },
{ "type": "Feature", "properties": { }, "geometry": { "type": "Polygon", "coordinates": [ [ [ 77.437299454542028, 23.227938948466285 ], [ 77.437426854542039, 23.22796224845905 ], [ 77.437441654542013, 23.227894148480193 ], [ 77.437314254542031, 23.227870848487431 ], [ 77.437299454542028, 23.227938948466285 ] ] ] } },
{ "type": "Feature", "properties": { }, "geometry": { "type": "Polygon", "coordinates": [ [ [ 77.436796854542038, 23.227565348582274 ], [ 77.436875654542021, 23.227585548575998 ], [ 77.436914654542036, 23.2274573486158 ], [ 77.436835954542033, 23.227437148622077 ], [ 77.436796854542038, 23.227565348582274 ] ] ] } },
{ "type": "Feature", "properties": { }, "geometry": { "type": "Polygon", "coordinates": [ [ [ 77.435403454542026, 23.228018948441445 ], [ 77.435362554542039, 23.228110548413003 ], [ 77.435449054542019, 23.228143248402855 ], [ 77.435489954542035, 23.228051548431324 ], [ 77.435403454542026, 23.228018948441445 ] ] ] } },
{ "type": "Feature", "properties": { }, "geometry": { "type": "Polygon", "coordinates": [ [ [ 77.437642654542017, 23.227746448526052 ], [ 77.437698454542016, 23.227757848522511 ], [ 77.43772725454204, 23.227639548559239 ], [ 77.437671454542027, 23.22762804856281 ], [ 77.437642654542017, 23.227746448526052 ] ] ] } },
{ "type": "Feature", "properties": { }, "geometry": { "type": "Polygon", "coordinates": [ [ [ 77.436826854542034, 23.226115549032375 ], [ 77.437034354542035, 23.226179449012538 ], [ 77.437081054542034, 23.226051349052312 ], [ 77.436873554542018, 23.225987449072147 ], [ 77.436826854542034, 23.226115549032375 ] ] ] } },
{ "type": "Feature", "properties": { }, "geometry": { "type": "Polygon", "coordinates": [ [ [ 77.436962754542023, 23.226897448789636 ], [ 77.436934554542034, 23.226990248760821 ], [ 77.437016254542016, 23.227011248754302 ], [ 77.437044454542033, 23.226918348783141 ], [ 77.436962754542023, 23.226897448789636 ] ] ] } },
{ "type": "Feature", "properties": { }, "geometry": { "type": "Polygon", "coordinates": [ [ [ 77.437280054542029, 23.228006448445328 ], [ 77.437266654542015, 23.228053748430639 ], [ 77.437399354542038, 23.228085548420768 ], [ 77.437412754542038, 23.228038148435484 ], [ 77.437280054542029, 23.228006448445328 ] ] ] } },
{ "type": "Feature", "properties": { }, "geometry": { "type": "Polygon", "coordinates": [ [ [ 77.436997254542035, 23.227783948514411 ], [ 77.437118654542033, 23.227807548507077 ], [ 77.437144754542018, 23.227693548542479 ], [ 77.437023354542035, 23.227669948549803 ], [ 77.436997254542035, 23.227783948514411 ] ] ] } },
{ "type": "Feature", "properties": { }, "geometry": { "type": "Polygon", "coordinates": [ [ [ 77.43649235454204, 23.227096948727699 ], [ 77.43645995454203, 23.22718494870038 ], [ 77.436628754542028, 23.227237448684079 ], [ 77.436661154542037, 23.227149348711428 ], [ 77.43649235454204, 23.227096948727699 ] ] ] } },
{ "type": "Feature", "properties": { }, "geometry": { "type": "Polygon", "coordinates": [ [ [ 77.437809254542017, 23.226479948919248 ], [ 77.437956154542036, 23.226510748909693 ], [ 77.437980154542018, 23.226414148939675 ], [ 77.437833254542028, 23.226383348949241 ], [ 77.437809254542017, 23.226479948919248 ] ] ] } },
{ "type": "Feature", "properties": { }, "geometry": { "type": "Polygon", "coordinates": [ [ [ 77.436640654542032, 23.226669748860324 ], [ 77.436827654542029, 23.226728548842072 ], [ 77.436870654542034, 23.226613148877899 ], [ 77.436683654542037, 23.226554348896155 ], [ 77.436640654542032, 23.226669748860324 ] ] ] } },
{ "type": "Feature", "properties": { }, "geometry": { "type": "Polygon", "coordinates": [ [ [ 77.437606754542031, 23.227863048489848 ], [ 77.437660854542031, 23.227876048485822 ], [ 77.437681354542036, 23.227804348508069 ], [ 77.43762735454203, 23.227791248512144 ], [ 77.437606754542031, 23.227863048489848 ] ] ] } },
{ "type": "Feature", "properties": { }, "geometry": { "type": "Polygon", "coordinates": [ [ [ 77.436091254542035, 23.227099848726798 ], [ 77.436277354542028, 23.22715484870972 ], [ 77.436337054542037, 23.226984148762718 ], [ 77.436180554542034, 23.226937848777091 ], [ 77.436105554542038, 23.22705894873949 ], [ 77.436091254542035, 23.227099848726798 ] ] ] } },
{ "type": "Feature", "properties": { }, "geometry": { "type": "Polygon", "coordinates": [ [ [ 77.436708754542039, 23.226482148918567 ], [ 77.436895454542025, 23.2265358489019 ], [ 77.436917254542024, 23.226471848921765 ], [ 77.436863054542016, 23.226456248926606 ], [ 77.436866254542039, 23.226446948929496 ], [ 77.436733654542039, 23.226408848941325 ], [ 77.436708754542039, 23.226482148918567 ] ] ] } },
{ "type": "Feature", "properties": { }, "geometry": { "type": "Polygon", "coordinates": [ [ [ 77.435852354542035, 23.227079048733255 ], [ 77.436031954542017, 23.22713934871453 ], [ 77.436097454542022, 23.226974448765727 ], [ 77.435965954542027, 23.226930348779415 ], [ 77.435974054542029, 23.226909948785753 ], [ 77.435925954542043, 23.226893748790786 ], [ 77.435852354542035, 23.227079048733255 ] ] ] } },
{ "type": "Feature", "properties": { }, "geometry": { "type": "Polygon", "coordinates": [ [ [ 77.43487805454204, 23.226417048938778 ], [ 77.435021754542021, 23.226467248923193 ], [ 77.435052654542019, 23.226392748946324 ], [ 77.434908954542024, 23.226342548961902 ], [ 77.43487805454204, 23.226417048938778 ] ] ] } },
{ "type": "Feature", "properties": { }, "geometry": { "type": "Polygon", "coordinates": [ [ [ 77.435059954542027, 23.226227648997579 ], [ 77.435306754542012, 23.226240148993693 ], [ 77.435321754542031, 23.225989249071585 ], [ 77.435074954542031, 23.225976849075437 ], [ 77.435059954542027, 23.226227648997579 ] ] ] } },
{ "type": "Feature", "properties": { }, "geometry": { "type": "Polygon", "coordinates": [ [ [ 77.434780854542012, 23.226928548779977 ], [ 77.434926654542025, 23.226985148762406 ], [ 77.434978454542033, 23.226872248797456 ], [ 77.434832654542035, 23.226815748814992 ], [ 77.434780854542012, 23.226928548779977 ] ] ] } },
{ "type": "Feature", "properties": { }, "geometry": { "type": "Polygon", "coordinates": [ [ [ 77.434763454542036, 23.226972348766378 ], [ 77.434718354542028, 23.227064048737912 ], [ 77.434829654542028, 23.227110248723569 ], [ 77.434874754542022, 23.227018548752035 ], [ 77.434763454542036, 23.226972348766378 ] ] ] } },
{ "type": "Feature", "properties": { }, "geometry": { "type": "Polygon", "coordinates": [ [ [ 77.434910654542037, 23.225748549146314 ], [ 77.435026254542038, 23.225745449147272 ], [ 77.435021854542029, 23.225605649190676 ], [ 77.434906254542014, 23.225608749189714 ], [ 77.434910654542037, 23.225748549146314 ] ] ] } },
{ "type": "Feature", "properties": { }, "geometry": { "type": "Polygon", "coordinates": [ [ [ 77.434657454542034, 23.225894249101078 ], [ 77.434809654542036, 23.225909649096302 ], [ 77.434827254542029, 23.225763049141811 ], [ 77.434700954542038, 23.225750249145779 ], [ 77.434696154542038, 23.225790149133395 ], [ 77.434648754542039, 23.225785349134888 ], [ 77.434642954542028, 23.225833649119892 ], [ 77.43466445454203, 23.225835849119214 ], [ 77.434657454542034, 23.225894249101078 ] ] ] } },
{ "type": "Feature", "properties": { }, "geometry": { "type": "Polygon", "coordinates": [ [ [ 77.426485854542037, 23.226902248788143 ], [ 77.426487754542038, 23.22695984877026 ], [ 77.426552054542015, 23.226957948770846 ], [ 77.426550154542014, 23.226900448788708 ], [ 77.426485854542037, 23.226902248788143 ] ] ] } },
{ "type": "Feature", "properties": { }, "geometry": { "type": "Polygon", "coordinates": [ [ [ 77.431413254542036, 23.227288748668151 ], [ 77.43130605454202, 23.227330248655264 ], [ 77.431370154542037, 23.227470048611863 ], [ 77.431477354542025, 23.227428548624751 ], [ 77.431413254542036, 23.227288748668151 ] ] ] } },
{ "type": "Feature", "properties": { }, "geometry": { "type": "Polygon", "coordinates": [ [ [ 77.42603595454203, 23.227152548710432 ], [ 77.426085554542027, 23.227150748710994 ], [ 77.426082354542018, 23.227077648733694 ], [ 77.426032754542021, 23.227079548733105 ], [ 77.42603595454203, 23.227152548710432 ] ] ] } },
{ "type": "Feature", "properties": { }, "geometry": { "type": "Polygon", "coordinates": [ [ [ 77.426194554542022, 23.226901848788266 ], [ 77.426196754542033, 23.226966548768186 ], [ 77.426252754542034, 23.226964948768678 ], [ 77.426250454542028, 23.226900148788797 ], [ 77.426194554542022, 23.226901848788266 ] ] ] } },
{ "type": "Feature", "properties": { }, "geometry": { "type": "Polygon", "coordinates": [ [ [ 77.431479454542028, 23.227700348540367 ], [ 77.43153495454203, 23.227826348501246 ], [ 77.431672954542037, 23.22777504851717 ], [ 77.431617454542035, 23.227649048556287 ], [ 77.431479454542028, 23.227700348540367 ] ] ] } },
{ "type": "Feature", "properties": { }, "geometry": { "type": "Polygon", "coordinates": [ [ [ 77.426254854542037, 23.226908248786277 ], [ 77.426257154542029, 23.226974248765785 ], [ 77.42631465454204, 23.226972648766285 ], [ 77.42631235454202, 23.226906548786811 ], [ 77.426254854542037, 23.226908248786277 ] ] ] } },
{ "type": "Feature", "properties": { }, "geometry": { "type": "Polygon", "coordinates": [ [ [ 77.431536254542024, 23.227242948682367 ], [ 77.431586954542027, 23.227378648640244 ], [ 77.431691854542038, 23.227345548650515 ], [ 77.431641154542035, 23.227209848692645 ], [ 77.431536254542024, 23.227242948682367 ] ] ] } },
{ "type": "Feature", "properties": { }, "geometry": { "type": "Polygon", "coordinates": [ [ [ 77.428072454542033, 23.225589049195829 ], [ 77.428264254542029, 23.225541649210534 ], [ 77.42823965454204, 23.225457849236555 ], [ 77.428047854542029, 23.225505249221843 ], [ 77.428072454542033, 23.225589049195829 ] ] ] } },
{ "type": "Feature", "properties": { }, "geometry": { "type": "Polygon", "coordinates": [ [ [ 77.426404554542032, 23.22690384878765 ], [ 77.42640705454204, 23.226976448765104 ], [ 77.426481354542034, 23.226974348765758 ], [ 77.42647895454202, 23.226901648788328 ], [ 77.426404554542032, 23.22690384878765 ] ] ] } },
{ "type": "Feature", "properties": { }, "geometry": { "type": "Polygon", "coordinates": [ [ [ 77.431405954542029, 23.227553648585907 ], [ 77.431459354542028, 23.2276638485517 ], [ 77.431530254542039, 23.227634848560697 ], [ 77.431476854542026, 23.227524548594943 ], [ 77.431405954542029, 23.227553648585907 ] ] ] } },
{ "type": "Feature", "properties": { }, "geometry": { "type": "Polygon", "coordinates": [ [ [ 77.431674654542036, 23.227445148619591 ], [ 77.431746654542039, 23.227584948576187 ], [ 77.431845854542033, 23.227541748589594 ], [ 77.43177385454203, 23.227401948633013 ], [ 77.431674654542036, 23.227445148619591 ] ] ] } },
{ "type": "Feature", "properties": { }, "geometry": { "type": "Polygon", "coordinates": [ [ [ 77.427635554542036, 23.227905548476652 ], [ 77.427563854542029, 23.22797084845638 ], [ 77.427703354542018, 23.228100248416201 ], [ 77.427775054542039, 23.228034948436481 ], [ 77.427635554542036, 23.227905548476652 ] ] ] } },
{ "type": "Feature", "properties": { }, "geometry": { "type": "Polygon", "coordinates": [ [ [ 77.431625654542032, 23.227475348610216 ], [ 77.431511654542035, 23.227518248596898 ], [ 77.431571354542029, 23.227651948555391 ], [ 77.431685354542026, 23.227609048568706 ], [ 77.431625654542032, 23.227475348610216 ] ] ] } },
{ "type": "Feature", "properties": { }, "geometry": { "type": "Polygon", "coordinates": [ [ [ 77.426107254542032, 23.226898348789355 ], [ 77.426110454542027, 23.226990448760763 ], [ 77.426180754542031, 23.226988348761413 ], [ 77.426177654542016, 23.226896348789975 ], [ 77.426107254542032, 23.226898348789355 ] ] ] } },
{ "type": "Feature", "properties": { }, "geometry": { "type": "Polygon", "coordinates": [ [ [ 77.426411854542025, 23.227034248747167 ], [ 77.426410254542034, 23.227101848726175 ], [ 77.426474654542034, 23.227103048725805 ], [ 77.42647615454203, 23.227035448746786 ], [ 77.426411854542025, 23.227034248747167 ] ] ] } },
{ "type": "Feature", "properties": { }, "geometry": { "type": "Polygon", "coordinates": [ [ [ 77.426322354542037, 23.226904448787465 ], [ 77.426325054542033, 23.226984448762622 ], [ 77.426398754542035, 23.226982348763272 ], [ 77.426395954542016, 23.226902248788143 ], [ 77.426322354542037, 23.226904448787465 ] ] ] } },
{ "type": "Feature", "properties": { }, "geometry": { "type": "Polygon", "coordinates": [ [ [ 77.431916754542016, 23.227185648700168 ], [ 77.431797754542018, 23.227230948686092 ], [ 77.431845954542027, 23.227338148652809 ], [ 77.431964954542039, 23.227292948666847 ], [ 77.431916754542016, 23.227185648700168 ] ] ] } },
{ "type": "Feature", "properties": { }, "geometry": { "type": "Polygon", "coordinates": [ [ [ 77.429337854542013, 23.225822149123463 ], [ 77.429320654542039, 23.225968749077946 ], [ 77.429528854542028, 23.225989349071565 ], [ 77.429546054542016, 23.225842749117071 ], [ 77.429337854542013, 23.225822149123463 ] ] ] } },
{ "type": "Feature", "properties": { }, "geometry": { "type": "Polygon", "coordinates": [ [ [ 77.442777154542014, 23.228380148329297 ], [ 77.442850654542013, 23.228380648329143 ], [ 77.442840554542016, 23.228278348360906 ], [ 77.44277185454203, 23.228281548359917 ], [ 77.442777154542014, 23.228380148329297 ] ] ] } },
{ "type": "Feature", "properties": { }, "geometry": { "type": "Polygon", "coordinates": [ [ [ 77.442627454542034, 23.228306048352305 ], [ 77.442754554542034, 23.228297248355041 ], [ 77.442744754542034, 23.228177248392303 ], [ 77.442617554542039, 23.228186048389563 ], [ 77.442627454542034, 23.228306048352305 ] ] ] } },
{ "type": "Feature", "properties": { }, "geometry": { "type": "Polygon", "coordinates": [ [ [ 77.43085675454202, 23.224913549405528 ], [ 77.431314054542014, 23.224953049393267 ], [ 77.431330654542037, 23.224790349443779 ], [ 77.430838054542036, 23.224747849456968 ], [ 77.430638554542028, 23.224336549584645 ], [ 77.430478554542034, 23.224402149564284 ], [ 77.430666254542018, 23.22478904944418 ], [ 77.430737054542035, 23.22476014945315 ], [ 77.430770354542034, 23.224829749431542 ], [ 77.430864454542032, 23.224837849429029 ], [ 77.43085675454202, 23.224913549405528 ] ] ] } },
{ "type": "Feature", "properties": { }, "geometry": { "type": "Polygon", "coordinates": [ [ [ 77.430972054542025, 23.2243518495799 ], [ 77.430955854542034, 23.224359749577442 ], [ 77.430938054542025, 23.224328949587004 ], [ 77.430900054542036, 23.224347449581259 ], [ 77.430917854542031, 23.224378249571703 ], [ 77.430903054542028, 23.224385449569464 ], [ 77.43088795454203, 23.224359349577568 ], [ 77.430841554542027, 23.224381949570553 ], [ 77.430856654542026, 23.224408149562425 ], [ 77.430849554542021, 23.224411549561363 ], [ 77.430857354542027, 23.224425149557138 ], [ 77.430843654542031, 23.224431849555067 ], [ 77.43087885454203, 23.224492649536192 ], [ 77.430892554542012, 23.22448594953827 ], [ 77.430937554542027, 23.224563949514057 ], [ 77.430916954542027, 23.224573949510951 ], [ 77.430974554542033, 23.224673749479969 ], [ 77.431003154542026, 23.224659749484317 ], [ 77.431018054542037, 23.224685649476275 ], [ 77.431091754542038, 23.224649749487416 ], [ 77.431076754542033, 23.224623849495455 ], [ 77.431095054542027, 23.224614949498221 ], [ 77.431071254542033, 23.224573749511009 ], [ 77.431093854542027, 23.22456274951443 ], [ 77.431052754542023, 23.224491649536496 ], [ 77.431028154542034, 23.224503649532767 ], [ 77.430981354542027, 23.224422649557916 ], [ 77.43100595454203, 23.224410649561648 ], [ 77.430972054542025, 23.2243518495799 ] ] ] } },
{ "type": "Feature", "properties": { }, "geometry": { "type": "Polygon", "coordinates": [ [ [ 77.431138454542022, 23.224468749543604 ], [ 77.431088954542034, 23.224496549534976 ], [ 77.431207754542029, 23.224675349479476 ], [ 77.431257354542026, 23.2246475494881 ], [ 77.431138454542022, 23.224468749543604 ] ] ] } },
{ "type": "Feature", "properties": { }, "geometry": { "type": "Polygon", "coordinates": [ [ [ 77.430967354542034, 23.224302249595297 ], [ 77.431057454542014, 23.224465949544477 ], [ 77.431117054542028, 23.224438149553109 ], [ 77.431027054542028, 23.224274549603891 ], [ 77.430967354542034, 23.224302249595297 ] ] ] } },
{ "type": "Feature", "properties": { }, "geometry": { "type": "Polygon", "coordinates": [ [ [ 77.435637154542036, 23.22387804972697 ], [ 77.435121154542031, 23.223773149759531 ], [ 77.435084954542035, 23.223923049713008 ], [ 77.435604154542034, 23.224028649680225 ], [ 77.435636454542021, 23.223894849721766 ], [ 77.435643454542031, 23.223896549721236 ], [ 77.435610054542039, 23.224037749677404 ], [ 77.435730354542045, 23.224061849669923 ], [ 77.435762654542032, 23.223925449712262 ], [ 77.435772154542022, 23.223927749711553 ], [ 77.435791754542038, 23.223859649732688 ], [ 77.435652254542035, 23.223825749743209 ], [ 77.435637154542036, 23.22387804972697 ] ] ] } },
{ "type": "Feature", "properties": { }, "geometry": { "type": "Polygon", "coordinates": [ [ [ 77.435442354542033, 23.224079049664581 ], [ 77.435704554542014, 23.224130749648534 ], [ 77.435719854542029, 23.224065449668807 ], [ 77.435457654542034, 23.224013649684878 ], [ 77.435442354542033, 23.224079049664581 ] ] ] } },
{ "type": "Feature", "properties": { }, "geometry": { "type": "Polygon", "coordinates": [ [ [ 77.426621654542018, 23.225181249322429 ], [ 77.426534754542018, 23.225219849310445 ], [ 77.426560254542039, 23.225268349295384 ], [ 77.426573354542029, 23.225262549297184 ], [ 77.42660285454204, 23.225318649279775 ], [ 77.426587654542018, 23.225325349277693 ], [ 77.42664395454203, 23.225432249244506 ], [ 77.426653654542037, 23.225427949245841 ], [ 77.426690354542032, 23.225497749224168 ], [ 77.426674254542036, 23.225504849221966 ], [ 77.426701354542047, 23.225556249206015 ], [ 77.426796554542037, 23.225513949219138 ], [ 77.426746854542017, 23.225419349248508 ], [ 77.426774954542026, 23.225406849252387 ], [ 77.426708954542022, 23.22528134929135 ], [ 77.426680854542028, 23.225293849287468 ], [ 77.426621654542018, 23.225181249322429 ] ] ] } },
{ "type": "Feature", "properties": { }, "geometry": { "type": "Polygon", "coordinates": [ [ [ 77.42552665454204, 23.226517548907577 ], [ 77.425531754542021, 23.226582948887273 ], [ 77.425700754542035, 23.226571848890714 ], [ 77.425695654542025, 23.226506448911021 ], [ 77.42552665454204, 23.226517548907577 ] ] ] } },
{ "type": "Feature", "properties": { }, "geometry": { "type": "Polygon", "coordinates": [ [ [ 77.426246854542015, 23.226351148959239 ], [ 77.426255854542035, 23.226506848910898 ], [ 77.426369754542037, 23.226501248912637 ], [ 77.42636085454204, 23.226345648960944 ], [ 77.426246854542015, 23.226351148959239 ] ] ] } },
{ "type": "Feature", "properties": { }, "geometry": { "type": "Polygon", "coordinates": [ [ [ 77.426020254542038, 23.226500348912918 ], [ 77.426165054542039, 23.226497848913692 ], [ 77.426161854542016, 23.226341448962245 ], [ 77.426017054542015, 23.226343948961468 ], [ 77.426020254542038, 23.226500348912918 ] ] ] } },
{ "type": "Feature", "properties": { }, "geometry": { "type": "Polygon", "coordinates": [ [ [ 77.425514254542023, 23.226414448939579 ], [ 77.425519154542016, 23.226481348918814 ], [ 77.425679554542015, 23.226471248921953 ], [ 77.425674554542027, 23.226404448942688 ], [ 77.425514254542023, 23.226414448939579 ] ] ] } },
{ "type": "Feature", "properties": { }, "geometry": { "type": "Polygon", "coordinates": [ [ [ 77.42578215454202, 23.226394348945821 ], [ 77.425718654542038, 23.226400248943992 ], [ 77.425735454542036, 23.226553048896552 ], [ 77.425798954542032, 23.226547148898383 ], [ 77.42578215454202, 23.226394348945821 ] ] ] } },
{ "type": "Feature", "properties": { }, "geometry": { "type": "Polygon", "coordinates": [ [ [ 77.425549454542022, 23.226739448838682 ], [ 77.425723854542014, 23.226727048842537 ], [ 77.425718954542035, 23.226668348860759 ], [ 77.425544554542029, 23.226680648856938 ], [ 77.425549454542022, 23.226739448838682 ] ] ] } },
{ "type": "Feature", "properties": { }, "geometry": { "type": "Polygon", "coordinates": [ [ [ 77.425565554542032, 23.226791448822542 ], [ 77.425568554542039, 23.226858148801835 ], [ 77.425731854542036, 23.226851948803752 ], [ 77.425728854542029, 23.226785348824432 ], [ 77.425565554542032, 23.226791448822542 ] ] ] } },
{ "type": "Feature", "properties": { }, "geometry": { "type": "Polygon", "coordinates": [ [ [ 77.429195554542034, 23.227642448558349 ], [ 77.429156754542035, 23.227718548534714 ], [ 77.429315654542037, 23.227786948513479 ], [ 77.429354454542036, 23.227710848537104 ], [ 77.429314054542033, 23.227693448542503 ], [ 77.429329854542019, 23.227662348552158 ], [ 77.429246954542037, 23.227626648563245 ], [ 77.429231154542038, 23.227657748553593 ], [ 77.429195554542034, 23.227642448558349 ] ] ] } },
{ "type": "Feature", "properties": { }, "geometry": { "type": "Polygon", "coordinates": [ [ [ 77.429383054542029, 23.227735148529558 ], [ 77.429344254542016, 23.22781124850593 ], [ 77.429503154542033, 23.227879648484699 ], [ 77.429541954542032, 23.227803548508323 ], [ 77.429501454542034, 23.227786148513726 ], [ 77.429517354542028, 23.227755048523385 ], [ 77.429434454542019, 23.227719348534464 ], [ 77.429418554542039, 23.227750448524809 ], [ 77.429383054542029, 23.227735148529558 ] ] ] } },
{ "type": "Feature", "properties": { }, "geometry": { "type": "Polygon", "coordinates": [ [ [ 77.440838854542037, 23.224339349583779 ], [ 77.440943854542013, 23.224349749580551 ], [ 77.440961954542033, 23.224194449628758 ], [ 77.440856954542028, 23.224184149631956 ], [ 77.440838854542037, 23.224339349583779 ] ] ] } },
{ "type": "Feature", "properties": { }, "geometry": { "type": "Polygon", "coordinates": [ [ [ 77.441120554542039, 23.224449549549568 ], [ 77.441224654542026, 23.224451749548884 ], [ 77.441226554542027, 23.224374249572943 ], [ 77.441122454542025, 23.224372149573593 ], [ 77.441120554542039, 23.224449549549568 ] ] ] } },
{ "type": "Feature", "properties": { }, "geometry": { "type": "Polygon", "coordinates": [ [ [ 77.441034654542037, 23.224559349515484 ], [ 77.441206954542039, 23.224563049514337 ], [ 77.441209554542027, 23.224460149546275 ], [ 77.441037254542039, 23.224456449547429 ], [ 77.441034654542037, 23.224559349515484 ] ] ] } },
{ "type": "Feature", "properties": { }, "geometry": { "type": "Polygon", "coordinates": [ [ [ 77.440993654542027, 23.22400974968609 ], [ 77.440988954542036, 23.22409184966061 ], [ 77.441103654542033, 23.224097449658874 ], [ 77.441108354542038, 23.224015249684385 ], [ 77.440993654542027, 23.22400974968609 ] ] ] } },
{ "type": "Feature", "properties": { }, "geometry": { "type": "Polygon", "coordinates": [ [ [ 77.433986754542033, 23.226422648937035 ], [ 77.433968154542029, 23.22646554892372 ], [ 77.433934254542038, 23.226453248927541 ], [ 77.43385395454203, 23.226639748869633 ], [ 77.433927554542024, 23.226666448861351 ], [ 77.434007854542031, 23.226479948919248 ], [ 77.434000654542047, 23.226477348920053 ], [ 77.434021954542033, 23.22642814893533 ], [ 77.434016554542026, 23.226426248935923 ], [ 77.43403605454202, 23.226379048950577 ], [ 77.433978754542039, 23.226359048956784 ], [ 77.433956754542038, 23.226412148940302 ], [ 77.433986754542033, 23.226422648937035 ] ] ] } },
{ "type": "Feature", "properties": { }, "geometry": { "type": "Polygon", "coordinates": [ [ [ 77.438058354542036, 23.2246752494795 ], [ 77.438068954542032, 23.224621749496112 ], [ 77.438131754542027, 23.224636749491463 ], [ 77.438141154542038, 23.224603449501789 ], [ 77.438245354542019, 23.224624749495188 ], [ 77.438262354542033, 23.22455494951685 ], [ 77.438160754542039, 23.224534149523308 ], [ 77.438170354542038, 23.224500049533891 ], [ 77.437958454542027, 23.224449449549596 ], [ 77.437948754542035, 23.22448394953889 ], [ 77.437840354542018, 23.224457949546963 ], [ 77.437819354542029, 23.224531949523985 ], [ 77.437927854542039, 23.224558049515881 ], [ 77.437919854542031, 23.224586149507164 ], [ 77.43800915454203, 23.224607449500553 ], [ 77.437997854542019, 23.224664549482824 ], [ 77.437961254542031, 23.224658149484817 ], [ 77.437941754542038, 23.22475204945566 ], [ 77.438066754542035, 23.224774049448829 ], [ 77.438086254542029, 23.224680149477983 ], [ 77.438058354542036, 23.2246752494795 ] ] ] } },
{ "type": "Feature", "properties": { }, "geometry": { "type": "Polygon", "coordinates": [ [ [ 77.442349954542038, 23.224429949555653 ], [ 77.442486654542023, 23.224430549555464 ], [ 77.442487554542026, 23.224283949600974 ], [ 77.442350754542034, 23.224283249601193 ], [ 77.442349954542038, 23.224429949555653 ] ] ] } },
{ "type": "Feature", "properties": { }, "geometry": { "type": "Polygon", "coordinates": [ [ [ 77.434537254542022, 23.227481248608385 ], [ 77.434666154542015, 23.227534348591899 ], [ 77.434714854542037, 23.227434548622881 ], [ 77.43458595454203, 23.22738144863937 ], [ 77.434537254542022, 23.227481248608385 ] ] ] } },
{ "type": "Feature", "properties": { }, "geometry": { "type": "Polygon", "coordinates": [ [ [ 77.433520054542029, 23.226829448810747 ], [ 77.433488754542026, 23.226880548794881 ], [ 77.433655454542034, 23.226966848768086 ], [ 77.433686754542038, 23.226915848783921 ], [ 77.433520054542029, 23.226829448810747 ] ] ] } },
{ "type": "Feature", "properties": { }, "geometry": { "type": "Polygon", "coordinates": [ [ [ 77.434464154542013, 23.223941049707413 ], [ 77.434515154542026, 23.224059949670512 ], [ 77.434564654542015, 23.224042049676068 ], [ 77.43451365454203, 23.223923149712977 ], [ 77.434464154542013, 23.223941049707413 ] ] ] } },
{ "type": "Feature", "properties": { }, "geometry": { "type": "Polygon", "coordinates": [ [ [ 77.434028654542033, 23.225052349362439 ], [ 77.434093554542031, 23.225061849359491 ], [ 77.434117654542035, 23.224923249402519 ], [ 77.434052854542031, 23.22491374940547 ], [ 77.434028654542033, 23.225052349362439 ] ] ] } },
{ "type": "Feature", "properties": { }, "geometry": { "type": "Polygon", "coordinates": [ [ [ 77.436457754542033, 23.225194149318419 ], [ 77.43643075454203, 23.225263349296938 ], [ 77.436568554542035, 23.225308749282842 ], [ 77.436595554542038, 23.225239549304327 ], [ 77.436457754542033, 23.225194149318419 ] ] ] } },
{ "type": "Feature", "properties": { }, "geometry": { "type": "Polygon", "coordinates": [ [ [ 77.433925954542033, 23.224281749601662 ], [ 77.433867154542014, 23.224387849568725 ], [ 77.433944754542026, 23.224424149557446 ], [ 77.434003554542031, 23.224318149590356 ], [ 77.433925954542033, 23.224281749601662 ] ] ] } },
{ "type": "Feature", "properties": { }, "geometry": { "type": "Polygon", "coordinates": [ [ [ 77.433789954542036, 23.22598374907329 ], [ 77.433847954542031, 23.225995349069695 ], [ 77.433868054542032, 23.22591024909611 ], [ 77.433810054542036, 23.225898749099681 ], [ 77.433789954542036, 23.22598374907329 ] ] ] } },
{ "type": "Feature", "properties": { }, "geometry": { "type": "Polygon", "coordinates": [ [ [ 77.433901654542026, 23.228901148167541 ], [ 77.434003454542037, 23.228942348154746 ], [ 77.43404035454202, 23.228865348178655 ], [ 77.433938454542016, 23.228824148191446 ], [ 77.433901654542026, 23.228901148167541 ] ] ] } },
{ "type": "Feature", "properties": { }, "geometry": { "type": "Polygon", "coordinates": [ [ [ 77.434264654542034, 23.227745248526421 ], [ 77.434235854542038, 23.227804848507915 ], [ 77.434379454542039, 23.227863348489755 ], [ 77.434408254542035, 23.227803748508258 ], [ 77.434264654542034, 23.227745248526421 ] ] ] } },
{ "type": "Feature", "properties": { }, "geometry": { "type": "Polygon", "coordinates": [ [ [ 77.436668654542032, 23.225091149350394 ], [ 77.436778754542033, 23.225135949336494 ], [ 77.436809954542028, 23.225071249356571 ], [ 77.436699854542027, 23.225026449370478 ], [ 77.436668654542032, 23.225091149350394 ] ] ] } },
{ "type": "Feature", "properties": { }, "geometry": { "type": "Polygon", "coordinates": [ [ [ 77.434635054542028, 23.226427148935649 ], [ 77.434731754542028, 23.226466948923289 ], [ 77.434762954542023, 23.226403048943126 ], [ 77.434666254542037, 23.226363248955479 ], [ 77.434635054542028, 23.226427148935649 ] ] ] } },
{ "type": "Feature", "properties": { }, "geometry": { "type": "Polygon", "coordinates": [ [ [ 77.434438354542038, 23.22731904865875 ], [ 77.434396754542036, 23.227400348633502 ], [ 77.434536654542029, 23.227460748614746 ], [ 77.434578154542038, 23.227379448639994 ], [ 77.434438354542038, 23.22731904865875 ] ] ] } },
{ "type": "Feature", "properties": { }, "geometry": { "type": "Polygon", "coordinates": [ [ [ 77.434140254542015, 23.228033148437039 ], [ 77.434252854542038, 23.228073848424405 ], [ 77.434288354542034, 23.227990648450234 ], [ 77.434175754542039, 23.227950048462837 ], [ 77.434140254542015, 23.228033148437039 ] ] ] } },
{ "type": "Feature", "properties": { }, "geometry": { "type": "Polygon", "coordinates": [ [ [ 77.434471254542032, 23.226491148915777 ], [ 77.434528354542039, 23.226513748908761 ], [ 77.434567854542038, 23.226429348934957 ], [ 77.434510854542026, 23.226406748941976 ], [ 77.434471254542032, 23.226491148915777 ] ] ] } },
{ "type": "Feature", "properties": { }, "geometry": { "type": "Polygon", "coordinates": [ [ [ 77.434008854542014, 23.228716948224729 ], [ 77.434080654542029, 23.228747048215389 ], [ 77.434119554542036, 23.228668748239695 ], [ 77.434047754542036, 23.228638648249046 ], [ 77.434008854542014, 23.228716948224729 ] ] ] } },
{ "type": "Feature", "properties": { }, "geometry": { "type": "Polygon", "coordinates": [ [ [ 77.433780854542036, 23.226514548908504 ], [ 77.433852954542033, 23.226542448899846 ], [ 77.433879754542019, 23.226483948918013 ], [ 77.433807654542036, 23.226456048926668 ], [ 77.433780854542036, 23.226514548908504 ] ] ] } },
{ "type": "Feature", "properties": { }, "geometry": { "type": "Polygon", "coordinates": [ [ [ 77.433412754542019, 23.22638554894856 ], [ 77.433437954542029, 23.226409148941226 ], [ 77.43348725454203, 23.22636474895501 ], [ 77.433462054542034, 23.226341148962337 ], [ 77.433412754542019, 23.22638554894856 ] ] ] } },
{ "type": "Feature", "properties": { }, "geometry": { "type": "Polygon", "coordinates": [ [ [ 77.442333354542029, 23.224031549679328 ], [ 77.442335354542038, 23.224207649624656 ], [ 77.442524554542047, 23.224205749625252 ], [ 77.442522554542037, 23.22402964967992 ], [ 77.442333354542029, 23.224031549679328 ] ] ] } },
{ "type": "Feature", "properties": { }, "geometry": { "type": "Polygon", "coordinates": [ [ [ 77.433821854542032, 23.227394548635303 ], [ 77.43387885454203, 23.227414648629061 ], [ 77.434063954542026, 23.226970948766816 ], [ 77.434006854542019, 23.226950848773058 ], [ 77.433821854542032, 23.227394548635303 ] ] ] } },
{ "type": "Feature", "properties": { }, "geometry": { "type": "Polygon", "coordinates": [ [ [ 77.434501754542026, 23.22757844857821 ], [ 77.434618954542032, 23.227622148564638 ], [ 77.434657854542039, 23.227534048591991 ], [ 77.434540654542033, 23.227490348605563 ], [ 77.434501754542026, 23.22757844857821 ] ] ] } },
{ "type": "Feature", "properties": { }, "geometry": { "type": "Polygon", "coordinates": [ [ [ 77.433556254542012, 23.226751248835022 ], [ 77.433523854542031, 23.226808048817386 ], [ 77.433651654542032, 23.226869548798295 ], [ 77.433684054542027, 23.226812748815931 ], [ 77.433556254542012, 23.226751248835022 ] ] ] } },
{ "type": "Feature", "properties": { }, "geometry": { "type": "Polygon", "coordinates": [ [ [ 77.433764454542015, 23.226257948988167 ], [ 77.433820454542015, 23.226300548974951 ], [ 77.433890854542014, 23.226222548999157 ], [ 77.433834854542013, 23.226179949012383 ], [ 77.433764454542015, 23.226257948988167 ] ] ] } },
{ "type": "Feature", "properties": { }, "geometry": { "type": "Polygon", "coordinates": [ [ [ 77.434416254542029, 23.224912449405871 ], [ 77.433899954542014, 23.224791049443553 ], [ 77.433884854542029, 23.224845349426705 ], [ 77.434401154542016, 23.224966749389012 ], [ 77.434416254542029, 23.224912449405871 ] ] ] } },
{ "type": "Feature", "properties": { }, "geometry": { "type": "Polygon", "coordinates": [ [ [ 77.43636995454203, 23.225409149251675 ], [ 77.436508654542038, 23.225455549237267 ], [ 77.436559654542037, 23.225326749277254 ], [ 77.436420854542035, 23.225280349291662 ], [ 77.43636995454203, 23.225409149251675 ] ] ] } },
{ "type": "Feature", "properties": { }, "geometry": { "type": "Polygon", "coordinates": [ [ [ 77.434065754542033, 23.22514614933332 ], [ 77.434042854542028, 23.225229849307336 ], [ 77.434179054542028, 23.22526144929753 ], [ 77.434202054542027, 23.22517774932351 ], [ 77.434065754542033, 23.22514614933332 ] ] ] } },
{ "type": "Feature", "properties": { }, "geometry": { "type": "Polygon", "coordinates": [ [ [ 77.434301554542031, 23.227636748560109 ], [ 77.434253554542025, 23.227733948529927 ], [ 77.434401054542036, 23.227795548510802 ], [ 77.434449154542023, 23.227698348540983 ], [ 77.434301554542031, 23.227636748560109 ] ] ] } },
{ "type": "Feature", "properties": { }, "geometry": { "type": "Polygon", "coordinates": [ [ [ 77.433768854542038, 23.224252849610629 ], [ 77.433818454542021, 23.224275749603517 ], [ 77.433883454542013, 23.224156749640461 ], [ 77.43383385454203, 23.224133849647568 ], [ 77.433768854542038, 23.224252849610629 ] ] ] } },
{ "type": "Feature", "properties": { }, "geometry": { "type": "Polygon", "coordinates": [ [ [ 77.433850954542024, 23.228628848252082 ], [ 77.433982554542027, 23.228685848234392 ], [ 77.434026854542026, 23.228599548261183 ], [ 77.433895254542037, 23.228542548278877 ], [ 77.433850954542024, 23.228628848252082 ] ] ] } },
{ "type": "Feature", "properties": { }, "geometry": { "type": "Polygon", "coordinates": [ [ [ 77.433719554542037, 23.225972649076741 ], [ 77.43377185454203, 23.225984549073047 ], [ 77.433795354542028, 23.225897049100212 ], [ 77.43374305454202, 23.225885149103906 ], [ 77.433719554542037, 23.225972649076741 ] ] ] } },
{ "type": "Feature", "properties": { }, "geometry": { "type": "Polygon", "coordinates": [ [ [ 77.433506354542033, 23.224975949386156 ], [ 77.433616354542039, 23.225020649372283 ], [ 77.433667354542038, 23.224914649405186 ], [ 77.433557254542038, 23.224869949419066 ], [ 77.433506354542033, 23.224975949386156 ] ] ] } },
{ "type": "Feature", "properties": { }, "geometry": { "type": "Polygon", "coordinates": [ [ [ 77.434483954542031, 23.227226648687427 ], [ 77.434445454542029, 23.227296348665789 ], [ 77.434582954542023, 23.227360448645889 ], [ 77.434621454542039, 23.227290748667528 ], [ 77.434483954542031, 23.227226648687427 ] ] ] } },
{ "type": "Feature", "properties": { }, "geometry": { "type": "Polygon", "coordinates": [ [ [ 77.43381375454203, 23.228747148215355 ], [ 77.433942554542014, 23.228803148197965 ], [ 77.433983354542022, 23.228723948222555 ], [ 77.433854654542031, 23.228667948239945 ], [ 77.43381375454203, 23.228747148215355 ] ] ] } },
{ "type": "Feature", "properties": { }, "geometry": { "type": "Polygon", "coordinates": [ [ [ 77.434194954542036, 23.227896748479388 ], [ 77.434175354542035, 23.227942148465289 ], [ 77.434296654542038, 23.227986548451508 ], [ 77.43431635454202, 23.227941148465604 ], [ 77.434194954542036, 23.227896748479388 ] ] ] } },
{ "type": "Feature", "properties": { }, "geometry": { "type": "Polygon", "coordinates": [ [ [ 77.433358154542034, 23.226036049057058 ], [ 77.433435554542015, 23.226052749051874 ], [ 77.433456354542031, 23.225971449077118 ], [ 77.433378954542036, 23.225954749082298 ], [ 77.433358154542034, 23.226036049057058 ] ] ] } },
{ "type": "Feature", "properties": { }, "geometry": { "type": "Polygon", "coordinates": [ [ [ 77.434589454542035, 23.226544048899349 ], [ 77.43464195454203, 23.22656584889258 ], [ 77.434675154542035, 23.226498548913476 ], [ 77.434622554542031, 23.226476648920279 ], [ 77.434589454542035, 23.226544048899349 ] ] ] } },
{ "type": "Feature", "properties": { }, "geometry": { "type": "Polygon", "coordinates": [ [ [ 77.436812154542039, 23.225073949355739 ], [ 77.436926054542013, 23.22512054934127 ], [ 77.436952154542027, 23.225066649358002 ], [ 77.436838254542039, 23.225019949372498 ], [ 77.436812154542039, 23.225073949355739 ] ] ] } },
{ "type": "Feature", "properties": { }, "geometry": { "type": "Polygon", "coordinates": [ [ [ 77.434112454542017, 23.225058549360512 ], [ 77.434177254542035, 23.225071549356475 ], [ 77.434208054542026, 23.224942149396647 ], [ 77.43414335454203, 23.224929149400683 ], [ 77.434112454542017, 23.225058549360512 ] ] ] } },
{ "type": "Feature", "properties": { }, "geometry": { "type": "Polygon", "coordinates": [ [ [ 77.434361554542036, 23.227890848481216 ], [ 77.434314454542019, 23.22799394844921 ], [ 77.434450654542033, 23.228046548432875 ], [ 77.43449785454203, 23.227943448464892 ], [ 77.434361554542036, 23.227890848481216 ] ] ] } },
{ "type": "Feature", "properties": { }, "geometry": { "type": "Polygon", "coordinates": [ [ [ 77.434478254542029, 23.227648148556568 ], [ 77.434561454542035, 23.227688748543962 ], [ 77.434584354542039, 23.227649248556229 ], [ 77.434501154542033, 23.22760854856886 ], [ 77.434478254542029, 23.227648148556568 ] ] ] } },
{ "type": "Feature", "properties": { }, "geometry": { "type": "Polygon", "coordinates": [ [ [ 77.43325985454203, 23.228764648209925 ], [ 77.433305054542018, 23.22878344820408 ], [ 77.433376154542032, 23.228639248248854 ], [ 77.433330954542029, 23.228620448254695 ], [ 77.43325985454203, 23.228764648209925 ] ] ] } },
{ "type": "Feature", "properties": { }, "geometry": { "type": "Polygon", "coordinates": [ [ [ 77.434346554542017, 23.22752084859609 ], [ 77.434403354542027, 23.22754634858817 ], [ 77.43445365454204, 23.227451448617639 ], [ 77.43439685454203, 23.227425948625559 ], [ 77.434346554542017, 23.22752084859609 ] ] ] } },
{ "type": "Feature", "properties": { }, "geometry": { "type": "Polygon", "coordinates": [ [ [ 77.433718254542029, 23.226090949040007 ], [ 77.433655554542028, 23.226146849022665 ], [ 77.433744754542033, 23.226231248996456 ], [ 77.433807354542026, 23.226175349013808 ], [ 77.433718254542029, 23.226090949040007 ] ] ] } },
{ "type": "Feature", "properties": { }, "geometry": { "type": "Polygon", "coordinates": [ [ [ 77.433568354542032, 23.228111548412691 ], [ 77.433686854542032, 23.22815034840065 ], [ 77.433730354542035, 23.22803824843545 ], [ 77.43361195454203, 23.227999348447526 ], [ 77.433568354542032, 23.228111548412691 ] ] ] } },
{ "type": "Feature", "properties": { }, "geometry": { "type": "Polygon", "coordinates": [ [ [ 77.433918754542034, 23.225190949319416 ], [ 77.434035354542033, 23.225216849311376 ], [ 77.434054454542036, 23.225144249333908 ], [ 77.433937754542029, 23.225118349341955 ], [ 77.433918754542034, 23.225190949319416 ] ] ] } },
{ "type": "Feature", "properties": { }, "geometry": { "type": "Polygon", "coordinates": [ [ [ 77.434351654542027, 23.227544848588636 ], [ 77.434304254542027, 23.227631448561748 ], [ 77.434428554542023, 23.227688848543931 ], [ 77.434475954542037, 23.227602248570822 ], [ 77.434351654542027, 23.227544848588636 ] ] ] } },
{ "type": "Feature", "properties": { }, "geometry": { "type": "Polygon", "coordinates": [ [ [ 77.433850354542031, 23.226050349052617 ], [ 77.433954154542036, 23.226122149030331 ], [ 77.433992854542026, 23.226074949044982 ], [ 77.433889054542021, 23.226003049067302 ], [ 77.433850354542031, 23.226050349052617 ] ] ] } },
{ "type": "Feature", "properties": { }, "geometry": { "type": "Polygon", "coordinates": [ [ [ 77.434540654542033, 23.226523848905622 ], [ 77.434583754542032, 23.226539148900869 ], [ 77.434612054542029, 23.2264720489217 ], [ 77.434568954542016, 23.226456748926452 ], [ 77.434540654542033, 23.226523848905622 ] ] ] } },
{ "type": "Feature", "properties": { }, "geometry": { "type": "Polygon", "coordinates": [ [ [ 77.436753454542028, 23.225036649367311 ], [ 77.436806754542033, 23.225058649360488 ], [ 77.436837254542027, 23.224996449379798 ], [ 77.436783954542037, 23.224974349386656 ], [ 77.436753454542028, 23.225036649367311 ] ] ] } },
{ "type": "Feature", "properties": { }, "geometry": { "type": "Polygon", "coordinates": [ [ [ 77.434526854542028, 23.227120648720341 ], [ 77.434488854542025, 23.227196048696925 ], [ 77.434608854542034, 23.227247148681062 ], [ 77.434646954542032, 23.227171748704471 ], [ 77.434526854542028, 23.227120648720341 ] ] ] } },
{ "type": "Feature", "properties": { }, "geometry": { "type": "Polygon", "coordinates": [ [ [ 77.434217054542017, 23.225201449316152 ], [ 77.434196454542018, 23.225276549292847 ], [ 77.434307754542033, 23.225302449284801 ], [ 77.434328454542026, 23.225227349308113 ], [ 77.434217054542017, 23.225201449316152 ] ] ] } },
{ "type": "Feature", "properties": { }, "geometry": { "type": "Polygon", "coordinates": [ [ [ 77.433587154542025, 23.224474049541961 ], [ 77.433556154542032, 23.224538049522092 ], [ 77.433670854542029, 23.224584849507568 ], [ 77.433701754542028, 23.224520849527433 ], [ 77.433587154542025, 23.224474049541961 ] ] ] } },
{ "type": "Feature", "properties": { }, "geometry": { "type": "Polygon", "coordinates": [ [ [ 77.433624354542033, 23.225948649084195 ], [ 77.433702554542037, 23.225967249078415 ], [ 77.433727354542015, 23.225879149105765 ], [ 77.433649154542024, 23.225860549111545 ], [ 77.433624354542033, 23.225948649084195 ] ] ] } },
{ "type": "Feature", "properties": { }, "geometry": { "type": "Polygon", "coordinates": [ [ [ 77.433693854542028, 23.226314248970688 ], [ 77.433745254542032, 23.226356548957558 ], [ 77.433798854542033, 23.226301548974636 ], [ 77.433747454542029, 23.226259248987763 ], [ 77.433693854542028, 23.226314248970688 ] ] ] } },
{ "type": "Feature", "properties": { }, "geometry": { "type": "Polygon", "coordinates": [ [ [ 77.433274954542014, 23.226015149063546 ], [ 77.433346554542027, 23.226032249058239 ], [ 77.433369354542037, 23.225951549083291 ], [ 77.433297754542039, 23.225934449088601 ], [ 77.433274954542014, 23.226015149063546 ] ] ] } },
{ "type": "Feature", "properties": { }, "geometry": { "type": "Polygon", "coordinates": [ [ [ 77.433478054542022, 23.224700149471772 ], [ 77.433543354542039, 23.224731249462121 ], [ 77.433592954542021, 23.224643049489501 ], [ 77.433527754542027, 23.224612049499122 ], [ 77.433478054542022, 23.224700149471772 ] ] ] } },
{ "type": "Feature", "properties": { }, "geometry": { "type": "Polygon", "coordinates": [ [ [ 77.434095354542038, 23.228512948288078 ], [ 77.434182054542021, 23.228546148277761 ], [ 77.434218854542038, 23.228464748303036 ], [ 77.434132254542021, 23.228431648313315 ], [ 77.434095354542038, 23.228512948288078 ] ] ] } },
{ "type": "Feature", "properties": { }, "geometry": { "type": "Polygon", "coordinates": [ [ [ 77.434262354542014, 23.228114248411863 ], [ 77.434396654542027, 23.228165548395928 ], [ 77.43444855454203, 23.228050748431571 ], [ 77.434314254542016, 23.227999548447471 ], [ 77.434262354542014, 23.228114248411863 ] ] ] } },
{ "type": "Feature", "properties": { }, "geometry": { "type": "Polygon", "coordinates": [ [ [ 77.434141654542017, 23.226635048871099 ], [ 77.43419075454203, 23.226653148865481 ], [ 77.434283954542039, 23.226439948931667 ], [ 77.434234854542026, 23.226421848937285 ], [ 77.434141654542017, 23.226635048871099 ] ] ] } },
{ "type": "Feature", "properties": { }, "geometry": { "type": "Polygon", "coordinates": [ [ [ 77.433685454542029, 23.2278770484855 ], [ 77.433778954542035, 23.22790864847569 ], [ 77.433812454542021, 23.227825148501619 ], [ 77.433718954542044, 23.227793448511456 ], [ 77.433685454542029, 23.2278770484855 ] ] ] } },
{ "type": "Feature", "properties": { }, "geometry": { "type": "Polygon", "coordinates": [ [ [ 77.434415754542016, 23.227563848582744 ], [ 77.434490754542026, 23.227590948574324 ], [ 77.434532854542027, 23.227492448604902 ], [ 77.434457854542032, 23.227465348613329 ], [ 77.434415754542016, 23.227563848582744 ] ] ] } },
{ "type": "Feature", "properties": { }, "geometry": { "type": "Polygon", "coordinates": [ [ [ 77.433828854542028, 23.226071849045947 ], [ 77.433782454542026, 23.226122749030139 ], [ 77.433889754542037, 23.226205349004502 ], [ 77.433936154542039, 23.226154449020303 ], [ 77.433828854542028, 23.226071849045947 ] ] ] } },
{ "type": "Feature", "properties": { }, "geometry": { "type": "Polygon", "coordinates": [ [ [ 77.433991154542014, 23.228379848329396 ], [ 77.433947054542031, 23.228460348304406 ], [ 77.434063054542023, 23.228513948287755 ], [ 77.434107154542033, 23.228433448312749 ], [ 77.433991154542014, 23.228379848329396 ] ] ] } },
{ "type": "Feature", "properties": { }, "geometry": { "type": "Polygon", "coordinates": [ [ [ 77.433504354542038, 23.22636514895488 ], [ 77.43355865454204, 23.226423948936635 ], [ 77.433618454542042, 23.226377248951131 ], [ 77.433564054542032, 23.226318448969387 ], [ 77.433504354542038, 23.22636514895488 ] ] ] } },
{ "type": "Feature", "properties": { }, "geometry": { "type": "Polygon", "coordinates": [ [ [ 77.436707554542039, 23.225018449372964 ], [ 77.436745354542026, 23.225032149368705 ], [ 77.436774154542036, 23.224964949389566 ], [ 77.436736354542035, 23.224951249393822 ], [ 77.436707554542039, 23.225018449372964 ] ] ] } },
{ "type": "Feature", "properties": { }, "geometry": { "type": "Polygon", "coordinates": [ [ [ 77.433595954542028, 23.226217349000773 ], [ 77.433686154542031, 23.226299248975348 ], [ 77.433733954542035, 23.226254848989129 ], [ 77.433643754542018, 23.226172849014592 ], [ 77.433595954542028, 23.226217349000773 ] ] ] } },
{ "type": "Feature", "properties": { }, "geometry": { "type": "Polygon", "coordinates": [ [ [ 77.434085654542031, 23.225674749169222 ], [ 77.434204754542037, 23.225698749161772 ], [ 77.43424365454203, 23.22553604921228 ], [ 77.434124554542038, 23.225512049219734 ], [ 77.434085654542031, 23.225674749169222 ] ] ] } },
{ "type": "Feature", "properties": { }, "geometry": { "type": "Polygon", "coordinates": [ [ [ 77.433737954542039, 23.224552249517686 ], [ 77.43370985454203, 23.224609649499868 ], [ 77.433811154542028, 23.224651549486861 ], [ 77.433839254542036, 23.224594149504679 ], [ 77.433737954542039, 23.224552249517686 ] ] ] } },
{ "type": "Feature", "properties": { }, "geometry": { "type": "Polygon", "coordinates": [ [ [ 77.433536454542036, 23.225930749089748 ], [ 77.433607054542037, 23.225949049084068 ], [ 77.433633854542038, 23.225861549111229 ], [ 77.433563354542031, 23.225843249116917 ], [ 77.433536454542036, 23.225930749089748 ] ] ] } },
{ "type": "Feature", "properties": { }, "geometry": { "type": "Polygon", "coordinates": [ [ [ 77.433118054542035, 23.225967749078261 ], [ 77.433260854542027, 23.226000349068141 ], [ 77.433280454542029, 23.225928049090587 ], [ 77.433137654542023, 23.225895349100739 ], [ 77.433118054542035, 23.225967749078261 ] ] ] } },
{ "type": "Feature", "properties": { }, "geometry": { "type": "Polygon", "coordinates": [ [ [ 77.434526554542032, 23.226400348943962 ], [ 77.434604154542015, 23.22643104893443 ], [ 77.434633654542026, 23.226368248953928 ], [ 77.434556054542028, 23.226337448963491 ], [ 77.434526554542032, 23.226400348943962 ] ] ] } },
{ "type": "Feature", "properties": { }, "geometry": { "type": "Polygon", "coordinates": [ [ [ 77.433613954542039, 23.224782749446138 ], [ 77.433656554542026, 23.224802249440081 ], [ 77.433703554542021, 23.224715349467061 ], [ 77.433660854542012, 23.224695849473108 ], [ 77.433613954542039, 23.224782749446138 ] ] ] } },
{ "type": "Feature", "properties": { }, "geometry": { "type": "Polygon", "coordinates": [ [ [ 77.433451954542036, 23.224371449573816 ], [ 77.433502454542037, 23.224401849564369 ], [ 77.433558054542033, 23.224323849588593 ], [ 77.433507654542012, 23.224293449598033 ], [ 77.433451954542036, 23.224371449573816 ] ] ] } },
{ "type": "Feature", "properties": { }, "geometry": { "type": "Polygon", "coordinates": [ [ [ 77.434137654542027, 23.228389748326322 ], [ 77.434247154542021, 23.228432248313123 ], [ 77.43428195454203, 23.228356448336658 ], [ 77.434172554542016, 23.228313948349854 ], [ 77.434137654542027, 23.228389748326322 ] ] ] } },
{ "type": "Feature", "properties": { }, "geometry": { "type": "Polygon", "coordinates": [ [ [ 77.433333954542036, 23.228230148375875 ], [ 77.43341575454204, 23.228268948363826 ], [ 77.433436154542036, 23.228232648375101 ], [ 77.433354354542033, 23.228193848387143 ], [ 77.433333954542036, 23.228230148375875 ] ] ] } },
{ "type": "Feature", "properties": { }, "geometry": { "type": "Polygon", "coordinates": [ [ [ 77.434241154542022, 23.226196749007173 ], [ 77.434204554542035, 23.226280248981244 ], [ 77.43435735454203, 23.226336848963676 ], [ 77.434393954542031, 23.226253348989598 ], [ 77.434241154542022, 23.226196749007173 ] ] ] } },
{ "type": "Feature", "properties": { }, "geometry": { "type": "Polygon", "coordinates": [ [ [ 77.433634354542022, 23.227803048508481 ], [ 77.433685854542034, 23.227820448503081 ], [ 77.433794454542038, 23.227548048587657 ], [ 77.43374305454202, 23.227530748593015 ], [ 77.433634354542022, 23.227803048508481 ] ] ] } },
{ "type": "Feature", "properties": { }, "geometry": { "type": "Polygon", "coordinates": [ [ [ 77.433981754542032, 23.228365648333803 ], [ 77.434081254542036, 23.2284078483207 ], [ 77.434124254542027, 23.228322148347303 ], [ 77.434024654542029, 23.228280048360379 ], [ 77.433981754542032, 23.228365648333803 ] ] ] } },
{ "type": "Feature", "properties": { }, "geometry": { "type": "Polygon", "coordinates": [ [ [ 77.434196154542036, 23.226291848977645 ], [ 77.434154154542028, 23.226387848947841 ], [ 77.434327654542031, 23.226451948927942 ], [ 77.434369654542024, 23.226355948957746 ], [ 77.434196154542036, 23.226291848977645 ] ] ] } },
{ "type": "Feature", "properties": { }, "geometry": { "type": "Polygon", "coordinates": [ [ [ 77.433811454542038, 23.228761848210787 ], [ 77.433767054542031, 23.228840648186324 ], [ 77.433882354542035, 23.228895548169284 ], [ 77.433926754542028, 23.228816748193744 ], [ 77.433811454542038, 23.228761848210787 ] ] ] } },
{ "type": "Feature", "properties": { }, "geometry": { "type": "Polygon", "coordinates": [ [ [ 77.433617854542021, 23.226265948985688 ], [ 77.433562954542026, 23.22631364897088 ], [ 77.433637854542027, 23.226386448948279 ], [ 77.433692754542037, 23.226338648963118 ], [ 77.433617854542021, 23.226265948985688 ] ] ] } },
{ "type": "Feature", "properties": { }, "geometry": { "type": "Polygon", "coordinates": [ [ [ 77.434325054542029, 23.226914848784229 ], [ 77.43430565454203, 23.226954648771876 ], [ 77.434416254542029, 23.227000248757715 ], [ 77.434435654542028, 23.226960448770075 ], [ 77.434325054542029, 23.226914848784229 ] ] ] } },
{ "type": "Feature", "properties": { }, "geometry": { "type": "Polygon", "coordinates": [ [ [ 77.434764254542031, 23.224802149440116 ], [ 77.434829654542028, 23.224802549439985 ], [ 77.434830354542029, 23.22471014946867 ], [ 77.434764954542032, 23.224709749468794 ], [ 77.434764254542031, 23.224802149440116 ] ] ] } },
{ "type": "Feature", "properties": { }, "geometry": { "type": "Polygon", "coordinates": [ [ [ 77.432941754542028, 23.225923349092046 ], [ 77.433095554542035, 23.225961849080093 ], [ 77.433116354542037, 23.22589154910191 ], [ 77.432962454542022, 23.225853149113838 ], [ 77.432941754542028, 23.225923349092046 ] ] ] } },
{ "type": "Feature", "properties": { }, "geometry": { "type": "Polygon", "coordinates": [ [ [ 77.434432054542015, 23.226358448956972 ], [ 77.434498354542015, 23.226385248948652 ], [ 77.434530554542036, 23.226318048969507 ], [ 77.434464154542013, 23.22629124897783 ], [ 77.434432054542015, 23.226358448956972 ] ] ] } },
{ "type": "Feature", "properties": { }, "geometry": { "type": "Polygon", "coordinates": [ [ [ 77.433399654542029, 23.224506049532032 ], [ 77.433450954542039, 23.224528949524917 ], [ 77.43350495454203, 23.224426649556676 ], [ 77.433453654542035, 23.224403749563784 ], [ 77.433399654542029, 23.224506049532032 ] ] ] } },
{ "type": "Feature", "properties": { }, "geometry": { "type": "Polygon", "coordinates": [ [ [ 77.434616254542036, 23.227252548679392 ], [ 77.43477935454203, 23.227319848658496 ], [ 77.434818254542037, 23.227240348683171 ], [ 77.434655154542028, 23.227173048704071 ], [ 77.434616254542036, 23.227252548679392 ] ] ] } },
{ "type": "Feature", "properties": { }, "geometry": { "type": "Polygon", "coordinates": [ [ [ 77.43345285454204, 23.226955448771623 ], [ 77.433413654542036, 23.227021048751261 ], [ 77.433580354542016, 23.227105148725148 ], [ 77.433619554542034, 23.227039548745513 ], [ 77.43345285454204, 23.226955448771623 ] ] ] } },
{ "type": "Feature", "properties": { }, "geometry": { "type": "Polygon", "coordinates": [ [ [ 77.434674654542036, 23.226355348957931 ], [ 77.434805854542034, 23.226406148942164 ], [ 77.434849454542032, 23.226316748969918 ], [ 77.434718754542033, 23.226263648986397 ], [ 77.434674654542036, 23.226355348957931 ] ] ] } },
{ "type": "Feature", "properties": { }, "geometry": { "type": "Polygon", "coordinates": [ [ [ 77.434170454542027, 23.228304048352928 ], [ 77.434305154542017, 23.228354248337347 ], [ 77.434344054542038, 23.2282661483647 ], [ 77.434209354542034, 23.228215948380281 ], [ 77.434170454542027, 23.228304048352928 ] ] ] } },
{ "type": "Feature", "properties": { }, "geometry": { "type": "Polygon", "coordinates": [ [ [ 77.43304425454204, 23.227241848682709 ], [ 77.433166654542035, 23.227253848678988 ], [ 77.433176254542033, 23.227170548704841 ], [ 77.433053854542024, 23.227158548708573 ], [ 77.43304425454204, 23.227241848682709 ] ] ] } },
{ "type": "Feature", "properties": { }, "geometry": { "type": "Polygon", "coordinates": [ [ [ 77.434497754542036, 23.226565148892792 ], [ 77.434554054542033, 23.226590048885072 ], [ 77.434579154542035, 23.226541948900003 ], [ 77.434522854542024, 23.226517048907731 ], [ 77.434497754542036, 23.226565148892792 ] ] ] } },
{ "type": "Feature", "properties": { }, "geometry": { "type": "Polygon", "coordinates": [ [ [ 77.437119254542026, 23.225068649357382 ], [ 77.437087154542027, 23.225139249335459 ], [ 77.437315154542034, 23.225226749308298 ], [ 77.437347254542033, 23.225156149330214 ], [ 77.437119254542026, 23.225068649357382 ] ] ] } },
{ "type": "Feature", "properties": { }, "geometry": { "type": "Polygon", "coordinates": [ [ [ 77.442843454542015, 23.224621649496139 ], [ 77.442996354542032, 23.22462284949577 ], [ 77.442997554542032, 23.224489749537089 ], [ 77.442844654542029, 23.224488449537493 ], [ 77.442843454542015, 23.224621649496139 ] ] ] } },
{ "type": "Feature", "properties": { }, "geometry": { "type": "Polygon", "coordinates": [ [ [ 77.434031854542027, 23.228248248370253 ], [ 77.434148754542036, 23.228296048355414 ], [ 77.434189054542045, 23.228212848381244 ], [ 77.434072154542037, 23.22816504839609 ], [ 77.434031854542027, 23.228248248370253 ] ] ] } },
{ "type": "Feature", "properties": { }, "geometry": { "type": "Polygon", "coordinates": [ [ [ 77.437016954542031, 23.224568949512509 ], [ 77.436975354542028, 23.224649949487354 ], [ 77.437207154542023, 23.224750449456163 ], [ 77.43724875454204, 23.224669349481339 ], [ 77.437016954542031, 23.224568949512509 ] ] ] } },
{ "type": "Feature", "properties": { }, "geometry": { "type": "Polygon", "coordinates": [ [ [ 77.433592454542037, 23.226679148857404 ], [ 77.433717654542036, 23.226744648837069 ], [ 77.433753454542028, 23.226686848855014 ], [ 77.433628254542029, 23.226621348875355 ], [ 77.433592454542037, 23.226679148857404 ] ] ] } },
{ "type": "Feature", "properties": { }, "geometry": { "type": "Polygon", "coordinates": [ [ [ 77.442319554542038, 23.224637649491179 ], [ 77.442465154542035, 23.224640649490247 ], [ 77.442466854542019, 23.224569049512471 ], [ 77.442321354542031, 23.224566049513403 ], [ 77.442319554542038, 23.224637649491179 ] ] ] } },
{ "type": "Feature", "properties": { }, "geometry": { "type": "Polygon", "coordinates": [ [ [ 77.434708654542035, 23.224365849575555 ], [ 77.434715754542012, 23.224511649530289 ], [ 77.434775454542034, 23.224509249531035 ], [ 77.434768254542035, 23.224363449576298 ], [ 77.434708654542035, 23.224365849575555 ] ] ] } },
{ "type": "Feature", "properties": { }, "geometry": { "type": "Polygon", "coordinates": [ [ [ 77.434584054542029, 23.22736964864303 ], [ 77.434716654542029, 23.22742744862509 ], [ 77.434765254542029, 23.227333248654332 ], [ 77.434632554542034, 23.227275548672253 ], [ 77.434584054542029, 23.22736964864303 ] ] ] } },
{ "type": "Feature", "properties": { }, "geometry": { "type": "Polygon", "coordinates": [ [ [ 77.433487854542037, 23.22688924879218 ], [ 77.433453154542022, 23.226948148773893 ], [ 77.433618854542019, 23.227030648748279 ], [ 77.433653554542033, 23.226971848766539 ], [ 77.433487854542037, 23.22688924879218 ] ] ] } },
{ "type": "Feature", "properties": { }, "geometry": { "type": "Polygon", "coordinates": [ [ [ 77.434401154542016, 23.226430548934584 ], [ 77.434470254542035, 23.226452048927914 ], [ 77.434489254542015, 23.226400548943893 ], [ 77.434420154542039, 23.226379048950577 ], [ 77.434401154542016, 23.226430548934584 ] ] ] } },
{ "type": "Feature", "properties": { }, "geometry": { "type": "Polygon", "coordinates": [ [ [ 77.433407454542035, 23.227026048749707 ], [ 77.433369154542035, 23.227086848730831 ], [ 77.433528154542032, 23.227171248704632 ], [ 77.433566354542037, 23.227110448723508 ], [ 77.433407454542035, 23.227026048749707 ] ] ] } },
{ "type": "Feature", "properties": { }, "geometry": { "type": "Polygon", "coordinates": [ [ [ 77.433859654542033, 23.225996049069476 ], [ 77.433922054542037, 23.226009449065316 ], [ 77.433942754542016, 23.225927449090776 ], [ 77.433880454542034, 23.225914149094905 ], [ 77.433859654542033, 23.225996049069476 ] ] ] } },
{ "type": "Feature", "properties": { }, "geometry": { "type": "Polygon", "coordinates": [ [ [ 77.434294054542036, 23.226162849017694 ], [ 77.434341754542032, 23.226086849041288 ], [ 77.434262454542036, 23.226044949054295 ], [ 77.434214854542034, 23.226120949030705 ], [ 77.434294054542036, 23.226162849017694 ] ] ] } },
{ "type": "Feature", "properties": { }, "geometry": { "type": "Polygon", "coordinates": [ [ [ 77.433948654542036, 23.228469848301454 ], [ 77.433910854542034, 23.228538248280213 ], [ 77.434040254542026, 23.228598448261526 ], [ 77.434077954542033, 23.228530048282757 ], [ 77.433948654542036, 23.228469848301454 ] ] ] } },
{ "type": "Feature", "properties": { }, "geometry": { "type": "Polygon", "coordinates": [ [ [ 77.434081654542027, 23.228140748403632 ], [ 77.434179054542028, 23.228182948390529 ], [ 77.434221954542039, 23.228099148416547 ], [ 77.434124554542038, 23.228056948429654 ], [ 77.434081654542027, 23.228140748403632 ] ] ] } },
{ "type": "Feature", "properties": { }, "geometry": { "type": "Polygon", "coordinates": [ [ [ 77.437277754542038, 23.224677349478849 ], [ 77.437236354542037, 23.224757149454081 ], [ 77.437465654542038, 23.224857549422914 ], [ 77.437507054542039, 23.224777749447682 ], [ 77.437277754542038, 23.224677349478849 ] ] ] } },
{ "type": "Feature", "properties": { }, "geometry": { "type": "Polygon", "coordinates": [ [ [ 77.433380554542026, 23.226487548916886 ], [ 77.433424354542026, 23.226532548902924 ], [ 77.433476954542016, 23.226489448916301 ], [ 77.433433254542038, 23.226444348930301 ], [ 77.433380554542026, 23.226487548916886 ] ] ] } },
{ "type": "Feature", "properties": { }, "geometry": { "type": "Polygon", "coordinates": [ [ [ 77.438236354542028, 23.224820949434278 ], [ 77.438393754542034, 23.224852549424462 ], [ 77.438439354542012, 23.224660949483944 ], [ 77.438281954542035, 23.224629349493753 ], [ 77.438236354542028, 23.224820949434278 ] ] ] } },
{ "type": "Feature", "properties": { }, "geometry": { "type": "Polygon", "coordinates": [ [ [ 77.433482754542013, 23.226394248945855 ], [ 77.433435554542015, 23.226436148932848 ], [ 77.43353615454204, 23.226531948903109 ], [ 77.433583454542045, 23.226489948916146 ], [ 77.433482754542013, 23.226394248945855 ] ] ] } },
{ "type": "Feature", "properties": { }, "geometry": { "type": "Polygon", "coordinates": [ [ [ 77.434650254542035, 23.227167448705803 ], [ 77.434838454542032, 23.227247048681097 ], [ 77.434887354542028, 23.227149448711398 ], [ 77.434699154542031, 23.227069848736104 ], [ 77.434650254542035, 23.227167448705803 ] ] ] } },
{ "type": "Feature", "properties": { }, "geometry": { "type": "Polygon", "coordinates": [ [ [ 77.433593154542024, 23.226689648854144 ], [ 77.43355985454204, 23.226748048836015 ], [ 77.433689054542029, 23.226810248816708 ], [ 77.433722454542036, 23.226751848834834 ], [ 77.433593154542024, 23.226689648854144 ] ] ] } },
{ "type": "Feature", "properties": { }, "geometry": { "type": "Polygon", "coordinates": [ [ [ 77.434390154542029, 23.22674664883645 ], [ 77.434353854542039, 23.226823648812541 ], [ 77.434444754542028, 23.226859748801342 ], [ 77.434458054542034, 23.226831348810155 ], [ 77.434401254542038, 23.226808848817143 ], [ 77.434424154542029, 23.226760148832255 ], [ 77.434390154542029, 23.22674664883645 ] ] ] } },
{ "type": "Feature", "properties": { }, "geometry": { "type": "Polygon", "coordinates": [ [ [ 77.433618554542036, 23.227961548459266 ], [ 77.433496954542036, 23.227911148474913 ], [ 77.433463654542024, 23.22797884845389 ], [ 77.433540354542032, 23.22801064844402 ], [ 77.433439254542037, 23.228240548372646 ], [ 77.433494154542032, 23.228260948366312 ], [ 77.433618554542036, 23.227961548459266 ] ] ] } },
{ "type": "Feature", "properties": { }, "geometry": { "type": "Polygon", "coordinates": [ [ [ 77.433260954542035, 23.224761949452589 ], [ 77.433330154542034, 23.224794149442591 ], [ 77.433447454542033, 23.224581049508739 ], [ 77.433378254542035, 23.224548949518709 ], [ 77.43334985454203, 23.224600549502693 ], [ 77.433333254542021, 23.224592849505083 ], [ 77.433310754542035, 23.224633649492418 ], [ 77.43332735454203, 23.224641349490028 ], [ 77.433260954542035, 23.224761949452589 ] ] ] } },
{ "type": "Feature", "properties": { }, "geometry": { "type": "Polygon", "coordinates": [ [ [ 77.442328454542036, 23.225317349280179 ], [ 77.442498754542015, 23.225318549279802 ], [ 77.442499854542035, 23.225185549321093 ], [ 77.442329554542027, 23.225184349321459 ], [ 77.442329354542025, 23.225209549313636 ], [ 77.442311254542034, 23.225209349313694 ], [ 77.442310754542035, 23.225269149295137 ], [ 77.442328854542026, 23.225269249295103 ], [ 77.442328454542036, 23.225317349280179 ] ] ] } },
{ "type": "Feature", "properties": { }, "geometry": { "type": "Polygon", "coordinates": [ [ [ 77.442842754542028, 23.224049149673863 ], [ 77.442842054542012, 23.224187149631028 ], [ 77.442992854542027, 23.224187849630802 ], [ 77.442993054542029, 23.224158849639807 ], [ 77.443027654542036, 23.224158949639776 ], [ 77.443027854542038, 23.224104749656597 ], [ 77.442993254542031, 23.224104649656635 ], [ 77.442993554542028, 23.224049749673679 ], [ 77.442842754542028, 23.224049149673863 ] ] ] } },
{ "type": "Feature", "properties": { }, "geometry": { "type": "Polygon", "coordinates": [ [ [ 77.433390954542034, 23.225415549249689 ], [ 77.433393154542031, 23.225406149252606 ], [ 77.433316854542028, 23.225391249257235 ], [ 77.433264554542035, 23.225616749187228 ], [ 77.433340854542038, 23.225631749182572 ], [ 77.433372154542013, 23.225496549224541 ], [ 77.433528754542039, 23.225526849215132 ], [ 77.433547354542029, 23.225445749240308 ], [ 77.433390954542034, 23.225415549249689 ] ] ] } },
{ "type": "Feature", "properties": { }, "geometry": { "type": "Polygon", "coordinates": [ [ [ 77.437153454542027, 23.223910149717014 ], [ 77.437087454542038, 23.224040349676596 ], [ 77.437393854542037, 23.224171549635869 ], [ 77.437459854542027, 23.224041449676253 ], [ 77.437235654542036, 23.223945349706085 ], [ 77.437247254542029, 23.223922449713189 ], [ 77.437210654542014, 23.223906749718065 ], [ 77.437199054542035, 23.223929749710919 ], [ 77.437153454542027, 23.223910149717014 ] ] ] } },
{ "type": "Feature", "properties": { }, "geometry": { "type": "Polygon", "coordinates": [ [ [ 77.442339454542036, 23.225574649200297 ], [ 77.44249635454203, 23.225578349199154 ], [ 77.442500454542028, 23.225429149245468 ], [ 77.442334754542031, 23.225425349246649 ], [ 77.442334054542016, 23.225453249237983 ], [ 77.442303054542037, 23.225452549238202 ], [ 77.442301454542033, 23.2255092492206 ], [ 77.442341254542015, 23.225510149220323 ], [ 77.442339454542036, 23.225574649200297 ] ] ] } },
{ "type": "Feature", "properties": { }, "geometry": { "type": "Polygon", "coordinates": [ [ [ 77.430239154542036, 23.238827845084828 ], [ 77.430383154542028, 23.238830745083931 ], [ 77.430384954542035, 23.238753745107854 ], [ 77.430240954542029, 23.238750845108758 ], [ 77.430239154542036, 23.238827845084828 ] ] ] } },
{ "type": "Feature", "properties": { }, "geometry": { "type": "Polygon", "coordinates": [ [ [ 77.426729654542029, 23.226829448810747 ], [ 77.426911154542012, 23.22681934881388 ], [ 77.426919354542036, 23.226949248773554 ], [ 77.426738854542023, 23.226960148770168 ], [ 77.426729654542029, 23.226829448810747 ] ] ] } },
{ "type": "Feature", "properties": { }, "geometry": { "type": "Polygon", "coordinates": [ [ [ 77.443837554542029, 23.228878048174714 ], [ 77.443309154542035, 23.228900248167822 ], [ 77.443327954542028, 23.229311848040027 ], [ 77.443853654542039, 23.229297048044618 ], [ 77.443837554542029, 23.228878048174714 ] ] ] } },
{ "type": "Feature", "properties": { }, "geometry": { "type": "Polygon", "coordinates": [ [ [ 77.432018254542015, 23.227333948654117 ], [ 77.43188485454202, 23.227386148637912 ], [ 77.431954654542039, 23.22753654859121 ], [ 77.432087954542027, 23.227484348607426 ], [ 77.432018254542015, 23.227333948654117 ] ] ] } },
{ "type": "Feature", "properties": { }, "geometry": { "type": "Polygon", "coordinates": [ [ [ 77.439902354542014, 23.234073346561487 ], [ 77.440005054542027, 23.234055146567133 ], [ 77.439969354542029, 23.233885146619933 ], [ 77.43986665454203, 23.23390334661428 ], [ 77.439902354542014, 23.234073346561487 ] ] ] } },
{ "type": "Feature", "properties": { }, "geometry": { "type": "Polygon", "coordinates": [ [ [ 77.437682954542026, 23.237795445405499 ], [ 77.437674754542016, 23.237876945380187 ], [ 77.437821054542027, 23.237889345376335 ], [ 77.437840254542039, 23.237696845436126 ], [ 77.437562654542035, 23.237673445443395 ], [ 77.43755165454202, 23.237784345408951 ], [ 77.437682954542026, 23.237795445405499 ] ] ] } },
{ "type": "Feature", "properties": { }, "geometry": { "type": "Polygon", "coordinates": [ [ [ 77.431737672722704, 23.240898759258275 ], [ 77.431363272722692, 23.239652659774379 ], [ 77.431153072722708, 23.2397059597523 ], [ 77.431527472722706, 23.240952059236207 ], [ 77.431737672722704, 23.240898759258275 ] ] ] } },
{ "type": "Feature", "properties": { }, "geometry": { "type": "Polygon", "coordinates": [ [ [ 77.432087672722702, 23.232085862907763 ], [ 77.431929772722711, 23.231956562961297 ], [ 77.430998372722712, 23.232917162563567 ], [ 77.431156472722691, 23.233046462510032 ], [ 77.432087672722702, 23.232085862907763 ] ] ] } },
{ "type": "Feature", "properties": { }, "geometry": { "type": "Polygon", "coordinates": [ [ [ 77.434868872722689, 23.228347864455298 ], [ 77.435441172722705, 23.22715616494861 ], [ 77.435247572722687, 23.227077564981144 ], [ 77.434674972722689, 23.228269264487835 ], [ 77.434868872722689, 23.228347864455298 ] ] ] } },
{ "type": "Feature", "properties": { }, "geometry": { "type": "Polygon", "coordinates": [ [ [ 77.434971654542039, 23.229067948115752 ], [ 77.435153354542038, 23.229146148091473 ], [ 77.435225854542026, 23.228967448146957 ], [ 77.435076954542012, 23.228879948174121 ], [ 77.434971654542039, 23.229067948115752 ] ] ] } },
{ "type": "Feature", "properties": { }, "geometry": { "type": "Polygon", "coordinates": [ [ [ 77.430821254542039, 23.230398947702483 ], [ 77.430779654542036, 23.230573847648177 ], [ 77.430944054542039, 23.230606847637929 ], [ 77.430985654542027, 23.230432047692208 ], [ 77.430821254542039, 23.230398947702483 ] ] ] } },
{ "type": "Feature", "properties": { }, "geometry": { "type": "Polygon", "coordinates": [ [ [ 77.434099354542028, 23.22730184866408 ], [ 77.434143554542018, 23.227318448658927 ], [ 77.434158854542034, 23.227287048668678 ], [ 77.434198254542039, 23.227303248663652 ], [ 77.434181254542025, 23.227338348652751 ], [ 77.434236654542033, 23.227361048645704 ], [ 77.434256454542037, 23.227320448658308 ], [ 77.434236454542031, 23.227312248660855 ], [ 77.434264754542028, 23.227253848678988 ], [ 77.434283754542037, 23.227261648676564 ], [ 77.434294854542031, 23.227238748683671 ], [ 77.434287554542038, 23.227235748684606 ], [ 77.434295254542036, 23.227219748689571 ], [ 77.434268154542025, 23.227208648693018 ], [ 77.434272954542038, 23.227198848696059 ], [ 77.434248254542027, 23.227188748699199 ], [ 77.434232654542029, 23.227221248689105 ], [ 77.434204954542025, 23.227209948692618 ], [ 77.434219454542031, 23.227179848701958 ], [ 77.434202054542027, 23.227172748704159 ], [ 77.434196054542014, 23.227178348702427 ], [ 77.434162654542035, 23.227164548706707 ], [ 77.434145854542024, 23.227198848696059 ], [ 77.43416705454203, 23.227207548693361 ], [ 77.434154454542039, 23.227233248685383 ], [ 77.434184854542039, 23.227245748681504 ], [ 77.434174554542039, 23.22726084867681 ], [ 77.434143054542034, 23.227251448679731 ], [ 77.434128854542038, 23.227276648671904 ], [ 77.434116254542033, 23.227271948673366 ], [ 77.434099354542028, 23.22730184866408 ] ] ] } },
{ "type": "Feature", "properties": { }, "geometry": { "type": "Polygon", "coordinates": [ [ [ 77.434189654542038, 23.22709344872878 ], [ 77.434233854542029, 23.227110048723631 ], [ 77.43424915454203, 23.227078648733382 ], [ 77.434288554542022, 23.227094848728349 ], [ 77.434271554542036, 23.227129948717451 ], [ 77.434327054542024, 23.227152648710408 ], [ 77.434346754542034, 23.227111948723042 ], [ 77.434326854542036, 23.227103848725559 ], [ 77.434355054542038, 23.227045448743688 ], [ 77.434374054542033, 23.227053248741264 ], [ 77.434385154542028, 23.227030248748406 ], [ 77.434377854542035, 23.227027348749303 ], [ 77.434385654542012, 23.227011348754278 ], [ 77.434358454542036, 23.227000248757715 ], [ 77.434363254542021, 23.226990448760763 ], [ 77.434338554542023, 23.226980348763888 ], [ 77.434322954542026, 23.227012748753836 ], [ 77.434295254542036, 23.227001548757311 ], [ 77.434309754542028, 23.226971448766662 ], [ 77.434292354542038, 23.22696434876887 ], [ 77.434286454542018, 23.226969948767128 ], [ 77.434252954542032, 23.226956148771407 ], [ 77.434236154542035, 23.22699034876079 ], [ 77.434257354542012, 23.226999148758065 ], [ 77.434244754542036, 23.227024748750114 ], [ 77.43427515454205, 23.227037348746201 ], [ 77.43426495454203, 23.227052448741514 ], [ 77.43423335454203, 23.227043048744431 ], [ 77.434219154542035, 23.227068248736607 ], [ 77.434206554542016, 23.227063548738062 ], [ 77.434189654542038, 23.22709344872878 ] ] ] } },
{ "type": "Feature", "properties": { }, "geometry": { "type": "Polygon", "coordinates": [ [ [ 77.433912454542039, 23.227719448534437 ], [ 77.433956754542038, 23.227736048529284 ], [ 77.433971954542031, 23.227704748538994 ], [ 77.434011454542031, 23.227720948533968 ], [ 77.433994354542037, 23.227755948523097 ], [ 77.434049854542039, 23.227778748516016 ], [ 77.434069654542029, 23.227738048528657 ], [ 77.434049654542022, 23.227729848531204 ], [ 77.434077954542033, 23.227671548549299 ], [ 77.434096954542028, 23.227679248546913 ], [ 77.434107954542029, 23.227656348554017 ], [ 77.43410075454203, 23.227653348554952 ], [ 77.434108454542027, 23.227637348559924 ], [ 77.434081354542016, 23.227626348563334 ], [ 77.434086054542036, 23.227616448566412 ], [ 77.434061454542032, 23.227606448569514 ], [ 77.434045754542026, 23.227638848559458 ], [ 77.434018054542037, 23.22762754856296 ], [ 77.434032554542014, 23.227597448572315 ], [ 77.434015154542038, 23.227590448574485 ], [ 77.434009254542033, 23.227596048572742 ], [ 77.433975754542033, 23.227582248577029 ], [ 77.433959054542015, 23.227616448566412 ], [ 77.433980154542027, 23.227625148563707 ], [ 77.433967654542016, 23.227650848555726 ], [ 77.433997954542036, 23.22766334855185 ], [ 77.433987754542031, 23.227678548547125 ], [ 77.433956154542017, 23.227669148550049 ], [ 77.433941954542021, 23.227694248542253 ], [ 77.433929454542039, 23.227689548543715 ], [ 77.433912454542039, 23.227719448534437 ] ] ] } },
{ "type": "Feature", "properties": { }, "geometry": { "type": "Polygon", "coordinates": [ [ [ 77.433825754542028, 23.227926548470133 ], [ 77.433869954542033, 23.227943148464977 ], [ 77.433885254542034, 23.227911748474721 ], [ 77.433924654542025, 23.227927948469695 ], [ 77.43390765454204, 23.227963048458797 ], [ 77.433963154542027, 23.227985748451754 ], [ 77.433982854542037, 23.227945048464392 ], [ 77.433962954542039, 23.227936948466905 ], [ 77.433991254542036, 23.227878548485037 ], [ 77.434010154542023, 23.227886348482617 ], [ 77.434021254542046, 23.227863448489725 ], [ 77.434013954542039, 23.227860448490659 ], [ 77.43402175454203, 23.227844448495624 ], [ 77.433994654542019, 23.227833348499068 ], [ 77.433999354542038, 23.227823548502109 ], [ 77.433974654542027, 23.227813448505248 ], [ 77.433959054542015, 23.227845848495186 ], [ 77.43393135454204, 23.227834648498668 ], [ 77.433945854542031, 23.227804548508008 ], [ 77.433928454542027, 23.227797448510216 ], [ 77.433922554542036, 23.227803048508481 ], [ 77.433889054542021, 23.227789248512764 ], [ 77.433872354542032, 23.227823548502109 ], [ 77.43389345454203, 23.227832248499407 ], [ 77.433880854542039, 23.227857848491464 ], [ 77.433911254542039, 23.227870448487547 ], [ 77.433901054542034, 23.22788554848286 ], [ 77.433869454542034, 23.22787614848578 ], [ 77.433855254542038, 23.227901348477953 ], [ 77.433842654542033, 23.227896648479422 ], [ 77.433825754542028, 23.227926548470133 ] ] ] } },
{ "type": "Feature", "properties": { }, "geometry": { "type": "Polygon", "coordinates": [ [ [ 77.433735454542031, 23.228140948403567 ], [ 77.433779654542036, 23.228157548398414 ], [ 77.433794954542023, 23.228126148408162 ], [ 77.433834354542029, 23.228142348403136 ], [ 77.433817354542015, 23.228177448392231 ], [ 77.433872854542031, 23.228200248385157 ], [ 77.433892554542027, 23.228159548397795 ], [ 77.433872654542029, 23.228151348400338 ], [ 77.43390095454204, 23.228092948418475 ], [ 77.433919854542026, 23.228100748416054 ], [ 77.433930954542035, 23.228077848423162 ], [ 77.433923654542028, 23.22807484842409 ], [ 77.433931454542019, 23.228058848429058 ], [ 77.433904354542037, 23.228047848432478 ], [ 77.433909054542028, 23.228037948435542 ], [ 77.43388435454203, 23.228027948438651 ], [ 77.433868754542033, 23.228060348428588 ], [ 77.433841054542029, 23.228049048432101 ], [ 77.433855554542035, 23.228018948441445 ], [ 77.43383815454203, 23.228011848443654 ], [ 77.43383225454204, 23.22801754844188 ], [ 77.433798754542039, 23.228003648446194 ], [ 77.433782054542036, 23.228037948435542 ], [ 77.433803154542034, 23.228046648432844 ], [ 77.433790554542028, 23.228072348424867 ], [ 77.433820954542028, 23.228084848420984 ], [ 77.433810754542037, 23.22810004841627 ], [ 77.433779154542037, 23.22809064841919 ], [ 77.433764954542028, 23.228115748411394 ], [ 77.433752354542037, 23.228111048412849 ], [ 77.433735454542031, 23.228140948403567 ] ] ] } },
{ "type": "Feature", "properties": { }, "geometry": { "type": "Polygon", "coordinates": [ [ [ 77.433641554542021, 23.228342248341068 ], [ 77.433685854542034, 23.228358848335919 ], [ 77.433701054542027, 23.228327448345663 ], [ 77.433740554542027, 23.228343648340633 ], [ 77.433723454542033, 23.228378748329735 ], [ 77.433778954542035, 23.228401548322658 ], [ 77.433798754542039, 23.228360848335299 ], [ 77.433778754542033, 23.228352648337836 ], [ 77.433807054542015, 23.228294248355972 ], [ 77.43382595454203, 23.228302048353548 ], [ 77.433837054542039, 23.228279148360659 ], [ 77.433829854542026, 23.228276148361594 ], [ 77.433837554542023, 23.228260148366562 ], [ 77.433810454542026, 23.228249048370007 ], [ 77.433815154542032, 23.22823924837305 ], [ 77.433790554542028, 23.22822914837618 ], [ 77.433774854542037, 23.228261648366093 ], [ 77.433747154542019, 23.228250348369603 ], [ 77.433761654542039, 23.228220248378946 ], [ 77.43374425454202, 23.228213148381151 ], [ 77.433738354542029, 23.228218748379408 ], [ 77.433704854542029, 23.228204948383699 ], [ 77.43368815454204, 23.22823924837305 ], [ 77.433709254542023, 23.228247948370349 ], [ 77.433696754542026, 23.228273648362368 ], [ 77.433727054542032, 23.228286148358489 ], [ 77.433716854542013, 23.228301248353802 ], [ 77.433685254542027, 23.228291948356688 ], [ 77.433671054542032, 23.228317048348892 ], [ 77.433658554542035, 23.22831234835035 ], [ 77.433641554542021, 23.228342248341068 ] ] ] } },
{ "type": "Feature", "properties": { }, "geometry": { "type": "Polygon", "coordinates": [ [ [ 77.433552154542028, 23.228550948276272 ], [ 77.433596354542033, 23.228567548271119 ], [ 77.43361165454202, 23.228536148280867 ], [ 77.433651154542034, 23.228552348275837 ], [ 77.433634054542011, 23.228587448264943 ], [ 77.433689554542028, 23.228610148257893 ], [ 77.433709254542023, 23.228569548270499 ], [ 77.433689354542039, 23.228561348273047 ], [ 77.433717654542036, 23.22850294829118 ], [ 77.433736554542037, 23.228510748288748 ], [ 77.433747654542032, 23.228487848295867 ], [ 77.433740454542033, 23.228484848296798 ], [ 77.43374815454203, 23.22846884830177 ], [ 77.433721054542033, 23.228457748305207 ], [ 77.433725754542024, 23.228447948308251 ], [ 77.433701154542035, 23.228437848311387 ], [ 77.433685454542029, 23.228470348301297 ], [ 77.43365775454204, 23.228459048304806 ], [ 77.433672254542032, 23.228428948314154 ], [ 77.433654854542027, 23.228421848316355 ], [ 77.433648954542036, 23.228427448314619 ], [ 77.433615454542036, 23.228413648318899 ], [ 77.433598754542032, 23.228447948308251 ], [ 77.43361985454203, 23.228456648305549 ], [ 77.433607354542019, 23.228482348297572 ], [ 77.433637654542025, 23.228494848293693 ], [ 77.433627454542034, 23.228509948289002 ], [ 77.43359585454202, 23.228500548291922 ], [ 77.433581654542053, 23.228525748284099 ], [ 77.433569054542019, 23.228521048285558 ], [ 77.433552154542028, 23.228550948276272 ] ] ] } },
{ "type": "Feature", "properties": { }, "geometry": { "type": "Polygon", "coordinates": [ [ [ 77.433453854542037, 23.228758848211726 ], [ 77.433498054542028, 23.228775448206566 ], [ 77.433513354542029, 23.228744048216321 ], [ 77.433552754542035, 23.228760248211287 ], [ 77.433535754542035, 23.228795348200396 ], [ 77.433591154542029, 23.228818048193343 ], [ 77.433610954542033, 23.228777348205984 ], [ 77.433590954542026, 23.228769148208531 ], [ 77.433619254542037, 23.228710848226633 ], [ 77.433638254542032, 23.228718548224229 ], [ 77.433649354542027, 23.228695648231341 ], [ 77.433642054542034, 23.228692748232245 ], [ 77.433649754542017, 23.228676748237216 ], [ 77.433622654542035, 23.228665648240661 ], [ 77.433627454542034, 23.228655748243735 ], [ 77.433602754542036, 23.228645748246837 ], [ 77.433587154542025, 23.228678148236778 ], [ 77.433559454542035, 23.228666948240253 ], [ 77.433573954542013, 23.2286368482496 ], [ 77.433556554542037, 23.228629748251809 ], [ 77.433550554542038, 23.228635348250069 ], [ 77.433517154542031, 23.228621548254349 ], [ 77.433500354542034, 23.228655748243735 ], [ 77.43352155454204, 23.228664548241003 ], [ 77.433508954542049, 23.228690148233053 ], [ 77.433539354542035, 23.228702648229177 ], [ 77.433529054542035, 23.228717848224456 ], [ 77.433497554542015, 23.228708448227369 ], [ 77.433483354542034, 23.228733648219546 ], [ 77.433470754542029, 23.228728848221035 ], [ 77.433453854542037, 23.228758848211726 ] ] ] } },
{ "type": "Feature", "properties": { }, "geometry": { "type": "Polygon", "coordinates": [ [ [ 77.432955454542039, 23.229372148021305 ], [ 77.432992754542028, 23.229399448012828 ], [ 77.433017054542034, 23.229373348020928 ], [ 77.433049954542028, 23.229399048012951 ], [ 77.433022854542031, 23.229428348003854 ], [ 77.433069054542017, 23.22946444799264 ], [ 77.433100454542029, 23.229430548003162 ], [ 77.433083854542033, 23.229417548007213 ], [ 77.433128854542034, 23.229368848022318 ], [ 77.433144654542019, 23.229381248018473 ], [ 77.43316235454202, 23.229362148024407 ], [ 77.433156254542027, 23.229357348025896 ], [ 77.43316865454203, 23.229344048030029 ], [ 77.433145954542027, 23.229326348035521 ], [ 77.433153554542031, 23.229318148038072 ], [ 77.433132954542032, 23.229302148043033 ], [ 77.433108054542032, 23.229329248034624 ], [ 77.433084954542025, 23.229311248040212 ], [ 77.433108054542032, 23.229286148048004 ], [ 77.433093554542012, 23.229274848051514 ], [ 77.433086054542031, 23.229278648050332 ], [ 77.433058254542033, 23.229256748057136 ], [ 77.433031654542049, 23.229285248048278 ], [ 77.433049254542027, 23.229299148043967 ], [ 77.433029354542029, 23.229320548037322 ], [ 77.433054654542019, 23.229340348031176 ], [ 77.433040154542027, 23.229352248027478 ], [ 77.433012754542034, 23.229335148032792 ], [ 77.432991454542019, 23.229355548026458 ], [ 77.432980854542038, 23.229347748028879 ], [ 77.432955454542039, 23.229372148021305 ] ] ] } },
{ "type": "Feature", "properties": { }, "geometry": { "type": "Polygon", "coordinates": [ [ [ 77.432795054542026, 23.229539447969355 ], [ 77.432832454542037, 23.229566747960884 ], [ 77.432856654542036, 23.229540647968985 ], [ 77.432889554542029, 23.229566347961008 ], [ 77.432862454542033, 23.229595647951907 ], [ 77.432908754542026, 23.229631847940666 ], [ 77.432940154542038, 23.229597847951226 ], [ 77.432923554542029, 23.229584847955266 ], [ 77.432968554542029, 23.229536147970382 ], [ 77.432984354542029, 23.22954854796653 ], [ 77.43300205454203, 23.229529447972464 ], [ 77.432995954542022, 23.229524647973953 ], [ 77.433008254542031, 23.229511347978079 ], [ 77.432985654542037, 23.229493747983547 ], [ 77.432993254542012, 23.229485447986125 ], [ 77.432972654542013, 23.229469447991086 ], [ 77.432947754542013, 23.229496547982674 ], [ 77.432924554542026, 23.229478547988265 ], [ 77.432947754542013, 23.229453447996057 ], [ 77.432933154542013, 23.229442147999567 ], [ 77.432925754542012, 23.229445947998389 ], [ 77.432897854542034, 23.229424048005193 ], [ 77.432871354542016, 23.229452647996307 ], [ 77.432888954542022, 23.229466447992021 ], [ 77.432869054542039, 23.229487847985375 ], [ 77.432894354542029, 23.229507647979229 ], [ 77.432879854542023, 23.229519547975539 ], [ 77.432852454542029, 23.229502447980849 ], [ 77.432831054542021, 23.229522847974515 ], [ 77.432820454542039, 23.229515047976932 ], [ 77.432795054542026, 23.229539447969355 ] ] ] } },
{ "type": "Feature", "properties": { }, "geometry": { "type": "Polygon", "coordinates": [ [ [ 77.432631854542038, 23.229700847919244 ], [ 77.432669154542026, 23.229728147910766 ], [ 77.432693354542039, 23.22970204791887 ], [ 77.432726254542033, 23.229727747910889 ], [ 77.432699154542036, 23.229757047901792 ], [ 77.43274545454203, 23.229793147890586 ], [ 77.432776854542027, 23.229759247901111 ], [ 77.432760254542032, 23.229746247905148 ], [ 77.432805254542032, 23.229697547920267 ], [ 77.432821054542032, 23.229709947916415 ], [ 77.432838754542033, 23.229690847922349 ], [ 77.43283265454204, 23.229686047923838 ], [ 77.432844954542034, 23.229672747927971 ], [ 77.432822354542012, 23.229655047933466 ], [ 77.432829954542015, 23.22964684793601 ], [ 77.43280935454203, 23.229630847940978 ], [ 77.432784454542031, 23.229657947932562 ], [ 77.432761254542029, 23.229639947938153 ], [ 77.432784454542031, 23.229614847945943 ], [ 77.432769854542016, 23.229603547949452 ], [ 77.432762454542015, 23.229607347948274 ], [ 77.432734554542037, 23.229585447955074 ], [ 77.432708054542033, 23.229613947946223 ], [ 77.432725654542025, 23.229627847941906 ], [ 77.432705754542027, 23.229649247935267 ], [ 77.432731054542032, 23.229669047929114 ], [ 77.432716554542012, 23.229680947925424 ], [ 77.432689154542018, 23.229663747930761 ], [ 77.432667754542024, 23.229684247924396 ], [ 77.432657254542022, 23.229676447926817 ], [ 77.432631854542038, 23.229700847919244 ] ] ] } },
{ "type": "Feature", "properties": { }, "geometry": { "type": "Polygon", "coordinates": [ [ [ 77.432449254542036, 23.229842547875243 ], [ 77.432484354542026, 23.229872347865996 ], [ 77.432510554542034, 23.229847847873604 ], [ 77.432541354542025, 23.229875647864965 ], [ 77.43251205454203, 23.229903047856457 ], [ 77.432555354542032, 23.229942247844285 ], [ 77.432589354542031, 23.229910447854166 ], [ 77.432573754542034, 23.229896347858542 ], [ 77.432622454542013, 23.2298507478727 ], [ 77.432637254542016, 23.22986414786854 ], [ 77.432656354542033, 23.2298462478741 ], [ 77.432650754542038, 23.229841147875678 ], [ 77.43266405454203, 23.229828547879595 ], [ 77.432642854542024, 23.229809547885491 ], [ 77.432651054542035, 23.229801847887877 ], [ 77.43263175454203, 23.229784447893287 ], [ 77.432604754542027, 23.229809847885399 ], [ 77.43258315454203, 23.229790347891452 ], [ 77.432608154542038, 23.229766847898748 ], [ 77.432594554542035, 23.229754647902535 ], [ 77.432586854542038, 23.229757947901511 ], [ 77.432560754542038, 23.229734247908873 ], [ 77.432532054542023, 23.229760947900587 ], [ 77.43254845454203, 23.22977594789592 ], [ 77.432526954542027, 23.229795947889713 ], [ 77.432550654542027, 23.229817447883036 ], [ 77.43253535454204, 23.229828347879657 ], [ 77.432509254542026, 23.229809447885522 ], [ 77.43248645454203, 23.229828447879626 ], [ 77.432476454542027, 23.229819947882259 ], [ 77.432449254542036, 23.229842547875243 ] ] ] } },
{ "type": "Feature", "properties": { }, "geometry": { "type": "Polygon", "coordinates": [ [ [ 77.432232754542028, 23.229918247851739 ], [ 77.432250854542033, 23.229958847839139 ], [ 77.432285954542039, 23.22994694784283 ], [ 77.432300954542029, 23.229984147831281 ], [ 77.432261854542034, 23.229997547827107 ], [ 77.432283054542012, 23.230049847810875 ], [ 77.432328454542031, 23.230034247815723 ], [ 77.432320854542027, 23.230015447821557 ], [ 77.432385954542028, 23.229993147828484 ], [ 77.432393254542021, 23.230011047822924 ], [ 77.432418754542027, 23.230002247825659 ], [ 77.432415954542023, 23.229995447827772 ], [ 77.432433854542026, 23.229989247829696 ], [ 77.432423454542032, 23.229963747837608 ], [ 77.432434454542019, 23.229959947838797 ], [ 77.432424954542014, 23.229936747845993 ], [ 77.432388754542032, 23.229949147842145 ], [ 77.432378154542036, 23.229923147850219 ], [ 77.432411654542037, 23.229911547853824 ], [ 77.432404954542037, 23.229895147858915 ], [ 77.43239645454203, 23.229895247858884 ], [ 77.43238375454203, 23.22986364786869 ], [ 77.432345454542016, 23.229876647864657 ], [ 77.432353454542039, 23.229896547858484 ], [ 77.432324754542037, 23.229906347855433 ], [ 77.432336254542022, 23.229935047846528 ], [ 77.432317354542036, 23.229938947845316 ], [ 77.432302454542025, 23.229911647853797 ], [ 77.432272954542029, 23.229919947851215 ], [ 77.432267854542019, 23.229908447854775 ], [ 77.432232754542028, 23.229918247851739 ] ] ] } },
{ "type": "Feature", "properties": { }, "geometry": { "type": "Polygon", "coordinates": [ [ [ 77.432009054542036, 23.229993447828395 ], [ 77.432027154542027, 23.230034047815785 ], [ 77.432062154542024, 23.230022047819517 ], [ 77.432077254542037, 23.230059347807927 ], [ 77.432038054542019, 23.230072747803767 ], [ 77.432059254542025, 23.230125047787531 ], [ 77.432104754542038, 23.230109447792373 ], [ 77.432097054542027, 23.230090647798214 ], [ 77.432162254542021, 23.23006834780514 ], [ 77.43216945454202, 23.230086247799573 ], [ 77.432195054542035, 23.230077447802309 ], [ 77.432192254542016, 23.230070547804456 ], [ 77.43221005454204, 23.230064447806352 ], [ 77.432199654542032, 23.230038947814268 ], [ 77.432210654542018, 23.230035147815443 ], [ 77.432201154542028, 23.230011947822646 ], [ 77.43216505454204, 23.230024347818798 ], [ 77.432154454542029, 23.229998347826868 ], [ 77.432187954542016, 23.22998674783047 ], [ 77.43218125454203, 23.229970347835561 ], [ 77.432172754542023, 23.22997044783553 ], [ 77.432160054542038, 23.229938747845381 ], [ 77.432121654542016, 23.229951747841344 ], [ 77.432129654542038, 23.229971747835126 ], [ 77.432100954542037, 23.229981547832086 ], [ 77.43211255454203, 23.230010147823208 ], [ 77.432093554542035, 23.230014147821965 ], [ 77.432078754542033, 23.229986847830439 ], [ 77.432049254542036, 23.229995147827864 ], [ 77.432044154542027, 23.229983547831466 ], [ 77.432009054542036, 23.229993447828395 ] ] ] } },
{ "type": "Feature", "properties": { }, "geometry": { "type": "Polygon", "coordinates": [ [ [ 77.431781054542029, 23.230073647803486 ], [ 77.431799154542034, 23.23011424779088 ], [ 77.431834154542017, 23.230102347794574 ], [ 77.431849254542044, 23.230139547783025 ], [ 77.431810054542012, 23.230152947778862 ], [ 77.431831254542033, 23.23020524776263 ], [ 77.431876754542031, 23.230189647767467 ], [ 77.431869054542034, 23.230170847773312 ], [ 77.431934254542014, 23.230148547780235 ], [ 77.431941454542013, 23.230166447774675 ], [ 77.431967054542028, 23.230157647777411 ], [ 77.431964254542038, 23.230150847779523 ], [ 77.431982054542047, 23.230144647781444 ], [ 77.431971654542039, 23.230119147789356 ], [ 77.43198265454204, 23.230115347790541 ], [ 77.431973154542035, 23.230092147797748 ], [ 77.431937054542033, 23.2301045477939 ], [ 77.431926454542022, 23.230078547801973 ], [ 77.431959954542037, 23.230066947805568 ], [ 77.431953254542023, 23.230050547810659 ], [ 77.431944754542016, 23.230050647810636 ], [ 77.431932054542031, 23.230019047820445 ], [ 77.431893654542037, 23.230032047816408 ], [ 77.431901754542025, 23.230051947810221 ], [ 77.43187295454203, 23.230061747807181 ], [ 77.431884554542037, 23.230090447798275 ], [ 77.431865554542028, 23.23009434779706 ], [ 77.431850754542026, 23.230067047805537 ], [ 77.431821254542029, 23.230075347802963 ], [ 77.431816154542034, 23.230063847806537 ], [ 77.431781054542029, 23.230073647803486 ] ] ] } },
{ "type": "Feature", "properties": { }, "geometry": { "type": "Polygon", "coordinates": [ [ [ 77.431491154542016, 23.23643554582787 ], [ 77.431619854542021, 23.236421245832318 ], [ 77.431584954542032, 23.23615634591458 ], [ 77.431456254542027, 23.236170645910143 ], [ 77.431491154542016, 23.23643554582787 ] ] ] } }
]
}
